id,user,type,title,description,youtube,image,video,pdf,url,status,sortOrder,is_deleted,create_date,modify_date
1,53,1,"Make s advertisements, logo, publicity materials and book layouts. Sticker, Label, Artwork etc.","Make visual communications such as advertisements, logo, publicity materials and book layouts.\r\ncreate media products such as magazines, labels, advertising\r\nMake Catalogue, Sticker, Label, Artwork etc.\r\n",,,,,,1,1,0,2025-03-24 00:00:00,2025-03-24 00:00:00
2,32,1,PSA Oxygen Generation Plant,"Specializing in healthcare and industrial sectors, we deliver top-notch PSA Oxygen Generation Plants offering reliable, cost-effective, and efficient oxygen production. Our recent milestone includes the swift installation of over 150 plants within three months, marking significant impacts in meeting urgent oxygen needs.",,uploads/document/1742820374_556dc49ac701cfe4a0ed.jpeg,,,,1,1,0,2025-03-24 00:00:00,2025-03-24 00:00:00
3,32,1,Arab Health Dubai,"I have had the privilege of representing our company at Arab Health Dubai for the past three consecutive years. This prestigious event has provided invaluable opportunities to showcase our solutions, engage with industry leaders, and expand our global network. Through strategic discussions, trend analysis, and business collaborations, I have strengthened our market presence, enhanced brand visibility, and contributed to our company’s growth in the international healthcare sector.",,,,,,1,1,0,2025-03-24 00:00:00,2025-03-24 00:00:00
4,60,1,PSA OXYGEN GENERATION PLANT ,"I was an integral part of the successful installation of 150 PSA oxygen generation plants within a record time of just three months. This project showcased our team's efficiency, dedication, and ability to execute large-scale healthcare infrastructure swiftly and effectively.",,,,,,1,1,0,2025-03-24 00:00:00,2025-03-24 00:00:00
5,22,1,"Amrita Hospital, Faridabad","Guided team in the development of India's largest Pneumatic tube  system in \""Amrita institute of medical science Faridabad. \r\n",,uploads/document/1742895540_8e24946d1c1ec9fba8a4.jpg,,,,1,1,0,2025-03-25 00:00:00,2025-03-25 00:00:00
9,18,3,Indo Group ,,,,,,https://www.indogroup.in/,1,1,1,2025-03-26 00:00:00,2025-03-26 00:00:00
10,18,3,Aranayam,,,,,,https://www.aranayam.com/,1,1,0,2025-03-26 00:00:00,2025-03-26 00:00:00
11,19,3,Lumiford,"Role: Backend Developer\r\nResponsibility: \r\nNode.js\r\nRESTful API Development\r\nMySQL & Database Optimization\r\nJavaScript,\r\nAuthentication (JWT, OAuth)\r\nThird-Party API Integration\r\nMVC Architecture\r\nGit, GitHub, Bitbucket\r\nAgile & Scrum Methodologies\r\nPostman & API Testing",,,,,https://www.lumiford.com/,1,4,0,2025-03-26 00:00:00,2025-05-29 00:00:00
12,19,1,India Shelter,"Role: Backend Developer\r\nResponsibility: \r\nNode.js\r\nRESTful API Development\r\nMySQL & Database Optimization\r\nJavaScript,\r\nAuthentication (JWT, OAuth)\r\nThird-Party API Integration\r\nMVC Architecture\r\nGit, GitHub, Bitbucket\r\nAgile & Scrum Methodologies\r\nPostman & API Testing",,,,,,1,3,0,2025-03-26 00:00:00,2026-06-04 00:00:00
13,19,3,Smartpart exports,"Role: Backend Developer\r\nResponsibility: \r\nNode.js\r\nRESTful API Development\r\nMySQL & Database Optimization\r\nJavaScript,\r\nAuthentication (JWT, OAuth)\r\nThird-Party API Integration\r\nMVC Architecture\r\nGit, GitHub, Bitbucket\r\nAgile & Scrum Methodologies\r\nPostman & API Testing",,,,,https://www.smartpartsexports.com/,1,5,0,2025-03-26 00:00:00,2025-05-29 00:00:00
14,19,3,Hive Hostel,"Role: Backend Developer\r\nResponsibility: \r\nNode.js\r\nRESTful API Development\r\nMySQL & Database Optimization\r\nJavaScript,\r\nAuthentication (JWT, OAuth)\r\nThird-Party API Integration\r\nMVC Architecture\r\nGit, GitHub, Bitbucket",,,,,https://www.thehivehostels.com/,1,2,1,2025-03-26 00:00:00,2025-05-29 00:00:00
15,18,3,Collar Check,,,,,,https://www.collarcheck.com/,1,1,0,2025-03-26 00:00:00,2025-03-26 00:00:00
16,1,1,Employee of the Month,"Grateful and honored to be recognized as Employee of the Quarter! Hard work, consistency, and passion always pay off",,uploads/document/1743088857_4c29429ac7feb4cacf80.jpeg,,,,1,1,0,2025-03-27 00:00:00,2025-03-27 00:00:00
17,145,3,Portfolio link,,,,,,https://drive.google.com/drive/folders/1RKJIvzoI7tCm21RGtCYN8rkKcFbw8u7l,1,1,0,2025-03-30 00:00:00,2025-03-30 00:00:00
18,145,3,Portfolio link,,,,,,https://drive.google.com/drive/folders/1RKJIvzoI7tCm21RGtCYN8rkKcFbw8u7l,1,1,0,2025-03-30 00:00:00,2025-03-30 00:00:00
19,145,3,Portfolio link,,,,,,https://drive.google.com/drive/folders/1RKJIvzoI7tCm21RGtCYN8rkKcFbw8u7l,1,1,0,2025-03-30 00:00:00,2025-03-30 00:00:00
20,158,3,My portfolio website ,"My portfolio showcases my expertise as a Web and Frontend Developer, highlighting my proven experience and education. It proudly presents a selection of my successful projects, reflecting my commitment to innovative design, technical proficiency, and impactful solutions. Browse around to view the unique value I bring to this dynamic industry.",,,,,https://janmejaysingh.netlify.app,1,1,0,2025-03-30 00:00:00,2025-03-30 00:00:00
21,172,3,Video Editing Portfolio ,,,,,,https://jatannipurte.framer.website/,1,1,0,2025-03-30 00:00:00,2025-03-30 00:00:00
22,134,1,Mr.,i have done multiple projects where worked in projects of software testing.,,uploads/document/1746075836_54744c733945ceb1092a.jpg,,,,1,1,0,2025-03-30 00:00:00,2025-05-03 00:00:00
23,134,4,QA,"I am QA Engineer, Where can skill developed with java, selenium, testng, BDD",,,,uploads/document/1743359155_d575fe2a9bbb499f204b.pdf,,1,1,0,2025-03-30 00:00:00,2025-12-01 00:00:00
24,18,1,asd,asd,,uploads/document/1743397567_aad32c678d2d73aa707c.png,,,,1,1,1,2025-03-31 00:00:00,2025-03-31 00:00:00
25,144,3,Ecommerce website,"Built a simple e-commerce website enabling users to browse products, add them to the cart or wishlist and\r\ncomplete the checkout process using Stripe.\r\nDeveloped a comprehensive REST API supporting essential ecommerce functionalities including product\r\nmanagement, user authentication, order processing, and product management.\r\nDesigned endpoints for adding, updating, and deleting products; managing customer profiles and orders.\r\n",,,,,github.com/adity672roy/NC_Store,1,1,1,2025-04-01 00:00:00,2025-04-01 00:00:00
26,144,3,Ecommerce dashboard ,"Created an e-commerce dashboard for admin users to manage products and collections.\r\nEnabled tracking of customers, their order details, total revenue, and orders.\r\nOptimized database interactions and ensured scalability using MongoDB, achieving high performance and data\r\nintegrity.\r\nIntegrated Stripe for secure payment processing.\r\nImplemented REST API for efficient data handling and communication.\r\nUsed Clerk for authentication and user management.",,,,,https://github.com/adity672roy/NC_Admin_Dashboard,1,1,1,2025-04-01 00:00:00,2025-04-01 00:00:00
27,144,3,Coffee shop,Developed a platform where users can browse and select from different varieties of coffee.\r\nImplemented a table reservation feature where users can provide their details to reserve a table.\r\nIntegrated EmailJS to send confirmation emails for table reservations.\r\nUtilized ReactJS to build an intuitive and responsive user interface.,,,,,github.com/adity672roy/Coffee-Shop,1,1,1,2025-04-01 00:00:00,2025-04-01 00:00:00
28,144,3,VR Landing Page ,"Successfully deployed the VR landing page, garnering positive user feedback for its innovative\r\nand immersive design.",,,,,github.com/adity672roy/VR-landing-page ,1,1,1,2025-04-01 00:00:00,2025-04-01 00:00:00
29,144,3,Netflix Clone ,"Developed a Netflix clone utilizing the TMDB API for movie data retrieval.\r\nImplemented user authentication and data storage using Firebase.\r\nEnabled users to search for movies by genre and like or unlike them.\r\nUtilized Redux for state management to ensure a seamless user experience.\r\nBuilt a scalable backend with NodeJS and ExpressJS, and managed data with MongoDB.",,,,,github.com/adity672roy/Netflix-clone ,1,1,1,2025-04-01 00:00:00,2025-04-01 00:00:00
30,252,3,Personal Portfolio,,,,,,https://main--legendary-kitten-55e4a9.netlify.app/,1,1,0,2025-04-02 00:00:00,2025-04-02 00:00:00
31,313,1,Interface for Website,,,uploads/document/1743663271_586283dbdad1b276bdc1.jpg,,,,1,1,1,2025-04-03 00:00:00,2025-04-03 00:00:00
32,475,3,PORTFOLIO,,,,,,https://drive.google.com/file/d/1XEScWNT1dHsfl5J9qSxdonCPigN_GEbV/view?usp=drivesdk,1,1,0,2025-04-12 00:00:00,2025-04-12 00:00:00
33,528,3,Personal portfolio,Personal portfolio showcases all my projects and my skills,,,,,https://vinay-sehwag-showcase.vercel.app/,1,1,0,2025-04-14 00:00:00,2025-04-14 00:00:00
34,535,3,My Edits,"-write with AI\r\n83 / 500\r\n\r\nAt My Edits, we breathe new life into rap, dance, and gaming videos with expert editing. With industry-focused skills, we enhance visual storytelling, elevate performances, and transform ordinary footage into engaging artistry. Unique quality, creative solutions, and high-impact results define our services",,,,,https://naitik-rk11.wistia.com/folders/8192ux8jyw,1,1,0,2025-04-16 00:00:00,2025-04-16 00:00:00
35,579,3,SEO Optimized Content,,,,,,https://drive.google.com/drive/u/0/folders/1leIPl_p3K0N62krV0RRinZjG4C5AFofa,1,1,0,2025-04-17 00:00:00,2025-04-17 00:00:00
37,637,3,Portfolio Meet,"Portfolio Meet specializes in visual communication, web graphics, VFX animation, and product design. With expert insight and creativity, we craft engaging designs tailored to each client's unique needs. Our versatile range of services drives impactful results, positioning brands strategically in their industry.",,,,,https://meetspandit1800.wixsite.com/meetpandit,1,1,0,2025-04-20 00:00:00,2025-04-20 00:00:00
38,656,3,Showreels,,,,,,https://drive.google.com/drive/folders/1QvmQh506TT_4HzZWfzVnwtTl45aHQEVN,1,1,0,2025-04-21 00:00:00,2025-04-21 00:00:00
40,704,4,CV_Finance_Raj,,,,,uploads/document/1745413240_541300f1455a344551da.pdf,,1,1,1,2025-04-23 00:00:00,2025-04-23 00:00:00
41,763,3,Portfolio,,,,,,https://www.ekjotoberoi.com,1,1,0,2025-04-24 00:00:00,2025-04-24 00:00:00
42,134,1,QA,@@@@!!,,,,,,1,1,1,2025-04-26 00:00:00,2025-04-26 00:00:00
43,788,4,Portfolio,,,,,uploads/document/1745656798_72ff85651131181261b7.pdf,,1,1,0,2025-04-26 00:00:00,2025-04-26 00:00:00
44,313,4,UI/UX Developer,"I’m a UI/UX Developer focused on creating user-friendly, visually appealing digital experiences. With skills in Figma, React.js, Next.js, and Tailwind CSS, I design responsive, accessible interfaces that bridge the gap between design and functionality, ensuring both aesthetics and usability.",,,,uploads/document/1745661811_663ea5fcad989833d8bc.pdf,,1,1,0,2025-04-26 00:00:00,2025-04-26 00:00:00
45,366,3,My portfolio,Full stack developer,,,,,https://seeprince.vercel.app/,1,1,0,2025-04-27 00:00:00,2025-04-27 00:00:00
46,887,3,LinkedIn,,,,,,https://www.linkedin.com/in/davender-singh-012b23268,1,1,0,2025-04-27 00:00:00,2025-04-27 00:00:00
47,887,3,GitHub,,,,,,https://github.com/davender-singh,1,1,0,2025-04-27 00:00:00,2025-04-27 00:00:00
48,906,3,Fullstack Developer,Fullstack Developer portfolio,,,,,https://iamjayanth.netlify.app/,1,1,0,2025-04-28 00:00:00,2025-04-28 00:00:00
50,984,3,Destiny Travel App UX Case study,"Led the end-to-end design of the Destiny Travels mobile application, ensuring WCAG 2.1 compliance and optimizing for cross-platform performance. The design process included detailed case studies with user research, wireframes, journey maps, and interactive prototypes, resulting in a 40% improvement in user satisfaction during prototype testing.",,,,,https://www.behance.net/gallery/223984399/Destiny-Travels-Mobile-App,1,1,0,2025-04-29 00:00:00,2025-04-29 00:00:00
51,994,3,Jaideep's Portfolio,,,,,,jaideepn.vercel.app,1,1,0,2025-04-29 00:00:00,2025-04-29 00:00:00
53,1017,4,Digital marketing,"Specializing in digital marketing, our portfolio showcases expertise in industry-focused tactics such as Google Ads, social media campaigns, and comprehensive digital plans for brand growth. We leverage data-driven insights to create tailor-made solutions, helping businesses connect with their audiences and succeed in a competitive digital landscape. From optimizing social media engagement to analyzing metrics for impactful strategies, we deliver measurable business transformation.",,,,uploads/document/1745913049_1e92a75cc1bc1cc6cb77.pdf,,1,1,0,2025-04-29 00:00:00,2025-04-29 00:00:00
54,1071,3,Sample work,,,,,,https://drive.google.com/drive/folders/1NXh8DWjvIpAlq_Da-QYHPtPuRR5kQLCh?usp=sharing,1,1,0,2025-04-30 00:00:00,2025-04-30 00:00:00
55,1071,3,Instagram work links,,,,,,https://www.instagram.com/reel/C6F3eBroGcl/?igsh=MXQ1bmJwc3Z5emc2dA==  https://www.instagram.com/share/reel/BAFGgBOlEd  https://www.instagram.com/share/reel/_i31F_JPq          ,1,1,0,2025-04-30 00:00:00,2025-04-30 00:00:00
56,1309,4,Graphic Portfolio,,,,,uploads/document/1746376017_243703ab1e4481c0acc3.pdf,,1,1,0,2025-05-04 00:00:00,2025-05-04 00:00:00
57,1309,4,UI/UX Portfolio,,,,,,,1,1,0,2025-05-04 00:00:00,2025-05-04 00:00:00
58,1379,3,Social media web application,,,,,,https://github.com/aswinrs1511/social,1,1,0,2025-05-05 00:00:00,2025-05-05 00:00:00
59,724,4,Executive Assistant to Director,"An Executive Assistant to the Director with 7+ years of experience, excelling in managing directorial itineraries and coordination. This portfolio offers a focused approach on executive support within fast-paced industries, providing efficient and professional services while creating significant administrative impact.",,,,uploads/document/1746439309_a298b61b88ab41c06c2c.pdf,,1,1,1,2025-05-05 00:00:00,2025-05-05 00:00:00
60,1419,1,Menu Design,,,uploads/document/1746463092_d9153a6c3c4511b9cc6d.jpg,,,,1,1,0,2025-05-05 00:00:00,2025-05-05 00:00:00
61,1443,3,Portfolio,,,,,,https://www.behance.net/shoaibmalik56,1,1,0,2025-05-06 00:00:00,2025-05-06 00:00:00
62,1460,3,VIDEO EDITING PORTFOLIO,This is my video editing portfolio which showcases every piece of work I've done so far,,,,,https://chiragpporfolio.carrd.co,1,1,0,2025-05-06 00:00:00,2025-05-06 00:00:00
63,1377,1,portflio,web develper,,uploads/document/1746560505_2ab378bcb2a3afb2d33e.jpg,,,,1,1,0,2025-05-07 00:00:00,2025-05-07 00:00:00
64,1482,3,Video Communication with Integrated Patient Information,"Specializing in health-tech, our portfolio showcases an innovative video communication platform integrated with patient data. The focus lies in providing a seamless and efficient telemedicine experience for doctors and patients. Our expertise in UI/UX design guarantees easy access, real-time updates, secure data handling, and high user satisfaction. This project is set to transform digital healthcare, fostering accessibility and connectivity.",,,,,https://dribbble.com/shots/24737347-Video-Communication-with-Integrated-Patient-Information,1,1,0,2025-05-07 00:00:00,2025-05-07 00:00:00
65,1482,3,Multi-Purpose Dashboard Design,"Our Multi-Purpose Dashboard Design provides a versatile, customizable interface, unifying data from diverse sources into an easily comprehensible format. Tailored to diverse users' needs, it enhances decision-making and boosts user engagement. With real-time data, interactive visualizations, and a responsive design, our product ensures pleasant user experiences across devices and departments.",,,,,https://dribbble.com/shots/24216036-Multi-Purpose-Dashboard-Design,1,1,0,2025-05-07 00:00:00,2025-05-07 00:00:00
66,1482,3,Hotelity - Complete hotel booking system app,"Hotelity is an advanced hotel booking system app, specializing in effortless reservation experiences. It offers a comprehensive platform for users to browse, compare, and book hotels globally. Our intuitive, visually powerful interface sets the standard for simplicity and functionality, promising unparalleled user satisfaction.",,,,,https://dribbble.com/shots/23950429-Hotelity-Complete-hotel-booking-system-app,1,1,0,2025-05-07 00:00:00,2025-05-07 00:00:00
67,1567,1,https://drive.google.com/drive/folders/1BfUgrl-TbHnkP_go6NnXbJdeYfcbZ1hd?usp=drive_link,"A collection of ad campaigns crafted during my media studies, featuring brands like Zomato and Kurkure. Showcases concept development, copywriting, and visual storytelling with a focus on brand voice, humor, and market relevance.",,,,,,1,1,0,2025-05-08 00:00:00,2025-05-08 00:00:00
68,1606,3,Portfolio,,,,,,https://portfolio-three-chi-11.vercel.app/,1,1,0,2025-05-09 00:00:00,2025-05-09 00:00:00
69,1613,3,UI and Graphic Design,,,,,,https://www.behance.net/amitkumarr1e03,1,1,0,2025-05-09 00:00:00,2025-05-09 00:00:00
70,1624,3,My Portfolio,,,,,,https://ankitfirst.github.io/Ankit-portfolio/,1,1,0,2025-05-09 00:00:00,2025-05-09 00:00:00
71,1700,3,Marketing Portfolio,"My Marketing Portfolio encapsulates astute strategy, creative flare, and industry adeptness in the tech space. Featuring innovative digital campaigns, strategy mastery, and social media acumen, we merge data-driven insights with powerful storytelling. My approach not only captivates audiences but powers substantial business expansion too.",,,,,https://kashishgupta23.my.canva.site/kashsih-gupta-marketing-portfolio,1,1,0,2025-05-11 00:00:00,2025-05-11 00:00:00
72,1727,3,Behance,,,,,,https://www.behance.net/deepanshu3108,1,1,0,2025-05-12 00:00:00,2025-05-12 00:00:00
73,1926,1,Software Developer,"\""As a dedicated software developer, I bring expertise in areas like mobile and cloud-based application development, backed by robust skills in Java, Kotlin, Python, and Node.js. My unique value lies in blending system design and quality assurance to deliver user-centric solutions, emphasizing enhanced user experience and efficient data management.\""",,uploads/document/1747329080_c2cded27891f2284c0e9.jpg,,,,1,1,0,2025-05-15 00:00:00,2025-05-15 00:00:00
74,2035,3,Design portfolio,"This portfolio showcases expert skills in graphical design, video editing, and motion graphics. Especially catered to marketing campaigns, our services deliver unique, attention-grabbing content with a significant impact on audience engagement and conversion rates.",,,,,https://www.behance.net/thefrudesigner,1,1,0,2025-05-18 00:00:00,2025-05-18 00:00:00
75,2140,3,eCommerce App,,,,,,https://www.amazon.in/minitv/tp/97a9fc97-4ad4-4b11-b237-f0fd3ba96cc3?refMarker=ams_s,1,1,0,2025-05-20 00:00:00,2025-05-20 00:00:00
76,2229,3,Design,"A versatile design portfolio featuring UI/UX, responsive web, mobile apps, dashboards, and branding. Combining modern aesthetics with user-centric principles, I deliver intuitive, cross-device solutions that seamlessly blend form and function, leveraging tools like Figma, Photoshop, and front-end development skills.",,,,,https://www.behance.net/anilwebdesigner/,1,1,0,2025-05-21 00:00:00,2025-05-21 00:00:00
77,2346,1,Designing Portfolio,Link to my portfolio:\r\nportfolioguido.my.canva.site/anuragsingh,,,,,,1,1,1,2025-05-22 00:00:00,2025-05-22 00:00:00
78,2346,1,Designing Portfolio,Link to my portfolio:\r\nportfolioguido.my.canva.site/anuragsingh,,,,,,1,1,0,2025-05-22 00:00:00,2025-05-22 00:00:00
79,14,3,Environics,Role: Full Stack\r\nPlatform: Wordpress,,,,,https://environics.co.in/,1,5,0,2025-05-29 00:00:00,2025-05-29 00:00:00
80,14,3,New Era India (EnWorld),Role: Frontend Developer\r\nPlatfrom: Wordpress,,,,,https://neweraindia.com/,1,5,0,2025-05-29 00:00:00,2025-05-29 00:00:00
81,14,3,Go Rewise,Role: Frontend Developer\r\nPlatform: Wordpress,,,,,https://www.gorewise.com/,1,5,0,2025-05-29 00:00:00,2025-05-29 00:00:00
82,14,3,Binary Global,Role: Frontend Developer\r\nPlatform: React + Next JS,,,,,https://binaryglobal.com/,1,5,0,2025-05-29 00:00:00,2025-05-29 00:00:00
83,14,3,House Eazy,Role: Frontend Developer\r\nPlatform: React + Next JS,,,,,https://houseeazy.com/,1,4,0,2025-05-29 00:00:00,2025-05-29 00:00:00
84,14,3,Brawn Group,Role: Frontend Developer\r\nPlatform: React + Next JS,,,,,https://brawngroup.in/,1,5,0,2025-05-29 00:00:00,2025-05-29 00:00:00
85,14,3,Collar Check,Role: Senior Frontend Developer\r\nPlatform: React + Next JS,,,,,https://www.collarcheck.com/,1,1,0,2025-05-29 00:00:00,2025-05-29 00:00:00
86,14,3,Tonoto,Role: Frontend Developer + Shopify\r\nPlatform: Shopify (Custom Theme),,,,,https://www.tonoto.in/,1,5,0,2025-05-29 00:00:00,2025-05-29 00:00:00
87,14,3,Elvy,Role: Frontend Developer + Shopify\r\nPlatform: Shopify (Custom Theme),,,,,http://elvy.com/,1,5,0,2025-05-29 00:00:00,2025-05-29 00:00:00
88,14,3,Wild Stone,Role: Shopify Developer\r\nPlatform: Shopify (Custom Theme),,,,,https://www.wildstone.in/,1,2,0,2025-05-29 00:00:00,2025-05-29 00:00:00
89,14,3,Code Grooming,Role: Shopify Developer \r\nPlatform: Shopify (Custom Theme),,,,,https://codegrooming.com/,1,3,0,2025-05-29 00:00:00,2025-05-29 00:00:00
90,19,3,Collar Check Pvt. Ltd.,"Role: Backend Developer\r\nResponsibility: \r\nNode.js\r\nRESTful API Development\r\nMySQL & Database Optimization\r\nJavaScript,\r\nAuthentication (JWT, OAuth)\r\nThird-Party API Integration\r\nMVC Architecture\r\nGit, GitHub, Bitbucket\r\nAgile & Scrum Methodologies\r\nPostman & API Testing",,,,,https://www.collarcheck.com/,1,1,0,2025-05-29 00:00:00,2025-05-29 00:00:00
91,2670,3,Eswatini Environment Authority (EEA)-Waste Management System,"Waste Data Of All Over Country From Eswatini. And dump sites tracking waste tracking portal , dashboards, charts, analytics.",,,,,https://wmis-eswatini.itechmission.org,1,1,0,2025-06-02 00:00:00,2025-06-02 00:00:00
92,2670,3,SDG INDIA Official Portal,"Developed on React js And Angular and React native and node js, express js, mongo db.\r\nTo manage sustainable goals data of India.",,,,,https://sdgindiaindex.niti.gov.in,1,1,0,2025-06-02 00:00:00,2025-06-02 00:00:00
93,2670,3,Hotel Chain Website And Portal,"Lemon tree portal develped on php, dot. net and sql.",,,,,https://www.lemontreehotels.com/,1,1,0,2025-06-02 00:00:00,2025-06-02 00:00:00
94,2670,3,Mobatree Ecommerce Website,"Mobatree single nich ecommerce potal developed on , wordpress, php and mysql.",,,,,https://www.mobatree.com/,1,1,0,2025-06-02 00:00:00,2025-06-02 00:00:00
95,2670,3,Deva Dashboard OF Wellbeing From Bhutan,"Developed on angular, mongo ddb, node and java.",,,,,https://dewa.itechmission.org/,1,1,0,2025-06-02 00:00:00,2025-06-02 00:00:00
96,3027,3,Digital marketer,,,,,,https://remarkable-surfboard-0f5.notion.site/Saba-Shaikh-1452369290bc80d2b274e8e063eb6cb7?pvs=143,1,1,0,2025-06-03 00:00:00,2025-06-03 00:00:00
97,3205,4,Account & Commetcial manager,,,,,,,1,1,0,2025-06-06 00:00:00,2025-06-06 00:00:00
98,3222,1,Network Engineer,,,uploads/document/1749202757_351f765f034dbd9414ab.jpg,,,,1,1,0,2025-06-06 00:00:00,2025-06-06 00:00:00
99,3225,1,CRM &Planner  and Admin,"Expertise in Client Relationship Management and Planning Coordination, specializing in seamless client interactions, meticulous plan verification, and efficient admissions. Focused on enhancing operational workflows across industries by delivering tailored CRM solutions and administrative support that drive client satisfaction and organizational success.",,,,,,1,1,0,2025-06-06 00:00:00,2025-06-06 00:00:00
100,3316,4,Customer Support Specialist,"Customer Support Specialist with 4+ years' expertise in healthcare (Medicare), telecom, and tech. Skilled in HIPAA-compliant claim resolution, CRM optimization, and advanced data analysis to enhance customer satisfaction and operational efficiency. Certified professional driving seamless remote collaboration and support excellence.",,,,uploads/document/1749302247_7e517f1ff682dabd2273.pdf,,1,1,0,2025-06-07 00:00:00,2025-06-07 00:00:00
101,3369,3,Humanec.ai Website,,,,,,https://humanec.vercel.app/,1,1,0,2025-06-08 00:00:00,2025-06-08 00:00:00
102,3369,3,Humanec.ai Website,,,,,,https://humanec-admin.vercel.app/,1,1,0,2025-06-08 00:00:00,2025-06-08 00:00:00
103,3440,1,Prep paint artist,"Nawaz Sayyed is a passionate fresher roto/paint artist based in Mumbai, specializing in precision visual effects and post-production support. Skilled in delivering clean, detailed roto and paint services, Nawaz brings fresh creativity and dedication to enhancing film and media projects with seamless imagery.",,uploads/document/1749450363_ec502c696d3e589a5ace.jpg,,,,1,1,0,2025-06-09 00:00:00,2025-06-09 00:00:00
104,3507,3,Google adsense,"A Google AdSense portfolio created with Canva showcases expertise in digital advertising and content monetization. It highlights proficiency in ad placement, optimization, and revenue growth for websites or blogs. This project emphasizes a clear strategy and visually engaging presentations to maximize AdSense impact and earnings.",,,,,https://www.canva.com/design/DAGfuP48pHo/k437JyP52IGs_L-2Z7xAgg/view?utm_content=DAGfuP48pHo&utm_campaign=designshare&utm_medium=link2&utm_source=uniquelinks&utlId=h98a9a8d974,1,1,0,2025-06-09 00:00:00,2025-06-09 00:00:00
105,3507,3,"Google ads, youtube campaign project brief","Creating YouTube campaigns, we design and manage multiple targeted campaigns to maximize brand visibility and ROI. Our expertise spans diverse industries, delivering customized strategies that boost engagement, drive conversions, and elevate online presence with measurable impact.",,,,,https://www.canva.com/design/DAGn4WSNO44/fr-a6rOCIY8GL5w1R7s_RA/view?utm_content=DAGn4WSNO44&utm_campaign=designshare&utm_medium=link2&utm_source=uniquelinks&utlId=haf613e3afe,1,1,0,2025-06-09 00:00:00,2025-06-09 00:00:00
106,3590,1,Project manager,"Over all 10 years of experience in all types if pile foundation experience in all metro projects elevated and underground metro project,oil and gas refinery",,,,,,1,1,0,2025-06-10 00:00:00,2025-06-10 00:00:00
107,3607,1,Lunar Object Detection,"Developed a deep learning model for lunar crater and boulder detection, achieving 60% accuracy using U-Net and Mask R-CNN.\r\nEmployed Python for image preprocessing and data augmentation, enhancing model robustness by 35% with Canny Edge Detection and\r\n Generative Adversarial Networks (GANs).\r\nBuilt a Flask web interface for real-time lunar image analysis, increasing exploration efficiency by 40%.",,,,,,1,1,0,2025-06-11 00:00:00,2025-06-11 00:00:00
108,3607,1,Carolinas Website Development,"• Built responsive, SEO-optimized interfaces using React.js, improving mobile usability and page performance by 35%.\r\n • Developed core pages (Home, Services, Booking) with dynamic forms and scheduling, boosting consultation conversions by 40%.\r\n • Collaborated with design and backend teams to enhance user experience, increasing engagement and lead capture by 50%.",,,,,,1,1,0,2025-06-11 00:00:00,2025-06-11 00:00:00
109,3607,1,SQL-Based Book Inventory Management System,"• Engineered an SQL-based inventory system, reducing stock discrepancies by 25% with real-time tracking.\r\n • Optimized query performance, improving book search efficiency by 40%.\r\n • Developed data visualization reports, providing insights into inventory trends and sales, boosting revenue by 15%.",,,,,,1,1,0,2025-06-11 00:00:00,2025-06-11 00:00:00
110,3697,3,My Portfolio,"A dynamic personal portfolio showcasing expertise in React, Node.js, and Express. Focused on full-stack development, it highlights clean, responsive design and efficient backend integration. Demonstrates a commitment to modern web technologies, delivering seamless user experiences and robust functionality.",,,,,https://portfolio-sigma-eosin-59.vercel.app,1,1,0,2025-06-11 00:00:00,2025-06-11 00:00:00
111,3694,1,WoOVRA,"WoOVRA specializes in SaaS-based mall revenue management solutions. Leveraging deep industry insights, it delivers streamlined analytics and reporting tools to optimize mall operations. With expertise in business analysis and retail systems, WoOVRA drives enhanced revenue tracking and decision-making efficiency for shopping centers.",,,,,,1,1,0,2025-06-11 00:00:00,2025-06-11 00:00:00
112,3694,1,WOOV BI,"WOOV BI specializes in delivering advanced business intelligence solutions tailored for the [industry] sector. Leveraging expertise in data analysis and product strategy, WOOV BI empowers organizations to make data-driven decisions, optimize operations, and accelerate growth with intuitive analytics and customized insights.",,,,,,1,1,0,2025-06-11 00:00:00,2025-06-11 00:00:00
113,3694,1,My Ginny,"Experienced Product Manager specializing in online and offline POS development and e-commerce projects in Egypt. Expertise in driving digital transformation, enhancing retail efficiency, and delivering tailored solutions that boost sales and customer engagement in the dynamic Egyptian market.",,,,,,1,1,0,2025-06-11 00:00:00,2025-06-11 00:00:00
114,3694,1,Shoparty,"Shoparty is a UAE-based e-commerce platform specializing in seamless online retail experiences. As a Senior Business Analyst, I drive data-driven strategies, optimize operations, and enhance user engagement, delivering tailored solutions that boost market presence and revenue growth in the competitive Middle Eastern digital marketplace.",,,,,,1,1,0,2025-06-11 00:00:00,2025-06-11 00:00:00
115,3694,1,Metaprops,"Metaprops specializes in NFT blockchain solutions, offering expert business analysis to drive innovative digital asset management for real estate. Combining deep industry knowledge with cutting-edge technology, Metaprops delivers seamless NFT marketplace development and strategic insights, empowering clients to capitalize on the evolving blockchain ecosystem.",,,,,,1,1,0,2025-06-11 00:00:00,2025-06-11 00:00:00
116,3694,1,Fine art ledger,"Fine Art Ledger specializes in NFT marketplace solutions for artists, leveraging deep expertise in blockchain and digital art industries. We deliver tailored business analytics and strategic insights to enhance platform performance, empower artists' digital asset management, and drive innovative, secure art commerce with lasting market impact.",,,,,,1,1,0,2025-06-11 00:00:00,2025-06-11 00:00:00
117,3694,1,Dippi LLP,"Dippi LLP specializes in quick commerce solutions for the alcohol and wine industry. Leveraging deep market insights, they deliver data-driven strategies and analytics to optimize operations, enhance customer experience, and accelerate growth, positioning clients at the forefront of rapid online beverage retail.",,,,,,1,1,0,2025-06-11 00:00:00,2025-06-11 00:00:00
118,3694,1,Starin Investment Platform,"Starin Investment Platform leverages blockchain technology and smart contracts to deliver secure, transparent investment solutions. Specializing in blockchain consulting, it empowers clients with innovative, efficient asset management services, driving trust and operational excellence in the evolving digital finance landscape.",,,,,,1,1,0,2025-06-11 00:00:00,2025-06-11 00:00:00
119,3694,1,Belrium- The Global KYC,Belrium- The Global KYC Is based on blockchain technology and I worked as a blockchain Counsltant,,,,,,1,1,0,2025-06-11 00:00:00,2025-06-11 00:00:00
120,3694,1,Ludo game,"Ludo Game leverages blockchain technology to deliver secure, transparent multiplayer gaming experiences. As a Senior Business Analyst, I drove strategic planning and requirement analysis, enhancing game design and user engagement. Our expertise bridges gaming innovation with blockchain’s trust, revolutionizing interactive entertainment.",,,,,,1,1,0,2025-06-11 00:00:00,2025-06-11 00:00:00
121,3694,1,NFT Game,NFT game is based on blockchain technology and smart contract,,,,,,1,1,0,2025-06-11 00:00:00,2025-06-11 00:00:00
122,3865,1,Assistant Manager of Accounts,,,uploads/document/1749805649_86c4d4b6a41b006f2315.jpg,,,,1,1,0,2025-06-13 00:00:00,2025-06-13 00:00:00
123,7288,1,portfolio 5,test,,uploads/document/1762603780_dac03246b4b773436b94.png,,,,1,1,0,2025-06-19 00:00:00,2025-11-08 00:00:00
124,4480,4,Digital Marketing Manager,"PowerPhrase, USA – Digital Marketing Manager \r\nKey Responsibilities: Spearheading Sales and Delivery Management\r\n• Generated average Revenue of USD 1.2 Mn per year\r\n• Added 5 new services offering to focus on target segments\r\n• Successfully delivered 1400+ Programs over 8 years",,,,uploads/document/1750324753_e25a05d486ccb25e4636.pdf,,1,1,1,2025-06-19 00:00:00,2025-06-19 00:00:00
125,4480,3,Meta ADs,"Expert in Meta Ads across Facebook, Instagram, and WhatsApp Business, delivering data-driven, creative campaigns that boost reach, engagement, and conversions. Specializing in education, I optimize ads to drive measurable impact—recently achieving 532K+ reach, 100K+ engagements, and substantial lead growth.",,,,,https://www.linkedin.com/in/mahammadgouse-shaik-digital-marketing-manager/,1,1,0,2025-06-20 00:00:00,2025-06-20 00:00:00
126,4594,3,My website(My side company),"I create and manage a dynamic website. Focused on delivering tailored solutions for small businesses, my services enhance online presence, drive engagement, and boost growth with creative, results-driven strategies.",,,,,https://wordsyp.com/,1,1,0,2025-06-20 00:00:00,2025-06-20 00:00:00
127,4757,3,Design Portfolio,,,,,,https://tulikarungta.framer.website/,1,1,0,2025-06-21 00:00:00,2025-06-21 00:00:00
128,5014,1,Software Engineer,"Experienced Software Engineer specializing in scalable, efficient web applications using PHP, Laravel, CodeIgniter, and ReactJS. Skilled in API integration and development, delivering robust solutions that enhance performance and user experience across diverse industries. Committed to driving innovation and impactful digital transformation.",,,,,,1,1,1,2025-06-23 00:00:00,2025-06-23 00:00:00
129,5030,4,Portfolio Presentation,,,,,uploads/document/1750684563_b15cc02893e29fc60611.pdf,,1,1,0,2025-06-23 00:00:00,2025-06-23 00:00:00
130,5060,3,Sumit's Portfolio,"Sumit's Portfolio showcases expertise in UI/UX design, featuring comprehensive projects, course credentials, and professional experience. It highlights a strong focus on user-centered design, innovative solutions, and impactful digital experiences that drive engagement and client satisfaction.",,,,,https://sumitxs.framer.ai/,1,1,0,2025-06-23 00:00:00,2025-06-23 00:00:00
131,5014,1,Software Engineer,"Experienced Software Engineer specializing in scalable, efficient web applications using PHP, Laravel, CodeIgniter, and ReactJS. Skilled in API integration and development, delivering robust solutions that enhance performance and user experience across diverse industries. Committed to driving innovation and impactful digital transformation.",,,,,,1,1,0,2025-06-24 00:00:00,2025-06-24 00:00:00
132,5366,3,Tanishk wagh portfolio,,,,,,https://tanishk014.github.io/portfolio_tanishk/,1,1,0,2025-06-27 00:00:00,2025-06-27 00:00:00
133,5583,1,Hardwork and Software work,To work in an environment that will help me in contributing towards the goals of the\r\norganization and continuously upgrade my knowledge.,,,,,,1,1,0,2025-06-28 00:00:00,2025-06-28 00:00:00
134,6361,1,Portfolio,https://www.therookies.co/u/Anirudh1217,,,,,,1,1,0,2025-07-03 00:00:00,2025-07-03 00:00:00
135,6473,4,COVER LATTER,,,,,uploads/document/1751632905_ba1733c049b6c07292b5.pdf,,1,1,0,2025-07-04 00:00:00,2025-07-04 00:00:00
136,6543,3,Portfolio,,,,,,https://drive.google.com/drive/folders/1xY4USXmjmwrucVyzjM2_TOpydwrLS1dS,1,1,0,2025-07-05 00:00:00,2025-07-05 00:00:00
137,6571,1,Graphic designer,https://www.behance.net/challaprajavi,,,,,,1,1,0,2025-07-05 00:00:00,2025-07-05 00:00:00
138,6500,1,Fresher,,,,,,,1,1,1,2025-07-05 00:00:00,2025-07-05 00:00:00
139,6690,3,JAGGU's PORTFOLIO,"Adobe Photoshop, Adobe illustrator, Adobe premiere Pro, Adobe After effects, Canva, Corel draw",,,,,https://www.behance.net/mrjaggu,1,1,0,2025-07-06 00:00:00,2025-07-06 00:00:00
140,6689,1,about,"A highly adaptable professional excelling in collaborative teamwork and innovative problem-solving. Committed to delivering exceptional results through effective communication and strategic thinking, driving success in dynamic environments across diverse industries.",,uploads/document/1751781200_5e3e6c7650bcbf9b85c5.jpg,,,,1,1,0,2025-07-06 00:00:00,2025-07-06 00:00:00
141,6982,3,Shaik Sufiya portfolio,Iam a passionate designer worked at Aksi Aerospace as uiux designer using figma and I love creativity art and computers which is why I feel Iam fit for the role.,,,,,https://bird-ejkdipdgzr.figweb.site/,1,1,0,2025-07-08 00:00:00,2025-07-08 00:00:00
142,7175,3,Behance,,,,,,https://www.behance.net/manikanyerrams,1,1,0,2025-07-09 00:00:00,2025-07-09 00:00:00
143,4939,3,Mrunal Pote Portfolio,"As a fresher, I have developed a dynamic portfolio showcasing my skills and projects in Software Development. It highlights my expertise, innovative approach, and commitment to delivering quality work that drives impactful results for future opportunities.",,,,,https://mrunal-pote.github.io/,1,1,0,2025-07-10 00:00:00,2025-07-10 00:00:00
144,7389,4,Operation manager,,,,,uploads/document/1752165688_b596daeff5b0ed61f7e6.pdf,,1,1,0,2025-07-10 00:00:00,2025-07-10 00:00:00
145,7387,3,Personal website,,,,,,https://prashanthtunniki.com/,1,1,0,2025-07-10 00:00:00,2025-07-10 00:00:00
146,7163,3,Myprofile,"A professional, minimalist landing page showcasing projects with responsive design and smooth navigation. Features clear CTAs, detailed project displays, and a tech stack overview, offering a seamless user experience that highlights expertise and encourages collaboration.",,,,,https://workk.netlify.app/,1,1,0,2025-07-11 00:00:00,2025-07-11 00:00:00
147,7557,1,ROAS-Driven Marketing Portfolio,"I’m a performance marketing specialist with 5+ years of experience running and scaling paid media campaigns across Meta, Google, YouTube, and Snapchat. This portfolio highlights real results — including ROAS up to 23x — along with creative strategies, full-funnel execution, retargeting, catalog ads, and marketplace growth via Meesho, Flipkart, and Myntra. My focus: turning ad spend into profitable, scalable outcomes.",,uploads/document/1752267970_cddd14fa3a194c327c03.png,,,,1,1,0,2025-07-12 00:00:00,2025-07-12 00:00:00
148,8027,3,cationic lipid formulation for mRNA vaccines,"Smarter mRNA, Faster Therapies: How Functional mRNA Platforms Are Rewiring Biopharma",,,,,https://mrna.creative-biolabs.com/lipid-based-vectors.htm,1,1,0,2025-07-19 00:00:00,2025-07-19 00:00:00
149,8038,1,Rental Ap,"The Rental Appi s a web application built using JSP, Servlets, and JDBC, allowing users to rent and list agricultural equipment. Users can create profiles, browse available equipment, and list their own equipment with details and images. The app features a location-based search, displaying equipment within a 50 km radius of the user’s location.. It includes booking and payment systems for seamless rentals and an admin panel for managing users, equipment, and transactions.",,,,,,1,1,0,2025-07-19 00:00:00,2025-07-19 00:00:00
150,8138,3,Graphic design,,,,,,https://www.behance.net/yalagalaharsha,1,1,0,2025-07-20 00:00:00,2025-07-20 00:00:00
151,8236,1,WordPress Website,https://graphicdesign262.wordpress.com/,,uploads/document/1753087341_22f207a077e00dff484b.png,,,,1,1,0,2025-07-21 00:00:00,2025-07-21 00:00:00
152,8315,3,Portfolio,,,,,,https://sanjanachalla18.wixsite.com/portfolio,1,1,0,2025-07-22 00:00:00,2025-07-22 00:00:00
153,8400,1,Behance,be.netcorpindesigns,,uploads/document/1753211072_3aa572651cf945bac336.png,,,,1,1,0,2025-07-23 00:00:00,2025-07-23 00:00:00
154,8413,3,Udit Portfolio,,,,,,https://portfolio-ljss.vercel.app/,1,1,0,2025-07-23 00:00:00,2025-11-05 00:00:00
155,8461,3,Motorola sales Dashboard,"Motorola Sales Dashboard leverages Power BI to deliver clear insights on total sales, customer ratings, and payment method transactions. Focused on enhancing retail performance, it empowers decision-makers with real-time data visualization, driving strategic growth and customer engagement in the telecommunications industry.",,,,,https://www.linkedin.com/posts/shubham-gupta-779372256_powerbi-dataanalytics-dashboard-activity-7301930942091157504-yGqp,1,1,0,2025-07-23 00:00:00,2025-07-23 00:00:00
156,8461,3,Online Book Store,"Developed a comprehensive online book store database leveraging advanced queries, aggregations, and joins to analyze sales, customer behavior, and revenue. This project showcases expertise in data-driven insights and practical database management, driving informed decisions and enhancing business performance in the e-commerce book industry.",,,,,https://www.linkedin.com/posts/shubham-gupta-779372256_sql-project-on-online-book-store-data-activity-7303079543894872066-zWeo,1,1,0,2025-07-23 00:00:00,2025-07-23 00:00:00
157,8896,3,graphic designer,,,,,,https://www.behance.net/gallery/228641195/Portfolio%28Rashmi-Tripathi%29-2025,1,1,0,2025-07-30 00:00:00,2025-07-30 00:00:00
158,8251,3,Food ordering website,"Developed a dynamic food ordering website leveraging HTML, CSS, jQuery, Bootstrap, JavaScript, and Node.js. Specialized in creating intuitive user interfaces and seamless backend integration to enhance customer experience, streamline orders, and boost restaurant efficiency with responsive, fast-loading features.",,,,,https://luvassignment5.netlify.app/,1,1,0,2025-07-30 00:00:00,2025-07-30 00:00:00
159,8251,3,To-Do-List,"A full-stack to-do list application showcasing expertise in modern web development using Node.js, Express, EJS templating, and MongoDB for robust backend functionality. Employing jQuery, JavaScript, HTML, CSS, Tailwind CSS, and Bootstrap for a responsive, intuitive user interface. Delivers seamless task management, combining scalability and elegant design for enhanced productivity.",,,,,https://assignment8-udx6.onrender.com/,1,1,0,2025-07-30 00:00:00,2025-07-30 00:00:00
160,8251,3,secrets page,"Create a full-stack secret-sharing app using Node.js, Express, MongoDB, EJS, and Tailwind/Bootstrap. Use `express-session` for authentication and `bcrypt` for password hashing. Structure: views (EJS pages), public (CSS/JS), models (User.js, Secret.js), and `app.js`. Use mongoose schemas for users and secrets. Allow registration, login, secret submission per user, and global viewing. Style with Tailwind or Bootstrap; optional jQuery for interactivity.",,,,,https://luvassignment9.onrender.com/,1,1,0,2025-07-30 00:00:00,2025-07-30 00:00:00
161,8251,3,keeper app,"Keeper App streamlines task scheduling and management with a user-friendly interface built using React, Tailwind, Bootstrap, Node.js, Express, EJS, and jQuery. It empowers users to efficiently organize, complete, and delete tasks, enhancing productivity and seamless workflow in daily task management.",,,,,https://luvassignment10.netlify.app/,1,1,0,2025-07-30 00:00:00,2025-07-30 00:00:00
162,9028,3,Charan Portfolio,,,,,,https://drive.google.com/drive/folders/18DrwrBNMJisWXHRyeB7MO7nKALHQVMIf?usp=drive_link,1,1,0,2025-07-30 00:00:00,2025-07-30 00:00:00
163,9087,1,Pepsi Branding,"At Meenakshi Graphics and Sign, we specialize in dynamic branding solutions for leading clients like Pepsi and Campa Cola. Our expertise spans innovative design, signage, and promotional branding, delivering impactful visual identities that enhance brand recognition and market presence effectively.",,uploads/document/1753947783_0206cc41934956668283.jpg,,,,1,1,0,2025-07-31 00:00:00,2025-07-31 00:00:00
164,9112,1,Business Analyst,"Experienced Business Analyst with 20 years in process improvement, project management, and operations within contact centers. Expert in technology integration, cost-effective solutions, and quality standards to drive efficiency and enhance customer experience, consistently achieving high-performance and SLA compliance.",,uploads/document/1753957964_7772575ab3c338a43ee9.jpeg,,,,1,1,0,2025-07-31 00:00:00,2025-07-31 00:00:00
165,9123,3,"Photoshop, Adobe Illustrator, Canva, Video Editing",,,,,,https://www.behance.net/poojasingh6,1,1,0,2025-07-31 00:00:00,2025-07-31 00:00:00
166,9150,4,Senior Cpp Leader,"Senior C++ leader with 16+ years driving IT software solutions for global logistics. Expert in advanced C++, multi-threading, VOIP/SIP protocols, and cross-platform/kernel development. Delivers scalable, robust infrastructure and applications, optimizing performance and innovation across international IT operations.",,,,uploads/document/1753993827_79b6d9b29c53ffae24be.pdf,,1,1,0,2025-08-01 00:00:00,2025-08-01 00:00:00
167,1352,1,Digital marketing,,,,,,,1,1,0,2025-08-01 00:00:00,2025-08-01 00:00:00
168,8871,3,Poster and brand promotion,,,,,,https://www.behance.net/harshukoli18,1,1,0,2025-08-02 00:00:00,2025-08-02 00:00:00
169,9303,3,Automated Audit Reconciliation,"Designed a Python-based system to automate the extraction and reconciliation of financial data from PDF statements, significantly reducing manual audit time by 50%. Integrated Excel for data handling and Power BI for real-time audit dashboards. The solution improved audit accuracy, minimized human error, and enabled quick identification of financial mismatches.\r\n\r\nKey Tools: Python, Pandas, Excel, Power BI, PDFMiner/PyPDF2",,,,,https://github.com/SahilRaj005/Automated_Audit_Reconciliations,1,1,0,2025-08-02 00:00:00,2025-08-02 00:00:00
170,9335,4,Recent Coustemed works,"Recently i'm working in Digital press hub. So i'm expert in all graphic designs. Because that is a printing press  all works available here and 1 year staying in press hub.. Flex, banner, brochure, visiting card, momentou designs, photo frame design, engagement cards, advertisement.. etc lot of works i' designed",,,,uploads/document/1754131006_2c70f10205472d2e906c.pdf,,1,1,0,2025-08-02 00:00:00,2025-08-02 00:00:00
171,7288,1,portfolio 5,test,,uploads/document/1762603900_af94daef3dccfc8c79b4.png,,,,1,1,0,2025-08-02 00:00:00,2025-11-08 00:00:00
172,9410,3,Graphic designer portfolio,,,,,,https://www.behance.net/simarpreetsingh29,1,1,0,2025-08-03 00:00:00,2025-08-03 00:00:00
173,9452,3,"Personal, Projects and Experience Details","Dynamic professional with comprehensive expertise in Angular,Node, MongoDb Next.js, bootstrap and tailwind css, showcasing in-depth personal achievements, diverse project leadership, and progressive work experience. Delivering innovative solutions and measurable impact through strategic thinking, technical proficiency, and effective collaboration to drive growth and excellence.",,,,,https://sohrabalitech.vercel.app/,1,1,0,2025-08-03 00:00:00,2025-08-03 00:00:00
174,9312,4,Digital marketing executive,Skilled in digital marketing,,,,uploads/document/1754247010_36f91c2a218f4c1d6b7a.pdf,,1,1,0,2025-08-04 00:00:00,2025-08-04 00:00:00
175,9806,3,Portfolio,,,,,,https://happythakurportfolio.framer.ai/,1,1,0,2025-08-06 00:00:00,2025-08-06 00:00:00
176,9877,3,Anjali Visuals,,,,,,https://anjaliportfolioo.my.canva.site/,1,1,0,2025-08-06 00:00:00,2025-08-06 00:00:00
177,9896,3,IPL Data Analysis using Python & Matplotlib,"Cleaned and explored IPL match data using Pandas\r\n\r\nBuilt visualizations for team wins, player performance, and toss impact\r\n\r\nAnswered real-world questions using EDA techniques\r\n\r\nTools: Python, Pandas, Matplotlib, Google Colab",,,,,https://github.com/Justinc44-lab/IPL---EDA---Analysis,1,1,0,2025-08-06 00:00:00,2025-08-06 00:00:00
178,9896,3,VitaTrack Wellness  Power BI Dashboard,"Built a multi-page Power BI dashboard to analyze user engagement for a fictional wellness app.\r\nTracked key metrics like average steps, satisfaction score, and goal completion using DAX.\r\nIntegrated dynamic filters (slicers) for gender, age group, and subscription type.\r\nCreated clean visual stories to present actionable insights to stakeholders.",,,,,https://github.com/Justinc44-lab/Vitatrack-Wellness-dashboard,1,1,0,2025-08-06 00:00:00,2025-08-06 00:00:00
179,134,1,Test,,,uploads/document/1754554155_c3a4ce82f85ea5315cf8.png,,,,1,1,1,2025-08-07 00:00:00,2025-08-07 00:00:00
180,9988,1,associate,worked as an associate in Wipro ltd for 18 months,,uploads/document/1754558161_85e7e2320b84d940d364.jpg,,,,1,1,0,2025-08-07 00:00:00,2025-08-07 00:00:00
181,10193,1,EXCEL PROFESSIONAL,"EXCEL PROFESSIONAL specializes in advanced data management and analysis, offering expertise in data entry, filtering, VLOOKUP, XLOOKUP, pivot tables, and comprehensive report generation. We deliver precise, efficient solutions that enhance decision-making and operational efficiency across industries.",,uploads/document/1754740071_9c2ad9b9b87c982558f3.jpg,,,,1,1,0,2025-08-09 00:00:00,2025-08-09 00:00:00
182,10507,1,Introduction of artificial intelligence,,,,,,,1,1,0,2025-08-12 00:00:00,2025-08-12 00:00:00
183,10529,3,Github repository,,,,,,Https://www.github.com/nikhilvaishna,1,1,0,2025-08-12 00:00:00,2025-08-12 00:00:00
184,10682,1,All photo,Photo of new creation,,,,,,1,1,0,2025-08-14 00:00:00,2025-08-14 00:00:00
185,10767,4,Graphic Designer,I'm a fresher Graphic Designer,,,,uploads/document/1755181863_6bb5a39d5f815b8ec985.pdf,,1,1,0,2025-08-14 00:00:00,2025-08-14 00:00:00
186,10808,3,Portfolio - Graphic Design,"A showcase of my graphic design work - featuring branding, packaging, and creative projects that blend minimalism with bold visual style.\""",,,,,https://www.behance.net/bilallxo,1,1,0,2025-08-15 00:00:00,2025-08-15 00:00:00
187,11301,3,IBM Capstone Project,"This project explores technology trends, future preferences, and demographics based on a dataset of 18,821 respondents. Using Power BI, the study analyzes programming languages, databases, cloud platforms, and web frameworks, along with age distribution, geographic representation, and education levels.",,,,,https://github.com/Avik-Sarkhel/IBM-Capsone-Project.git,1,1,0,2025-08-20 00:00:00,2025-08-20 00:00:00
188,11301,3,Product-Market-Fit Research for Air Purifier Development,"This project contains datasets, detailed analyses, and insights on urban air pollution trends, health cost impacts, consumer behavior dynamics, policy effectiveness, and competitor product feature gaps to guide strategic product innovation and marketing.",,,,,https://github.com/Avik-Sarkhel/Product-Market-Fit-Research-for-Air-Purifier-Development,1,1,0,2025-08-20 00:00:00,2025-08-20 00:00:00
189,11301,3,QUANTIUM Job Simulation Chips Industry EDA,"Exploratory Data Analysis (EDA) of chips industry data as part of the QUANTIUM job simulation on Forage. Tasks include customer segmentation, top chip brand analysis, and control store selection using Pearson correlation & magnitude distance. Tools: Python (Pandas, NumPy, Matplotlib, Seaborn).",,,,,https://github.com/Avik-Sarkhel/QUANTIUM-Data-Analytics-Job-Simulation,1,1,0,2025-08-20 00:00:00,2025-08-20 00:00:00
190,11301,3,Electric Vehicle Adoption Trends Analysis using Python & Power BI,"This project provides a data-backed lens into EV adoption, helping policymakers, automakers, and stakeholders optimize decisions based on real insights.",,,,,https://github.com/Avik-Sarkhel/Comprehensive-Exploratory-Data-Analysis-and-Visualization-of-EV-Trends-Using-Python-and-Power-BI,1,1,0,2025-08-20 00:00:00,2025-08-20 00:00:00
191,11384,1,Hr admin and Operations manager,"professional with experience in recruitment, onboarding, payroll management, compliance, attendance monitoring, employee engagement, and office administration. Skilled in streamlining processes, ensuring statutory compliance, and fostering a positive work environment to support organizational growth.\""\r\nIf you want, I can make it more impactful with quantifiable achievements so",,,,,,1,1,0,2025-08-20 00:00:00,2025-08-20 00:00:00
192,11414,3,EV Charging,,,,,,https://mobec.io/,1,1,0,2025-08-21 00:00:00,2025-08-21 00:00:00
193,11414,3,E commerce,,,,,,https://amish.one/,1,1,0,2025-08-21 00:00:00,2025-08-21 00:00:00
194,11414,3,Dashboard of Amish Bhutani,,,,,,https://amish.one/wp_admin/login,1,1,0,2025-08-21 00:00:00,2025-08-21 00:00:00
195,11414,3,Services,,,,,,https://www.axismobi.com/services/,1,1,0,2025-08-21 00:00:00,2025-08-21 00:00:00
196,11540,3,Portfolio,,,,,,https://drive.google.com/file/d/1dEcRysID6sDVdvuOHNblbgWvXdKnKUl-/view?usp=drivesdk,1,1,0,2025-08-22 00:00:00,2025-08-22 00:00:00
197,11719,3,Bank Management System,"Developed a Bank Management System to simulate core banking operations such as account creation, deposit, withdrawal, fund transfer, and balance inquiry. The project ensures data consistency and secure transaction handling. It was built with a modular approach to make the system scalable and maintainable, focusing on efficient data storage, retrieval, and validation.",,,,,https://github.com/Priyanshutrip/BankManagement,1,1,0,2025-08-23 00:00:00,2025-08-23 00:00:00
198,11719,3,EcoCare,"EcoCare is a frontend web application that visualizes a city’s greenhouse gas (GHG) emissions data in an interactive and user-friendly way. The platform features a map with color-coded emission levels, charts for data insights, and a comparison tool to analyze GHG emissions between two countries. It includes sections like Home, Map, Chart, Contact Us, and Login/Register, built with a responsive layout and modern design components to enhance accessibility and usability.",,,,,https://github.com/Priyanshutrip/EcoCare,1,1,0,2025-08-23 00:00:00,2025-08-23 00:00:00
199,11830,1,"PMO, Change Management, Incident Management","•	Managed enterprise-wide onboarding/offboarding processes, improving efficiency through automation and standardized documentation.\r\n•	Orchestrated End-to-end handling of incidents management ensuring SLA compliance, rapid resolution, root cause analysis, and minimal business disruption \r\n•	Led resource allocation & deallocation governance, optimizing utilization across multiple projects.\r\n•	Implemented domain ID lifecycle management with automation tools, reducing manual errors by 30%.\r\n•",,,,,,1,1,0,2025-08-24 00:00:00,2025-08-24 00:00:00
200,11940,4,Account executive,,,,,uploads/document/1756165665_6d6bd0c46404e59edc98.pdf,,1,1,0,2025-08-26 00:00:00,2025-08-26 00:00:00
201,12786,1,Banking,Banking relationship,,uploads/document/1756556772_35e9de4d7e0640d70eb2.jpg,,,,1,1,0,2025-08-30 00:00:00,2025-08-30 00:00:00
202,12716,1,Data Analyst & Quality Engineer & Driving Insights & Process Excellence,"Versatile Data Analyst and Quality Engineer specializing in data modeling, visualization, and process excellence within healthcare and crime analytics. Leveraging Python, SQL, and BI tools to drive 15–20% efficiency gains through actionable insights and optimized workflows, delivering measurable business impact.",,,,,,1,1,0,2025-08-31 00:00:00,2025-08-31 00:00:00
203,13105,3,My portfolio,,,,,,https://aaris-pathan-portfolio.vercel.app/,1,1,0,2025-09-01 00:00:00,2025-09-01 00:00:00
204,13162,3,Personal Portfolio,"Software engineer specializing in frontend development and algorithmic problem-solving using C++, React, and SQL. Expert in building responsive web apps and intuitive UIs, with a strong foundation in data structures and clean coding. Committed to creating efficient, real-world software solutions.",,,,,https://ajit-portfolio-jade.vercel.app/,1,1,0,2025-09-01 00:00:00,2025-09-01 00:00:00
205,13331,3,Fullstack Developer,,,,,,https://imsaurabh.vercel.app/,1,1,0,2025-09-02 00:00:00,2025-09-02 00:00:00
206,13543,3,Graphic Design Work,,,,,,https://www.behance.net/AMITKUMAR09,1,1,0,2025-09-03 00:00:00,2025-09-03 00:00:00
207,13652,1,Hkch,Hkdgxjg,,uploads/document/1756920891_96ee234ba79558292524.jpg,,,,1,1,0,2025-09-03 00:00:00,2025-09-03 00:00:00
208,13685,3,Mohd Azam Portfolio,"A carefully chosen set of my graphic design work, including flyers, brochures, standees, banners, social media posts, YouTube thumbnails, book covers, handouts, and presentations. Every design shows how creative I am, how well I pay attention to detail, and how well I can come up with visually interesting solutions.",,,,,https://www.behance.net/gallery/233261695/Graphic-Designer-Portfolio,1,1,0,2025-09-04 00:00:00,2025-09-04 00:00:00
209,13741,3,Personal Portfolio,"Designed and developed a responsive portfolio website using HTML, CSS, and JavaScript to showcase skills, projects, and certifications.\r\n	•	Automated key UI flows using Selenium WebDriver (Java) to validate navigation, forms, and content consistency.\r\n	•	Conducted cross-browser testing (Chrome, Edge, Firefox) to ensure compatibility, responsiveness, and smooth user experience.\r\n	•	Applied basic automation scripts for regression checks to reduce manual testing effort.",,,,,https://ramsai2829.github.io/Ramsaidarisi-Porfolio/,1,1,0,2025-09-04 00:00:00,2025-09-04 00:00:00
210,13741,4,Securden Web Application Testing,"•	Tested critical workflows like login, onboarding, privilege requests, and access revocation.\r\n	•	Performed functional, exploratory, and compatibility testing across Windows 10/11.\r\n	•	Logged and tracked defects with severity/priority for rapid fixes in large QA cycles.\r\n	•	Identified workflow gaps that strengthened application security before release.",,,,uploads/document/1756986898_b7da6469541edecc1c52.pdf,,1,1,0,2025-09-04 00:00:00,2025-09-04 00:00:00
211,13741,3,Secured Cloud Banking System using Blockchain (Academic Project),"•	Developed a blockchain-based cloud banking prototype to enhance data privacy and integrity.\r\n	•	Implemented AES, DES, and SHA encryption for secure authentication and file transfer.\r\n	•	Built modules for Admin, User, Auditor, and Block Verification.\r\n	•	Conducted functional, regression, API (Postman), and SQL-based validation.",,,,,https://docs.google.com/presentation/d/1AeKq46isPqCbSMXWSkOChwx8yiwfInRU/mobilepresent,1,1,0,2025-09-04 00:00:00,2025-09-04 00:00:00
212,12594,3,Mohan Rajulu - Portfolio,,,,,,https://www.behance.net/mohanrajulu92,1,1,0,2025-09-05 00:00:00,2025-09-05 00:00:00
213,14200,1,Project GitHub,,,,,,,1,1,0,2025-09-07 00:00:00,2025-09-07 00:00:00
214,14287,3,DriveNow,"DriveNow is a seamless car rental app that offers fast and reliable bookings for road trips, business, and daily use. With a user-friendly interface, it simplifies vehicle selection and reservation, delivering convenience and efficiency tailored to the needs of modern travelers.",,,,,https://drivee-now.vercel.app,1,1,0,2025-09-07 00:00:00,2025-09-07 00:00:00
215,14318,1,Pass photo,,,,,,,1,1,0,2025-09-07 00:00:00,2025-09-07 00:00:00
216,14419,3,Samagya Anand,"I am passionate about transforming complex problems into seamless, human-centered experiences. I believe design is more than visuals — it’s about empathy, clarity, and creating solutions that feel natural to use.",,,,,https://samagyaanand.framer.website/,1,1,0,2025-09-08 00:00:00,2025-09-08 00:00:00
217,14437,3,Video editor,,,,,,https://youtu.be/zIurLoe8MV4?si=I4W_URvHWSToXqEV,1,1,0,2025-09-08 00:00:00,2025-09-08 00:00:00
218,14476,3,Drive link of portfolio,,,,,,https://drive.google.com/drive/folders/1W0BCv3am-N_9WAD8MO_6Az3kjJUx_SMV,1,1,0,2025-09-08 00:00:00,2025-09-08 00:00:00
219,14638,1,Velora -Full-Stack E-commerce Platform,"Built  an  e-commerce  website  with  admin  dashboard,  cart,  checkout,  and  order  management;  implemented  JWT \r\nauthentication and Cloudinary for media",,,,,,1,1,0,2025-09-09 00:00:00,2025-09-09 00:00:00
220,14802,3,UIUX Designer,,,,,,https://www.behance.net/prathmeshdolas,1,1,0,2025-09-09 00:00:00,2025-09-09 00:00:00
221,14913,1,Statutory Audit Internal Audit,,,,,,,1,1,0,2025-09-10 00:00:00,2025-09-10 00:00:00
222,15060,3,Personal portfolio,,,,,,https://www.figma.com/proto/mOWFiHCYAZSOEWAgWOVhqk/portfolio?node-id=6-262&t=KoXrrUZHpNywy1rc-1,1,1,0,2025-09-10 00:00:00,2025-09-10 00:00:00
223,15103,3,Portfolio,,,,,,https://mrigank-portfolio.netlify.app/,1,1,0,2025-09-10 00:00:00,2025-09-10 00:00:00
224,15107,3,Shivam's Portfolio,,,,,,https://www.canva.com/design/DAGemCo7zVM/4kqInj-xw4xVT31bzSsbiQ/view?utm_content=DAGemCo7zVM&utm_campaign=designshare&utm_medium=link2&utm_source=uniquelinks&utlId=he370ec44d0,1,1,0,2025-09-10 00:00:00,2025-09-10 00:00:00
225,15244,1,Experience,"Expertise in Accounts, Finance, and Secretarial services, supporting Semolina Kitchens Pvt. Ltd. (Adani Group). Skilled in bank guarantees, mutual funds, cash flow management, company incorporation, statutory compliance, secretarial audits, and regulatory filings, delivering seamless financial operations and corporate governance.",,,,,,1,1,1,2025-09-11 00:00:00,2025-09-11 00:00:00
226,15852,3,Portfolio,,,,,,https://www.behance.net/gallery/231428383/Portfolio-2025,1,1,0,2025-09-13 00:00:00,2025-09-13 00:00:00
227,15857,3,Graphics Designer,"Creative graphic designer with 6 months’ experience specializing in social media post design. Skilled in crafting visually engaging content that boosts brand presence and audience engagement. Dedicated to delivering fresh, impactful designs tailored for digital marketing success.",,,,,https://drive.google.com/file/d/14hOJFoI4HYCZK_CErn3mbRIYTcgSTdDN/view?usp=drivesdk,1,1,0,2025-09-13 00:00:00,2025-09-13 00:00:00
228,15865,3,Graphic designer,,,,,,https://kavishkhan64.wixsite.com/my-site-4,1,1,0,2025-09-13 00:00:00,2025-09-13 00:00:00
229,15963,1,DINESH KUMAR,,,,,,,1,1,0,2025-09-13 00:00:00,2025-09-13 00:00:00
230,16038,1,CASA SALES OFFICER IN AXIS BANK,"Experienced CASA Sales Officer at Axis Bank specializing in driving current and savings account growth. Expertise in customer acquisition, relationship management, and tailored banking solutions. Committed to delivering exceptional service that enhances client satisfaction and supports the bank’s financial objectives.",,uploads/document/1757774106_0171566f0ac1211eb77e.jpg,,,,1,1,0,2025-09-13 00:00:00,2025-09-13 00:00:00
231,16200,3,Graphic design portfolio,,,,,,https://drive.google.com/file/d/1rC4G8S8iCRi809IfXhPYQ3gp-vzx40y6/view?usp=drivesdk,1,1,0,2025-09-14 00:00:00,2025-09-14 00:00:00
232,16265,3,My work portfolio,,,,,,https://dribbble.com/Hemantkoli05,1,1,0,2025-09-14 00:00:00,2025-09-14 00:00:00
233,16391,3,Behance,,,,,,https://www.behance.net/devesh_pandey,1,1,0,2025-09-14 00:00:00,2025-09-14 00:00:00
234,16391,3,Works,,,,,,https://drive.google.com/drive/folders/1rzeX5gUhkai8mejYAGfrCMzufS6cZTd3,1,1,0,2025-09-14 00:00:00,2025-09-14 00:00:00
235,16634,1,My Portfolio,Link : https://drive.google.com/drive/folders/1cyFtEiOrIgpdMACHj2t2Mr_Hd6uuztGX,,,,,,1,1,0,2025-09-15 00:00:00,2025-09-15 00:00:00
236,16705,3,Portfolio,,,,,,https://drive.google.com/file/d/1-2zG5xKSWfnCfbnry3bqvNemervbAkQt/view?usp=drivesdk,1,1,0,2025-09-15 00:00:00,2025-09-15 00:00:00
237,16727,1,Store incharge,"Experienced Store Incharge specializing in retail inventory management, team leadership, and operational efficiency since 2020. Expert in optimizing stock control and elevating customer satisfaction to ensure smooth store operations and support sustained business growth. Committed to driving productivity and enhancing retail performance.",,,,,,1,1,0,2025-09-15 00:00:00,2025-09-15 00:00:00
238,16727,1,Care mamager,"Care Manager at Nokia Seamains Network Pvt Ltd since April 2009, specializing in coordinating technicians, engineers, vendors, and warehouse operations. Expert in stakeholder management and seamless communication, delivering efficient service solutions and enhancing customer satisfaction through strategic leadership and operational excellence.",,,,,,1,1,0,2025-09-15 00:00:00,2025-09-15 00:00:00
239,16727,1,Relationship executive,"Experienced Relationship Executive at Muthoot Finance (2013-2018), specializing in customer engagement, interest collections, and cross-selling financial products including NCDs, insurance, remittances, travel bookings, and gold investment schemes. Proven track record in driving business growth and enhancing client relationships across diverse financial services.",,,,,,1,1,0,2025-09-15 00:00:00,2025-09-15 00:00:00
240,16865,3,Portfolio,"Designed and developed a personal project portfolio to showcase my work. Focused on building a responsive, visually appealing layout with interactive elements to improve user engagement and smooth navigation across devices.",,,,,https://github.com/lalit-01patel/Portfolio,1,1,0,2025-09-16 00:00:00,2025-09-16 00:00:00
241,16865,3,KnowQuest,"Developed a Q&A web application supporting user authentication, question/answer posting, voting, and search features. Designed with MVC architecture and DAO pattern for secure data handling. Enhanced the UI with HTML, CSS, and JavaScript, and integrated advanced features like PDF export and QR code generation for better accessibility.",,,,,https://github.com/lalit-01patel/KnowQuest,1,1,0,2025-09-16 00:00:00,2025-09-16 00:00:00
242,16865,3,Grocery Management Store,"Built a system to streamline inventory and sales management for retail stores. Implemented RESTful APIs for smooth data communication, optimized SQL queries for performance, and created a user-friendly, responsive interface to improve operational efficiency and reliability.",,,,,https://github.com/lalit-01patel/Grocery-Store,1,1,0,2025-09-16 00:00:00,2025-09-16 00:00:00
243,17167,1,My CV,,,,,,,1,1,0,2025-09-16 00:00:00,2025-09-16 00:00:00
244,17229,3,Graphic Designer,"Hello, I'm Mod. Altaf Ansari, a creative designer with 6+ years of experience in corporate and international branding. Skilled in diverse design software, I craft visuals that inspire, inform, and engage—from billboards and web ads to videos, brochures, and signage. Passionate about turning ideas into impactful designs, I deliver innovative solutions that connect with audiences and drive success.",,,,,https://www.behance.net/altafraza786,1,1,0,2025-09-16 00:00:00,2025-09-16 00:00:00
245,17844,1,Work Portfolio,"Experienced professional with 12+ years in verification and back-office operations, specializing in client verification for US-based firms and contractor documentation. Expertise in MS Excel, process documentation, team coordination, and compliance ensures efficient, accurate service delivery. Adaptable and ready to drive operational excellence immediately.",,uploads/document/1758192602_7144864550598195f40b.jpg,,,,1,1,0,2025-09-18 00:00:00,2025-09-18 00:00:00
246,18051,3,Portfolio link,"A seasoned graphic designer and photographer with 10 years of expertise, specializing in branding, marketing, and digital media. Delivering impactful visual solutions and compelling imagery that elevate brand identity and drive audience engagement across diverse industries.",,,,,https://www.behance.net/ishwarchandra2,1,1,0,2025-09-18 00:00:00,2025-09-18 00:00:00
247,18051,3,Portfolio link,,,,,,https://drive.google.com/drive/folders/1KtFuXlr0lBXeyQpK3k-FZkgz_we1mEm3,1,1,0,2025-09-18 00:00:00,2025-09-18 00:00:00
248,18064,3,Gourav Pandey Portfolio,"I am a Full Stack Developer with experience in building scalable and user-friendly web applications. Skilled in MERN, Django, Flask, and cloud deployment (AWS, Docker). My projects include real-time IDE, collaborative docs, and booking systems. I enjoy solving complex problems with clean code, optimized backend systems, and intuitive UI/UX.",,,,,https://gouravpandeyportfolio.vercel.app/,1,1,0,2025-09-19 00:00:00,2025-09-19 00:00:00
249,18195,4,Graphic designer,,,,,uploads/document/1758268439_a2a3a6127f2535b9088b.pdf,,1,1,0,2025-09-19 00:00:00,2025-09-19 00:00:00
250,18381,3,Adarsh Kumar AIML engineer,,,,,,https://adarshkumar8081.vercel.app,1,1,0,2025-09-20 00:00:00,2025-09-20 00:00:00
251,16812,3,Portfolio,"Creative and detail-oriented Graphic Designer with 8+ years of experience in graphic design, with strong expertise in CorelDRAW , along with working knowledge of Photoshop, Illustrator, Indesign and Canva. understanding of typography, color theory, and print production processes.",,,,,https://www.behance.net/shamsiasif,1,1,0,2025-09-20 00:00:00,2025-09-20 00:00:00
252,18476,3,Figma Link,,,,,,https://www.figma.com/design/QFUTHUIseyx6x9CN0cunB7/CGA?node-id=0-1&p=f&t=N6xnE21DLa25RF3H-0,1,1,0,2025-09-20 00:00:00,2025-09-20 00:00:00
253,19169,3,FrontEnd Developer,,,,,,https://github.com/Amit123yadav,1,1,0,2025-09-22 00:00:00,2025-09-22 00:00:00
254,19169,3,EquipMedy,Medical e-commerce platform allowing users to buy and sell medical products,,,,,https://equipmedy.com/,1,1,0,2025-09-22 00:00:00,2025-09-22 00:00:00
255,19169,3,FitStreet Web,A health & fitness platform where users can track progress via website,,,,,https://thefitstreet.com/homepage,1,1,0,2025-09-22 00:00:00,2025-09-22 00:00:00
256,19720,3,Portfolio,,,,,,https://portfolio-wine-five-43.vercel.app/,1,1,0,2025-09-23 00:00:00,2025-09-23 00:00:00
257,20551,3,Yokesh preethi - Portfolio,,,,,,https://hazel-sparrow-b34.notion.site/Yokesh-Preethi-S-Portfolio-21c4a7e0cfa280329577c706e7090008?source=copylink,1,1,0,2025-09-26 00:00:00,2025-09-26 00:00:00
258,20676,1,Me,,,uploads/document/1758887010_72d46eaa326c708e33fe.jpg,,,,1,1,0,2025-09-26 00:00:00,2025-09-26 00:00:00
259,20969,4,Data analysis,I am searching for Job i am currently working as mis executive as a insurance company,,,,uploads/document/1758971510_e0f063a6da891c2d0e4f.pdf,,1,1,0,2025-09-27 00:00:00,2025-09-27 00:00:00
260,21465,3,Temp Portfolio,Just added some random works done for my clients,,,,,https://drive.google.com/drive/folders/168Isr_hLycmBzT_qR0LYSYtG7k_cza1Q,1,1,0,2025-09-29 00:00:00,2025-09-29 00:00:00
261,21413,3,My Portfolio,,,,,,https://abhay-portfolio-sable.vercel.app/,1,1,0,2025-09-29 00:00:00,2025-09-29 00:00:00
262,21647,1,Formulation and development of sublingual tablet of imipramine hcl,"Expertise in formulation and development of sublingual tablets, specializing in Imipramine HCl with optimized excipients and API integration. Focused on innovative CNS therapies, we deliver rapid-onset, patient-friendly dosage forms, enhancing bioavailability and compliance for improved therapeutic outcomes.",,,,,,1,1,0,2025-09-29 00:00:00,2025-09-29 00:00:00
263,22042,1,E-commerce Website,https://delveinsight.com,,uploads/document/1759221461_765fa382762726612737.jpg,,,,1,1,0,2025-09-30 00:00:00,2025-09-30 00:00:00
264,22042,1,News Website,https://news24online.com,,uploads/document/1759221517_08943d0742ef51894070.jpg,,,,1,1,0,2025-09-30 00:00:00,2025-09-30 00:00:00
265,22037,3,Titans Consultancy,,,,,,https://titansconsultancy.com/,1,1,0,2025-09-30 00:00:00,2025-09-30 00:00:00
266,22037,3,Unifier Group,,,,,,https://unifiergroup.com/,1,1,0,2025-09-30 00:00:00,2025-09-30 00:00:00
267,22037,3,Golden Touch Investments,,,,,,https://goldentouchinvestments.com/,1,1,0,2025-09-30 00:00:00,2025-09-30 00:00:00
268,22037,3,Rwebsys Technology Pvt Ltd,,,,,,https://rwebsys.com/,1,1,0,2025-09-30 00:00:00,2025-09-30 00:00:00
269,22037,3,Janta Live Press Network,,,,,,https://jantalive.in/,1,1,0,2025-09-30 00:00:00,2025-09-30 00:00:00
270,22760,3,Finance Advisory Services,"Our Finance Advisory Services specialize in global bank loans and credit card solutions, offering expert guidance to optimize financing strategies. We deliver tailored, industry-focused advice that enhances credit access and financial flexibility, driving sustainable growth and maximizing client financial strength worldwide.",,,,,https://mukeshsha.banksupport.in/,1,1,0,2025-10-04 00:00:00,2025-10-04 00:00:00
271,23292,1,Personal Banker Authorizer,,,,,,,1,1,0,2025-10-04 00:00:00,2025-10-04 00:00:00
272,23441,3,codexAmajad,,,,,,https://codexamajad.vercel.app/,1,1,0,2025-10-05 00:00:00,2025-10-05 00:00:00
273,24963,3,LINKDIN,All my details in this Link,,,,,https://www.linkedin.com/in/nirmal-sahoo-8aa3b2187?utm_source=share&utm_campaign=share_via&utm_content=profile&utm_medium=android_app,1,1,0,2025-10-08 00:00:00,2025-10-08 00:00:00
274,24961,1,Area Manager,,,,,,,1,1,0,2025-10-08 00:00:00,2025-10-08 00:00:00
275,25261,3,CGI and props,,,,,,https://www.behance.net/saurabhprajapa11,1,1,0,2025-10-09 00:00:00,2025-10-09 00:00:00
276,25449,3,Personal Portfolio,It describes all my projects made till now and the projects I'm planning to do in future.\r\nShowcasing my skills.,,,,,https://lovely-cocada-2bc639.netlify.app/,1,1,0,2025-10-10 00:00:00,2025-10-10 00:00:00
277,25509,4,ROHIT CHATURVEDI CV,,,,,uploads/document/1760076753_378dbe161f5be5223cdf.pdf,,1,1,0,2025-10-10 00:00:00,2025-10-10 00:00:00
278,25526,1,Harsh yadav,"Experienced telesales professional with 1 year in the insurance sector, specializing in customer acquisition and retention. Skilled in persuasive communication and product knowledge, delivering tailored insurance solutions. Committed to driving sales growth and enhancing client satisfaction through effective engagement and service.",,uploads/document/1760078627_57293f57bfe3979c8328.png,,,,1,1,0,2025-10-10 00:00:00,2025-10-10 00:00:00
279,25655,3,Laari Khojo,"Laari Khojo is a dynamic street vendor discovery platform that maps vendors in real-time, addressing the challenge of vendor relocations. By enabling effortless location updates via WhatsApp, it ensures vendors retain customers, build trust through reviews, and gain a vital digital presence via menu, business photos, etc.",,,,,https://laarikhojo.in,1,1,0,2025-10-10 00:00:00,2025-10-10 00:00:00
280,25771,3,Early and hard bucket collection and legal,"Specializing in early-stage and hard-bucket debt collection across Gujarat and Madhya Pradesh, our legal team delivers expert recovery solutions. Combining in-depth regional legal expertise with tailored strategies, we ensure efficient collections, minimize delinquencies, and maximize client financial performance.",,,,,https://app.mintifi.com/login,1,1,0,2025-10-11 00:00:00,2025-10-11 00:00:00
281,25929,3,Linkedin,"I have 4.6 years of SEO and guest posting experience, with proven results in boosting traffic and rankings. I also bring leadership skills as a Team Lead, along with expertise in AEO (Answer Engine Optimization) and GEO (Generative Engine Optimization) to stay ahead in AI-driven search.",,,,,https://www.linkedin.com/in/digitaldiwakar,1,1,0,2025-10-11 00:00:00,2025-10-11 00:00:00
282,26071,3,Behance,,,,,,https://www.behance.net/saurabhmaurya45,1,1,0,2025-10-12 00:00:00,2025-10-12 00:00:00
283,26262,4,Jeetendra Resume,,,,,uploads/document/1760269275_c2e8aef5ba6aa42b6910.pdf,,1,1,0,2025-10-12 00:00:00,2025-10-12 00:00:00
284,26752,1,Maersk Global Service Center as a Process Expert,"Resolved customer disputes related to invoices, demurrage & detection.\r\n\r\nProvided training to new joiners and supported team performance improvement.\r\n\r\nMaintained accurate documentation and ensured compliance with operational policies.\r\n\r\nSkills & Expertise\r\nTeam Handling & Coordination\r\n\r\nLogistics & Operations Knowledge\r\n\r\nAdditional Highlights\r\nFamiliar with BPO operations, shipping documentation, and customer service workflows. Quick learner with the ability to adapt to new systems and processes.",,,,,,1,1,0,2025-10-14 00:00:00,2025-10-14 00:00:00
285,27154,1,Traditional and digital marketing Specialist,"Highly motivated and results-oriented digital marketing professional seeking a\r\nchallenging position as a Digital Marketing Executive. With a passion for leveraging\r\ninnovative strategies and emerging technologies, I aim to drive brand awareness,\r\nincrease website traffic, and maximize customer engagement. By utilizing my\r\nexpertise in campaign management, data analysis, and creative content\r\ndevelopment, I strive to contribute to the growth and success of an organization.",,uploads/document/1760499341_fd461a09a75ea2bb08ae.jpg,,,,1,1,0,2025-10-15 00:00:00,2025-10-15 00:00:00
286,27558,4,Resume,,,,,uploads/document/1760587218_3a18fb55787b28511969.pdf,,1,1,0,2025-10-16 00:00:00,2025-10-16 00:00:00
287,27593,3,Bento,,,,,,https://bento.me/vikram-patel,1,1,0,2025-10-16 00:00:00,2025-10-16 00:00:00
288,27593,3,Linkedin,,,,,,https://www.linkedin.com/in/vikram-patel-a8983b106,1,1,0,2025-10-16 00:00:00,2025-10-16 00:00:00
289,27908,4,Senior relationship manager,,,,,uploads/document/1760638035_2d1e4dd7994087646f94.pdf,,1,1,0,2025-10-16 00:00:00,2025-10-16 00:00:00
290,30002,4,HR Manager,"A typical HR Manager job description includes managing all aspects of human resources practices and processes. This professional ensures the effective use of human capital to achieve business goals, while also taking care of employee needs and regulatory compliance.\r\nHere's a sample HR Manager job description \r\nThe ideal candidate will oversee all HR operations, ensuring compliance, driving employee engagement, and aligning people practices with business goals.",,,,uploads/document/1761205328_6357619a74611790668d.pdf,,1,1,0,2025-10-23 00:00:00,2025-10-23 00:00:00
291,28229,1,Data entry work,"Data entry work involves accurately inputting, updating, and maintaining data in computer systems or databases. This includes transferring information from paper documents or other sources into digital formats, verifying data accuracy, correcting errors, organizing files, and ensuring confidentiality and security of information.",,,,,,1,1,0,2025-10-23 00:00:00,2025-10-23 00:00:00
292,30295,2,Portfolio work,"Responsible for shooting, editing, and producing creative video content for brands and clients. Handles all aspects of video production including camera operation, lighting, sound, and post-production. Works closely with teams to bring concepts to life through engaging storytelling and professional editing.",https://drive.google.com/drive/folders/1-e6fE9p0Ven7wc-gmSydzH4PniUhKIOQ,,,,,1,1,0,2025-10-23 00:00:00,2025-10-23 00:00:00
293,30417,4,Store Manager,,,,,uploads/document/1761289506_1d6357d8dcb26cf42ae1.pdf,,1,1,0,2025-10-24 00:00:00,2025-10-24 00:00:00
294,30703,1,RO,Top class business and collection Satya micro captain,,,,,,1,1,0,2025-10-24 00:00:00,2025-10-24 00:00:00
295,26671,3,Portfolio,"Dedicated Node.js Developer with experience in backend architecture and full-stack web development. Skilled in building robust server-side applications, RESTful APIs, and database management systems.",,,,,https://sandeepguptax2003.github.io/,1,1,0,2025-10-25 00:00:00,2025-10-25 00:00:00
296,30521,3,Graphic Design Portfolio,,,,,,https://www.behance.net/Rohitsharma1503,1,1,0,2025-10-25 00:00:00,2025-10-25 00:00:00
297,30638,1,Professional Portfolio  Anup Kumar Das,"Anup Kumar Das is an operations and customer service expert with 10+ years in corporate and field settings. Specializing in process improvement and team management within telecommunications, he drives efficiency and accuracy, delivering 25% enhanced operational performance and superior customer satisfaction.",,,,,,1,1,0,2025-10-25 00:00:00,2025-10-25 00:00:00
298,27885,1,Me,I am best to my work.... honesty work,,uploads/document/1761403026_fc1f2ca595de13af7c0e.jpg,,,,1,1,0,2025-10-25 00:00:00,2025-10-25 00:00:00
299,21460,1,"I am looking a Job in any of these departments (Sourcing, Purchasing, PPC & Top management).",Management handelling \r\nProblem solving behaviour \r\nEffective communication \r\nFocusing on solution,,uploads/document/1761564002_86147e922ada73bc70f7.jpg,,,,1,1,0,2025-10-27 00:00:00,2025-10-27 00:00:00
300,32007,3,College Inventory,"Developed a secure login system using JWT authentication, ensuring 100% data integrity for 1,000+ students\r\nand faculty users.\r\n• Integrated Sanity (CMS) for department-specific data empowering admin to search, add items efficiently to a\r\ncart, and initiate procurement processes\r\n• Automated email notifications for checkouts using Nodemailer, and centralized order history with alerts and\r\ncontact feature for flexible administration and efficient user communication",,,,,https://hbtu-inventory.vercel.app,1,1,0,2025-10-27 00:00:00,2025-10-27 00:00:00
301,32279,4,Jagjit Singh Customer Service Support,"Jagjit Singh offers 15+ years of expertise in after-sale service, quality control, and purchase within consumer electronics and medical devices. Specializing in device calibration, functional testing, vendor development, and cost reduction, he delivers exceptional customer support and drives operational excellence.",,,,uploads/document/1761636923_865b36a12afa64bc1602.pdf,,1,1,0,2025-10-28 00:00:00,2025-10-28 00:00:00
302,32279,3,Jagjit Singh Customer Support,,,,,,https://in.linkedin.com/in/jagjit-singh-customer-support-quality,1,1,0,2025-10-28 00:00:00,2025-10-28 00:00:00
303,32436,1,Internship AI &ML,"Completed an AI & ML internship at ISRO, gaining hands-on experience in advanced machine learning models and data analysis for aerospace applications. Specialized in developing innovative AI solutions that enhance satellite data processing, demonstrating strong technical skills and contributing to impactful space research projects.",,uploads/document/1761717006_9dcd9067f43a9d74ac95.jpg,,,,1,1,0,2025-10-29 00:00:00,2025-10-29 00:00:00
304,32436,4,Atal yaan project,"Successfully completed the Atal Yaan internship project on OrbitX, showcasing expertise in aerospace technology and project management. Focused on innovative solutions in orbital mechanics, delivering impactful insights that enhance space mission efficiency and contribute to cutting-edge industry advancements.",,,,uploads/document/1761717291_206da2be99e7ba356c3a.pdf,,1,1,0,2025-10-29 00:00:00,2025-10-29 00:00:00
305,32898,3,My Portfolio,,,,,,https://dipakkumarsahu.netlify.app/,1,1,0,2025-10-29 00:00:00,2025-10-29 00:00:00
306,33194,3,Design Folio,,,,,,https://www.behance.net/manbirsingh#,1,1,0,2025-10-30 00:00:00,2025-10-30 00:00:00
307,33596,1,Pm surya yogna,"Pm Surya Yogna offers tailored financial solutions under the Pradhan Mantri Surya Yogna scheme, providing affordable solar energy products and services. With a focus on renewable energy adoption, it ensures cost-effective, eco-friendly power access, delivering sustainable impact and customer satisfaction.",,,,,,1,1,0,2025-10-31 00:00:00,2025-10-31 00:00:00
308,33629,1,Hotel Booking Systeam,https://hotelsudarshan.com/,,uploads/document/1761902361_d0ac3d4d56d634d8e91a.png,,,,1,1,0,2025-10-31 00:00:00,2025-10-31 00:00:00
309,34384,3,My Portfolio,,,,,,https://www.canva.com/design/DAG1HcWjHrk/qUmnBDertD4-j4vS9dpUjg/edit?ui=e30,1,1,0,2025-11-02 00:00:00,2025-11-02 00:00:00
310,34977,1,CUSTOMER SUPPORT ASSOSICATE FLIPKART,,,,,,,1,1,0,2025-11-03 00:00:00,2025-11-03 00:00:00
311,7288,1,portfolio 5,test,,,,,,1,1,0,2025-11-04 00:00:00,2025-11-04 00:00:00
312,7288,1,portfolio 5,test,,,,,,1,1,0,2025-11-04 00:00:00,2025-11-04 00:00:00
313,35180,3,Video editor,"With years of experience across diverse genres—commercials, branded content, documentaries, and social media videos—I bring technical expertise paired with creative vision. My editing style adapts to your unique needs, ensuring every cut, transition, and effect enhances the story you want to tell. By carefully crafting pace, color grading, sound design, and motion graphics, I create videos that hold attention and inspire action.",,,,,https://www.behance.net/lakshayanand,1,1,0,2025-11-04 00:00:00,2025-11-04 00:00:00
314,35997,3,Portfolio Website,,,,,,https://vishnu-portfolio-eight.vercel.app/,1,1,0,2025-11-06 00:00:00,2025-11-06 00:00:00
315,36064,3,PORTFOLIO,,,,,,https://www.behance.net/dhruvgraphic08,1,1,0,2025-11-06 00:00:00,2025-11-06 00:00:00
316,36317,2,Pre Wedding,Shoot and Edit by me,https://youtu.be/2bx0H9O4u7U,,,,,1,1,0,2025-11-07 00:00:00,2025-11-07 00:00:00
317,36317,2,Pre Wedding Teaser,Shoot and edit by me,https://youtu.be/xuGI7c_Ul00,,,,,1,1,0,2025-11-07 00:00:00,2025-11-07 00:00:00
318,36317,3,Brand Shoot,"Script writing, shoot and edit by me",,,,,https://www.instagram.com/reel/C_SDe5PyMkW/?utm_source=ig_web_button_share_sheet,1,1,0,2025-11-07 00:00:00,2025-11-07 00:00:00
319,36505,3,Gyan Ranjan Ojha profile,,,,,,https://gyanranjanojha.vercel.app/,1,1,0,2025-11-07 00:00:00,2025-11-07 00:00:00
320,36738,3,Vipul gupta portfolio,,,,,,https://www.behance.net/gallery/196160049/VIPUL-PORTFOLIO,1,1,0,2025-11-08 00:00:00,2025-11-08 00:00:00
321,37000,4,Kyc aml,"KYC AML Portfolio specializes in regulatory compliance solutions for the banking and financial sectors. With expertise in customer due diligence, risk assessment, and anti-money laundering strategies, we deliver tailored services that enhance compliance efficiency and mitigate financial crime risks, ensuring secure and transparent operations.",,,,uploads/document/1762672833_11cbb1dd85e0b71a9f4a.pdf,,1,1,0,2025-11-09 00:00:00,2025-11-09 00:00:00
322,37181,3,Portfolio,,,,,,https://www.behance.net/harshitgautam6,1,1,0,2025-11-09 00:00:00,2025-11-09 00:00:00
323,37228,4,resume,,,,,uploads/document/1762726271_214f37b35e0b48ab39bb.pdf,,1,1,0,2025-11-10 00:00:00,2025-11-10 00:00:00
324,37333,1,Logo design,,,uploads/document/1762758206_3f8cc73592b36213103f.png,,,,1,1,0,2025-11-10 00:00:00,2025-11-10 00:00:00
325,37939,3,P three C,,,,,,https://p3ctsl.com/,1,1,0,2025-11-12 00:00:00,2025-11-12 00:00:00
326,37939,3,J & B Technology and Innovations,,,,,,https://www.jbti.in/,1,1,0,2025-11-12 00:00:00,2025-11-12 00:00:00
327,37939,3,Artiquity,,,,,,https://artiquity.in/,1,1,0,2025-11-12 00:00:00,2025-11-12 00:00:00
328,37939,4,Pratyaya,,,,,uploads/document/1762886898_a08e7d60d99905313693.pdf,,1,1,0,2025-11-12 00:00:00,2025-11-12 00:00:00
329,37840,1,Global IT Leader Service Desk & IT Ops  Expert in Multi-Region Support.,"Seasoned IT leader specializing in strategic planning, infrastructure management, and cybersecurity compliance. Expert in driving enterprise-wide digital transformations, optimizing DevOps delivery, and building high-performing teams. Certified in ITIL, Six Sigma, and Prince2, delivering aligned IT roadmaps that enhance performance, security, and innovation.",,,,,,1,1,0,2025-11-12 00:00:00,2025-11-12 00:00:00
330,9492,1,Mr. Pavankumar Jamdade,"Pavankumar Jamdade is a dedicated professional known for his intelligence, strategic thinking, and strong work ethic. Committed to delivering impactful solutions, he excels in balancing professional excellence with family values, driving success and reliability in every endeavor.",,uploads/document/1763016527_b085a0da231f5f97a43b.jpg,,,,1,1,0,2025-11-13 00:00:00,2025-11-13 00:00:00
331,38050,4,Manager Client Delivery,"Expert in AML, KYC, and EDD operations across U.S. and Middle East markets, leading large teams to ensure 100% regulatory compliance. Proven track record in reducing false positives by 30%, enhancing fraud detection, and delivering 95%+ client satisfaction through process automation and rigorous audits.\r\nSix Sigma Green / Yellow / Black Belt",,,,uploads/document/1763036425_e25231c563541ec94513.pdf,,1,1,0,2025-11-13 00:00:00,2025-11-13 00:00:00
332,38335,2,Portfolio,i have videos of my previous work,https://drive.google.com/drive/folders/1x1K0rDJY7td014mewYLyqO4iSspx89BL,,,,,1,1,0,2025-11-17 00:00:00,2025-11-17 00:00:00
333,38397,3,Graphics designer,Graphic designer,,,,,https://drive.google.com/file/d/15lB5xwyvuOEQWnIYxH7C7rezLsvoinIK/view?usp=drive_link,1,1,0,2025-11-17 00:00:00,2025-11-17 00:00:00
334,38417,1,Lean manufacturing methodology,"Expert in lean manufacturing, specializing in waste reduction and efficiency enhancement. Delivers streamlined processes that boost productivity and lower costs, driving sustainable operational excellence across manufacturing sectors.",,,,,,1,1,0,2025-11-17 00:00:00,2025-11-17 00:00:00
335,38589,1,jhvkjuh,,,uploads/document/1763449208_53d43cb4e18496a570a9.jpeg,,,,1,1,0,2025-11-18 00:00:00,2025-11-18 00:00:00
336,38623,1,testing,bsdbdbbd,,uploads/document/1763449328_4616235dedbb98e2be94.jpg,,,,1,1,0,2025-11-18 00:00:00,2025-11-18 00:00:00
337,38593,1,fjhjhfg,ghger,,uploads/document/1763450141_cc912136572bf60f2e55.png,,,,1,1,1,2025-11-18 00:00:00,2025-11-18 00:00:00
338,38593,1,dhfr,qfjejf,,uploads/document/1763453286_3045e5ab2c5f3548a9e2.pdf,,,,1,1,1,2025-11-18 00:00:00,2025-11-18 00:00:00
339,38647,1,QA Engineer,,,,,,,1,1,0,2025-11-18 00:00:00,2025-11-18 00:00:00
340,26656,1,ghjhgjhh,sdfsdf,,,,,,1,1,1,2025-11-19 00:00:00,2025-11-19 00:00:00
341,38593,1,bfdbe,,,uploads/document/1763532529_68bc16a6986a4c1b05ce.pdf,,,,1,1,1,2025-11-19 00:00:00,2025-11-19 00:00:00
342,38593,1,Testing,,,uploads/document/1763540263_7c31bd8342a5a53d6873.pdf,,,,1,1,1,2025-11-19 00:00:00,2025-11-19 00:00:00
343,38593,4,djkfn1,ergregreg1,,,,uploads/document/1763543308_865a099af1e173d8d095.pdf,,1,1,1,2025-11-19 00:00:00,2025-11-19 00:00:00
344,38700,1,QA,,,uploads/document/1763632453_72ee579e7f74a797be8d.png,,,,1,1,0,2025-11-20 00:00:00,2025-11-20 00:00:00
345,26656,1,vdhdh,bxbxb,,uploads/document/1763740154_96c7da118d07476d2187.pdf,,,,1,1,1,2025-11-21 00:00:00,2025-11-21 00:00:00
346,38721,1,QA,Test,,uploads/document/1763726827_ec25cce257b76835c269.jpeg,,,,1,1,0,2025-11-21 00:00:00,2025-11-21 00:00:00
347,38734,1,Update Portfolio Details,Update Portfolio Details,,uploads/document/1763965887_e9639d0f39b98963e160.png,,,,1,1,0,2025-11-24 00:00:00,2025-11-24 00:00:00
348,38672,4,Newww,,,,,uploads/document/1763969497_b0c63b8778b0d6e876ee.pdf,,1,1,0,2025-11-24 00:00:00,2025-11-24 00:00:00
349,38722,1,QA,,,uploads/document/1764056542_2b82ef0be6408c30251f.png,,,,1,1,0,2025-11-25 00:00:00,2025-11-25 00:00:00
350,38593,1,hgjrg,wefgewfew,,uploads/document/1764138623_8908836d847b393f0af8.pdf,,,,1,1,1,2025-11-26 00:00:00,2025-11-26 00:00:00
351,38593,1,gjfj,dshdrh,,uploads/document/1764138794_1005ddaaa94fc04bf01e.png,,,,1,1,1,2025-11-26 00:00:00,2025-11-26 00:00:00
352,38593,1,testing,sdf,,uploads/document/1764220907_1c6cd4117a389e6dbc3d.png,,,,1,1,1,2025-11-27 00:00:00,2025-11-27 00:00:00
353,38593,4,title,vdsf,,,,uploads/document/1764221549_df5f30e7ac9d003aa94f.pdf,,1,1,1,2025-11-27 00:00:00,2025-11-27 00:00:00
354,38593,4,testing,deresf,,,,uploads/document/1764221582_e033bd0b3022c5e20c22.pdf,,1,1,1,2025-11-27 00:00:00,2025-11-27 00:00:00
355,38593,4,title,vsdvds,,,,uploads/document/1764222443_09d267218147ee210063.pdf,,1,1,1,2025-11-27 00:00:00,2025-11-27 00:00:00
356,38593,4,title2,,,,,uploads/document/1764223233_6603107efdb7202b9f66.pdf,,1,1,1,2025-11-27 00:00:00,2025-11-27 00:00:00
357,38593,4,efr,wefewf,,,,uploads/document/1764223759_f2d4dd9f6f6f1329f30e.pdf,,1,1,1,2025-11-27 00:00:00,2025-11-27 00:00:00
358,38593,1,ssa,sdfsad,,uploads/document/1764223792_d566a29f121c2d8ed033.png,,,,1,1,1,2025-11-27 00:00:00,2025-11-27 00:00:00
359,38593,4,sas,sda,,,,uploads/document/1764223809_5acc65b145747e53d735.pdf,,1,1,1,2025-11-27 00:00:00,2025-11-27 00:00:00
360,38593,1,sadsa,sdfsd,,uploads/document/1764223843_3a2eb095705d3a465cd6.pdf,,,,1,1,1,2025-11-27 00:00:00,2025-11-27 00:00:00
361,38593,1,scdsz,zssd,,uploads/document/1764223889_c01c677ab99b1ed0fe52.pdf,,,,1,1,1,2025-11-27 00:00:00,2025-11-27 00:00:00
362,38593,1,xdas,ADXAD,,uploads/document/1765612791_54526b72246f49a9fa1c.pdf,,,,1,1,1,2025-11-27 00:00:00,2025-12-13 00:00:00
363,38800,1,QA Engineer,,,,,,,1,1,0,2025-11-29 00:00:00,2025-11-29 00:00:00
364,38800,1,PHP Dev,,,uploads/document/1764396729_301513d1a85a18287ca7.png,,,,1,1,0,2025-11-29 00:00:00,2025-11-29 00:00:00
365,38845,1,QA Engineer,Test,,uploads/document/1764655336_06c4af0615845b0d483d.png,,,,1,1,0,2025-12-02 00:00:00,2025-12-02 00:00:00
366,38851,1,QA Engineer,Test,,uploads/document/1764659415_e5598979af2b5d42c40c.jpeg,,,,1,1,0,2025-12-02 00:00:00,2025-12-02 00:00:00
367,38854,1,QA,,,uploads/document/1764678166_8da86d8b4e66c363398a.png,,,,1,1,0,2025-12-02 00:00:00,2025-12-02 00:00:00
368,639,1,jjl,,,uploads/document/6e2b2f1379759a353f35b14015fb9bf9ee97d9e49364a5cfc5b344c7b74d2c68.jpg,,,,1,1,0,2025-12-02 00:00:00,2026-05-14 00:00:00
369,38855,1,QA Engineer,,,uploads/document/1764749388_d8d501f57b7994ea8bf5.png,,,,1,1,0,2025-12-03 00:00:00,2025-12-03 00:00:00
370,38857,1,QA,,,uploads/document/1764742566_d0f5eb1a51d66cac6b38.png,,,,1,1,0,2025-12-03 00:00:00,2025-12-03 00:00:00
371,38855,1,QE,,,uploads/document/1764749408_9f7af1c7bbc63ece296e.png,,,,1,1,0,2025-12-03 00:00:00,2025-12-03 00:00:00
372,38860,1,QA,,,uploads/document/1764749452_f2b28c7e8122f2153f8c.png,,,,1,1,1,2025-12-03 00:00:00,2025-12-06 00:00:00
373,2670,1,kjjkjkjkk jhbkjkjjk,,,,,,,1,1,1,2025-12-06 00:00:00,2025-12-06 00:00:00
374,2670,1,hgjghjgjh,,,,,,,1,1,0,2025-12-06 00:00:00,2025-12-06 00:00:00
375,2670,1,trfggffg gfgfgf,,,,,,,1,1,0,2025-12-06 00:00:00,2025-12-06 00:00:00
376,38860,1,QA,,,,,,,1,1,0,2025-12-13 00:00:00,2026-01-16 00:00:00
377,38860,1,QA Engineer,Test,,,,,,1,1,0,2025-12-16 00:00:00,2025-12-16 00:00:00
378,38593,4,vgjfg,dbfdg,,,,,,1,1,1,2025-12-17 00:00:00,2025-12-17 00:00:00
379,38593,3,csd,asFsaf,,,,,,1,1,1,2025-12-17 00:00:00,2025-12-17 00:00:00
380,38593,2,dgds,,,,,,,1,1,1,2025-12-17 00:00:00,2025-12-17 00:00:00
381,38593,3,gsg,sgasf,,,,,,1,1,1,2025-12-17 00:00:00,2025-12-17 00:00:00
382,38593,1,tthtr,thyt,,uploads/document/1765967078_b2bd5ac027caea2d5dd1.pdf,,,,1,1,1,2025-12-17 00:00:00,2025-12-17 00:00:00
383,38593,3,eeqeq2,wrqrq,,,,,,1,1,1,2025-12-17 00:00:00,2025-12-17 00:00:00
384,38863,3,shmlfc,,,,,,,1,1,1,2025-12-18 00:00:00,2025-12-18 00:00:00
385,19,1,image only,image,,uploads/document/1766141051_449175269dbbeb6e7c1a.jpg,,,,1,1,0,2025-12-19 00:00:00,2025-12-19 00:00:00
386,38593,3,ghgg,ghgju,,,,,,1,1,1,2025-12-20 00:00:00,2025-12-20 00:00:00
387,2670,2,This is video portfolio,"A captivating R&amp;B music video shoot showcasing exceptional visual storytelling and soulful performances. Expertly crafted to engage audiences on YouTube, blending artistic direction with high-quality production to elevate the song’s emotional impact and brand presence.",https://www.youtube.com/watch?v=FCFzydZh8FY&list,,,,,1,1,0,2025-12-22 00:00:00,2025-12-22 00:00:00
388,2670,1,fggfgf,gffggfgf,,uploads/document/1766387972_38eba65f59628113106a.png,,,,1,1,0,2025-12-22 00:00:00,2025-12-22 00:00:00
389,38872,1,QA,,,uploads/document/1766398162_d0f0caaa4ec7492974ed.png,,,,1,1,1,2025-12-22 00:00:00,2025-12-22 00:00:00
390,38829,1,asd,asda s,,uploads/document/1766736533_6470c4690d4e2bd2d703.png,,,,1,1,1,2025-12-26 00:00:00,2025-12-26 00:00:00
391,38918,2,QA,Testing,,,,,,1,1,0,2025-12-30 00:00:00,2025-12-30 00:00:00
392,38593,1,title1,sdfcdf,,,,,,1,1,1,2025-12-30 00:00:00,2025-12-30 00:00:00
393,38593,4,fdwfw,dfaweew,,,,,,1,1,1,2025-12-30 00:00:00,2025-12-30 00:00:00
394,5014,1,trete,,,uploads/document/1e3f1e869090c6968c383c9a554107db6865ff45dc06f03f9aa43b42263dbdee.png,,,,1,1,0,2025-12-30 00:00:00,2026-01-14 00:00:00
395,5014,2,sfdsaf,,https://www.youtube.com/shorts/hCZ1h6oIqLA,,,,,1,1,0,2025-12-30 00:00:00,2025-12-30 00:00:00
396,5014,4,sdefrsde,,,,,uploads/document/8d28cc9425a030067d86b282cc86301fca4a30aab6ece9b3e638f53cdda88b59.pdf,,1,1,0,2025-12-30 00:00:00,2025-12-30 00:00:00
397,26656,1,asdasdasd,,,uploads/document/27a2fe8c70666ae85736f39e4a3302ce15d4737a0b9b9a4f123047502b60c933.pdf,,,,1,1,1,2025-12-30 00:00:00,2025-12-30 00:00:00
398,26656,1,adasdasd,asdasdasd,,,,,,1,1,1,2025-12-30 00:00:00,2025-12-30 00:00:00
399,26656,1,dsdfsdfsdf,,,uploads/document/f1b546284927c8628535d9e10fbc82c16bda57e82ee3261e2ff2328534b7af58.jpg,,,,1,1,1,2025-12-30 00:00:00,2025-12-30 00:00:00
400,26656,3,adasd,asdasdadsas,,,,,,1,1,1,2025-12-30 00:00:00,2025-12-30 00:00:00
401,26656,3,Imageasd,asdasdasdasd,,,,,https://www.youtube.com/trycatchofficial,1,1,0,2025-12-30 00:00:00,2025-12-31 00:00:00
402,26656,1,asdasd,asdasd,,uploads/document/f3aa1da2983edf6262a2c106f30e904e3cbe62ee066f62c0554fa7b7b0ee9936.jpg,,,,1,1,0,2025-12-31 00:00:00,2025-12-31 00:00:00
403,38593,4,Title,hello this is only for testing purpose,,,,uploads/document/6e01a6009b22e51fb23e6b10f458e06548749465ff75e35edafe09782dd6d371.pdf,,1,1,0,2026-01-02 00:00:00,2026-01-07 00:00:00
404,38938,1,QA,Test,,uploads/document/baf62dd3d8069b78749ffcb4ed74e04d8b4ce1e498abf6af6cc925ecd08bd23c.jpg,,,,1,1,1,2026-01-05 00:00:00,2026-01-05 00:00:00
405,38938,4,QA Test,Testing,,,,uploads/document/9a951f31da3157bbe508022fd3548adb9de533bd9e4b101c22a3e441023cccd5.pdf,,1,1,0,2026-01-05 00:00:00,2026-01-05 00:00:00
406,38593,3,testsing,dgdfgrfg,,,,,,1,1,1,2026-01-05 00:00:00,2026-01-05 00:00:00
407,38593,1,testing,dsjkgrejlgi,,uploads/document/e72185043c27bf053ab94357809c47e464de4054488d4a079c40811299aeb480.png,,,,1,1,0,2026-01-07 00:00:00,2026-01-07 00:00:00
408,38971,1,Testing,shhshs,,uploads/document/7801ee90a997cc59a78f8d2a97331c331aa1c7a3e5881126a00fac02bc6859ee.jpg,,,,1,1,0,2026-01-08 00:00:00,2026-01-08 00:00:00
409,39001,1,Title,hello testing,,https://ccpl-s3.s3.ap-south-1.amazonaws.com/uploads/document/5f72d4faadd4bf614fbef1e29f30ff1d87640a4053de03b6a6d5f6af9b278a97.png,,,,1,1,1,2026-01-12 00:00:00,2026-01-12 00:00:00
410,39001,4,sdAAS,sdfasda,,,,https://ccpl-s3.s3.ap-south-1.amazonaws.com/uploads/document/efe151892afac4f09f5d2e8386b0ccc4282ca36b9a6d02fbca53d67408c8a7ef.pdf,,1,1,1,2026-01-12 00:00:00,2026-01-12 00:00:00
411,39001,4,rgtr,warwr,,,,https://ccpl-s3.s3.ap-south-1.amazonaws.com/uploads/document/efe151892afac4f09f5d2e8386b0ccc4282ca36b9a6d02fbca53d67408c8a7ef.pdf,,1,1,1,2026-01-12 00:00:00,2026-01-12 00:00:00
412,39001,4,sfgsedffvjhm,awsdwadwhcjn,,,,https://ccpl-s3.s3.ap-south-1.amazonaws.com/uploads/document/efe151892afac4f09f5d2e8386b0ccc4282ca36b9a6d02fbca53d67408c8a7ef.pdf,,1,1,1,2026-01-12 00:00:00,2026-01-12 00:00:00
413,38985,1,Dummy Portfolio Title,Dummy Portfolio Description,,https://ccpl-s3.s3.ap-south-1.amazonaws.com/uploads/document/4e67bffddaf1299ae8bf9719ce33445b5839627c1e3dc5aedc2f244eb0969b6a.png,,,,1,1,1,2026-01-13 00:00:00,2026-01-13 00:00:00
414,39003,1,testing,shshhsh,,https://ccpl-s3.s3.ap-south-1.amazonaws.com/uploads/document/afc7080e80e24eb282fff22feaad3741d5a6d63f80c5a45e242006504b01ea7f.jpg,,,,1,1,0,2026-01-13 00:00:00,2026-01-13 00:00:00
415,39003,4,syey,bsdbbdb,,,,https://ccpl-s3.s3.ap-south-1.amazonaws.com/uploads/document/2b1d47468788277c6865e74575900d509f1357b543dec85f74d138ea194c1e45.pdf,,1,1,0,2026-01-13 00:00:00,2026-01-13 00:00:00
416,39005,4,QA,Tets,,,,https://ccpl-s3.s3.ap-south-1.amazonaws.com/uploads/document/9a951f31da3157bbe508022fd3548adb9de533bd9e4b101c22a3e441023cccd5.pdf,,1,1,0,2026-01-13 00:00:00,2026-01-13 00:00:00
417,38985,3,akldjfahf ahf,aja;dfk alk;djf akdjf ;ajf,,,,,https://javiercbk.github.io/json_to_dart/,1,1,1,2026-01-14 00:00:00,2026-01-14 00:00:00
418,38985,2,video,video d,https://javiercbk.github.io/json_to_dart/,,,,,1,1,1,2026-01-14 00:00:00,2026-01-14 00:00:00
419,38985,1,image,image desc,,uploads/document/80c59ea17e9601b8165266872483aa8d7e0eeab67b6d85e589ce1ec01e82f899.png,,,,1,1,1,2026-01-14 00:00:00,2026-01-14 00:00:00
420,38985,1,image title,img description,,uploads/document/37f7d3c39f657f8628b66d6e9dd1817ea6e42167b383f1df0d3e37b763223dde.jpg,,,,1,1,1,2026-01-14 00:00:00,2026-01-14 00:00:00
421,38985,2,video link,video link desc,www.youtubevideo.com,,,,,1,1,1,2026-01-14 00:00:00,2026-01-14 00:00:00
422,38985,3,url title,url description,,,,,www.urlorlink.com,1,1,1,2026-01-14 00:00:00,2026-01-14 00:00:00
423,38985,4,pdf title,pdf description,,,,uploads/document/2c825e9f9b939251afaf244e8fabc4c30f7fa09bfd7bcd07685f633c0e833d2a.pdf,,1,1,1,2026-01-14 00:00:00,2026-01-14 00:00:00
424,38985,2,youtube video title,youtube desc,https://javiercbk.github.io/json_to_dart/,,,,,1,1,1,2026-01-14 00:00:00,2026-01-14 00:00:00
425,38985,3,url or link title,url or link de,,,,,https://collarcheckbeta.com/dummy-certivicate-url,1,1,1,2026-01-14 00:00:00,2026-01-14 00:00:00
426,38985,1,image title,image description,,uploads/document/37f7d3c39f657f8628b66d6e9dd1817ea6e42167b383f1df0d3e37b763223dde.jpg,,,,1,1,0,2026-01-14 00:00:00,2026-01-14 00:00:00
427,38985,2,video title,video description,https://www.video.com,,,,,1,1,1,2026-01-14 00:00:00,2026-01-14 00:00:00
428,38985,3,url or link title,url or link description,,,,,https://urlorlink.com,1,1,1,2026-01-14 00:00:00,2026-01-14 00:00:00
429,38985,4,pdf title,pdf description,,,,uploads/document/2c825e9f9b939251afaf244e8fabc4c30f7fa09bfd7bcd07685f633c0e833d2a.pdf,,1,1,0,2026-01-14 00:00:00,2026-01-14 00:00:00
430,38985,2,video title,video description,https://www.youtubevideolink.com,,,,,1,1,1,2026-01-14 00:00:00,2026-01-14 00:00:00
431,38985,2,video title,video description,https://www.youtubelink.com,,,,,1,1,1,2026-01-14 00:00:00,2026-01-14 00:00:00
432,39036,1,drty,erftewrtfewr,,uploads/document/dcd3da77605f3463fc6138118fcb00e36e1fe438d759fa9044d94981d47d8f64.jpg,,,,1,1,0,2026-01-15 00:00:00,2026-01-15 00:00:00
433,39036,4,adawsd asfwsadf,asdawsdw,,,,uploads/document/efe151892afac4f09f5d2e8386b0ccc4282ca36b9a6d02fbca53d67408c8a7ef.pdf,,1,1,0,2026-01-15 00:00:00,2026-01-15 00:00:00
434,39039,1,QA,test,,uploads/document/29aa226a9dbec1b2777b8195fa7b735d31c3a073708812ce29fb0a0bf709e10c.jpg,,,,1,1,0,2026-01-16 00:00:00,2026-01-16 00:00:00
435,39046,1,fsdsdfsdf,afsasfafs,,uploads/document/ab7baeae1129b4cf6b321b7dfdff6b8d5c30e9f52d84e77ff712c59220f942a2.jpeg,,,,1,1,1,2026-01-17 00:00:00,2026-01-17 00:00:00
436,39046,1,sfdfsdf,dfsdfsdf,,uploads/document/b605e67587b476eccea76c71d230309ad6e3d6c465914e0a645bb21da6db6200.jpeg,,,,1,1,0,2026-01-17 00:00:00,2026-01-17 00:00:00
437,39053,1,eheh,whhshsjsj,,uploads/document/b5b30f17c5deb1c13003cb394869011dfcb59844c3408cd3cf082eddbbf991d8.jpg,,,,1,1,0,2026-01-20 00:00:00,2026-01-20 00:00:00
438,39057,1,Mithoon,Scuba Dancer,,uploads/document/29aa226a9dbec1b2777b8195fa7b735d31c3a073708812ce29fb0a0bf709e10c.jpg,,,,1,1,0,2026-01-21 00:00:00,2026-01-21 00:00:00
439,39057,1,Nisarg,Genious Parle G,,uploads/document/4b6722d28e7a0d655dcdae0c8abbae0a4251d3e1702ab9a8cf7b3a02e79de6de.jpg,,,,1,1,1,2026-01-21 00:00:00,2026-01-21 00:00:00
440,39054,1,tghd,shs,,uploads/document/b395e7ceebf989e150f42bb87c7e43d3024a7193e6b3287da0d85d63cfbd7489.jpg,,,,1,1,1,2026-01-21 00:00:00,2026-01-21 00:00:00
441,39054,1,fghd,fdxghdfg,,uploads/document/b395e7ceebf989e150f42bb87c7e43d3024a7193e6b3287da0d85d63cfbd7489.jpg,,,,1,1,0,2026-01-21 00:00:00,2026-01-21 00:00:00
442,39080,4,QA,,,,,uploads/document/fd6b91ef16cfbcfe0b2903fa6d3a0bad579fe3df462ae289feab4b8af2dc3fe5.pdf,,1,1,0,2026-01-23 00:00:00,2026-01-30 00:00:00
443,39099,1,QA,Test,,uploads/document/d2e3eefb8405adc1bac839b6d8f4340fa59c068fee5e7bfcd622d9e11e7bd4e4.jpg,,,,1,1,0,2026-01-23 00:00:00,2026-01-23 00:00:00
444,39117,1,QA Engineer,test,,uploads/document/29aa226a9dbec1b2777b8195fa7b735d31c3a073708812ce29fb0a0bf709e10c.jpg,,,,1,1,1,2026-01-28 00:00:00,2026-01-28 00:00:00
445,39001,1,shhshs,shhss,,uploads/document/08fa336f8fd1fb87502023eca43868fe067d96e38fc7a8e06248943cd466062a.jpg,,,,1,1,1,2026-01-28 00:00:00,2026-02-06 00:00:00
446,39001,4,testing,bndfnbkf,,,,uploads/document/f729d33c6a6b13ad79eac4b2f5e00a24c3bd262292e4048c3f814dd5410f1c48.pdf,,1,1,1,2026-01-31 00:00:00,2026-01-31 00:00:00
447,38829,1,test,"sfsg specializes in innovative solutions delivering exceptional results across diverse industries. Our expertise includes advanced technology integration, strategic consulting, and customized services, ensuring client growth and efficiency. Committed to excellence, we drive impactful outcomes through tailored, forward-thinking approaches.",,uploads/document/955593f82658a166b3225a25bf50bf0ff3d58cc0f0fd9efb988a23afe61d2cfe.png,,,,1,1,0,2026-01-31 00:00:00,2026-01-31 00:00:00
448,39001,4,rdgr,sedrfedsrf,,,,uploads/document/f729d33c6a6b13ad79eac4b2f5e00a24c3bd262292e4048c3f814dd5410f1c48.pdf,,1,1,1,2026-01-31 00:00:00,2026-01-31 00:00:00
449,39132,1,QA Test,Test,,uploads/document/e8d122bc8a682e1bf64d6b50750a0c2ed799275ba7300040cac8447cb6035aab.jpg,,,,1,1,0,2026-02-03 00:00:00,2026-02-03 00:00:00
450,39137,4,QA,Test,,,,uploads/document/6afde3008b6246e26aa9b411c5f5be817eac62b2cf82c69ab44192ab8371d5a9.pdf,,1,1,0,2026-02-03 00:00:00,2026-02-03 00:00:00
451,39168,1,testing,hshsh,,uploads/document/decece7133e807767dee65fcca088b83d9463c8fc7b8e9bfe0e2accedd28014d.jpg,,,,1,1,0,2026-02-05 00:00:00,2026-02-05 00:00:00
452,39001,4,shfg,basergre,,,,uploads/document/97fa8e2f2e9684d7aeab3c542637c11ba2b1f93b9d3d6d0da123ca93568fa11e.pdf,,1,1,1,2026-02-06 00:00:00,2026-02-06 00:00:00
453,39001,4,fgh,sgsedfg,,,,uploads/document/97fa8e2f2e9684d7aeab3c542637c11ba2b1f93b9d3d6d0da123ca93568fa11e.pdf,,1,1,1,2026-02-06 00:00:00,2026-02-06 00:00:00
454,39001,4,testing,this is for testing,,,,,,1,1,1,2026-02-06 00:00:00,2026-02-06 00:00:00
455,39001,4,teast,sbdhh,,,,uploads/document/f4bcdfe74f5148c634dbdca9e97f9bb87240205d9b5cc83cf4d51fc8af3b21b2.pdf,,1,1,1,2026-02-06 00:00:00,2026-02-27 00:00:00
456,39001,1,sggw,shahh,,,,,,1,1,1,2026-02-06 00:00:00,2026-02-06 00:00:00
457,39001,1,title,vzshh,,,,,,1,1,1,2026-02-06 00:00:00,2026-02-06 00:00:00
458,39169,1,QA Engineer,test,,uploads/document/29aa226a9dbec1b2777b8195fa7b735d31c3a073708812ce29fb0a0bf709e10c.jpg,,,,1,1,0,2026-02-06 00:00:00,2026-02-06 00:00:00
459,39210,4,fdasdf,asdfasdf,,,,uploads/document/7b15d74abe6cb78688642a35cfa3c7bbe1d5afd5aed0f9420c06fcff5c2d1acb.pdf,,1,1,0,2026-02-09 00:00:00,2026-02-09 00:00:00
460,39124,1,adsfasd,adsfsdaf dfa,,uploads/document/bc80e22e9554a149522ffb834b9ad93ebc5a72f40e600c0dd52ac65fd063f61c.jpg,,,,1,1,0,2026-02-10 00:00:00,2026-02-10 00:00:00
461,39001,4,testing,mvkfd  dfnvfv,,,,,,1,1,1,2026-02-19 00:00:00,2026-02-19 00:00:00
462,38985,1,gfhgfd,cghfd fdhg df,,uploads/document/b395e7ceebf989e150f42bb87c7e43d3024a7193e6b3287da0d85d63cfbd7489.jpg,,,,1,1,0,2026-02-21 00:00:00,2026-02-21 00:00:00
463,39293,4,Testin g,zxvjbfxjdvbndfzb,,,,uploads/document/211cde9ec06aa5f1fbe5cf3dc902268101a7bc29fa37afc4ea66510049010afc.pdf,,1,1,0,2026-02-21 00:00:00,2026-02-21 00:00:00
464,39001,4,Testing,this is for,,,,,,1,1,1,2026-02-27 00:00:00,2026-02-27 00:00:00
465,39001,4,this is testing,hello this is for testing only,,,,uploads/document/91fd438173e0bbb9f76dc1cccd884eaa2f7a7b14a54f57c90f256ee59a4002c3.pdf,,1,1,1,2026-02-27 00:00:00,2026-04-11 00:00:00
466,39316,1,Nwew,sfsfs sf sfslk fsjfs fslf sfjss,,uploads/document/3a2f00f9a349368bd7a99fd93eb7c61ca2883927897e981d95bfe1ae49742855.png,,,,1,1,0,2026-03-10 00:00:00,2026-03-10 00:00:00
467,39316,4,fgsgwsgwg,wegwgwegew,,,,uploads/document/ef88691576d9656a368e5652a333f412c77da6b4ee723d0c4f134af67c957c3f.pdf,,1,1,0,2026-03-10 00:00:00,2026-03-10 00:00:00
468,39331,1,QA,,,uploads/document/07c0369e861931dae94950a05f3e343fe994f4d8540c974617f1e06453ff1427.png,,,,1,1,0,2026-03-11 00:00:00,2026-03-11 00:00:00
469,39332,4,QA,,,,,uploads/document/fd6b91ef16cfbcfe0b2903fa6d3a0bad579fe3df462ae289feab4b8af2dc3fe5.pdf,,1,1,0,2026-03-11 00:00:00,2026-03-11 00:00:00
470,39381,1,testing,this is only for testing,,uploads/document/e198bcec731ddbd49f5f24373a49ca9d02caf74094ad8e45cb5ed5b1bb6f85aa.jpg,,,,1,1,0,2026-03-24 00:00:00,2026-03-24 00:00:00
471,39314,1,sderfgasd,sdzfxgsdfg,,uploads/document/9fa1830f77cd9aae01ce4ac2ad8de22f4189448e3f9b3c04cda72e0b2db33666.jpg,,,,1,1,1,2026-04-02 00:00:00,2026-04-02 00:00:00
472,39335,3,gaurav portfolio,"Gaurav’s portfolio showcases expertise in innovative technology solutions across finance and healthcare sectors. Offering tailored software development and data analytics services, Gaurav delivers impactful, scalable results that drive efficiency and business growth, combining technical excellence with client-focused innovation.",,,,,https://gauravportfolio.kesug.com,1,1,0,2026-04-11 00:00:00,2026-04-11 00:00:00
473,39001,1,testing,This is only for testing purpose,,uploads/document/b148f61865a0104118922db17bd628e9512606a24a5ed53adf2584b1e8849104.jpg,,,,1,1,1,2026-05-09 00:00:00,2026-05-09 00:00:00
474,39001,1,texting,shdjqhjdhqjwhd,,,,,,1,1,1,2026-05-14 00:00:00,2026-05-14 00:00:00
475,639,1,New,Great Image 2,,uploads/document/f69463f566829ab1da56187f9640d4b1dfd3f587ebbe2449397a8e8ec09bcac8.png,,,,1,1,0,2026-05-15 00:00:00,2026-05-15 00:00:00
476,39001,1,testing sbbsbs,hssnjdjdjd,,,,,,1,1,1,2026-05-22 00:00:00,2026-06-04 00:00:00
477,39001,1,title test,this is for testing only,,,,,,1,1,1,2026-05-28 00:00:00,2026-05-28 00:00:00
478,40119,1,cloud recon,its a my project which i worked on,,,,,,1,1,1,2026-05-28 00:00:00,2026-05-28 00:00:00
479,40119,1,cloud recon,I worked on this project,,,,,,1,1,1,2026-05-28 00:00:00,2026-05-28 00:00:00
480,40119,1,Cloud Recon,I worked on these type of projectefewewfe,,,,,,1,1,1,2026-05-28 00:00:00,2026-05-29 00:00:00
481,40119,4,Cloud Recon,I worked on these type of project like Cloud portal where we show on-premise data,,,,,,1,1,0,2026-05-28 00:00:00,2026-05-29 00:00:00
482,40119,1,Collar Check new,Mainly work on these,,uploads/document/b4b21f08215e71bd3b2ad0c40e2c8bc236dda08c712275d5e8f243b0ea611b08.jpeg,,,,1,1,0,2026-05-29 00:00:00,2026-05-29 00:00:00
483,40119,4,cv_varttika,"In this, I was responsible for understanding the requirements and accepted criteria area",,,,uploads/document/d105d8275fbf36c7d890729aa7c78daf94e859954ecfbefb31111605641ec90a.pdf,,1,1,1,2026-05-29 00:00:00,2026-05-29 00:00:00
484,639,1,fsf,,,,,,,1,1,1,2026-06-03 00:00:00,2026-06-03 00:00:00
485,639,1,fsf,,,,,,,1,1,1,2026-06-03 00:00:00,2026-06-03 00:00:00
486,639,4,klsafsa,"Experienced Frontend Developer specializing in React.js and Next.js to build responsive, scalable web applications. Proficient in JavaScript, TypeScript, and modern CSS frameworks, delivering optimized performance and seamless user experiences through effective API integration and UI component development.",,,,uploads/document/d8a0b54740116952a67d82e3534fe40b75e02d53cf29183a384eb81155e4f202.pdf,,1,1,0,2026-06-03 00:00:00,2026-06-03 00:00:00
487,19,1,ewrwr,ewrwrw,,uploads/document/11b79c72cfa6eb64934408cc74739bb6276e66105c13a208085abec7687a9f9b.jpg,,,,1,1,0,2026-06-04 00:00:00,2026-06-04 00:00:00
488,39314,1,asdfga a,agf sdfh dsfg,,,,,,1,1,1,2026-06-04 00:00:00,2026-06-04 00:00:00
489,39001,1,title,djvdhjvh h h h,,uploads/document/c8b0b9ae1227322c6e5b1e7a45988525167a8966ab2cdc7c6e1a63353dea73b8.jpg,,,,1,1,1,2026-06-05 00:00:00,2026-06-24 00:00:00
490,40222,1,title,this is for testing,,uploads/document/234b468c1f78343ebe179d183bb9388b82e98bcb8ce301ae4afb33d5867f60af.jpg,,,,1,1,0,2026-06-05 00:00:00,2026-06-05 00:00:00
491,40245,1,dfsf,rtet,,,,,,1,1,0,2026-06-06 00:00:00,2026-06-06 00:00:00
492,40265,1,safa,,,uploads/document/cfaab617c5cb5c61d748e46f2aca28437f82c946b992ca9ac3b4f8ce761a28eb.png,,,,1,1,0,2026-06-08 00:00:00,2026-06-08 00:00:00
493,40265,1,asfa,fasfa,,uploads/document/cfaab617c5cb5c61d748e46f2aca28437f82c946b992ca9ac3b4f8ce761a28eb.png,,,,1,1,0,2026-06-08 00:00:00,2026-06-08 00:00:00
494,19,1,dffsf,,,uploads/document/57d18feaeca3e80e49443ad61a80ec2db7e66aac4b2ae06400f074db1bf3bb2a.png,,,,1,1,0,2026-06-10 00:00:00,2026-06-10 00:00:00
495,40119,4,CollarCheck Portfolio Management Dashboard,"Developed the CollarCheck Portfolio Management Dashboard, a web-based platform enhancing professional visibility and portfolio organization. It offers intuitive management of multimedia entries, profile and company connections, job applications, and certifications, delivering a seamless, responsive user experience focused on engagement and career growth.",,,,uploads/document/ef81d7c5b77c5d12d06805a1da39ffc2563a42af741a1c28298709c806ae7043.pdf,,1,1,0,2026-06-12 00:00:00,2026-06-12 00:00:00
496,40352,1,dds,,,uploads/document/7fb18515dcfb38a1ce8384bde3e37436869609f84593d1b6c7fdeeaa4c9d4030.png,,,,1,1,0,2026-06-13 00:00:00,2026-06-13 00:00:00
497,40352,1,dds,,,uploads/document/7fb18515dcfb38a1ce8384bde3e37436869609f84593d1b6c7fdeeaa4c9d4030.png,,,,1,1,0,2026-06-13 00:00:00,2026-06-13 00:00:00
498,40352,4,sad,,,,,uploads/document/15e4b6819f5ecadf420f765576a7e1cc2d27554589d89df53548e318c276baff.pdf,,1,1,0,2026-06-13 00:00:00,2026-06-13 00:00:00
499,40452,1,Collar Check,"CollarCheck is a professional hiring platform that connects verified job seekers with employers, enhancing transparency and efficiency. It enables profile verification, job applications, and employer ratings, empowering credible talent discovery and streamlined recruitment processes.",,uploads/document/a6d432817caae50d6626c0baaedbdd8fe957c36630450b78840384a3fea679be.png,,,,1,1,0,2026-06-19 00:00:00,2026-06-19 00:00:00
500,40279,1,njh,,,uploads/document/7fb18515dcfb38a1ce8384bde3e37436869609f84593d1b6c7fdeeaa4c9d4030.png,,,,1,1,0,2026-06-20 00:00:00,2026-06-20 00:00:00
501,40465,1,PHP Engineer,,,uploads/document/c61523c01f2e5ad73048a7a68fc68bc02d746d1e0317a6c95bc188470995c584.png,,,,1,1,0,2026-06-22 00:00:00,2026-06-22 00:00:00
502,40465,1,PHP,,,uploads/document/52fd41599927f58048877d3b850be5c2c644b34a75c160728d294db7c9aa2e6e.png,,,,1,1,0,2026-06-22 00:00:00,2026-06-22 00:00:00
503,40465,4,QA,,,,,uploads/document/09634b284afbd636c973ee04535de09d7c7e71abffe7630bc6f18edec4f06fb1.pdf,,1,1,0,2026-06-22 00:00:00,2026-06-22 00:00:00
504,40290,4,fsfsfs,,,,,uploads/document/1ce9d749203a710bd9dc11e8cca7bc16dd0c926ad35d4c224de2698baeb693fe.pdf,,1,1,0,2026-06-23 00:00:00,2026-06-23 00:00:00
505,40290,1,sfsf,,,uploads/document/12f2db0b41b06ce24c4f72b24647444159564778eda67420f7b4d8cfc36b090b.jfif,,,,1,1,0,2026-06-23 00:00:00,2026-06-23 00:00:00
506,38860,1,QA,,,uploads/document/52fd41599927f58048877d3b850be5c2c644b34a75c160728d294db7c9aa2e6e.png,,,,1,1,0,2026-06-25 00:00:00,2026-06-25 00:00:00
507,38860,4,QA,,,,,uploads/document/fd6b91ef16cfbcfe0b2903fa6d3a0bad579fe3df462ae289feab4b8af2dc3fe5.pdf,,1,1,0,2026-06-29 00:00:00,2026-06-29 00:00:00
508,38860,1,QA,,,uploads/document/22b63924a00c1848d5291c6121b0624b76c559fc86b3af71fb007eee0ce226a8.jpg,,,,1,1,0,2026-06-29 00:00:00,2026-06-29 00:00:00
509,40534,2,sdad,dad,https://www.youtube.com/watch?v=IxtAxE1lxUo,,,,,1,1,1,2026-07-01 00:00:00,2026-07-01 00:00:00
510,40534,1,sdfsf,ewrwr,,uploads/document/5d81ad74db36cd89eb95445141480bd729079858a8725a9f576336a89a545f86.jpg,,,,1,1,1,2026-07-01 00:00:00,2026-07-01 00:00:00
511,40542,3,cvzxcv,DZXVXCVzxcv,,,,,https://www.youtube.com/watch?v=VPvVD8t02U8,1,1,0,2026-07-01 00:00:00,2026-07-01 00:00:00
512,40542,3,fasdgf,dfgsdfgs,,,,,https://www.collarcheck.com/dashboard/user,1,1,0,2026-07-01 00:00:00,2026-07-01 00:00:00
513,40550,3,sdfsdf,asdasdfasd,,,,,https://www.youtube.com/watch?v=VPvVD8t02U8,1,1,0,2026-07-01 00:00:00,2026-07-01 00:00:00
514,39314,1,bd,fdsdfg,,uploads/document/cccf6aba5a7885a1a4aec4cd1fb856a2000363656048a9ef57f9e333b734cbeb.jpeg,,,,1,1,1,2026-07-02 00:00:00,2026-07-13 00:00:00
515,18,1,test,,,uploads/document/181b3751ecfdfb57dbe1ed3a5d6d5e5f178501b68d0ed0dac403edaddaf2f3f4.png,,,,1,1,1,2026-07-07 00:00:00,2026-07-07 00:00:00
516,39314,1,GSGSFG,DSFG SFDG SFG,,uploads/document/1f5152a88e502f61b4e7a0524a487c8342f54afe9f1976fa366468915c50f91b.jpg,,,,1,1,0,2026-07-13 00:00:00,2026-07-13 00:00:00
