id,name,country,code,status,slug
1,"Southern Nations, Nationalities, and Peoples' Region",70,SN,1,southern-nations-nationalities-and-peoples-region
2,Somali Region,70,SO,1,somali-region
3,Amhara Region,70,AM,1,amhara-region
4,Tigray Region,70,TI,1,tigray-region
5,Oromia Region,70,OR,1,oromia-region
6,Afar Region,70,AF,1,afar-region
7,Harari Region,70,HA,1,harari-region
8,Dire Dawa,70,DD,1,dire-dawa
9,Benishangul-Gumuz Region,70,BE,1,benishangul-gumuz-region
10,Gambela Region,70,GA,1,gambela-region
11,Addis Ababa,70,AA,1,addis-ababa
12,Petnjica Municipality,147,23,1,petnjica-municipality
13,Bar Municipality,147,2,1,bar-municipality
14,Danilovgrad Municipality,147,7,1,danilovgrad-municipality
15,Rožaje Municipality,147,17,1,ro-aje-municipality
16,Plužine Municipality,147,15,1,plu-ine-municipality
17,Nikšić Municipality,147,12,1,nik-i-municipality
18,Šavnik Municipality,147,18,1,avnik-municipality
19,Plav Municipality,147,13,1,plav-municipality
20,Pljevlja Municipality,147,14,1,pljevlja-municipality
21,Berane Municipality,147,3,1,berane-municipality
22,Mojkovac Municipality,147,11,1,mojkovac-municipality
23,Andrijevica Municipality,147,1,1,andrijevica-municipality
24,Gusinje Municipality,147,22,1,gusinje-municipality
25,Bijelo Polje Municipality,147,4,1,bijelo-polje-municipality
26,Kotor Municipality,147,10,1,kotor-municipality
27,Podgorica Municipality,147,16,1,podgorica-municipality
28,Old Royal Capital Cetinje,147,6,1,old-royal-capital-cetinje
29,Tivat Municipality,147,19,1,tivat-municipality
30,Budva Municipality,147,5,1,budva-municipality
31,Kolašin Municipality,147,9,1,kola-in-municipality
32,Žabljak Municipality,147,21,1,abljak-municipality
33,Ulcinj Municipality,147,20,1,ulcinj-municipality
34,Kunene Region,152,KU,1,kunene-region
35,Kavango West Region,152,KW,1,kavango-west-region
36,Kavango East Region,152,KE,1,kavango-east-region
37,Oshana Region,152,ON,1,oshana-region
38,Hardap Region,152,HA,1,hardap-region
39,Omusati Region,152,OS,1,omusati-region
40,Ohangwena Region,152,OW,1,ohangwena-region
41,Omaheke Region,152,OH,1,omaheke-region
42,Oshikoto Region,152,OT,1,oshikoto-region
43,Erongo Region,152,ER,1,erongo-region
44,Khomas Region,152,KH,1,khomas-region
45,Karas Region,152,KA,1,karas-region
46,Otjozondjupa Region,152,OD,1,otjozondjupa-region
47,Zambezi Region,152,CA,1,zambezi-region
48,Ashanti,83,AH,1,ashanti
49,Western,83,WP,1,western
50,Eastern,83,EP,1,eastern
51,Northern,83,NP,1,northern
52,Central,83,CP,1,central
53,Ahafo,83,AF,1,ahafo
54,Greater Accra,83,AA,1,greater-accra
55,Upper East,83,UE,1,upper-east
56,Volta,83,TV,1,volta
57,Upper West,83,UW,1,upper-west
58,San Marino,192,7,1,san-marino
59,Acquaviva,192,1,1,acquaviva
60,Chiesanuova,192,2,1,chiesanuova
61,Borgo Maggiore,192,6,1,borgo-maggiore
62,Faetano,192,4,1,faetano
63,Montegiardino,192,8,1,montegiardino
64,Domagnano,192,3,1,domagnano
65,Serravalle,192,9,1,serravalle
66,Fiorentino,192,5,1,fiorentino
67,Tillabéri Region,160,6,1,tillab-ri-region
68,Dosso Region,160,3,1,dosso-region
69,Zinder Region,160,7,1,zinder-region
70,Maradi Region,160,4,1,maradi-region
71,Agadez Region,160,1,1,agadez-region
72,Diffa Region,160,2,1,diffa-region
73,Tahoua Region,160,5,1,tahoua-region
74,Mqabba,135,33,1,mqabba
75,San Ġwann,135,49,1,san-wann
76,Żurrieq,135,68,1,urrieq
77,Luqa,135,25,1,luqa
78,Marsaxlokk,135,28,1,marsaxlokk
79,Qala,135,42,1,qala
80,Żebbuġ Malta,135,66,1,ebbu-malta
81,Xgħajra,135,63,1,xg-ajra
82,Kirkop,135,23,1,kirkop
83,Rabat,135,46,1,rabat
84,Floriana,135,9,1,floriana
85,Żebbuġ Gozo,135,65,1,ebbu-gozo
86,Swieqi,135,57,1,swieqi
87,San Lawrenz,135,50,1,san-lawrenz
88,Birżebbuġa,135,5,1,bir-ebbu-a
89,Mdina,135,29,1,mdina
90,Santa Venera,135,54,1,santa-venera
91,Kerċem,135,22,1,ker-em
92,Għarb,135,14,1,g-arb
93,Iklin,135,19,1,iklin
94,Santa Luċija,135,53,1,santa-lu-ija
95,Valletta,135,60,1,valletta
96,Msida,135,34,1,msida
97,Birkirkara,135,4,1,birkirkara
98,Siġġiewi,135,55,1,si-iewi
99,Kalkara,135,21,1,kalkara
100,St. Julian's,135,48,1,st-julian-s
101,Victoria,135,45,1,victoria
102,Mellieħa,135,30,1,mellie-a
103,Tarxien,135,59,1,tarxien
104,Sliema,135,56,1,sliema
105,Ħamrun,135,18,1,amrun
106,Għasri,135,16,1,g-asri
107,Birgu,135,3,1,birgu
108,Balzan,135,2,1,balzan
109,Mġarr,135,31,1,m-arr
110,Attard,135,1,1,attard
111,Qrendi,135,44,1,qrendi
112,Naxxar,135,38,1,naxxar
113,Gżira,135,12,1,g-ira
114,Xagħra,135,61,1,xag-ra
115,Paola,135,39,1,paola
116,Sannat,135,52,1,sannat
117,Dingli,135,7,1,dingli
118,Gudja,135,11,1,gudja
119,Qormi,135,43,1,qormi
120,Għargħur,135,15,1,g-arg-ur
121,Xewkija,135,62,1,xewkija
122,Ta' Xbiex,135,58,1,ta-xbiex
123,Żabbar,135,64,1,abbar
124,Għaxaq,135,17,1,g-axaq
125,Pembroke,135,40,1,pembroke
126,Lija,135,24,1,lija
127,Pietà,135,41,1,piet
128,Marsa,135,26,1,marsa
129,Fgura,135,8,1,fgura
130,Għajnsielem,135,13,1,g-ajnsielem
131,Mtarfa,135,35,1,mtarfa
132,Munxar,135,36,1,munxar
133,Nadur,135,37,1,nadur
134,Fontana,135,10,1,fontana
135,Żejtun,135,67,1,ejtun
136,Senglea,135,20,1,senglea
137,Marsaskala,135,27,1,marsaskala
138,Cospicua,135,6,1,cospicua
139,St. Paul's Bay,135,51,1,st-paul-s-bay
140,Mosta,135,32,1,mosta
141,Mangystau Region,112,MAN,1,mangystau-region
142,Kyzylorda Region,112,KZY,1,kyzylorda-region
143,Almaty Region,112,ALM,1,almaty-region
144,North Kazakhstan Region,112,SEV,1,north-kazakhstan-region
145,Akmola Region,112,AKM,1,akmola-region
146,Pavlodar Region,112,PAV,1,pavlodar-region
147,Jambyl Region,112,ZHA,1,jambyl-region
148,West Kazakhstan Province,112,ZAP,1,west-kazakhstan-province
149,Turkestan Region,112,YUZ,1,turkestan-region
150,Karaganda Region,112,KAR,1,karaganda-region
151,Aktobe Region,112,AKT,1,aktobe-region
152,Almaty,112,ALA,1,almaty
153,Atyrau Region,112,ATY,1,atyrau-region
154,East Kazakhstan Region,112,VOS,1,east-kazakhstan-region
155,Baikonur,112,BAY,1,baikonur
156,Nur-Sultan,112,AST,1,nur-sultan
157,Kostanay Region,112,KUS,1,kostanay-region
158,Kakamega,113,11,1,kakamega
159,Kisii,113,16,1,kisii
161,Busia,113,4,1,busia
163,Embu,113,6,1,embu
164,Laikipia,113,20,1,laikipia
165,Nandi,113,32,1,nandi
166,Lamu,113,21,1,lamu
167,Kirinyaga,113,15,1,kirinyaga
168,Bungoma,113,3,1,bungoma
169,Uasin Gishu,113,44,1,uasin-gishu
170,Isiolo,113,9,1,isiolo
171,Kisumu,113,17,1,kisumu
173,Kwale,113,19,1,kwale
174,Kilifi,113,14,1,kilifi
175,Narok,113,33,1,narok
176,Taita–Taveta,113,39,1,taita-taveta
178,Murang'a,113,29,1,murang-a
180,Nyeri,113,36,1,nyeri
181,Baringo,113,1,1,baringo
182,Wajir,113,46,1,wajir
183,Trans Nzoia,113,42,1,trans-nzoia
184,Machakos,113,22,1,machakos
185,Tharaka-Nithi,113,41,1,tharaka-nithi
186,Siaya,113,38,1,siaya
187,Mandera,113,24,1,mandera
188,Makueni,113,23,1,makueni
190,Migori,113,27,1,migori
191,Nairobi City,113,30,1,nairobi-city
192,Nyandarua,113,35,1,nyandarua
193,Kericho,113,12,1,kericho
194,Marsabit,113,25,1,marsabit
195,Homa Bay,113,8,1,homa-bay
196,Garissa,113,7,1,garissa
197,Kajiado,113,10,1,kajiado
198,Meru,113,26,1,meru
199,Kiambu,113,13,1,kiambu
200,Mombasa,113,28,1,mombasa
201,Elgeyo-Marakwet,113,5,1,elgeyo-marakwet
202,Vihiga,113,45,1,vihiga
203,Nakuru,113,31,1,nakuru
205,Tana River,113,40,1,tana-river
206,Turkana,113,43,1,turkana
207,Samburu,113,37,1,samburu
208,West Pokot,113,47,1,west-pokot
209,Nyamira,113,34,1,nyamira
210,Bomet,113,2,1,bomet
211,Kitui,113,18,1,kitui
212,Bié Province,7,BIE,1,bi-province
213,Huambo Province,7,HUA,1,huambo-province
214,Zaire Province,7,ZAI,1,zaire-province
215,Cunene Province,7,CNN,1,cunene-province
216,Cuanza Sul,7,CUS,1,cuanza-sul
217,Cuanza Norte Province,7,CNO,1,cuanza-norte-province
218,Benguela Province,7,BGU,1,benguela-province
219,Moxico Province,7,MOX,1,moxico-province
220,Lunda Sul Province,7,LSU,1,lunda-sul-province
221,Bengo Province,7,BGO,1,bengo-province
222,Luanda Province,7,LUA,1,luanda-province
223,Lunda Norte Province,7,LNO,1,lunda-norte-province
224,Uíge Province,7,UIG,1,u-ge-province
225,Huíla Province,7,HUI,1,hu-la-province
226,Cuando Cubango Province,7,CCU,1,cuando-cubango-province
227,Malanje Province,7,MAL,1,malanje-province
228,Cabinda Province,7,CAB,1,cabinda-province
229,Gasa,26,GA,1,gasa
230,Tsirang,26,21,1,tsirang
231,Wangdue Phodrang,26,24,1,wangdue-phodrang
232,Haa,26,13,1,haa
233,Zhemgang,26,34,1,zhemgang
234,Lhuntse,26,44,1,lhuntse
235,Punakha,26,23,1,punakha
236,Trashigang,26,41,1,trashigang
237,Paro,26,11,1,paro
238,Dagana,26,22,1,dagana
239,Chukha,26,12,1,chukha
240,Bumthang,26,33,1,bumthang
241,Thimphu,26,15,1,thimphu
242,Mongar,26,42,1,mongar
243,Samdrup Jongkhar,26,45,1,samdrup-jongkhar
244,Pemagatshel,26,43,1,pemagatshel
245,Trongsa,26,32,1,trongsa
246,Samtse,26,14,1,samtse
247,Sarpang,26,31,1,sarpang
248,Tombouctou Region,134,6,1,tombouctou-region
249,Ségou Region,134,4,1,s-gou-region
250,Koulikoro Region,134,2,1,koulikoro-region
251,Ménaka Region,134,9,1,m-naka-region
252,Kayes Region,134,1,1,kayes-region
253,Bamako,134,BKO,1,bamako
254,Sikasso Region,134,3,1,sikasso-region
255,Mopti Region,134,5,1,mopti-region
256,Taoudénit Region,134,10,1,taoud-nit-region
257,Kidal Region,134,8,1,kidal-region
258,Gao Region,134,7,1,gao-region
259,Southern Province,183,5,1,southern-province
260,Western Province,183,4,1,western-province
261,Eastern Province,183,2,1,eastern-province
262,Kigali district,183,1,1,kigali-district
263,Northern Province,183,3,1,northern-province
264,Belize District,23,BZ,1,belize-district
265,Stann Creek District,23,SC,1,stann-creek-district
266,Corozal District,23,CZL,1,corozal-district
267,Toledo District,23,TOL,1,toledo-district
268,Orange Walk District,23,OW,1,orange-walk-district
269,Cayo District,23,CY,1,cayo-district
270,Príncipe Province,193,P,1,pr-ncipe-province
271,São Tomé Province,193,S,1,s-o-tom-province
272,Havana Province,56,3,1,havana-province
273,Santiago de Cuba Province,56,13,1,santiago-de-cuba-province
274,Sancti Spíritus Province,56,7,1,sancti-sp-ritus-province
275,Granma Province,56,12,1,granma-province
276,Mayabeque Province,56,16,1,mayabeque-province
277,Pinar del Río Province,56,1,1,pinar-del-r-o-province
278,Isla de la Juventud,56,99,1,isla-de-la-juventud
279,Holguín Province,56,11,1,holgu-n-province
280,Villa Clara Province,56,5,1,villa-clara-province
281,Las Tunas Province,56,10,1,las-tunas-province
282,Ciego de Ávila Province,56,8,1,ciego-de-vila-province
283,Artemisa Province,56,15,1,artemisa-province
284,Matanzas Province,56,4,1,matanzas-province
285,Guantánamo Province,56,14,1,guant-namo-province
286,Camagüey Province,56,9,1,camag-ey-province
287,Cienfuegos Province,56,6,1,cienfuegos-province
288,Jigawa,161,JI,1,jigawa
289,Enugu,161,EN,1,enugu
290,Kebbi,161,KE,1,kebbi
291,Benue,161,BE,1,benue
292,Sokoto,161,SO,1,sokoto
293,Abuja Federal Capital Territory,161,FC,1,abuja-federal-capital-territory
294,Kaduna,161,KD,1,kaduna
295,Kwara,161,KW,1,kwara
296,Oyo,161,OY,1,oyo
297,Yobe,161,YO,1,yobe
298,Kogi,161,KO,1,kogi
299,Zamfara,161,ZA,1,zamfara
300,Kano,161,KN,1,kano
301,Nasarawa,161,NA,1,nasarawa
302,Plateau,161,PL,1,plateau
303,Abia,161,AB,1,abia
304,Akwa Ibom,161,AK,1,akwa-ibom
305,Bayelsa,161,BY,1,bayelsa
306,Lagos,161,LA,1,lagos
307,Borno,161,BO,1,borno
308,Imo,161,IM,1,imo
309,Ekiti,161,EK,1,ekiti
310,Gombe,161,GO,1,gombe
311,Ebonyi,161,EB,1,ebonyi
312,Bauchi,161,BA,1,bauchi
313,Katsina,161,KT,1,katsina
314,Cross River,161,CR,1,cross-river
315,Anambra,161,AN,1,anambra
316,Delta,161,DE,1,delta
317,Niger,161,NI,1,niger
318,Edo,161,ED,1,edo
319,Taraba,161,TA,1,taraba
320,Adamawa,161,AD,1,adamawa
321,Ondo,161,ON,1,ondo
322,Osun,161,OS,1,osun
323,Ogun,161,OG,1,ogun
324,Rukungiri District,229,412,1,rukungiri-district
325,Kyankwanzi District,229,123,1,kyankwanzi-district
326,Kabarole District,229,405,1,kabarole-district
327,Mpigi District,229,106,1,mpigi-district
328,Apac District,229,302,1,apac-district
329,Abim District,229,314,1,abim-district
330,Yumbe District,229,313,1,yumbe-district
331,Rukiga District,229,431,1,rukiga-district
332,Northern Region,229,N,1,northern-region
333,Serere District,229,232,1,serere-district
334,Kamuli District,229,205,1,kamuli-district
335,Amuru District,229,316,1,amuru-district
336,Kaberamaido District,229,213,1,kaberamaido-district
337,Namutumba District,229,224,1,namutumba-district
338,Kibuku District,229,227,1,kibuku-district
339,Ibanda District,229,417,1,ibanda-district
340,Iganga District,229,203,1,iganga-district
341,Dokolo District,229,317,1,dokolo-district
342,Lira District,229,307,1,lira-district
343,Bukedea District,229,219,1,bukedea-district
344,Alebtong District,229,323,1,alebtong-district
345,Koboko District,229,319,1,koboko-district
346,Kiryandongo District,229,421,1,kiryandongo-district
347,Kiboga District,229,103,1,kiboga-district
348,Kitgum District,229,305,1,kitgum-district
349,Bududa District,229,218,1,bududa-district
350,Mbale District,229,209,1,mbale-district
351,Namayingo District,229,230,1,namayingo-district
352,Amuria District,229,216,1,amuria-district
353,Amudat District,229,324,1,amudat-district
354,Masindi District,229,409,1,masindi-district
355,Kiruhura District,229,419,1,kiruhura-district
356,Masaka District,229,105,1,masaka-district
357,Pakwach District,229,332,1,pakwach-district
358,Rubanda District,229,429,1,rubanda-district
359,Tororo District,229,212,1,tororo-district
360,Kamwenge District,229,413,1,kamwenge-district
361,Adjumani District,229,301,1,adjumani-district
362,Wakiso District,229,113,1,wakiso-district
363,Moyo District,229,309,1,moyo-district
364,Mityana District,229,115,1,mityana-district
365,Butaleja District,229,221,1,butaleja-district
366,Gomba District,229,121,1,gomba-district
367,Jinja District,229,204,1,jinja-district
368,Kayunga District,229,112,1,kayunga-district
369,Kween District,229,228,1,kween-district
370,Western Region,229,W,1,western-region
371,Mubende District,229,107,1,mubende-district
372,Eastern Region,229,E,1,eastern-region
373,Kanungu District,229,414,1,kanungu-district
374,Omoro District,229,331,1,omoro-district
375,Bukomansimbi District,229,118,1,bukomansimbi-district
376,Lyantonde District,229,114,1,lyantonde-district
377,Buikwe District,229,117,1,buikwe-district
378,Nwoya District,229,328,1,nwoya-district
379,Zombo District,229,330,1,zombo-district
380,Buyende District,229,226,1,buyende-district
381,Bunyangabu District,229,430,1,bunyangabu-district
382,Kampala District,229,102,1,kampala-district
383,Isingiro District,229,418,1,isingiro-district
384,Butambala District,229,119,1,butambala-district
385,Bukwo District,229,220,1,bukwo-district
386,Bushenyi District,229,402,1,bushenyi-district
387,Bugiri District,229,201,1,bugiri-district
388,Butebo District,229,233,1,butebo-district
389,Buliisa District,229,416,1,buliisa-district
390,Otuke District,229,329,1,otuke-district
391,Buhweju District,229,420,1,buhweju-district
392,Agago District,229,322,1,agago-district
393,Nakapiripirit District,229,311,1,nakapiripirit-district
394,Kalungu District,229,122,1,kalungu-district
395,Moroto District,229,308,1,moroto-district
396,Central Region,229,C,1,central-region
397,Oyam District,229,321,1,oyam-district
398,Kaliro District,229,222,1,kaliro-district
399,Kakumiro District,229,428,1,kakumiro-district
400,Namisindwa District,229,234,1,namisindwa-district
401,Kole District,229,325,1,kole-district
402,Kyenjojo District,229,415,1,kyenjojo-district
403,Kagadi District,229,427,1,kagadi-district
404,Ntungamo District,229,411,1,ntungamo-district
405,Kalangala District,229,101,1,kalangala-district
406,Nakasongola District,229,109,1,nakasongola-district
407,Sheema District,229,426,1,sheema-district
408,Pader District,229,312,1,pader-district
409,Kisoro District,229,408,1,kisoro-district
410,Mukono District,229,108,1,mukono-district
411,Lamwo District,229,326,1,lamwo-district
412,Pallisa District,229,210,1,pallisa-district
413,Gulu District,229,304,1,gulu-district
414,Buvuma District,229,120,1,buvuma-district
415,Mbarara District,229,410,1,mbarara-district
416,Amolatar District,229,315,1,amolatar-district
417,Lwengo District,229,124,1,lwengo-district
418,Mayuge District,229,214,1,mayuge-district
419,Bundibugyo District,229,401,1,bundibugyo-district
420,Katakwi District,229,207,1,katakwi-district
421,Maracha District,229,320,1,maracha-district
422,Ntoroko District,229,424,1,ntoroko-district
423,Nakaseke District,229,116,1,nakaseke-district
424,Ngora District,229,231,1,ngora-district
425,Kumi District,229,208,1,kumi-district
426,Kabale District,229,404,1,kabale-district
427,Sembabule District,229,111,1,sembabule-district
428,Bulambuli District,229,225,1,bulambuli-district
429,Sironko District,229,215,1,sironko-district
430,Napak District,229,327,1,napak-district
431,Busia District,229,202,1,busia-district
432,Kapchorwa District,229,206,1,kapchorwa-district
433,Luwero District,229,104,1,luwero-district
434,Kaabong District,229,318,1,kaabong-district
435,Mitooma District,229,423,1,mitooma-district
436,Kibaale District,229,407,1,kibaale-district
437,Kyegegwa District,229,422,1,kyegegwa-district
438,Manafwa District,229,223,1,manafwa-district
439,Rakai District,229,110,1,rakai-district
440,Kasese District,229,406,1,kasese-district
441,Budaka District,229,217,1,budaka-district
442,Rubirizi District,229,425,1,rubirizi-district
443,Kotido District,229,306,1,kotido-district
444,Soroti District,229,211,1,soroti-district
445,Luuka District,229,229,1,luuka-district
446,Nebbi District,229,310,1,nebbi-district
447,Arua District,229,303,1,arua-district
448,Kyotera District,229,125,1,kyotera-district
449,Schellenberg,125,8,1,schellenberg
450,Schaan,125,7,1,schaan
451,Eschen,125,2,1,eschen
452,Vaduz,125,11,1,vaduz
453,Ruggell,125,6,1,ruggell
454,Planken,125,5,1,planken
455,Mauren,125,4,1,mauren
456,Triesenberg,125,10,1,triesenberg
457,Gamprin,125,3,1,gamprin
458,Balzers,125,1,1,balzers
459,Triesen,125,9,1,triesen
460,Brčko District,28,BRC,1,br-ko-district
461,Tuzla Canton,28,3,1,tuzla-canton
462,Central Bosnia Canton,28,6,1,central-bosnia-canton
463,Herzegovina-Neretva Canton,28,7,1,herzegovina-neretva-canton
464,Posavina Canton,28,2,1,posavina-canton
465,Una-Sana Canton,28,1,1,una-sana-canton
466,Sarajevo Canton,28,9,1,sarajevo-canton
467,Federation of Bosnia and Herzegovina,28,BIH,1,federation-of-bosnia-and-herzegovina
468,Zenica-Doboj Canton,28,4,1,zenica-doboj-canton
469,West Herzegovina Canton,28,8,1,west-herzegovina-canton
470,Republika Srpska,28,SRP,1,republika-srpska
471,Canton 10,28,10,1,canton-10
472,Bosnian Podrinje Canton,28,5,1,bosnian-podrinje-canton
473,Dakar,195,DK,1,dakar
474,Kolda,195,KD,1,kolda
475,Kaffrine,195,KA,1,kaffrine
476,Matam,195,MT,1,matam
477,Saint-Louis,195,SL,1,saint-louis
478,Ziguinchor,195,ZG,1,ziguinchor
479,Fatick,195,FK,1,fatick
480,Diourbel Region,195,DB,1,diourbel-region
481,Kédougou,195,KE,1,k-dougou
482,Sédhiou,195,SE,1,s-dhiou
483,Kaolack,195,KL,1,kaolack
484,Thiès Region,195,TH,1,thi-s-region
485,Louga,195,LG,1,louga
486,Tambacounda Region,195,TC,1,tambacounda-region
487,Encamp,6,3,1,encamp
488,Andorra la Vella,6,7,1,andorra-la-vella
489,Canillo,6,2,1,canillo
490,Sant Julià de Lòria,6,6,1,sant-juli-de-l-ria
491,Ordino,6,5,1,ordino
492,Escaldes-Engordany,6,8,1,escaldes-engordany
493,La Massana,6,4,1,la-massana
494,Mont Buxton,197,17,1,mont-buxton
495,La Digue,197,15,1,la-digue
496,Saint Louis,197,22,1,saint-louis1
497,Baie Lazare,197,6,1,baie-lazare
498,Mont Fleuri,197,18,1,mont-fleuri
499,Les Mamelles,197,24,1,les-mamelles
500,Grand'Anse Mahé,197,13,1,grand-anse-mah
501,Roche Caiman,197,25,1,roche-caiman
502,Anse Royale,197,5,1,anse-royale
503,Glacis,197,12,1,glacis
504,Grand'Anse Praslin,197,14,1,grand-anse-praslin
505,Bel Ombre,197,10,1,bel-ombre
506,Anse-aux-Pins,197,1,1,anse-aux-pins
507,Port Glaud,197,21,1,port-glaud
508,Au Cap,197,4,1,au-cap
509,Takamaka,197,23,1,takamaka
510,Pointe La Rue,197,20,1,pointe-la-rue
511,Plaisance,197,19,1,plaisance
512,Beau Vallon,197,8,1,beau-vallon
513,Anse Boileau,197,2,1,anse-boileau
514,Baie Sainte Anne,197,7,1,baie-sainte-anne
515,Bel Air,197,9,1,bel-air
516,La Rivière Anglaise,197,16,1,la-rivi-re-anglaise
517,Cascade,197,11,1,cascade
518,Shaki,16,SA,1,shaki
519,Tartar District,16,TAR,1,tartar-district
520,Shirvan,16,SR,1,shirvan
521,Qazakh District,16,QAZ,1,qazakh-district
522,Sadarak District,16,SAD,1,sadarak-district
523,Yevlakh District,16,YEV,1,yevlakh-district
524,Khojali District,16,XCI,1,khojali-district
525,Kalbajar District,16,KAL,1,kalbajar-district
526,Qakh District,16,QAX,1,qakh-district
527,Fizuli District,16,FUZ,1,fizuli-district
528,Astara District,16,AST,1,astara-district
529,Shamakhi District,16,SMI,1,shamakhi-district
530,Neftchala District,16,NEF,1,neftchala-district
531,Goychay,16,GOY,1,goychay
532,Bilasuvar District,16,BIL,1,bilasuvar-district
533,Tovuz District,16,TOV,1,tovuz-district
534,Ordubad District,16,ORD,1,ordubad-district
535,Sharur District,16,SAR,1,sharur-district
536,Samukh District,16,SMX,1,samukh-district
537,Khizi District,16,XIZ,1,khizi-district
538,Yevlakh,16,YE,1,yevlakh
539,Ujar District,16,UCA,1,ujar-district
540,Absheron District,16,ABS,1,absheron-district
541,Lachin District,16,LAC,1,lachin-district
542,Qabala District,16,QAB,1,qabala-district
543,Agstafa District,16,AGA,1,agstafa-district
544,Imishli District,16,IMI,1,imishli-district
545,Salyan District,16,SAL,1,salyan-district
546,Lerik District,16,LER,1,lerik-district
547,Agsu District,16,AGU,1,agsu-district
548,Qubadli District,16,QBI,1,qubadli-district
549,Kurdamir District,16,KUR,1,kurdamir-district
550,Yardymli District,16,YAR,1,yardymli-district
551,Goranboy District,16,GOR,1,goranboy-district
552,Baku,16,BA,1,baku
553,Agdash District,16,AGS,1,agdash-district
554,Beylagan District,16,BEY,1,beylagan-district
555,Masally District,16,MAS,1,masally-district
556,Oghuz District,16,OGU,1,oghuz-district
557,Saatly District,16,SAT,1,saatly-district
558,Lankaran District,16,LA,1,lankaran-district
559,Agdam District,16,AGM,1,agdam-district
560,Balakan District,16,BAL,1,balakan-district
561,Dashkasan District,16,DAS,1,dashkasan-district
562,Nakhchivan Autonomous Republic,16,NX,1,nakhchivan-autonomous-republic
563,Quba District,16,QBA,1,quba-district
564,Ismailli District,16,ISM,1,ismailli-district
565,Sabirabad District,16,SAB,1,sabirabad-district
566,Zaqatala District,16,ZAQ,1,zaqatala-district
567,Kangarli District,16,KAN,1,kangarli-district
568,Martuni,16,XVD,1,martuni
569,Barda District,16,BAR,1,barda-district
570,Jabrayil District,16,CAB,1,jabrayil-district
571,Hajigabul District,16,HAC,1,hajigabul-district
572,Julfa District,16,CUL,1,julfa-district
573,Gobustan District,16,QOB,1,gobustan-district
574,Goygol District,16,GYG,1,goygol-district
575,Babek District,16,BAB,1,babek-district
576,Zardab District,16,ZAR,1,zardab-district
577,Aghjabadi District,16,AGC,1,aghjabadi-district
578,Jalilabad District,16,CAL,1,jalilabad-district
579,Shahbuz District,16,SAH,1,shahbuz-district
580,Mingachevir,16,MI,1,mingachevir
581,Zangilan District,16,ZAN,1,zangilan-district
582,Sumqayit,16,SM,1,sumqayit
583,Shamkir District,16,SKR,1,shamkir-district
584,Siazan District,16,SIY,1,siazan-district
585,Ganja,16,GA,1,ganja
586,Shaki District,16,SAK,1,shaki-district
587,Lankaran,16,LAN,1,lankaran
588,Qusar District,16,QUS,1,qusar-district
589,Gədəbəy,16,GAD,1,g-d-b-y
590,Khachmaz District,16,XAC,1,khachmaz-district
591,Shabran District,16,SBN,1,shabran-district
592,Shusha District,16,SUS,1,shusha-district
593,Skrapar District,3,SK,1,skrapar-district
594,Kavajë District,3,KA,1,kavaj-district
595,Lezhë District,3,LE,1,lezh-district
596,Librazhd District,3,LB,1,librazhd-district
597,Korçë District,3,KO,1,kor-district
598,Elbasan County,3,3,1,elbasan-county
599,Lushnjë District,3,LU,1,lushnj-district
600,Has District,3,HA,1,has-district
601,Kukës County,3,7,1,kuk-s-county
602,Malësi e Madhe District,3,MM,1,mal-si-e-madhe-district
603,Berat County,3,1,1,berat-county
604,Gjirokastër County,3,5,1,gjirokast-r-county
605,Dibër District,3,DI,1,dib-r-district
606,Pogradec District,3,PG,1,pogradec-district
607,Bulqizë District,3,BU,1,bulqiz-district
608,Devoll District,3,DV,1,devoll-district
609,Lezhë County,3,8,1,lezh-county
610,Dibër County,3,9,1,dib-r-county
611,Shkodër County,3,10,1,shkod-r-county
612,Kuçovë District,3,KC,1,ku-ov-district
613,Vlorë District,3,VL,1,vlor-district
614,Krujë District,3,KR,1,kruj-district
615,Tirana County,3,11,1,tirana-county
616,Tepelenë District,3,TE,1,tepelen-district
617,Gramsh District,3,GR,1,gramsh-district
618,Delvinë District,3,DL,1,delvin-district
619,Peqin District,3,PQ,1,peqin-district
620,Pukë District,3,PU,1,puk-district
621,Gjirokastër District,3,GJ,1,gjirokast-r-district
622,Kurbin District,3,KB,1,kurbin-district
623,Kukës District,3,KU,1,kuk-s-district
624,Sarandë District,3,SR,1,sarand-district
625,Përmet District,3,PR,1,p-rmet-district
626,Shkodër District,3,SH,1,shkod-r-district
627,Fier District,3,FR,1,fier-district
628,Kolonjë District,3,ER,1,kolonj-district
629,Berat District,3,BR,1,berat-district
630,Korçë County,3,6,1,kor-county
631,Fier County,3,4,1,fier-county
632,Durrës County,3,2,1,durr-s-county
633,Tirana District,3,TR,1,tirana-district
634,Vlorë County,3,12,1,vlor-county
635,Mat District,3,MT,1,mat-district
636,Tropojë District,3,TP,1,tropoj-district
637,Mallakastër District,3,MK,1,mallakast-r-district
638,Mirditë District,3,MR,1,mirdit-district
639,Durrës District,3,DR,1,durr-s-district
640,Sveti Nikole Municipality,129,69,1,sveti-nikole-municipality
641,Kratovo Municipality,129,43,1,kratovo-municipality
642,Zajas Municipality,129,31,1,zajas-municipality
643,Staro Nagoričane Municipality,129,71,1,staro-nagori-ane-municipality
644,Češinovo-Obleševo Municipality,129,81,1,e-inovo-oble-evo-municipality
645,Debarca Municipality,129,22,1,debarca-municipality
646,Probištip Municipality,129,63,1,probi-tip-municipality
647,Krivogaštani Municipality,129,45,1,krivoga-tani-municipality
648,Gevgelija Municipality,129,18,1,gevgelija-municipality
649,Bogdanci Municipality,129,5,1,bogdanci-municipality
650,Vraneštica Municipality,129,15,1,vrane-tica-municipality
651,Veles Municipality,129,13,1,veles-municipality
652,Bosilovo Municipality,129,7,1,bosilovo-municipality
653,Mogila Municipality,129,53,1,mogila-municipality
654,Tearce Municipality,129,75,1,tearce-municipality
655,Demir Kapija Municipality,129,24,1,demir-kapija-municipality
656,Aračinovo Municipality,129,2,1,ara-inovo-municipality
657,Drugovo Municipality,129,28,1,drugovo-municipality
658,Vasilevo Municipality,129,11,1,vasilevo-municipality
659,Lipkovo Municipality,129,48,1,lipkovo-municipality
660,Brvenica Municipality,129,8,1,brvenica-municipality
661,Štip Municipality,129,83,1,tip-municipality
662,Vevčani Municipality,129,12,1,vev-ani-municipality
663,Tetovo Municipality,129,76,1,tetovo-municipality
664,Negotino Municipality,129,54,1,negotino-municipality
665,Konče Municipality,129,41,1,kon-e-municipality
666,Prilep Municipality,129,62,1,prilep-municipality
667,Saraj Municipality,129,68,1,saraj-municipality
668,Želino Municipality,129,30,1,elino-municipality
669,Mavrovo and Rostuša Municipality,129,50,1,mavrovo-and-rostu-a-municipality
670,Plasnica Municipality,129,61,1,plasnica-municipality
671,Valandovo Municipality,129,10,1,valandovo-municipality
672,Vinica Municipality,129,14,1,vinica-municipality
673,Zrnovci Municipality,129,33,1,zrnovci-municipality
674,Karbinci,129,37,1,karbinci
675,Dolneni Municipality,129,27,1,dolneni-municipality
676,Čaška Municipality,129,80,1,a-ka-municipality
677,Kriva Palanka Municipality,129,44,1,kriva-palanka-municipality
678,Jegunovce Municipality,129,35,1,jegunovce-municipality
679,Bitola Municipality,129,4,1,bitola-municipality
680,Šuto Orizari Municipality,129,84,1,uto-orizari-municipality
681,Karpoš Municipality,129,38,1,karpo-municipality
682,Oslomej Municipality,129,57,1,oslomej-municipality
683,Kumanovo Municipality,129,47,1,kumanovo-municipality
684,Greater Skopje,129,85,1,greater-skopje
685,Pehčevo Municipality,129,60,1,peh-evo-municipality
686,Kisela Voda Municipality,129,39,1,kisela-voda-municipality
687,Demir Hisar Municipality,129,25,1,demir-hisar-municipality
688,Kičevo Municipality,129,40,1,ki-evo-municipality
689,Vrapčište Municipality,129,16,1,vrap-i-te-municipality
690,Ilinden Municipality,129,34,1,ilinden-municipality
691,Rosoman Municipality,129,67,1,rosoman-municipality
692,Makedonski Brod Municipality,129,52,1,makedonski-brod-municipality
693,Gostivar Municipality,129,19,1,gostivar-municipality
694,Butel Municipality,129,9,1,butel-municipality
695,Delčevo Municipality,129,23,1,del-evo-municipality
696,Novaci Municipality,129,55,1,novaci-municipality
697,Dojran Municipality,129,26,1,dojran-municipality
698,Petrovec Municipality,129,59,1,petrovec-municipality
699,Ohrid Municipality,129,58,1,ohrid-municipality
700,Struga Municipality,129,72,1,struga-municipality
701,Makedonska Kamenica Municipality,129,51,1,makedonska-kamenica-municipality
702,Centar Municipality,129,77,1,centar-municipality
703,Aerodrom Municipality,129,1,1,aerodrom-municipality
704,Čair Municipality,129,79,1,air-municipality
705,Lozovo Municipality,129,49,1,lozovo-municipality
706,Zelenikovo Municipality,129,32,1,zelenikovo-municipality
707,Gazi Baba Municipality,129,17,1,gazi-baba-municipality
708,Gradsko Municipality,129,20,1,gradsko-municipality
709,Radoviš Municipality,129,64,1,radovi-municipality
710,Strumica Municipality,129,73,1,strumica-municipality
711,Studeničani Municipality,129,74,1,studeni-ani-municipality
712,Resen Municipality,129,66,1,resen-municipality
713,Kavadarci Municipality,129,36,1,kavadarci-municipality
714,Kruševo Municipality,129,46,1,kru-evo-municipality
715,Čučer-Sandevo Municipality,129,82,1,u-er-sandevo-municipality
716,Berovo Municipality,129,3,1,berovo-municipality
717,Rankovce Municipality,129,65,1,rankovce-municipality
718,Novo Selo Municipality,129,56,1,novo-selo-municipality
719,Sopište Municipality,129,70,1,sopi-te-municipality
720,Centar Župa Municipality,129,78,1,centar-upa-municipality
721,Bogovinje Municipality,129,6,1,bogovinje-municipality
722,Gjorče Petrov Municipality,129,29,1,gjor-e-petrov-municipality
723,Kočani Municipality,129,42,1,ko-ani-municipality
724,Požega-Slavonia,55,11,1,po-ega-slavonia
725,Split-Dalmatia,55,17,1,split-dalmatia
726,Međimurje,55,20,1,me-imurje
727,Zadar,55,13,1,zadar
728,Dubrovnik-Neretva,55,19,1,dubrovnik-neretva
729,Krapina-Zagorje,55,2,1,krapina-zagorje
730,Šibenik-Knin,55,15,1,ibenik-knin
731,Lika-Senj,55,9,1,lika-senj
732,Virovitica-Podravina,55,10,1,virovitica-podravina
733,Sisak-Moslavina,55,3,1,sisak-moslavina
734,Bjelovar-Bilogora,55,7,1,bjelovar-bilogora
735,Primorje-Gorski Kotar,55,8,1,primorje-gorski-kotar
736,Zagreb,55,1,1,zagreb
737,Brod-Posavina,55,12,1,brod-posavina
738,Zagreb,55,21,1,zagreb1
739,Varaždin,55,5,1,vara-din
740,Osijek-Baranja,55,14,1,osijek-baranja
741,Vukovar-Syrmia,55,16,1,vukovar-syrmia
742,Koprivnica-Križevci,55,6,1,koprivnica-kri-evci
743,Istria,55,18,1,istria
744,Kyrenia District (Keryneia),57,6,1,kyrenia-district-keryneia
745,Nicosia District (Lefkoşa),57,1,1,nicosia-district-lefko-a
746,Paphos District (Pafos),57,5,1,paphos-district-pafos
747,Larnaca District (Larnaka),57,3,1,larnaca-district-larnaka
748,Limassol District (Leymasun),57,2,1,limassol-district-leymasun
749,Famagusta District (Mağusa),57,4,1,famagusta-district-ma-usa
750,Rangpur,19,F,1,rangpur
753,Rajshahi,19,E,1,rajshahi
758,Mymensingh,19,H,1,mymensingh
760,Dhaka,19,C,1,dhaka
765,Sylhet,19,G,1,sylhet
775,Khulna,19,D,1,khulna
803,Chittagong,19,B,1,chittagong
807,Barisal,19,A,1,barisal
820,Okayama Prefecture,109,33,1,okayama-prefecture
821,Chiba Prefecture,109,12,1,chiba-prefecture
822,Ōita Prefecture,109,44,1,ita-prefecture
823,Tokyo,109,13,1,tokyo
824,Nara Prefecture,109,29,1,nara-prefecture
825,Shizuoka Prefecture,109,22,1,shizuoka-prefecture
826,Shimane Prefecture,109,32,1,shimane-prefecture
827,Aichi Prefecture,109,23,1,aichi-prefecture
828,Hiroshima Prefecture,109,34,1,hiroshima-prefecture
829,Akita Prefecture,109,5,1,akita-prefecture
830,Ishikawa Prefecture,109,17,1,ishikawa-prefecture
831,Hyōgo Prefecture,109,28,1,hy-go-prefecture
832,Hokkaidō Prefecture,109,1,1,hokkaid-prefecture
833,Mie Prefecture,109,24,1,mie-prefecture
834,Kyōto Prefecture,109,26,1,ky-to-prefecture
835,Yamaguchi Prefecture,109,35,1,yamaguchi-prefecture
836,Tokushima Prefecture,109,36,1,tokushima-prefecture
837,Yamagata Prefecture,109,6,1,yamagata-prefecture
838,Toyama Prefecture,109,16,1,toyama-prefecture
839,Aomori Prefecture,109,2,1,aomori-prefecture
840,Kagoshima Prefecture,109,46,1,kagoshima-prefecture
841,Niigata Prefecture,109,15,1,niigata-prefecture
842,Kanagawa Prefecture,109,14,1,kanagawa-prefecture
843,Nagano Prefecture,109,20,1,nagano-prefecture
844,Wakayama Prefecture,109,30,1,wakayama-prefecture
845,Shiga Prefecture,109,25,1,shiga-prefecture
846,Kumamoto Prefecture,109,43,1,kumamoto-prefecture
847,Fukushima Prefecture,109,7,1,fukushima-prefecture
848,Fukui Prefecture,109,18,1,fukui-prefecture
849,Nagasaki Prefecture,109,42,1,nagasaki-prefecture
850,Tottori Prefecture,109,31,1,tottori-prefecture
851,Ibaraki Prefecture,109,8,1,ibaraki-prefecture
852,Yamanashi Prefecture,109,19,1,yamanashi-prefecture
853,Okinawa Prefecture,109,47,1,okinawa-prefecture
854,Tochigi Prefecture,109,9,1,tochigi-prefecture
855,Miyazaki Prefecture,109,45,1,miyazaki-prefecture
856,Iwate Prefecture,109,3,1,iwate-prefecture
857,Miyagi Prefecture,109,4,1,miyagi-prefecture
858,Gifu Prefecture,109,21,1,gifu-prefecture
859,Ōsaka Prefecture,109,27,1,saka-prefecture
860,Saitama Prefecture,109,11,1,saitama-prefecture
861,Fukuoka Prefecture,109,40,1,fukuoka-prefecture
862,Gunma Prefecture,109,10,1,gunma-prefecture
863,Saga Prefecture,109,41,1,saga-prefecture
864,Kagawa Prefecture,109,37,1,kagawa-prefecture
865,Ehime Prefecture,109,38,1,ehime-prefecture
866,Ontario,39,ON,1,ontario
867,Manitoba,39,MB,1,manitoba
868,New Brunswick,39,NB,1,new-brunswick
869,Yukon,39,YT,1,yukon
870,Saskatchewan,39,SK,1,saskatchewan
871,Prince Edward Island,39,PE,1,prince-edward-island
872,Alberta,39,AB,1,alberta
873,Quebec,39,QC,1,quebec
874,Nova Scotia,39,NS,1,nova-scotia
875,British Columbia,39,BC,1,british-columbia
876,Nunavut,39,NU,1,nunavut
877,Newfoundland and Labrador,39,NL,1,newfoundland-and-labrador
878,Northwest Territories,39,NT,1,northwest-territories
879,White Nile,209,NW,1,white-nile
880,Red Sea,209,RS,1,red-sea
881,Khartoum,209,KH,1,khartoum
882,Sennar,209,SI,1,sennar
883,South Kordofan,209,KS,1,south-kordofan
884,Kassala,209,KA,1,kassala
885,Al Jazirah,209,GZ,1,al-jazirah
886,Al Qadarif,209,GD,1,al-qadarif
887,Blue Nile,209,NB,1,blue-nile
888,West Darfur,209,DW,1,west-darfur
889,West Kordofan,209,GK,1,west-kordofan
890,North Darfur,209,DN,1,north-darfur
891,River Nile,209,NR,1,river-nile
892,East Darfur,209,DE,1,east-darfur
893,North Kordofan,209,KN,1,north-kordofan
894,South Darfur,209,DS,1,south-darfur
895,Northern,209,NO,1,northern1
896,Central Darfur,209,DC,1,central-darfur
897,Khelvachauri Municipality,81,29,1,khelvachauri-municipality
898,Senaki Municipality,81,50,1,senaki-municipality
899,Tbilisi,81,TB,1,tbilisi
900,Adjara,81,AJ,1,adjara
901,Abkhazia,81,AB,1,abkhazia
902,Mtskheta-Mtianeti,81,MM,1,mtskheta-mtianeti
903,Shida Kartli,81,SK,1,shida-kartli
904,Kvemo Kartli,81,KK,1,kvemo-kartli
905,Imereti,81,IM,1,imereti
906,Samtskhe-Javakheti,81,SJ,1,samtskhe-javakheti
907,Guria,81,GU,1,guria
908,Samegrelo-Zemo Svaneti,81,SZ,1,samegrelo-zemo-svaneti
909,Racha-Lechkhumi and Kvemo Svaneti,81,RL,1,racha-lechkhumi-and-kvemo-svaneti
910,Kakheti,81,KA,1,kakheti
911,Northern Province,198,N,1,northern-province1
912,Southern Province,198,S,1,southern-province1
913,Western Area,198,W,1,western-area
914,Eastern Province,198,E,1,eastern-province1
915,Hiran,203,HI,1,hiran
916,Mudug,203,MU,1,mudug
917,Bakool,203,BK,1,bakool
918,Galguduud,203,GA,1,galguduud
919,Sanaag Region,203,SA,1,sanaag-region
920,Nugal,203,NU,1,nugal
921,Lower Shebelle,203,SH,1,lower-shebelle
922,Middle Juba,203,JD,1,middle-juba
923,Middle Shebelle,203,SD,1,middle-shebelle
924,Lower Juba,203,JH,1,lower-juba
925,Awdal Region,203,AW,1,awdal-region
926,Bay,203,BY,1,bay
927,Banaadir,203,BN,1,banaadir
928,Gedo,203,GE,1,gedo
929,Togdheer Region,203,TO,1,togdheer-region
930,Bari,203,BR,1,bari
931,Northern Cape,204,NC,1,northern-cape
932,Free State,204,FS,1,free-state
933,Limpopo,204,LP,1,limpopo
934,North West,204,NW,1,north-west
935,KwaZulu-Natal,204,KZN,1,kwazulu-natal
936,Gauteng,204,GP,1,gauteng
937,Mpumalanga,204,MP,1,mpumalanga
938,Eastern Cape,204,EC,1,eastern-cape
939,Western Cape,204,WC,1,western-cape
940,Chontales,159,CO,1,chontales
941,Managua,159,MN,1,managua
942,Rivas,159,RI,1,rivas
943,Granada,159,GR,1,granada
944,León,159,LE,1,le-n
945,Estelí,159,ES,1,estel
946,Boaco,159,BO,1,boaco
947,Matagalpa,159,MT,1,matagalpa
948,Madriz,159,MD,1,madriz
949,Río San Juan,159,SJ,1,r-o-san-juan
950,Carazo,159,CA,1,carazo
951,North Caribbean Coast,159,AN,1,north-caribbean-coast
952,South Caribbean Coast,159,AS,1,south-caribbean-coast
953,Masaya,159,MS,1,masaya
954,Chinandega,159,CI,1,chinandega
955,Jinotega,159,JI,1,jinotega
956,Karak,111,KA,1,karak
957,Tafilah,111,AT,1,tafilah
958,Madaba,111,MD,1,madaba
959,Aqaba,111,AQ,1,aqaba
960,Irbid,111,IR,1,irbid
961,Balqa,111,BA,1,balqa
962,Mafraq,111,MA,1,mafraq
963,Ajloun,111,AJ,1,ajloun
964,Ma'an,111,MN,1,ma-an
965,Amman,111,AM,1,amman
966,Jerash,111,JA,1,jerash
967,Zarqa,111,AZ,1,zarqa
968,Manzini District,212,MA,1,manzini-district
969,Hhohho District,212,HH,1,hhohho-district
970,Lubombo District,212,LU,1,lubombo-district
971,Shiselweni District,212,SH,1,shiselweni-district
972,Al Jahra,117,JA,1,al-jahra
973,Hawalli,117,HA,1,hawalli
974,Mubarak Al-Kabeer,117,MU,1,mubarak-al-kabeer
975,Al Farwaniyah,117,FA,1,al-farwaniyah
976,Capital,117,KU,1,capital
977,Al Ahmadi,117,AH,1,al-ahmadi
978,Luang Prabang Province,119,LP,1,luang-prabang-province
979,Vientiane Prefecture,119,VT,1,vientiane-prefecture
980,Vientiane Province,119,VI,1,vientiane-province
981,Salavan Province,119,SL,1,salavan-province
982,Attapeu Province,119,AT,1,attapeu-province
983,Xaisomboun Province,119,XS,1,xaisomboun-province
984,Sekong Province,119,XE,1,sekong-province
985,Bolikhamsai Province,119,BL,1,bolikhamsai-province
986,Khammouane Province,119,KH,1,khammouane-province
987,Phongsaly Province,119,PH,1,phongsaly-province
988,Oudomxay Province,119,OU,1,oudomxay-province
989,Houaphanh Province,119,HO,1,houaphanh-province
990,Savannakhet Province,119,SV,1,savannakhet-province
991,Bokeo Province,119,BK,1,bokeo-province
992,Luang Namtha Province,119,LM,1,luang-namtha-province
993,Sainyabuli Province,119,XA,1,sainyabuli-province
994,Xaisomboun,119,XN,1,xaisomboun
995,Xiangkhouang Province,119,XI,1,xiangkhouang-province
996,Champasak Province,119,CH,1,champasak-province
997,Talas Region,118,T,1,talas-region
998,Batken Region,118,B,1,batken-region
999,Naryn Region,118,N,1,naryn-region
1000,Jalal-Abad Region,118,J,1,jalal-abad-region
1001,Bishkek,118,GB,1,bishkek
1002,Issyk-Kul Region,118,Y,1,issyk-kul-region
1003,Osh,118,GO,1,osh
1004,Chuy Region,118,C,1,chuy-region
1005,Osh Region,118,O,1,osh-region
1006,Trøndelag,165,50,1,tr-ndelag
1007,Oslo,165,3,1,oslo
1009,Innlandet,165,34,1,innlandet
1011,Viken,165,30,1,viken
1013,Svalbard,165,21,1,svalbard
1014,Agder,165,42,1,agder
1015,Troms og Finnmark,165,54,1,troms-og-finnmark
1018,Vestland,165,46,1,vestland
1020,Møre og Romsdal,165,15,1,m-re-og-romsdal
1021,Rogaland,165,11,1,rogaland
1024,Vestfold og Telemark,165,38,1,vestfold-og-telemark
1025,Nordland,165,18,1,nordland
1026,Jan Mayen,165,22,1,jan-mayen
1027,Hódmezővásárhely,99,HV,1,h-dmez-v-s-rhely
1028,Érd,99,ER,1,rd
1029,Szeged,99,SD,1,szeged
1030,Nagykanizsa,99,NK,1,nagykanizsa
1031,Csongrád County,99,CS,1,csongr-d-county
1032,Debrecen,99,DE,1,debrecen
1033,Székesfehérvár,99,SF,1,sz-kesfeh-rv-r
1034,Nyíregyháza,99,NY,1,ny-regyh-za
1035,Somogy County,99,SO,1,somogy-county
1036,Békéscsaba,99,BC,1,b-k-scsaba
1037,Eger,99,EG,1,eger
1038,Tolna County,99,TO,1,tolna-county
1039,Vas County,99,VA,1,vas-county
1040,Heves County,99,HE,1,heves-county
1041,Győr,99,GY,1,gy-r
1042,Győr-Moson-Sopron County,99,GS,1,gy-r-moson-sopron-county
1043,Jász-Nagykun-Szolnok County,99,JN,1,j-sz-nagykun-szolnok-county
1044,Fejér County,99,FE,1,fej-r-county
1045,Szabolcs-Szatmár-Bereg County,99,SZ,1,szabolcs-szatm-r-bereg-county
1046,Zala County,99,ZA,1,zala-county
1047,Szolnok,99,SK,1,szolnok
1048,Bács-Kiskun,99,BK,1,b-cs-kiskun
1049,Dunaújváros,99,DU,1,duna-jv-ros
1050,Zalaegerszeg,99,ZE,1,zalaegerszeg
1051,Nógrád County,99,NO,1,n-gr-d-county
1052,Szombathely,99,SH,1,szombathely
1053,Pécs,99,PS,1,p-cs
1054,Veszprém County,99,VE,1,veszpr-m-county
1055,Baranya,99,BA,1,baranya
1056,Kecskemét,99,KM,1,kecskem-t
1057,Sopron,99,SN,1,sopron
1058,Borsod-Abaúj-Zemplén,99,BZ,1,borsod-aba-j-zempl-n
1059,Pest County,99,PE,1,pest-county
1060,Békés,99,BE,1,b-k-s
1061,Szekszárd,99,SS,1,szeksz-rd
1062,Veszprém,99,VM,1,veszpr-m
1063,Hajdú-Bihar County,99,HB,1,hajd-bihar-county
1064,Budapest,99,BU,1,budapest
1065,Miskolc,99,MI,1,miskolc
1066,Tatabánya,99,TB,1,tatab-nya
1067,Kaposvár,99,KV,1,kaposv-r
1068,Salgótarján,99,ST,1,salg-tarj-n
1069,Tipperary,105,TA,1,tipperary
1070,Sligo,105,SO,1,sligo
1071,Donegal,105,DL,1,donegal
1072,Dublin,105,D,1,dublin
1073,Leinster,105,L,1,leinster
1074,Cork,105,CO,1,cork
1075,Monaghan,105,MN,1,monaghan
1076,Longford,105,LD,1,longford
1077,Kerry,105,KY,1,kerry
1078,Offaly,105,OY,1,offaly
1079,Galway,105,G,1,galway
1080,Munster,105,M,1,munster
1081,Roscommon,105,RN,1,roscommon
1082,Kildare,105,KE,1,kildare
1083,Louth,105,LH,1,louth
1084,Mayo,105,MO,1,mayo
1085,Wicklow,105,WW,1,wicklow
1086,Ulster,105,U,1,ulster
1087,Connacht,105,C,1,connacht
1088,Cavan,105,CN,1,cavan
1089,Waterford,105,WD,1,waterford
1090,Kilkenny,105,KK,1,kilkenny
1091,Clare,105,CE,1,clare
1092,Meath,105,MH,1,meath
1093,Wexford,105,WX,1,wexford
1094,Limerick,105,LK,1,limerick
1095,Carlow,105,CW,1,carlow
1096,Laois,105,LS,1,laois
1097,Westmeath,105,WH,1,westmeath
1098,Djelfa,4,17,1,djelfa
1099,El Oued,4,39,1,el-oued
1100,El Tarf,4,36,1,el-tarf
1101,Oran,4,31,1,oran
1102,Naama,4,45,1,naama
1103,Annaba,4,23,1,annaba
1104,Bouïra,4,10,1,bou-ra
1105,Chlef,4,2,1,chlef
1106,Tiaret,4,14,1,tiaret
1107,Tlemcen,4,13,1,tlemcen
1108,Béchar,4,8,1,b-char
1109,Médéa,4,26,1,m-d-a
1110,Skikda,4,21,1,skikda
1111,Blida,4,9,1,blida
1112,Illizi,4,33,1,illizi
1113,Jijel,4,18,1,jijel
1114,Biskra,4,7,1,biskra
1115,Tipasa,4,42,1,tipasa
1116,Bordj Bou Arréridj,4,34,1,bordj-bou-arr-ridj
1117,Tébessa,4,12,1,t-bessa
1118,Adrar,4,1,1,adrar
1119,Aïn Defla,4,44,1,a-n-defla
1120,Tindouf,4,37,1,tindouf
1121,Constantine,4,25,1,constantine
1122,Aïn Témouchent,4,46,1,a-n-t-mouchent
1123,Saïda,4,20,1,sa-da
1124,Mascara,4,29,1,mascara
1125,Boumerdès,4,35,1,boumerd-s
1126,Khenchela,4,40,1,khenchela
1127,Ghardaïa,4,47,1,gharda-a
1128,Béjaïa,4,6,1,b-ja-a
1129,El Bayadh,4,32,1,el-bayadh
1130,Relizane,4,48,1,relizane
1131,Tizi Ouzou,4,15,1,tizi-ouzou
1132,Mila,4,43,1,mila
1133,Tissemsilt,4,38,1,tissemsilt
1134,M'Sila,4,28,1,m-sila
1135,Tamanghasset,4,11,1,tamanghasset
1136,Oum El Bouaghi,4,4,1,oum-el-bouaghi
1137,Guelma,4,24,1,guelma
1138,Laghouat,4,3,1,laghouat
1139,Ouargla,4,30,1,ouargla
1140,Mostaganem,4,27,1,mostaganem
1141,Sétif,4,19,1,s-tif
1142,Batna,4,5,1,batna
1143,Souk Ahras,4,41,1,souk-ahras
1144,Algiers,4,16,1,algiers
1146,Burgos,207,BU,1,burgos
1147,Salamanca,207,SA,1,salamanca
1157,Palencia,207,P,1,palencia
1158,Madrid,207,M,1,madrid
1160,Asturias,207,O,1,asturias
1161,Zamora,207,ZA,1,zamora
1167,Pontevedra,207,PO,1,pontevedra
1170,Cantabria,207,S,1,cantabria
1171,La Rioja,207,LO,1,la-rioja
1174,Islas Baleares,207,PM,1,islas-baleares
1175,Valencia,207,V,1,valencia
1176,Murcia,207,MU,1,murcia
1177,Huesca,207,HU,1,huesca
1183,Valladolid,207,VA,1,valladolid
1185,Las Palmas,207,GC,1,las-palmas
1189,Ávila,207,AV,1,vila
1190,Caceres,207,CC,1,caceres
1191,Gipuzkoa,207,SS,1,gipuzkoa
1192,Segovia,207,SG,1,segovia
1193,Sevilla,207,SE,1,sevilla
1200,León,207,LE,1,le-n1
1203,Tarragona,207,T,1,tarragona
1204,Navarra,207,NA,1,navarra
1205,Toledo,207,TO,1,toledo
1208,Soria,207,SO,1,soria
1209,Guanacaste Province,53,G,1,guanacaste-province
1210,Puntarenas Province,53,P,1,puntarenas-province
1211,Provincia de Cartago,53,C,1,provincia-de-cartago
1212,Heredia Province,53,H,1,heredia-province
1213,Limón Province,53,L,1,lim-n-province
1214,San José Province,53,SJ,1,san-jos-province
1215,Alajuela Province,53,A,1,alajuela-province
1216,Brunei-Muara District,33,BM,1,brunei-muara-district
1217,Belait District,33,BE,1,belait-district
1218,Temburong District,33,TE,1,temburong-district
1219,Tutong District,33,TU,1,tutong-district
1220,Saint Philip,20,10,1,saint-philip
1221,Saint Lucy,20,7,1,saint-lucy
1222,Saint Peter,20,9,1,saint-peter
1223,Saint Joseph,20,6,1,saint-joseph
1224,Saint James,20,4,1,saint-james
1225,Saint Thomas,20,11,1,saint-thomas
1226,Saint George,20,3,1,saint-george
1227,Saint John,20,5,1,saint-john
1228,Christ Church,20,1,1,christ-church
1229,Saint Andrew,20,2,1,saint-andrew
1230,Saint Michael,20,8,1,saint-michael
1231,Ta'izz,245,TA,1,ta-izz
1232,Amanat Al Asimah,245,SA,1,amanat-al-asimah
1233,Ibb,245,IB,1,ibb
1234,Ma'rib,245,MA,1,ma-rib
1235,Al Mahwit,245,MW,1,al-mahwit
1236,Sana'a,245,SN,1,sana-a
1237,Abyan,245,AB,1,abyan
1238,Hadhramaut,245,HD,1,hadhramaut
1239,Socotra,245,SU,1,socotra
1240,Al Bayda',245,BA,1,al-bayda
1241,Al Hudaydah,245,HU,1,al-hudaydah
1242,'Adan,245,AD,1,adan
1243,Al Jawf,245,JA,1,al-jawf
1244,Hajjah,245,HJ,1,hajjah
1245,Lahij,245,LA,1,lahij
1246,Dhamar,245,DH,1,dhamar
1247,Shabwah,245,SH,1,shabwah
1248,Raymah,245,RA,1,raymah
1249,Saada,245,SD,1,saada
1250,'Amran,245,AM,1,amran
1251,Al Mahrah,245,MR,1,al-mahrah
1252,Sangha-Mbaéré,42,SE,1,sangha-mba-r
1253,Nana-Grébizi Economic Prefecture,42,KB,1,nana-gr-bizi-economic-prefecture
1254,Ouham Prefecture,42,AC,1,ouham-prefecture
1255,Ombella-M'Poko Prefecture,42,MP,1,ombella-m-poko-prefecture
1256,Lobaye Prefecture,42,LB,1,lobaye-prefecture
1257,Mambéré-Kadéï,42,HS,1,mamb-r-kad
1258,Haut-Mbomou Prefecture,42,HM,1,haut-mbomou-prefecture
1259,Bamingui-Bangoran Prefecture,42,BB,1,bamingui-bangoran-prefecture
1260,Nana-Mambéré Prefecture,42,NM,1,nana-mamb-r-prefecture
1261,Vakaga Prefecture,42,VK,1,vakaga-prefecture
1262,Bangui,42,BGF,1,bangui
1263,Kémo Prefecture,42,KG,1,k-mo-prefecture
1264,Basse-Kotto Prefecture,42,BK,1,basse-kotto-prefecture
1265,Ouaka Prefecture,42,UK,1,ouaka-prefecture
1266,Mbomou Prefecture,42,MB,1,mbomou-prefecture
1267,Ouham-Pendé Prefecture,42,OP,1,ouham-pend-prefecture
1268,Haute-Kotto Prefecture,42,HK,1,haute-kotto-prefecture
1269,Romblon,174,ROM,1,romblon
1270,Bukidnon,174,BUK,1,bukidnon
1271,Rizal,174,RIZ,1,rizal
1272,Bohol,174,BOH,1,bohol
1273,Quirino,174,QUI,1,quirino
1274,Biliran,174,BIL,1,biliran
1275,Quezon,174,QUE,1,quezon
1276,Siquijor,174,SIG,1,siquijor
1277,Sarangani,174,SAR,1,sarangani
1278,Bulacan,174,BUL,1,bulacan
1279,Cagayan,174,CAG,1,cagayan
1280,South Cotabato,174,SCO,1,south-cotabato
1281,Sorsogon,174,SOR,1,sorsogon
1282,Sultan Kudarat,174,SUK,1,sultan-kudarat
1283,Camarines Norte,174,CAN,1,camarines-norte
1284,Southern Leyte,174,SLE,1,southern-leyte
1285,Camiguin,174,CAM,1,camiguin
1286,Surigao del Norte,174,SUN,1,surigao-del-norte
1287,Camarines Sur,174,CAS,1,camarines-sur
1288,Sulu,174,SLU,1,sulu
1289,Davao Oriental,174,DAO,1,davao-oriental
1290,Eastern Samar,174,EAS,1,eastern-samar
1291,Dinagat Islands,174,DIN,1,dinagat-islands
1292,Capiz,174,CAP,1,capiz
1293,Tawi-Tawi,174,TAW,1,tawi-tawi
1294,Calabarzon,174,40,1,calabarzon
1295,Tarlac,174,TAR,1,tarlac
1296,Surigao del Sur,174,SUR,1,surigao-del-sur
1297,Zambales,174,ZMB,1,zambales
1298,Ilocos Norte,174,ILN,1,ilocos-norte
1299,Mimaropa,174,41,1,mimaropa
1300,Ifugao,174,IFU,1,ifugao
1301,Catanduanes,174,CAT,1,catanduanes
1302,Zamboanga del Norte,174,ZAN,1,zamboanga-del-norte
1303,Guimaras,174,GUI,1,guimaras
1304,Bicol,174,5,1,bicol
1305,Western Visayas,174,6,1,western-visayas
1306,Cebu,174,CEB,1,cebu
1307,Cavite,174,CAV,1,cavite
1308,Central Visayas,174,7,1,central-visayas
1309,Davao Occidental,174,DVO,1,davao-occidental
1310,Soccsksargen,174,12,1,soccsksargen
1311,Compostela Valley,174,COM,1,compostela-valley
1312,Kalinga,174,KAL,1,kalinga
1313,Isabela,174,ISA,1,isabela
1314,Caraga,174,13,1,caraga
1315,Iloilo,174,ILI,1,iloilo
1316,Autonomous Region in Muslim Mindanao,174,14,1,autonomous-region-in-muslim-mindanao
1317,La Union,174,LUN,1,la-union
1318,Davao del Sur,174,DAS,1,davao-del-sur
1319,Davao del Norte,174,DAV,1,davao-del-norte
1320,Cotabato,174,NCO,1,cotabato
1321,Ilocos Sur,174,ILS,1,ilocos-sur
1322,Eastern Visayas,174,8,1,eastern-visayas
1323,Agusan del Norte,174,AGN,1,agusan-del-norte
1324,Abra,174,ABR,1,abra
1325,Zamboanga Peninsula,174,9,1,zamboanga-peninsula
1326,Agusan del Sur,174,AGS,1,agusan-del-sur
1327,Lanao del Norte,174,LAN,1,lanao-del-norte
1328,Laguna,174,LAG,1,laguna
1329,Marinduque,174,MAD,1,marinduque
1330,Maguindanao,174,MAG,1,maguindanao
1331,Aklan,174,AKL,1,aklan
1332,Leyte,174,LEY,1,leyte
1333,Lanao del Sur,174,LAS,1,lanao-del-sur
1334,Apayao,174,APA,1,apayao
1335,Cordillera Administrative,174,15,1,cordillera-administrative
1336,Antique,174,ANT,1,antique
1337,Albay,174,ALB,1,albay
1338,Masbate,174,MAS,1,masbate
1339,Northern Mindanao,174,10,1,northern-mindanao
1340,Davao,174,11,1,davao
1341,Aurora,174,AUR,1,aurora
1342,Cagayan Valley,174,2,1,cagayan-valley
1343,Misamis Occidental,174,MSC,1,misamis-occidental
1344,Bataan,174,BAN,1,bataan
1345,Central Luzon,174,3,1,central-luzon
1346,Basilan,174,BAS,1,basilan
1347,Metro Manila,174,NCR,1,metro-manila
1348,Misamis Oriental,174,MSR,1,misamis-oriental
1349,Northern Samar,174,NSA,1,northern-samar
1350,Negros Oriental,174,NER,1,negros-oriental
1351,Negros Occidental,174,NEC,1,negros-occidental
1352,Batanes,174,BTN,1,batanes
1353,Mountain Province,174,MOU,1,mountain-province
1354,Oriental Mindoro,174,MDR,1,oriental-mindoro
1355,Ilocos,174,1,1,ilocos
1356,Occidental Mindoro,174,MDC,1,occidental-mindoro
1357,Zamboanga del Sur,174,ZAS,1,zamboanga-del-sur
1358,Nueva Vizcaya,174,NUV,1,nueva-vizcaya
1359,Batangas,174,BTG,1,batangas
1360,Nueva Ecija,174,NUE,1,nueva-ecija
1361,Palawan,174,PLW,1,palawan
1362,Zamboanga Sibugay,174,ZSI,1,zamboanga-sibugay
1363,Benguet,174,BEN,1,benguet
1364,Pangasinan,174,PAN,1,pangasinan
1365,Pampanga,174,PAM,1,pampanga
1366,Northern District,106,Z,1,northern-district
1367,Central District,106,M,1,central-district
1368,Southern District,106,D,1,southern-district
1369,Haifa District,106,HA,1,haifa-district
1370,Jerusalem District,106,JM,1,jerusalem-district
1371,Tel Aviv District,106,TA,1,tel-aviv-district
1372,Limburg,22,VLI,1,limburg
1373,Flanders,22,VLG,1,flanders
1374,Flemish Brabant,22,VBR,1,flemish-brabant
1375,Hainaut,22,WHT,1,hainaut
1376,Brussels-Capital Region,22,BRU,1,brussels-capital-region
1377,East Flanders,22,VOV,1,east-flanders
1378,Namur,22,WNA,1,namur
1379,Luxembourg,22,WLX,1,luxembourg
1380,Wallonia,22,WAL,1,wallonia
1381,Antwerp,22,VAN,1,antwerp
1382,Walloon Brabant,22,WBR,1,walloon-brabant
1383,West Flanders,22,VWV,1,west-flanders
1384,Liège,22,WLG,1,li-ge
1385,Darién Province,170,5,1,dari-n-province
1386,Colón Province,170,3,1,col-n-province
1387,Coclé Province,170,2,1,cocl-province
1388,Guna Yala,170,KY,1,guna-yala
1389,Herrera Province,170,6,1,herrera-province
1390,Los Santos Province,170,7,1,los-santos-province
1391,Ngöbe-Buglé Comarca,170,NB,1,ng-be-bugl-comarca
1392,Veraguas Province,170,9,1,veraguas-province
1393,Bocas del Toro Province,170,1,1,bocas-del-toro-province
1394,Panamá Oeste Province,170,10,1,panam-oeste-province
1395,Panamá Province,170,8,1,panam-province
1396,Emberá-Wounaan Comarca,170,EM,1,ember-wounaan-comarca
1397,Chiriquí Province,170,4,1,chiriqu-province
1398,Howland Island,233,UM-84,1,howland-island
1399,Delaware,233,DE,1,delaware
1400,Alaska,233,AK,1,alaska
1401,Maryland,233,MD,1,maryland
1402,Baker Island,233,UM-81,1,baker-island
1403,Kingman Reef,233,UM-89,1,kingman-reef
1404,New Hampshire,233,NH,1,new-hampshire
1405,Wake Island,233,UM-79,1,wake-island
1406,Kansas,233,KS,1,kansas
1407,Texas,233,TX,1,texas
1408,Nebraska,233,NE,1,nebraska
1409,Vermont,233,VT,1,vermont
1410,Jarvis Island,233,UM-86,1,jarvis-island
1411,Hawaii,233,HI,1,hawaii
1412,Guam,233,GU,1,guam
1413,United States Virgin Islands,233,VI,1,united-states-virgin-islands
1414,Utah,233,UT,1,utah
1415,Oregon,233,OR,1,oregon
1416,California,233,CA,1,california
1417,New Jersey,233,NJ,1,new-jersey
1418,North Dakota,233,ND,1,north-dakota
1419,Kentucky,233,KY,1,kentucky
1420,Minnesota,233,MN,1,minnesota
1421,Oklahoma,233,OK,1,oklahoma
1422,Pennsylvania,233,PA,1,pennsylvania
1423,New Mexico,233,NM,1,new-mexico
1424,American Samoa,233,AS,1,american-samoa
1425,Illinois,233,IL,1,illinois
1426,Michigan,233,MI,1,michigan
1427,Virginia,233,VA,1,virginia
1428,Johnston Atoll,233,UM-67,1,johnston-atoll
1429,West Virginia,233,WV,1,west-virginia
1430,Mississippi,233,MS,1,mississippi
1431,Northern Mariana Islands,233,MP,1,northern-mariana-islands
1432,United States Minor Outlying Islands,233,UM,1,united-states-minor-outlying-islands
1433,Massachusetts,233,MA,1,massachusetts
1434,Arizona,233,AZ,1,arizona
1435,Connecticut,233,CT,1,connecticut
1436,Florida,233,FL,1,florida
1437,District of Columbia,233,DC,1,district-of-columbia
1438,Midway Atoll,233,UM-71,1,midway-atoll
1439,Navassa Island,233,UM-76,1,navassa-island
1440,Indiana,233,IN,1,indiana
1441,Wisconsin,233,WI,1,wisconsin
1442,Wyoming,233,WY,1,wyoming
1443,South Carolina,233,SC,1,south-carolina
1444,Arkansas,233,AR,1,arkansas
1445,South Dakota,233,SD,1,south-dakota
1446,Montana,233,MT,1,montana
1447,North Carolina,233,NC,1,north-carolina
1448,Palmyra Atoll,233,UM-95,1,palmyra-atoll
1449,Puerto Rico,233,PR,1,puerto-rico
1450,Colorado,233,CO,1,colorado
1451,Missouri,233,MO,1,missouri
1452,New York,233,NY,1,new-york
1453,Maine,233,ME,1,maine
1454,Tennessee,233,TN,1,tennessee
1455,Georgia,233,GA,1,georgia
1456,Alabama,233,AL,1,alabama
1457,Louisiana,233,LA,1,louisiana
1458,Nevada,233,NV,1,nevada
1459,Iowa,233,IA,1,iowa
1460,Idaho,233,ID,1,idaho
1461,Rhode Island,233,RI,1,rhode-island
1462,Washington,233,WA,1,washington
1463,Shinyanga,218,22,1,shinyanga
1464,Simiyu,218,30,1,simiyu
1465,Kagera,218,5,1,kagera
1466,Dodoma,218,3,1,dodoma
1467,Kilimanjaro,218,9,1,kilimanjaro
1468,Mara,218,13,1,mara
1469,Tabora,218,24,1,tabora
1470,Morogoro,218,16,1,morogoro
1471,Zanzibar South,218,11,1,zanzibar-south
1472,Pemba South,218,10,1,pemba-south
1473,Zanzibar North,218,7,1,zanzibar-north
1474,Singida,218,23,1,singida
1475,Zanzibar West,218,15,1,zanzibar-west
1476,Mtwara,218,17,1,mtwara
1477,Rukwa,218,20,1,rukwa
1478,Kigoma,218,8,1,kigoma
1479,Mwanza,218,18,1,mwanza
1480,Njombe,218,29,1,njombe
1481,Geita,218,27,1,geita
1482,Katavi,218,28,1,katavi
1483,Lindi,218,12,1,lindi
1484,Manyara,218,26,1,manyara
1485,Pwani,218,19,1,pwani
1486,Ruvuma,218,21,1,ruvuma
1487,Tanga,218,25,1,tanga
1488,Pemba North,218,6,1,pemba-north
1489,Iringa,218,4,1,iringa
1490,Dar es Salaam,218,2,1,dar-es-salaam
1491,Arusha,218,1,1,arusha
1493,Tavastia Proper,74,6,1,tavastia-proper
1494,Central Ostrobothnia,74,7,1,central-ostrobothnia
1495,Southern Savonia,74,4,1,southern-savonia
1496,Kainuu,74,5,1,kainuu
1497,South Karelia,74,2,1,south-karelia
1498,Southern Ostrobothnia,74,3,1,southern-ostrobothnia
1500,Lapland,74,10,1,lapland
1501,Satakunta,74,17,1,satakunta
1502,Päijänne Tavastia,74,16,1,p-ij-nne-tavastia
1503,Northern Savonia,74,15,1,northern-savonia
1504,North Karelia,74,13,1,north-karelia
1505,Northern Ostrobothnia,74,14,1,northern-ostrobothnia
1506,Pirkanmaa,74,11,1,pirkanmaa
1507,Finland Proper,74,19,1,finland-proper
1508,Ostrobothnia,74,12,1,ostrobothnia
1509,Åland Islands,74,1,1,land-islands
1510,Uusimaa,74,18,1,uusimaa
1511,Central Finland,74,8,1,central-finland
1512,Kymenlaakso,74,9,1,kymenlaakso
1513,Canton of Diekirch,127,DI,1,canton-of-diekirch
1514,Luxembourg District,127,L,1,luxembourg-district
1515,Canton of Echternach,127,EC,1,canton-of-echternach
1516,Canton of Redange,127,RD,1,canton-of-redange
1517,Canton of Esch-sur-Alzette,127,ES,1,canton-of-esch-sur-alzette
1518,Canton of Capellen,127,CA,1,canton-of-capellen
1519,Canton of Remich,127,RM,1,canton-of-remich
1520,Grevenmacher District,127,G,1,grevenmacher-district
1521,Canton of Clervaux,127,CL,1,canton-of-clervaux
1522,Canton of Mersch,127,ME,1,canton-of-mersch
1523,Canton of Vianden,127,VD,1,canton-of-vianden
1524,Diekirch District,127,D,1,diekirch-district
1525,Canton of Grevenmacher,127,GR,1,canton-of-grevenmacher
1526,Canton of Wiltz,127,WI,1,canton-of-wiltz
1527,Canton of Luxembourg,127,LU,1,canton-of-luxembourg
1528,Region Zealand,59,85,1,region-zealand
1529,Region of Southern Denmark,59,83,1,region-of-southern-denmark
1530,Capital Region of Denmark,59,84,1,capital-region-of-denmark
1531,Central Denmark Region,59,82,1,central-denmark-region
1532,North Denmark Region,59,81,1,north-denmark-region
1533,Gävleborg County,213,X,1,g-vleborg-county
1534,Dalarna County,213,W,1,dalarna-county
1535,Värmland County,213,S,1,v-rmland-county
1536,Östergötland County,213,E,1,sterg-tland-county
1537,Blekinge County,213,K,1,blekinge-county
1538,Norrbotten County,213,BD,1,norrbotten-county
1539,Örebro County,213,T,1,rebro-county
1540,Södermanland County,213,D,1,s-dermanland-county
1541,Skåne County,213,M,1,sk-ne-county
1542,Kronoberg County,213,G,1,kronoberg-county
1543,Västerbotten County,213,AC,1,v-sterbotten-county
1544,Kalmar County,213,H,1,kalmar-county
1545,Uppsala County,213,C,1,uppsala-county
1546,Gotland County,213,I,1,gotland-county
1547,Västra Götaland County,213,O,1,v-stra-g-taland-county
1548,Halland County,213,N,1,halland-county
1549,Västmanland County,213,U,1,v-stmanland-county
1550,Jönköping County,213,F,1,j-nk-ping-county
1551,Stockholm County,213,AB,1,stockholm-county
1552,Västernorrland County,213,Y,1,v-sternorrland-county
1553,Plungė District Municipality,126,35,1,plung-district-municipality
1554,Šiauliai District Municipality,126,44,1,iauliai-district-municipality
1555,Jurbarkas District Municipality,126,12,1,jurbarkas-district-municipality
1556,Kaunas County,126,KU,1,kaunas-county
1557,Mažeikiai District Municipality,126,26,1,ma-eikiai-district-municipality
1558,Panevėžys County,126,PN,1,panev-ys-county
1559,Elektrėnai municipality,126,8,1,elektr-nai-municipality
1560,Švenčionys District Municipality,126,49,1,ven-ionys-district-municipality
1561,Akmenė District Municipality,126,1,1,akmen-district-municipality
1562,Ignalina District Municipality,126,9,1,ignalina-district-municipality
1563,Neringa Municipality,126,28,1,neringa-municipality
1564,Visaginas Municipality,126,59,1,visaginas-municipality
1565,Kaunas District Municipality,126,16,1,kaunas-district-municipality
1566,Biržai District Municipality,126,6,1,bir-ai-district-municipality
1567,Jonava District Municipality,126,10,1,jonava-district-municipality
1568,Radviliškis District Municipality,126,37,1,radvili-kis-district-municipality
1569,Telšiai County,126,TE,1,tel-iai-county
1570,Marijampolė County,126,MR,1,marijampol-county
1571,Kretinga District Municipality,126,22,1,kretinga-district-municipality
1572,Tauragė District Municipality,126,50,1,taurag-district-municipality
1573,Tauragė County,126,TA,1,taurag-county
1574,Alytus County,126,AL,1,alytus-county
1575,Kazlų Rūda municipality,126,17,1,kazl-r-da-municipality
1576,Šakiai District Municipality,126,41,1,akiai-district-municipality
1577,Šalčininkai District Municipality,126,42,1,al-ininkai-district-municipality
1578,Prienai District Municipality,126,36,1,prienai-district-municipality
1579,Druskininkai municipality,126,7,1,druskininkai-municipality
1580,Kaunas City Municipality,126,15,1,kaunas-city-municipality
1581,Joniškis District Municipality,126,11,1,joni-kis-district-municipality
1582,Molėtai District Municipality,126,27,1,mol-tai-district-municipality
1583,Kaišiadorys District Municipality,126,13,1,kai-iadorys-district-municipality
1584,Kėdainiai District Municipality,126,18,1,k-dainiai-district-municipality
1585,Kupiškis District Municipality,126,23,1,kupi-kis-district-municipality
1586,Šiauliai County,126,SA,1,iauliai-county
1587,Raseiniai District Municipality,126,38,1,raseiniai-district-municipality
1588,Palanga City Municipality,126,31,1,palanga-city-municipality
1589,Panevėžys City Municipality,126,32,1,panev-ys-city-municipality
1590,Rietavas municipality,126,39,1,rietavas-municipality
1591,Kalvarija municipality,126,14,1,kalvarija-municipality
1592,Vilnius District Municipality,126,58,1,vilnius-district-municipality
1593,Trakai District Municipality,126,52,1,trakai-district-municipality
1594,Širvintos District Municipality,126,47,1,irvintos-district-municipality
1595,Pakruojis District Municipality,126,30,1,pakruojis-district-municipality
1596,Ukmergė District Municipality,126,53,1,ukmerg-district-municipality
1597,Klaipeda City Municipality,126,20,1,klaipeda-city-municipality
1598,Utena District Municipality,126,54,1,utena-district-municipality
1599,Alytus District Municipality,126,3,1,alytus-district-municipality
1600,Klaipėda County,126,KL,1,klaip-da-county
1601,Vilnius County,126,VL,1,vilnius-county
1602,Varėna District Municipality,126,55,1,var-na-district-municipality
1603,Birštonas Municipality,126,5,1,bir-tonas-municipality
1604,Klaipėda District Municipality,126,21,1,klaip-da-district-municipality
1605,Alytus City Municipality,126,2,1,alytus-city-municipality
1606,Vilnius City Municipality,126,57,1,vilnius-city-municipality
1607,Šilutė District Municipality,126,46,1,ilut-district-municipality
1608,Telšiai District Municipality,126,51,1,tel-iai-district-municipality
1609,Šiauliai City Municipality,126,43,1,iauliai-city-municipality
1610,Marijampolė Municipality,126,25,1,marijampol-municipality
1611,Lazdijai District Municipality,126,24,1,lazdijai-district-municipality
1612,Pagėgiai municipality,126,29,1,pag-giai-municipality
1613,Šilalė District Municipality,126,45,1,ilal-district-municipality
1614,Panevėžys District Municipality,126,33,1,panev-ys-district-municipality
1615,Rokiškis District Municipality,126,40,1,roki-kis-district-municipality
1616,Pasvalys District Municipality,126,34,1,pasvalys-district-municipality
1617,Skuodas District Municipality,126,48,1,skuodas-district-municipality
1618,Kelmė District Municipality,126,19,1,kelm-district-municipality
1619,Zarasai District Municipality,126,60,1,zarasai-district-municipality
1620,Vilkaviškis District Municipality,126,56,1,vilkavi-kis-district-municipality
1621,Utena County,126,UT,1,utena-county
1622,Upper Silesia,176,16,1,upper-silesia
1623,Silesia,176,24,1,silesia
1624,Pomerania,176,22,1,pomerania
1625,Kuyavia-Pomerania,176,4,1,kuyavia-pomerania
1626,Subcarpathia,176,18,1,subcarpathia
1628,Warmia-Masuria,176,28,1,warmia-masuria
1629,Lower Silesia,176,2,1,lower-silesia
1630,Holy Cross,176,26,1,holy-cross
1631,Lubusz,176,8,1,lubusz
1632,Podlaskie,176,20,1,podlaskie
1633,West Pomerania,176,32,1,west-pomerania
1634,Greater Poland,176,30,1,greater-poland
1635,Lesser Poland,176,12,1,lesser-poland
1636,Łódź,176,10,1,d
1637,Mazovia,176,14,1,mazovia
1638,Lublin,176,6,1,lublin
1639,Aargau,214,AG,1,aargau
1640,Fribourg,214,FR,1,fribourg
1641,Basel-Land,214,BL,1,basel-land
1642,Uri,214,UR,1,uri
1643,Ticino,214,TI,1,ticino
1644,St. Gallen,214,SG,1,st-gallen
1645,Bern,214,BE,1,bern
1646,Zug,214,ZG,1,zug
1647,Geneva,214,GE,1,geneva
1648,Valais,214,VS,1,valais
1649,Appenzell Innerrhoden,214,AI,1,appenzell-innerrhoden
1650,Obwalden,214,OW,1,obwalden
1651,Vaud,214,VD,1,vaud
1652,Nidwalden,214,NW,1,nidwalden
1653,Schwyz,214,SZ,1,schwyz
1654,Schaffhausen,214,SH,1,schaffhausen
1655,Appenzell Ausserrhoden,214,AR,1,appenzell-ausserrhoden
1656,Zürich,214,ZH,1,z-rich
1657,Thurgau,214,TG,1,thurgau
1658,Jura,214,JU,1,jura
1659,Neuchâtel,214,NE,1,neuch-tel
1660,Graubünden,214,GR,1,graub-nden
1661,Glarus,214,GL,1,glarus
1662,Solothurn,214,SO,1,solothurn
1663,Lucerne,214,LU,1,lucerne
1664,Tuscany,107,52,1,tuscany
1665,Padua,107,PD,1,padua
1666,Parma,107,PR,1,parma
1667,Siracusa,107,SR,1,siracusa
1668,Palermo,107,PA,1,palermo
1669,Campania,107,72,1,campania
1670,Marche,107,57,1,marche
1672,Ancona,107,AN,1,ancona
1674,Latina,107,LT,1,latina
1675,Lecce,107,LE,1,lecce
1676,Pavia,107,PV,1,pavia
1677,Lecco,107,LC,1,lecco
1678,Lazio,107,62,1,lazio
1679,Abruzzo,107,65,1,abruzzo
1681,Ascoli Piceno,107,AP,1,ascoli-piceno
1683,Umbria,107,55,1,umbria
1685,Pisa,107,PI,1,pisa
1686,Barletta-Andria-Trani,107,BT,1,barletta-andria-trani
1687,Pistoia,107,PT,1,pistoia
1688,Apulia,107,75,1,apulia
1689,Belluno,107,BL,1,belluno
1690,Pordenone,107,PN,1,pordenone
1691,Perugia,107,PG,1,perugia
1692,Avellino,107,AV,1,avellino
1693,Pesaro and Urbino,107,PU,1,pesaro-and-urbino
1694,Pescara,107,PE,1,pescara
1695,Molise,107,67,1,molise
1696,Piacenza,107,PC,1,piacenza
1697,Potenza,107,PZ,1,potenza
1700,Prato,107,PO,1,prato
1701,Benevento,107,BN,1,benevento
1702,Piedmont,107,21,1,piedmont
1703,Calabria,107,78,1,calabria
1704,Bergamo,107,BG,1,bergamo
1705,Lombardy,107,25,1,lombardy
1706,Basilicata,107,77,1,basilicata
1707,Ravenna,107,RA,1,ravenna
1708,Reggio Emilia,107,RE,1,reggio-emilia
1709,Sicily,107,82,1,sicily
1712,Rieti,107,RI,1,rieti
1713,Rimini,107,RN,1,rimini
1714,Brindisi,107,BR,1,brindisi
1715,Sardinia,107,88,1,sardinia
1716,Aosta Valley,107,23,1,aosta-valley
1717,Brescia,107,BS,1,brescia
1718,Caltanissetta,107,CL,1,caltanissetta
1719,Rovigo,107,RO,1,rovigo
1720,Salerno,107,SA,1,salerno
1721,Campobasso,107,CB,1,campobasso
1722,Sassari,107,SS,1,sassari
1723,Enna,107,EN,1,enna
1725,Trentino-South Tyrol,107,32,1,trentino-south-tyrol
1726,Verbano-Cusio-Ossola,107,VB,1,verbano-cusio-ossola
1727,Agrigento,107,AG,1,agrigento
1728,Catanzaro,107,CZ,1,catanzaro
1729,Ragusa,107,RG,1,ragusa
1730,South Sardinia,107,SU,1,south-sardinia
1731,Caserta,107,CE,1,caserta
1732,Savona,107,SV,1,savona
1733,Trapani,107,TP,1,trapani
1734,Siena,107,SI,1,siena
1735,Viterbo,107,VT,1,viterbo
1736,Verona,107,VR,1,verona
1737,Vibo Valentia,107,VV,1,vibo-valentia
1738,Vicenza,107,VI,1,vicenza
1739,Chieti,107,CH,1,chieti
1740,Como,107,CO,1,como
1741,Sondrio,107,SO,1,sondrio
1742,Cosenza,107,CS,1,cosenza
1743,Taranto,107,TA,1,taranto
1744,Fermo,107,FM,1,fermo
1745,Livorno,107,LI,1,livorno
1746,Ferrara,107,FE,1,ferrara
1747,Lodi,107,LO,1,lodi
1749,Lucca,107,LU,1,lucca
1750,Macerata,107,MC,1,macerata
1751,Cremona,107,CR,1,cremona
1752,Teramo,107,TE,1,teramo
1753,Veneto,107,34,1,veneto
1754,Crotone,107,KR,1,crotone
1755,Terni,107,TR,1,terni
1756,Friuli–Venezia Giulia,107,36,1,friuli-venezia-giulia
1757,Modena,107,MO,1,modena
1758,Mantua,107,MN,1,mantua
1759,Massa and Carrara,107,MS,1,massa-and-carrara
1760,Matera,107,MT,1,matera
1761,Medio Campidano,107,VS,1,medio-campidano
1762,Treviso,107,TV,1,treviso
1763,Trieste,107,TS,1,trieste
1764,Udine,107,UD,1,udine
1765,Varese,107,VA,1,varese
1768,Liguria,107,42,1,liguria
1769,Monza and Brianza,107,MB,1,monza-and-brianza
1771,Foggia,107,FG,1,foggia
1773,Emilia-Romagna,107,45,1,emilia-romagna
1774,Novara,107,NO,1,novara
1775,Cuneo,107,CN,1,cuneo
1776,Frosinone,107,FR,1,frosinone
1777,Gorizia,107,GO,1,gorizia
1778,Biella,107,BI,1,biella
1779,Forlì-Cesena,107,FC,1,forl-cesena
1780,Asti,107,AT,1,asti
1781,L'Aquila,107,AQ,1,l-aquila
1783,Alessandria,107,AL,1,alessandria
1785,Vercelli,107,VC,1,vercelli
1786,Oristano,107,OR,1,oristano
1787,Grosseto,107,GR,1,grosseto
1788,Imperia,107,IM,1,imperia
1789,Isernia,107,IS,1,isernia
1790,Nuoro,107,NU,1,nuoro
1791,La Spezia,107,SP,1,la-spezia
1792,Sumatera Utara,102,SU,1,sumatera-utara
1793,Bengkulu,102,BE,1,bengkulu
1794,Kalimantan Tengah,102,KT,1,kalimantan-tengah
1795,Sulawesi Selatan,102,SN,1,sulawesi-selatan
1796,Sulawesi Tenggara,102,SG,1,sulawesi-tenggara
1798,Papua,102,PA,1,papua
1799,Papua Barat,102,PB,1,papua-barat
1800,Maluku,102,MA,1,maluku
1801,Maluku Utara,102,MU,1,maluku-utara
1802,Jawa Tengah,102,JT,1,jawa-tengah
1804,Kalimantan Timur,102,KI,1,kalimantan-timur
1805,DKI Jakarta,102,JK,1,dki-jakarta
1806,Kalimantan Barat,102,KB,1,kalimantan-barat
1807,Kepulauan Riau,102,KR,1,kepulauan-riau
1808,Sulawesi Utara,102,SA,1,sulawesi-utara
1809,Riau,102,RI,1,riau
1810,Banten,102,BT,1,banten
1811,Lampung,102,LA,1,lampung
1812,Gorontalo,102,GO,1,gorontalo
1813,Sulawesi Tengah,102,ST,1,sulawesi-tengah
1814,Nusa Tenggara Barat,102,NB,1,nusa-tenggara-barat
1815,Jambi,102,JA,1,jambi
1816,Sumatera Selatan,102,SS,1,sumatera-selatan
1817,Sulawesi Barat,102,SR,1,sulawesi-barat
1818,Nusa Tenggara Timur,102,NT,1,nusa-tenggara-timur
1819,Kalimantan Selatan,102,KS,1,kalimantan-selatan
1820,Kepulauan Bangka Belitung,102,BB,1,kepulauan-bangka-belitung
1822,Aceh,102,AC,1,aceh
1824,Kalimantan Utara,102,KU,1,kalimantan-utara
1825,Jawa Barat,102,JB,1,jawa-barat
1826,Bali,102,BA,1,bali
1827,Jawa Timur,102,JI,1,jawa-timur
1828,Sumatera Barat,102,SB,1,sumatera-barat
1829,DI Yogyakarta,102,YO,1,di-yogyakarta
1830,Phoenix Islands,114,P,1,phoenix-islands
1831,Gilbert Islands,114,G,1,gilbert-islands
1832,Line Islands,114,L,1,line-islands
1833,Primorsky Krai,182,PRI,1,primorsky-krai
1834,Novgorod Oblast,182,NGR,1,novgorod-oblast
1835,Jewish Autonomous Oblast,182,YEV,1,jewish-autonomous-oblast
1836,Nenets Autonomous Okrug,182,NEN,1,nenets-autonomous-okrug
1837,Rostov Oblast,182,ROS,1,rostov-oblast
1838,Khanty-Mansi Autonomous Okrug,182,KHM,1,khanty-mansi-autonomous-okrug
1839,Magadan Oblast,182,MAG,1,magadan-oblast
1840,Krasnoyarsk Krai,182,KYA,1,krasnoyarsk-krai
1841,Republic of Karelia,182,KR,1,republic-of-karelia
1842,Republic of Buryatia,182,BU,1,republic-of-buryatia
1843,Murmansk Oblast,182,MUR,1,murmansk-oblast
1844,Kaluga Oblast,182,KLU,1,kaluga-oblast
1845,Chelyabinsk Oblast,182,CHE,1,chelyabinsk-oblast
1846,Omsk Oblast,182,OMS,1,omsk-oblast
1847,Yamalo-Nenets Autonomous Okrug,182,YAN,1,yamalo-nenets-autonomous-okrug
1848,Sakha Republic,182,SA,1,sakha-republic
1849,Arkhangelsk,182,ARK,1,arkhangelsk
1850,Republic of Dagestan,182,DA,1,republic-of-dagestan
1851,Yaroslavl Oblast,182,YAR,1,yaroslavl-oblast
1852,Republic of Adygea,182,AD,1,republic-of-adygea
1853,Republic of North Ossetia-Alania,182,SE,1,republic-of-north-ossetia-alania
1854,Republic of Bashkortostan,182,BA,1,republic-of-bashkortostan
1855,Kursk Oblast,182,KRS,1,kursk-oblast
1856,Ulyanovsk Oblast,182,ULY,1,ulyanovsk-oblast
1857,Nizhny Novgorod Oblast,182,NIZ,1,nizhny-novgorod-oblast
1858,Amur Oblast,182,AMU,1,amur-oblast
1859,Chukotka Autonomous Okrug,182,CHU,1,chukotka-autonomous-okrug
1860,Tver Oblast,182,TVE,1,tver-oblast
1861,Republic of Tatarstan,182,TA,1,republic-of-tatarstan
1862,Samara Oblast,182,SAM,1,samara-oblast
1863,Pskov Oblast,182,PSK,1,pskov-oblast
1864,Ivanovo Oblast,182,IVA,1,ivanovo-oblast
1865,Kamchatka Krai,182,KAM,1,kamchatka-krai
1866,Astrakhan Oblast,182,AST,1,astrakhan-oblast
1867,Bryansk Oblast,182,BRY,1,bryansk-oblast
1868,Stavropol Krai,182,STA,1,stavropol-krai
1869,Karachay-Cherkess Republic,182,KC,1,karachay-cherkess-republic
1870,Mari El Republic,182,ME,1,mari-el-republic
1871,Perm Krai,182,PER,1,perm-krai
1872,Tomsk Oblast,182,TOM,1,tomsk-oblast
1873,Khabarovsk Krai,182,KHA,1,khabarovsk-krai
1874,Vologda Oblast,182,VLG,1,vologda-oblast
1875,Sakhalin,182,SAK,1,sakhalin
1876,Altai Republic,182,AL,1,altai-republic
1877,Republic of Khakassia,182,KK,1,republic-of-khakassia
1878,Tambov Oblast,182,TAM,1,tambov-oblast
1879,Saint Petersburg,182,SPE,1,saint-petersburg
1880,Irkutsk,182,IRK,1,irkutsk
1881,Vladimir Oblast,182,VLA,1,vladimir-oblast
1882,Moscow Oblast,182,MOS,1,moscow-oblast
1883,Republic of Kalmykia,182,KL,1,republic-of-kalmykia
1884,Republic of Ingushetia,182,IN,1,republic-of-ingushetia
1885,Smolensk Oblast,182,SMO,1,smolensk-oblast
1886,Orenburg Oblast,182,ORE,1,orenburg-oblast
1887,Saratov Oblast,182,SAR,1,saratov-oblast
1888,Novosibirsk,182,NVS,1,novosibirsk
1889,Lipetsk Oblast,182,LIP,1,lipetsk-oblast
1890,Kirov Oblast,182,KIR,1,kirov-oblast
1891,Krasnodar Krai,182,KDA,1,krasnodar-krai
1892,Kabardino-Balkar Republic,182,KB,1,kabardino-balkar-republic
1893,Chechen Republic,182,CE,1,chechen-republic
1894,Sverdlovsk,182,SVE,1,sverdlovsk
1895,Tula Oblast,182,TUL,1,tula-oblast
1896,Leningrad Oblast,182,LEN,1,leningrad-oblast
1897,Kemerovo Oblast,182,KEM,1,kemerovo-oblast
1898,Republic of Mordovia,182,MO,1,republic-of-mordovia
1899,Komi Republic,182,KO,1,komi-republic
1900,Tuva Republic,182,TY,1,tuva-republic
1901,Moscow,182,MOW,1,moscow
1902,Kaliningrad,182,KGD,1,kaliningrad
1903,Belgorod Oblast,182,BEL,1,belgorod-oblast
1904,Zabaykalsky Krai,182,ZAB,1,zabaykalsky-krai
1905,Ryazan Oblast,182,RYA,1,ryazan-oblast
1906,Voronezh Oblast,182,VOR,1,voronezh-oblast
1907,Tyumen Oblast,182,TYU,1,tyumen-oblast
1908,Oryol Oblast,182,ORL,1,oryol-oblast
1909,Penza Oblast,182,PNZ,1,penza-oblast
1910,Kostroma Oblast,182,KOS,1,kostroma-oblast
1911,Altai Krai,182,ALT,1,altai-krai
1912,Sevastopol,230,40,1,sevastopol
1913,Udmurt Republic,182,UD,1,udmurt-republic
1914,Chuvash Republic,182,CU,1,chuvash-republic
1915,Kurgan Oblast,182,KGN,1,kurgan-oblast
1916,Lomaiviti,73,6,1,lomaiviti
1917,Ba,73,1,1,ba
1918,Tailevu,73,14,1,tailevu
1919,Nadroga-Navosa,73,8,1,nadroga-navosa
1920,Rewa,73,12,1,rewa
1921,Northern Division,73,N,1,northern-division
1922,Macuata,73,7,1,macuata
1923,Western Division,73,W,1,western-division
1924,Cakaudrove,73,3,1,cakaudrove
1925,Serua,73,13,1,serua
1926,Ra,73,11,1,ra
1927,Naitasiri,73,9,1,naitasiri
1928,Namosi,73,10,1,namosi
1929,Central Division,73,C,1,central-division
1930,Bua,73,2,1,bua
1931,Rotuma,73,R,1,rotuma
1932,Eastern Division,73,E,1,eastern-division
1933,Lau,73,5,1,lau
1934,Kadavu,73,4,1,kadavu
1935,Labuan,132,15,1,labuan
1936,Sabah,132,12,1,sabah
1937,Sarawak,132,13,1,sarawak
1938,Perlis,132,9,1,perlis
1939,Penang,132,7,1,penang
1940,Pahang,132,6,1,pahang
1941,Malacca,132,4,1,malacca
1942,Terengganu,132,11,1,terengganu
1943,Perak,132,8,1,perak
1944,Selangor,132,10,1,selangor
1945,Putrajaya,132,16,1,putrajaya
1946,Kelantan,132,3,1,kelantan
1947,Kedah,132,2,1,kedah
1948,Negeri Sembilan,132,5,1,negeri-sembilan
1949,Kuala Lumpur,132,14,1,kuala-lumpur
1950,Johor,132,1,1,johor
1951,Mashonaland East Province,247,ME,1,mashonaland-east-province
1952,Matabeleland South Province,247,MS,1,matabeleland-south-province
1953,Mashonaland West Province,247,MW,1,mashonaland-west-province
1954,Matabeleland North Province,247,MN,1,matabeleland-north-province
1955,Mashonaland Central Province,247,MC,1,mashonaland-central-province
1956,Bulawayo Province,247,BU,1,bulawayo-province
1957,Midlands Province,247,MI,1,midlands-province
1958,Harare Province,247,HA,1,harare-province
1959,Manicaland,247,MA,1,manicaland
1960,Masvingo Province,247,MV,1,masvingo-province
1961,Bulgan Province,146,67,1,bulgan-province
1962,Darkhan-Uul Province,146,37,1,darkhan-uul-province
1963,Dornod Province,146,61,1,dornod-province
1964,Khovd Province,146,43,1,khovd-province
1965,Övörkhangai Province,146,55,1,v-rkhangai-province
1966,Orkhon Province,146,35,1,orkhon-province
1967,Ömnögovi Province,146,53,1,mn-govi-province
1968,Töv Province,146,47,1,t-v-province
1969,Bayan-Ölgii Province,146,71,1,bayan-lgii-province
1970,Dundgovi Province,146,59,1,dundgovi-province
1971,Uvs Province,146,46,1,uvs-province
1972,Govi-Altai Province,146,65,1,govi-altai-province
1973,Arkhangai Province,146,73,1,arkhangai-province
1974,Khentii Province,146,39,1,khentii-province
1975,Khövsgöl Province,146,41,1,kh-vsg-l-province
1976,Bayankhongor Province,146,69,1,bayankhongor-province
1977,Sükhbaatar Province,146,51,1,s-khbaatar-province
1978,Govisümber Province,146,64,1,govis-mber-province
1979,Zavkhan Province,146,57,1,zavkhan-province
1980,Selenge Province,146,49,1,selenge-province
1981,Dornogovi Province,146,63,1,dornogovi-province
1982,Northern Province,246,5,1,northern-province1
1983,Western Province,246,1,1,western-province1
1984,Copperbelt Province,246,8,1,copperbelt-province
1985,Northwestern Province,246,6,1,northwestern-province
1986,Central Province,246,2,1,central-province
1987,Luapula Province,246,4,1,luapula-province
1988,Lusaka Province,246,9,1,lusaka-province
1989,Muchinga Province,246,10,1,muchinga-province
1990,Southern Province,246,7,1,southern-province1
1991,Eastern Province,246,3,1,eastern-province1
1992,Capital,18,13,1,capital1
1993,Southern,18,14,1,southern
1994,Northern,18,17,1,northern1
1995,Muharraq,18,15,1,muharraq
1996,Central,18,16,1,central1
1997,Rio de Janeiro,31,RJ,1,rio-de-janeiro
1998,Minas Gerais,31,MG,1,minas-gerais
1999,Amapá,31,AP,1,amap
2000,Goiás,31,GO,1,goi-s
2001,Rio Grande do Sul,31,RS,1,rio-grande-do-sul
2002,Bahia,31,BA,1,bahia
2003,Sergipe,31,SE,1,sergipe
2004,Amazonas,31,AM,1,amazonas
2005,Paraíba,31,PB,1,para-ba
2006,Pernambuco,31,PE,1,pernambuco
2007,Alagoas,31,AL,1,alagoas
2008,Piauí,31,PI,1,piau
2009,Pará,31,PA,1,par
2010,Mato Grosso do Sul,31,MS,1,mato-grosso-do-sul
2011,Mato Grosso,31,MT,1,mato-grosso
2012,Acre,31,AC,1,acre
2013,Rondônia,31,RO,1,rond-nia
2014,Santa Catarina,31,SC,1,santa-catarina
2015,Maranhão,31,MA,1,maranh-o
2016,Ceará,31,CE,1,cear
2017,Distrito Federal,31,DF,1,distrito-federal
2018,Espírito Santo,31,ES,1,esp-rito-santo
2019,Rio Grande do Norte,31,RN,1,rio-grande-do-norte
2020,Tocantins,31,TO,1,tocantins
2021,São Paulo,31,SP,1,s-o-paulo
2022,Paraná,31,PR,1,paran
2023,Aragatsotn Region,12,AG,1,aragatsotn-region
2024,Ararat Province,12,AR,1,ararat-province
2025,Vayots Dzor Region,12,VD,1,vayots-dzor-region
2026,Armavir Region,12,AV,1,armavir-region
2027,Syunik Province,12,SU,1,syunik-province
2028,Gegharkunik Province,12,GR,1,gegharkunik-province
2029,Lori Region,12,LO,1,lori-region
2030,Yerevan,12,ER,1,yerevan
2031,Shirak Region,12,SH,1,shirak-region
2032,Tavush Region,12,TV,1,tavush-region
2033,Kotayk Region,12,KT,1,kotayk-region
2034,Cojedes,239,H,1,cojedes
2035,Falcón,239,I,1,falc-n
2036,Portuguesa,239,P,1,portuguesa
2037,Miranda,239,M,1,miranda
2038,Lara,239,K,1,lara
2039,Bolívar,239,F,1,bol-var
2040,Carabobo,239,G,1,carabobo
2041,Yaracuy,239,U,1,yaracuy
2042,Zulia,239,V,1,zulia
2043,Trujillo,239,T,1,trujillo
2044,Amazonas,239,Z,1,amazonas1
2045,Guárico,239,J,1,gu-rico
2046,Federal Dependencies of Venezuela,239,W,1,federal-dependencies-of-venezuela
2047,Aragua,239,D,1,aragua
2048,Táchira,239,S,1,t-chira
2049,Barinas,239,E,1,barinas
2050,Anzoátegui,239,B,1,anzo-tegui
2051,Delta Amacuro,239,Y,1,delta-amacuro
2052,Nueva Esparta,239,O,1,nueva-esparta
2053,Mérida,239,L,1,m-rida
2054,Monagas,239,N,1,monagas
2055,La Guaira,239,X,1,la-guaira
2056,Sucre,239,R,1,sucre
2057,Carinthia,15,2,1,carinthia
2058,Upper Austria,15,4,1,upper-austria
2059,Styria,15,6,1,styria
2060,Vienna,15,9,1,vienna
2061,Salzburg,15,5,1,salzburg
2062,Burgenland,15,1,1,burgenland
2063,Vorarlberg,15,8,1,vorarlberg
2064,Tyrol,15,7,1,tyrol
2065,Lower Austria,15,3,1,lower-austria
2066,Koshi,154,P1,1,koshi
2067,Lumbini,154,P5,1,lumbini
2068,Karnali,154,P6,1,karnali
2069,Gandaki,154,P4,1,gandaki
2073,Bagmati,154,P3,1,bagmati
2085,Unity,206,UY,1,unity
2086,Upper Nile,206,NU,1,upper-nile
2087,Warrap,206,WR,1,warrap
2088,Northern Bahr el Ghazal,206,BN,1,northern-bahr-el-ghazal
2089,Western Equatoria,206,EW,1,western-equatoria
2090,Lakes,206,LK,1,lakes
2091,Western Bahr el Ghazal,206,BW,1,western-bahr-el-ghazal
2092,Central Equatoria,206,EC,1,central-equatoria
2093,Eastern Equatoria,206,EE,1,eastern-equatoria
2094,Jonglei State,206,JG,1,jonglei-state
2095,Karditsa Regional Unit,85,41,1,karditsa-regional-unit
2096,West Greece Region,85,G,1,west-greece-region
2097,Thessaloniki Regional Unit,85,54,1,thessaloniki-regional-unit
2098,Arcadia Prefecture,85,12,1,arcadia-prefecture
2099,Imathia Regional Unit,85,53,1,imathia-regional-unit
2100,Kastoria Regional Unit,85,56,1,kastoria-regional-unit
2101,Euboea,85,4,1,euboea
2102,Grevena Prefecture,85,51,1,grevena-prefecture
2103,Preveza Prefecture,85,34,1,preveza-prefecture
2104,Lefkada Regional Unit,85,24,1,lefkada-regional-unit
2105,Argolis Regional Unit,85,11,1,argolis-regional-unit
2106,Laconia,85,16,1,laconia
2107,Pella Regional Unit,85,59,1,pella-regional-unit
2108,West Macedonia Region,85,C,1,west-macedonia-region
2109,Crete Region,85,M,1,crete-region
2110,Epirus Region,85,D,1,epirus-region
2111,Kilkis Regional Unit,85,57,1,kilkis-regional-unit
2112,Kozani Prefecture,85,58,1,kozani-prefecture
2113,Ioannina Regional Unit,85,33,1,ioannina-regional-unit
2114,Phthiotis Prefecture,85,6,1,phthiotis-prefecture
2115,Chania Regional Unit,85,94,1,chania-regional-unit
2116,Achaea Regional Unit,85,13,1,achaea-regional-unit
2117,East Macedonia and Thrace,85,A,1,east-macedonia-and-thrace
2118,South Aegean,85,L,1,south-aegean
2119,Peloponnese Region,85,J,1,peloponnese-region
2120,East Attica Regional Unit,85,A2,1,east-attica-regional-unit
2121,Serres Prefecture,85,62,1,serres-prefecture
2122,Attica Region,85,I,1,attica-region
2123,Aetolia-Acarnania Regional Unit,85,1,1,aetolia-acarnania-regional-unit
2124,Corfu Prefecture,85,22,1,corfu-prefecture
2125,Central Macedonia,85,B,1,central-macedonia
2126,Boeotia Regional Unit,85,3,1,boeotia-regional-unit
2127,Kefalonia Prefecture,85,23,1,kefalonia-prefecture
2128,Central Greece Region,85,H,1,central-greece-region
2129,Corinthia Regional Unit,85,15,1,corinthia-regional-unit
2130,Drama Regional Unit,85,52,1,drama-regional-unit
2131,Ionian Islands Region,85,F,1,ionian-islands-region
2132,Larissa Prefecture,85,42,1,larissa-prefecture
2133,Kayin State,151,13,1,kayin-state
2134,Mandalay Region,151,4,1,mandalay-region
2135,Yangon Region,151,6,1,yangon-region
2136,Magway Region,151,3,1,magway-region
2137,Chin State,151,14,1,chin-state
2138,Rakhine State,151,16,1,rakhine-state
2139,Shan State,151,17,1,shan-state
2140,Tanintharyi Region,151,5,1,tanintharyi-region
2141,Bago,151,2,1,bago
2142,Ayeyarwady Region,151,7,1,ayeyarwady-region
2143,Kachin State,151,11,1,kachin-state
2144,Kayah State,151,12,1,kayah-state
2145,Sagaing Region,151,1,1,sagaing-region
2146,Naypyidaw Union Territory,151,18,1,naypyidaw-union-territory
2147,Mon State,151,15,1,mon-state
2148,Bartın,225,74,1,bart-n
2149,Kütahya,225,43,1,k-tahya
2150,Sakarya,225,54,1,sakarya
2151,Edirne,225,22,1,edirne
2152,Van,225,65,1,van
2153,Bingöl,225,12,1,bing-l
2154,Kilis,225,79,1,kilis
2155,Adıyaman,225,2,1,ad-yaman
2156,Mersin,225,33,1,mersin
2157,Denizli,225,20,1,denizli
2158,Malatya,225,44,1,malatya
2159,Elazığ,225,23,1,elaz
2160,Erzincan,225,24,1,erzincan
2161,Amasya,225,5,1,amasya
2162,Muş,225,49,1,mu
2163,Bursa,225,16,1,bursa
2164,Eskişehir,225,26,1,eski-ehir
2165,Erzurum,225,25,1,erzurum
2166,Iğdır,225,76,1,i-d-r
2167,Tekirdağ,225,59,1,tekirda
2168,Çankırı,225,18,1,ank-r
2169,Antalya,225,7,1,antalya
2170,İstanbul,225,34,1,stanbul
2171,Konya,225,42,1,konya
2172,Bolu,225,14,1,bolu
2173,Çorum,225,19,1,orum
2174,Ordu,225,52,1,ordu
2175,Balıkesir,225,10,1,bal-kesir
2176,Kırklareli,225,39,1,k-rklareli
2177,Bayburt,225,69,1,bayburt
2178,Kırıkkale,225,71,1,k-r-kkale
2179,Afyonkarahisar,225,3,1,afyonkarahisar
2180,Kırşehir,225,40,1,k-r-ehir
2181,Sivas,225,58,1,sivas
2182,Muğla,225,48,1,mu-la
2183,Şanlıurfa,225,63,1,anl-urfa
2184,Karaman,225,70,1,karaman
2185,Ardahan,225,75,1,ardahan
2186,Giresun,225,28,1,giresun
2187,Aydın,225,9,1,ayd-n
2188,Yozgat,225,66,1,yozgat
2189,Niğde,225,51,1,ni-de
2190,Hakkâri,225,30,1,hakk-ri
2191,Artvin,225,8,1,artvin
2192,Tunceli,225,62,1,tunceli
2193,Ağrı,225,4,1,a-r
2194,Batman,225,72,1,batman
2195,Kocaeli,225,41,1,kocaeli
2196,Nevşehir,225,50,1,nev-ehir
2197,Kastamonu,225,37,1,kastamonu
2198,Manisa,225,45,1,manisa
2199,Tokat,225,60,1,tokat
2200,Kayseri,225,38,1,kayseri
2201,Uşak,225,64,1,u-ak
2202,Düzce,225,81,1,d-zce
2203,Gaziantep,225,27,1,gaziantep
2204,Gümüşhane,225,29,1,g-m-hane
2205,İzmir,225,35,1,zmir
2206,Trabzon,225,61,1,trabzon
2207,Siirt,225,56,1,siirt
2208,Kars,225,36,1,kars
2209,Burdur,225,15,1,burdur
2210,Aksaray,225,68,1,aksaray
2211,Hatay,225,31,1,hatay
2212,Adana,225,1,1,adana
2213,Zonguldak,225,67,1,zonguldak
2214,Osmaniye,225,80,1,osmaniye
2215,Bitlis,225,13,1,bitlis
2216,Çanakkale,225,17,1,anakkale
2217,Ankara,225,6,1,ankara
2218,Yalova,225,77,1,yalova
2219,Rize,225,53,1,rize
2220,Samsun,225,55,1,samsun
2221,Bilecik,225,11,1,bilecik
2222,Isparta,225,32,1,isparta
2223,Karabük,225,78,1,karab-k
2224,Mardin,225,47,1,mardin
2225,Şırnak,225,73,1,rnak
2226,Diyarbakır,225,21,1,diyarbak-r
2227,Kahramanmaraş,225,46,1,kahramanmara
2228,Lisbon,177,11,1,lisbon
2229,Bragança,177,4,1,bragan-a
2230,Beja,177,2,1,beja
2231,Madeira,177,30,1,madeira
2232,Portalegre,177,12,1,portalegre
2233,Açores,177,20,1,a-ores
2234,Vila Real,177,17,1,vila-real
2235,Aveiro,177,1,1,aveiro
2236,Évora,177,7,1,vora
2237,Viseu,177,18,1,viseu
2238,Santarém,177,14,1,santar-m
2239,Faro,177,8,1,faro
2240,Leiria,177,10,1,leiria
2241,Castelo Branco,177,5,1,castelo-branco
2242,Setúbal,177,15,1,set-bal
2243,Porto,177,13,1,porto
2244,Braga,177,3,1,braga
2245,Viana do Castelo,177,16,1,viana-do-castelo
2246,Coimbra,177,6,1,coimbra
2247,Zhejiang,45,ZJ,1,zhejiang
2248,Fujian,45,FJ,1,fujian
2249,Shanghai,45,SH,1,shanghai
2250,Jiangsu,45,JS,1,jiangsu
2251,Anhui,45,AH,1,anhui
2252,Shandong,45,SD,1,shandong
2253,Jilin,45,JL,1,jilin
2254,Shanxi,45,SX,1,shanxi
2255,Taiwan,45,TW,1,taiwan
2256,Jiangxi,45,JX,1,jiangxi
2257,Beijing,45,BJ,1,beijing
2258,Hunan,45,HN,1,hunan
2259,Henan,45,HA,1,henan
2260,Yunnan,45,YN,1,yunnan
2261,Guizhou,45,GZ,1,guizhou
2262,Ningxia Huizu,45,NX,1,ningxia-huizu
2263,Xinjiang,45,XJ,1,xinjiang
2264,Xizang,45,XZ,1,xizang
2265,Heilongjiang,45,HL,1,heilongjiang
2266,Macau SAR,45,MO,1,macau-sar
2267,Hong Kong SAR,45,HK,1,hong-kong-sar
2268,Liaoning,45,LN,1,liaoning
2269,Inner Mongolia,45,NM,1,inner-mongolia
2270,Qinghai,45,QH,1,qinghai
2271,Chongqing,45,CQ,1,chongqing
2272,Shaanxi,45,SN,1,shaanxi
2273,Hainan,45,HI,1,hainan
2274,Hubei,45,HB,1,hubei
2275,Gansu,45,GS,1,gansu
2276,Tianjin,45,TJ,1,tianjin
2277,Sichuan,45,SC,1,sichuan
2278,Guangxi Zhuang,45,GX,1,guangxi-zhuang
2279,Guangdong,45,GD,1,guangdong
2280,Hebei,45,HE,1,hebei
2281,South,121,JA,1,south
2282,Mount Lebanon,121,JL,1,mount-lebanon
2283,Baalbek-Hermel,121,BH,1,baalbek-hermel
2284,North,121,AS,1,north
2285,Akkar,121,AK,1,akkar
2286,Beirut,121,BA,1,beirut
2287,Beqaa,121,BI,1,beqaa
2288,Nabatieh,121,NA,1,nabatieh
2289,Isle of Wight,232,IOW,1,isle-of-wight
2290,St Helens,232,SHN,1,st-helens
2291,London Borough of Brent,232,BEN,1,london-borough-of-brent
2292,Walsall,232,WLL,1,walsall
2293,Trafford,232,TRF,1,trafford
2294,City of Southampton,232,STH,1,city-of-southampton
2295,Sheffield,232,SHF,1,sheffield
2296,West Sussex,232,WSX,1,west-sussex
2297,City of Peterborough,232,PTE,1,city-of-peterborough
2298,Caerphilly County Borough,232,CAY,1,caerphilly-county-borough
2299,Vale of Glamorgan,232,VGL,1,vale-of-glamorgan
2300,Shetland Islands,232,ZET,1,shetland-islands
2301,Rhondda Cynon Taf,232,RCT,1,rhondda-cynon-taf
2302,Poole,232,POL,1,poole
2303,Central Bedfordshire,232,CBF,1,central-bedfordshire
2304,Down District Council,232,DOW,1,down-district-council
2305,City of Portsmouth,232,POR,1,city-of-portsmouth
2306,London Borough of Haringey,232,HRY,1,london-borough-of-haringey
2307,London Borough of Bexley,232,BEX,1,london-borough-of-bexley
2308,Rotherham,232,ROT,1,rotherham
2309,Hartlepool,232,HPL,1,hartlepool
2310,Telford and Wrekin,232,TFW,1,telford-and-wrekin
2311,Belfast district,232,BFS,1,belfast-district
2312,Cornwall,232,CON,1,cornwall
2313,London Borough of Sutton,232,STN,1,london-borough-of-sutton
2314,Omagh District Council,232,OMH,1,omagh-district-council
2315,Banbridge,232,BNB,1,banbridge
2316,Causeway Coast and Glens,232,CCG,1,causeway-coast-and-glens
2317,Newtownabbey Borough Council,232,NTA,1,newtownabbey-borough-council
2318,City of Leicester,232,LCE,1,city-of-leicester
2319,London Borough of Islington,232,ISL,1,london-borough-of-islington
2320,Metropolitan Borough of Wigan,232,WGN,1,metropolitan-borough-of-wigan
2321,Oxfordshire,232,OXF,1,oxfordshire
2322,Magherafelt District Council,232,MFT,1,magherafelt-district-council
2323,Southend-on-Sea,232,SOS,1,southend-on-sea
2324,"Armagh, Banbridge and Craigavon",232,ABC,1,armagh-banbridge-and-craigavon
2325,Perth and Kinross,232,PKN,1,perth-and-kinross
2326,London Borough of Waltham Forest,232,WFT,1,london-borough-of-waltham-forest
2327,Rochdale,232,RCH,1,rochdale
2328,Merthyr Tydfil County Borough,232,MTY,1,merthyr-tydfil-county-borough
2329,Blackburn with Darwen,232,BBD,1,blackburn-with-darwen
2330,Knowsley,232,KWL,1,knowsley
2331,Armagh City and District Council,232,ARM,1,armagh-city-and-district-council
2332,Middlesbrough,232,MDB,1,middlesbrough
2333,East Renfrewshire,232,ERW,1,east-renfrewshire
2334,Cumbria,232,CMA,1,cumbria
2335,Scotland,232,SCT,1,scotland
2336,England,232,ENG,1,england
2337,Northern Ireland,232,NIR,1,northern-ireland
2338,Wales,232,WLS,1,wales
2339,Bath and North East Somerset,232,BAS,1,bath-and-north-east-somerset
2340,Liverpool,232,LIV,1,liverpool
2341,Sandwell,232,SAW,1,sandwell
2342,Bournemouth,232,BMH,1,bournemouth
2343,Isles of Scilly,232,IOS,1,isles-of-scilly
2344,Falkirk,232,FAL,1,falkirk
2345,Dorset,232,DOR,1,dorset
2346,Scottish Borders,232,SCB,1,scottish-borders
2347,London Borough of Havering,232,HAV,1,london-borough-of-havering
2348,Moyle District Council,232,MYL,1,moyle-district-council
2349,London Borough of Camden,232,CMD,1,london-borough-of-camden
2350,Newry and Mourne District Council,232,NYM,1,newry-and-mourne-district-council
2351,Neath Port Talbot County Borough,232,NTL,1,neath-port-talbot-county-borough
2352,Conwy County Borough,232,CWY,1,conwy-county-borough
2353,Outer Hebrides,232,ELS,1,outer-hebrides
2354,West Lothian,232,WLN,1,west-lothian
2355,Lincolnshire,232,LIN,1,lincolnshire
2356,London Borough of Barking and Dagenham,232,BDG,1,london-borough-of-barking-and-dagenham
2357,City of Westminster,232,WSM,1,city-of-westminster
2358,London Borough of Lewisham,232,LEW,1,london-borough-of-lewisham
2359,City of Nottingham,232,NGM,1,city-of-nottingham
2360,Moray,232,MRY,1,moray
2361,Ballymoney,232,BLY,1,ballymoney
2362,South Lanarkshire,232,SLK,1,south-lanarkshire
2363,Ballymena Borough,232,BLA,1,ballymena-borough
2364,Doncaster,232,DNC,1,doncaster
2365,Northumberland,232,NBL,1,northumberland
2366,Fermanagh and Omagh,232,FMO,1,fermanagh-and-omagh
2367,Tameside,232,TAM,1,tameside
2368,Royal Borough of Kensington and Chelsea,232,KEC,1,royal-borough-of-kensington-and-chelsea
2369,Hertfordshire,232,HRT,1,hertfordshire
2370,East Riding of Yorkshire,232,ERY,1,east-riding-of-yorkshire
2371,Kirklees,232,KIR,1,kirklees
2372,City of Sunderland,232,SND,1,city-of-sunderland
2373,Gloucestershire,232,GLS,1,gloucestershire
2374,East Ayrshire,232,EAY,1,east-ayrshire
2375,United Kingdom,232,UKM,1,united-kingdom
2376,London Borough of Hillingdon,232,HIL,1,london-borough-of-hillingdon
2377,South Ayrshire,232,SAY,1,south-ayrshire
2378,Ascension Island,232,SH-AC,1,ascension-island
2379,Gwynedd,232,GWN,1,gwynedd
2380,London Borough of Hounslow,232,HNS,1,london-borough-of-hounslow
2381,Medway,232,MDW,1,medway
2382,Limavady Borough Council,232,LMV,1,limavady-borough-council
2383,Highland,232,HLD,1,highland
2384,North East Lincolnshire,232,NEL,1,north-east-lincolnshire
2385,London Borough of Harrow,232,HRW,1,london-borough-of-harrow
2386,Somerset,232,SOM,1,somerset
2387,Angus,232,ANS,1,angus
2388,Inverclyde,232,IVC,1,inverclyde
2389,Darlington,232,DAL,1,darlington
2390,London Borough of Tower Hamlets,232,TWH,1,london-borough-of-tower-hamlets
2391,Wiltshire,232,WIL,1,wiltshire
2392,Argyll and Bute,232,AGB,1,argyll-and-bute
2393,Strabane District Council,232,STB,1,strabane-district-council
2394,Stockport,232,SKP,1,stockport
2395,Brighton and Hove,232,BNH,1,brighton-and-hove
2396,London Borough of Lambeth,232,LBH,1,london-borough-of-lambeth
2397,London Borough of Redbridge,232,RDB,1,london-borough-of-redbridge
2398,Manchester,232,MAN,1,manchester
2399,Mid Ulster,232,MUL,1,mid-ulster
2400,South Gloucestershire,232,SGC,1,south-gloucestershire
2401,Aberdeenshire,232,ABD,1,aberdeenshire
2402,Monmouthshire,232,MON,1,monmouthshire
2403,Derbyshire,232,DBY,1,derbyshire
2404,Glasgow,232,GLG,1,glasgow
2405,Buckinghamshire,232,BKM,1,buckinghamshire
2406,County Durham,232,DUR,1,county-durham
2407,Shropshire,232,SHR,1,shropshire
2408,Wirral,232,WRL,1,wirral
2409,South Tyneside,232,STY,1,south-tyneside
2410,Essex,232,ESS,1,essex
2411,London Borough of Hackney,232,HCK,1,london-borough-of-hackney
2412,Antrim and Newtownabbey,232,ANN,1,antrim-and-newtownabbey
2413,City of Bristol,232,BST,1,city-of-bristol
2414,East Sussex,232,ESX,1,east-sussex
2415,Dumfries and Galloway,232,DGY,1,dumfries-and-galloway
2416,Milton Keynes,232,MIK,1,milton-keynes
2417,Derry City Council,232,DRY,1,derry-city-council
2418,London Borough of Newham,232,NWM,1,london-borough-of-newham
2419,Wokingham,232,WOK,1,wokingham
2420,Warrington,232,WRT,1,warrington
2421,Stockton-on-Tees,232,STT,1,stockton-on-tees
2422,Swindon,232,SWD,1,swindon
2423,Cambridgeshire,232,CAM,1,cambridgeshire
2424,City of London,232,LND,1,city-of-london
2425,Birmingham,232,BIR,1,birmingham
2426,City of York,232,YOR,1,city-of-york
2427,Slough,232,SLG,1,slough
2428,Edinburgh,232,EDH,1,edinburgh
2429,Mid and East Antrim,232,MEA,1,mid-and-east-antrim
2430,North Somerset,232,NSM,1,north-somerset
2431,Gateshead,232,GAT,1,gateshead
2432,London Borough of Southwark,232,SWK,1,london-borough-of-southwark
2433,City and County of Swansea,232,SWA,1,city-and-county-of-swansea
2434,London Borough of Wandsworth,232,WND,1,london-borough-of-wandsworth
2435,Hampshire,232,HAM,1,hampshire
2436,Wrexham County Borough,232,WRX,1,wrexham-county-borough
2437,Flintshire,232,FLN,1,flintshire
2438,Coventry,232,COV,1,coventry
2439,Carrickfergus Borough Council,232,CKF,1,carrickfergus-borough-council
2440,West Dunbartonshire,232,WDU,1,west-dunbartonshire
2441,Powys,232,POW,1,powys
2442,Cheshire West and Chester,232,CHW,1,cheshire-west-and-chester
2443,Renfrewshire,232,RFW,1,renfrewshire
2444,Cheshire East,232,CHE,1,cheshire-east
2445,Cookstown District Council,232,CKT,1,cookstown-district-council
2446,Derry City and Strabane,232,DRS,1,derry-city-and-strabane
2447,Staffordshire,232,STS,1,staffordshire
2448,London Borough of Hammersmith and Fulham,232,HMF,1,london-borough-of-hammersmith-and-fulham
2449,Craigavon Borough Council,232,CGV,1,craigavon-borough-council
2450,Clackmannanshire,232,CLK,1,clackmannanshire
2451,Blackpool,232,BPL,1,blackpool
2452,Bridgend County Borough,232,BGE,1,bridgend-county-borough
2453,North Lincolnshire,232,NLN,1,north-lincolnshire
2454,East Dunbartonshire,232,EDU,1,east-dunbartonshire
2455,Reading,232,RDG,1,reading
2456,Nottinghamshire,232,NTT,1,nottinghamshire
2457,Dudley,232,DUD,1,dudley
2458,Newcastle upon Tyne,232,NET,1,newcastle-upon-tyne
2459,Bury,232,BUR,1,bury
2460,Lisburn and Castlereagh,232,LBC,1,lisburn-and-castlereagh
2461,Coleraine Borough Council,232,CLR,1,coleraine-borough-council
2462,East Lothian,232,ELN,1,east-lothian
2463,Aberdeen,232,ABE,1,aberdeen
2464,Kent,232,KEN,1,kent
2465,Wakefield,232,WKF,1,wakefield
2466,Halton,232,HAL,1,halton
2467,Suffolk,232,SFK,1,suffolk
2468,Thurrock,232,THR,1,thurrock
2469,Solihull,232,SOL,1,solihull
2470,Bracknell Forest,232,BRC,1,bracknell-forest
2471,West Berkshire,232,WBK,1,west-berkshire
2472,Rutland,232,RUT,1,rutland
2473,Norfolk,232,NFK,1,norfolk
2474,Orkney Islands,232,ORK,1,orkney-islands
2475,City of Kingston upon Hull,232,KHL,1,city-of-kingston-upon-hull
2476,London Borough of Enfield,232,ENF,1,london-borough-of-enfield
2477,Oldham,232,OLD,1,oldham
2478,Torbay,232,TOB,1,torbay
2479,Fife,232,FIF,1,fife
2480,Northamptonshire,232,NTH,1,northamptonshire
2481,Royal Borough of Kingston upon Thames,232,KTT,1,royal-borough-of-kingston-upon-thames
2482,Windsor and Maidenhead,232,WNM,1,windsor-and-maidenhead
2483,London Borough of Merton,232,MRT,1,london-borough-of-merton
2484,Carmarthenshire,232,CMN,1,carmarthenshire
2485,City of Derby,232,DER,1,city-of-derby
2486,Pembrokeshire,232,PEM,1,pembrokeshire
2487,North Lanarkshire,232,NLK,1,north-lanarkshire
2488,Stirling,232,STG,1,stirling
2489,City of Wolverhampton,232,WLV,1,city-of-wolverhampton
2490,London Borough of Bromley,232,BRY,1,london-borough-of-bromley
2491,Devon,232,DEV,1,devon
2492,Royal Borough of Greenwich,232,GRE,1,royal-borough-of-greenwich
2493,Salford,232,SLF,1,salford
2494,Lisburn City Council,232,LSB,1,lisburn-city-council
2495,Lancashire,232,LAN,1,lancashire
2496,Torfaen,232,TOF,1,torfaen
2497,Denbighshire,232,DEN,1,denbighshire
2498,Ards,232,ARD,1,ards
2499,Barnsley,232,BNS,1,barnsley
2500,Herefordshire,232,HEF,1,herefordshire
2501,London Borough of Richmond upon Thames,232,RIC,1,london-borough-of-richmond-upon-thames
2502,Saint Helena,232,SH-HL,1,saint-helena
2503,Leeds,232,LDS,1,leeds
2504,Bolton,232,BOL,1,bolton
2505,Warwickshire,232,WAR,1,warwickshire
2506,City of Stoke-on-Trent,232,STE,1,city-of-stoke-on-trent
2507,Bedford,232,BDF,1,bedford
2508,Dungannon and South Tyrone Borough Council,232,DGN,1,dungannon-and-south-tyrone-borough-council
2509,Ceredigion,232,CGN,1,ceredigion
2510,Worcestershire,232,WOR,1,worcestershire
2511,Dundee,232,DND,1,dundee
2512,London Borough of Croydon,232,CRY,1,london-borough-of-croydon
2513,North Down Borough Council,232,NDN,1,north-down-borough-council
2514,City of Plymouth,232,PLY,1,city-of-plymouth
2515,Larne Borough Council,232,LRN,1,larne-borough-council
2516,Leicestershire,232,LEC,1,leicestershire
2517,Calderdale,232,CLD,1,calderdale
2518,Sefton,232,SFT,1,sefton
2519,Midlothian,232,MLN,1,midlothian
2520,London Borough of Barnet,232,BNE,1,london-borough-of-barnet
2521,North Tyneside,232,NTY,1,north-tyneside
2522,North Yorkshire,232,NYK,1,north-yorkshire
2523,Ards and North Down,232,AND,1,ards-and-north-down
2524,Newport,232,NWP,1,newport
2525,Castlereagh,232,CSR,1,castlereagh
2526,Surrey,232,SRY,1,surrey
2527,Redcar and Cleveland,232,RCC,1,redcar-and-cleveland
2528,City and County of Cardiff,232,CRF,1,city-and-county-of-cardiff
2529,Bradford,232,BRD,1,bradford
2530,Blaenau Gwent County Borough,232,BGW,1,blaenau-gwent-county-borough
2531,Fermanagh District Council,232,FER,1,fermanagh-district-council
2532,London Borough of Ealing,232,EAL,1,london-borough-of-ealing
2533,Antrim,232,ANT,1,antrim
2534,"Newry, Mourne and Down",232,NMD,1,newry-mourne-and-down
2535,North Ayrshire,232,NAY,1,north-ayrshire
2536,Tashkent,236,TK,1,tashkent
2537,Namangan Region,236,NG,1,namangan-region
2538,Fergana Region,236,FA,1,fergana-region
2539,Xorazm Region,236,XO,1,xorazm-region
2540,Andijan Region,236,AN,1,andijan-region
2541,Bukhara Region,236,BU,1,bukhara-region
2542,Navoiy Region,236,NW,1,navoiy-region
2543,Qashqadaryo Region,236,QA,1,qashqadaryo-region
2544,Samarqand Region,236,SA,1,samarqand-region
2545,Jizzakh Region,236,JI,1,jizzakh-region
2546,Surxondaryo Region,236,SU,1,surxondaryo-region
2547,Sirdaryo Region,236,SI,1,sirdaryo-region
2548,Karakalpakstan,236,QR,1,karakalpakstan
2549,Tashkent Region,236,TO,1,tashkent-region
2550,Ariana,224,12,1,ariana
2551,Bizerte,224,23,1,bizerte
2552,Jendouba,224,32,1,jendouba
2553,Monastir,224,52,1,monastir
2554,Tunis,224,11,1,tunis
2555,Manouba,224,14,1,manouba
2556,Gafsa,224,71,1,gafsa
2557,Sfax,224,61,1,sfax
2558,Gabès,224,81,1,gab-s
2559,Tataouine,224,83,1,tataouine
2560,Medenine,224,82,1,medenine
2561,Kef,224,33,1,kef
2562,Kebili,224,73,1,kebili
2563,Siliana,224,34,1,siliana
2564,Kairouan,224,41,1,kairouan
2565,Zaghouan,224,22,1,zaghouan
2566,Ben Arous,224,13,1,ben-arous
2567,Sidi Bouzid,224,43,1,sidi-bouzid
2568,Mahdia,224,53,1,mahdia
2569,Tozeur,224,72,1,tozeur
2570,Kasserine,224,42,1,kasserine
2571,Sousse,224,51,1,sousse
2572,Béja,224,31,1,b-ja
2573,Ratak Chain,137,T,1,ratak-chain
2574,Ralik Chain,137,L,1,ralik-chain
2575,Centrale Region,220,C,1,centrale-region
2576,Maritime,220,M,1,maritime
2577,Plateaux Region,220,P,1,plateaux-region
2578,Savanes Region,220,S,1,savanes-region
2579,Kara Region,220,K,1,kara-region
2580,Chuuk State,143,TRK,1,chuuk-state
2581,Pohnpei State,143,PNI,1,pohnpei-state
2582,Yap State,143,YAP,1,yap-state
2583,Kosrae State,143,KSA,1,kosrae-state
2584,Vaavu Atoll,133,4,1,vaavu-atoll
2585,Shaviyani Atoll,133,24,1,shaviyani-atoll
2586,Haa Alif Atoll,133,7,1,haa-alif-atoll
2587,Alif Alif Atoll,133,2,1,alif-alif-atoll
2588,North Province,133,NO,1,north-province
2589,North Central Province,133,NC,1,north-central-province
2590,Dhaalu Atoll,133,17,1,dhaalu-atoll
2591,Thaa Atoll,133,8,1,thaa-atoll
2592,Noonu Atoll,133,25,1,noonu-atoll
2593,Upper South Province,133,US,1,upper-south-province
2594,Addu Atoll,133,1,1,addu-atoll
2595,Gnaviyani Atoll,133,29,1,gnaviyani-atoll
2596,Kaafu Atoll,133,26,1,kaafu-atoll
2597,Haa Dhaalu Atoll,133,23,1,haa-dhaalu-atoll
2598,Gaafu Alif Atoll,133,27,1,gaafu-alif-atoll
2599,Faafu Atoll,133,14,1,faafu-atoll
2600,Alif Dhaal Atoll,133,0,1,alif-dhaal-atoll
2601,Laamu Atoll,133,5,1,laamu-atoll
2602,Raa Atoll,133,13,1,raa-atoll
2603,Gaafu Dhaalu Atoll,133,28,1,gaafu-dhaalu-atoll
2604,Central Province,133,CE,1,central-province1
2605,South Province,133,SU,1,south-province
2606,South Central Province,133,SC,1,south-central-province
2607,Lhaviyani Atoll,133,3,1,lhaviyani-atoll
2608,Meemu Atoll,133,12,1,meemu-atoll
2609,Malé,133,MLE,1,mal
2610,Utrecht,156,UT,1,utrecht
2611,Gelderland,156,GE,1,gelderland
2612,North Holland,156,NH,1,north-holland
2613,Drenthe,156,DR,1,drenthe
2614,South Holland,156,ZH,1,south-holland
2615,Limburg,156,LI,1,limburg1
2616,Sint Eustatius,156,BQ3,1,sint-eustatius
2617,Groningen,156,GR,1,groningen
2618,Overijssel,156,OV,1,overijssel
2619,Flevoland,156,FL,1,flevoland
2620,Zeeland,156,ZE,1,zeeland
2621,Saba,156,BQ2,1,saba
2622,Friesland,156,FR,1,friesland
2623,North Brabant,156,NB,1,north-brabant
2624,Bonaire,156,BQ1,1,bonaire
2625,Savanes Region,54,3,1,savanes-region1
2626,Agnéby,54,16,1,agn-by
2627,Lagunes District,54,LG,1,lagunes-district
2628,Sud-Bandama,54,15,1,sud-bandama
2629,Montagnes District,54,MG,1,montagnes-district
2630,Moyen-Comoé,54,5,1,moyen-como
2631,Marahoué Region,54,12,1,marahou-region
2632,Lacs District,54,LC,1,lacs-district
2633,Fromager,54,18,1,fromager
2634,Abidjan,54,AB,1,abidjan
2635,Bas-Sassandra Region,54,9,1,bas-sassandra-region
2636,Bafing Region,54,17,1,bafing-region
2637,Vallée du Bandama District,54,VB,1,vall-e-du-bandama-district
2638,Haut-Sassandra,54,2,1,haut-sassandra
2639,Lagunes region,54,1,1,lagunes-region
2640,Lacs Region,54,7,1,lacs-region
2641,Zanzan Region,54,ZZ,1,zanzan-region
2642,Denguélé Region,54,10,1,dengu-l-region
2643,Bas-Sassandra District,54,BS,1,bas-sassandra-district
2644,Denguélé District,54,DN,1,dengu-l-district
2645,Dix-Huit Montagnes,54,6,1,dix-huit-montagnes
2646,Moyen-Cavally,54,19,1,moyen-cavally
2647,Vallée du Bandama Region,54,4,1,vall-e-du-bandama-region
2648,Sassandra-Marahoué District,54,SM,1,sassandra-marahou-district
2649,Worodougou,54,14,1,worodougou
2650,Woroba District,54,WR,1,woroba-district
2651,Gôh-Djiboua District,54,GD,1,g-h-djiboua-district
2652,Sud-Comoé,54,13,1,sud-como
2653,Yamoussoukro,54,YM,1,yamoussoukro
2654,Comoé District,54,CM,1,como-district
2655,N'zi-Comoé,54,11,1,n-zi-como
2656,Far North,38,EN,1,far-north
2657,Northwest,38,NW,1,northwest
2658,Southwest,38,SW,1,southwest
2659,South,38,SU,1,south1
2660,Centre,38,CE,1,centre
2661,East,38,ES,1,east
2662,Littoral,38,LT,1,littoral
2663,Adamawa,38,AD,1,adamawa1
2664,West,38,OU,1,west
2665,North,38,NO,1,north1
2666,Banjul,80,B,1,banjul
2667,West Coast Division,80,W,1,west-coast-division
2668,Upper River Division,80,U,1,upper-river-division
2669,Central River Division,80,M,1,central-river-division
2670,Lower River Division,80,L,1,lower-river-division
2671,North Bank Division,80,N,1,north-bank-division
2672,Beyla Prefecture,92,BE,1,beyla-prefecture
2673,Mandiana Prefecture,92,MD,1,mandiana-prefecture
2674,Yomou Prefecture,92,YO,1,yomou-prefecture
2675,Fria Prefecture,92,FR,1,fria-prefecture
2676,Boké Region,92,B,1,bok-region
2677,Labé Region,92,L,1,lab-region
2678,Nzérékoré Prefecture,92,NZ,1,nz-r-kor-prefecture
2679,Dabola Prefecture,92,DB,1,dabola-prefecture
2680,Labé Prefecture,92,LA,1,lab-prefecture
2681,Dubréka Prefecture,92,DU,1,dubr-ka-prefecture
2682,Faranah Prefecture,92,FA,1,faranah-prefecture
2683,Forécariah Prefecture,92,FO,1,for-cariah-prefecture
2684,Nzérékoré Region,92,N,1,nz-r-kor-region
2685,Gaoual Prefecture,92,GA,1,gaoual-prefecture
2686,Conakry,92,C,1,conakry
2687,Télimélé Prefecture,92,TE,1,t-lim-l-prefecture
2688,Dinguiraye Prefecture,92,DI,1,dinguiraye-prefecture
2689,Mamou Prefecture,92,MM,1,mamou-prefecture
2690,Lélouma Prefecture,92,LE,1,l-louma-prefecture
2691,Kissidougou Prefecture,92,KS,1,kissidougou-prefecture
2692,Koubia Prefecture,92,KB,1,koubia-prefecture
2693,Kindia Prefecture,92,KD,1,kindia-prefecture
2694,Pita Prefecture,92,PI,1,pita-prefecture
2695,Kouroussa Prefecture,92,KO,1,kouroussa-prefecture
2696,Tougué Prefecture,92,TO,1,tougu-prefecture
2697,Kankan Region,92,K,1,kankan-region
2698,Mamou Region,92,M,1,mamou-region
2699,Boffa Prefecture,92,BF,1,boffa-prefecture
2700,Mali Prefecture,92,ML,1,mali-prefecture
2701,Kindia Region,92,D,1,kindia-region
2702,Macenta Prefecture,92,MC,1,macenta-prefecture
2703,Koundara Prefecture,92,KN,1,koundara-prefecture
2704,Kankan Prefecture,92,KA,1,kankan-prefecture
2705,Coyah Prefecture,92,CO,1,coyah-prefecture
2706,Dalaba Prefecture,92,DL,1,dalaba-prefecture
2707,Siguiri Prefecture,92,SI,1,siguiri-prefecture
2708,Lola Prefecture,92,LO,1,lola-prefecture
2709,Boké Prefecture,92,BK,1,bok-prefecture
2710,Kérouané Prefecture,92,KE,1,k-rouan-prefecture
2711,Guéckédou Prefecture,92,GU,1,gu-ck-dou-prefecture
2712,Tombali Region,93,TO,1,tombali-region
2713,Cacheu Region,93,CA,1,cacheu-region
2714,Biombo Region,93,BM,1,biombo-region
2715,Quinara Region,93,QU,1,quinara-region
2716,Sul Province,93,S,1,sul-province
2717,Norte Province,93,N,1,norte-province
2718,Oio Region,93,OI,1,oio-region
2719,Gabú Region,93,GA,1,gab-region
2720,Bafatá,93,BA,1,bafat
2721,Leste Province,93,L,1,leste-province
2722,Bolama Region,93,BL,1,bolama-region
2723,Woleu-Ntem Province,79,9,1,woleu-ntem-province
2724,Ogooué-Ivindo Province,79,6,1,ogoou-ivindo-province
2725,Nyanga Province,79,5,1,nyanga-province
2726,Haut-Ogooué Province,79,2,1,haut-ogoou-province
2727,Estuaire Province,79,1,1,estuaire-province
2728,Ogooué-Maritime Province,79,8,1,ogoou-maritime-province
2729,Ogooué-Lolo Province,79,7,1,ogoou-lolo-province
2730,Moyen-Ogooué Province,79,3,1,moyen-ogoou-province
2731,Ngounié Province,79,4,1,ngouni-province
2732,Tshuapa,51,TU,1,tshuapa
2733,Tanganyika,51,TA,1,tanganyika
2734,Haut-Uélé,51,HU,1,haut-u-l
2735,Kasaï Oriental,51,KE,1,kasa-oriental
2738,Sud-Kivu,51,SK,1,sud-kivu
2739,Nord-Ubangi,51,NU,1,nord-ubangi
2740,Kwango,51,KG,1,kwango
2741,Kinshasa,51,KN,1,kinshasa
2742,Kasaï Central,51,KC,1,kasa-central
2743,Sankuru,51,SA,1,sankuru
2744,Équateur,51,EQ,1,quateur
2745,Maniema,51,MA,1,maniema
2746,Kongo Central,51,BC,1,kongo-central
2747,Lomami,51,LO,1,lomami
2748,Sud-Ubangi,51,SU,1,sud-ubangi
2749,Nord-Kivu,51,NK,1,nord-kivu
2750,Haut-Katanga,51,HK,1,haut-katanga
2751,Ituri,51,IT,1,ituri
2752,Mongala,51,MO,1,mongala
2753,Bas-Uélé,51,BU,1,bas-u-l
2755,Mai-Ndombe,51,MN,1,mai-ndombe
2756,Tshopo,51,TO,1,tshopo
2757,Kasaï,51,KS,1,kasa
2758,Haut-Lomami,51,HL,1,haut-lomami
2759,Kwilu,51,KL,1,kwilu
2760,Cuyuni-Mazaruni,94,CU,1,cuyuni-mazaruni
2761,Potaro-Siparuni,94,PT,1,potaro-siparuni
2762,Mahaica-Berbice,94,MA,1,mahaica-berbice
2763,Upper Demerara-Berbice,94,UD,1,upper-demerara-berbice
2764,Barima-Waini,94,BA,1,barima-waini
2765,Pomeroon-Supenaam,94,PM,1,pomeroon-supenaam
2766,East Berbice-Corentyne,94,EB,1,east-berbice-corentyne
2767,Demerara-Mahaica,94,DE,1,demerara-mahaica
2768,Essequibo Islands-West Demerara,94,ES,1,essequibo-islands-west-demerara
2769,Upper Takutu-Upper Essequibo,94,UT,1,upper-takutu-upper-essequibo
2770,Presidente Hayes Department,172,15,1,presidente-hayes-department
2771,Canindeyú,172,14,1,canindey
2772,Guairá Department,172,4,1,guair-department
2773,Caaguazú,172,5,1,caaguaz
2774,Paraguarí Department,172,9,1,paraguar-department
2775,Caazapá,172,6,1,caazap
2776,San Pedro Department,172,2,1,san-pedro-department
2777,Central Department,172,11,1,central-department
2778,Itapúa,172,7,1,itap-a
2779,Concepción Department,172,1,1,concepci-n-department
2780,Boquerón Department,172,19,1,boquer-n-department
2781,Ñeembucú Department,172,12,1,eembuc-department
2782,Amambay Department,172,13,1,amambay-department
2783,Cordillera Department,172,3,1,cordillera-department
2784,Alto Paraná Department,172,10,1,alto-paran-department
2785,Alto Paraguay Department,172,16,1,alto-paraguay-department
2786,Misiones Department,172,8,1,misiones-department
2787,Jaffna District,208,41,1,jaffna-district
2788,Kandy District,208,21,1,kandy-district
2789,Kalutara District,208,13,1,kalutara-district
2790,Badulla District,208,81,1,badulla-district
2791,Hambantota District,208,33,1,hambantota-district
2792,Galle District,208,31,1,galle-district
2793,Kilinochchi District,208,42,1,kilinochchi-district
2794,Nuwara Eliya District,208,23,1,nuwara-eliya-district
2795,Trincomalee District,208,53,1,trincomalee-district
2796,Puttalam District,208,62,1,puttalam-district
2797,Kegalle District,208,92,1,kegalle-district
2798,Central Province,208,2,1,central-province1
2799,Ampara District,208,52,1,ampara-district
2800,North Central Province,208,7,1,north-central-province1
2801,Southern Province,208,3,1,southern-province1
2802,Western Province,208,1,1,western-province1
2803,Sabaragamuwa Province,208,9,1,sabaragamuwa-province
2804,Gampaha District,208,12,1,gampaha-district
2805,Mannar District,208,43,1,mannar-district
2806,Matara District,208,32,1,matara-district
2807,Ratnapura district,208,91,1,ratnapura-district
2808,Eastern Province,208,5,1,eastern-province1
2809,Vavuniya District,208,44,1,vavuniya-district
2810,Matale District,208,22,1,matale-district
2811,Uva Province,208,8,1,uva-province
2812,Polonnaruwa District,208,72,1,polonnaruwa-district
2813,Northern Province,208,4,1,northern-province1
2814,Mullaitivu District,208,45,1,mullaitivu-district
2815,Colombo District,208,11,1,colombo-district
2816,Anuradhapura District,208,71,1,anuradhapura-district
2817,North Western Province,208,6,1,north-western-province
2818,Batticaloa District,208,51,1,batticaloa-district
2819,Monaragala District,208,82,1,monaragala-district
2820,Mohéli,49,M,1,moh-li
2821,Anjouan,49,A,1,anjouan
2822,Grande Comore,49,G,1,grande-comore
2823,Atacama,44,AT,1,atacama
2824,Región Metropolitana de Santiago,44,RM,1,regi-n-metropolitana-de-santiago
2825,Coquimbo,44,CO,1,coquimbo
2826,La Araucanía,44,AR,1,la-araucan-a
2827,Biobío,44,BI,1,biob-o
2828,Aisén del General Carlos Ibañez del Campo,44,AI,1,ais-n-del-general-carlos-iba-ez-del-campo
2829,Arica y Parinacota,44,AP,1,arica-y-parinacota
2830,Valparaíso,44,VS,1,valpara-so
2831,Ñuble,44,NB,1,uble
2832,Antofagasta,44,AN,1,antofagasta
2833,Maule,44,ML,1,maule
2834,Los Ríos,44,LR,1,los-r-os
2835,Los Lagos,44,LL,1,los-lagos
2836,Magallanes y de la Antártica Chilena,44,MA,1,magallanes-y-de-la-ant-rtica-chilena
2837,Tarapacá,44,TA,1,tarapac
2838,Libertador General Bernardo O'Higgins,44,LI,1,libertador-general-bernardo-o-higgins
2839,Commewijne District,210,CM,1,commewijne-district
2840,Nickerie District,210,NI,1,nickerie-district
2841,Para District,210,PR,1,para-district
2842,Coronie District,210,CR,1,coronie-district
2843,Paramaribo District,210,PM,1,paramaribo-district
2844,Wanica District,210,WA,1,wanica-district
2845,Marowijne District,210,MA,1,marowijne-district
2846,Brokopondo District,210,BR,1,brokopondo-district
2847,Sipaliwini District,210,SI,1,sipaliwini-district
2848,Saramacca District,210,SA,1,saramacca-district
2849,Riyadh,194,1,1,riyadh
2850,Makkah,194,2,1,makkah
2851,Al Madinah,194,3,1,al-madinah
2852,Tabuk,194,7,1,tabuk
2853,'Asir,194,14,1,asir
2854,Northern Borders,194,8,1,northern-borders
2855,Ha'il,194,6,1,ha-il
2856,Eastern Province,194,4,1,eastern-province1
2857,Al Jawf,194,12,1,al-jawf1
2858,Jizan,194,9,1,jizan
2859,Al Bahah,194,11,1,al-bahah
2860,Najran,194,10,1,najran
2861,Al-Qassim,194,5,1,al-qassim
2862,Plateaux Department,50,14,1,plateaux-department
2863,Pointe-Noire,50,16,1,pointe-noire
2864,Cuvette Department,50,8,1,cuvette-department
2865,Likouala Department,50,7,1,likouala-department
2866,Bouenza Department,50,11,1,bouenza-department
2867,Kouilou Department,50,5,1,kouilou-department
2868,Lékoumou Department,50,2,1,l-koumou-department
2869,Cuvette-Ouest Department,50,15,1,cuvette-ouest-department
2870,Brazzaville,50,BZV,1,brazzaville
2871,Sangha Department,50,13,1,sangha-department
2872,Niari Department,50,9,1,niari-department
2873,Pool Department,50,12,1,pool-department
2874,Quindío,48,QUI,1,quind-o
2875,Cundinamarca,48,CUN,1,cundinamarca
2876,Chocó,48,CHO,1,choc
2877,Norte de Santander,48,NSA,1,norte-de-santander
2878,Meta,48,MET,1,meta
2879,Risaralda,48,RIS,1,risaralda
2880,Atlántico,48,ATL,1,atl-ntico
2881,Arauca,48,ARA,1,arauca
2882,Guainía,48,GUA,1,guain-a
2883,Tolima,48,TOL,1,tolima
2884,Cauca,48,CAU,1,cauca
2885,Vaupés,48,VAU,1,vaup-s
2886,Magdalena,48,MAG,1,magdalena
2887,Caldas,48,CAL,1,caldas
2888,Guaviare,48,GUV,1,guaviare
2889,La Guajira,48,LAG,1,la-guajira
2890,Antioquia,48,ANT,1,antioquia
2891,Caquetá,48,CAQ,1,caquet
2892,Casanare,48,CAS,1,casanare
2893,Bolívar,48,BOL,1,bol-var1
2894,Vichada,48,VID,1,vichada
2895,Amazonas,48,AMA,1,amazonas1
2896,Putumayo,48,PUT,1,putumayo
2897,Nariño,48,NAR,1,nari-o
2898,Córdoba,48,COR,1,c-rdoba
2899,Cesar,48,CES,1,cesar
2900,"Archipiélago de San Andrés, Providencia y Santa Catalina",48,SAP,1,archipi-lago-de-san-andr-s-providencia-y-santa-catalina
2901,Santander,48,SAN,1,santander
2902,Sucre,48,SUC,1,sucre1
2903,Boyacá,48,BOY,1,boyac
2904,Valle del Cauca,48,VAC,1,valle-del-cauca
2905,Galápagos,64,W,1,gal-pagos
2906,Sucumbíos,64,U,1,sucumb-os
2907,Pastaza,64,Y,1,pastaza
2908,Tungurahua,64,T,1,tungurahua
2909,Zamora Chinchipe,64,Z,1,zamora-chinchipe
2910,Los Ríos,64,R,1,los-r-os1
2911,Imbabura,64,I,1,imbabura
2912,Santa Elena,64,SE,1,santa-elena
2913,Manabí,64,M,1,manab
2914,Guayas,64,G,1,guayas
2915,Carchi,64,C,1,carchi
2916,Napo,64,N,1,napo
2917,Cañar,64,F,1,ca-ar
2918,Morona-Santiago,64,S,1,morona-santiago
2919,Santo Domingo de los Tsáchilas,64,SD,1,santo-domingo-de-los-ts-chilas
2920,Bolívar,64,B,1,bol-var1
2921,Cotopaxi,64,X,1,cotopaxi
2922,Esmeraldas,64,E,1,esmeraldas
2923,Azuay,64,A,1,azuay
2924,El Oro,64,O,1,el-oro
2925,Chimborazo,64,H,1,chimborazo
2926,Orellana,64,D,1,orellana
2927,Pichincha,64,P,1,pichincha
2928,Obock Region,60,OB,1,obock-region
2929,Djibouti,60,DJ,1,djibouti
2930,Dikhil Region,60,DI,1,dikhil-region
2931,Tadjourah Region,60,TA,1,tadjourah-region
2932,Arta Region,60,AR,1,arta-region
2933,Ali Sabieh Region,60,AS,1,ali-sabieh-region
2934,Hama,215,HM,1,hama
2935,Rif Dimashq,215,RD,1,rif-dimashq
2936,As-Suwayda,215,SU,1,as-suwayda
2937,Deir ez-Zor,215,DY,1,deir-ez-zor
2938,Latakia,215,LA,1,latakia
2939,Damascus,215,DI,1,damascus
2940,Idlib,215,ID,1,idlib
2941,Al-Hasakah,215,HA,1,al-hasakah
2942,Homs,215,HI,1,homs
2943,Quneitra,215,QU,1,quneitra
2944,Al-Raqqah,215,RA,1,al-raqqah
2945,Daraa,215,DR,1,daraa
2946,Aleppo,215,HL,1,aleppo
2947,Tartus,215,TA,1,tartus
2948,Fianarantsoa Province,130,F,1,fianarantsoa-province
2949,Toliara Province,130,U,1,toliara-province
2950,Antsiranana Province,130,D,1,antsiranana-province
2951,Antananarivo Province,130,T,1,antananarivo-province
2952,Toamasina Province,130,A,1,toamasina-province
2953,Mahajanga Province,130,M,1,mahajanga-province
2954,Mogilev Region,21,MA,1,mogilev-region
2955,Gomel Region,21,HO,1,gomel-region
2956,Grodno Region,21,HR,1,grodno-region
2957,Minsk Region,21,MI,1,minsk-region
2958,Minsk,21,HM,1,minsk
2959,Brest Region,21,BR,1,brest-region
2960,Vitebsk Region,21,VI,1,vitebsk-region
2961,Murqub,124,MB,1,murqub
2962,Nuqat al Khams,124,NQ,1,nuqat-al-khams
2963,Zawiya District,124,ZA,1,zawiya-district
2964,Al Wahat District,124,WA,1,al-wahat-district
2965,Sabha District,124,SB,1,sabha-district
2966,Derna District,124,DR,1,derna-district
2967,Murzuq District,124,MQ,1,murzuq-district
2968,Marj District,124,MJ,1,marj-district
2969,Ghat District,124,GT,1,ghat-district
2970,Jufra,124,JU,1,jufra
2971,Tripoli District,124,TB,1,tripoli-district
2972,Kufra District,124,KF,1,kufra-district
2973,Wadi al Hayaa District,124,WD,1,wadi-al-hayaa-district
2974,Jabal al Gharbi District,124,JG,1,jabal-al-gharbi-district
2975,Wadi al Shatii District,124,WS,1,wadi-al-shatii-district
2976,Nalut District,124,NL,1,nalut-district
2977,Sirte District,124,SR,1,sirte-district
2978,Misrata District,124,MI,1,misrata-district
2979,Jafara,124,JI,1,jafara
2980,Jabal al Akhdar,124,JA,1,jabal-al-akhdar
2981,Benghazi,124,BA,1,benghazi
2982,Ribeira Brava Municipality,40,RB,1,ribeira-brava-municipality
2983,Tarrafal,40,TA,1,tarrafal
2984,Ribeira Grande de Santiago,40,RS,1,ribeira-grande-de-santiago
2985,Santa Catarina,40,CA,1,santa-catarina1
2986,São Domingos,40,SD,1,s-o-domingos
2987,Mosteiros,40,MO,1,mosteiros
2988,Praia,40,PR,1,praia
2989,Porto Novo,40,PN,1,porto-novo
2990,São Miguel,40,SM,1,s-o-miguel
2991,Maio Municipality,40,MA,1,maio-municipality
2992,Sotavento Islands,40,S,1,sotavento-islands
2993,São Lourenço dos Órgãos,40,SO,1,s-o-louren-o-dos-rg-os
2994,Barlavento Islands,40,B,1,barlavento-islands
2995,Santa Catarina do Fogo,40,CF,1,santa-catarina-do-fogo
2996,Brava,40,BR,1,brava
2997,Paul,40,PA,1,paul
2998,Sal,40,SL,1,sal
2999,Boa Vista,40,BV,1,boa-vista
3000,São Filipe,40,SF,1,s-o-filipe
3001,São Vicente,40,SV,1,s-o-vicente
3002,Ribeira Grande,40,RG,1,ribeira-grande
3003,Tarrafal de São Nicolau,40,TS,1,tarrafal-de-s-o-nicolau
3004,Santa Cruz,40,CR,1,santa-cruz
3005,Schleswig-Holstein,82,SH,1,schleswig-holstein
3006,Baden-Württemberg,82,BW,1,baden-w-rttemberg
3007,Mecklenburg-Vorpommern,82,MV,1,mecklenburg-vorpommern
3008,Lower Saxony,82,NI,1,lower-saxony
3009,Bavaria,82,BY,1,bavaria
3010,Berlin,82,BE,1,berlin
3011,Saxony-Anhalt,82,ST,1,saxony-anhalt
3013,Brandenburg,82,BB,1,brandenburg
3014,Bremen,82,HB,1,bremen
3015,Thuringia,82,TH,1,thuringia
3016,Hamburg,82,HH,1,hamburg
3017,North Rhine-Westphalia,82,NW,1,north-rhine-westphalia
3018,Hessen,82,HE,1,hessen
3019,Rhineland-Palatinate,82,RP,1,rhineland-palatinate
3020,Saarland,82,SL,1,saarland
3021,Saxony,82,SN,1,saxony
3022,Mafeteng District,122,E,1,mafeteng-district
3023,Mohale's Hoek District,122,F,1,mohale-s-hoek-district
3024,Mokhotlong District,122,J,1,mokhotlong-district
3025,Qacha's Nek District,122,H,1,qacha-s-nek-district
3026,Leribe District,122,C,1,leribe-district
3027,Quthing District,122,G,1,quthing-district
3028,Maseru District,122,A,1,maseru-district
3029,Butha-Buthe District,122,B,1,butha-buthe-district
3030,Berea District,122,D,1,berea-district
3031,Thaba-Tseka District,122,K,1,thaba-tseka-district
3032,Montserrado County,123,MO,1,montserrado-county
3033,River Cess County,123,RI,1,river-cess-county
3034,Bong County,123,BG,1,bong-county
3035,Sinoe County,123,SI,1,sinoe-county
3036,Grand Cape Mount County,123,CM,1,grand-cape-mount-county
3037,Lofa County,123,LO,1,lofa-county
3038,River Gee County,123,RG,1,river-gee-county
3039,Grand Gedeh County,123,GG,1,grand-gedeh-county
3040,Grand Bassa County,123,GB,1,grand-bassa-county
3041,Bomi County,123,BM,1,bomi-county
3042,Maryland County,123,MY,1,maryland-county
3043,Margibi County,123,MG,1,margibi-county
3044,Gbarpolu County,123,GP,1,gbarpolu-county
3045,Grand Kru County,123,GK,1,grand-kru-county
3046,Nimba,123,NI,1,nimba
3047,Ad Dhahirah,166,ZA,1,ad-dhahirah
3048,Al Batinah North,166,BS,1,al-batinah-north
3049,Al Batinah South,166,BJ,1,al-batinah-south
3050,Al Batinah Region,166,BA,1,al-batinah-region
3051,Ash Sharqiyah Region,166,SH,1,ash-sharqiyah-region
3052,Musandam,166,MU,1,musandam
3053,Ash Sharqiyah North,166,SS,1,ash-sharqiyah-north
3054,Ash Sharqiyah South,166,SJ,1,ash-sharqiyah-south
3055,Muscat,166,MA,1,muscat
3056,Al Wusta,166,WU,1,al-wusta
3057,Dhofar,166,ZU,1,dhofar
3058,Ad Dakhiliyah,166,DA,1,ad-dakhiliyah
3059,Al Buraimi,166,BU,1,al-buraimi
3060,Ngamiland,29,NG,1,ngamiland
3061,Ghanzi District,29,GH,1,ghanzi-district
3062,Kgatleng District,29,KL,1,kgatleng-district
3063,Southern District,29,SO,1,southern-district1
3064,South-East District,29,SE,1,south-east-district
3065,North-West District,29,NW,1,north-west-district
3066,Kgalagadi District,29,KG,1,kgalagadi-district
3067,Central District,29,CE,1,central-district1
3068,North-East District,29,NE,1,north-east-district
3069,Kweneng District,29,KW,1,kweneng-district
3070,Collines Department,24,CO,1,collines-department
3071,Kouffo Department,24,KO,1,kouffo-department
3072,Donga Department,24,DO,1,donga-department
3073,Zou Department,24,ZO,1,zou-department
3074,Plateau Department,24,PL,1,plateau-department
3075,Mono Department,24,MO,1,mono-department
3076,Atakora Department,24,AK,1,atakora-department
3077,Alibori Department,24,AL,1,alibori-department
3078,Borgou Department,24,BO,1,borgou-department
3079,Atlantique Department,24,AQ,1,atlantique-department
3080,Ouémé Department,24,OU,1,ou-m-department
3081,Littoral Department,24,LI,1,littoral-department
3082,Machinga District,131,MH,1,machinga-district
3083,Zomba District,131,ZO,1,zomba-district
3084,Mwanza District,131,MW,1,mwanza-district
3085,Nsanje District,131,NS,1,nsanje-district
3086,Salima District,131,SA,1,salima-district
3087,Chitipa district,131,CT,1,chitipa-district
3088,Ntcheu District,131,NU,1,ntcheu-district
3089,Rumphi District,131,RU,1,rumphi-district
3090,Dowa District,131,DO,1,dowa-district
3091,Karonga District,131,KR,1,karonga-district
3092,Central Region,131,C,1,central-region1
3093,Likoma District,131,LK,1,likoma-district
3094,Kasungu District,131,KS,1,kasungu-district
3095,Nkhata Bay District,131,NB,1,nkhata-bay-district
3096,Balaka District,131,BA,1,balaka-district
3097,Dedza District,131,DE,1,dedza-district
3098,Thyolo District,131,TH,1,thyolo-district
3099,Mchinji District,131,MC,1,mchinji-district
3100,Nkhotakota District,131,NK,1,nkhotakota-district
3101,Lilongwe District,131,LI,1,lilongwe-district
3102,Blantyre District,131,BL,1,blantyre-district
3103,Mulanje District,131,MU,1,mulanje-district
3104,Mzimba District,131,MZ,1,mzimba-district
3105,Northern Region,131,N,1,northern-region1
3106,Southern Region,131,S,1,southern-region
3107,Chikwawa District,131,CK,1,chikwawa-district
3108,Phalombe District,131,PH,1,phalombe-district
3109,Chiradzulu District,131,CR,1,chiradzulu-district
3110,Mangochi District,131,MG,1,mangochi-district
3111,Ntchisi District,131,NI,1,ntchisi-district
3112,Kénédougou Province,35,KEN,1,k-n-dougou-province
3113,Namentenga Province,35,NAM,1,namentenga-province
3114,Sahel Region,35,12,1,sahel-region
3115,Centre-Ouest Region,35,6,1,centre-ouest-region
3116,Nahouri Province,35,NAO,1,nahouri-province
3117,Passoré Province,35,PAS,1,passor-province
3118,Zoundwéogo Province,35,ZOU,1,zoundw-ogo-province
3119,Sissili Province,35,SIS,1,sissili-province
3120,Banwa Province,35,BAN,1,banwa-province
3121,Bougouriba Province,35,BGR,1,bougouriba-province
3122,Gnagna Province,35,GNA,1,gnagna-province
3123,Mouhoun,35,MOU,1,mouhoun
3124,Yagha Province,35,YAG,1,yagha-province
3125,Plateau-Central Region,35,11,1,plateau-central-region
3126,Sanmatenga Province,35,SMT,1,sanmatenga-province
3127,Centre-Nord Region,35,5,1,centre-nord-region
3128,Tapoa Province,35,TAP,1,tapoa-province
3129,Houet Province,35,HOU,1,houet-province
3130,Zondoma Province,35,ZON,1,zondoma-province
3131,Boulgou,35,BLG,1,boulgou
3132,Komondjari Province,35,KMD,1,komondjari-province
3133,Koulpélogo Province,35,KOP,1,koulp-logo-province
3134,Tuy Province,35,TUI,1,tuy-province
3135,Ioba Province,35,IOB,1,ioba-province
3136,Centre,35,3,1,centre1
3137,Sourou Province,35,SOR,1,sourou-province
3138,Boucle du Mouhoun Region,35,1,1,boucle-du-mouhoun-region
3139,Séno Province,35,SEN,1,s-no-province
3140,Sud-Ouest Region,35,13,1,sud-ouest-region
3141,Oubritenga Province,35,OUB,1,oubritenga-province
3142,Nayala Province,35,NAY,1,nayala-province
3143,Gourma Province,35,GOU,1,gourma-province
3144,Oudalan Province,35,OUD,1,oudalan-province
3145,Ziro Province,35,ZIR,1,ziro-province
3146,Kossi Province,35,KOS,1,kossi-province
3147,Kourwéogo Province,35,KOW,1,kourw-ogo-province
3148,Ganzourgou Province,35,GAN,1,ganzourgou-province
3149,Centre-Sud Region,35,7,1,centre-sud-region
3150,Yatenga Province,35,YAT,1,yatenga-province
3151,Loroum Province,35,LOR,1,loroum-province
3152,Bazèga Province,35,BAZ,1,baz-ga-province
3153,Cascades Region,35,2,1,cascades-region
3154,Sanguié Province,35,SNG,1,sangui-province
3155,Bam Province,35,BAM,1,bam-province
3156,Noumbiel Province,35,NOU,1,noumbiel-province
3157,Kompienga Province,35,KMP,1,kompienga-province
3158,Est Region,35,8,1,est-region
3159,Léraba Province,35,LER,1,l-raba-province
3160,Balé Province,35,BAL,1,bal-province
3161,Kouritenga Province,35,KOT,1,kouritenga-province
3162,Centre-Est Region,35,4,1,centre-est-region
3163,Poni Province,35,PON,1,poni-province
3164,"Nord Region, Burkina Faso",35,10,1,nord-region-burkina-faso
3165,Hauts-Bassins Region,35,9,1,hauts-bassins-region
3166,Soum Province,35,SOM,1,soum-province
3167,Comoé Province,35,COM,1,como-province
3168,Kadiogo Province,35,KAD,1,kadiogo-province
3169,Islamabad Capital Territory,167,IS,1,islamabad-capital-territory
3170,Gilgit-Baltistan,167,GB,1,gilgit-baltistan
3171,Khyber Pakhtunkhwa,167,KP,1,khyber-pakhtunkhwa
3172,Azad Kashmir,167,JK,1,azad-kashmir
3173,Federally Administered Tribal Areas,167,TA,1,federally-administered-tribal-areas
3174,Balochistan,167,BA,1,balochistan
3175,Sindh,167,SD,1,sindh
3176,Punjab,167,PB,1,punjab
3177,Al Rayyan Municipality,179,RA,1,al-rayyan-municipality
3178,Al-Shahaniya,179,SH,1,al-shahaniya
3179,Al Wakrah,179,WA,1,al-wakrah
3180,Madinat ash Shamal,179,MS,1,madinat-ash-shamal
3181,Doha,179,DA,1,doha
3182,Al Daayen,179,ZA,1,al-daayen
3183,Al Khor,179,KH,1,al-khor
3184,Umm Salal Municipality,179,US,1,umm-salal-municipality
3185,Rumonge Province,36,RM,1,rumonge-province
3186,Muyinga Province,36,MY,1,muyinga-province
3187,Mwaro Province,36,MW,1,mwaro-province
3188,Makamba Province,36,MA,1,makamba-province
3189,Rutana Province,36,RT,1,rutana-province
3190,Cibitoke Province,36,CI,1,cibitoke-province
3191,Ruyigi Province,36,RY,1,ruyigi-province
3192,Kayanza Province,36,KY,1,kayanza-province
3193,Muramvya Province,36,MU,1,muramvya-province
3194,Karuzi Province,36,KR,1,karuzi-province
3195,Kirundo Province,36,KI,1,kirundo-province
3196,Bubanza Province,36,BB,1,bubanza-province
3197,Gitega Province,36,GI,1,gitega-province
3198,Bujumbura Mairie Province,36,BM,1,bujumbura-mairie-province
3199,Ngozi Province,36,NG,1,ngozi-province
3200,Bujumbura Rural Province,36,BL,1,bujumbura-rural-province
3201,Cankuzo Province,36,CA,1,cankuzo-province
3202,Bururi Province,36,BR,1,bururi-province
3203,Flores,235,FS,1,flores
3204,San José,235,SJ,1,san-jos
3205,Artigas,235,AR,1,artigas
3206,Maldonado,235,MA,1,maldonado
3207,Rivera,235,RV,1,rivera
3208,Colonia,235,CO,1,colonia
3209,Durazno,235,DU,1,durazno
3210,Río Negro,235,RN,1,r-o-negro
3211,Cerro Largo,235,CL,1,cerro-largo
3212,Paysandú,235,PA,1,paysand
3213,Canelones,235,CA,1,canelones
3214,Treinta y Tres,235,TT,1,treinta-y-tres
3215,Lavalleja,235,LA,1,lavalleja
3216,Rocha,235,RO,1,rocha
3217,Florida,235,FD,1,florida1
3218,Montevideo,235,MO,1,montevideo
3219,Soriano,235,SO,1,soriano
3220,Salto,235,SA,1,salto
3221,Tacuarembó,235,TA,1,tacuaremb
3222,Kafr el-Sheikh,65,KFS,1,kafr-el-sheikh
3223,Cairo,65,C,1,cairo
3224,Damietta,65,DT,1,damietta
3225,Aswan,65,ASN,1,aswan
3226,Sohag,65,SHG,1,sohag
3227,North Sinai,65,SIN,1,north-sinai
3228,Monufia,65,MNF,1,monufia
3229,Port Said,65,PTS,1,port-said
3230,Beni Suef,65,BNS,1,beni-suef
3231,Matrouh,65,MT,1,matrouh
3232,Qalyubia,65,KB,1,qalyubia
3233,Suez,65,SUZ,1,suez
3234,Gharbia,65,GH,1,gharbia
3235,Alexandria,65,ALX,1,alexandria
3236,Asyut,65,AST,1,asyut
3237,South Sinai,65,JS,1,south-sinai
3238,Faiyum,65,FYM,1,faiyum
3239,Giza,65,GZ,1,giza
3240,Red Sea,65,BA,1,red-sea1
3241,Beheira,65,BH,1,beheira
3242,Luxor,65,LX,1,luxor
3243,Minya,65,MN,1,minya
3244,Ismailia,65,IS,1,ismailia
3245,Dakahlia,65,DK,1,dakahlia
3246,New Valley,65,WAD,1,new-valley
3247,Qena,65,KN,1,qena
3248,Agalega Islands,140,AG,1,agalega-islands
3249,Rodrigues Island,140,RO,1,rodrigues-island
3250,Pamplemousses,140,PA,1,pamplemousses
3251,Saint Brandon Islands,140,CC,1,saint-brandon-islands
3253,Moka,140,MO,1,moka
3254,Flacq,140,FL,1,flacq
3257,Savanne,140,SA,1,savanne
3259,Black River,140,BL,1,black-river
3260,Port Louis,140,PL,1,port-louis
3261,Rivière du Rempart,140,RR,1,rivi-re-du-rempart
3263,Plaines Wilhems,140,PW,1,plaines-wilhems
3264,Grand Port,140,GP,1,grand-port
3265,Guelmim,149,GUE,1,guelmim
3266,Aousserd (EH),149,AOU,1,aousserd-eh
3267,Al Hoceïma,149,HOC,1,al-hoce-ma
3268,Larache,149,LAR,1,larache
3269,Ouarzazate,149,OUA,1,ouarzazate
3270,Boulemane,149,BOM,1,boulemane
3271,L'Oriental,149,2,1,l-oriental
3272,Béni Mellal,149,BEM,1,b-ni-mellal
3274,Chichaoua,149,CHI,1,chichaoua
3275,Boujdour (EH),149,BOD,1,boujdour-eh
3276,Khémisset,149,KHE,1,kh-misset
3277,Tiznit,149,TIZ,1,tiznit
3278,Béni Mellal-Khénifra,149,5,1,b-ni-mellal-kh-nifra
3279,Sidi Kacem,149,SIK,1,sidi-kacem
3280,El Jadida,149,JDI,1,el-jadida
3281,Nador,149,NAD,1,nador
3282,Settat,149,SET,1,settat
3283,Zagora,149,ZAG,1,zagora
3284,Médiouna,149,MED,1,m-diouna
3285,Berkane,149,BER,1,berkane
3286,Tan-Tan (EH-partial),149,TNT,1,tan-tan-eh-partial
3287,Nouaceur,149,NOU,1,nouaceur
3288,Marrakesh-Safi,149,7,1,marrakesh-safi
3289,Sefrou,149,SEF,1,sefrou
3290,Drâa-Tafilalet,149,8,1,dr-a-tafilalet
3291,El Hajeb,149,HAJ,1,el-hajeb
3292,Es-Semara (EH-partial),149,ESM,1,es-semara-eh-partial
3293,Laâyoune (EH),149,LAA,1,la-youne-eh
3294,Inezgane-Ait Melloul,149,INE,1,inezgane-ait-melloul
3295,Souss-Massa,149,9,1,souss-massa
3296,Taza,149,TAZ,1,taza
3297,Assa-Zag (EH-partial),149,ASZ,1,assa-zag-eh-partial
3298,Laâyoune-Sakia El Hamra (EH-partial),149,11,1,la-youne-sakia-el-hamra-eh-partial
3299,Errachidia,149,ERR,1,errachidia
3300,Fahs-Anjra,149,FAH,1,fahs-anjra
3301,Figuig,149,FIG,1,figuig
3302,Chtouka-Ait Baha,149,CHT,1,chtouka-ait-baha
3303,Casablanca-Settat,149,6,1,casablanca-settat
3304,Benslimane,149,BES,1,benslimane
3305,Guelmim-Oued Noun (EH-partial),149,10,1,guelmim-oued-noun-eh-partial
3306,Dakhla-Oued Ed-Dahab (EH),149,12,1,dakhla-oued-ed-dahab-eh
3307,Jerada,149,JRA,1,jerada
3308,Kénitra,149,KEN,1,k-nitra
3309,El Kelâa des Sraghna,149,KES,1,el-kel-a-des-sraghna
3310,Chefchaouen,149,CHE,1,chefchaouen
3311,Safi,149,SAF,1,safi
3312,Tata,149,TAT,1,tata
3313,Fès-Meknès,149,3,1,f-s-mekn-s
3314,Taroudannt,149,TAR,1,taroudannt
3315,Moulay Yacoub,149,MOU,1,moulay-yacoub
3316,Essaouira,149,ESI,1,essaouira
3317,Khénifra,149,KHN,1,kh-nifra
3318,Tétouan,149,TET,1,t-touan
3319,Oued Ed-Dahab (EH),149,OUD,1,oued-ed-dahab-eh
3320,Al Haouz,149,HAO,1,al-haouz
3321,Azilal,149,AZI,1,azilal
3322,Taourirt,149,TAI,1,taourirt
3323,Taounate,149,TAO,1,taounate
3324,Tanger-Tétouan-Al Hoceïma,149,1,1,tanger-t-touan-al-hoce-ma
3325,Ifrane,149,IFR,1,ifrane
3326,Khouribga,149,KHO,1,khouribga
3327,Cabo Delgado Province,150,P,1,cabo-delgado-province
3328,Zambezia Province,150,Q,1,zambezia-province
3329,Gaza Province,150,G,1,gaza-province
3330,Inhambane Province,150,I,1,inhambane-province
3331,Sofala Province,150,S,1,sofala-province
3332,Maputo Province,150,L,1,maputo-province
3333,Niassa Province,150,A,1,niassa-province
3334,Tete Province,150,T,1,tete-province
3335,Maputo,150,MPM,1,maputo
3336,Nampula Province,150,N,1,nampula-province
3337,Manica Province,150,B,1,manica-province
3338,Hodh Ech Chargui,139,1,1,hodh-ech-chargui
3339,Brakna,139,5,1,brakna
3340,Tiris Zemmour,139,11,1,tiris-zemmour
3341,Gorgol,139,4,1,gorgol
3342,Inchiri,139,12,1,inchiri
3343,Nouakchott-Nord,139,14,1,nouakchott-nord
3344,Adrar,139,7,1,adrar1
3345,Tagant,139,9,1,tagant
3346,Dakhlet Nouadhibou,139,8,1,dakhlet-nouadhibou
3347,Nouakchott-Sud,139,15,1,nouakchott-sud
3348,Trarza,139,6,1,trarza
3349,Assaba,139,3,1,assaba
3350,Guidimaka,139,10,1,guidimaka
3351,Hodh El Gharbi,139,2,1,hodh-el-gharbi
3352,Nouakchott-Ouest,139,13,1,nouakchott-ouest
3353,Western Tobago,223,WTO,1,western-tobago
3354,Couva-Tabaquite-Talparo Regional Corporation,223,CTT,1,couva-tabaquite-talparo-regional-corporation
3355,Eastern Tobago,223,ETO,1,eastern-tobago
3356,Rio Claro-Mayaro Regional Corporation,223,MRC,1,rio-claro-mayaro-regional-corporation
3357,San Juan-Laventille Regional Corporation,223,SJL,1,san-juan-laventille-regional-corporation
3358,Tunapuna-Piarco Regional Corporation,223,TUP,1,tunapuna-piarco-regional-corporation
3359,San Fernando,223,SFO,1,san-fernando
3360,Point Fortin,223,PTF,1,point-fortin
3361,Sangre Grande Regional Corporation,223,SGE,1,sangre-grande-regional-corporation
3362,Arima,223,ARI,1,arima
3363,Port of Spain,223,POS,1,port-of-spain
3364,Siparia Regional Corporation,223,SIP,1,siparia-regional-corporation
3365,Penal-Debe Regional Corporation,223,PED,1,penal-debe-regional-corporation
3366,Chaguanas,223,CHA,1,chaguanas
3367,Diego Martin Regional Corporation,223,DMN,1,diego-martin-regional-corporation
3368,Princes Town Regional Corporation,223,PRT,1,princes-town-regional-corporation
3369,Mary Region,226,M,1,mary-region
3370,Lebap Region,226,L,1,lebap-region
3371,Ashgabat,226,S,1,ashgabat
3372,Balkan Region,226,B,1,balkan-region
3373,Daşoguz Region,226,D,1,da-oguz-region
3374,Ahal Region,226,A,1,ahal-region
3375,Beni Department,27,B,1,beni-department
3376,Oruro Department,27,O,1,oruro-department
3377,Santa Cruz Department,27,S,1,santa-cruz-department
3378,Tarija Department,27,T,1,tarija-department
3379,Pando Department,27,N,1,pando-department
3380,La Paz Department,27,L,1,la-paz-department
3381,Cochabamba Department,27,C,1,cochabamba-department
3382,Chuquisaca Department,27,H,1,chuquisaca-department
3383,Potosí Department,27,P,1,potos-department
3384,Saint George Parish,188,4,1,saint-george-parish
3385,Saint Patrick Parish,188,5,1,saint-patrick-parish
3386,Saint Andrew Parish,188,2,1,saint-andrew-parish
3387,Saint David Parish,188,3,1,saint-david-parish
3388,Grenadines Parish,188,6,1,grenadines-parish
3389,Charlotte Parish,188,1,1,charlotte-parish
3390,Sharjah Emirate,231,SH,1,sharjah-emirate
3391,Dubai,231,DU,1,dubai
3392,Umm al-Quwain,231,UQ,1,umm-al-quwain
3393,Fujairah,231,FU,1,fujairah
3394,Ras al-Khaimah,231,RK,1,ras-al-khaimah
3395,Ajman Emirate,231,AJ,1,ajman-emirate
3396,Abu Dhabi Emirate,231,AZ,1,abu-dhabi-emirate
3397,districts of Republican Subordination,217,RA,1,districts-of-republican-subordination
3398,Khatlon Province,217,KT,1,khatlon-province
3399,Gorno-Badakhshan Autonomous Province,217,GB,1,gorno-badakhshan-autonomous-province
3400,Sughd Province,217,SU,1,sughd-province
3402,Yilan,216,ILA,1,yilan
3403,Penghu,216,PEN,1,penghu
3404,Changhua,216,CHA,1,changhua
3405,Pingtung,216,PIF,1,pingtung
3406,Taichung,216,TXG,1,taichung
3407,Nantou,216,NAN,1,nantou
3408,Chiayi,216,CYI,1,chiayi
3410,Taitung,216,TTT,1,taitung
3411,Hualien,216,HUA,1,hualien
3412,Kaohsiung,216,KHH,1,kaohsiung
3413,Miaoli,216,MIA,1,miaoli
3415,Kinmen,216,KIN,1,kinmen
3416,Yunlin,216,YUN,1,yunlin
3417,Hsinchu,216,HSZ,1,hsinchu
3418,Chiayi,216,CYQ,1,chiayi1
3419,Taoyuan,216,TAO,1,taoyuan
3420,Lienchiang,216,LIE,1,lienchiang
3421,Tainan,216,TNN,1,tainan
3422,Taipei,216,TPE,1,taipei
3423,Hsinchu,216,HSQ,1,hsinchu1
3424,Northern Red Sea Region,68,SK,1,northern-red-sea-region
3425,Anseba Region,68,AN,1,anseba-region
3426,Maekel Region,68,MA,1,maekel-region
3427,Debub Region,68,DU,1,debub-region
3428,Gash-Barka Region,68,GB,1,gash-barka-region
3429,Southern Red Sea Region,68,DK,1,southern-red-sea-region
3430,Southern Peninsula Region,100,2,1,southern-peninsula-region
3431,Capital Region,100,1,1,capital-region
3432,Westfjords,100,4,1,westfjords
3433,Eastern Region,100,7,1,eastern-region1
3434,Southern Region,100,8,1,southern-region1
3435,Northwestern Region,100,5,1,northwestern-region
3436,Western Region,100,3,1,western-region1
3437,Northeastern Region,100,6,1,northeastern-region
3438,Río Muni,67,C,1,r-o-muni
3439,Kié-Ntem Province,67,KN,1,ki-ntem-province
3440,Wele-Nzas Province,67,WN,1,wele-nzas-province
3441,Litoral Province,67,LI,1,litoral-province
3442,Insular Region,67,I,1,insular-region
3443,Bioko Sur Province,67,BS,1,bioko-sur-province
3444,Annobón Province,67,AN,1,annob-n-province
3445,Centro Sur Province,67,CS,1,centro-sur-province
3446,Bioko Norte Province,67,BN,1,bioko-norte-province
3447,Chihuahua,142,CHH,1,chihuahua
3448,Oaxaca,142,OAX,1,oaxaca
3449,Sinaloa,142,SIN,1,sinaloa
3450,Estado de México,142,MEX,1,estado-de-m-xico
3451,Chiapas,142,CHP,1,chiapas
3452,Nuevo León,142,NLE,1,nuevo-le-n
3453,Durango,142,DUR,1,durango
3454,Tabasco,142,TAB,1,tabasco
3455,Querétaro,142,QUE,1,quer-taro
3456,Aguascalientes,142,AGU,1,aguascalientes
3457,Baja California,142,BCN,1,baja-california
3458,Tlaxcala,142,TLA,1,tlaxcala
3459,Guerrero,142,GRO,1,guerrero
3460,Baja California Sur,142,BCS,1,baja-california-sur
3461,San Luis Potosí,142,SLP,1,san-luis-potos
3462,Zacatecas,142,ZAC,1,zacatecas
3463,Tamaulipas,142,TAM,1,tamaulipas
3464,Veracruz de Ignacio de la Llave,142,VER,1,veracruz-de-ignacio-de-la-llave
3465,Morelos,142,MOR,1,morelos
3466,Yucatán,142,YUC,1,yucat-n
3467,Quintana Roo,142,ROO,1,quintana-roo
3468,Sonora,142,SON,1,sonora
3469,Guanajuato,142,GUA,1,guanajuato
3470,Hidalgo,142,HID,1,hidalgo
3471,Coahuila de Zaragoza,142,COA,1,coahuila-de-zaragoza
3472,Colima,142,COL,1,colima
3473,Ciudad de México,142,CMX,1,ciudad-de-m-xico
3474,Michoacán de Ocampo,142,MIC,1,michoac-n-de-ocampo
3475,Campeche,142,CAM,1,campeche
3476,Puebla,142,PUE,1,puebla
3477,Nayarit,142,NAY,1,nayarit
3478,Krabi,219,81,1,krabi
3479,Ranong,219,85,1,ranong
3480,Nong Bua Lam Phu,219,39,1,nong-bua-lam-phu
3481,Samut Prakan,219,11,1,samut-prakan
3482,Surat Thani,219,84,1,surat-thani
3483,Lamphun,219,51,1,lamphun
3484,Nong Khai,219,43,1,nong-khai
3485,Khon Kaen,219,40,1,khon-kaen
3486,Chanthaburi,219,22,1,chanthaburi
3487,Saraburi,219,19,1,saraburi
3488,Phatthalung,219,93,1,phatthalung
3489,Uttaradit,219,53,1,uttaradit
3490,Sing Buri,219,17,1,sing-buri
3491,Chiang Mai,219,50,1,chiang-mai
3492,Nakhon Sawan,219,60,1,nakhon-sawan
3493,Yala,219,95,1,yala
3494,Phra Nakhon Si Ayutthaya,219,14,1,phra-nakhon-si-ayutthaya
3495,Nonthaburi,219,12,1,nonthaburi
3496,Trat,219,23,1,trat
3497,Nakhon Ratchasima,219,30,1,nakhon-ratchasima
3498,Chiang Rai,219,57,1,chiang-rai
3499,Ratchaburi,219,70,1,ratchaburi
3500,Pathum Thani,219,13,1,pathum-thani
3501,Sakon Nakhon,219,47,1,sakon-nakhon
3502,Samut Songkhram,219,75,1,samut-songkhram
3503,Nakhon Pathom,219,73,1,nakhon-pathom
3504,Samut Sakhon,219,74,1,samut-sakhon
3505,Mae Hong Son,219,58,1,mae-hong-son
3506,Phitsanulok,219,65,1,phitsanulok
3507,Pattaya,219,S,1,pattaya
3508,Prachuap Khiri Khan,219,77,1,prachuap-khiri-khan
3509,Loei,219,42,1,loei
3510,Roi Et,219,45,1,roi-et
3511,Kanchanaburi,219,71,1,kanchanaburi
3512,Ubon Ratchathani,219,34,1,ubon-ratchathani
3513,Chon Buri,219,20,1,chon-buri
3514,Phichit,219,66,1,phichit
3515,Phetchabun,219,67,1,phetchabun
3516,Kamphaeng Phet,219,62,1,kamphaeng-phet
3517,Maha Sarakham,219,44,1,maha-sarakham
3518,Rayong,219,21,1,rayong
3519,Ang Thong,219,15,1,ang-thong
3520,Nakhon Si Thammarat,219,80,1,nakhon-si-thammarat
3521,Yasothon,219,35,1,yasothon
3522,Chai Nat,219,18,1,chai-nat
3523,Amnat Charoen,219,37,1,amnat-charoen
3524,Suphan Buri,219,72,1,suphan-buri
3525,Tak,219,63,1,tak
3526,Chumphon,219,86,1,chumphon
3527,Udon Thani,219,41,1,udon-thani
3528,Phrae,219,54,1,phrae
3529,Sa Kaeo,219,27,1,sa-kaeo
3530,Nan,219,55,1,nan
3531,Surin,219,32,1,surin
3532,Phetchaburi,219,76,1,phetchaburi
3533,Bueng Kan,219,38,1,bueng-kan
3534,Buri Ram,219,31,1,buri-ram
3535,Nakhon Nayok,219,26,1,nakhon-nayok
3536,Phuket,219,83,1,phuket
3537,Satun,219,91,1,satun
3538,Phayao,219,56,1,phayao
3539,Songkhla,219,90,1,songkhla
3540,Pattani,219,94,1,pattani
3541,Trang,219,92,1,trang
3542,Prachin Buri,219,25,1,prachin-buri
3543,Lop Buri,219,16,1,lop-buri
3544,Lampang,219,52,1,lampang
3545,Sukhothai,219,64,1,sukhothai
3546,Mukdahan,219,49,1,mukdahan
3547,Si Sa Ket,219,33,1,si-sa-ket
3548,Nakhon Phanom,219,48,1,nakhon-phanom
3549,Phangnga,219,82,1,phangnga
3550,Kalasin,219,46,1,kalasin
3551,Uthai Thani,219,61,1,uthai-thani
3552,Chachoengsao,219,24,1,chachoengsao
3553,Narathiwat,219,96,1,narathiwat
3554,Bangkok,219,10,1,bangkok
3555,Hiiu County,69,39,1,hiiu-county
3556,Viljandi County,69,84,1,viljandi-county
3557,Tartu County,69,78,1,tartu-county
3558,Valga County,69,82,1,valga-county
3559,Rapla County,69,70,1,rapla-county
3560,Võru County,69,86,1,v-ru-county
3561,Saare County,69,74,1,saare-county
3562,Pärnu County,69,67,1,p-rnu-county
3563,Põlva County,69,65,1,p-lva-county
3564,Lääne-Viru County,69,59,1,l-ne-viru-county
3565,Jõgeva County,69,49,1,j-geva-county
3566,Järva County,69,51,1,j-rva-county
3567,Harju County,69,37,1,harju-county
3568,Lääne County,69,57,1,l-ne-county
3569,Ida-Viru County,69,44,1,ida-viru-county
3570,Moyen-Chari,43,MC,1,moyen-chari
3571,Mayo-Kebbi Ouest,43,MO,1,mayo-kebbi-ouest
3572,Sila,43,SI,1,sila
3573,Hadjer-Lamis,43,HL,1,hadjer-lamis
3574,Borkou,43,BO,1,borkou
3575,Ennedi-Est,43,EE,1,ennedi-est
3576,Guéra,43,GR,1,gu-ra
3577,Lac,43,LC,1,lac
3579,Tandjilé,43,TA,1,tandjil
3580,Mayo-Kebbi Est,43,ME,1,mayo-kebbi-est
3581,Wadi Fira,43,WF,1,wadi-fira
3582,Ouaddaï,43,OD,1,ouadda
3583,Bahr el Gazel,43,BG,1,bahr-el-gazel
3584,Ennedi-Ouest,43,EO,1,ennedi-ouest
3585,Logone Occidental,43,LO,1,logone-occidental
3586,N'Djamena,43,ND,1,n-djamena
3587,Tibesti,43,TI,1,tibesti
3588,Kanem,43,KA,1,kanem
3589,Mandoul,43,MA,1,mandoul
3590,Batha,43,BA,1,batha
3591,Logone Oriental,43,LR,1,logone-oriental
3592,Salamat,43,SA,1,salamat
3593,Berry Islands,17,BY,1,berry-islands
3594,Nichollstown and Berry Islands,17,NB,1,nichollstown-and-berry-islands
3595,Green Turtle Cay,17,GT,1,green-turtle-cay
3596,Central Eleuthera,17,CE,1,central-eleuthera
3597,Governor's Harbour,17,GH,1,governor-s-harbour
3598,High Rock,17,HR,1,high-rock
3599,West Grand Bahama,17,WG,1,west-grand-bahama
3600,Rum Cay District,17,RC,1,rum-cay-district
3601,Acklins,17,AK,1,acklins
3602,North Eleuthera,17,NE,1,north-eleuthera
3603,Central Abaco,17,CO,1,central-abaco
3604,Marsh Harbour,17,MH,1,marsh-harbour
3605,Black Point,17,BP,1,black-point
3606,Sandy Point,17,SP,1,sandy-point
3607,South Eleuthera,17,SE,1,south-eleuthera
3608,South Abaco,17,SO,1,south-abaco
3609,Inagua,17,IN,1,inagua
3610,Long Island,17,LI,1,long-island
3611,Cat Island,17,CI,1,cat-island
3612,Exuma,17,EX,1,exuma
3613,Harbour Island,17,HI,1,harbour-island
3614,East Grand Bahama,17,EG,1,east-grand-bahama
3615,Ragged Island,17,RI,1,ragged-island
3616,North Abaco,17,NO,1,north-abaco
3617,North Andros,17,NS,1,north-andros
3618,Kemps Bay,17,KB,1,kemps-bay
3619,Fresh Creek,17,FC,1,fresh-creek
3620,San Salvador and Rum Cay,17,SR,1,san-salvador-and-rum-cay
3621,Crooked Island,17,CK,1,crooked-island
3622,South Andros,17,SA,1,south-andros
3623,Rock Sound,17,RS,1,rock-sound
3624,Hope Town,17,HT,1,hope-town
3625,Mangrove Cay,17,MC,1,mangrove-cay
3626,Freeport,17,FP,1,freeport
3627,San Salvador Island,17,SS,1,san-salvador-island
3628,Acklins and Crooked Islands,17,AC,1,acklins-and-crooked-islands
3629,Bimini,17,BI,1,bimini
3630,Spanish Wells,17,SW,1,spanish-wells
3631,Central Andros,17,CS,1,central-andros
3632,Grand Cay,17,GC,1,grand-cay
3633,Mayaguana District,17,MG,1,mayaguana-district
3634,San Juan,11,J,1,san-juan
3635,Santiago del Estero,11,G,1,santiago-del-estero
3636,San Luis,11,D,1,san-luis
3637,Tucumán,11,T,1,tucum-n
3638,Corrientes,11,W,1,corrientes
3639,Río Negro,11,R,1,r-o-negro1
3640,Chaco,11,H,1,chaco
3641,Santa Fe,11,S,1,santa-fe
3642,Córdoba,11,X,1,c-rdoba1
3643,Salta,11,A,1,salta
3644,Misiones,11,N,1,misiones
3645,Jujuy,11,Y,1,jujuy
3646,Mendoza,11,M,1,mendoza
3647,Catamarca,11,K,1,catamarca
3648,Neuquén,11,Q,1,neuqu-n
3649,Santa Cruz,11,Z,1,santa-cruz1
3650,Tierra del Fuego,11,V,1,tierra-del-fuego
3651,Chubut,11,U,1,chubut
3652,Formosa,11,P,1,formosa
3653,La Rioja,11,F,1,la-rioja1
3654,Entre Ríos,11,E,1,entre-r-os
3655,La Pampa,11,L,1,la-pampa
3656,Buenos Aires,11,B,1,buenos-aires
3657,Quiché,90,14,1,quich
3658,Jalapa,90,21,1,jalapa
3659,Izabal,90,18,1,izabal
3660,Suchitepéquez,90,10,1,suchitep-quez
3661,Sololá,90,7,1,solol
3662,El Progreso,90,2,1,el-progreso
3663,Totonicapán,90,8,1,totonicap-n
3664,Retalhuleu,90,11,1,retalhuleu
3665,Santa Rosa,90,6,1,santa-rosa
3666,Chiquimula,90,20,1,chiquimula
3667,San Marcos,90,12,1,san-marcos
3668,Quetzaltenango,90,9,1,quetzaltenango
3669,Petén,90,17,1,pet-n
3670,Huehuetenango,90,13,1,huehuetenango
3671,Alta Verapaz,90,16,1,alta-verapaz
3672,Guatemala,90,1,1,guatemala
3673,Jutiapa,90,22,1,jutiapa
3674,Baja Verapaz,90,15,1,baja-verapaz
3675,Chimaltenango,90,4,1,chimaltenango
3676,Sacatepéquez,90,3,1,sacatep-quez
3677,Escuintla,90,5,1,escuintla
3678,Madre de Dios,173,MDD,1,madre-de-dios
3679,Huancavelica,173,HUV,1,huancavelica
3680,Áncash,173,ANC,1,ncash
3681,Arequipa,173,ARE,1,arequipa
3682,Puno,173,PUN,1,puno
3683,La Libertad,173,LAL,1,la-libertad
3684,Ucayali,173,UCA,1,ucayali
3685,Amazonas,173,AMA,1,amazonas1
3686,Pasco,173,PAS,1,pasco
3687,Huanuco,173,HUC,1,huanuco
3688,Cajamarca,173,CAJ,1,cajamarca
3689,Tumbes,173,TUM,1,tumbes
3691,Cusco,173,CUS,1,cusco
3692,Ayacucho,173,AYA,1,ayacucho
3693,Junín,173,JUN,1,jun-n
3694,San Martín,173,SAM,1,san-mart-n
3695,Lima,173,LIM,1,lima
3696,Tacna,173,TAC,1,tacna
3697,Piura,173,PIU,1,piura
3698,Moquegua,173,MOQ,1,moquegua
3699,Apurímac,173,APU,1,apur-mac
3700,Ica,173,ICA,1,ica
3701,Callao,173,CAL,1,callao
3702,Lambayeque,173,LAM,1,lambayeque
3703,Redonda,10,11,1,redonda
3704,Saint Peter Parish,10,7,1,saint-peter-parish
3705,Saint Paul Parish,10,6,1,saint-paul-parish
3706,Saint John Parish,10,4,1,saint-john-parish
3707,Saint Mary Parish,10,5,1,saint-mary-parish
3708,Barbuda,10,10,1,barbuda
3709,Saint George Parish,10,3,1,saint-george-parish1
3710,Saint Philip Parish,10,8,1,saint-philip-parish
3711,South Bačka District,196,6,1,south-ba-ka-district
3712,Pirot District,196,22,1,pirot-district
3713,South Banat District,196,4,1,south-banat-district
3714,North Bačka District,196,1,1,north-ba-ka-district
3715,Jablanica District,196,23,1,jablanica-district
3716,Central Banat District,196,2,1,central-banat-district
3717,Bor District,196,14,1,bor-district
3718,Toplica District,196,21,1,toplica-district
3719,Mačva District,196,8,1,ma-va-district
3720,Rasina District,196,19,1,rasina-district
3721,Pčinja District,196,24,1,p-inja-district
3722,Nišava District,196,20,1,ni-ava-district
3723,Prizren District,248,XPR,1,prizren-district
3724,Kolubara District,196,9,1,kolubara-district
3725,Raška District,196,18,1,ra-ka-district
3726,West Bačka District,196,5,1,west-ba-ka-district
3727,Moravica District,196,17,1,moravica-district
3728,Belgrade,196,0,1,belgrade
3729,Zlatibor District,196,16,1,zlatibor-district
3731,Zaječar District,196,15,1,zaje-ar-district
3732,Braničevo District,196,11,1,brani-evo-district
3733,Vojvodina,196,VO,1,vojvodina
3734,Šumadija District,196,12,1,umadija-district
3736,North Banat District,196,3,1,north-banat-district
3737,Pomoravlje District,196,13,1,pomoravlje-district
3738,Peć District,248,XPE,1,pe-district
3740,Srem District,196,7,1,srem-district
3741,Podunavlje District,196,10,1,podunavlje-district
3742,Westmoreland Parish,108,10,1,westmoreland-parish
3743,Saint Elizabeth Parish,108,11,1,saint-elizabeth-parish
3744,Saint Ann Parish,108,6,1,saint-ann-parish
3745,Saint James Parish,108,8,1,saint-james-parish
3746,Saint Catherine Parish,108,14,1,saint-catherine-parish
3747,Saint Mary Parish,108,5,1,saint-mary-parish1
3748,Kingston Parish,108,1,1,kingston-parish
3749,Hanover Parish,108,9,1,hanover-parish
3750,Saint Thomas Parish,108,3,1,saint-thomas-parish
3751,Saint Andrew,108,2,1,saint-andrew1
3752,Portland Parish,108,4,1,portland-parish
3753,Clarendon Parish,108,13,1,clarendon-parish
3754,Manchester Parish,108,12,1,manchester-parish
3755,Trelawny Parish,108,7,1,trelawny-parish
3756,Dennery Quarter,186,5,1,dennery-quarter
3757,Anse la Raye Quarter,186,1,1,anse-la-raye-quarter
3758,Castries Quarter,186,2,1,castries-quarter
3759,Laborie Quarter,186,7,1,laborie-quarter
3760,Choiseul Quarter,186,3,1,choiseul-quarter
3761,Canaries,186,12,1,canaries
3762,Micoud Quarter,186,8,1,micoud-quarter
3763,Vieux Fort Quarter,186,11,1,vieux-fort-quarter
3764,Soufrière Quarter,186,10,1,soufri-re-quarter
3765,Praslin Quarter,186,9,1,praslin-quarter
3766,Gros Islet Quarter,186,6,1,gros-islet-quarter
3767,Dauphin Quarter,186,4,1,dauphin-quarter
3768,Hưng Yên,240,66,1,h-ng-y-n
3769,Đồng Tháp,240,45,1,ng-th-p
3770,Bà Rịa-Vũng Tàu,240,43,1,b-r-a-v-ng-t-u
3771,Thanh Hóa,240,21,1,thanh-h-a
3772,Kon Tum,240,28,1,kon-tum
3773,Điện Biên,240,71,1,i-n-bi-n
3774,Vĩnh Phúc,240,70,1,v-nh-ph-c
3775,Thái Bình,240,20,1,th-i-b-nh
3776,Quảng Nam,240,27,1,qu-ng-nam
3777,Hậu Giang,240,73,1,h-u-giang
3778,Cà Mau,240,59,1,c-mau
3779,Hà Giang,240,3,1,h-giang
3780,Nghệ An,240,22,1,ngh-an
3781,Tiền Giang,240,46,1,ti-n-giang
3782,Cao Bằng,240,4,1,cao-b-ng
3783,Hải Phòng,240,HP,1,h-i-ph-ng
3784,Yên Bái,240,6,1,y-n-b-i
3785,Bình Dương,240,57,1,b-nh-d-ng
3786,Ninh Bình,240,18,1,ninh-b-nh
3787,Bình Thuận,240,40,1,b-nh-thu-n
3788,Ninh Thuận,240,36,1,ninh-thu-n
3789,Nam Định,240,67,1,nam-nh
3790,Vĩnh Long,240,49,1,v-nh-long
3791,Bắc Ninh,240,56,1,b-c-ninh
3792,Lạng Sơn,240,9,1,l-ng-s-n
3793,Khánh Hòa,240,34,1,kh-nh-h-a
3794,An Giang,240,44,1,an-giang
3795,Tuyên Quang,240,7,1,tuy-n-quang
3796,Bến Tre,240,50,1,b-n-tre
3797,Bình Phước,240,58,1,b-nh-ph-c
3798,Thừa Thiên-Huế,240,26,1,th-a-thi-n-hu
3799,Hòa Bình,240,14,1,h-a-b-nh
3800,Kiên Giang,240,47,1,ki-n-giang
3801,Phú Thọ,240,68,1,ph-th
3802,Hà Nam,240,63,1,h-nam
3803,Quảng Trị,240,25,1,qu-ng-tr
3804,Bạc Liêu,240,55,1,b-c-li-u
3805,Trà Vinh,240,51,1,tr-vinh
3806,Đà Nẵng,240,DN,1,n-ng
3807,Thái Nguyên,240,69,1,th-i-nguy-n
3808,Long An,240,41,1,long-an
3809,Quảng Bình,240,24,1,qu-ng-b-nh
3810,Hà Nội,240,HN,1,h-n-i
3811,Hồ Chí Minh,240,SG,1,h-ch-minh
3812,Sơn La,240,5,1,s-n-la
3813,Gia Lai,240,30,1,gia-lai
3814,Quảng Ninh,240,13,1,qu-ng-ninh
3815,Bắc Giang,240,54,1,b-c-giang
3816,Hà Tĩnh,240,23,1,h-t-nh
3817,Lào Cai,240,2,1,l-o-cai
3818,Lâm Đồng,240,35,1,l-m-ng
3819,Sóc Trăng,240,52,1,s-c-tr-ng
3821,Đồng Nai,240,39,1,ng-nai
3822,Bắc Kạn,240,53,1,b-c-k-n
3823,Đắk Nông,240,72,1,k-n-ng
3824,Phú Yên,240,32,1,ph-y-n
3825,Lai Châu,240,1,1,lai-ch-u
3826,Tây Ninh,240,37,1,t-y-ninh
3827,Hải Dương,240,61,1,h-i-d-ng
3828,Quảng Ngãi,240,29,1,qu-ng-ng-i
3829,Đắk Lắk,240,33,1,k-l-k
3830,Bình Định,240,31,1,b-nh-nh
3831,Saint Peter Basseterre Parish,185,11,1,saint-peter-basseterre-parish
3832,Nevis,185,N,1,nevis
3833,Christ Church Nichola Town Parish,185,1,1,christ-church-nichola-town-parish
3834,Saint Paul Capisterre Parish,185,9,1,saint-paul-capisterre-parish
3835,Saint James Windward Parish,185,5,1,saint-james-windward-parish
3836,Saint Anne Sandy Point Parish,185,2,1,saint-anne-sandy-point-parish
3837,Saint George Gingerland Parish,185,4,1,saint-george-gingerland-parish
3838,Saint Paul Charlestown Parish,185,10,1,saint-paul-charlestown-parish
3839,Saint Thomas Lowland Parish,185,12,1,saint-thomas-lowland-parish
3840,Saint John Figtree Parish,185,7,1,saint-john-figtree-parish
3841,Saint Kitts,185,K,1,saint-kitts
3842,Saint Thomas Middle Island Parish,185,13,1,saint-thomas-middle-island-parish
3843,Trinity Palmetto Point Parish,185,15,1,trinity-palmetto-point-parish
3844,Saint Mary Cayon Parish,185,8,1,saint-mary-cayon-parish
3845,Saint John Capisterre Parish,185,6,1,saint-john-capisterre-parish
3846,Daegu,116,27,1,daegu
3847,Gyeonggi Province,116,41,1,gyeonggi-province
3848,Incheon,116,28,1,incheon
3849,Seoul,116,11,1,seoul
3850,Daejeon,116,30,1,daejeon
3851,North Jeolla Province,116,45,1,north-jeolla-province
3852,Ulsan,116,31,1,ulsan
3853,Jeju,116,49,1,jeju
3854,North Chungcheong Province,116,43,1,north-chungcheong-province
3855,North Gyeongsang Province,116,47,1,north-gyeongsang-province
3856,South Jeolla Province,116,46,1,south-jeolla-province
3857,South Gyeongsang Province,116,48,1,south-gyeongsang-province
3858,Gwangju,116,29,1,gwangju
3859,South Chungcheong Province,116,44,1,south-chungcheong-province
3860,Busan,116,26,1,busan
3861,Sejong City,116,50,1,sejong-city
3862,Gangwon Province,116,42,1,gangwon-province
3863,Saint Patrick Parish,87,6,1,saint-patrick-parish1
3864,Saint George Parish,87,3,1,saint-george-parish1
3865,Saint Andrew Parish,87,1,1,saint-andrew-parish1
3866,Saint Mark Parish,87,5,1,saint-mark-parish
3867,Carriacou and Petite Martinique,87,10,1,carriacou-and-petite-martinique
3868,Saint John Parish,87,4,1,saint-john-parish1
3869,Saint David Parish,87,2,1,saint-david-parish1
3870,Ghazni,1,GHA,1,ghazni
3871,Badghis,1,BDG,1,badghis
3872,Bamyan,1,BAM,1,bamyan
3873,Helmand,1,HEL,1,helmand
3874,Zabul,1,ZAB,1,zabul
3875,Baghlan,1,BGL,1,baghlan
3876,Kunar,1,KNR,1,kunar
3877,Paktika,1,PKA,1,paktika
3878,Khost,1,KHO,1,khost
3879,Kapisa,1,KAP,1,kapisa
3880,Nuristan,1,NUR,1,nuristan
3881,Panjshir,1,PAN,1,panjshir
3882,Nangarhar,1,NAN,1,nangarhar
3883,Samangan,1,SAM,1,samangan
3884,Balkh,1,BAL,1,balkh
3885,Sar-e Pol,1,SAR,1,sar-e-pol
3886,Jowzjan,1,JOW,1,jowzjan
3887,Herat,1,HER,1,herat
3888,Ghōr,1,GHO,1,gh-r
3889,Faryab,1,FYB,1,faryab
3890,Kandahar,1,KAN,1,kandahar
3891,Laghman,1,LAG,1,laghman
3892,Daykundi,1,DAY,1,daykundi
3893,Takhar,1,TAK,1,takhar
3894,Paktia,1,PIA,1,paktia
3895,Parwan,1,PAR,1,parwan
3896,Nimruz,1,NIM,1,nimruz
3897,Logar,1,LOG,1,logar
3898,Urozgan,1,URU,1,urozgan
3899,Farah,1,FRA,1,farah
3900,Kunduz Province,1,KDZ,1,kunduz-province
3901,Badakhshan,1,BDS,1,badakhshan
3902,Kabul,1,KAB,1,kabul
3903,Victoria,14,VIC,1,victoria1
3904,South Australia,14,SA,1,south-australia
3905,Queensland,14,QLD,1,queensland
3906,Western Australia,14,WA,1,western-australia
3907,Australian Capital Territory,14,ACT,1,australian-capital-territory
3908,Tasmania,14,TAS,1,tasmania
3909,New South Wales,14,NSW,1,new-south-wales
3910,Northern Territory,14,NT,1,northern-territory
3911,Vavaʻu,222,5,1,vava-u
3912,Tongatapu,222,4,1,tongatapu
3913,Haʻapai,222,2,1,ha-apai
3914,Niuas,222,3,1,niuas
3915,ʻEua,222,1,1,eua
3916,Markazi,103,0,1,markazi
3917,Khuzestan,103,6,1,khuzestan
3918,Ilam,103,16,1,ilam
3919,Kermanshah,103,5,1,kermanshah
3920,Gilan,103,1,1,gilan
3921,Chaharmahal and Bakhtiari,103,14,1,chaharmahal-and-bakhtiari
3922,Qom,103,25,1,qom
3923,Isfahan,103,10,1,isfahan
3924,West Azarbaijan,103,4,1,west-azarbaijan
3925,Zanjan,103,19,1,zanjan
3926,Kohgiluyeh and Boyer-Ahmad,103,17,1,kohgiluyeh-and-boyer-ahmad
3927,Razavi Khorasan,103,9,1,razavi-khorasan
3928,Lorestan,103,15,1,lorestan
3929,Alborz,103,30,1,alborz
3930,South Khorasan,103,29,1,south-khorasan
3931,Sistan and Baluchestan,103,11,1,sistan-and-baluchestan
3932,Bushehr,103,18,1,bushehr
3933,Golestan,103,27,1,golestan
3934,Ardabil,103,24,1,ardabil
3935,Kurdistan,103,12,1,kurdistan
3936,Yazd,103,21,1,yazd
3937,Hormozgan,103,22,1,hormozgan
3938,Mazandaran,103,2,1,mazandaran
3939,Fars,103,7,1,fars
3940,Semnan,103,20,1,semnan
3941,Qazvin,103,26,1,qazvin
3942,North Khorasan,103,28,1,north-khorasan
3943,Kerman,103,8,1,kerman
3944,East Azerbaijan,103,3,1,east-azerbaijan
3945,Tehran,103,23,1,tehran
3946,Niutao Island Council,228,NIT,1,niutao-island-council
3947,Nanumanga,228,NMG,1,nanumanga
3948,Nui,228,NUI,1,nui
3949,Nanumea,228,NMA,1,nanumea
3950,Vaitupu,228,VAI,1,vaitupu
3951,Funafuti,228,FUN,1,funafuti
3952,Nukufetau,228,NKF,1,nukufetau
3953,Nukulaelae,228,NKL,1,nukulaelae
3954,Dhi Qar,104,DQ,1,dhi-qar
3955,Babylon,104,BB,1,babylon
3956,Al-Qādisiyyah,104,QA,1,al-q-disiyyah
3957,Karbala,104,KA,1,karbala
3958,Al Muthanna,104,MU,1,al-muthanna
3959,Baghdad,104,BG,1,baghdad
3960,Basra,104,BA,1,basra
3961,Saladin,104,SD,1,saladin
3962,Najaf,104,NA,1,najaf
3963,Nineveh,104,NI,1,nineveh
3964,Al Anbar,104,AN,1,al-anbar
3965,Diyala,104,DI,1,diyala
3966,Maysan,104,MA,1,maysan
3967,Dohuk,104,DA,1,dohuk
3968,Erbil,104,AR,1,erbil
3969,Sulaymaniyah,104,SU,1,sulaymaniyah
3970,Wasit,104,WA,1,wasit
3971,Kirkuk,104,KI,1,kirkuk
3972,Svay Rieng,37,20,1,svay-rieng
3973,Preah Vihear,37,13,1,preah-vihear
3974,Prey Veng,37,14,1,prey-veng
3975,Takeo,37,21,1,takeo
3976,Battambang,37,2,1,battambang
3977,Pursat,37,15,1,pursat
3978,Kep,37,23,1,kep
3979,Kampong Chhnang,37,4,1,kampong-chhnang
3980,Pailin,37,24,1,pailin
3981,Kampot,37,7,1,kampot
3982,Koh Kong,37,9,1,koh-kong
3983,Kandal,37,8,1,kandal
3984,Banteay Meanchey,37,1,1,banteay-meanchey
3985,Mondulkiri,37,11,1,mondulkiri
3986,Kratie,37,10,1,kratie
3987,Oddar Meanchey,37,22,1,oddar-meanchey
3988,Kampong Speu,37,5,1,kampong-speu
3989,Sihanoukville,37,18,1,sihanoukville
3990,Ratanakiri,37,16,1,ratanakiri
3991,Kampong Cham,37,3,1,kampong-cham
3992,Siem Reap,37,17,1,siem-reap
3993,Stung Treng,37,19,1,stung-treng
3994,Phnom Penh,37,12,1,phnom-penh
3995,North Hamgyong Province,115,9,1,north-hamgyong-province
3996,Ryanggang Province,115,10,1,ryanggang-province
3997,South Pyongan Province,115,2,1,south-pyongan-province
3998,Chagang Province,115,4,1,chagang-province
3999,Kangwon Province,115,7,1,kangwon-province
4000,South Hamgyong Province,115,8,1,south-hamgyong-province
4001,Rason,115,13,1,rason
4002,North Pyongan Province,115,3,1,north-pyongan-province
4003,South Hwanghae Province,115,5,1,south-hwanghae-province
4004,North Hwanghae Province,115,6,1,north-hwanghae-province
4005,Pyongyang,115,1,1,pyongyang
4006,Meghalaya,101,ML,1,meghalaya
4007,Haryana,101,HR,1,haryana
4008,Maharashtra,101,MH,1,maharashtra
4009,Goa,101,GA,1,goa
4010,Manipur,101,MN,1,manipur
4011,Puducherry,101,PY,1,puducherry
4012,Telangana,101,TG,1,telangana
4013,Odisha,101,OR,1,odisha
4014,Rajasthan,101,RJ,1,rajasthan
4015,Punjab,101,PB,1,punjab1
4016,Uttarakhand,101,UK,1,uttarakhand
4017,Andhra Pradesh,101,AP,1,andhra-pradesh
4018,Nagaland,101,NL,1,nagaland
4019,Lakshadweep,101,LD,1,lakshadweep
4020,Himanchal Pradesh,101,HP,1,himachal-pradesh
4021,Delhi,101,DL,1,delhi
4022,Uttar Pradesh,101,UP,1,uttar-pradesh
4023,Andaman and Nicobar Islands,101,AN,1,andaman-and-nicobar-islands
4024,Arunachal Pradesh,101,AR,1,arunachal-pradesh
4025,Jharkhand,101,JH,1,jharkhand
4026,Karnataka,101,KA,1,karnataka
4027,Assam,101,AS,1,assam
4028,Kerala,101,KL,1,kerala
4029,Jammu and Kashmir,101,JK,1,jammu-and-kashmir
4030,Gujarat,101,GJ,1,gujarat
4031,Chandigarh,101,CH,1,chandigarh
4033,Dadra and Nagar Haveli and Daman and Diu,101,DH,1,dadra-and-nagar-haveli-and-daman-and-diu
4034,Sikkim,101,SK,1,sikkim
4035,Tamil Nadu,101,TN,1,tamil-nadu
4036,Mizoram,101,MZ,1,mizoram
4037,Bihar,101,BR,1,bihar
4038,Tripura,101,TR,1,tripura
4039,Madhya Pradesh,101,MP,1,madhya-pradesh
4040,Chhattisgarh,101,CT,1,chhattisgarh
4041,Choluteca Department,97,CH,1,choluteca-department
4042,Comayagua Department,97,CM,1,comayagua-department
4043,El Paraíso Department,97,EP,1,el-para-so-department
4044,Intibucá Department,97,IN,1,intibuc-department
4045,Bay Islands Department,97,IB,1,bay-islands-department
4046,Cortés Department,97,CR,1,cort-s-department
4047,Atlántida Department,97,AT,1,atl-ntida-department
4048,Gracias a Dios Department,97,GD,1,gracias-a-dios-department
4049,Copán Department,97,CP,1,cop-n-department
4050,Olancho Department,97,OL,1,olancho-department
4051,Colón Department,97,CL,1,col-n-department
4052,Francisco Morazán Department,97,FM,1,francisco-moraz-n-department
4053,Santa Bárbara Department,97,SB,1,santa-b-rbara-department
4054,Lempira Department,97,LE,1,lempira-department
4055,Valle Department,97,VA,1,valle-department
4056,Ocotepeque Department,97,OC,1,ocotepeque-department
4057,Yoro Department,97,YO,1,yoro-department
4058,La Paz Department,97,LP,1,la-paz-department1
4059,Northland Region,158,NTL,1,northland-region
4060,Manawatu-Wanganui Region,158,MWT,1,manawatu-wanganui-region
4061,Waikato Region,158,WKO,1,waikato-region
4062,Otago Region,158,OTA,1,otago-region
4063,Marlborough Region,158,MBH,1,marlborough-region
4064,West Coast Region,158,WTC,1,west-coast-region
4065,Wellington Region,158,WGN,1,wellington-region
4066,Canterbury Region,158,CAN,1,canterbury-region
4067,Chatham Islands,158,CIT,1,chatham-islands
4068,Gisborne District,158,GIS,1,gisborne-district
4069,Taranaki Region,158,TKI,1,taranaki-region
4070,Nelson Region,158,NSN,1,nelson-region
4071,Southland Region,158,STL,1,southland-region
4072,Auckland Region,158,AUK,1,auckland-region
4073,Tasman District,158,TAS,1,tasman-district
4074,Bay of Plenty Region,158,BOP,1,bay-of-plenty-region
4075,Hawke's Bay Region,158,HKB,1,hawke-s-bay-region
4076,Saint John Parish,61,5,1,saint-john-parish1
4077,Saint Mark Parish,61,8,1,saint-mark-parish1
4078,Saint David Parish,61,3,1,saint-david-parish1
4079,Saint George Parish,61,4,1,saint-george-parish1
4080,Saint Patrick Parish,61,9,1,saint-patrick-parish1
4081,Saint Peter Parish,61,11,1,saint-peter-parish1
4082,Saint Andrew Parish,61,2,1,saint-andrew-parish1
4083,Saint Luke Parish,61,7,1,saint-luke-parish
4084,Saint Paul Parish,61,10,1,saint-paul-parish1
4085,Saint Joseph Parish,61,6,1,saint-joseph-parish
4086,El Seibo Province,62,8,1,el-seibo-province
4087,La Romana Province,62,12,1,la-romana-province
4088,Sánchez Ramírez Province,62,24,1,s-nchez-ram-rez-province
4089,Hermanas Mirabal Province,62,19,1,hermanas-mirabal-province
4090,Barahona Province,62,4,1,barahona-province
4091,San Cristóbal Province,62,21,1,san-crist-bal-province
4092,Puerto Plata Province,62,18,1,puerto-plata-province
4093,Santo Domingo Province,62,32,1,santo-domingo-province
4094,María Trinidad Sánchez Province,62,14,1,mar-a-trinidad-s-nchez-province
4095,Distrito Nacional,62,1,1,distrito-nacional
4096,Peravia Province,62,17,1,peravia-province
4097,Independencia,62,10,1,independencia
4098,San Juan Province,62,22,1,san-juan-province
4099,Monseñor Nouel Province,62,28,1,monse-or-nouel-province
4100,Santiago Rodríguez Province,62,26,1,santiago-rodr-guez-province
4101,Pedernales Province,62,16,1,pedernales-province
4102,Espaillat Province,62,9,1,espaillat-province
4103,Samaná Province,62,20,1,saman-province
4104,Valverde Province,62,27,1,valverde-province
4105,Baoruco Province,62,3,1,baoruco-province
4106,Hato Mayor Province,62,30,1,hato-mayor-province
4107,Dajabón Province,62,5,1,dajab-n-province
4108,Santiago Province,62,25,1,santiago-province
4109,La Altagracia Province,62,11,1,la-altagracia-province
4110,San Pedro de Macorís,62,23,1,san-pedro-de-macor-s
4111,Monte Plata Province,62,29,1,monte-plata-province
4112,San José de Ocoa Province,62,31,1,san-jos-de-ocoa-province
4113,Duarte Province,62,6,1,duarte-province
4114,Azua Province,62,2,1,azua-province
4115,Monte Cristi Province,62,15,1,monte-cristi-province
4116,La Vega Province,62,13,1,la-vega-province
4117,Nord,95,ND,1,nord
4118,Nippes,95,NI,1,nippes
4119,Grand'Anse,95,GA,1,grand-anse
4120,Ouest,95,OU,1,ouest
4121,Nord-Est,95,NE,1,nord-est
4122,Sud,95,SD,1,sud
4123,Artibonite,95,AR,1,artibonite
4124,Sud-Est,95,SE,1,sud-est
4125,Centre,95,CE,1,centre1
4126,Nord-Ouest,95,NO,1,nord-ouest
4127,San Vicente Department,66,SV,1,san-vicente-department
4128,Santa Ana Department,66,SA,1,santa-ana-department
4129,Usulután Department,66,US,1,usulut-n-department
4130,Morazán Department,66,MO,1,moraz-n-department
4131,Chalatenango Department,66,CH,1,chalatenango-department
4132,Cabañas Department,66,CA,1,caba-as-department
4133,San Salvador Department,66,SS,1,san-salvador-department
4134,La Libertad Department,66,LI,1,la-libertad-department
4135,San Miguel Department,66,SM,1,san-miguel-department
4136,La Paz Department,66,PA,1,la-paz-department1
4137,Cuscatlán Department,66,CU,1,cuscatl-n-department
4138,La Unión Department,66,UN,1,la-uni-n-department
4139,Ahuachapán Department,66,AH,1,ahuachap-n-department
4140,Sonsonate Department,66,SO,1,sonsonate-department
4141,Braslovče Municipality,201,151,1,braslov-e-municipality
4142,Lenart Municipality,201,58,1,lenart-municipality
4143,Oplotnica,201,171,1,oplotnica
4144,Velike Lašče Municipality,201,134,1,velike-la-e-municipality
4145,Hajdina Municipality,201,159,1,hajdina-municipality
4146,Podčetrtek Municipality,201,92,1,pod-etrtek-municipality
4147,Cankova Municipality,201,152,1,cankova-municipality
4148,Vitanje Municipality,201,137,1,vitanje-municipality
4149,Sežana Municipality,201,111,1,se-ana-municipality
4150,Kidričevo Municipality,201,45,1,kidri-evo-municipality
4151,Črenšovci Municipality,201,15,1,ren-ovci-municipality
4152,Idrija Municipality,201,36,1,idrija-municipality
4153,Trnovska Vas Municipality,201,185,1,trnovska-vas-municipality
4154,Vodice Municipality,201,138,1,vodice-municipality
4155,Ravne na Koroškem Municipality,201,103,1,ravne-na-koro-kem-municipality
4156,Lovrenc na Pohorju Municipality,201,167,1,lovrenc-na-pohorju-municipality
4157,Majšperk Municipality,201,69,1,maj-perk-municipality
4158,Loški Potok Municipality,201,66,1,lo-ki-potok-municipality
4159,Domžale Municipality,201,23,1,dom-ale-municipality
4160,Rečica ob Savinji Municipality,201,209,1,re-ica-ob-savinji-municipality
4161,Podlehnik Municipality,201,172,1,podlehnik-municipality
4162,Cerknica Municipality,201,13,1,cerknica-municipality
4163,Vransko Municipality,201,189,1,vransko-municipality
4164,Sveta Ana Municipality,201,181,1,sveta-ana-municipality
4165,Brezovica Municipality,201,8,1,brezovica-municipality
4166,Benedikt Municipality,201,148,1,benedikt-municipality
4167,Divača Municipality,201,19,1,diva-a-municipality
4168,Moravče Municipality,201,77,1,morav-e-municipality
4169,Slovenj Gradec City Municipality,201,112,1,slovenj-gradec-city-municipality
4170,Škocjan Municipality,201,121,1,kocjan-municipality
4171,Šentjur Municipality,201,120,1,entjur-municipality
4172,Pesnica Municipality,201,89,1,pesnica-municipality
4173,Dol pri Ljubljani Municipality,201,22,1,dol-pri-ljubljani-municipality
4174,Loška Dolina Municipality,201,65,1,lo-ka-dolina-municipality
4175,Hoče–Slivnica Municipality,201,160,1,ho-e-slivnica-municipality
4176,Cerkvenjak Municipality,201,153,1,cerkvenjak-municipality
4177,Naklo Municipality,201,82,1,naklo-municipality
4178,Cerkno Municipality,201,14,1,cerkno-municipality
4179,Bistrica ob Sotli Municipality,201,149,1,bistrica-ob-sotli-municipality
4180,Kamnik Municipality,201,43,1,kamnik-municipality
4181,Bovec Municipality,201,6,1,bovec-municipality
4182,Zavrč Municipality,201,143,1,zavr-municipality
4183,Ajdovščina Municipality,201,1,1,ajdov-ina-municipality
4184,Pivka Municipality,201,91,1,pivka-municipality
4185,Štore Municipality,201,127,1,tore-municipality
4186,Kozje Municipality,201,51,1,kozje-municipality
4187,Municipality of Škofljica,201,123,1,municipality-of-kofljica
4188,Prebold Municipality,201,174,1,prebold-municipality
4189,Dobrovnik Municipality,201,156,1,dobrovnik-municipality
4190,Mozirje Municipality,201,79,1,mozirje-municipality
4191,City Municipality of Celje,201,11,1,city-municipality-of-celje
4192,Žiri Municipality,201,147,1,iri-municipality
4193,Horjul Municipality,201,162,1,horjul-municipality
4194,Tabor Municipality,201,184,1,tabor-municipality
4195,Radeče Municipality,201,99,1,rade-e-municipality
4196,Vipava Municipality,201,136,1,vipava-municipality
4197,Kungota,201,55,1,kungota
4198,Slovenske Konjice Municipality,201,114,1,slovenske-konjice-municipality
4199,Osilnica Municipality,201,88,1,osilnica-municipality
4200,Borovnica Municipality,201,5,1,borovnica-municipality
4201,Piran Municipality,201,90,1,piran-municipality
4202,Bled Municipality,201,3,1,bled-municipality
4203,Jezersko Municipality,201,163,1,jezersko-municipality
4204,Rače–Fram Municipality,201,98,1,ra-e-fram-municipality
4205,Nova Gorica City Municipality,201,84,1,nova-gorica-city-municipality
4206,Razkrižje Municipality,201,176,1,razkri-je-municipality
4207,Ribnica na Pohorju Municipality,201,177,1,ribnica-na-pohorju-municipality
4208,Muta Municipality,201,81,1,muta-municipality
4209,Rogatec Municipality,201,107,1,rogatec-municipality
4210,Gorišnica Municipality,201,28,1,gori-nica-municipality
4211,Kuzma Municipality,201,56,1,kuzma-municipality
4212,Mislinja Municipality,201,76,1,mislinja-municipality
4213,Duplek Municipality,201,26,1,duplek-municipality
4214,Trebnje Municipality,201,130,1,trebnje-municipality
4215,Brežice Municipality,201,9,1,bre-ice-municipality
4216,Dobrepolje Municipality,201,20,1,dobrepolje-municipality
4217,Grad Municipality,201,158,1,grad-municipality
4218,Moravske Toplice Municipality,201,78,1,moravske-toplice-municipality
4219,Luče Municipality,201,67,1,lu-e-municipality
4220,Miren–Kostanjevica Municipality,201,75,1,miren-kostanjevica-municipality
4221,Ormož Municipality,201,87,1,ormo-municipality
4222,Šalovci Municipality,201,33,1,alovci-municipality
4223,Miklavž na Dravskem Polju Municipality,201,169,1,miklav-na-dravskem-polju-municipality
4224,Makole Municipality,201,198,1,makole-municipality
4225,Lendava Municipality,201,59,1,lendava-municipality
4226,Vuzenica Municipality,201,141,1,vuzenica-municipality
4227,Kanal ob Soči Municipality,201,44,1,kanal-ob-so-i-municipality
4228,Ptuj City Municipality,201,96,1,ptuj-city-municipality
4229,Sveti Andraž v Slovenskih Goricah Municipality,201,182,1,sveti-andra-v-slovenskih-goricah-municipality
4230,Selnica ob Dravi Municipality,201,178,1,selnica-ob-dravi-municipality
4231,Radovljica Municipality,201,102,1,radovljica-municipality
4232,Črna na Koroškem Municipality,201,16,1,rna-na-koro-kem-municipality
4233,Rogaška Slatina Municipality,201,106,1,roga-ka-slatina-municipality
4234,Podvelka Municipality,201,93,1,podvelka-municipality
4235,Ribnica Municipality,201,104,1,ribnica-municipality
4236,City Municipality of Novo Mesto,201,85,1,city-municipality-of-novo-mesto
4237,Mirna Peč Municipality,201,170,1,mirna-pe-municipality
4238,Križevci Municipality,201,166,1,kri-evci-municipality
4239,Poljčane Municipality,201,200,1,polj-ane-municipality
4240,Brda Municipality,201,7,1,brda-municipality
4241,Šentjernej Municipality,201,119,1,entjernej-municipality
4242,Maribor City Municipality,201,70,1,maribor-city-municipality
4243,Kobarid Municipality,201,46,1,kobarid-municipality
4244,Markovci Municipality,201,168,1,markovci-municipality
4245,Vojnik Municipality,201,139,1,vojnik-municipality
4246,Trbovlje Municipality,201,129,1,trbovlje-municipality
4247,Tolmin Municipality,201,128,1,tolmin-municipality
4248,Šoštanj Municipality,201,126,1,o-tanj-municipality
4249,Žetale Municipality,201,191,1,etale-municipality
4250,Tržič Municipality,201,131,1,tr-i-municipality
4251,Turnišče Municipality,201,132,1,turni-e-municipality
4252,Dobrna Municipality,201,155,1,dobrna-municipality
4253,Renče–Vogrsko Municipality,201,201,1,ren-e-vogrsko-municipality
4254,Kostanjevica na Krki Municipality,201,197,1,kostanjevica-na-krki-municipality
4255,Sveti Jurij ob Ščavnici Municipality,201,116,1,sveti-jurij-ob-avnici-municipality
4256,Železniki Municipality,201,146,1,elezniki-municipality
4257,Veržej Municipality,201,188,1,ver-ej-municipality
4258,Žalec Municipality,201,190,1,alec-municipality
4259,Starše Municipality,201,115,1,star-e-municipality
4260,Sveta Trojica v Slovenskih Goricah Municipality,201,204,1,sveta-trojica-v-slovenskih-goricah-municipality
4261,Solčava Municipality,201,180,1,sol-ava-municipality
4262,Vrhnika Municipality,201,140,1,vrhnika-municipality
4263,Središče ob Dravi,201,202,1,sredi-e-ob-dravi
4264,Rogašovci Municipality,201,105,1,roga-ovci-municipality
4265,Mežica Municipality,201,74,1,me-ica-municipality
4266,Juršinci Municipality,201,42,1,jur-inci-municipality
4267,Velika Polana Municipality,201,187,1,velika-polana-municipality
4268,Sevnica Municipality,201,110,1,sevnica-municipality
4269,Zagorje ob Savi Municipality,201,142,1,zagorje-ob-savi-municipality
4270,Ljubljana City Municipality,201,61,1,ljubljana-city-municipality
4271,Gornji Petrovci Municipality,201,31,1,gornji-petrovci-municipality
4272,Polzela Municipality,201,173,1,polzela-municipality
4273,Sveti Tomaž Municipality,201,205,1,sveti-toma-municipality
4274,Prevalje Municipality,201,175,1,prevalje-municipality
4275,Radlje ob Dravi Municipality,201,101,1,radlje-ob-dravi-municipality
4276,Žirovnica Municipality,201,192,1,irovnica-municipality
4277,Sodražica Municipality,201,179,1,sodra-ica-municipality
4278,Bloke Municipality,201,150,1,bloke-municipality
4279,Šmartno pri Litiji Municipality,201,194,1,martno-pri-litiji-municipality
4280,Ruše Municipality,201,108,1,ru-e-municipality
4281,Dolenjske Toplice Municipality,201,157,1,dolenjske-toplice-municipality
4282,Bohinj Municipality,201,4,1,bohinj-municipality
4283,Komenda Municipality,201,164,1,komenda-municipality
4284,Gorje Municipality,201,207,1,gorje-municipality
4285,Šmarje pri Jelšah Municipality,201,124,1,marje-pri-jel-ah-municipality
4286,Ig Municipality,201,37,1,ig-municipality
4287,Kranj City Municipality,201,52,1,kranj-city-municipality
4288,Puconci Municipality,201,97,1,puconci-municipality
4289,Šmarješke Toplice Municipality,201,206,1,marje-ke-toplice-municipality
4290,Dornava Municipality,201,24,1,dornava-municipality
4291,Črnomelj Municipality,201,17,1,rnomelj-municipality
4292,Radenci Municipality,201,100,1,radenci-municipality
4293,Gorenja Vas–Poljane Municipality,201,27,1,gorenja-vas-poljane-municipality
4294,Ljubno Municipality,201,62,1,ljubno-municipality
4295,Dobje Municipality,201,154,1,dobje-municipality
4296,Šmartno ob Paki Municipality,201,125,1,martno-ob-paki-municipality
4297,Mokronog–Trebelno Municipality,201,199,1,mokronog-trebelno-municipality
4298,Mirna Municipality,201,212,1,mirna-municipality
4299,Šenčur Municipality,201,117,1,en-ur-municipality
4300,Videm Municipality,201,135,1,videm-municipality
4301,Beltinci Municipality,201,2,1,beltinci-municipality
4302,Lukovica Municipality,201,68,1,lukovica-municipality
4303,Preddvor Municipality,201,95,1,preddvor-municipality
4304,Destrnik Municipality,201,18,1,destrnik-municipality
4305,Ivančna Gorica Municipality,201,39,1,ivan-na-gorica-municipality
4306,Log–Dragomer Municipality,201,208,1,log-dragomer-municipality
4307,Žužemberk Municipality,201,193,1,u-emberk-municipality
4308,Dobrova–Polhov Gradec Municipality,201,21,1,dobrova-polhov-gradec-municipality
4309,Municipality of Cirkulane,201,196,1,municipality-of-cirkulane
4310,Cerklje na Gorenjskem Municipality,201,12,1,cerklje-na-gorenjskem-municipality
4311,Šentrupert Municipality,201,211,1,entrupert-municipality
4312,Tišina Municipality,201,10,1,ti-ina-municipality
4313,Murska Sobota City Municipality,201,80,1,murska-sobota-city-municipality
4314,Municipality of Krško,201,54,1,municipality-of-kr-ko
4315,Komen Municipality,201,49,1,komen-municipality
4316,Škofja Loka Municipality,201,122,1,kofja-loka-municipality
4317,Šempeter–Vrtojba Municipality,201,183,1,empeter-vrtojba-municipality
4318,Municipality of Apače,201,195,1,municipality-of-apa-e
4319,Koper City Municipality,201,50,1,koper-city-municipality
4320,Odranci Municipality,201,86,1,odranci-municipality
4321,Hrpelje–Kozina Municipality,201,35,1,hrpelje-kozina-municipality
4322,Izola Municipality,201,40,1,izola-municipality
4323,Metlika Municipality,201,73,1,metlika-municipality
4324,Šentilj Municipality,201,118,1,entilj-municipality
4325,Kobilje Municipality,201,47,1,kobilje-municipality
4326,Ankaran Municipality,201,213,1,ankaran-municipality
4327,Hodoš Municipality,201,161,1,hodo-municipality
4328,Sveti Jurij v Slovenskih Goricah Municipality,201,210,1,sveti-jurij-v-slovenskih-goricah-municipality
4329,Nazarje Municipality,201,83,1,nazarje-municipality
4330,Postojna Municipality,201,94,1,postojna-municipality
4331,Kostel Municipality,201,165,1,kostel-municipality
4332,Slovenska Bistrica Municipality,201,113,1,slovenska-bistrica-municipality
4333,Straža Municipality,201,203,1,stra-a-municipality
4334,Trzin Municipality,201,186,1,trzin-municipality
4335,Kočevje Municipality,201,48,1,ko-evje-municipality
4336,Grosuplje Municipality,201,32,1,grosuplje-municipality
4337,Jesenice Municipality,201,41,1,jesenice-municipality
4338,Laško Municipality,201,57,1,la-ko-municipality
4339,Gornji Grad Municipality,201,30,1,gornji-grad-municipality
4340,Kranjska Gora Municipality,201,53,1,kranjska-gora-municipality
4341,Hrastnik Municipality,201,34,1,hrastnik-municipality
4342,Zreče Municipality,201,144,1,zre-e-municipality
4343,Gornja Radgona Municipality,201,29,1,gornja-radgona-municipality
4344,Municipality of Ilirska Bistrica,201,38,1,municipality-of-ilirska-bistrica
4345,Dravograd Municipality,201,25,1,dravograd-municipality
4346,Semič Municipality,201,109,1,semi-municipality
4347,Litija Municipality,201,60,1,litija-municipality
4348,Mengeš Municipality,201,72,1,menge-municipality
4349,Medvode Municipality,201,71,1,medvode-municipality
4350,Logatec Municipality,201,64,1,logatec-municipality
4351,Ljutomer Municipality,201,63,1,ljutomer-municipality
4352,Banská Bystrica Region,200,BC,1,bansk-bystrica-region
4353,Košice Region,200,KI,1,ko-ice-region
4354,Prešov Region,200,PV,1,pre-ov-region
4355,Trnava Region,200,TA,1,trnava-region
4356,Bratislava Region,200,BL,1,bratislava-region
4357,Nitra Region,200,NI,1,nitra-region
4358,Trenčín Region,200,TC,1,tren-n-region
4359,Žilina Region,200,ZI,1,ilina-region
4360,Cimișlia District,144,CM,1,cimi-lia-district
4361,Orhei District,144,OR,1,orhei-district
4362,Bender Municipality,144,BD,1,bender-municipality
4363,Nisporeni District,144,NI,1,nisporeni-district
4364,Sîngerei District,144,SI,1,s-ngerei-district
4365,Căușeni District,144,CS,1,c-u-eni-district
4366,Călărași District,144,CL,1,c-l-ra-i-district
4367,Glodeni District,144,GL,1,glodeni-district
4368,Anenii Noi District,144,AN,1,anenii-noi-district
4369,Ialoveni District,144,IA,1,ialoveni-district
4370,Florești District,144,FL,1,flore-ti-district
4371,Telenești District,144,TE,1,telene-ti-district
4372,Taraclia District,144,TA,1,taraclia-district
4373,Chișinău Municipality,144,CU,1,chi-in-u-municipality
4374,Soroca District,144,SO,1,soroca-district
4375,Briceni District,144,BR,1,briceni-district
4376,Rîșcani District,144,RI,1,r-cani-district
4377,Strășeni District,144,ST,1,str-eni-district
4378,Ștefan Vodă District,144,SV,1,tefan-vod-district
4379,Basarabeasca District,144,BS,1,basarabeasca-district
4380,Cantemir District,144,CT,1,cantemir-district
4381,Fălești District,144,FA,1,f-le-ti-district
4382,Hîncești District,144,HI,1,h-nce-ti-district
4383,Dubăsari District,144,DU,1,dub-sari-district
4384,Dondușeni District,144,DO,1,dondu-eni-district
4385,Gagauzia,144,GA,1,gagauzia
4386,Ungheni District,144,UN,1,ungheni-district
4387,Edineț District,144,ED,1,edine-district
4388,Șoldănești District,144,SD,1,old-ne-ti-district
4389,Ocnița District,144,OC,1,ocni-a-district
4390,Criuleni District,144,CR,1,criuleni-district
4391,Cahul District,144,CA,1,cahul-district
4392,Drochia District,144,DR,1,drochia-district
4393,Bălți Municipality,144,BA,1,b-l-i-municipality
4394,Rezina District,144,RE,1,rezina-district
4395,Transnistria autonomous territorial unit,144,SN,1,transnistria-autonomous-territorial-unit
4396,Salacgrīva Municipality,120,86,1,salacgr-va-municipality
4397,Vecumnieki Municipality,120,105,1,vecumnieki-municipality
4398,Naukšēni Municipality,120,64,1,nauk-ni-municipality
4399,Ilūkste Municipality,120,36,1,il-kste-municipality
4400,Gulbene Municipality,120,33,1,gulbene-municipality
4401,Līvāni Municipality,120,56,1,l-v-ni-municipality
4402,Salaspils Municipality,120,87,1,salaspils-municipality
4403,Ventspils Municipality,120,106,1,ventspils-municipality
4404,Rundāle Municipality,120,83,1,rund-le-municipality
4405,Pļaviņas Municipality,120,72,1,p-avi-as-municipality
4406,Vārkava Municipality,120,103,1,v-rkava-municipality
4407,Jaunpiebalga Municipality,120,39,1,jaunpiebalga-municipality
4408,Sēja Municipality,120,90,1,s-ja-municipality
4409,Tukums Municipality,120,99,1,tukums-municipality
4410,Cibla Municipality,120,23,1,cibla-municipality
4411,Burtnieki Municipality,120,19,1,burtnieki-municipality
4412,Ķegums Municipality,120,51,1,egums-municipality
4413,Krustpils Municipality,120,49,1,krustpils-municipality
4414,Cesvaine Municipality,120,21,1,cesvaine-municipality
4415,Skrīveri Municipality,120,92,1,skr-veri-municipality
4416,Ogre Municipality,120,67,1,ogre-municipality
4417,Olaine Municipality,120,68,1,olaine-municipality
4418,Limbaži Municipality,120,54,1,limba-i-municipality
4419,Lubāna Municipality,120,57,1,lub-na-municipality
4420,Kandava Municipality,120,43,1,kandava-municipality
4421,Ventspils,120,VEN,1,ventspils
4422,Krimulda Municipality,120,48,1,krimulda-municipality
4423,Rugāji Municipality,120,82,1,rug-ji-municipality
4424,Jelgava Municipality,120,41,1,jelgava-municipality
4425,Valka Municipality,120,101,1,valka-municipality
4426,Rūjiena Municipality,120,84,1,r-jiena-municipality
4427,Babīte Municipality,120,12,1,bab-te-municipality
4428,Dundaga Municipality,120,27,1,dundaga-municipality
4429,Priekule Municipality,120,74,1,priekule-municipality
4430,Zilupe Municipality,120,110,1,zilupe-municipality
4431,Varakļāni Municipality,120,102,1,varak-ni-municipality
4432,Nereta Municipality,120,65,1,nereta-municipality
4433,Madona Municipality,120,59,1,madona-municipality
4434,Sala Municipality,120,85,1,sala-municipality
4435,Ķekava Municipality,120,52,1,ekava-municipality
4436,Nīca Municipality,120,66,1,n-ca-municipality
4437,Dobele Municipality,120,26,1,dobele-municipality
4438,Jēkabpils Municipality,120,42,1,j-kabpils-municipality
4439,Saldus Municipality,120,88,1,saldus-municipality
4440,Roja Municipality,120,79,1,roja-municipality
4441,Iecava Municipality,120,34,1,iecava-municipality
4442,Ozolnieki Municipality,120,69,1,ozolnieki-municipality
4443,Saulkrasti Municipality,120,89,1,saulkrasti-municipality
4444,Ērgļi Municipality,120,30,1,rg-i-municipality
4445,Aglona Municipality,120,1,1,aglona-municipality
4446,Jūrmala,120,JUR,1,j-rmala
4447,Skrunda Municipality,120,93,1,skrunda-municipality
4448,Engure Municipality,120,29,1,engure-municipality
4449,Inčukalns Municipality,120,37,1,in-ukalns-municipality
4450,Mārupe Municipality,120,62,1,m-rupe-municipality
4451,Mērsrags Municipality,120,63,1,m-rsrags-municipality
4452,Koknese Municipality,120,46,1,koknese-municipality
4453,Kārsava Municipality,120,44,1,k-rsava-municipality
4454,Carnikava Municipality,120,20,1,carnikava-municipality
4455,Rēzekne Municipality,120,77,1,r-zekne-municipality
4456,Viesīte Municipality,120,107,1,vies-te-municipality
4457,Ape Municipality,120,9,1,ape-municipality
4458,Durbe Municipality,120,28,1,durbe-municipality
4459,Talsi Municipality,120,97,1,talsi-municipality
4460,Liepāja,120,LPX,1,liep-ja
4461,Mālpils Municipality,120,61,1,m-lpils-municipality
4462,Smiltene Municipality,120,94,1,smiltene-municipality
4463,Daugavpils,120,DGV,1,daugavpils
4464,Jēkabpils,120,JKB,1,j-kabpils
4465,Bauska Municipality,120,16,1,bauska-municipality
4466,Vecpiebalga Municipality,120,104,1,vecpiebalga-municipality
4467,Pāvilosta Municipality,120,71,1,p-vilosta-municipality
4468,Brocēni Municipality,120,18,1,broc-ni-municipality
4469,Cēsis Municipality,120,22,1,c-sis-municipality
4470,Grobiņa Municipality,120,32,1,grobi-a-municipality
4471,Beverīna Municipality,120,17,1,bever-na-municipality
4472,Aizkraukle Municipality,120,2,1,aizkraukle-municipality
4473,Valmiera,120,VMR,1,valmiera
4474,Krāslava Municipality,120,47,1,kr-slava-municipality
4475,Jaunjelgava Municipality,120,38,1,jaunjelgava-municipality
4476,Sigulda Municipality,120,91,1,sigulda-municipality
4477,Viļaka Municipality,120,108,1,vi-aka-municipality
4478,Stopiņi Municipality,120,95,1,stopi-i-municipality
4479,Rauna Municipality,120,76,1,rauna-municipality
4480,Tērvete Municipality,120,98,1,t-rvete-municipality
4481,Auce Municipality,120,10,1,auce-municipality
4482,Baldone Municipality,120,13,1,baldone-municipality
4483,Preiļi Municipality,120,73,1,prei-i-municipality
4484,Aloja Municipality,120,5,1,aloja-municipality
4485,Alsunga Municipality,120,6,1,alsunga-municipality
4486,Viļāni Municipality,120,109,1,vi-ni-municipality
4487,Alūksne Municipality,120,7,1,al-ksne-municipality
4488,Līgatne Municipality,120,55,1,l-gatne-municipality
4489,Jaunpils Municipality,120,40,1,jaunpils-municipality
4490,Kuldīga Municipality,120,50,1,kuld-ga-municipality
4491,Riga,120,RIX,1,riga
4492,Daugavpils Municipality,120,25,1,daugavpils-municipality
4493,Ropaži Municipality,120,80,1,ropa-i-municipality
4494,Strenči Municipality,120,96,1,stren-i-municipality
4495,Kocēni Municipality,120,45,1,koc-ni-municipality
4496,Aizpute Municipality,120,3,1,aizpute-municipality
4497,Amata Municipality,120,8,1,amata-municipality
4498,Baltinava Municipality,120,14,1,baltinava-municipality
4499,Aknīste Municipality,120,4,1,akn-ste-municipality
4500,Jelgava,120,JEL,1,jelgava
4501,Ludza Municipality,120,58,1,ludza-municipality
4502,Riebiņi Municipality,120,78,1,riebi-i-municipality
4503,Rucava Municipality,120,81,1,rucava-municipality
4504,Dagda Municipality,120,24,1,dagda-municipality
4505,Balvi Municipality,120,15,1,balvi-municipality
4506,Priekuļi Municipality,120,75,1,prieku-i-municipality
4507,Pārgauja Municipality,120,70,1,p-rgauja-municipality
4508,Vaiņode Municipality,120,100,1,vai-ode-municipality
4509,Rēzekne,120,REZ,1,r-zekne
4510,Garkalne Municipality,120,31,1,garkalne-municipality
4511,Ikšķile Municipality,120,35,1,ik-ile-municipality
4512,Lielvārde Municipality,120,53,1,lielv-rde-municipality
4513,Mazsalaca Municipality,120,60,1,mazsalaca-municipality
4514,Viqueque Municipality,63,VI,1,viqueque-municipality
4515,Liquiçá Municipality,63,LI,1,liqui-municipality
4516,Ermera District,63,ER,1,ermera-district
4517,Manatuto District,63,MT,1,manatuto-district
4518,Ainaro Municipality,63,AN,1,ainaro-municipality
4519,Manufahi Municipality,63,MF,1,manufahi-municipality
4520,Aileu municipality,63,AL,1,aileu-municipality
4521,Baucau Municipality,63,BA,1,baucau-municipality
4522,Cova Lima Municipality,63,CO,1,cova-lima-municipality
4523,Lautém Municipality,63,LA,1,laut-m-municipality
4524,Dili municipality,63,DI,1,dili-municipality
4525,Bobonaro Municipality,63,BO,1,bobonaro-municipality
4526,Peleliu,168,350,1,peleliu
4527,Ngardmau,168,222,1,ngardmau
4528,Airai,168,4,1,airai
4529,Hatohobei,168,50,1,hatohobei
4530,Melekeok,168,212,1,melekeok
4531,Ngatpang,168,224,1,ngatpang
4532,Koror,168,150,1,koror
4533,Ngarchelong,168,218,1,ngarchelong
4534,Ngiwal,168,228,1,ngiwal
4535,Sonsorol,168,370,1,sonsorol
4536,Ngchesar,168,226,1,ngchesar
4537,Ngaraard,168,214,1,ngaraard
4538,Angaur,168,10,1,angaur
4539,Kayangel,168,100,1,kayangel
4540,Aimeliik,168,2,1,aimeliik
4541,Ngeremlengui,168,227,1,ngeremlengui
4542,Břeclav,58,644,1,b-eclav
4543,Český Krumlov,58,312,1,esk-krumlov
4544,Plzeň-město,58,323,1,plze-m-sto
4545,Brno-venkov,58,643,1,brno-venkov
4546,Příbram,58,20B,1,p-bram
4547,Pardubice,58,532,1,pardubice
4548,Nový Jičín,58,804,1,nov-ji-n
4550,Náchod,58,523,1,n-chod
4551,Prostějov,58,713,1,prost-jov
4552,Zlínský kraj,58,72,1,zl-nsk-kraj
4553,Chomutov,58,422,1,chomutov
4554,Středočeský kraj,58,20,1,st-edo-esk-kraj
4556,České Budějovice,58,311,1,esk-bud-jovice
4558,Rakovník,58,20C,1,rakovn-k
4559,Frýdek-Místek,58,802,1,fr-dek-m-stek
4560,Písek,58,314,1,p-sek
4561,Hodonín,58,645,1,hodon-n
4563,Zlín,58,724,1,zl-n
4564,Plzeň-sever,58,325,1,plze-sever
4565,Tábor,58,317,1,t-bor
4568,Brno-město,58,642,1,brno-m-sto
4571,Svitavy,58,533,1,svitavy
4572,Vsetín,58,723,1,vset-n
4573,Cheb,58,411,1,cheb
4574,Olomouc,58,712,1,olomouc
4575,Kraj Vysočina,58,63,1,kraj-vyso-ina
4576,Ústecký kraj,58,42,1,steck-kraj
4578,Prachatice,58,315,1,prachatice
4579,Trutnov,58,525,1,trutnov
4580,Hradec Králové,58,521,1,hradec-kr-lov
4581,Karlovarský kraj,58,41,1,karlovarsk-kraj
4582,Nymburk,58,208,1,nymburk
4583,Rokycany,58,326,1,rokycany
4584,Ostrava-město,58,806,1,ostrava-m-sto
4586,Karviná,58,803,1,karvin
4588,Pardubický kraj,58,53,1,pardubick-kraj
4589,Olomoucký kraj,58,71,1,olomouck-kraj
4590,Liberec,58,513,1,liberec
4591,Klatovy,58,322,1,klatovy
4592,Uherské Hradiště,58,722,1,uhersk-hradi-t
4593,Kroměříž,58,721,1,krom
4595,Sokolov,58,413,1,sokolov
4596,Semily,58,514,1,semily
4597,Třebíč,58,634,1,t-eb
4598,"Praha, Hlavní město",58,10,1,praha-hlavn-m-sto
4599,Ústí nad Labem,58,427,1,st-nad-labem
4600,Moravskoslezský kraj,58,80,1,moravskoslezsk-kraj
4601,Liberecký kraj,58,51,1,libereck-kraj
4602,Jihomoravský kraj,58,64,1,jihomoravsk-kraj
4604,Karlovy Vary,58,412,1,karlovy-vary
4605,Litoměřice,58,423,1,litom-ice
4606,Praha-východ,58,209,1,praha-v-chod
4607,Plzeňský kraj,58,32,1,plze-sk-kraj
4608,Plzeň-jih,58,324,1,plze-jih
4609,Děčín,58,421,1,d-n
4611,Havlíčkův Brod,58,631,1,havl-k-v-brod
4612,Jablonec nad Nisou,58,512,1,jablonec-nad-nisou
4613,Jihlava,58,632,1,jihlava
4614,Královéhradecký kraj,58,52,1,kr-lov-hradeck-kraj
4615,Blansko,58,641,1,blansko
4617,Louny,58,424,1,louny
4618,Kolín,58,204,1,kol-n
4619,Praha-západ,58,20A,1,praha-z-pad
4620,Beroun,58,202,1,beroun
4621,Teplice,58,426,1,teplice
4622,Vyškov,58,646,1,vy-kov
4623,Opava,58,805,1,opava
4624,Jindřichův Hradec,58,313,1,jind-ich-v-hradec
4625,Jeseník,58,711,1,jesen-k
4626,Přerov,58,714,1,p-erov
4627,Benešov,58,201,1,bene-ov
4628,Strakonice,58,316,1,strakonice
4629,Most,58,425,1,most
4630,Znojmo,58,647,1,znojmo
4631,Kladno,58,203,1,kladno
4633,Česká Lípa,58,511,1,esk-l-pa
4634,Chrudim,58,531,1,chrudim
4636,Rychnov nad Kněžnou,58,524,1,rychnov-nad-kn-nou
4638,Mělník,58,206,1,m-ln-k
4639,Jihočeský kraj,58,31,1,jiho-esk-kraj
4640,Jičín,58,522,1,ji-n
4641,Domažlice,58,321,1,doma-lice
4642,Šumperk,58,715,1,umperk
4643,Mladá Boleslav,58,207,1,mlad-boleslav
4644,Bruntál,58,801,1,brunt-l
4645,Pelhřimov,58,633,1,pelh-imov
4646,Tachov,58,327,1,tachov
4647,Ústí nad Orlicí,58,534,1,st-nad-orlic
4648,Žďár nad Sázavou,58,635,1,r-nad-s-zavou
4649,North East,199,2,1,north-east
4650,South East,199,4,1,south-east
4651,Central Singapore,199,1,1,central-singapore
4652,South West,199,5,1,south-west
4653,North West,199,3,1,north-west1
4654,Ewa District,153,9,1,ewa-district
4655,Uaboe District,153,13,1,uaboe-district
4656,Aiwo District,153,1,1,aiwo-district
4657,Meneng District,153,11,1,meneng-district
4658,Anabar District,153,2,1,anabar-district
4659,Nibok District,153,12,1,nibok-district
4660,Baiti District,153,5,1,baiti-district
4661,Ijuw District,153,10,1,ijuw-district
4662,Buada District,153,7,1,buada-district
4663,Anibare District,153,4,1,anibare-district
4664,Yaren District,153,14,1,yaren-district
4665,Boe District,153,6,1,boe-district
4666,Denigomodu District,153,8,1,denigomodu-district
4667,Anetan District,153,3,1,anetan-district
4668,Zhytomyrska oblast,230,18,1,zhytomyrska-oblast
4669,Vinnytska oblast,230,5,1,vinnytska-oblast
4670,Zakarpatska Oblast,230,21,1,zakarpatska-oblast
4671,Kyivska oblast,230,32,1,kyivska-oblast
4672,Lvivska oblast,230,46,1,lvivska-oblast
4673,Luhanska oblast,230,9,1,luhanska-oblast
4674,Ternopilska oblast,230,61,1,ternopilska-oblast
4675,Dnipropetrovska oblast,230,12,1,dnipropetrovska-oblast
4676,Kyiv,230,30,1,kyiv
4677,Kirovohradska oblast,230,35,1,kirovohradska-oblast
4678,Chernivetska oblast,230,77,1,chernivetska-oblast
4679,Mykolaivska oblast,230,48,1,mykolaivska-oblast
4680,Cherkaska oblast,230,71,1,cherkaska-oblast
4681,Khmelnytska oblast,230,68,1,khmelnytska-oblast
4682,Ivano-Frankivska oblast,230,26,1,ivano-frankivska-oblast
4683,Rivnenska oblast,230,56,1,rivnenska-oblast
4684,Khersonska oblast,230,65,1,khersonska-oblast
4685,Sumska oblast,230,59,1,sumska-oblast
4686,Kharkivska oblast,230,63,1,kharkivska-oblast
4687,Zaporizka oblast,230,23,1,zaporizka-oblast
4688,Odeska oblast,230,51,1,odeska-oblast
4689,Autonomous Republic of Crimea,230,43,1,autonomous-republic-of-crimea
4690,Volynska oblast,230,7,1,volynska-oblast
4691,Donetska oblast,230,14,1,donetska-oblast
4692,Chernihivska oblast,230,74,1,chernihivska-oblast
4693,Gabrovo Province,34,7,1,gabrovo-province
4694,Smolyan Province,34,21,1,smolyan-province
4695,Pernik Province,34,14,1,pernik-province
4696,Montana Province,34,12,1,montana-province
4697,Vidin Province,34,5,1,vidin-province
4698,Razgrad Province,34,17,1,razgrad-province
4699,Blagoevgrad Province,34,1,1,blagoevgrad-province
4700,Sliven Province,34,20,1,sliven-province
4701,Plovdiv Province,34,16,1,plovdiv-province
4702,Kardzhali Province,34,9,1,kardzhali-province
4703,Kyustendil Province,34,10,1,kyustendil-province
4704,Haskovo Province,34,26,1,haskovo-province
4705,Sofia City Province,34,22,1,sofia-city-province
4706,Pleven Province,34,15,1,pleven-province
4707,Stara Zagora Province,34,24,1,stara-zagora-province
4708,Silistra Province,34,19,1,silistra-province
4709,Veliko Tarnovo Province,34,4,1,veliko-tarnovo-province
4710,Lovech Province,34,11,1,lovech-province
4711,Vratsa Province,34,6,1,vratsa-province
4712,Pazardzhik Province,34,13,1,pazardzhik-province
4713,Ruse Province,34,18,1,ruse-province
4714,Targovishte Province,34,25,1,targovishte-province
4715,Burgas Province,34,2,1,burgas-province
4716,Yambol Province,34,28,1,yambol-province
4717,Varna Province,34,3,1,varna-province
4718,Dobrich Province,34,8,1,dobrich-province
4719,Sofia Province,34,23,1,sofia-province
4720,Suceava County,181,SV,1,suceava-county
4721,Hunedoara County,181,HD,1,hunedoara-county
4722,Arges,181,AG,1,arges
4723,Bihor County,181,BH,1,bihor-county
4724,Alba,181,AB,1,alba
4725,Ilfov County,181,IF,1,ilfov-county
4726,Giurgiu County,181,GR,1,giurgiu-county
4727,Tulcea County,181,TL,1,tulcea-county
4728,Teleorman County,181,TR,1,teleorman-county
4729,Prahova County,181,PH,1,prahova-county
4730,Bucharest,181,B,1,bucharest
4731,Neamț County,181,NT,1,neam-county
4732,Călărași County,181,CL,1,c-l-ra-i-county
4733,Bistrița-Năsăud County,181,BN,1,bistri-a-n-s-ud-county
4734,Cluj County,181,CJ,1,cluj-county
4735,Iași County,181,IS,1,ia-i-county
4736,Braila,181,BR,1,braila
4737,Constanța County,181,CT,1,constan-a-county
4738,Olt County,181,OT,1,olt-county
4739,Arad County,181,AR,1,arad-county
4740,Botoșani County,181,BT,1,boto-ani-county
4741,Sălaj County,181,SJ,1,s-laj-county
4742,Dolj County,181,DJ,1,dolj-county
4743,Ialomița County,181,IL,1,ialomi-a-county
4744,Bacău County,181,BC,1,bac-u-county
4745,Dâmbovița County,181,DB,1,d-mbovi-a-county
4746,Satu Mare County,181,SM,1,satu-mare-county
4747,Galați County,181,GL,1,gala-i-county
4748,Timiș County,181,TM,1,timi-county
4749,Harghita County,181,HR,1,harghita-county
4750,Gorj County,181,GJ,1,gorj-county
4751,Mehedinți County,181,MH,1,mehedin-i-county
4752,Vaslui County,181,VS,1,vaslui-county
4753,Caraș-Severin County,181,CS,1,cara-severin-county
4754,Covasna County,181,CV,1,covasna-county
4755,Sibiu County,181,SB,1,sibiu-county
4756,Buzău County,181,BZ,1,buz-u-county
4757,Vâlcea County,181,VL,1,v-lcea-county
4758,Vrancea County,181,VN,1,vrancea-county
4759,Brașov County,181,BV,1,bra-ov-county
4760,Maramureș County,181,MM,1,maramure-county
4761,Aiga-i-le-Tai,191,AL,1,aiga-i-le-tai
4762,Satupa'itea,191,SA,1,satupa-itea
4763,A'ana,191,AA,1,a-ana
4764,Fa'asaleleaga,191,FA,1,fa-asaleleaga
4765,Atua,191,AT,1,atua
4766,Vaisigano,191,VS,1,vaisigano
4767,Palauli,191,PA,1,palauli
4768,Va'a-o-Fonoti,191,VF,1,va-a-o-fonoti
4769,Gaga'emauga,191,GE,1,gaga-emauga
4770,Tuamasaga,191,TU,1,tuamasaga
4771,Gaga'ifomauga,191,GI,1,gaga-ifomauga
4772,Torba,237,TOB,1,torba
4773,Penama,237,PAM,1,penama
4774,Shefa,237,SEE,1,shefa
4775,Malampa,237,MAP,1,malampa
4776,Sanma,237,SAM,1,sanma
4777,Tafea,237,TAE,1,tafea
4778,Honiara,202,CT,1,honiara
4779,Temotu Province,202,TE,1,temotu-province
4780,Isabel Province,202,IS,1,isabel-province
4781,Choiseul Province,202,CH,1,choiseul-province
4782,Makira-Ulawa Province,202,MK,1,makira-ulawa-province
4783,Malaita Province,202,ML,1,malaita-province
4784,Central Province,202,CE,1,central-province1
4785,Guadalcanal Province,202,GU,1,guadalcanal-province
4786,Western Province,202,WE,1,western-province1
4787,Rennell and Bellona Province,202,RB,1,rennell-and-bellona-province
4794,Saint-Barthélemy,75,BL,1,saint-barth-lemy
4795,Nouvelle-Aquitaine,75,NAQ,1,nouvelle-aquitaine
4796,Île-de-France,75,IDF,1,le-de-france
4797,Mayotte,75,976,1,mayotte
4798,Auvergne-Rhône-Alpes,75,ARA,1,auvergne-rh-ne-alpes
4799,Occitanie,75,OCC,1,occitanie
4802,Pays-de-la-Loire,75,PDL,1,pays-de-la-loire
4804,Normandie,75,NOR,1,normandie
4806,Corse,75,20R,1,corse
4807,Bretagne,75,BRE,1,bretagne
4809,Saint-Martin,75,MF,1,saint-martin
4810,Wallis and Futuna,75,WF,1,wallis-and-futuna
4811,Alsace,75,6AE,1,alsace
4812,Provence-Alpes-Côte-d’Azur,75,PAC,1,provence-alpes-c-te-d-azur
4816,Paris,75,75C,1,paris
4818,Centre-Val de Loire,75,CVL,1,centre-val-de-loire
4820,Grand-Est,75,GES,1,grand-est
4821,Saint Pierre and Miquelon,75,PM,1,saint-pierre-and-miquelon
4822,French Guiana,75,973,1,french-guiana
4823,La Réunion,75,974,1,la-r-union
4824,French Polynesia,75,PF,1,french-polynesia
4825,Bourgogne-Franche-Comté,75,BFC,1,bourgogne-franche-comt
4827,Martinique,75,972,1,martinique
4828,Hauts-de-France,75,HDF,1,hauts-de-france
4829,Guadeloupe,75,971,1,guadeloupe
4830,West New Britain Province,171,WBK,1,west-new-britain-province
4831,Bougainville,171,NSB,1,bougainville
4832,Jiwaka Province,171,JWK,1,jiwaka-province
4833,Hela,171,HLA,1,hela
4834,East New Britain,171,EBR,1,east-new-britain
4835,Morobe Province,171,MPL,1,morobe-province
4836,Sandaun Province,171,SAN,1,sandaun-province
4837,Port Moresby,171,NCD,1,port-moresby
4838,Oro Province,171,NPP,1,oro-province
4839,Gulf,171,GPK,1,gulf
4840,Western Highlands Province,171,WHM,1,western-highlands-province
4841,New Ireland Province,171,NIK,1,new-ireland-province
4842,Manus Province,171,MRL,1,manus-province
4843,Madang Province,171,MPM,1,madang-province
4844,Southern Highlands Province,171,SHM,1,southern-highlands-province
4845,Eastern Highlands Province,171,EHG,1,eastern-highlands-province
4846,Chimbu Province,171,CPK,1,chimbu-province
4847,Central Province,171,CPM,1,central-province1
4848,Enga Province,171,EPW,1,enga-province
4849,Milne Bay Province,171,MBA,1,milne-bay-province
4850,Western Province,171,WPD,1,western-province1
4851,Ohio,233,OH,1,ohio
4852,Ladakh,101,LA,1,ladakh
4853,West Bengal,101,WB,1,west-bengal
4854,Sinop,225,57,1,sinop
4855,Distrito Capital,239,A,1,distrito-capital
4856,Apure,239,C,1,apure
4857,Jalisco,142,JAL,1,jalisco
4858,Roraima,31,RR,1,roraima
4859,Guarda,177,9,1,guarda
4860,Devonshire,25,DEV,1,devonshire
4861,Hamilton,25,HA,1,hamilton
4863,Paget,25,PAG,1,paget
4864,Pembroke,25,PEM,1,pembroke1
4866,Saint George's,25,SGE,1,saint-george-s
4867,Sandys,25,SAN,1,sandys
4868,Smith's,25,SMI,1,smith-s
4869,Southampton,25,SOU,1,southampton
4870,Warwick,25,WAR,1,warwick
4871,Huila,48,HUI,1,huila
4874,Uroševac District (Ferizaj),248,XUF,1,uro-evac-district-ferizaj
4876,Đakovica District (Gjakove),248,XDG,1,akovica-district-gjakove
4877,Gjilan District,248,XGJ,1,gjilan-district
4878,Kosovska Mitrovica District,248,XKM,1,kosovska-mitrovica-district
4879,Pristina (Priştine),248,XPI,1,pristina-pri-tine
4880,Ciudad Autónoma de Buenos Aires,11,C,1,ciudad-aut-noma-de-buenos-aires
4881,New Providence,17,NP,1,new-providence
4882,Shumen,34,27,1,shumen
4883,Yuen Long,98,NYL,1,yuen-long
4884,Tsuen Wan,98,NTW,1,tsuen-wan
4885,Tai Po,98,NTP,1,tai-po
4887,Sai Kung,98,NSK,1,sai-kung
4888,Islands,98,NIS,1,islands
4889,Central and Western,98,HCW,1,central-and-western
4890,Wan Chai,98,HWC,1,wan-chai
4891,Eastern,98,HEA,1,eastern1
4892,Southern,98,HSO,1,southern1
4893,Yau Tsim Mong,98,KYT,1,yau-tsim-mong
4894,Sham Shui Po,98,KSS,1,sham-shui-po
4895,Kowloon City,98,KKC,1,kowloon-city
4896,Wong Tai Sin,98,KWT,1,wong-tai-sin
4897,Kwun Tong,98,KKT,1,kwun-tong
4898,Kwai Tsing,98,NKT,1,kwai-tsing
4899,Tuen Mun,98,NTM,1,tuen-mun
4900,North,98,NNO,1,north1
4901,Sha Tin,98,NST,1,sha-tin
4902,Sidi Bel Abbès,4,22,1,sidi-bel-abb-s
4905,El M'ghair,4,49,1,el-m-ghair
4906,El Menia,4,50,1,el-menia
4907,Ouled Djellal,4,51,1,ouled-djellal
4908,Bordj Baji Mokhtar,4,52,1,bordj-baji-mokhtar
4909,Béni Abbès,4,53,1,b-ni-abb-s
4910,Timimoun,4,54,1,timimoun
4911,Touggourt,4,55,1,touggourt
4912,Djanet,4,56,1,djanet
4913,In Salah,4,57,1,in-salah
4914,In Guezzam,4,58,1,in-guezzam
4915,Mureș County,181,MS,1,mure-county
4916,Volgograd Oblast,182,VGG,1,volgograd-oblast
4917,La Colle,145,CL,1,la-colle
4918,La Condamine,145,CO,1,la-condamine
4919,Moneghetti,145,MG,1,moneghetti
4920,Hamadan,103,13,1,hamadan
4921,Bogotá D.C.,48,DC,1,bogot-dc
4922,Loreto,173,LOR,1,loreto
4923,Kutná Hora,58,205,1,kutn-hora
4924,Kōchi Prefecture,109,39,1,k-chi-prefecture
4925,Cần Thơ,240,CT,1,c-n-th
4926,Rivers,161,RI,1,rivers
4927,Rabat-Salé-Kénitra,149,4,1,rabat-sal-k-nitra
4928,Agadir-Ida-Ou-Tanane,149,AGD,1,agadir-ida-ou-tanane
4929,Berrechid,149,BRR,1,berrechid
4930,Casablanca,149,CAS,1,casablanca
4931,Driouch,149,DRI,1,driouch
4932,Fès,149,FES,1,f-s
4933,Fquih Ben Salah,149,FQH,1,fquih-ben-salah
4934,Guercif,149,GUF,1,guercif
4935,Marrakech,149,MAR,1,marrakech
4936,M’diq-Fnideq,149,MDF,1,m-diq-fnideq
4937,Meknès,149,MEK,1,mekn-s
4938,Midelt,149,MID,1,midelt
4939,Mohammadia,149,MOH,1,mohammadia
4940,Oujda-Angad,149,OUJ,1,oujda-angad
4941,Ouezzane,149,OUZ,1,ouezzane
4942,Rabat,149,RAB,1,rabat1
4943,Rehamna,149,REH,1,rehamna
4944,Salé,149,SAL,1,sal1
4945,Sidi Bennour,149,SIB,1,sidi-bennour
4946,Sidi Ifni,149,SIF,1,sidi-ifni
4947,Skhirate-Témara,149,SKH,1,skhirate-t-mara
4948,Tarfaya (EH-partial),149,TAF,1,tarfaya-eh-partial
4949,Tinghir,149,TIN,1,tinghir
4950,Tanger-Assilah,149,TNG,1,tanger-assilah
4951,Youssoufia,149,YUS,1,youssoufia
4952,Sidi Slimane,149,SIL,1,sidi-slimane
4953,Lualaba,51,LU,1,lualaba
4954,Chaiyaphum,219,36,1,chaiyaphum
4955,Mbeya,218,14,1,mbeya
4956,Songwe,218,31,1,songwe
4957,Basel-Stadt,214,BS,1,basel-stadt
4958,Bono East,83,BE,1,bono-east
4959,Bono,83,BO,1,bono
4960,North East,83,NE,1,north-east1
4961,Oti,83,OT,1,oti
4962,Savannah,83,SV,1,savannah
4963,Western North,83,WN,1,western-north
4964,Nueva Segovia,159,NS,1,nueva-segovia
4965,Keelung,216,KEE,1,keelung
4966,New Taipei,216,NWT,1,new-taipei
4967,Ain,75,1,1,ain
4968,Aisne,75,2,1,aisne
4969,Allier,75,3,1,allier
4970,Alpes-de-Haute-Provence,75,4,1,alpes-de-haute-provence
4971,Hautes-Alpes,75,5,1,hautes-alpes
4972,Alpes-Maritimes,75,6,1,alpes-maritimes
4973,Ardèche,75,7,1,ard-che
4974,Ardennes,75,8,1,ardennes
4975,Ariège,75,9,1,ari-ge
4976,Aube,75,10,1,aube
4977,Aude,75,11,1,aude
4978,Aveyron,75,12,1,aveyron
4979,Bouches-du-Rhône,75,13,1,bouches-du-rh-ne
4981,Calvados,75,14,1,calvados
4982,Cantal,75,15,1,cantal
4983,Charente,75,16,1,charente
4984,Charente-Maritime,75,17,1,charente-maritime
4985,Cher,75,18,1,cher
4986,Corrèze,75,19,1,corr-ze
4987,Côte-d'Or,75,21,1,c-te-d-or
4988,Côtes-d'Armor,75,22,1,c-tes-d-armor
4989,Creuse,75,23,1,creuse
4990,Dordogne,75,24,1,dordogne
4991,Doubs,75,25,1,doubs
4992,Drôme,75,26,1,dr-me
4993,Eure,75,27,1,eure
4994,Eure-et-Loir,75,28,1,eure-et-loir
4995,Finistère,75,29,1,finist-re
4996,Corse-du-Sud,75,2A,1,corse-du-sud
4997,Haute-Corse,75,2B,1,haute-corse
4998,Gard,75,30,1,gard
4999,Haute-Garonne,75,31,1,haute-garonne
5000,Gers,75,32,1,gers
5001,Gironde,75,33,1,gironde
5002,Hérault,75,34,1,h-rault
5003,Ille-et-Vilaine,75,35,1,ille-et-vilaine
5004,Indre,75,36,1,indre
5005,Indre-et-Loire,75,37,1,indre-et-loire
5006,Isère,75,38,1,is-re
5007,Jura,75,39,1,jura1
5008,Landes,75,40,1,landes
5009,Loir-et-Cher,75,41,1,loir-et-cher
5010,Loire,75,42,1,loire
5011,Haute-Loire,75,43,1,haute-loire
5012,Loire-Atlantique,75,44,1,loire-atlantique
5013,Loiret,75,45,1,loiret
5014,Lot,75,46,1,lot
5015,Lot-et-Garonne,75,47,1,lot-et-garonne
5016,Lozère,75,48,1,loz-re
5017,Maine-et-Loire,75,49,1,maine-et-loire
5018,Manche,75,50,1,manche
5019,Marne,75,51,1,marne
5020,Haute-Marne,75,52,1,haute-marne
5021,Mayenne,75,53,1,mayenne
5022,Meurthe-et-Moselle,75,54,1,meurthe-et-moselle
5023,Meuse,75,55,1,meuse
5024,Morbihan,75,56,1,morbihan
5025,Moselle,75,57,1,moselle
5026,Nièvre,75,58,1,ni-vre
5027,Nord,75,59,1,nord1
5028,Oise,75,60,1,oise
5029,Orne,75,61,1,orne
5030,Pas-de-Calais,75,62,1,pas-de-calais
5031,Puy-de-Dôme,75,63,1,puy-de-d-me
5032,Pyrénées-Atlantiques,75,64,1,pyr-n-es-atlantiques
5033,Hautes-Pyrénées,75,65,1,hautes-pyr-n-es
5034,Pyrénées-Orientales,75,66,1,pyr-n-es-orientales
5035,Bas-Rhin,75,67,1,bas-rhin
5036,Haut-Rhin,75,68,1,haut-rhin
5037,Rhône,75,69,1,rh-ne
5038,Métropole de Lyon,75,69M,1,m-tropole-de-lyon
5039,Haute-Saône,75,70,1,haute-sa-ne
5040,Saône-et-Loire,75,71,1,sa-ne-et-loire
5041,Sarthe,75,72,1,sarthe
5042,Savoie,75,73,1,savoie
5043,Haute-Savoie,75,74,1,haute-savoie
5044,Seine-Maritime,75,76,1,seine-maritime
5045,Seine-et-Marne,75,77,1,seine-et-marne
5046,Yvelines,75,78,1,yvelines
5047,Deux-Sèvres,75,79,1,deux-s-vres
5048,Somme,75,80,1,somme
5049,Tarn,75,81,1,tarn
5050,Tarn-et-Garonne,75,82,1,tarn-et-garonne
5051,Var,75,83,1,var
5052,Vaucluse,75,84,1,vaucluse
5053,Vendée,75,85,1,vend-e
5054,Vienne,75,86,1,vienne
5055,Haute-Vienne,75,87,1,haute-vienne
5056,Vosges,75,88,1,vosges
5057,Yonne,75,89,1,yonne
5058,Territoire de Belfort,75,90,1,territoire-de-belfort
5059,Essonne,75,91,1,essonne
5060,Hauts-de-Seine,75,92,1,hauts-de-seine
5061,Seine-Saint-Denis,75,93,1,seine-saint-denis
5062,Val-de-Marne,75,94,1,val-de-marne
5063,Val-d'Oise,75,95,1,val-d-oise
5064,Clipperton,75,CP,1,clipperton
5065,French Southern and Antarctic Lands,75,TF,1,french-southern-and-antarctic-lands
5067,Sharqia,65,SHR,1,sharqia
5068,Loja,64,L,1,loja
5069,Karlovac,55,4,1,karlovac
5070,Kampong Thom,37,6,1,kampong-thom
5071,Poltavska oblast,230,53,1,poltavska-oblast
5072,Saint Thomas,242,ST,1,saint-thomas1
5073,Saint John,242,SJ,1,saint-john1
5074,Saint Croix,242,SC,1,saint-croix
5075,San Juan,178,SJ,1,san-juan1
5076,Bayamon,178,BY,1,bayamon
5077,Carolina,178,CL,1,carolina
5078,Ponce,178,PO,1,ponce
5079,Caguas,178,CG,1,caguas
5080,Guaynabo,178,GN,1,guaynabo
5081,Arecibo,178,AR,1,arecibo
5082,Toa Baja,178,TB,1,toa-baja
5083,Mayagüez,178,MG,1,mayag-ez
5084,Trujillo Alto,178,TA,1,trujillo-alto
5085,Komárom-Esztergom,99,KE,1,kom-rom-esztergom
5086,Bonaire,155,BQ1,1,bonaire1
5087,Saba,155,BQ2,1,saba1
5088,Sint Eustatius,155,BQ3,1,sint-eustatius1
5089,A Coruña,207,C,1,a-coru-a
5090,Lugo,207,LU,1,lugo
5091,Ourense,207,OR,1,ourense
5092,Badajoz,207,BA,1,badajoz
5093,Araba,207,VI,1,araba
5094,Bizkaia,207,BI,1,bizkaia
5095,Almeria,207,AL,1,almeria
5096,Cádiz,207,CA,1,c-diz
5097,Córdoba,207,CO,1,c-rdoba1
5098,Granada,207,GR,1,granada1
5099,Huelva,207,H,1,huelva
5100,Jaén,207,J,1,ja-n
5101,Málaga,207,MA,1,m-laga
5102,Barcelona,207,B,1,barcelona
5103,Girona,207,GI,1,girona
5104,Lleida,207,L,1,lleida
5105,Ciudad Real,207,CR,1,ciudad-real
5106,Cuenca,207,CU,1,cuenca
5107,Guadalajara,207,GU,1,guadalajara
5108,Alicante,207,A,1,alicante
5109,Albacete,207,AB,1,albacete
5110,Castellón,207,CS,1,castell-n
5111,Teruel,207,TE,1,teruel
5112,Santa Cruz de Tenerife,207,TF,1,santa-cruz-de-tenerife
5113,Zaragoza,207,Z,1,zaragoza
5114,Chari-Baguirmi,43,CB,1,chari-baguirmi
5115,Western Samar,174,WSA,1,western-samar
5116,Nabeul,224,21,1,nabeul
5117,Jämtland County,213,Z,1,j-mtland-county
5118,Bethlehem,169,BTH,1,bethlehem
5119,Deir El Balah,169,DEB,1,deir-el-balah
5120,Gaza,169,GZA,1,gaza
5121,Hebron,169,HBN,1,hebron
5122,Jenin,169,JEN,1,jenin
5123,Jericho,169,JRH,1,jericho
5124,Jerusalem (Quds),169,JEM,1,jerusalem-quds
5125,Khan Yunis,169,KYS,1,khan-yunis
5126,Nablus,169,NBS,1,nablus
5127,North Gaza,169,NGZ,1,north-gaza
5128,Qalqilya,169,QQA,1,qalqilya
5129,Rafah,169,RFH,1,rafah
5130,Ramallah,169,RBH,1,ramallah
5131,Salfit,169,SLT,1,salfit
5132,Tubas,169,TBS,1,tubas
5133,Tulkarm,169,TKM,1,tulkarm
5134,Adjuntas,178,1,1,adjuntas
5135,Aguada,178,3,1,aguada
5136,Aguadilla,178,5,1,aguadilla
5137,Aguas Buenas,178,7,1,aguas-buenas
5138,Aibonito,178,9,1,aibonito
5139,Añasco,178,11,1,a-asco
5140,Arecibo,178,13,1,arecibo1
5141,Arroyo,178,15,1,arroyo
5142,Barceloneta,178,17,1,barceloneta
5143,Barranquitas,178,19,1,barranquitas
5144,Bayamón,178,21,1,bayam-n
5145,Cabo Rojo,178,23,1,cabo-rojo
5146,Caguas,178,25,1,caguas1
5147,Camuy,178,27,1,camuy
5148,Canóvanas,178,29,1,can-vanas
5149,Carolina,178,31,1,carolina1
5150,Cataño,178,33,1,cata-o
5151,Cayey,178,35,1,cayey
5152,Ceiba,178,37,1,ceiba
5153,Ciales,178,39,1,ciales
5154,Cidra,178,41,1,cidra
5155,Coamo,178,43,1,coamo
5156,Comerío,178,45,1,comer-o
5157,Corozal,178,47,1,corozal
5158,Culebra,178,49,1,culebra
5159,Dorado,178,51,1,dorado
5160,Fajardo,178,53,1,fajardo
5161,Florida,178,54,1,florida1
5162,Guánica,178,55,1,gu-nica
5163,Guayama,178,57,1,guayama
5164,Guayanilla,178,59,1,guayanilla
5165,Guaynabo,178,61,1,guaynabo1
5166,Gurabo,178,63,1,gurabo
5167,Hatillo,178,65,1,hatillo
5168,Hormigueros,178,67,1,hormigueros
5169,Humacao,178,69,1,humacao
5170,Isabela,178,71,1,isabela1
5171,Jayuya,178,73,1,jayuya
5172,Juana Díaz,178,75,1,juana-d-az
5173,Juncos,178,77,1,juncos
5174,Lajas,178,79,1,lajas
5175,Lares,178,81,1,lares
5176,Las Marías,178,83,1,las-mar-as
5177,Las Piedras,178,85,1,las-piedras
5178,Loíza,178,87,1,lo-za
5179,Luquillo,178,89,1,luquillo
5180,Manatí,178,91,1,manat
5181,Maricao,178,93,1,maricao
5182,Maunabo,178,95,1,maunabo
5183,Mayagüez,178,97,1,mayag-ez1
5184,Moca,178,99,1,moca
5185,Morovis,178,101,1,morovis
5186,Naguabo,178,103,1,naguabo
5187,Naranjito,178,105,1,naranjito
5188,Orocovis,178,107,1,orocovis
5189,Patillas,178,109,1,patillas
5190,Peñuelas,178,111,1,pe-uelas
5191,Ponce,178,113,1,ponce1
5192,Quebradillas,178,115,1,quebradillas
5193,Rincón,178,117,1,rinc-n
5194,Río Grande,178,119,1,r-o-grande
5195,Sabana Grande,178,121,1,sabana-grande
5196,Salinas,178,123,1,salinas
5197,San Germán,178,125,1,san-germ-n
5198,San Juan,178,127,1,san-juan1
5199,San Lorenzo,178,129,1,san-lorenzo
5200,San Sebastián,178,131,1,san-sebasti-n
5201,Santa Isabel,178,133,1,santa-isabel
5202,Toa Alta,178,135,1,toa-alta
5203,Toa Baja,178,137,1,toa-baja1
5204,Trujillo Alto,178,139,1,trujillo-alto1
5205,Utuado,178,141,1,utuado
5206,Vega Alta,178,143,1,vega-alta
5207,Vega Baja,178,145,1,vega-baja
5208,Vieques,178,147,1,vieques
5209,Villalba,178,149,1,villalba
5210,Yabucoa,178,151,1,yabucoa
5211,Yauco,178,153,1,yauco
5212,Baker Island,234,81,1,baker-island1
5213,Howland Island,234,84,1,howland-island1
5214,Jarvis Island,234,86,1,jarvis-island1
5215,Johnston Atoll,234,67,1,johnston-atoll1
5216,Kingman Reef,234,89,1,kingman-reef1
5217,Midway Islands,234,71,1,midway-islands
5218,Navassa Island,234,76,1,navassa-island1
5219,Palmyra Atoll,234,95,1,palmyra-atoll1
5220,Wake Island,234,79,1,wake-island1
5221,Asuncion,172,ASU,1,asuncion
5222,Canarias,207,CN,1,canarias
5223,Ceuta,207,CE,1,ceuta
5224,Melilla,207,ML,1,melilla
5225,South Province,157,1,1,south-province1
5226,North Province,157,2,1,north-province1
5227,Loyalty Islands Province,157,3,1,loyalty-islands-province
5228,East Sepik,171,ESW,1,east-sepik
5229,Eysturoy,72,EY,1,eysturoy
5230,Northern Isles,72,NO,1,northern-isles
5231,Sandoy,72,SA,1,sandoy
5232,Streymoy,72,ST,1,streymoy
5233,Suðuroy,72,SU,1,su-uroy
5234,Vágar,72,VA,1,v-gar
5235,Papua Tengah,102,PT,1,papua-tengah
5236,Papua Pegunungan,102,PE,1,papua-pegunungan
5237,Papua Selatan,102,PS,1,papua-selatan
5238,Papua Barat Daya,102,PD,1,papua-barat-daya
5239,Zacapa,90,19,1,zacapa
5240,Madhesh,154,P2,1,madhesh
5241,Sudurpashchim,154,P7,1,sudurpashchim
5242,Trashi Yangtse	,26,TY,1,trashi-yangtse
5243,Noord,13,,1,noord
5244,Oranjestad West,13,,1,oranjestad-west
5245,Oranjestad East,13,,1,oranjestad-east
5246,Paradera,13,,1,paradera
5247,San Nicolaas Noord,13,,1,san-nicolaas-noord
5248,San Nicolaas Zuid,13,,1,san-nicolaas-zuid
5249,Santa Cruz,13,,1,santa-cruz1
5250,Savaneta,13,,1,savaneta
5251,Grand Cayman,41,,1,grand-cayman
5252,Cayman Brac,41,,1,cayman-brac
5253,Little Cayman,41,,1,little-cayman
5254,Agana Heights,89,,1,agana-heights
5255,Asan-Maina,89,,1,asan-maina
5256,Barrigada,89,,1,barrigada
5257,Chalan Pago-Ordot,89,,1,chalan-pago-ordot
5258,Dededo,89,,1,dededo
5259,Hågat,89,,1,h-gat
5260,Umatac (Humåtak),89,,1,umatac-hum-tak
5261,Inarajan (Inalåhan),89,,1,inarajan-inal-han
5262,Merizo (Malesso),89,,1,merizo-malesso
5263,Mangilao,89,,1,mangilao
5264,Mongmong-Toto-Maite,89,,1,mongmong-toto-maite
5265,Hagåtña,89,,1,hag-t-a
5266,Piti,89,,1,piti
5267,Santa Rita (Sånta Rita-Sumai),89,,1,santa-rita-s-nta-rita-sumai
5268,Sinajana,89,,1,sinajana
5269,Talofofo (Talo'fo'fo),89,,1,talofofo-talo-fo-fo
5270,Tamuning,89,,1,tamuning
5271,Yigo,89,,1,yigo
5272,Yona,89,,1,yona
5273,Blowing Point,8,,1,blowing-point
5274,East End,8,,1,east-end
5275,George Hill,8,,1,george-hill
5276,Island Harbour,8,,1,island-harbour
5277,North Hill,8,,1,north-hill
5278,North Side,8,,1,north-side
5279,Sandy Ground,8,,1,sandy-ground
5280,Sandy Hill,8,,1,sandy-hill
5281,South Hill,8,,1,south-hill
5282,Stoney Ground,8,,1,stoney-ground
5283,The Farrington,8,,1,the-farrington
5284,The Quarter,8,,1,the-quarter
5285,The Valley,8,,1,the-valley
5286,West End,8,,1,west-end
5287,Mariehamn,2,,1,mariehamn
5288,Jomala,2,,1,jomala
5289,Finström,2,,1,finstr-m
5290,Lemland,2,,1,lemland
5291,Saltvik,2,,1,saltvik
5292,Hammarland,2,,1,hammarland
5293,Sund,2,,1,sund
5294,Eckerö,2,,1,ecker
5295,Föglö,2,,1,f-gl
5296,Geta,2,,1,geta
5297,Vårdö,2,,1,v-rd
5298,Brändö,2,,1,br-nd
5299,Lumparland,2,,1,lumparland
5300,Kumlinge,2,,1,kumlinge
5301,Kökar,2,,1,k-kar
5302,Sottunga,2,,1,sottunga
5304,Chhatisgarh,101,CG,1,chhatisgarh
5306,khushboonew,101,,1,khushboonew
5307,teststate,101,,1,teststate
