id,experience,skill,is_deleted,create_date
1,5,1141,0,2026-07-01 18:38:42
2,5,2134,0,2026-07-01 18:38:42
3,5,6534,0,2026-07-01 18:38:42
4,12,7584,0,2026-07-01 18:38:42
5,12,11845,0,2026-07-01 18:38:42
6,12,17247,0,2026-07-01 18:38:42
7,12,17261,0,2026-07-01 18:38:42
8,12,17262,0,2026-07-01 18:38:42
9,13,17263,0,2026-07-01 18:38:42
10,13,3487,0,2026-07-01 18:38:42
11,13,17264,0,2026-07-01 18:38:42
12,13,7060,0,2026-07-01 18:38:42
13,13,17265,0,2026-07-01 18:38:42
14,16,17261,0,2026-07-01 18:38:42
15,16,11845,0,2026-07-01 18:38:42
16,16,7584,0,2026-07-01 18:38:42
17,16,17247,0,2026-07-01 18:38:42
18,16,275,0,2026-07-01 18:38:42
19,16,17266,0,2026-07-01 18:38:42
20,19,17261,0,2026-07-01 18:38:42
21,19,11845,0,2026-07-01 18:38:42
22,19,19247,0,2026-07-01 18:38:42
23,19,17247,0,2026-07-01 18:38:42
24,23,1351,0,2026-07-01 18:38:42
25,23,183,0,2026-07-01 18:38:42
26,23,12761,0,2026-07-01 18:38:42
27,24,17271,0,2026-07-01 18:38:42
28,25,1735,0,2026-07-01 18:38:42
29,25,3381,0,2026-07-01 18:38:42
30,25,7269,0,2026-07-01 18:38:42
31,25,8196,0,2026-07-01 18:38:42
32,25,17287,0,2026-07-01 18:38:42
33,25,17288,0,2026-07-01 18:38:42
34,25,17289,0,2026-07-01 18:38:42
35,25,17341,0,2026-07-01 18:38:42
36,27,1351,0,2026-07-01 18:38:42
37,27,7584,0,2026-07-01 18:38:42
38,27,7657,0,2026-07-01 18:38:42
39,27,11845,0,2026-07-01 18:38:42
40,27,12426,0,2026-07-01 18:38:42
41,27,17247,0,2026-07-01 18:38:42
42,27,17261,0,2026-07-01 18:38:42
43,27,17273,0,2026-07-01 18:38:42
44,27,17274,0,2026-07-01 18:38:42
45,36,7,0,2026-07-01 18:38:42
46,38,8908,0,2026-07-01 18:38:42
47,38,3209,0,2026-07-01 18:38:42
48,38,370,0,2026-07-01 18:38:42
49,40,17294,0,2026-07-01 18:38:42
50,41,4519,0,2026-07-01 18:38:42
51,41,6528,0,2026-07-01 18:38:42
52,41,14235,0,2026-07-01 18:38:42
53,41,17293,0,2026-07-01 18:38:42
54,41,17307,0,2026-07-01 18:38:42
55,41,11247,0,2026-07-01 18:38:42
56,42,17236,0,2026-07-01 18:38:42
57,42,12,0,2026-07-01 18:38:42
58,45,17309,0,2026-07-01 18:38:42
59,45,17310,0,2026-07-01 18:38:42
60,46,17311,0,2026-07-01 18:38:42
61,46,11001,0,2026-07-01 18:38:42
62,47,8329,0,2026-07-01 18:38:42
63,47,11001,0,2026-07-01 18:38:42
64,47,17314,0,2026-07-01 18:38:42
65,60,17318,0,2026-07-01 18:38:42
66,61,17319,0,2026-07-01 18:38:42
67,62,13756,0,2026-07-01 18:38:42
68,62,12198,0,2026-07-01 18:38:42
69,62,14238,0,2026-07-01 18:38:42
70,62,6528,0,2026-07-01 18:38:42
71,62,6531,0,2026-07-01 18:38:42
72,62,17328,0,2026-07-01 18:38:42
73,62,17329,0,2026-07-01 18:38:42
74,62,17330,0,2026-07-01 18:38:42
75,63,7270,0,2026-07-01 18:38:42
76,63,17325,0,2026-07-01 18:38:42
77,63,8196,0,2026-07-01 18:38:42
78,63,17320,0,2026-07-01 18:38:42
79,63,17327,0,2026-07-01 18:38:42
80,63,17288,0,2026-07-01 18:38:42
81,63,1735,0,2026-07-01 18:38:42
82,63,17289,0,2026-07-01 18:38:42
83,64,121,0,2026-07-01 18:38:42
84,67,7,0,2026-07-01 18:38:42
85,67,17236,0,2026-07-01 18:38:42
86,67,11,0,2026-07-01 18:38:42
87,67,13,0,2026-07-01 18:38:42
88,70,3983,0,2026-07-01 18:38:42
89,70,5204,0,2026-07-01 18:38:42
90,70,17342,0,2026-07-01 18:38:42
91,91,17314,0,2026-07-01 18:38:42
92,91,15017,0,2026-07-01 18:38:42
93,91,14423,0,2026-07-01 18:38:42
94,91,11001,0,2026-07-01 18:38:42
95,91,5909,0,2026-07-01 18:38:42
96,91,3045,0,2026-07-01 18:38:42
97,91,11551,0,2026-07-01 18:38:42
98,91,4803,0,2026-07-01 18:38:42
99,91,3884,0,2026-07-01 18:38:42
100,92,2871,0,2026-07-01 18:38:42
101,92,2178,0,2026-07-01 18:38:42
102,92,16317,0,2026-07-01 18:38:42
103,92,17314,0,2026-07-01 18:38:42
104,93,4517,0,2026-07-01 18:38:42
105,98,17314,0,2026-07-01 18:38:42
106,98,15017,0,2026-07-01 18:38:42
107,98,8314,0,2026-07-01 18:38:42
108,99,3635,0,2026-07-01 18:38:42
109,99,3487,0,2026-07-01 18:38:42
110,99,17229,0,2026-07-01 18:38:42
111,100,17348,0,2026-07-01 18:38:42
112,101,2720,0,2026-07-01 18:38:42
113,101,6615,0,2026-07-01 18:38:42
114,101,10450,0,2026-07-01 18:38:42
115,101,17349,0,2026-07-01 18:38:42
116,101,17350,0,2026-07-01 18:38:42
117,102,15156,0,2026-07-01 18:38:42
118,102,220,0,2026-07-01 18:38:42
119,103,3381,0,2026-07-01 18:38:42
120,103,7269,0,2026-07-01 18:38:42
121,103,8196,0,2026-07-01 18:38:42
122,103,9980,0,2026-07-01 18:38:42
123,103,10622,0,2026-07-01 18:38:42
124,103,17287,0,2026-07-01 18:38:42
125,103,17288,0,2026-07-01 18:38:42
126,103,17351,0,2026-07-01 18:38:42
127,103,17352,0,2026-07-01 18:38:42
128,103,17353,0,2026-07-01 18:38:42
129,103,17354,0,2026-07-01 18:38:42
130,104,9736,0,2026-07-01 18:38:42
131,104,9748,0,2026-07-01 18:38:42
132,104,10116,0,2026-07-01 18:38:42
133,105,9414,0,2026-07-01 18:38:42
134,105,1971,0,2026-07-01 18:38:42
135,105,1801,0,2026-07-01 18:38:42
136,105,15157,0,2026-07-01 18:38:42
137,105,17355,0,2026-07-01 18:38:42
138,105,17356,0,2026-07-01 18:38:42
139,105,14683,0,2026-07-01 18:38:42
140,106,12801,0,2026-07-01 18:38:42
141,106,4813,0,2026-07-01 18:38:42
142,106,17357,0,2026-07-01 18:38:42
143,106,11552,0,2026-07-01 18:38:42
144,106,17358,0,2026-07-01 18:38:42
145,107,14235,0,2026-07-01 18:38:42
146,107,14237,0,2026-07-01 18:38:42
147,107,14238,0,2026-07-01 18:38:42
148,107,17340,0,2026-07-01 18:38:42
149,107,14240,0,2026-07-01 18:38:42
150,107,121,0,2026-07-01 18:38:42
151,109,17327,0,2026-07-01 18:38:42
152,109,7269,0,2026-07-01 18:38:42
153,109,3381,0,2026-07-01 18:38:42
154,109,8196,0,2026-07-01 18:38:42
155,109,1735,0,2026-07-01 18:38:42
156,110,17327,0,2026-07-01 18:38:42
157,110,8196,0,2026-07-01 18:38:42
158,110,7269,0,2026-07-01 18:38:42
159,110,3381,0,2026-07-01 18:38:42
160,110,1735,0,2026-07-01 18:38:42
161,110,17354,0,2026-07-01 18:38:42
162,110,12153,0,2026-07-01 18:38:42
163,110,10622,0,2026-07-01 18:38:42
164,111,11210,0,2026-07-01 18:38:42
165,111,17359,0,2026-07-01 18:38:42
166,111,9935,0,2026-07-01 18:38:42
167,111,17360,0,2026-07-01 18:38:42
168,112,121,0,2026-07-01 18:38:42
169,112,7061,0,2026-07-01 18:38:42
170,112,17361,0,2026-07-01 18:38:42
171,117,11483,0,2026-07-01 18:38:42
172,117,1971,0,2026-07-01 18:38:42
173,117,17370,0,2026-07-01 18:38:42
174,117,7850,0,2026-07-01 18:38:42
175,117,4189,0,2026-07-01 18:38:42
176,118,17371,0,2026-07-01 18:38:42
177,118,17372,0,2026-07-01 18:38:42
178,118,13756,0,2026-07-01 18:38:42
179,118,4716,0,2026-07-01 18:38:42
180,118,3294,0,2026-07-01 18:38:42
181,118,14238,0,2026-07-01 18:38:42
182,118,12375,0,2026-07-01 18:38:42
183,119,6452,0,2026-07-01 18:38:42
184,119,17346,0,2026-07-01 18:38:42
185,119,8737,0,2026-07-01 18:38:42
186,119,1138,0,2026-07-01 18:38:42
187,119,3884,0,2026-07-01 18:38:42
188,119,4802,0,2026-07-01 18:38:42
189,119,4805,0,2026-07-01 18:38:42
190,119,4803,0,2026-07-01 18:38:42
191,119,4808,0,2026-07-01 18:38:42
192,119,16190,0,2026-07-01 18:38:42
193,122,3983,0,2026-07-01 18:38:42
194,122,9417,0,2026-07-01 18:38:42
195,122,17371,0,2026-07-01 18:38:42
196,122,17372,0,2026-07-01 18:38:42
197,122,16625,0,2026-07-01 18:38:42
198,122,12495,0,2026-07-01 18:38:42
199,122,17342,0,2026-07-01 18:38:42
200,122,12236,0,2026-07-01 18:38:42
201,122,9386,0,2026-07-01 18:38:42
202,122,9382,0,2026-07-01 18:38:42
203,122,5908,0,2026-07-01 18:38:42
204,122,15156,0,2026-07-01 18:38:42
205,122,3569,0,2026-07-01 18:38:42
206,122,5198,0,2026-07-01 18:38:42
207,126,12586,0,2026-07-01 18:38:42
208,128,3487,0,2026-07-01 18:38:42
209,128,15148,0,2026-07-01 18:38:42
210,128,17227,0,2026-07-01 18:38:42
211,128,6045,0,2026-07-01 18:38:42
212,128,12284,0,2026-07-01 18:38:42
213,128,15215,0,2026-07-01 18:38:42
214,129,8807,0,2026-07-01 18:38:42
215,129,15217,0,2026-07-01 18:38:42
216,129,3318,0,2026-07-01 18:38:42
217,129,3294,0,2026-07-01 18:38:42
218,135,9740,0,2026-07-01 18:38:42
219,135,116,0,2026-07-01 18:38:42
220,135,117,0,2026-07-01 18:38:42
221,136,17295,0,2026-07-01 18:38:42
222,136,17333,0,2026-07-01 18:38:42
223,136,17293,0,2026-07-01 18:38:42
224,136,17334,0,2026-07-01 18:38:42
225,136,17300,0,2026-07-01 18:38:42
226,136,3029,0,2026-07-01 18:38:42
227,137,17295,0,2026-07-01 18:38:42
228,137,17334,0,2026-07-01 18:38:42
229,137,13759,0,2026-07-01 18:38:42
230,137,17293,0,2026-07-01 18:38:42
231,137,3031,0,2026-07-01 18:38:42
232,137,3029,0,2026-07-01 18:38:42
233,137,8488,0,2026-07-01 18:38:42
234,137,6531,0,2026-07-01 18:38:42
235,138,13756,0,2026-07-01 18:38:42
236,138,17295,0,2026-07-01 18:38:42
237,138,3031,0,2026-07-01 18:38:42
238,138,3032,0,2026-07-01 18:38:42
239,138,16908,0,2026-07-01 18:38:42
240,138,6531,0,2026-07-01 18:38:42
241,138,17300,0,2026-07-01 18:38:42
242,139,3031,0,2026-07-01 18:38:42
243,139,3032,0,2026-07-01 18:38:42
244,139,6531,0,2026-07-01 18:38:42
245,139,8488,0,2026-07-01 18:38:42
246,139,17295,0,2026-07-01 18:38:42
247,139,17333,0,2026-07-01 18:38:42
248,139,17384,0,2026-07-01 18:38:42
249,140,17295,0,2026-07-01 18:38:42
250,140,17333,0,2026-07-01 18:38:42
251,140,6531,0,2026-07-01 18:38:42
252,140,3029,0,2026-07-01 18:38:42
253,140,3031,0,2026-07-01 18:38:42
254,140,16908,0,2026-07-01 18:38:42
255,140,8488,0,2026-07-01 18:38:42
256,140,17384,0,2026-07-01 18:38:42
257,143,15017,0,2026-07-01 18:38:42
258,143,14686,0,2026-07-01 18:38:42
259,143,7865,0,2026-07-01 18:38:42
260,143,11001,0,2026-07-01 18:38:42
261,144,15156,0,2026-07-01 18:38:42
262,144,13399,0,2026-07-01 18:38:42
263,144,11001,0,2026-07-01 18:38:42
264,144,4148,0,2026-07-01 18:38:42
265,144,5909,0,2026-07-01 18:38:42
266,144,5284,0,2026-07-01 18:38:42
267,144,5285,0,2026-07-01 18:38:42
268,144,1116,0,2026-07-01 18:38:42
269,145,8805,0,2026-07-01 18:38:42
270,145,17391,0,2026-07-01 18:38:42
271,145,17390,0,2026-07-01 18:38:42
272,145,17394,0,2026-07-01 18:38:42
273,145,5285,0,2026-07-01 18:38:42
274,145,4148,0,2026-07-01 18:38:42
275,145,7865,0,2026-07-01 18:38:42
276,146,26,0,2026-07-01 18:38:42
277,147,17288,0,2026-07-01 18:38:42
278,147,17309,0,2026-07-01 18:38:42
279,147,17327,0,2026-07-01 18:38:42
280,149,17396,0,2026-07-01 18:38:42
281,149,17397,0,2026-07-01 18:38:42
282,150,4519,0,2026-07-01 18:38:42
283,150,17333,0,2026-07-01 18:38:42
284,150,17399,0,2026-07-01 18:38:42
285,150,17398,0,2026-07-01 18:38:42
286,150,17371,0,2026-07-01 18:38:42
287,150,17396,0,2026-07-01 18:38:42
288,151,3983,0,2026-07-01 18:38:42
289,151,13645,0,2026-07-01 18:38:42
290,151,17398,0,2026-07-01 18:38:42
291,151,17371,0,2026-07-01 18:38:42
292,151,17399,0,2026-07-01 18:38:42
293,152,1985,0,2026-07-01 18:38:42
294,152,7309,0,2026-07-01 18:38:42
295,152,13387,0,2026-07-01 18:38:42
296,152,9414,0,2026-07-01 18:38:42
297,155,17371,0,2026-07-01 18:38:42
298,155,17372,0,2026-07-01 18:38:42
299,155,17330,0,2026-07-01 18:38:42
300,156,2106,0,2026-07-01 18:38:42
301,156,3461,0,2026-07-01 18:38:42
302,157,93,0,2026-07-01 18:38:42
303,157,2873,0,2026-07-01 18:38:42
304,157,14730,0,2026-07-01 18:38:42
305,157,4709,0,2026-07-01 18:38:42
306,157,4707,0,2026-07-01 18:38:42
307,157,4715,0,2026-07-01 18:38:42
308,157,2675,0,2026-07-01 18:38:42
309,157,17401,0,2026-07-01 18:38:42
310,158,1423,0,2026-07-01 18:38:42
311,158,13386,0,2026-07-01 18:38:42
312,158,2390,0,2026-07-01 18:38:42
313,158,1138,0,2026-07-01 18:38:42
314,158,12088,0,2026-07-01 18:38:42
315,158,3067,0,2026-07-01 18:38:42
316,158,11553,0,2026-07-01 18:38:42
317,159,17402,0,2026-07-01 18:38:42
318,160,10445,0,2026-07-01 18:38:42
319,160,7269,0,2026-07-01 18:38:42
320,160,3381,0,2026-07-01 18:38:42
321,160,8196,0,2026-07-01 18:38:42
322,160,811,0,2026-07-01 18:38:42
323,160,17320,0,2026-07-01 18:38:42
324,161,9442,0,2026-07-01 18:38:42
325,161,13399,0,2026-07-01 18:38:42
326,161,11041,0,2026-07-01 18:38:42
327,161,2116,0,2026-07-01 18:38:42
328,162,269,0,2026-07-01 18:38:42
329,162,9414,0,2026-07-01 18:38:42
330,162,13387,0,2026-07-01 18:38:42
331,162,17403,0,2026-07-01 18:38:42
332,163,11041,0,2026-07-01 18:38:42
333,173,7,0,2026-07-01 18:38:42
334,173,17286,0,2026-07-01 18:38:42
335,173,11845,0,2026-07-01 18:38:42
336,174,20,0,2026-07-01 18:38:42
337,174,22,0,2026-07-01 18:38:42
338,174,29,0,2026-07-01 18:38:42
339,174,7,0,2026-07-01 18:38:42
340,177,396,0,2026-07-01 18:38:42
341,177,11845,0,2026-07-01 18:38:42
342,177,16261,0,2026-07-01 18:38:42
343,177,17298,0,2026-07-01 18:38:42
344,177,17417,0,2026-07-01 18:38:42
345,177,17418,0,2026-07-01 18:38:42
346,178,16261,0,2026-07-01 18:38:42
347,178,10021,0,2026-07-01 18:38:42
348,178,17418,0,2026-07-01 18:38:42
349,179,17297,0,2026-07-01 18:38:42
350,180,17327,0,2026-07-01 18:38:42
351,180,17369,0,2026-07-01 18:38:42
352,180,10622,0,2026-07-01 18:38:42
353,181,17327,0,2026-07-01 18:38:42
354,181,8196,0,2026-07-01 18:38:42
355,181,10622,0,2026-07-01 18:38:42
356,182,7270,0,2026-07-01 18:38:42
357,182,3381,0,2026-07-01 18:38:42
358,182,8196,0,2026-07-01 18:38:42
359,182,17327,0,2026-07-01 18:38:42
360,182,10622,0,2026-07-01 18:38:42
361,182,10253,0,2026-07-01 18:38:42
362,182,9980,0,2026-07-01 18:38:42
363,182,17354,0,2026-07-01 18:38:42
364,182,1735,0,2026-07-01 18:38:42
365,182,12576,0,2026-07-01 18:38:42
366,182,4089,0,2026-07-01 18:38:42
367,183,7573,0,2026-07-01 18:38:42
368,183,17427,0,2026-07-01 18:38:42
369,183,13777,0,2026-07-01 18:38:42
370,183,12179,0,2026-07-01 18:38:42
371,183,17428,0,2026-07-01 18:38:42
372,184,3983,0,2026-07-01 18:38:42
373,184,3032,0,2026-07-01 18:38:42
374,184,17356,0,2026-07-01 18:38:42
375,184,17429,0,2026-07-01 18:38:42
376,185,1920,0,2026-07-01 18:38:42
377,185,13806,0,2026-07-01 18:38:42
378,185,17430,0,2026-07-01 18:38:42
379,185,17431,0,2026-07-01 18:38:42
380,185,17432,0,2026-07-01 18:38:42
381,187,13756,0,2026-07-01 18:38:42
382,187,17333,0,2026-07-01 18:38:42
383,187,17334,0,2026-07-01 18:38:42
384,187,17332,0,2026-07-01 18:38:42
385,187,14238,0,2026-07-01 18:38:42
386,187,17433,0,2026-07-01 18:38:42
387,187,6531,0,2026-07-01 18:38:42
388,187,17329,0,2026-07-01 18:38:42
389,187,17328,0,2026-07-01 18:38:42
390,187,17293,0,2026-07-01 18:38:42
391,189,3635,0,2026-07-01 18:38:42
392,189,1297,0,2026-07-01 18:38:42
393,189,15098,0,2026-07-01 18:38:42
394,190,16007,0,2026-07-01 18:38:42
395,190,7696,0,2026-07-01 18:38:42
396,190,17438,0,2026-07-01 18:38:42
397,190,17439,0,2026-07-01 18:38:42
398,190,17401,0,2026-07-01 18:38:42
399,190,5993,0,2026-07-01 18:38:42
400,190,15987,0,2026-07-01 18:38:42
401,191,16007,0,2026-07-01 18:38:42
402,191,17440,0,2026-07-01 18:38:42
403,191,7696,0,2026-07-01 18:38:42
404,191,17438,0,2026-07-01 18:38:42
405,191,17439,0,2026-07-01 18:38:42
406,191,17401,0,2026-07-01 18:38:42
407,191,5993,0,2026-07-01 18:38:42
408,191,15987,0,2026-07-01 18:38:42
409,191,17441,0,2026-07-01 18:38:42
410,192,17327,0,2026-07-01 18:38:42
411,192,8196,0,2026-07-01 18:38:42
412,192,7269,0,2026-07-01 18:38:42
413,192,3381,0,2026-07-01 18:38:42
414,192,17368,0,2026-07-01 18:38:42
415,192,1735,0,2026-07-01 18:38:42
416,192,16908,0,2026-07-01 18:38:42
417,192,17308,0,2026-07-01 18:38:42
418,193,17327,0,2026-07-01 18:38:42
419,193,10622,0,2026-07-01 18:38:42
420,193,7269,0,2026-07-01 18:38:42
421,193,1735,0,2026-07-01 18:38:42
422,193,3381,0,2026-07-01 18:38:42
423,193,10253,0,2026-07-01 18:38:42
424,197,12198,0,2026-07-01 18:38:42
425,197,14238,0,2026-07-01 18:38:42
426,199,15017,0,2026-07-01 18:38:42
427,199,14677,0,2026-07-01 18:38:42
428,199,4803,0,2026-07-01 18:38:42
429,199,3567,0,2026-07-01 18:38:42
430,199,10422,0,2026-07-01 18:38:42
431,199,17442,0,2026-07-01 18:38:42
432,199,4813,0,2026-07-01 18:38:42
433,207,7,0,2026-07-01 18:38:42
434,207,10020,0,2026-07-01 18:38:42
435,207,17297,0,2026-07-01 18:38:42
436,208,14238,0,2026-07-01 18:38:42
437,208,17372,0,2026-07-01 18:38:42
438,208,17332,0,2026-07-01 18:38:42
439,208,3031,0,2026-07-01 18:38:42
440,208,3029,0,2026-07-01 18:38:42
441,208,17340,0,2026-07-01 18:38:42
442,208,15157,0,2026-07-01 18:38:42
443,208,2915,0,2026-07-01 18:38:42
444,208,17355,0,2026-07-01 18:38:42
445,208,3239,0,2026-07-01 18:38:42
446,209,689,0,2026-07-01 18:38:42
447,209,8191,0,2026-07-01 18:38:42
448,209,690,0,2026-07-01 18:38:42
449,209,688,0,2026-07-01 18:38:42
450,210,4741,0,2026-07-01 18:38:42
451,210,10446,0,2026-07-01 18:38:42
452,211,8191,0,2026-07-01 18:38:42
453,211,420,0,2026-07-01 18:38:42
454,212,15179,0,2026-07-01 18:38:42
455,212,8566,0,2026-07-01 18:38:42
456,212,10907,0,2026-07-01 18:38:42
457,212,16800,0,2026-07-01 18:38:42
458,212,192,0,2026-07-01 18:38:42
459,212,3487,0,2026-07-01 18:38:42
460,213,3465,0,2026-07-01 18:38:42
461,213,3466,0,2026-07-01 18:38:42
462,213,5248,0,2026-07-01 18:38:42
463,213,2915,0,2026-07-01 18:38:42
464,214,3484,0,2026-07-01 18:38:42
465,214,3485,0,2026-07-01 18:38:42
466,214,14235,0,2026-07-01 18:38:42
467,214,9736,0,2026-07-01 18:38:42
468,214,3569,0,2026-07-01 18:38:42
469,217,7,0,2026-07-01 18:38:42
470,218,7,0,2026-07-01 18:38:42
471,219,7,0,2026-07-01 18:38:42
472,219,13,0,2026-07-01 18:38:42
473,220,10445,0,2026-07-01 18:38:42
474,220,15,0,2026-07-01 18:38:42
475,221,17401,0,2026-07-01 18:38:42
476,221,12694,0,2026-07-01 18:38:42
477,221,15997,0,2026-07-01 18:38:42
478,221,720,0,2026-07-01 18:38:42
479,221,16001,0,2026-07-01 18:38:42
480,221,7,0,2026-07-01 18:38:42
481,222,3983,0,2026-07-01 18:38:42
482,222,17398,0,2026-07-01 18:38:42
483,223,7,0,2026-07-01 18:38:42
484,223,17306,0,2026-07-01 18:38:42
485,224,5665,0,2026-07-01 18:38:42
486,224,10445,0,2026-07-01 18:38:42
487,225,11845,0,2026-07-01 18:38:42
488,225,17404,0,2026-07-01 18:38:42
489,225,1154,0,2026-07-01 18:38:42
490,225,7,0,2026-07-01 18:38:42
491,225,7584,0,2026-07-01 18:38:42
492,226,17251,0,2026-07-01 18:38:42
493,226,17446,0,2026-07-01 18:38:42
494,226,6528,0,2026-07-01 18:38:42
495,226,17371,0,2026-07-01 18:38:42
496,227,10451,0,2026-07-01 18:38:42
497,227,17427,0,2026-07-01 18:38:42
498,227,13777,0,2026-07-01 18:38:42
499,227,17349,0,2026-07-01 18:38:42
500,227,17451,0,2026-07-01 18:38:42
501,227,602,0,2026-07-01 18:38:42
502,227,17452,0,2026-07-01 18:38:42
503,228,6009,0,2026-07-01 18:38:42
504,228,17453,0,2026-07-01 18:38:42
505,228,17454,0,2026-07-01 18:38:42
506,228,17455,0,2026-07-01 18:38:42
507,228,17456,0,2026-07-01 18:38:42
508,229,17457,0,2026-07-01 18:38:42
509,229,15211,0,2026-07-01 18:38:42
510,229,15212,0,2026-07-01 18:38:42
511,229,7857,0,2026-07-01 18:38:42
512,229,17455,0,2026-07-01 18:38:42
513,229,15157,0,2026-07-01 18:38:42
514,230,3067,0,2026-07-01 18:38:42
515,231,14238,0,2026-07-01 18:38:42
516,231,3032,0,2026-07-01 18:38:42
517,231,4519,0,2026-07-01 18:38:42
518,231,14237,0,2026-07-01 18:38:42
519,231,329,0,2026-07-01 18:38:42
520,233,16644,0,2026-07-01 18:38:42
521,233,17419,0,2026-07-01 18:38:42
522,236,17401,0,2026-07-01 18:38:42
523,236,12694,0,2026-07-01 18:38:42
524,236,17286,0,2026-07-01 18:38:42
525,236,17404,0,2026-07-01 18:38:42
526,236,17470,0,2026-07-01 18:38:42
527,236,11845,0,2026-07-01 18:38:42
528,237,17446,0,2026-07-01 18:38:42
529,237,17251,0,2026-07-01 18:38:42
530,237,17286,0,2026-07-01 18:38:42
531,237,17448,0,2026-07-01 18:38:42
532,237,17472,0,2026-07-01 18:38:42
533,237,17473,0,2026-07-01 18:38:42
534,239,17401,0,2026-07-01 18:38:42
535,239,17475,0,2026-07-01 18:38:42
536,239,17476,0,2026-07-01 18:38:42
537,239,17477,0,2026-07-01 18:38:42
538,242,10451,0,2026-07-01 18:38:42
539,242,2966,0,2026-07-01 18:38:42
540,242,2967,0,2026-07-01 18:38:42
541,242,7963,0,2026-07-01 18:38:42
542,242,17427,0,2026-07-01 18:38:42
543,242,7873,0,2026-07-01 18:38:42
544,242,8126,0,2026-07-01 18:38:42
545,243,5667,0,2026-07-01 18:38:42
546,243,6439,0,2026-07-01 18:38:42
547,244,8191,0,2026-07-01 18:38:42
548,244,14504,0,2026-07-01 18:38:42
549,244,10253,0,2026-07-01 18:38:42
550,244,705,0,2026-07-01 18:38:42
551,245,7270,0,2026-07-01 18:38:42
552,245,3381,0,2026-07-01 18:38:42
553,245,8196,0,2026-07-01 18:38:42
554,245,11855,0,2026-07-01 18:38:42
555,245,11859,0,2026-07-01 18:38:42
556,245,16005,0,2026-07-01 18:38:42
557,246,16005,0,2026-07-01 18:38:42
558,246,16002,0,2026-07-01 18:38:42
559,246,17401,0,2026-07-01 18:38:42
560,246,17286,0,2026-07-01 18:38:42
561,248,2963,0,2026-07-01 18:38:42
562,248,9104,0,2026-07-01 18:38:42
563,248,17297,0,2026-07-01 18:38:42
564,248,280,0,2026-07-01 18:38:42
565,249,7637,0,2026-07-01 18:38:42
566,249,3465,0,2026-07-01 18:38:42
567,249,602,0,2026-07-01 18:38:42
568,249,17455,0,2026-07-01 18:38:42
569,249,2097,0,2026-07-01 18:38:42
570,249,15179,0,2026-07-01 18:38:42
571,249,12883,0,2026-07-01 18:38:42
572,250,12586,0,2026-07-01 18:38:42
573,250,12589,0,2026-07-01 18:38:42
574,250,12587,0,2026-07-01 18:38:42
575,250,14409,0,2026-07-01 18:38:42
576,252,18,0,2026-07-01 18:38:42
577,252,17,0,2026-07-01 18:38:42
578,252,16,0,2026-07-01 18:38:42
579,253,17420,0,2026-07-01 18:38:42
580,256,396,0,2026-07-01 18:38:42
581,256,17446,0,2026-07-01 18:38:42
582,256,11845,0,2026-07-01 18:38:42
583,258,370,0,2026-07-01 18:38:42
584,260,17251,0,2026-07-01 18:38:42
585,260,17448,0,2026-07-01 18:38:42
586,261,17448,0,2026-07-01 18:38:42
587,261,17251,0,2026-07-01 18:38:42
588,262,17448,0,2026-07-01 18:38:42
589,262,17251,0,2026-07-01 18:38:42
590,262,17446,0,2026-07-01 18:38:42
591,262,17495,0,2026-07-01 18:38:42
592,263,13370,0,2026-07-01 18:38:42
593,263,12907,0,2026-07-01 18:38:42
594,263,6439,0,2026-07-01 18:38:42
595,263,12088,0,2026-07-01 18:38:42
596,263,3293,0,2026-07-01 18:38:42
597,263,15030,0,2026-07-01 18:38:42
598,263,121,0,2026-07-01 18:38:42
599,263,5246,0,2026-07-01 18:38:42
600,264,3136,0,2026-07-01 18:38:42
601,264,3135,0,2026-07-01 18:38:42
602,264,3137,0,2026-07-01 18:38:42
603,264,5246,0,2026-07-01 18:38:42
604,265,3461,0,2026-07-01 18:38:42
605,265,3469,0,2026-07-01 18:38:42
606,265,3462,0,2026-07-01 18:38:42
607,265,5268,0,2026-07-01 18:38:42
608,265,3311,0,2026-07-01 18:38:42
609,265,12284,0,2026-07-01 18:38:42
610,266,1961,0,2026-07-01 18:38:42
611,266,4149,0,2026-07-01 18:38:42
612,266,1960,0,2026-07-01 18:38:42
613,266,12322,0,2026-07-01 18:38:42
614,267,17420,0,2026-07-01 18:38:42
615,268,17344,0,2026-07-01 18:38:42
616,268,17247,0,2026-07-01 18:38:42
617,268,1351,0,2026-07-01 18:38:42
618,268,10253,0,2026-07-01 18:38:42
619,269,17444,0,2026-07-01 18:38:42
620,270,6045,0,2026-07-01 18:38:42
621,271,14657,0,2026-07-01 18:38:42
622,271,3480,0,2026-07-01 18:38:42
623,271,3831,0,2026-07-01 18:38:42
624,271,245,0,2026-07-01 18:38:42
625,271,1526,0,2026-07-01 18:38:42
626,271,15156,0,2026-07-01 18:38:42
627,272,5656,0,2026-07-01 18:38:42
628,272,5654,0,2026-07-01 18:38:42
629,272,7,0,2026-07-01 18:38:42
630,272,11,0,2026-07-01 18:38:42
631,272,13,0,2026-07-01 18:38:42
632,272,1223,0,2026-07-01 18:38:42
633,272,281,0,2026-07-01 18:38:42
634,272,3311,0,2026-07-01 18:38:42
635,272,3983,0,2026-07-01 18:38:42
636,272,17497,0,2026-07-01 18:38:42
637,273,17484,0,2026-07-01 18:38:42
638,273,14888,0,2026-07-01 18:38:42
639,273,3599,0,2026-07-01 18:38:42
640,273,7911,0,2026-07-01 18:38:42
641,273,17498,0,2026-07-01 18:38:42
642,273,6532,0,2026-07-01 18:38:42
643,273,17499,0,2026-07-01 18:38:42
644,273,17500,0,2026-07-01 18:38:42
645,273,17501,0,2026-07-01 18:38:42
646,273,17502,0,2026-07-01 18:38:42
647,273,17503,0,2026-07-01 18:38:42
648,274,17484,0,2026-07-01 18:38:42
649,274,3599,0,2026-07-01 18:38:42
650,274,7911,0,2026-07-01 18:38:42
651,274,14888,0,2026-07-01 18:38:42
652,274,9916,0,2026-07-01 18:38:42
653,274,11546,0,2026-07-01 18:38:42
654,274,17498,0,2026-07-01 18:38:42
655,274,17503,0,2026-07-01 18:38:42
656,274,17499,0,2026-07-01 18:38:42
657,274,6544,0,2026-07-01 18:38:42
658,274,17500,0,2026-07-01 18:38:42
659,275,17505,0,2026-07-01 18:38:42
660,275,9375,0,2026-07-01 18:38:42
661,275,8638,0,2026-07-01 18:38:42
662,276,9062,0,2026-07-01 18:38:42
663,277,17445,0,2026-07-01 18:38:42
664,278,7170,0,2026-07-01 18:38:42
665,278,8493,0,2026-07-01 18:38:42
666,278,12863,0,2026-07-01 18:38:42
667,278,5932,0,2026-07-01 18:38:42
668,279,1370,0,2026-07-01 18:38:42
669,279,26,0,2026-07-01 18:38:42
670,280,14256,0,2026-07-01 18:38:42
671,280,689,0,2026-07-01 18:38:42
672,280,818,0,2026-07-01 18:38:42
673,280,817,0,2026-07-01 18:38:42
674,280,811,0,2026-07-01 18:38:42
675,280,9902,0,2026-07-01 18:38:42
676,280,10622,0,2026-07-01 18:38:42
677,280,9980,0,2026-07-01 18:38:42
678,280,12576,0,2026-07-01 18:38:42
679,280,946,0,2026-07-01 18:38:42
680,282,17507,0,2026-07-01 18:38:42
681,282,4072,0,2026-07-01 18:38:42
682,282,3311,0,2026-07-01 18:38:42
683,282,10510,0,2026-07-01 18:38:42
684,284,2442,0,2026-07-01 18:38:42
685,284,4041,0,2026-07-01 18:38:42
686,284,4038,0,2026-07-01 18:38:42
687,284,5625,0,2026-07-01 18:38:42
688,285,269,0,2026-07-01 18:38:42
689,285,2677,0,2026-07-01 18:38:42
690,286,17484,0,2026-07-01 18:38:42
691,286,3599,0,2026-07-01 18:38:42
692,286,17513,0,2026-07-01 18:38:42
693,286,6400,0,2026-07-01 18:38:42
694,286,6401,0,2026-07-01 18:38:42
695,286,818,0,2026-07-01 18:38:42
696,286,6119,0,2026-07-01 18:38:42
697,288,26,0,2026-07-01 18:38:42
698,288,17327,0,2026-07-01 18:38:42
699,288,8196,0,2026-07-01 18:38:42
700,289,952,0,2026-07-01 18:38:42
701,289,16261,0,2026-07-01 18:38:42
702,289,10020,0,2026-07-01 18:38:42
703,289,16255,0,2026-07-01 18:38:42
704,289,17306,0,2026-07-01 18:38:42
705,289,15,0,2026-07-01 18:38:42
706,289,6615,0,2026-07-01 18:38:42
707,290,1933,0,2026-07-01 18:38:42
708,290,3461,0,2026-07-01 18:38:42
709,290,3470,0,2026-07-01 18:38:42
710,293,12576,0,2026-07-01 18:38:42
711,293,17291,0,2026-07-01 18:38:42
712,294,3568,0,2026-07-01 18:38:42
713,294,12576,0,2026-07-01 18:38:42
714,296,5911,0,2026-07-01 18:38:42
715,296,7873,0,2026-07-01 18:38:42
716,296,15156,0,2026-07-01 18:38:42
717,296,12951,0,2026-07-01 18:38:42
718,300,705,0,2026-07-01 18:38:42
719,300,816,0,2026-07-01 18:38:42
720,300,1015,0,2026-07-01 18:38:42
721,300,9744,0,2026-07-01 18:38:42
722,300,10445,0,2026-07-01 18:38:42
723,300,11546,0,2026-07-01 18:38:42
724,302,1814,0,2026-07-01 18:38:42
725,303,17516,0,2026-07-01 18:38:42
726,304,7309,0,2026-07-01 18:38:42
727,304,12802,0,2026-07-01 18:38:42
728,304,4803,0,2026-07-01 18:38:42
729,304,4808,0,2026-07-01 18:38:42
730,305,6528,0,2026-07-01 18:38:42
731,305,17372,0,2026-07-01 18:38:42
732,305,6531,0,2026-07-01 18:38:42
733,305,13756,0,2026-07-01 18:38:42
734,306,6528,0,2026-07-01 18:38:42
735,306,17374,0,2026-07-01 18:38:42
736,306,17372,0,2026-07-01 18:38:42
737,306,6531,0,2026-07-01 18:38:42
738,306,17379,0,2026-07-01 18:38:42
739,306,13756,0,2026-07-01 18:38:42
740,307,13756,0,2026-07-01 18:38:42
741,307,17371,0,2026-07-01 18:38:42
742,307,17372,0,2026-07-01 18:38:42
743,307,14235,0,2026-07-01 18:38:42
744,307,674,0,2026-07-01 18:38:42
745,307,6531,0,2026-07-01 18:38:42
746,310,17287,0,2026-07-01 18:38:42
747,310,17354,0,2026-07-01 18:38:42
748,310,7269,0,2026-07-01 18:38:42
749,310,3381,0,2026-07-01 18:38:42
750,310,16908,0,2026-07-01 18:38:42
751,310,17517,0,2026-07-01 18:38:42
752,310,17308,0,2026-07-01 18:38:42
753,310,17286,0,2026-07-01 18:38:42
754,310,12934,0,2026-07-01 18:38:42
755,311,116,0,2026-07-01 18:38:42
756,311,5259,0,2026-07-01 18:38:42
757,314,7270,0,2026-07-01 18:38:42
758,314,3381,0,2026-07-01 18:38:42
759,314,13482,0,2026-07-01 18:38:42
760,314,8881,0,2026-07-01 18:38:42
761,314,1735,0,2026-07-01 18:38:42
762,314,8196,0,2026-07-01 18:38:42
763,314,17320,0,2026-07-01 18:38:42
764,314,17520,0,2026-07-01 18:38:42
765,314,12934,0,2026-07-01 18:38:42
766,314,17448,0,2026-07-01 18:38:42
767,314,17251,0,2026-07-01 18:38:42
768,314,16643,0,2026-07-01 18:38:42
769,314,17521,0,2026-07-01 18:38:42
770,314,13756,0,2026-07-01 18:38:42
771,314,17522,0,2026-07-01 18:38:42
772,314,17523,0,2026-07-01 18:38:42
773,314,17286,0,2026-07-01 18:38:42
774,315,7269,0,2026-07-01 18:38:42
775,315,7270,0,2026-07-01 18:38:42
776,315,3381,0,2026-07-01 18:38:42
777,315,17325,0,2026-07-01 18:38:42
778,315,13482,0,2026-07-01 18:38:42
779,315,8881,0,2026-07-01 18:38:42
780,315,17251,0,2026-07-01 18:38:42
781,315,1735,0,2026-07-01 18:38:42
782,315,17524,0,2026-07-01 18:38:42
783,315,17525,0,2026-07-01 18:38:42
784,315,8196,0,2026-07-01 18:38:42
785,315,17320,0,2026-07-01 18:38:42
786,315,12934,0,2026-07-01 18:38:42
787,315,16643,0,2026-07-01 18:38:42
788,315,17522,0,2026-07-01 18:38:42
789,315,17521,0,2026-07-01 18:38:42
790,315,17354,0,2026-07-01 18:38:42
791,315,17286,0,2026-07-01 18:38:42
792,319,2969,0,2026-07-01 18:38:42
793,320,117,0,2026-07-01 18:38:42
794,320,15030,0,2026-07-01 18:38:42
795,320,5248,0,2026-07-01 18:38:42
796,320,1316,0,2026-07-01 18:38:42
797,320,1727,0,2026-07-01 18:38:42
798,320,17532,0,2026-07-01 18:38:42
799,320,17533,0,2026-07-01 18:38:42
800,320,17534,0,2026-07-01 18:38:42
801,321,14,0,2026-07-01 18:38:42
802,323,15030,0,2026-07-01 18:38:42
803,323,9740,0,2026-07-01 18:38:42
804,323,9736,0,2026-07-01 18:38:42
805,323,117,0,2026-07-01 18:38:42
806,323,6695,0,2026-07-01 18:38:42
807,323,7649,0,2026-07-01 18:38:42
808,324,17344,0,2026-07-01 18:38:42
809,324,9726,0,2026-07-01 18:38:42
810,325,11101,0,2026-07-01 18:38:42
811,325,17344,0,2026-07-01 18:38:42
812,325,9730,0,2026-07-01 18:38:42
813,326,13,0,2026-07-01 18:38:42
814,326,7,0,2026-07-01 18:38:42
815,327,15156,0,2026-07-01 18:38:42
816,327,6678,0,2026-07-01 18:38:42
817,327,4910,0,2026-07-01 18:38:42
818,327,3294,0,2026-07-01 18:38:42
819,327,3622,0,2026-07-01 18:38:42
820,330,4803,0,2026-07-01 18:38:42
821,330,13592,0,2026-07-01 18:38:42
822,330,11001,0,2026-07-01 18:38:42
823,330,11708,0,2026-07-01 18:38:42
824,330,17538,0,2026-07-01 18:38:42
825,330,4148,0,2026-07-01 18:38:42
826,330,7246,0,2026-07-01 18:38:42
827,330,6650,0,2026-07-01 18:38:42
828,331,1933,0,2026-07-01 18:38:42
829,331,12943,0,2026-07-01 18:38:42
830,332,332,0,2026-07-01 18:38:42
831,332,1923,0,2026-07-01 18:38:42
832,334,17539,0,2026-07-01 18:38:42
833,335,16002,0,2026-07-01 18:38:42
834,335,16005,0,2026-07-01 18:38:42
835,335,16328,0,2026-07-01 18:38:42
836,335,1801,0,2026-07-01 18:38:42
837,336,877,0,2026-07-01 18:38:42
838,336,17540,0,2026-07-01 18:38:42
839,336,5059,0,2026-07-01 18:38:42
840,336,17541,0,2026-07-01 18:38:42
841,336,17542,0,2026-07-01 18:38:42
842,336,2188,0,2026-07-01 18:38:42
843,336,12882,0,2026-07-01 18:38:42
844,336,12375,0,2026-07-01 18:38:42
845,336,9740,0,2026-07-01 18:38:42
846,336,6537,0,2026-07-01 18:38:42
847,336,6539,0,2026-07-01 18:38:42
848,336,6543,0,2026-07-01 18:38:42
849,336,17388,0,2026-07-01 18:38:42
850,336,17543,0,2026-07-01 18:38:42
851,336,12882,0,2026-07-01 18:38:42
852,336,15653,0,2026-07-01 18:38:42
853,336,16788,0,2026-07-01 18:38:42
854,336,3986,0,2026-07-01 18:38:42
855,336,8676,0,2026-07-01 18:38:42
856,336,10345,0,2026-07-01 18:38:42
857,336,3029,0,2026-07-01 18:38:42
858,336,3032,0,2026-07-01 18:38:42
859,337,11845,0,2026-07-01 18:38:42
860,337,16908,0,2026-07-01 18:38:42
861,337,17251,0,2026-07-01 18:38:42
862,337,17404,0,2026-07-01 18:38:42
863,337,17446,0,2026-07-01 18:38:42
864,337,17447,0,2026-07-01 18:38:42
865,338,17545,0,2026-07-01 18:38:42
866,338,17401,0,2026-07-01 18:38:42
867,340,2680,0,2026-07-01 18:38:42
868,340,9383,0,2026-07-01 18:38:42
869,340,9736,0,2026-07-01 18:38:42
870,340,11001,0,2026-07-01 18:38:42
871,340,17314,0,2026-07-01 18:38:42
872,340,17483,0,2026-07-01 18:38:42
873,341,1803,0,2026-07-01 18:38:42
874,341,17546,0,2026-07-01 18:38:42
875,342,17547,0,2026-07-01 18:38:42
876,342,3294,0,2026-07-01 18:38:42
877,343,1801,0,2026-07-01 18:38:42
878,343,1523,0,2026-07-01 18:38:42
879,343,3460,0,2026-07-01 18:38:42
880,347,3484,0,2026-07-01 18:38:42
881,347,15179,0,2026-07-01 18:38:42
882,347,1969,0,2026-07-01 18:38:42
883,348,14,0,2026-07-01 18:38:42
884,348,13,0,2026-07-01 18:38:42
885,348,7,0,2026-07-01 18:38:42
886,348,18,0,2026-07-01 18:38:42
887,348,20,0,2026-07-01 18:38:42
888,348,16261,0,2026-07-01 18:38:42
889,348,5869,0,2026-07-01 18:38:42
890,348,14238,0,2026-07-01 18:38:42
891,348,17548,0,2026-07-01 18:38:42
892,348,6615,0,2026-07-01 18:38:42
893,348,280,0,2026-07-01 18:38:42
894,348,12,0,2026-07-01 18:38:42
895,348,15,0,2026-07-01 18:38:42
896,349,3460,0,2026-07-01 18:38:42
897,349,3481,0,2026-07-01 18:38:42
898,349,3487,0,2026-07-01 18:38:42
899,349,1523,0,2026-07-01 18:38:42
900,350,17445,0,2026-07-01 18:38:42
901,351,5667,0,2026-07-01 18:38:42
902,353,14238,0,2026-07-01 18:38:42
903,353,9740,0,2026-07-01 18:38:42
904,353,89,0,2026-07-01 18:38:42
905,353,15156,0,2026-07-01 18:38:42
906,353,331,0,2026-07-01 18:38:42
907,353,17551,0,2026-07-01 18:38:42
908,355,371,0,2026-07-01 18:38:42
909,355,2581,0,2026-07-01 18:38:42
910,355,2586,0,2026-07-01 18:38:42
911,355,2591,0,2026-07-01 18:38:42
912,355,2593,0,2026-07-01 18:38:42
913,357,118,0,2026-07-01 18:38:42
914,357,5667,0,2026-07-01 18:38:42
915,358,17545,0,2026-07-01 18:38:42
916,359,10445,0,2026-07-01 18:38:42
917,359,17557,0,2026-07-01 18:38:42
918,360,4717,0,2026-07-01 18:38:42
919,360,4720,0,2026-07-01 18:38:42
920,366,17563,0,2026-07-01 18:38:42
921,369,17546,0,2026-07-01 18:38:42
922,371,1351,0,2026-07-01 18:38:42
923,371,3657,0,2026-07-01 18:38:42
924,371,17309,0,2026-07-01 18:38:42
925,371,17564,0,2026-07-01 18:38:42
926,371,17565,0,2026-07-01 18:38:42
927,371,17566,0,2026-07-01 18:38:42
928,371,17567,0,2026-07-01 18:38:42
929,372,13438,0,2026-07-01 18:38:42
930,372,5308,0,2026-07-01 18:38:42
931,372,9100,0,2026-07-01 18:38:42
932,372,17568,0,2026-07-01 18:38:42
933,372,4148,0,2026-07-01 18:38:42
934,372,17569,0,2026-07-01 18:38:42
935,373,17514,0,2026-07-01 18:38:42
936,373,17368,0,2026-07-01 18:38:42
937,373,17354,0,2026-07-01 18:38:42
938,373,17308,0,2026-07-01 18:38:42
939,373,17570,0,2026-07-01 18:38:42
940,373,8196,0,2026-07-01 18:38:42
941,373,17369,0,2026-07-01 18:38:42
942,373,3381,0,2026-07-01 18:38:42
943,373,7269,0,2026-07-01 18:38:42
944,373,1735,0,2026-07-01 18:38:42
945,373,17352,0,2026-07-01 18:38:42
946,373,16908,0,2026-07-01 18:38:42
947,374,1735,0,2026-07-01 18:38:42
948,374,7270,0,2026-07-01 18:38:42
949,374,8196,0,2026-07-01 18:38:42
950,374,17251,0,2026-07-01 18:38:42
951,374,17320,0,2026-07-01 18:38:42
952,374,17325,0,2026-07-01 18:38:42
953,374,17571,0,2026-07-01 18:38:42
954,374,16004,0,2026-07-01 18:38:42
955,375,1735,0,2026-07-01 18:38:42
956,375,7270,0,2026-07-01 18:38:42
957,375,8196,0,2026-07-01 18:38:42
958,375,17251,0,2026-07-01 18:38:42
959,375,17320,0,2026-07-01 18:38:42
960,375,17325,0,2026-07-01 18:38:42
961,375,17571,0,2026-07-01 18:38:42
962,375,16004,0,2026-07-01 18:38:42
963,376,7269,0,2026-07-01 18:38:42
964,376,3381,0,2026-07-01 18:38:42
965,376,1735,0,2026-07-01 18:38:42
966,376,17308,0,2026-07-01 18:38:42
967,376,16908,0,2026-07-01 18:38:42
968,376,8196,0,2026-07-01 18:38:42
969,377,7270,0,2026-07-01 18:38:42
970,377,17325,0,2026-07-01 18:38:42
971,377,8196,0,2026-07-01 18:38:42
972,377,17320,0,2026-07-01 18:38:42
973,377,17352,0,2026-07-01 18:38:42
974,377,1735,0,2026-07-01 18:38:42
975,377,17354,0,2026-07-01 18:38:42
976,377,17286,0,2026-07-01 18:38:42
977,377,17251,0,2026-07-01 18:38:42
978,377,17368,0,2026-07-01 18:38:42
979,377,17327,0,2026-07-01 18:38:42
980,378,7269,0,2026-07-01 18:38:42
981,378,3381,0,2026-07-01 18:38:42
982,378,8359,0,2026-07-01 18:38:42
983,378,17287,0,2026-07-01 18:38:42
984,378,6400,0,2026-07-01 18:38:42
985,378,17572,0,2026-07-01 18:38:42
986,380,2442,0,2026-07-01 18:38:42
987,380,3089,0,2026-07-01 18:38:42
988,380,3285,0,2026-07-01 18:38:42
989,380,3485,0,2026-07-01 18:38:42
990,380,4048,0,2026-07-01 18:38:42
991,380,9343,0,2026-07-01 18:38:42
992,380,9740,0,2026-07-01 18:38:42
993,380,12863,0,2026-07-01 18:38:42
994,380,15211,0,2026-07-01 18:38:42
995,380,17573,0,2026-07-01 18:38:42
996,380,17574,0,2026-07-01 18:38:42
997,382,12771,0,2026-07-01 18:38:42
998,383,11450,0,2026-07-01 18:38:42
999,384,14253,0,2026-07-01 18:38:42
1000,385,3029,0,2026-07-01 18:38:42
1001,385,3031,0,2026-07-01 18:38:42
1002,385,17575,0,2026-07-01 18:38:42
1003,388,17576,0,2026-07-01 18:38:42
1004,388,3293,0,2026-07-01 18:38:42
1005,389,3484,0,2026-07-01 18:38:42
1006,389,9101,0,2026-07-01 18:38:42
1007,389,11036,0,2026-07-01 18:38:42
1008,389,11209,0,2026-07-01 18:38:42
1009,389,17577,0,2026-07-01 18:38:42
1010,391,17575,0,2026-07-01 18:38:42
1011,392,1985,0,2026-07-01 18:38:42
1012,392,17277,0,2026-07-01 18:38:42
1013,392,12132,0,2026-07-01 18:38:42
1014,392,17555,0,2026-07-01 18:38:42
1015,392,9736,0,2026-07-01 18:38:42
1016,394,3635,0,2026-07-01 18:38:42
1017,394,3293,0,2026-07-01 18:38:42
1018,395,16371,0,2026-07-01 18:38:42
1019,395,16800,0,2026-07-01 18:38:42
1020,395,16796,0,2026-07-01 18:38:42
1021,395,17578,0,2026-07-01 18:38:42
1022,395,17579,0,2026-07-01 18:38:42
1023,395,17580,0,2026-07-01 18:38:42
1024,395,17581,0,2026-07-01 18:38:42
1025,395,13577,0,2026-07-01 18:38:42
1026,395,17582,0,2026-07-01 18:38:42
1027,395,13077,0,2026-07-01 18:38:42
1028,395,17583,0,2026-07-01 18:38:42
1029,395,17584,0,2026-07-01 18:38:42
1030,395,17585,0,2026-07-01 18:38:42
1031,395,17586,0,2026-07-01 18:38:42
1032,396,12586,0,2026-07-01 18:38:42
1033,396,17587,0,2026-07-01 18:38:42
1034,397,14272,0,2026-07-01 18:38:42
1035,398,14272,0,2026-07-01 18:38:42
1036,399,14272,0,2026-07-01 18:38:42
1037,400,17595,0,2026-07-01 18:38:42
1038,400,17419,0,2026-07-01 18:38:42
1039,400,7269,0,2026-07-01 18:38:42
1040,400,3381,0,2026-07-01 18:38:42
1041,400,8196,0,2026-07-01 18:38:42
1042,400,9902,0,2026-07-01 18:38:42
1043,400,16644,0,2026-07-01 18:38:42
1044,401,8191,0,2026-07-01 18:38:42
1045,401,8196,0,2026-07-01 18:38:42
1046,401,7269,0,2026-07-01 18:38:42
1047,401,3381,0,2026-07-01 18:38:42
1048,401,17327,0,2026-07-01 18:38:42
1049,401,3479,0,2026-07-01 18:38:42
1050,401,15153,0,2026-07-01 18:38:42
1051,402,4089,0,2026-07-01 18:38:42
1052,402,12576,0,2026-07-01 18:38:42
1053,402,17599,0,2026-07-01 18:38:42
1054,402,17600,0,2026-07-01 18:38:42
1055,402,17601,0,2026-07-01 18:38:42
1056,403,17604,0,2026-07-01 18:38:42
1057,403,17605,0,2026-07-01 18:38:42
1058,403,17606,0,2026-07-01 18:38:42
1059,403,122,0,2026-07-01 18:38:42
1060,403,17607,0,2026-07-01 18:38:42
1061,403,17608,0,2026-07-01 18:38:42
1062,404,17609,0,2026-07-01 18:38:42
1063,404,17605,0,2026-07-01 18:38:42
1064,404,17610,0,2026-07-01 18:38:42
1065,404,17611,0,2026-07-01 18:38:42
1066,404,13455,0,2026-07-01 18:38:42
1067,404,17612,0,2026-07-01 18:38:42
1068,405,17605,0,2026-07-01 18:38:42
1069,405,17607,0,2026-07-01 18:38:42
1070,405,17604,0,2026-07-01 18:38:42
1071,405,17610,0,2026-07-01 18:38:42
1072,405,17605,0,2026-07-01 18:38:42
1073,405,17612,0,2026-07-01 18:38:42
1074,406,17613,0,2026-07-01 18:38:42
1075,406,17605,0,2026-07-01 18:38:42
1076,406,17612,0,2026-07-01 18:38:42
1077,406,17606,0,2026-07-01 18:38:42
1078,408,3622,0,2026-07-01 18:38:42
1079,408,17563,0,2026-07-01 18:38:42
1080,408,17377,0,2026-07-01 18:38:42
1081,409,17616,0,2026-07-01 18:38:42
1082,409,7093,0,2026-07-01 18:38:42
1083,411,1735,0,2026-07-01 18:38:42
1084,411,3087,0,2026-07-01 18:38:42
1085,411,4517,0,2026-07-01 18:38:42
1086,411,7270,0,2026-07-01 18:38:42
1087,411,8196,0,2026-07-01 18:38:42
1088,411,17286,0,2026-07-01 18:38:42
1089,411,17291,0,2026-07-01 18:38:42
1090,411,17308,0,2026-07-01 18:38:42
1091,411,17404,0,2026-07-01 18:38:42
1092,411,17446,0,2026-07-01 18:38:42
1093,411,17447,0,2026-07-01 18:38:42
1094,411,17617,0,2026-07-01 18:38:42
1095,411,17618,0,2026-07-01 18:38:42
1096,412,14672,0,2026-07-01 18:38:42
1097,412,3013,0,2026-07-01 18:38:42
1098,412,9414,0,2026-07-01 18:38:42
1099,412,1801,0,2026-07-01 18:38:42
1100,412,3755,0,2026-07-01 18:38:42
1101,412,2002,0,2026-07-01 18:38:42
1102,412,14583,0,2026-07-01 18:38:42
1103,413,17619,0,2026-07-01 18:38:42
1104,413,2002,0,2026-07-01 18:38:42
1105,413,17620,0,2026-07-01 18:38:42
1106,414,16607,0,2026-07-01 18:38:42
1107,414,12863,0,2026-07-01 18:38:42
1108,414,14583,0,2026-07-01 18:38:42
1109,414,12132,0,2026-07-01 18:38:42
1110,415,17419,0,2026-07-01 18:38:42
1111,416,602,0,2026-07-01 18:38:42
1112,416,1735,0,2026-07-01 18:38:42
1113,416,3381,0,2026-07-01 18:38:42
1114,416,7269,0,2026-07-01 18:38:42
1115,416,8196,0,2026-07-01 18:38:42
1116,416,10253,0,2026-07-01 18:38:42
1117,416,11855,0,2026-07-01 18:38:42
1118,417,1735,0,2026-07-01 18:38:42
1119,417,3381,0,2026-07-01 18:38:42
1120,417,7269,0,2026-07-01 18:38:42
1121,417,10253,0,2026-07-01 18:38:42
1122,417,11855,0,2026-07-01 18:38:42
1123,417,17595,0,2026-07-01 18:38:42
1124,417,17623,0,2026-07-01 18:38:42
1125,417,17624,0,2026-07-01 18:38:42
1126,417,17627,0,2026-07-01 18:38:42
1127,417,17628,0,2026-07-01 18:38:42
1128,418,3381,0,2026-07-01 18:38:42
1129,418,7269,0,2026-07-01 18:38:42
1130,418,10253,0,2026-07-01 18:38:42
1131,418,11845,0,2026-07-01 18:38:42
1132,418,11855,0,2026-07-01 18:38:42
1133,418,16908,0,2026-07-01 18:38:42
1134,418,17595,0,2026-07-01 18:38:42
1135,418,17624,0,2026-07-01 18:38:42
1136,418,17628,0,2026-07-01 18:38:42
1137,419,1735,0,2026-07-01 18:38:42
1138,419,3381,0,2026-07-01 18:38:42
1139,419,7269,0,2026-07-01 18:38:42
1140,419,8881,0,2026-07-01 18:38:42
1141,419,10253,0,2026-07-01 18:38:42
1142,419,17368,0,2026-07-01 18:38:42
1143,419,17513,0,2026-07-01 18:38:42
1144,419,17514,0,2026-07-01 18:38:42
1145,419,17595,0,2026-07-01 18:38:42
1146,419,17624,0,2026-07-01 18:38:42
1147,419,17627,0,2026-07-01 18:38:42
1148,419,17628,0,2026-07-01 18:38:42
1149,419,17633,0,2026-07-01 18:38:42
1150,419,17634,0,2026-07-01 18:38:42
1151,419,17635,0,2026-07-01 18:38:42
1152,419,17636,0,2026-07-01 18:38:42
1153,419,17637,0,2026-07-01 18:38:42
1154,420,1735,0,2026-07-01 18:38:42
1155,420,3381,0,2026-07-01 18:38:42
1156,420,4304,0,2026-07-01 18:38:42
1157,420,7269,0,2026-07-01 18:38:42
1158,420,7270,0,2026-07-01 18:38:42
1159,420,10253,0,2026-07-01 18:38:42
1160,420,15909,0,2026-07-01 18:38:42
1161,420,17595,0,2026-07-01 18:38:42
1162,420,17623,0,2026-07-01 18:38:42
1163,420,17624,0,2026-07-01 18:38:42
1164,420,17625,0,2026-07-01 18:38:42
1165,420,17626,0,2026-07-01 18:38:42
1166,420,17628,0,2026-07-01 18:38:42
1167,420,17638,0,2026-07-01 18:38:42
1168,420,17640,0,2026-07-01 18:38:42
1169,420,17641,0,2026-07-01 18:38:42
1170,420,17642,0,2026-07-01 18:38:42
1171,421,17514,0,2026-07-01 18:38:42
1172,421,17623,0,2026-07-01 18:38:42
1173,421,7269,0,2026-07-01 18:38:42
1174,421,3381,0,2026-07-01 18:38:42
1175,421,8196,0,2026-07-01 18:38:42
1176,421,11855,0,2026-07-01 18:38:42
1177,421,17626,0,2026-07-01 18:38:42
1178,421,17595,0,2026-07-01 18:38:42
1179,422,17514,0,2026-07-01 18:38:42
1180,422,3381,0,2026-07-01 18:38:42
1181,422,7270,0,2026-07-01 18:38:42
1182,422,17595,0,2026-07-01 18:38:42
1183,422,11855,0,2026-07-01 18:38:42
1184,422,17626,0,2026-07-01 18:38:42
1185,422,1735,0,2026-07-01 18:38:42
1186,422,8196,0,2026-07-01 18:38:42
1187,423,3293,0,2026-07-01 18:38:42
1188,423,8620,0,2026-07-01 18:38:42
1189,423,11703,0,2026-07-01 18:38:42
1190,423,17604,0,2026-07-01 18:38:42
1191,423,17611,0,2026-07-01 18:38:42
1192,423,17643,0,2026-07-01 18:38:42
1193,423,17644,0,2026-07-01 18:38:42
1194,423,17645,0,2026-07-01 18:38:42
1195,424,17557,0,2026-07-01 18:38:42
1196,424,17236,0,2026-07-01 18:38:42
1197,424,17555,0,2026-07-01 18:38:42
1198,424,17610,0,2026-07-01 18:38:42
1199,424,17605,0,2026-07-01 18:38:42
1200,425,15157,0,2026-07-01 18:38:42
1201,425,16918,0,2026-07-01 18:38:42
1202,425,8620,0,2026-07-01 18:38:42
1203,425,17643,0,2026-07-01 18:38:42
1204,425,15890,0,2026-07-01 18:38:42
1205,425,17645,0,2026-07-01 18:38:42
1206,425,17645,0,2026-07-01 18:38:42
1207,425,3293,0,2026-07-01 18:38:42
1208,425,17647,0,2026-07-01 18:38:42
1209,425,17648,0,2026-07-01 18:38:42
1210,426,15152,0,2026-07-01 18:38:42
1211,426,13387,0,2026-07-01 18:38:42
1212,426,8620,0,2026-07-01 18:38:42
1213,426,17643,0,2026-07-01 18:38:42
1214,426,17645,0,2026-07-01 18:38:42
1215,426,17645,0,2026-07-01 18:38:42
1216,429,17649,0,2026-07-01 18:38:42
1217,429,120,0,2026-07-01 18:38:42
1218,429,2200,0,2026-07-01 18:38:42
1219,432,6439,0,2026-07-01 18:38:42
1220,432,7311,0,2026-07-01 18:38:42
1221,432,17505,0,2026-07-01 18:38:42
1222,432,4802,0,2026-07-01 18:38:42
1223,432,4804,0,2026-07-01 18:38:42
1224,432,4803,0,2026-07-01 18:38:42
1225,432,17552,0,2026-07-01 18:38:42
1226,432,11552,0,2026-07-01 18:38:42
1227,432,1116,0,2026-07-01 18:38:42
1228,432,17247,0,2026-07-01 18:38:42
1229,433,3306,0,2026-07-01 18:38:42
1230,433,14678,0,2026-07-01 18:38:42
1231,433,15157,0,2026-07-01 18:38:42
1232,435,14234,0,2026-07-01 18:38:42
1233,436,17314,0,2026-07-01 18:38:42
1234,436,8308,0,2026-07-01 18:38:42
1235,436,17344,0,2026-07-01 18:38:42
1236,436,17404,0,2026-07-01 18:38:42
1237,437,8137,0,2026-07-01 18:38:42
1238,438,17314,0,2026-07-01 18:38:42
1239,438,3471,0,2026-07-01 18:38:42
1240,438,3642,0,2026-07-01 18:38:42
1241,438,17654,0,2026-07-01 18:38:42
1242,438,17655,0,2026-07-01 18:38:42
1243,439,1971,0,2026-07-01 18:38:42
1244,440,11855,0,2026-07-01 18:38:42
1245,440,17656,0,2026-07-01 18:38:42
1246,440,10253,0,2026-07-01 18:38:42
1247,440,17485,0,2026-07-01 18:38:42
1248,440,7270,0,2026-07-01 18:38:42
1249,440,8196,0,2026-07-01 18:38:42
1250,440,17320,0,2026-07-01 18:38:42
1251,440,6400,0,2026-07-01 18:38:42
1252,440,602,0,2026-07-01 18:38:42
1253,440,8287,0,2026-07-01 18:38:42
1254,441,690,0,2026-07-01 18:38:42
1255,441,17484,0,2026-07-01 18:38:42
1256,441,17661,0,2026-07-01 18:38:42
1257,441,8191,0,2026-07-01 18:38:42
1258,442,12284,0,2026-07-01 18:38:42
1259,442,2915,0,2026-07-01 18:38:42
1260,442,2989,0,2026-07-01 18:38:42
1261,442,3011,0,2026-07-01 18:38:42
1262,443,17575,0,2026-07-01 18:38:42
1263,443,17461,0,2026-07-01 18:38:42
1264,443,17555,0,2026-07-01 18:38:42
1265,446,482,0,2026-07-01 18:38:42
1266,446,1559,0,2026-07-01 18:38:42
1267,446,5926,0,2026-07-01 18:38:42
1268,446,5932,0,2026-07-01 18:38:42
1269,446,7175,0,2026-07-01 18:38:42
1270,446,9717,0,2026-07-01 18:38:42
1271,446,9967,0,2026-07-01 18:38:42
1272,446,10288,0,2026-07-01 18:38:42
1273,446,14296,0,2026-07-01 18:38:42
1274,446,17250,0,2026-07-01 18:38:42
1275,446,17461,0,2026-07-01 18:38:42
1276,447,2593,0,2026-07-01 18:38:42
1277,447,10460,0,2026-07-01 18:38:42
1278,448,17696,0,2026-07-01 18:38:42
1279,448,17575,0,2026-07-01 18:38:42
1280,449,3484,0,2026-07-01 18:38:42
1281,450,3484,0,2026-07-01 18:38:42
1282,451,17575,0,2026-07-01 18:38:42
1283,452,12802,0,2026-07-01 18:38:42
1284,452,17686,0,2026-07-01 18:38:42
1285,453,17575,0,2026-07-01 18:38:42
1286,453,17607,0,2026-07-01 18:38:42
1287,453,17686,0,2026-07-01 18:38:42
1288,454,8843,0,2026-07-01 18:38:42
1289,454,8842,0,2026-07-01 18:38:42
1290,454,8845,0,2026-07-01 18:38:42
1291,454,17698,0,2026-07-01 18:38:42
1292,458,17484,0,2026-07-01 18:38:42
1293,458,17514,0,2026-07-01 18:38:42
1294,458,17354,0,2026-07-01 18:38:42
1295,458,3091,0,2026-07-01 18:38:42
1296,458,17515,0,2026-07-01 18:38:42
1297,458,3205,0,2026-07-01 18:38:42
1298,460,6035,0,2026-07-01 18:38:42
1299,460,9902,0,2026-07-01 18:38:42
1300,460,9922,0,2026-07-01 18:38:42
1301,460,12934,0,2026-07-01 18:38:42
1302,460,16644,0,2026-07-01 18:38:42
1303,460,17624,0,2026-07-01 18:38:42
1304,460,7269,0,2026-07-01 18:38:42
1305,460,3381,0,2026-07-01 18:38:42
1306,460,8196,0,2026-07-01 18:38:42
1307,460,17369,0,2026-07-01 18:38:42
1308,460,17484,0,2026-07-01 18:38:42
1309,460,17287,0,2026-07-01 18:38:42
1310,460,17628,0,2026-07-01 18:38:42
1311,460,6401,0,2026-07-01 18:38:42
1312,462,17575,0,2026-07-01 18:38:42
1313,462,17612,0,2026-07-01 18:38:42
1314,463,118,0,2026-07-01 18:38:42
1315,463,1901,0,2026-07-01 18:38:42
1316,463,17613,0,2026-07-01 18:38:42
1317,463,269,0,2026-07-01 18:38:42
1318,463,17610,0,2026-07-01 18:38:42
1319,465,12944,0,2026-07-01 18:38:42
1320,466,11553,0,2026-07-01 18:38:42
1321,466,4803,0,2026-07-01 18:38:42
1322,466,4805,0,2026-07-01 18:38:42
1323,466,4148,0,2026-07-01 18:38:42
1324,466,17346,0,2026-07-01 18:38:42
1325,466,17267,0,2026-07-01 18:38:42
1326,467,8137,0,2026-07-01 18:38:42
1327,467,17357,0,2026-07-01 18:38:42
1328,467,4803,0,2026-07-01 18:38:42
1329,469,816,0,2026-07-01 18:38:42
1330,470,17702,0,2026-07-01 18:38:42
1331,470,17686,0,2026-07-01 18:38:42
1332,470,17703,0,2026-07-01 18:38:42
1333,471,2677,0,2026-07-01 18:38:42
1334,471,17704,0,2026-07-01 18:38:42
1335,471,17705,0,2026-07-01 18:38:42
1336,471,13592,0,2026-07-01 18:38:42
1337,471,14385,0,2026-07-01 18:38:42
1338,471,17706,0,2026-07-01 18:38:42
1339,471,4803,0,2026-07-01 18:38:42
1340,471,17357,0,2026-07-01 18:38:42
1341,471,12087,0,2026-07-01 18:38:42
1342,474,17686,0,2026-07-01 18:38:42
1343,474,17672,0,2026-07-01 18:38:42
1344,474,17575,0,2026-07-01 18:38:42
1345,474,17684,0,2026-07-01 18:38:42
1346,474,17461,0,2026-07-01 18:38:42
1347,476,17575,0,2026-07-01 18:38:42
1348,476,17652,0,2026-07-01 18:38:42
1349,478,16643,0,2026-07-01 18:38:42
1350,478,12934,0,2026-07-01 18:38:42
1351,478,7270,0,2026-07-01 18:38:42
1352,478,3381,0,2026-07-01 18:38:42
1353,478,1735,0,2026-07-01 18:38:42
1354,478,17320,0,2026-07-01 18:38:42
1355,478,8196,0,2026-07-01 18:38:42
1356,478,16908,0,2026-07-01 18:38:42
1357,478,17709,0,2026-07-01 18:38:42
1358,480,15252,0,2026-07-01 18:38:42
1359,480,15255,0,2026-07-01 18:38:42
1360,480,15257,0,2026-07-01 18:38:42
1361,481,15252,0,2026-07-01 18:38:42
1362,481,15253,0,2026-07-01 18:38:42
1363,481,15254,0,2026-07-01 18:38:42
1364,481,15257,0,2026-07-01 18:38:42
1365,482,17555,0,2026-07-01 18:38:42
1366,482,17575,0,2026-07-01 18:38:42
1367,482,17684,0,2026-07-01 18:38:42
1368,483,17684,0,2026-07-01 18:38:42
1369,483,17227,0,2026-07-01 18:38:42
1370,483,5245,0,2026-07-01 18:38:42
1371,483,13393,0,2026-07-01 18:38:42
1372,484,3148,0,2026-07-01 18:38:42
1373,484,1137,0,2026-07-01 18:38:42
1374,484,1903,0,2026-07-01 18:38:42
1375,484,17608,0,2026-07-01 18:38:42
1376,484,5687,0,2026-07-01 18:38:42
1377,485,17546,0,2026-07-01 18:38:42
1378,486,16296,0,2026-07-01 18:38:42
1379,486,15174,0,2026-07-01 18:38:42
1380,486,17683,0,2026-07-01 18:38:42
1381,486,2974,0,2026-07-01 18:38:42
1382,486,2969,0,2026-07-01 18:38:42
1383,487,7649,0,2026-07-01 18:38:42
1384,487,6695,0,2026-07-01 18:38:42
1385,487,15137,0,2026-07-01 18:38:42
1386,489,17575,0,2026-07-01 18:38:42
1387,491,17672,0,2026-07-01 18:38:42
1388,491,14030,0,2026-07-01 18:38:42
1389,491,17716,0,2026-07-01 18:38:42
1390,491,15430,0,2026-07-01 18:38:42
1391,492,17672,0,2026-07-01 18:38:42
1392,496,12014,0,2026-07-01 18:38:42
1393,496,7093,0,2026-07-01 18:38:42
1394,496,7094,0,2026-07-01 18:38:42
1395,496,537,0,2026-07-01 18:38:42
1396,496,4649,0,2026-07-01 18:38:42
1397,496,3050,0,2026-07-01 18:38:42
1398,496,11442,0,2026-07-01 18:38:42
1399,496,3484,0,2026-07-01 18:38:42
1400,496,3051,0,2026-07-01 18:38:42
1401,497,17575,0,2026-07-01 18:38:42
1402,497,17674,0,2026-07-01 18:38:42
1403,497,17684,0,2026-07-01 18:38:42
1404,497,17686,0,2026-07-01 18:38:42
1405,497,17477,0,2026-07-01 18:38:42
1406,497,2963,0,2026-07-01 18:38:42
1407,497,14262,0,2026-07-01 18:38:42
1408,497,16626,0,2026-07-01 18:38:42
1409,498,7663,0,2026-07-01 18:38:42
1410,498,17461,0,2026-07-01 18:38:42
1411,498,6450,0,2026-07-01 18:38:42
1412,498,3046,0,2026-07-01 18:38:42
1413,500,118,0,2026-07-01 18:38:42
1414,500,3768,0,2026-07-01 18:38:42
1415,500,11211,0,2026-07-01 18:38:42
1416,500,13438,0,2026-07-01 18:38:42
1417,500,13458,0,2026-07-01 18:38:42
1418,500,13465,0,2026-07-01 18:38:42
1419,500,17609,0,2026-07-01 18:38:42
1420,501,13458,0,2026-07-01 18:38:42
1421,501,121,0,2026-07-01 18:38:42
1422,501,122,0,2026-07-01 18:38:42
1423,501,3013,0,2026-07-01 18:38:42
1424,501,9449,0,2026-07-01 18:38:42
1425,502,119,0,2026-07-01 18:38:42
1426,502,17575,0,2026-07-01 18:38:42
1427,502,3468,0,2026-07-01 18:38:42
1428,502,2200,0,2026-07-01 18:38:42
1429,502,13458,0,2026-07-01 18:38:42
1430,503,17575,0,2026-07-01 18:38:42
1431,504,9063,0,2026-07-01 18:38:42
1432,504,17263,0,2026-07-01 18:38:42
1433,505,17704,0,2026-07-01 18:38:42
1434,505,17727,0,2026-07-01 18:38:42
1435,506,4156,0,2026-07-01 18:38:42
1436,506,3254,0,2026-07-01 18:38:42
1437,507,3252,0,2026-07-01 18:38:42
1438,512,17557,0,2026-07-01 18:38:42
1439,516,17401,0,2026-07-01 18:38:42
1440,516,17670,0,2026-07-01 18:38:42
1441,517,17401,0,2026-07-01 18:38:42
1442,517,17686,0,2026-07-01 18:38:42
1443,517,17678,0,2026-07-01 18:38:42
1444,518,17730,0,2026-07-01 18:38:42
1445,518,6011,0,2026-07-01 18:38:42
1446,518,17731,0,2026-07-01 18:38:42
1447,518,17401,0,2026-07-01 18:38:42
1448,518,8287,0,2026-07-01 18:38:42
1449,518,17732,0,2026-07-01 18:38:42
1450,518,3317,0,2026-07-01 18:38:42
1451,518,15157,0,2026-07-01 18:38:42
1452,518,245,0,2026-07-01 18:38:42
1453,518,17355,0,2026-07-01 18:38:42
1454,518,6431,0,2026-07-01 18:38:42
1455,519,17732,0,2026-07-01 18:38:42
1456,519,17733,0,2026-07-01 18:38:42
1457,519,17734,0,2026-07-01 18:38:42
1458,519,17735,0,2026-07-01 18:38:42
1459,519,8287,0,2026-07-01 18:38:42
1460,519,3311,0,2026-07-01 18:38:42
1461,519,6431,0,2026-07-01 18:38:42
1462,519,12375,0,2026-07-01 18:38:42
1463,520,17686,0,2026-07-01 18:38:42
1464,520,17672,0,2026-07-01 18:38:42
1465,520,17669,0,2026-07-01 18:38:42
1466,520,6431,0,2026-07-01 18:38:42
1467,521,11855,0,2026-07-01 18:38:42
1468,521,11859,0,2026-07-01 18:38:42
1469,521,491,0,2026-07-01 18:38:42
1470,521,7270,0,2026-07-01 18:38:42
1471,521,3381,0,2026-07-01 18:38:42
1472,521,8196,0,2026-07-01 18:38:42
1473,521,9980,0,2026-07-01 18:38:42
1474,521,17287,0,2026-07-01 18:38:42
1475,521,10622,0,2026-07-01 18:38:42
1476,521,12576,0,2026-07-01 18:38:42
1477,526,17737,0,2026-07-01 18:38:42
1478,531,17740,0,2026-07-01 18:38:42
1479,532,17740,0,2026-07-01 18:38:42
1480,532,269,0,2026-07-01 18:38:42
1481,533,3484,0,2026-07-01 18:38:42
1482,534,12964,0,2026-07-01 18:38:42
1483,534,12963,0,2026-07-01 18:38:42
1484,534,12966,0,2026-07-01 18:38:42
1485,534,5943,0,2026-07-01 18:38:42
1486,535,10455,0,2026-07-01 18:38:42
1487,535,13215,0,2026-07-01 18:38:42
1488,535,14905,0,2026-07-01 18:38:42
1489,535,13210,0,2026-07-01 18:38:42
1490,535,7860,0,2026-07-01 18:38:42
1491,535,10458,0,2026-07-01 18:38:42
1492,535,16847,0,2026-07-01 18:38:42
1493,535,9776,0,2026-07-01 18:38:42
1494,537,17607,0,2026-07-01 18:38:42
1495,538,119,0,2026-07-01 18:38:42
1496,538,122,0,2026-07-01 18:38:42
1497,538,121,0,2026-07-01 18:38:42
1498,538,8493,0,2026-07-01 18:38:42
1499,538,123,0,2026-07-01 18:38:42
1500,539,17693,0,2026-07-01 18:38:42
1501,542,15156,0,2026-07-01 18:38:42
1502,542,3485,0,2026-07-01 18:38:42
1503,546,8191,0,2026-07-01 18:38:42
1504,546,3682,0,2026-07-01 18:38:42
1505,547,7269,0,2026-07-01 18:38:42
1506,547,3381,0,2026-07-01 18:38:42
1507,547,8196,0,2026-07-01 18:38:42
1508,547,17327,0,2026-07-01 18:38:42
1509,547,10622,0,2026-07-01 18:38:42
1510,547,16213,0,2026-07-01 18:38:42
1511,548,9717,0,2026-07-01 18:38:42
1512,548,12586,0,2026-07-01 18:38:42
1513,549,12586,0,2026-07-01 18:38:42
1514,549,9717,0,2026-07-01 18:38:42
1515,551,1515,0,2026-07-01 18:38:42
1516,551,17752,0,2026-07-01 18:38:42
1517,551,3628,0,2026-07-01 18:38:42
1518,551,5157,0,2026-07-01 18:38:42
1519,551,3610,0,2026-07-01 18:38:42
1520,551,17344,0,2026-07-01 18:38:42
1521,551,17753,0,2026-07-01 18:38:42
1522,551,17754,0,2026-07-01 18:38:42
1523,551,9744,0,2026-07-01 18:38:42
1524,552,9395,0,2026-07-01 18:38:42
1525,552,818,0,2026-07-01 18:38:42
1526,552,6119,0,2026-07-01 18:38:42
1527,552,8287,0,2026-07-01 18:38:42
1528,552,1914,0,2026-07-01 18:38:42
1529,559,9395,0,2026-07-01 18:38:42
1530,559,818,0,2026-07-01 18:38:42
1531,559,1915,0,2026-07-01 18:38:42
1532,559,426,0,2026-07-01 18:38:42
1533,559,13601,0,2026-07-01 18:38:42
1534,559,14632,0,2026-07-01 18:38:42
1535,559,3091,0,2026-07-01 18:38:42
1536,559,6119,0,2026-07-01 18:38:42
1537,562,17515,0,2026-07-01 18:38:42
1538,562,8202,0,2026-07-01 18:38:42
1539,562,14506,0,2026-07-01 18:38:42
1540,562,14508,0,2026-07-01 18:38:42
1541,562,10253,0,2026-07-01 18:38:42
1542,562,17327,0,2026-07-01 18:38:42
1543,563,5432,0,2026-07-01 18:38:42
1544,563,9667,0,2026-07-01 18:38:42
1545,563,9736,0,2026-07-01 18:38:42
1546,563,17448,0,2026-07-01 18:38:42
1547,563,17251,0,2026-07-01 18:38:42
1548,564,17314,0,2026-07-01 18:38:42
1549,564,15017,0,2026-07-01 18:38:42
1550,564,7865,0,2026-07-01 18:38:42
1551,564,11001,0,2026-07-01 18:38:42
1552,564,11066,0,2026-07-01 18:38:42
1553,565,17247,0,2026-07-01 18:38:42
1554,565,17344,0,2026-07-01 18:38:42
1555,565,9667,0,2026-07-01 18:38:42
1556,565,12331,0,2026-07-01 18:38:42
1557,565,12309,0,2026-07-01 18:38:42
1558,566,15017,0,2026-07-01 18:38:42
1559,566,13592,0,2026-07-01 18:38:42
1560,566,17758,0,2026-07-01 18:38:42
1561,567,12801,0,2026-07-01 18:38:42
1562,567,17759,0,2026-07-01 18:38:42
1563,567,11001,0,2026-07-01 18:38:42
1564,567,17743,0,2026-07-01 18:38:42
1565,568,16644,0,2026-07-01 18:38:42
1566,569,17575,0,2026-07-01 18:38:42
1567,569,17760,0,2026-07-01 18:38:42
1568,569,12587,0,2026-07-01 18:38:42
1569,569,17761,0,2026-07-01 18:38:42
1570,569,15160,0,2026-07-01 18:38:42
1571,569,17762,0,2026-07-01 18:38:42
1572,569,17763,0,2026-07-01 18:38:42
1573,569,17764,0,2026-07-01 18:38:42
1574,572,3091,0,2026-07-01 18:38:42
1575,572,17515,0,2026-07-01 18:38:42
1576,572,17353,0,2026-07-01 18:38:42
1577,573,6190,0,2026-07-01 18:38:42
1578,575,8191,0,2026-07-01 18:38:42
1579,575,17515,0,2026-07-01 18:38:42
1580,575,17713,0,2026-07-01 18:38:42
1581,575,17765,0,2026-07-01 18:38:42
1582,575,780,0,2026-07-01 18:38:42
1583,575,14506,0,2026-07-01 18:38:42
1584,575,17766,0,2026-07-01 18:38:42
1585,575,9744,0,2026-07-01 18:38:42
1586,575,7002,0,2026-07-01 18:38:42
1587,575,14508,0,2026-07-01 18:38:42
1588,576,17684,0,2026-07-01 18:38:42
1589,577,17674,0,2026-07-01 18:38:42
1590,577,17676,0,2026-07-01 18:38:42
1591,577,17774,0,2026-07-01 18:38:42
1592,578,11483,0,2026-07-01 18:38:42
1593,579,17684,0,2026-07-01 18:38:42
1594,580,17652,0,2026-07-01 18:38:42
1595,580,17555,0,2026-07-01 18:38:42
1596,580,17686,0,2026-07-01 18:38:42
1597,581,17663,0,2026-07-01 18:38:42
1598,581,17672,0,2026-07-01 18:38:42
1599,581,17674,0,2026-07-01 18:38:42
1600,581,17676,0,2026-07-01 18:38:42
1601,581,17775,0,2026-07-01 18:38:42
1602,582,3983,0,2026-07-01 18:38:42
1603,582,9424,0,2026-07-01 18:38:42
1604,582,17546,0,2026-07-01 18:38:42
1605,582,16908,0,2026-07-01 18:38:42
1606,582,17372,0,2026-07-01 18:38:42
1607,582,17371,0,2026-07-01 18:38:42
1608,582,17330,0,2026-07-01 18:38:42
1609,582,3818,0,2026-07-01 18:38:42
1610,583,17227,0,2026-07-01 18:38:42
1611,583,2860,0,2026-07-01 18:38:42
1612,583,4716,0,2026-07-01 18:38:42
1613,583,17307,0,2026-07-01 18:38:42
1614,584,17721,0,2026-07-01 18:38:42
1615,584,3983,0,2026-07-01 18:38:42
1616,584,11028,0,2026-07-01 18:38:42
1617,584,17227,0,2026-07-01 18:38:42
1618,584,17307,0,2026-07-01 18:38:42
1619,585,2860,0,2026-07-01 18:38:42
1620,585,4716,0,2026-07-01 18:38:42
1621,585,17227,0,2026-07-01 18:38:42
1622,585,3983,0,2026-07-01 18:38:42
1623,586,15652,0,2026-07-01 18:38:42
1624,586,7192,0,2026-07-01 18:38:42
1625,586,3479,0,2026-07-01 18:38:42
1626,586,7193,0,2026-07-01 18:38:42
1627,587,1971,0,2026-07-01 18:38:42
1628,587,2860,0,2026-07-01 18:38:42
1629,587,4716,0,2026-07-01 18:38:42
1630,587,17546,0,2026-07-01 18:38:42
1631,588,12949,0,2026-07-01 18:38:42
1632,588,2690,0,2026-07-01 18:38:42
1633,588,17597,0,2026-07-01 18:38:42
1634,588,3481,0,2026-07-01 18:38:42
1635,589,6711,0,2026-07-01 18:38:42
1636,589,6715,0,2026-07-01 18:38:42
1637,589,6044,0,2026-07-01 18:38:42
1638,589,7195,0,2026-07-01 18:38:42
1639,590,12284,0,2026-07-01 18:38:42
1640,590,17684,0,2026-07-01 18:38:42
1641,590,17672,0,2026-07-01 18:38:42
1642,592,426,0,2026-07-01 18:38:42
1643,592,9395,0,2026-07-01 18:38:42
1644,596,12375,0,2026-07-01 18:38:42
1645,596,15642,0,2026-07-01 18:38:42
1646,596,3032,0,2026-07-01 18:38:42
1647,597,17775,0,2026-07-01 18:38:42
1648,597,17674,0,2026-07-01 18:38:42
1649,598,9375,0,2026-07-01 18:38:42
1650,598,11106,0,2026-07-01 18:38:42
1651,598,15156,0,2026-07-01 18:38:42
1652,598,16684,0,2026-07-01 18:38:42
1653,598,17782,0,2026-07-01 18:38:42
1654,598,17783,0,2026-07-01 18:38:42
1655,598,17784,0,2026-07-01 18:38:42
1656,599,17784,0,2026-07-01 18:38:42
1657,599,12314,0,2026-07-01 18:38:42
1658,599,630,0,2026-07-01 18:38:42
1659,599,15156,0,2026-07-01 18:38:42
1660,599,9375,0,2026-07-01 18:38:42
1661,599,7765,0,2026-07-01 18:38:42
1662,599,17785,0,2026-07-01 18:38:42
1663,601,3460,0,2026-07-01 18:38:42
1664,601,3487,0,2026-07-01 18:38:42
1665,601,7284,0,2026-07-01 18:38:42
1666,601,9736,0,2026-07-01 18:38:42
1667,601,13388,0,2026-07-01 18:38:42
1668,601,17404,0,2026-07-01 18:38:42
1669,601,17543,0,2026-07-01 18:38:42
1670,602,10823,0,2026-07-01 18:38:42
1671,602,2688,0,2026-07-01 18:38:42
1672,603,1971,0,2026-07-01 18:38:42
1673,605,332,0,2026-07-01 18:38:42
1674,606,332,0,2026-07-01 18:38:42
1675,606,11324,0,2026-07-01 18:38:42
1676,607,17568,0,2026-07-01 18:38:42
1677,608,5245,0,2026-07-01 18:38:42
1678,608,17652,0,2026-07-01 18:38:42
1679,608,17555,0,2026-07-01 18:38:42
1680,609,5245,0,2026-07-01 18:38:42
1681,609,17775,0,2026-07-01 18:38:42
1682,609,17684,0,2026-07-01 18:38:42
1683,610,121,0,2026-07-01 18:38:42
1684,610,17775,0,2026-07-01 18:38:42
1685,610,17693,0,2026-07-01 18:38:42
1686,611,17563,0,2026-07-01 18:38:42
1687,613,17775,0,2026-07-01 18:38:42
1688,613,17575,0,2026-07-01 18:38:42
1689,614,17775,0,2026-07-01 18:38:42
1690,614,17674,0,2026-07-01 18:38:42
1691,614,17676,0,2026-07-01 18:38:42
1692,618,17557,0,2026-07-01 18:38:42
1693,618,17555,0,2026-07-01 18:38:42
1694,619,9104,0,2026-07-01 18:38:42
1695,619,17790,0,2026-07-01 18:38:42
1696,619,17494,0,2026-07-01 18:38:42
1697,619,17791,0,2026-07-01 18:38:42
1698,619,17792,0,2026-07-01 18:38:42
1699,619,8777,0,2026-07-01 18:38:42
1700,619,17793,0,2026-07-01 18:38:42
1701,619,17794,0,2026-07-01 18:38:42
1702,619,17795,0,2026-07-01 18:38:42
1703,619,17251,0,2026-07-01 18:38:42
1704,619,17446,0,2026-07-01 18:38:42
1705,619,17617,0,2026-07-01 18:38:42
1706,619,17448,0,2026-07-01 18:38:42
1707,620,17401,0,2026-07-01 18:38:42
1708,620,16007,0,2026-07-01 18:38:42
1709,620,17796,0,2026-07-01 18:38:42
1710,620,16005,0,2026-07-01 18:38:42
1711,620,7696,0,2026-07-01 18:38:42
1712,620,17797,0,2026-07-01 18:38:42
1713,622,17686,0,2026-07-01 18:38:42
1714,622,17693,0,2026-07-01 18:38:42
1715,622,17555,0,2026-07-01 18:38:42
1716,623,3471,0,2026-07-01 18:38:42
1717,623,3479,0,2026-07-01 18:38:42
1718,624,3458,0,2026-07-01 18:38:42
1719,624,3468,0,2026-07-01 18:38:42
1720,624,3484,0,2026-07-01 18:38:42
1721,625,3458,0,2026-07-01 18:38:42
1722,625,3481,0,2026-07-01 18:38:42
1723,625,3485,0,2026-07-01 18:38:42
1724,628,9730,0,2026-07-01 18:38:42
1725,628,3293,0,2026-07-01 18:38:42
1726,628,17565,0,2026-07-01 18:38:42
1727,629,17801,0,2026-07-01 18:38:42
1728,630,17803,0,2026-07-01 18:38:42
1729,631,17804,0,2026-07-01 18:38:42
1730,632,17805,0,2026-07-01 18:38:42
1731,633,3458,0,2026-07-01 18:38:42
1732,633,3058,0,2026-07-01 18:38:42
1733,633,17806,0,2026-07-01 18:38:42
1734,635,602,0,2026-07-01 18:38:42
1735,635,192,0,2026-07-01 18:38:42
1736,635,4137,0,2026-07-01 18:38:42
1737,635,17427,0,2026-07-01 18:38:42
1738,635,17451,0,2026-07-01 18:38:42
1739,635,248,0,2026-07-01 18:38:42
1740,635,7645,0,2026-07-01 18:38:42
1741,636,11001,0,2026-07-01 18:38:42
1742,637,2818,0,2026-07-01 18:38:42
1743,637,8696,0,2026-07-01 18:38:42
1744,637,11855,0,2026-07-01 18:38:42
1745,637,18968,0,2026-07-01 18:38:42
1746,638,602,0,2026-07-01 18:38:42
1747,638,816,0,2026-07-01 18:38:42
1748,638,3381,0,2026-07-01 18:38:42
1749,638,8196,0,2026-07-01 18:38:42
1750,638,11855,0,2026-07-01 18:38:42
1751,638,17775,0,2026-07-01 18:38:42
1752,639,3983,0,2026-07-01 18:38:42
1753,639,14238,0,2026-07-01 18:38:42
1754,639,17356,0,2026-07-01 18:38:42
1755,639,13645,0,2026-07-01 18:38:42
1756,639,13756,0,2026-07-01 18:38:42
1757,639,16908,0,2026-07-01 18:38:42
1758,639,17807,0,2026-07-01 18:38:42
1759,640,12932,0,2026-07-01 18:38:42
1760,640,14583,0,2026-07-01 18:38:42
1761,640,16914,0,2026-07-01 18:38:42
1762,640,16915,0,2026-07-01 18:38:42
1763,640,17808,0,2026-07-01 18:38:42
1764,641,17704,0,2026-07-01 18:38:42
1765,641,17809,0,2026-07-01 18:38:42
1766,642,17327,0,2026-07-01 18:38:42
1767,642,12576,0,2026-07-01 18:38:42
1768,642,12153,0,2026-07-01 18:38:42
1769,642,420,0,2026-07-01 18:38:42
1770,642,17810,0,2026-07-01 18:38:42
1771,643,17287,0,2026-07-01 18:38:42
1772,643,4089,0,2026-07-01 18:38:42
1773,643,816,0,2026-07-01 18:38:42
1774,643,17286,0,2026-07-01 18:38:42
1775,644,17575,0,2026-07-01 18:38:42
1776,644,17686,0,2026-07-01 18:38:42
1777,645,7679,0,2026-07-01 18:38:42
1778,645,13824,0,2026-07-01 18:38:42
1779,645,17811,0,2026-07-01 18:38:42
1780,645,17812,0,2026-07-01 18:38:42
1781,645,5805,0,2026-07-01 18:38:42
1782,646,17557,0,2026-07-01 18:38:42
1783,647,17263,0,2026-07-01 18:38:42
1784,647,2915,0,2026-07-01 18:38:42
1785,648,818,0,2026-07-01 18:38:42
1786,648,9395,0,2026-07-01 18:38:42
1787,648,9980,0,2026-07-01 18:38:42
1788,648,17589,0,2026-07-01 18:38:42
1789,648,17813,0,2026-07-01 18:38:42
1790,649,8805,0,2026-07-01 18:38:42
1791,649,12586,0,2026-07-01 18:38:42
1792,650,1137,0,2026-07-01 18:38:42
1793,650,3467,0,2026-07-01 18:38:42
1794,651,17828,0,2026-07-01 18:38:42
1795,651,3471,0,2026-07-01 18:38:42
1796,651,3487,0,2026-07-01 18:38:42
1797,651,17455,0,2026-07-01 18:38:42
1798,651,8940,0,2026-07-01 18:38:42
1799,652,17828,0,2026-07-01 18:38:42
1800,652,3471,0,2026-07-01 18:38:42
1801,652,3487,0,2026-07-01 18:38:42
1802,652,17455,0,2026-07-01 18:38:42
1803,652,8940,0,2026-07-01 18:38:42
1804,653,6891,0,2026-07-01 18:38:42
1805,653,2644,0,2026-07-01 18:38:42
1806,653,6907,0,2026-07-01 18:38:42
1807,654,17557,0,2026-07-01 18:38:42
1808,654,17575,0,2026-07-01 18:38:42
1809,655,17775,0,2026-07-01 18:38:42
1810,655,17575,0,2026-07-01 18:38:42
1811,656,17686,0,2026-07-01 18:38:42
1812,656,5668,0,2026-07-01 18:38:42
1813,657,17775,0,2026-07-01 18:38:42
1814,658,17557,0,2026-07-01 18:38:42
1815,658,17555,0,2026-07-01 18:38:42
1816,658,17575,0,2026-07-01 18:38:42
1817,659,17557,0,2026-07-01 18:38:42
1818,659,17775,0,2026-07-01 18:38:42
1819,659,17686,0,2026-07-01 18:38:42
1820,659,17678,0,2026-07-01 18:38:42
1821,659,17668,0,2026-07-01 18:38:42
1822,660,17555,0,2026-07-01 18:38:42
1823,661,17783,0,2026-07-01 18:38:42
1824,662,17557,0,2026-07-01 18:38:42
1825,663,17557,0,2026-07-01 18:38:42
1826,665,17557,0,2026-07-01 18:38:42
1827,665,17652,0,2026-07-01 18:38:42
1828,666,17555,0,2026-07-01 18:38:42
1829,666,17557,0,2026-07-01 18:38:42
1830,667,3635,0,2026-07-01 18:38:42
1831,667,17247,0,2026-07-01 18:38:42
1832,671,17555,0,2026-07-01 18:38:42
1833,671,17841,0,2026-07-01 18:38:42
1834,671,17686,0,2026-07-01 18:38:42
1835,672,15281,0,2026-07-01 18:38:42
1836,672,9395,0,2026-07-01 18:38:42
1837,672,17565,0,2026-07-01 18:38:42
1838,672,17672,0,2026-07-01 18:38:42
1839,672,5158,0,2026-07-01 18:38:42
1840,672,13622,0,2026-07-01 18:38:42
1841,672,423,0,2026-07-01 18:38:42
1842,672,14632,0,2026-07-01 18:38:42
1843,672,12576,0,2026-07-01 18:38:42
1844,672,17781,0,2026-07-01 18:38:42
1845,673,9795,0,2026-07-01 18:38:42
1846,673,17775,0,2026-07-01 18:38:42
1847,674,17652,0,2026-07-01 18:38:42
1848,674,17775,0,2026-07-01 18:38:42
1849,676,17557,0,2026-07-01 18:38:42
1850,676,17775,0,2026-07-01 18:38:42
1851,677,17686,0,2026-07-01 18:38:42
1852,677,17684,0,2026-07-01 18:38:42
1853,678,17684,0,2026-07-01 18:38:42
1854,678,17672,0,2026-07-01 18:38:42
1855,679,13791,0,2026-07-01 18:38:42
1856,681,17327,0,2026-07-01 18:38:42
1857,681,17627,0,2026-07-01 18:38:42
1858,681,10622,0,2026-07-01 18:38:42
1859,681,9980,0,2026-07-01 18:38:42
1860,684,17680,0,2026-07-01 18:38:42
1861,685,6615,0,2026-07-01 18:38:42
1862,685,1618,0,2026-07-01 18:38:42
1863,685,370,0,2026-07-01 18:38:42
1864,686,3622,0,2026-07-01 18:38:42
1865,686,1515,0,2026-07-01 18:38:42
1866,686,9744,0,2026-07-01 18:38:42
1867,686,9736,0,2026-07-01 18:38:42
1868,686,12576,0,2026-07-01 18:38:42
1869,686,17563,0,2026-07-01 18:38:42
1870,687,5204,0,2026-07-01 18:38:42
1871,687,5203,0,2026-07-01 18:38:42
1872,688,5260,0,2026-07-01 18:38:42
1873,688,2677,0,2026-07-01 18:38:42
1874,688,1800,0,2026-07-01 18:38:42
1875,688,118,0,2026-07-01 18:38:42
1876,688,16190,0,2026-07-01 18:38:42
1877,688,1455,0,2026-07-01 18:38:42
1878,689,12576,0,2026-07-01 18:38:42
1879,689,9280,0,2026-07-01 18:38:42
1880,689,17860,0,2026-07-01 18:38:42
1881,690,17669,0,2026-07-01 18:38:42
1882,690,17678,0,2026-07-01 18:38:42
1883,690,17841,0,2026-07-01 18:38:42
1884,691,17227,0,2026-07-01 18:38:42
1885,691,17555,0,2026-07-01 18:38:42
1886,691,17575,0,2026-07-01 18:38:42
1887,691,15156,0,2026-07-01 18:38:42
1888,691,13323,0,2026-07-01 18:38:42
1889,691,2368,0,2026-07-01 18:38:42
1890,692,13323,0,2026-07-01 18:38:42
1891,692,17555,0,2026-07-01 18:38:42
1892,694,17484,0,2026-07-01 18:38:42
1893,694,3599,0,2026-07-01 18:38:42
1894,694,17513,0,2026-07-01 18:38:42
1895,694,17353,0,2026-07-01 18:38:42
1896,695,17555,0,2026-07-01 18:38:42
1897,695,17841,0,2026-07-01 18:38:42
1898,696,3622,0,2026-07-01 18:38:42
1899,696,17841,0,2026-07-01 18:38:42
1900,696,17684,0,2026-07-01 18:38:42
1901,696,17672,0,2026-07-01 18:38:42
1902,697,17775,0,2026-07-01 18:38:42
1903,697,17557,0,2026-07-01 18:38:42
1904,700,17557,0,2026-07-01 18:38:42
1905,700,17555,0,2026-07-01 18:38:42
1906,702,13791,0,2026-07-01 18:38:42
1907,702,17652,0,2026-07-01 18:38:42
1908,706,7061,0,2026-07-01 18:38:42
1909,706,13399,0,2026-07-01 18:38:42
1910,706,4571,0,2026-07-01 18:38:42
1911,706,4808,0,2026-07-01 18:38:42
1912,707,17398,0,2026-07-01 18:38:42
1913,707,6528,0,2026-07-01 18:38:42
1914,707,13756,0,2026-07-01 18:38:42
1915,707,14150,0,2026-07-01 18:38:42
1916,707,1617,0,2026-07-01 18:38:42
1917,707,17404,0,2026-07-01 18:38:42
1918,707,3983,0,2026-07-01 18:38:42
1919,708,4519,0,2026-07-01 18:38:42
1920,708,13758,0,2026-07-01 18:38:42
1921,708,17333,0,2026-07-01 18:38:42
1922,708,17334,0,2026-07-01 18:38:42
1923,709,17505,0,2026-07-01 18:38:42
1924,709,7061,0,2026-07-01 18:38:42
1925,709,13399,0,2026-07-01 18:38:42
1926,709,2871,0,2026-07-01 18:38:42
1927,709,17702,0,2026-07-01 18:38:42
1928,709,271,0,2026-07-01 18:38:42
1929,710,17557,0,2026-07-01 18:38:42
1930,710,17841,0,2026-07-01 18:38:42
1931,711,17557,0,2026-07-01 18:38:42
1932,712,17575,0,2026-07-01 18:38:42
1933,713,12576,0,2026-07-01 18:38:42
1934,713,3032,0,2026-07-01 18:38:42
1935,713,2915,0,2026-07-01 18:38:42
1936,713,9280,0,2026-07-01 18:38:42
1937,713,1351,0,2026-07-01 18:38:42
1938,714,17684,0,2026-07-01 18:38:42
1939,714,17672,0,2026-07-01 18:38:42
1940,716,17557,0,2026-07-01 18:38:42
1941,717,17557,0,2026-07-01 18:38:42
1942,717,17555,0,2026-07-01 18:38:42
1943,717,17693,0,2026-07-01 18:38:42
1944,718,17575,0,2026-07-01 18:38:42
1945,718,17841,0,2026-07-01 18:38:42
1946,718,17871,0,2026-07-01 18:38:42
1947,718,17872,0,2026-07-01 18:38:42
1948,718,17873,0,2026-07-01 18:38:42
1949,718,15152,0,2026-07-01 18:38:42
1950,718,17263,0,2026-07-01 18:38:42
1951,718,17263,0,2026-07-01 18:38:42
1952,718,17831,0,2026-07-01 18:38:42
1953,718,17874,0,2026-07-01 18:38:42
1954,719,17775,0,2026-07-01 18:38:42
1955,720,6615,0,2026-07-01 18:38:42
1956,720,16261,0,2026-07-01 18:38:42
1957,721,17575,0,2026-07-01 18:38:42
1958,722,17738,0,2026-07-01 18:38:42
1959,723,17557,0,2026-07-01 18:38:42
1960,723,17575,0,2026-07-01 18:38:42
1961,724,17484,0,2026-07-01 18:38:42
1962,724,689,0,2026-07-01 18:38:42
1963,725,17461,0,2026-07-01 18:38:42
1964,725,17775,0,2026-07-01 18:38:42
1965,725,17555,0,2026-07-01 18:38:42
1966,726,17775,0,2026-07-01 18:38:42
1967,726,17557,0,2026-07-01 18:38:42
1968,727,17575,0,2026-07-01 18:38:42
1969,728,17612,0,2026-07-01 18:38:42
1970,728,17610,0,2026-07-01 18:38:42
1971,728,17605,0,2026-07-01 18:38:42
1972,728,17686,0,2026-07-01 18:38:42
1973,729,17557,0,2026-07-01 18:38:42
1974,729,17575,0,2026-07-01 18:38:42
1975,730,4281,0,2026-07-01 18:38:42
1976,731,17602,0,2026-07-01 18:38:42
1977,731,3622,0,2026-07-01 18:38:42
1978,732,14238,0,2026-07-01 18:38:42
1979,732,14237,0,2026-07-01 18:38:42
1980,733,17686,0,2026-07-01 18:38:42
1981,733,17358,0,2026-07-01 18:38:42
1982,733,17878,0,2026-07-01 18:38:42
1983,733,220,0,2026-07-01 18:38:42
1984,733,10127,0,2026-07-01 18:38:42
1985,733,16356,0,2026-07-01 18:38:42
1986,733,9748,0,2026-07-01 18:38:42
1987,733,17544,0,2026-07-01 18:38:42
1988,733,17879,0,2026-07-01 18:38:42
1989,733,17880,0,2026-07-01 18:38:42
1990,733,17881,0,2026-07-01 18:38:42
1991,733,17882,0,2026-07-01 18:38:42
1992,734,117,0,2026-07-01 18:38:42
1993,734,17557,0,2026-07-01 18:38:42
1994,735,17575,0,2026-07-01 18:38:42
1995,735,17693,0,2026-07-01 18:38:42
1996,736,17557,0,2026-07-01 18:38:42
1997,738,17684,0,2026-07-01 18:38:42
1998,738,17676,0,2026-07-01 18:38:42
1999,738,17678,0,2026-07-01 18:38:42
2000,738,17672,0,2026-07-01 18:38:42
2001,739,17684,0,2026-07-01 18:38:42
2002,740,17684,0,2026-07-01 18:38:42
2003,740,689,0,2026-07-01 18:38:42
2004,740,690,0,2026-07-01 18:38:42
2005,740,17484,0,2026-07-01 18:38:42
2006,740,17671,0,2026-07-01 18:38:42
2007,741,3467,0,2026-07-01 18:38:42
2008,742,17686,0,2026-07-01 18:38:42
2009,742,17684,0,2026-07-01 18:38:42
2010,743,3046,0,2026-07-01 18:38:42
2011,743,7862,0,2026-07-01 18:38:42
2012,743,17441,0,2026-07-01 18:38:42
2013,743,17905,0,2026-07-01 18:38:42
2014,744,420,0,2026-07-01 18:38:42
2015,744,6119,0,2026-07-01 18:38:42
2016,744,12835,0,2026-07-01 18:38:42
2017,744,17781,0,2026-07-01 18:38:42
2018,744,818,0,2026-07-01 18:38:42
2019,745,7024,0,2026-07-01 18:38:42
2020,745,3635,0,2026-07-01 18:38:42
2021,745,15429,0,2026-07-01 18:38:42
2022,747,17686,0,2026-07-01 18:38:42
2023,749,9736,0,2026-07-01 18:38:42
2024,749,116,0,2026-07-01 18:38:42
2025,749,15157,0,2026-07-01 18:38:42
2026,750,6615,0,2026-07-01 18:38:42
2027,750,15030,0,2026-07-01 18:38:42
2028,750,17712,0,2026-07-01 18:38:42
2029,750,17344,0,2026-07-01 18:38:42
2030,750,17303,0,2026-07-01 18:38:42
2031,750,17405,0,2026-07-01 18:38:42
2032,751,4211,0,2026-07-01 18:38:42
2033,751,5625,0,2026-07-01 18:38:42
2034,752,17557,0,2026-07-01 18:38:42
2035,753,17557,0,2026-07-01 18:38:42
2036,754,17909,0,2026-07-01 18:38:42
2037,757,17684,0,2026-07-01 18:38:42
2038,757,17682,0,2026-07-01 18:38:42
2039,758,17775,0,2026-07-01 18:38:42
2040,758,705,0,2026-07-01 18:38:42
2041,758,10622,0,2026-07-01 18:38:42
2042,760,17674,0,2026-07-01 18:38:42
2043,760,17775,0,2026-07-01 18:38:42
2044,763,17555,0,2026-07-01 18:38:42
2045,764,17884,0,2026-07-01 18:38:42
2046,765,16534,0,2026-07-01 18:38:42
2047,765,14819,0,2026-07-01 18:38:42
2048,765,7873,0,2026-07-01 18:38:42
2049,765,7872,0,2026-07-01 18:38:42
2050,765,16532,0,2026-07-01 18:38:42
2051,765,3622,0,2026-07-01 18:38:42
2052,766,426,0,2026-07-01 18:38:42
2053,766,818,0,2026-07-01 18:38:42
2054,766,4868,0,2026-07-01 18:38:42
2055,766,6119,0,2026-07-01 18:38:42
2056,766,6728,0,2026-07-01 18:38:42
2057,766,9061,0,2026-07-01 18:38:42
2058,766,15281,0,2026-07-01 18:38:42
2059,766,17849,0,2026-07-01 18:38:42
2060,766,16731,0,2026-07-01 18:38:42
2061,766,10253,0,2026-07-01 18:38:42
2062,767,17684,0,2026-07-01 18:38:42
2063,768,17684,0,2026-07-01 18:38:42
2064,769,17684,0,2026-07-01 18:38:42
2065,770,17684,0,2026-07-01 18:38:42
2066,771,17684,0,2026-07-01 18:38:42
2067,772,17684,0,2026-07-01 18:38:42
2068,773,17557,0,2026-07-01 18:38:42
2069,774,17557,0,2026-07-01 18:38:42
2070,775,17849,0,2026-07-01 18:38:42
2071,775,9395,0,2026-07-01 18:38:42
2072,775,12835,0,2026-07-01 18:38:42
2073,775,3420,0,2026-07-01 18:38:42
2074,775,1389,0,2026-07-01 18:38:42
2075,775,17593,0,2026-07-01 18:38:42
2076,775,818,0,2026-07-01 18:38:42
2077,775,11724,0,2026-07-01 18:38:42
2078,776,17849,0,2026-07-01 18:38:42
2079,776,9395,0,2026-07-01 18:38:42
2080,776,17781,0,2026-07-01 18:38:42
2081,776,818,0,2026-07-01 18:38:42
2082,776,11724,0,2026-07-01 18:38:42
2083,776,8295,0,2026-07-01 18:38:42
2084,776,1389,0,2026-07-01 18:38:42
2085,777,17886,0,2026-07-01 18:38:42
2086,777,4716,0,2026-07-01 18:38:42
2087,777,2860,0,2026-07-01 18:38:42
2088,778,2860,0,2026-07-01 18:38:42
2089,778,4072,0,2026-07-01 18:38:42
2090,779,17686,0,2026-07-01 18:38:42
2091,783,17425,0,2026-07-01 18:38:42
2092,784,17557,0,2026-07-01 18:38:42
2093,785,17280,0,2026-07-01 18:38:42
2094,786,14,0,2026-07-01 18:38:42
2095,786,16329,0,2026-07-01 18:38:42
2096,787,17686,0,2026-07-01 18:38:42
2097,788,17684,0,2026-07-01 18:38:42
2098,789,17775,0,2026-07-01 18:38:42
2099,789,17693,0,2026-07-01 18:38:42
2100,790,1164,0,2026-07-01 18:38:42
2101,790,9736,0,2026-07-01 18:38:42
2102,790,17711,0,2026-07-01 18:38:42
2103,790,10253,0,2026-07-01 18:38:42
2104,790,2212,0,2026-07-01 18:38:42
2105,790,1168,0,2026-07-01 18:38:42
2106,791,3622,0,2026-07-01 18:38:42
2107,791,1168,0,2026-07-01 18:38:42
2108,791,1172,0,2026-07-01 18:38:42
2109,791,2212,0,2026-07-01 18:38:42
2110,791,9736,0,2026-07-01 18:38:42
2111,791,5248,0,2026-07-01 18:38:42
2112,791,9744,0,2026-07-01 18:38:42
2113,792,5665,0,2026-07-01 18:38:42
2114,792,269,0,2026-07-01 18:38:42
2115,793,17286,0,2026-07-01 18:38:42
2116,793,12934,0,2026-07-01 18:38:42
2117,793,17475,0,2026-07-01 18:38:42
2118,794,17286,0,2026-07-01 18:38:42
2119,794,12934,0,2026-07-01 18:38:42
2120,795,17935,0,2026-07-01 18:38:42
2121,797,17884,0,2026-07-01 18:38:42
2122,797,17686,0,2026-07-01 18:38:42
2123,797,17684,0,2026-07-01 18:38:42
2124,798,17557,0,2026-07-01 18:38:42
2125,799,17557,0,2026-07-01 18:38:42
2126,799,11551,0,2026-07-01 18:38:42
2127,800,17460,0,2026-07-01 18:38:42
2128,800,17555,0,2026-07-01 18:38:42
2129,802,17555,0,2026-07-01 18:38:42
2130,802,17575,0,2026-07-01 18:38:42
2131,802,17908,0,2026-07-01 18:38:42
2132,802,17841,0,2026-07-01 18:38:42
2133,803,17693,0,2026-07-01 18:38:42
2134,804,14256,0,2026-07-01 18:38:42
2135,805,3468,0,2026-07-01 18:38:42
2136,806,14256,0,2026-07-01 18:38:42
2137,807,7778,0,2026-07-01 18:38:42
2138,809,14259,0,2026-07-01 18:38:42
2139,810,17575,0,2026-07-01 18:38:42
2140,812,17941,0,2026-07-01 18:38:42
2141,813,15017,0,2026-07-01 18:38:42
2142,814,17316,0,2026-07-01 18:38:42
2143,814,17251,0,2026-07-01 18:38:42
2144,814,17404,0,2026-07-01 18:38:42
2145,815,17804,0,2026-07-01 18:38:42
2146,815,17514,0,2026-07-01 18:38:42
2147,816,13792,0,2026-07-01 18:38:42
2148,817,6603,0,2026-07-01 18:38:42
2149,818,17944,0,2026-07-01 18:38:42
2150,819,17686,0,2026-07-01 18:38:42
2151,820,17575,0,2026-07-01 18:38:42
2152,820,17686,0,2026-07-01 18:38:42
2153,820,17672,0,2026-07-01 18:38:42
2154,820,17678,0,2026-07-01 18:38:42
2155,821,17575,0,2026-07-01 18:38:42
2156,821,17557,0,2026-07-01 18:38:42
2157,822,17557,0,2026-07-01 18:38:42
2158,823,17841,0,2026-07-01 18:38:42
2159,823,17840,0,2026-07-01 18:38:42
2160,823,3484,0,2026-07-01 18:38:42
2161,823,9414,0,2026-07-01 18:38:42
2162,825,17555,0,2026-07-01 18:38:42
2163,825,17652,0,2026-07-01 18:38:42
2164,825,17575,0,2026-07-01 18:38:42
2165,829,17557,0,2026-07-01 18:38:42
2166,829,17555,0,2026-07-01 18:38:42
2167,830,17672,0,2026-07-01 18:38:42
2168,831,13756,0,2026-07-01 18:38:42
2169,831,17885,0,2026-07-01 18:38:42
2170,832,1933,0,2026-07-01 18:38:42
2171,832,17575,0,2026-07-01 18:38:42
2172,832,17652,0,2026-07-01 18:38:42
2173,832,17884,0,2026-07-01 18:38:42
2174,833,17555,0,2026-07-01 18:38:42
2175,833,4041,0,2026-07-01 18:38:42
2176,833,17227,0,2026-07-01 18:38:42
2177,833,17922,0,2026-07-01 18:38:42
2178,833,17482,0,2026-07-01 18:38:42
2179,833,15157,0,2026-07-01 18:38:42
2180,833,17949,0,2026-07-01 18:38:42
2181,833,17841,0,2026-07-01 18:38:42
2182,833,17686,0,2026-07-01 18:38:42
2183,833,17684,0,2026-07-01 18:38:42
2184,835,17686,0,2026-07-01 18:38:42
2185,835,17674,0,2026-07-01 18:38:42
2186,836,17674,0,2026-07-01 18:38:42
2187,837,17674,0,2026-07-01 18:38:42
2188,838,17953,0,2026-07-01 18:38:42
2189,839,9327,0,2026-07-01 18:38:42
2190,840,12536,0,2026-07-01 18:38:42
2191,840,269,0,2026-07-01 18:38:42
2192,840,3487,0,2026-07-01 18:38:42
2193,840,4148,0,2026-07-01 18:38:42
2194,841,17884,0,2026-07-01 18:38:42
2195,841,17693,0,2026-07-01 18:38:42
2196,841,17678,0,2026-07-01 18:38:42
2197,842,17557,0,2026-07-01 18:38:42
2198,842,17775,0,2026-07-01 18:38:42
2199,843,3622,0,2026-07-01 18:38:42
2200,843,9736,0,2026-07-01 18:38:42
2201,843,17377,0,2026-07-01 18:38:42
2202,843,12576,0,2026-07-01 18:38:42
2203,843,10253,0,2026-07-01 18:38:42
2204,844,17227,0,2026-07-01 18:38:42
2205,844,5201,0,2026-07-01 18:38:42
2206,844,332,0,2026-07-01 18:38:42
2207,844,4041,0,2026-07-01 18:38:42
2208,844,2442,0,2026-07-01 18:38:42
2209,845,17841,0,2026-07-01 18:38:42
2210,845,6612,0,2026-07-01 18:38:42
2211,845,17251,0,2026-07-01 18:38:42
2212,845,17404,0,2026-07-01 18:38:42
2213,845,17955,0,2026-07-01 18:38:42
2214,845,17956,0,2026-07-01 18:38:42
2215,845,5437,0,2026-07-01 18:38:42
2216,845,6529,0,2026-07-01 18:38:42
2217,845,17372,0,2026-07-01 18:38:42
2218,845,17957,0,2026-07-01 18:38:42
2219,845,14238,0,2026-07-01 18:38:42
2220,845,14150,0,2026-07-01 18:38:42
2221,845,17925,0,2026-07-01 18:38:42
2222,845,17958,0,2026-07-01 18:38:42
2223,845,17652,0,2026-07-01 18:38:42
2224,845,17959,0,2026-07-01 18:38:42
2225,845,6531,0,2026-07-01 18:38:42
2226,846,17884,0,2026-07-01 18:38:42
2227,847,1023,0,2026-07-01 18:38:42
2228,847,12589,0,2026-07-01 18:38:42
2229,847,9393,0,2026-07-01 18:38:42
2230,847,17684,0,2026-07-01 18:38:42
2231,848,12308,0,2026-07-01 18:38:42
2232,848,17575,0,2026-07-01 18:38:42
2233,848,3479,0,2026-07-01 18:38:42
2234,849,17961,0,2026-07-01 18:38:42
2235,850,5924,0,2026-07-01 18:38:42
2236,850,17962,0,2026-07-01 18:38:42
2237,851,17963,0,2026-07-01 18:38:42
2238,852,5245,0,2026-07-01 18:38:42
2239,852,17819,0,2026-07-01 18:38:42
2240,853,602,0,2026-07-01 18:38:42
2241,854,14954,0,2026-07-01 18:38:42
2242,854,602,0,2026-07-01 18:38:42
2243,855,8191,0,2026-07-01 18:38:42
2244,855,14504,0,2026-07-01 18:38:42
2245,855,4630,0,2026-07-01 18:38:42
2246,855,3752,0,2026-07-01 18:38:42
2247,855,666,0,2026-07-01 18:38:42
2248,855,3655,0,2026-07-01 18:38:42
2249,855,17713,0,2026-07-01 18:38:42
2250,856,17684,0,2026-07-01 18:38:42
2251,856,17686,0,2026-07-01 18:38:42
2252,856,17672,0,2026-07-01 18:38:42
2253,856,17676,0,2026-07-01 18:38:42
2254,857,2442,0,2026-07-01 18:38:42
2255,857,3726,0,2026-07-01 18:38:42
2256,857,17227,0,2026-07-01 18:38:42
2257,857,15156,0,2026-07-01 18:38:42
2258,857,4038,0,2026-07-01 18:38:42
2259,857,17966,0,2026-07-01 18:38:42
2260,858,17686,0,2026-07-01 18:38:42
2261,859,17672,0,2026-07-01 18:38:42
2262,859,17686,0,2026-07-01 18:38:42
2263,861,17970,0,2026-07-01 18:38:42
2264,862,17971,0,2026-07-01 18:38:42
2265,863,17841,0,2026-07-01 18:38:42
2266,863,17652,0,2026-07-01 18:38:42
2267,863,17555,0,2026-07-01 18:38:42
2268,864,17976,0,2026-07-01 18:38:42
2269,867,7234,0,2026-07-01 18:38:42
2270,869,602,0,2026-07-01 18:38:42
2271,869,2720,0,2026-07-01 18:38:42
2272,869,2969,0,2026-07-01 18:38:42
2273,869,8987,0,2026-07-01 18:38:42
2274,869,17247,0,2026-07-01 18:38:42
2275,869,17775,0,2026-07-01 18:38:42
2276,870,17977,0,2026-07-01 18:38:42
2277,871,1526,0,2026-07-01 18:38:42
2278,871,3635,0,2026-07-01 18:38:42
2279,871,17309,0,2026-07-01 18:38:42
2280,871,16356,0,2026-07-01 18:38:42
2281,872,17978,0,2026-07-01 18:38:42
2282,872,17309,0,2026-07-01 18:38:42
2283,872,3087,0,2026-07-01 18:38:42
2284,872,17274,0,2026-07-01 18:38:42
2285,872,17979,0,2026-07-01 18:38:42
2286,872,1526,0,2026-07-01 18:38:42
2287,873,17953,0,2026-07-01 18:38:42
2288,873,17775,0,2026-07-01 18:38:42
2289,874,17557,0,2026-07-01 18:38:42
2290,875,17555,0,2026-07-01 18:38:42
2291,875,17575,0,2026-07-01 18:38:42
2292,875,17841,0,2026-07-01 18:38:42
2293,876,17980,0,2026-07-01 18:38:42
2294,876,17981,0,2026-07-01 18:38:42
2295,876,17982,0,2026-07-01 18:38:42
2296,876,17983,0,2026-07-01 18:38:42
2297,876,17984,0,2026-07-01 18:38:42
2298,876,7822,0,2026-07-01 18:38:42
2299,877,17980,0,2026-07-01 18:38:42
2300,877,17981,0,2026-07-01 18:38:42
2301,877,17985,0,2026-07-01 18:38:42
2302,877,17986,0,2026-07-01 18:38:42
2303,877,17987,0,2026-07-01 18:38:42
2304,878,1153,0,2026-07-01 18:38:42
2305,878,9736,0,2026-07-01 18:38:42
2306,878,17988,0,2026-07-01 18:38:42
2307,879,122,0,2026-07-01 18:38:42
2308,879,17989,0,2026-07-01 18:38:42
2309,879,17884,0,2026-07-01 18:38:42
2310,879,5248,0,2026-07-01 18:38:42
2311,879,16356,0,2026-07-01 18:38:42
2312,880,17965,0,2026-07-01 18:38:42
2313,880,818,0,2026-07-01 18:38:42
2314,880,17991,0,2026-07-01 18:38:42
2315,881,5665,0,2026-07-01 18:38:42
2316,884,17775,0,2026-07-01 18:38:42
2317,886,17547,0,2026-07-01 18:38:42
2318,887,13777,0,2026-07-01 18:38:42
2319,887,17993,0,2026-07-01 18:38:42
2320,888,10450,0,2026-07-01 18:38:42
2321,888,2964,0,2026-07-01 18:38:42
2322,888,17884,0,2026-07-01 18:38:42
2323,888,12884,0,2026-07-01 18:38:42
2324,889,17994,0,2026-07-01 18:38:42
2325,892,17674,0,2026-07-01 18:38:42
2326,892,17775,0,2026-07-01 18:38:42
2327,893,3622,0,2026-07-01 18:38:42
2328,893,3657,0,2026-07-01 18:38:42
2329,893,3628,0,2026-07-01 18:38:42
2330,894,3091,0,2026-07-01 18:38:42
2331,895,17557,0,2026-07-01 18:38:42
2332,896,13756,0,2026-07-01 18:38:42
2333,896,17293,0,2026-07-01 18:38:42
2334,896,17372,0,2026-07-01 18:38:42
2335,896,12495,0,2026-07-01 18:38:42
2336,896,16908,0,2026-07-01 18:38:42
2337,897,9661,0,2026-07-01 18:38:42
2338,897,9662,0,2026-07-01 18:38:42
2339,897,9663,0,2026-07-01 18:38:42
2340,897,1153,0,2026-07-01 18:38:42
2341,898,17996,0,2026-07-01 18:38:42
2342,899,17314,0,2026-07-01 18:38:42
2343,899,11553,0,2026-07-01 18:38:42
2344,899,1116,0,2026-07-01 18:38:42
2345,899,8845,0,2026-07-01 18:38:42
2346,899,17997,0,2026-07-01 18:38:42
2347,900,17557,0,2026-07-01 18:38:42
2348,901,17557,0,2026-07-01 18:38:42
2349,902,7649,0,2026-07-01 18:38:42
2350,902,7664,0,2026-07-01 18:38:42
2351,903,11141,0,2026-07-01 18:38:42
2352,904,17884,0,2026-07-01 18:38:42
2353,905,2871,0,2026-07-01 18:38:42
2354,905,8137,0,2026-07-01 18:38:42
2355,905,11551,0,2026-07-01 18:38:42
2356,905,12801,0,2026-07-01 18:38:42
2357,905,17505,0,2026-07-01 18:38:42
2358,905,17538,0,2026-07-01 18:38:42
2359,905,17655,0,2026-07-01 18:38:42
2360,906,17314,0,2026-07-01 18:38:42
2361,906,17655,0,2026-07-01 18:38:42
2362,906,11551,0,2026-07-01 18:38:42
2363,906,1028,0,2026-07-01 18:38:42
2364,906,12797,0,2026-07-01 18:38:42
2365,906,18000,0,2026-07-01 18:38:42
2366,906,2915,0,2026-07-01 18:38:42
2367,906,11001,0,2026-07-01 18:38:42
2368,906,5284,0,2026-07-01 18:38:42
2369,906,17442,0,2026-07-01 18:38:42
2370,906,18001,0,2026-07-01 18:38:42
2371,906,3293,0,2026-07-01 18:38:42
2372,907,1312,0,2026-07-01 18:38:42
2373,907,17698,0,2026-07-01 18:38:42
2374,907,12838,0,2026-07-01 18:38:42
2375,907,12839,0,2026-07-01 18:38:42
2376,907,870,0,2026-07-01 18:38:42
2377,907,7829,0,2026-07-01 18:38:42
2378,907,2632,0,2026-07-01 18:38:42
2379,907,3000,0,2026-07-01 18:38:42
2380,907,3018,0,2026-07-01 18:38:42
2381,907,3043,0,2026-07-01 18:38:42
2382,907,3110,0,2026-07-01 18:38:42
2383,907,3281,0,2026-07-01 18:38:42
2384,907,3524,0,2026-07-01 18:38:42
2385,907,4087,0,2026-07-01 18:38:42
2386,907,4822,0,2026-07-01 18:38:42
2387,907,4951,0,2026-07-01 18:38:42
2388,907,5126,0,2026-07-01 18:38:42
2389,907,4823,0,2026-07-01 18:38:42
2390,907,8845,0,2026-07-01 18:38:42
2391,907,8848,0,2026-07-01 18:38:42
2392,907,8844,0,2026-07-01 18:38:42
2393,907,8856,0,2026-07-01 18:38:42
2394,907,8857,0,2026-07-01 18:38:42
2395,907,8861,0,2026-07-01 18:38:42
2396,908,17693,0,2026-07-01 18:38:42
2397,910,3091,0,2026-07-01 18:38:42
2398,910,10253,0,2026-07-01 18:38:42
2399,910,17589,0,2026-07-01 18:38:42
2400,910,8287,0,2026-07-01 18:38:42
2401,910,13622,0,2026-07-01 18:38:42
2402,910,14632,0,2026-07-01 18:38:42
2403,910,13710,0,2026-07-01 18:38:42
2404,910,9474,0,2026-07-01 18:38:42
2405,912,3293,0,2026-07-01 18:38:42
2406,912,9395,0,2026-07-01 18:38:42
2407,912,17565,0,2026-07-01 18:38:42
2408,912,13710,0,2026-07-01 18:38:42
2409,912,4519,0,2026-07-01 18:38:42
2410,912,1963,0,2026-07-01 18:38:42
2411,913,17775,0,2026-07-01 18:38:42
2412,915,18003,0,2026-07-01 18:38:42
2413,915,17557,0,2026-07-01 18:38:42
2414,916,818,0,2026-07-01 18:38:42
2415,916,3789,0,2026-07-01 18:38:42
2416,916,9920,0,2026-07-01 18:38:42
2417,916,14275,0,2026-07-01 18:38:42
2418,916,17965,0,2026-07-01 18:38:42
2419,916,18004,0,2026-07-01 18:38:42
2420,916,18005,0,2026-07-01 18:38:42
2421,917,818,0,2026-07-01 18:38:42
2422,917,9920,0,2026-07-01 18:38:42
2423,917,14583,0,2026-07-01 18:38:42
2424,917,17965,0,2026-07-01 18:38:42
2425,918,17965,0,2026-07-01 18:38:42
2426,918,426,0,2026-07-01 18:38:42
2427,918,17591,0,2026-07-01 18:38:42
2428,918,17592,0,2026-07-01 18:38:42
2429,918,15288,0,2026-07-01 18:38:42
2430,919,17908,0,2026-07-01 18:38:42
2431,919,17969,0,2026-07-01 18:38:42
2432,919,17841,0,2026-07-01 18:38:42
2433,922,15926,0,2026-07-01 18:38:42
2434,923,12586,0,2026-07-01 18:38:42
2435,923,17965,0,2026-07-01 18:38:42
2436,923,8287,0,2026-07-01 18:38:42
2437,923,10253,0,2026-07-01 18:38:42
2438,924,17557,0,2026-07-01 18:38:42
2439,924,17775,0,2026-07-01 18:38:42
2440,925,17841,0,2026-07-01 18:38:42
2441,926,117,0,2026-07-01 18:38:42
2442,926,17263,0,2026-07-01 18:38:42
2443,926,17282,0,2026-07-01 18:38:42
2444,927,13709,0,2026-07-01 18:38:42
2445,927,18011,0,2026-07-01 18:38:42
2446,927,18012,0,2026-07-01 18:38:42
2447,928,13709,0,2026-07-01 18:38:42
2448,928,18012,0,2026-07-01 18:38:42
2449,928,12576,0,2026-07-01 18:38:42
2450,930,17624,0,2026-07-01 18:38:42
2451,930,3091,0,2026-07-01 18:38:42
2452,930,8191,0,2026-07-01 18:38:42
2453,930,17715,0,2026-07-01 18:38:42
2454,930,14506,0,2026-07-01 18:38:42
2455,930,17515,0,2026-07-01 18:38:42
2456,930,8346,0,2026-07-01 18:38:42
2457,930,10253,0,2026-07-01 18:38:42
2458,930,9980,0,2026-07-01 18:38:42
2459,930,17419,0,2026-07-01 18:38:42
2460,930,17810,0,2026-07-01 18:38:42
2461,930,18019,0,2026-07-01 18:38:42
2462,931,17557,0,2026-07-01 18:38:42
2463,931,17227,0,2026-07-01 18:38:42
2464,932,18020,0,2026-07-01 18:38:42
2465,933,8191,0,2026-07-01 18:38:42
2466,933,17778,0,2026-07-01 18:38:42
2467,933,810,0,2026-07-01 18:38:42
2468,933,10253,0,2026-07-01 18:38:42
2469,933,12153,0,2026-07-01 18:38:42
2470,933,14503,0,2026-07-01 18:38:42
2471,933,14506,0,2026-07-01 18:38:42
2472,933,17589,0,2026-07-01 18:38:42
2473,933,14203,0,2026-07-01 18:38:42
2474,933,423,0,2026-07-01 18:38:42
2475,933,16637,0,2026-07-01 18:38:42
2476,934,4354,0,2026-07-01 18:38:42
2477,934,17645,0,2026-07-01 18:38:42
2478,934,15157,0,2026-07-01 18:38:42
2479,934,17547,0,2026-07-01 18:38:42
2480,934,9736,0,2026-07-01 18:38:42
2481,934,17378,0,2026-07-01 18:38:42
2482,934,6008,0,2026-07-01 18:38:42
2483,934,768,0,2026-07-01 18:38:42
2484,934,13068,0,2026-07-01 18:38:42
2485,934,2677,0,2026-07-01 18:38:42
2486,934,2000,0,2026-07-01 18:38:42
2487,934,18022,0,2026-07-01 18:38:42
2488,934,18023,0,2026-07-01 18:38:42
2489,934,18024,0,2026-07-01 18:38:42
2490,935,17775,0,2026-07-01 18:38:42
2491,936,41,0,2026-07-01 18:38:42
2492,936,580,0,2026-07-01 18:38:42
2493,938,17286,0,2026-07-01 18:38:42
2494,938,7270,0,2026-07-01 18:38:42
2495,938,17368,0,2026-07-01 18:38:42
2496,944,17672,0,2026-07-01 18:38:42
2497,944,17884,0,2026-07-01 18:38:42
2498,944,8134,0,2026-07-01 18:38:42
2499,944,1028,0,2026-07-01 18:38:42
2500,944,3568,0,2026-07-01 18:38:42
2501,944,13339,0,2026-07-01 18:38:42
2502,944,8494,0,2026-07-01 18:38:42
2503,944,17887,0,2026-07-01 18:38:42
2504,945,17557,0,2026-07-01 18:38:42
2505,946,121,0,2026-07-01 18:38:42
2506,947,11050,0,2026-07-01 18:38:42
2507,948,17230,0,2026-07-01 18:38:42
2508,948,12579,0,2026-07-01 18:38:42
2509,949,12579,0,2026-07-01 18:38:42
2510,949,17230,0,2026-07-01 18:38:42
2511,950,15645,0,2026-07-01 18:38:42
2512,950,13438,0,2026-07-01 18:38:42
2513,950,5073,0,2026-07-01 18:38:42
2514,950,9101,0,2026-07-01 18:38:42
2515,950,18032,0,2026-07-01 18:38:42
2516,950,18033,0,2026-07-01 18:38:42
2517,950,16190,0,2026-07-01 18:38:42
2518,950,8289,0,2026-07-01 18:38:42
2519,950,5800,0,2026-07-01 18:38:42
2520,950,5799,0,2026-07-01 18:38:42
2521,951,17863,0,2026-07-01 18:38:42
2522,952,4717,0,2026-07-01 18:38:42
2523,953,17425,0,2026-07-01 18:38:42
2524,953,17557,0,2026-07-01 18:38:42
2525,954,1154,0,2026-07-01 18:38:42
2526,954,12975,0,2026-07-01 18:38:42
2527,954,1533,0,2026-07-01 18:38:42
2528,954,17575,0,2026-07-01 18:38:42
2529,954,12590,0,2026-07-01 18:38:42
2530,955,17965,0,2026-07-01 18:38:42
2531,955,13709,0,2026-07-01 18:38:42
2532,955,17781,0,2026-07-01 18:38:42
2533,955,12576,0,2026-07-01 18:38:42
2534,955,18038,0,2026-07-01 18:38:42
2535,955,8295,0,2026-07-01 18:38:42
2536,955,11724,0,2026-07-01 18:38:42
2537,956,17965,0,2026-07-01 18:38:42
2538,957,18039,0,2026-07-01 18:38:42
2539,959,17555,0,2026-07-01 18:38:42
2540,959,17557,0,2026-07-01 18:38:42
2541,959,17884,0,2026-07-01 18:38:42
2542,959,17575,0,2026-07-01 18:38:42
2543,959,17693,0,2026-07-01 18:38:42
2544,959,17969,0,2026-07-01 18:38:42
2545,959,17841,0,2026-07-01 18:38:42
2546,959,17686,0,2026-07-01 18:38:42
2547,960,17557,0,2026-07-01 18:38:42
2548,960,17884,0,2026-07-01 18:38:42
2549,960,17575,0,2026-07-01 18:38:42
2550,960,17693,0,2026-07-01 18:38:42
2551,960,17908,0,2026-07-01 18:38:42
2552,960,17969,0,2026-07-01 18:38:42
2553,960,17841,0,2026-07-01 18:38:42
2554,960,17686,0,2026-07-01 18:38:42
2555,960,17684,0,2026-07-01 18:38:42
2556,960,17605,0,2026-07-01 18:38:42
2557,960,17610,0,2026-07-01 18:38:42
2558,960,17676,0,2026-07-01 18:38:42
2559,960,17672,0,2026-07-01 18:38:42
2560,961,17884,0,2026-07-01 18:38:42
2561,961,17575,0,2026-07-01 18:38:42
2562,961,17693,0,2026-07-01 18:38:42
2563,962,17557,0,2026-07-01 18:38:42
2564,962,17652,0,2026-07-01 18:38:42
2565,962,17884,0,2026-07-01 18:38:42
2566,962,17555,0,2026-07-01 18:38:42
2567,962,17575,0,2026-07-01 18:38:42
2568,962,17693,0,2026-07-01 18:38:42
2569,962,17969,0,2026-07-01 18:38:42
2570,962,17841,0,2026-07-01 18:38:42
2571,962,17686,0,2026-07-01 18:38:42
2572,963,17557,0,2026-07-01 18:38:42
2573,963,17652,0,2026-07-01 18:38:42
2574,963,17884,0,2026-07-01 18:38:42
2575,963,17575,0,2026-07-01 18:38:42
2576,963,17693,0,2026-07-01 18:38:42
2577,963,17969,0,2026-07-01 18:38:42
2578,963,17841,0,2026-07-01 18:38:42
2579,963,17686,0,2026-07-01 18:38:42
2580,964,17557,0,2026-07-01 18:38:42
2581,964,17652,0,2026-07-01 18:38:42
2582,964,17884,0,2026-07-01 18:38:42
2583,964,17555,0,2026-07-01 18:38:42
2584,964,17575,0,2026-07-01 18:38:42
2585,964,17693,0,2026-07-01 18:38:42
2586,964,17969,0,2026-07-01 18:38:42
2587,964,17841,0,2026-07-01 18:38:42
2588,964,17686,0,2026-07-01 18:38:42
2589,965,17557,0,2026-07-01 18:38:42
2590,965,17652,0,2026-07-01 18:38:42
2591,965,17555,0,2026-07-01 18:38:42
2592,965,17575,0,2026-07-01 18:38:42
2593,965,17693,0,2026-07-01 18:38:42
2594,965,17969,0,2026-07-01 18:38:42
2595,965,17841,0,2026-07-01 18:38:42
2596,965,17686,0,2026-07-01 18:38:42
2597,966,10253,0,2026-07-01 18:38:42
2598,966,17377,0,2026-07-01 18:38:42
2599,966,14968,0,2026-07-01 18:38:42
2600,966,12576,0,2026-07-01 18:38:42
2601,967,1013,0,2026-07-01 18:38:42
2602,967,1015,0,2026-07-01 18:38:42
2603,967,1016,0,2026-07-01 18:38:42
2604,967,7269,0,2026-07-01 18:38:42
2605,967,3381,0,2026-07-01 18:38:42
2606,967,8196,0,2026-07-01 18:38:42
2607,967,1735,0,2026-07-01 18:38:42
2608,967,17327,0,2026-07-01 18:38:42
2609,967,10253,0,2026-07-01 18:38:42
2610,967,10678,0,2026-07-01 18:38:42
2611,967,17589,0,2026-07-01 18:38:42
2612,967,17565,0,2026-07-01 18:38:42
2613,967,10445,0,2026-07-01 18:38:42
2614,967,17678,0,2026-07-01 18:38:42
2615,968,17557,0,2026-07-01 18:38:42
2616,969,5246,0,2026-07-01 18:38:42
2617,969,17393,0,2026-07-01 18:38:42
2618,969,17761,0,2026-07-01 18:38:42
2619,971,3485,0,2026-07-01 18:38:42
2620,971,2677,0,2026-07-01 18:38:42
2621,971,3567,0,2026-07-01 18:38:42
2622,973,18049,0,2026-07-01 18:38:42
2623,974,18050,0,2026-07-01 18:38:42
2624,975,17686,0,2026-07-01 18:38:42
2625,976,17461,0,2026-07-01 18:38:42
2626,976,17557,0,2026-07-01 18:38:42
2627,977,17557,0,2026-07-01 18:38:42
2628,978,17557,0,2026-07-01 18:38:42
2629,979,17227,0,2026-07-01 18:38:42
2630,980,17446,0,2026-07-01 18:38:42
2631,980,11845,0,2026-07-01 18:38:42
2632,980,2134,0,2026-07-01 18:38:42
2633,980,7657,0,2026-07-01 18:38:42
2634,980,3087,0,2026-07-01 18:38:42
2635,983,17884,0,2026-07-01 18:38:42
2636,983,17841,0,2026-07-01 18:38:42
2637,983,17686,0,2026-07-01 18:38:42
2638,983,17575,0,2026-07-01 18:38:42
2639,984,17884,0,2026-07-01 18:38:42
2640,984,17693,0,2026-07-01 18:38:42
2641,984,17557,0,2026-07-01 18:38:42
2642,984,17672,0,2026-07-01 18:38:42
2643,985,17543,0,2026-07-01 18:38:42
2644,985,18054,0,2026-07-01 18:38:42
2645,985,18055,0,2026-07-01 18:38:42
2646,985,18056,0,2026-07-01 18:38:42
2647,985,18057,0,2026-07-01 18:38:42
2648,985,18058,0,2026-07-01 18:38:42
2649,985,18059,0,2026-07-01 18:38:42
2650,985,18060,0,2026-07-01 18:38:42
2651,985,18061,0,2026-07-01 18:38:42
2652,985,18062,0,2026-07-01 18:38:42
2653,985,18063,0,2026-07-01 18:38:42
2654,989,17953,0,2026-07-01 18:38:42
2655,990,6615,0,2026-07-01 18:38:42
2656,990,17674,0,2026-07-01 18:38:42
2657,991,3983,0,2026-07-01 18:38:42
2658,991,18064,0,2026-07-01 18:38:42
2659,992,17624,0,2026-07-01 18:38:42
2660,992,17775,0,2026-07-01 18:38:42
2661,993,17775,0,2026-07-01 18:38:42
2662,993,10622,0,2026-07-01 18:38:42
2663,993,9980,0,2026-07-01 18:38:42
2664,993,17624,0,2026-07-01 18:38:42
2665,993,17288,0,2026-07-01 18:38:42
2666,993,17461,0,2026-07-01 18:38:42
2667,994,3458,0,2026-07-01 18:38:42
2668,994,17841,0,2026-07-01 18:38:42
2669,995,2113,0,2026-07-01 18:38:42
2670,995,17397,0,2026-07-01 18:38:42
2671,995,121,0,2026-07-01 18:38:42
2672,995,14472,0,2026-07-01 18:38:42
2673,996,18074,0,2026-07-01 18:38:42
2674,996,17841,0,2026-07-01 18:38:42
2675,997,17684,0,2026-07-01 18:38:42
2676,997,17686,0,2026-07-01 18:38:42
2677,999,281,0,2026-07-01 18:38:42
2678,999,6615,0,2026-07-01 18:38:42
2679,999,17792,0,2026-07-01 18:38:42
2680,1000,18075,0,2026-07-01 18:38:42
2681,1001,17557,0,2026-07-01 18:38:42
2682,1003,17557,0,2026-07-01 18:38:42
2683,1004,17557,0,2026-07-01 18:38:42
2684,1004,17884,0,2026-07-01 18:38:42
2685,1004,17575,0,2026-07-01 18:38:42
2686,1006,17884,0,2026-07-01 18:38:42
2687,1007,17686,0,2026-07-01 18:38:42
2688,1007,17575,0,2026-07-01 18:38:42
2689,1007,17684,0,2026-07-01 18:38:42
2690,1008,9104,0,2026-07-01 18:38:42
2691,1008,18080,0,2026-07-01 18:38:42
2692,1008,18081,0,2026-07-01 18:38:42
2693,1008,329,0,2026-07-01 18:38:42
2694,1009,17605,0,2026-07-01 18:38:42
2695,1009,17884,0,2026-07-01 18:38:42
2696,1010,18077,0,2026-07-01 18:38:42
2697,1010,17557,0,2026-07-01 18:38:42
2698,1011,121,0,2026-07-01 18:38:42
2699,1011,17557,0,2026-07-01 18:38:42
2700,1012,17953,0,2026-07-01 18:38:42
2701,1013,17884,0,2026-07-01 18:38:42
2702,1013,17684,0,2026-07-01 18:38:42
2703,1014,17557,0,2026-07-01 18:38:42
2704,1014,17555,0,2026-07-01 18:38:42
2705,1015,17809,0,2026-07-01 18:38:42
2706,1015,4803,0,2026-07-01 18:38:42
2707,1015,5284,0,2026-07-01 18:38:42
2708,1015,1137,0,2026-07-01 18:38:42
2709,1015,11712,0,2026-07-01 18:38:42
2710,1016,17557,0,2026-07-01 18:38:42
2711,1016,17652,0,2026-07-01 18:38:42
2712,1016,17884,0,2026-07-01 18:38:42
2713,1016,17575,0,2026-07-01 18:38:42
2714,1016,17841,0,2026-07-01 18:38:42
2715,1016,17686,0,2026-07-01 18:38:42
2716,1016,17684,0,2026-07-01 18:38:42
2717,1016,17672,0,2026-07-01 18:38:42
2718,1016,17682,0,2026-07-01 18:38:42
2719,1017,17557,0,2026-07-01 18:38:42
2720,1017,17652,0,2026-07-01 18:38:42
2721,1017,17884,0,2026-07-01 18:38:42
2722,1017,17555,0,2026-07-01 18:38:42
2723,1017,17686,0,2026-07-01 18:38:42
2724,1017,17684,0,2026-07-01 18:38:42
2725,1017,17672,0,2026-07-01 18:38:42
2726,1017,17682,0,2026-07-01 18:38:42
2727,1018,17557,0,2026-07-01 18:38:42
2728,1018,17652,0,2026-07-01 18:38:42
2729,1018,17575,0,2026-07-01 18:38:42
2730,1018,17841,0,2026-07-01 18:38:42
2731,1018,17686,0,2026-07-01 18:38:42
2732,1018,17684,0,2026-07-01 18:38:42
2733,1018,17682,0,2026-07-01 18:38:42
2734,1019,7,0,2026-07-01 18:38:42
2735,1019,17792,0,2026-07-01 18:38:42
2736,1020,17572,0,2026-07-01 18:38:42
2737,1020,6613,0,2026-07-01 18:38:42
2738,1020,14235,0,2026-07-01 18:38:42
2739,1021,17572,0,2026-07-01 18:38:42
2740,1021,7,0,2026-07-01 18:38:42
2741,1021,6615,0,2026-07-01 18:38:42
2742,1021,16261,0,2026-07-01 18:38:42
2743,1022,6615,0,2026-07-01 18:38:42
2744,1022,17572,0,2026-07-01 18:38:42
2745,1023,5631,0,2026-07-01 18:38:42
2746,1023,17686,0,2026-07-01 18:38:42
2747,1024,13387,0,2026-07-01 18:38:42
2748,1024,17775,0,2026-07-01 18:38:42
2749,1025,17858,0,2026-07-01 18:38:42
2750,1025,17557,0,2026-07-01 18:38:42
2751,1027,415,0,2026-07-01 18:38:42
2752,1027,17557,0,2026-07-01 18:38:42
2753,1028,17460,0,2026-07-01 18:38:42
2754,1028,17557,0,2026-07-01 18:38:42
2755,1029,119,0,2026-07-01 18:38:42
2756,1031,12589,0,2026-07-01 18:38:42
2757,1031,1153,0,2026-07-01 18:38:42
2758,1032,12589,0,2026-07-01 18:38:42
2759,1032,18082,0,2026-07-01 18:38:42
2760,1034,18027,0,2026-07-01 18:38:42
2761,1035,17704,0,2026-07-01 18:38:42
2762,1035,15017,0,2026-07-01 18:38:42
2763,1035,13592,0,2026-07-01 18:38:42
2764,1037,17557,0,2026-07-01 18:38:42
2765,1038,17557,0,2026-07-01 18:38:42
2766,1039,17775,0,2026-07-01 18:38:42
2767,1040,17557,0,2026-07-01 18:38:42
2768,1045,17686,0,2026-07-01 18:38:42
2769,1047,17547,0,2026-07-01 18:38:42
2770,1047,12873,0,2026-07-01 18:38:42
2771,1048,12589,0,2026-07-01 18:38:42
2772,1049,11701,0,2026-07-01 18:38:42
2773,1049,8620,0,2026-07-01 18:38:42
2774,1049,768,0,2026-07-01 18:38:42
2775,1049,17644,0,2026-07-01 18:38:42
2776,1049,18083,0,2026-07-01 18:38:42
2777,1049,2144,0,2026-07-01 18:38:42
2778,1049,13913,0,2026-07-01 18:38:42
2779,1049,4066,0,2026-07-01 18:38:42
2780,1049,14583,0,2026-07-01 18:38:42
2781,1050,2144,0,2026-07-01 18:38:42
2782,1050,3485,0,2026-07-01 18:38:42
2783,1050,4066,0,2026-07-01 18:38:42
2784,1050,5087,0,2026-07-01 18:38:42
2785,1050,11701,0,2026-07-01 18:38:42
2786,1050,13913,0,2026-07-01 18:38:42
2787,1050,14583,0,2026-07-01 18:38:42
2788,1050,17645,0,2026-07-01 18:38:42
2789,1050,18084,0,2026-07-01 18:38:42
2790,1051,17652,0,2026-07-01 18:38:42
2791,1051,17575,0,2026-07-01 18:38:42
2792,1051,17841,0,2026-07-01 18:38:42
2793,1051,17686,0,2026-07-01 18:38:42
2794,1051,17684,0,2026-07-01 18:38:42
2795,1051,17884,0,2026-07-01 18:38:42
2796,1052,7493,0,2026-07-01 18:38:42
2797,1052,4072,0,2026-07-01 18:38:42
2798,1052,8807,0,2026-07-01 18:38:42
2799,1052,1971,0,2026-07-01 18:38:42
2800,1053,3622,0,2026-07-01 18:38:42
2801,1053,3628,0,2026-07-01 18:38:42
2802,1053,3612,0,2026-07-01 18:38:42
2803,1054,5670,0,2026-07-01 18:38:42
2804,1055,17605,0,2026-07-01 18:38:42
2805,1056,17663,0,2026-07-01 18:38:42
2806,1056,17674,0,2026-07-01 18:38:42
2807,1056,17686,0,2026-07-01 18:38:42
2808,1056,17775,0,2026-07-01 18:38:42
2809,1057,9999,0,2026-07-01 18:38:42
2810,1057,3568,0,2026-07-01 18:38:42
2811,1057,3484,0,2026-07-01 18:38:42
2812,1057,3635,0,2026-07-01 18:38:42
2813,1058,9736,0,2026-07-01 18:38:42
2814,1058,5248,0,2026-07-01 18:38:42
2815,1058,17323,0,2026-07-01 18:38:42
2816,1058,17344,0,2026-07-01 18:38:42
2817,1059,17686,0,2026-07-01 18:38:42
2818,1059,17684,0,2026-07-01 18:38:42
2819,1059,17672,0,2026-07-01 18:38:42
2820,1060,17684,0,2026-07-01 18:38:42
2821,1060,17686,0,2026-07-01 18:38:42
2822,1061,17841,0,2026-07-01 18:38:42
2823,1062,18086,0,2026-07-01 18:38:42
2824,1062,18087,0,2026-07-01 18:38:42
2825,1062,17557,0,2026-07-01 18:38:42
2826,1063,17686,0,2026-07-01 18:38:42
2827,1063,17448,0,2026-07-01 18:38:42
2828,1064,3013,0,2026-07-01 18:38:42
2829,1064,15098,0,2026-07-01 18:38:42
2830,1064,3642,0,2026-07-01 18:38:42
2831,1065,9100,0,2026-07-01 18:38:42
2832,1066,18091,0,2026-07-01 18:38:42
2833,1067,17961,0,2026-07-01 18:38:42
2834,1067,17557,0,2026-07-01 18:38:42
2835,1070,3605,0,2026-07-01 18:38:42
2836,1070,17652,0,2026-07-01 18:38:42
2837,1071,3239,0,2026-07-01 18:38:42
2838,1071,18092,0,2026-07-01 18:38:42
2839,1071,17356,0,2026-07-01 18:38:42
2840,1071,16261,0,2026-07-01 18:38:42
2841,1073,17557,0,2026-07-01 18:38:42
2842,1075,17555,0,2026-07-01 18:38:42
2843,1075,17393,0,2026-07-01 18:38:42
2844,1076,18093,0,2026-07-01 18:38:42
2845,1076,17557,0,2026-07-01 18:38:42
2846,1077,12943,0,2026-07-01 18:38:42
2847,1078,17557,0,2026-07-01 18:38:42
2848,1079,17557,0,2026-07-01 18:38:42
2849,1080,17557,0,2026-07-01 18:38:42
2850,1081,8620,0,2026-07-01 18:38:42
2851,1081,3467,0,2026-07-01 18:38:42
2852,1081,666,0,2026-07-01 18:38:42
2853,1083,17557,0,2026-07-01 18:38:42
2854,1084,17803,0,2026-07-01 18:38:42
2855,1085,17557,0,2026-07-01 18:38:42
2856,1086,17922,0,2026-07-01 18:38:42
2857,1086,17227,0,2026-07-01 18:38:42
2858,1088,18095,0,2026-07-01 18:38:42
2859,1088,18096,0,2026-07-01 18:38:42
2860,1088,18097,0,2026-07-01 18:38:42
2861,1089,332,0,2026-07-01 18:38:42
2862,1089,3983,0,2026-07-01 18:38:42
2863,1089,17227,0,2026-07-01 18:38:42
2864,1089,17841,0,2026-07-01 18:38:42
2865,1090,12589,0,2026-07-01 18:38:42
2866,1090,12590,0,2026-07-01 18:38:42
2867,1091,17605,0,2026-07-01 18:38:42
2868,1091,17610,0,2026-07-01 18:38:42
2869,1092,17684,0,2026-07-01 18:38:42
2870,1092,17672,0,2026-07-01 18:38:42
2871,1093,17557,0,2026-07-01 18:38:42
2872,1094,6537,0,2026-07-01 18:38:42
2873,1094,9736,0,2026-07-01 18:38:42
2874,1094,4708,0,2026-07-01 18:38:42
2875,1094,3628,0,2026-07-01 18:38:42
2876,1095,3987,0,2026-07-01 18:38:42
2877,1095,271,0,2026-07-01 18:38:42
2878,1095,4148,0,2026-07-01 18:38:42
2879,1095,11774,0,2026-07-01 18:38:42
2880,1096,17557,0,2026-07-01 18:38:42
2881,1096,17652,0,2026-07-01 18:38:42
2882,1097,17557,0,2026-07-01 18:38:42
2883,1097,17555,0,2026-07-01 18:38:42
2884,1097,17693,0,2026-07-01 18:38:42
2885,1098,3479,0,2026-07-01 18:38:42
2886,1099,5799,0,2026-07-01 18:38:42
2887,1099,5800,0,2026-07-01 18:38:42
2888,1099,17575,0,2026-07-01 18:38:42
2889,1100,18105,0,2026-07-01 18:38:42
2890,1100,3853,0,2026-07-01 18:38:42
2891,1101,1482,0,2026-07-01 18:38:42
2892,1101,17775,0,2026-07-01 18:38:42
2893,1101,17555,0,2026-07-01 18:38:42
2894,1103,17909,0,2026-07-01 18:38:42
2895,1104,17909,0,2026-07-01 18:38:42
2896,1105,17909,0,2026-07-01 18:38:42
2897,1106,17909,0,2026-07-01 18:38:42
2898,1107,17251,0,2026-07-01 18:38:42
2899,1107,17446,0,2026-07-01 18:38:42
2900,1107,17868,0,2026-07-01 18:38:42
2901,1107,17791,0,2026-07-01 18:38:42
2902,1107,17786,0,2026-07-01 18:38:42
2903,1108,17693,0,2026-07-01 18:38:42
2904,1108,17575,0,2026-07-01 18:38:42
2905,1108,17672,0,2026-07-01 18:38:42
2906,1108,17686,0,2026-07-01 18:38:42
2907,1109,17686,0,2026-07-01 18:38:42
2908,1110,17884,0,2026-07-01 18:38:42
2909,1110,17575,0,2026-07-01 18:38:42
2910,1110,17693,0,2026-07-01 18:38:42
2911,1110,17686,0,2026-07-01 18:38:42
2912,1110,17678,0,2026-07-01 18:38:42
2913,1110,17672,0,2026-07-01 18:38:42
2914,1111,121,0,2026-07-01 18:38:42
2915,1112,7269,0,2026-07-01 18:38:42
2916,1112,3381,0,2026-07-01 18:38:42
2917,1112,4708,0,2026-07-01 18:38:42
2918,1112,4710,0,2026-07-01 18:38:42
2919,1115,18111,0,2026-07-01 18:38:42
2920,1115,18112,0,2026-07-01 18:38:42
2921,1115,4716,0,2026-07-01 18:38:42
2922,1115,9415,0,2026-07-01 18:38:42
2923,1117,7269,0,2026-07-01 18:38:42
2924,1117,3381,0,2026-07-01 18:38:42
2925,1117,18111,0,2026-07-01 18:38:42
2926,1117,9415,0,2026-07-01 18:38:42
2927,1117,2111,0,2026-07-01 18:38:42
2928,1118,18111,0,2026-07-01 18:38:42
2929,1118,9415,0,2026-07-01 18:38:42
2930,1118,2111,0,2026-07-01 18:38:42
2931,1120,17704,0,2026-07-01 18:38:42
2932,1120,11552,0,2026-07-01 18:38:42
2933,1120,18113,0,2026-07-01 18:38:42
2934,1120,17909,0,2026-07-01 18:38:42
2935,1121,17686,0,2026-07-01 18:38:42
2936,1122,17263,0,2026-07-01 18:38:42
2937,1123,18115,0,2026-07-01 18:38:42
2938,1124,17557,0,2026-07-01 18:38:42
2939,1125,17575,0,2026-07-01 18:38:42
2940,1125,5070,0,2026-07-01 18:38:42
2941,1125,12996,0,2026-07-01 18:38:42
2942,1125,17557,0,2026-07-01 18:38:42
2943,1125,17693,0,2026-07-01 18:38:42
2944,1128,2871,0,2026-07-01 18:38:42
2945,1128,17884,0,2026-07-01 18:38:42
2946,1128,17686,0,2026-07-01 18:38:42
2947,1129,6695,0,2026-07-01 18:38:42
2948,1129,15030,0,2026-07-01 18:38:42
2949,1129,17712,0,2026-07-01 18:38:42
2950,1129,17344,0,2026-07-01 18:38:42
2951,1129,17543,0,2026-07-01 18:38:42
2952,1130,12531,0,2026-07-01 18:38:42
2953,1131,5246,0,2026-07-01 18:38:42
2954,1131,18117,0,2026-07-01 18:38:42
2955,1132,17841,0,2026-07-01 18:38:42
2956,1132,17575,0,2026-07-01 18:38:42
2957,1134,18124,0,2026-07-01 18:38:42
2958,1134,3252,0,2026-07-01 18:38:42
2959,1136,17336,0,2026-07-01 18:38:42
2960,1137,17374,0,2026-07-01 18:38:42
2961,1137,17159,0,2026-07-01 18:38:42
2962,1137,17372,0,2026-07-01 18:38:42
2963,1138,16626,0,2026-07-01 18:38:42
2964,1138,17336,0,2026-07-01 18:38:42
2965,1138,13756,0,2026-07-01 18:38:42
2966,1139,1311,0,2026-07-01 18:38:42
2967,1139,18124,0,2026-07-01 18:38:42
2968,1140,18125,0,2026-07-01 18:38:42
2969,1140,18126,0,2026-07-01 18:38:42
2970,1140,18127,0,2026-07-01 18:38:42
2971,1140,18128,0,2026-07-01 18:38:42
2972,1140,18129,0,2026-07-01 18:38:42
2973,1140,18130,0,2026-07-01 18:38:42
2974,1140,18131,0,2026-07-01 18:38:42
2975,1142,1154,0,2026-07-01 18:38:42
2976,1142,12975,0,2026-07-01 18:38:42
2977,1142,14050,0,2026-07-01 18:38:42
2978,1142,18132,0,2026-07-01 18:38:42
2979,1143,17557,0,2026-07-01 18:38:42
2980,1145,17557,0,2026-07-01 18:38:42
2981,1145,17775,0,2026-07-01 18:38:42
2982,1146,6439,0,2026-07-01 18:38:42
2983,1146,17884,0,2026-07-01 18:38:42
2984,1146,1138,0,2026-07-01 18:38:42
2985,1146,4803,0,2026-07-01 18:38:42
2986,1146,11552,0,2026-07-01 18:38:42
2987,1146,15017,0,2026-07-01 18:38:42
2988,1146,10422,0,2026-07-01 18:38:42
2989,1146,11001,0,2026-07-01 18:38:42
2990,1146,7246,0,2026-07-01 18:38:42
2991,1147,7777,0,2026-07-01 18:38:42
2992,1147,17884,0,2026-07-01 18:38:42
2993,1147,17775,0,2026-07-01 18:38:42
2994,1148,11001,0,2026-07-01 18:38:42
2995,1148,17884,0,2026-07-01 18:38:42
2996,1148,17686,0,2026-07-01 18:38:42
2997,1148,17684,0,2026-07-01 18:38:42
2998,1148,17680,0,2026-07-01 18:38:42
2999,1149,850,0,2026-07-01 18:38:42
3000,1149,17841,0,2026-07-01 18:38:42
3001,1149,17672,0,2026-07-01 18:38:42
3002,1149,17678,0,2026-07-01 18:38:42
3003,1150,17884,0,2026-07-01 18:38:42
3004,1150,17555,0,2026-07-01 18:38:42
3005,1150,17575,0,2026-07-01 18:38:42
3006,1150,17684,0,2026-07-01 18:38:42
3007,1150,17678,0,2026-07-01 18:38:42
3008,1151,13438,0,2026-07-01 18:38:42
3009,1151,13449,0,2026-07-01 18:38:42
3010,1151,11141,0,2026-07-01 18:38:42
3011,1152,17965,0,2026-07-01 18:38:42
3012,1152,13622,0,2026-07-01 18:38:42
3013,1152,14632,0,2026-07-01 18:38:42
3014,1152,15286,0,2026-07-01 18:38:42
3015,1152,10253,0,2026-07-01 18:38:42
3016,1153,2720,0,2026-07-01 18:38:42
3017,1153,2721,0,2026-07-01 18:38:42
3018,1153,2723,0,2026-07-01 18:38:42
3019,1153,602,0,2026-07-01 18:38:42
3020,1153,17669,0,2026-07-01 18:38:42
3021,1153,7380,0,2026-07-01 18:38:42
3022,1154,18141,0,2026-07-01 18:38:42
3023,1155,118,0,2026-07-01 18:38:42
3024,1155,1316,0,2026-07-01 18:38:42
3025,1155,17939,0,2026-07-01 18:38:42
3026,1155,10168,0,2026-07-01 18:38:42
3027,1155,17610,0,2026-07-01 18:38:42
3028,1155,17605,0,2026-07-01 18:38:42
3029,1155,17684,0,2026-07-01 18:38:42
3030,1156,15179,0,2026-07-01 18:38:42
3031,1156,17455,0,2026-07-01 18:38:42
3032,1157,17456,0,2026-07-01 18:38:42
3033,1157,17598,0,2026-07-01 18:38:42
3034,1158,119,0,2026-07-01 18:38:42
3035,1158,3468,0,2026-07-01 18:38:42
3036,1158,2200,0,2026-07-01 18:38:42
3037,1159,10512,0,2026-07-01 18:38:42
3038,1159,3458,0,2026-07-01 18:38:42
3039,1159,17227,0,2026-07-01 18:38:42
3040,1159,17251,0,2026-07-01 18:38:42
3041,1160,17775,0,2026-07-01 18:38:42
3042,1161,17557,0,2026-07-01 18:38:42
3043,1162,17557,0,2026-07-01 18:38:42
3044,1163,17557,0,2026-07-01 18:38:42
3045,1163,17884,0,2026-07-01 18:38:42
3046,1164,18143,0,2026-07-01 18:38:42
3047,1165,18144,0,2026-07-01 18:38:42
3048,1165,17775,0,2026-07-01 18:38:42
3049,1165,17652,0,2026-07-01 18:38:42
3050,1166,17884,0,2026-07-01 18:38:42
3051,1168,389,0,2026-07-01 18:38:42
3052,1168,17775,0,2026-07-01 18:38:42
3053,1169,17775,0,2026-07-01 18:38:42
3054,1169,17555,0,2026-07-01 18:38:42
3055,1170,11,0,2026-07-01 18:38:42
3056,1170,883,0,2026-07-01 18:38:42
3057,1170,1154,0,2026-07-01 18:38:42
3058,1171,17652,0,2026-07-01 18:38:42
3059,1171,17557,0,2026-07-01 18:38:42
3060,1171,17575,0,2026-07-01 18:38:42
3061,1172,18146,0,2026-07-01 18:38:42
3062,1172,18147,0,2026-07-01 18:38:42
3063,1172,18148,0,2026-07-01 18:38:42
3064,1172,9101,0,2026-07-01 18:38:42
3065,1172,18149,0,2026-07-01 18:38:42
3066,1173,18150,0,2026-07-01 18:38:42
3067,1173,18151,0,2026-07-01 18:38:42
3068,1173,18152,0,2026-07-01 18:38:42
3069,1173,18153,0,2026-07-01 18:38:42
3070,1173,18154,0,2026-07-01 18:38:42
3071,1173,18155,0,2026-07-01 18:38:42
3072,1173,18156,0,2026-07-01 18:38:42
3073,1173,18157,0,2026-07-01 18:38:42
3074,1173,18158,0,2026-07-01 18:38:42
3075,1173,18159,0,2026-07-01 18:38:42
3076,1173,18160,0,2026-07-01 18:38:42
3077,1174,18146,0,2026-07-01 18:38:42
3078,1174,18161,0,2026-07-01 18:38:42
3079,1174,9100,0,2026-07-01 18:38:42
3080,1174,13438,0,2026-07-01 18:38:42
3081,1174,18162,0,2026-07-01 18:38:42
3082,1174,18163,0,2026-07-01 18:38:42
3083,1174,18164,0,2026-07-01 18:38:42
3084,1174,18157,0,2026-07-01 18:38:42
3085,1174,18165,0,2026-07-01 18:38:42
3086,1174,18166,0,2026-07-01 18:38:42
3087,1174,18167,0,2026-07-01 18:38:42
3088,1175,18146,0,2026-07-01 18:38:42
3089,1175,18168,0,2026-07-01 18:38:42
3090,1175,18169,0,2026-07-01 18:38:42
3091,1175,18170,0,2026-07-01 18:38:42
3092,1175,18171,0,2026-07-01 18:38:42
3093,1175,18162,0,2026-07-01 18:38:42
3094,1175,18172,0,2026-07-01 18:38:42
3095,1175,18163,0,2026-07-01 18:38:42
3096,1175,18173,0,2026-07-01 18:38:42
3097,1175,18167,0,2026-07-01 18:38:42
3098,1175,18174,0,2026-07-01 18:38:42
3099,1176,18146,0,2026-07-01 18:38:42
3100,1176,18168,0,2026-07-01 18:38:42
3101,1176,18175,0,2026-07-01 18:38:42
3102,1176,18176,0,2026-07-01 18:38:42
3103,1176,18177,0,2026-07-01 18:38:42
3104,1176,18178,0,2026-07-01 18:38:42
3105,1176,18162,0,2026-07-01 18:38:42
3106,1176,18172,0,2026-07-01 18:38:42
3107,1176,18179,0,2026-07-01 18:38:42
3108,1176,18180,0,2026-07-01 18:38:42
3109,1176,18181,0,2026-07-01 18:38:42
3110,1177,12531,0,2026-07-01 18:38:42
3111,1177,12529,0,2026-07-01 18:38:42
3112,1177,12530,0,2026-07-01 18:38:42
3113,1177,12379,0,2026-07-01 18:38:42
3114,1177,12309,0,2026-07-01 18:38:42
3115,1177,12310,0,2026-07-01 18:38:42
3116,1177,12311,0,2026-07-01 18:38:42
3117,1177,14656,0,2026-07-01 18:38:42
3118,1177,116,0,2026-07-01 18:38:42
3119,1177,119,0,2026-07-01 18:38:42
3120,1177,122,0,2026-07-01 18:38:42
3121,1177,9376,0,2026-07-01 18:38:42
3122,1179,17884,0,2026-07-01 18:38:42
3123,1179,3461,0,2026-07-01 18:38:42
3124,1179,3485,0,2026-07-01 18:38:42
3125,1179,17819,0,2026-07-01 18:38:42
3126,1179,17652,0,2026-07-01 18:38:42
3127,1180,17724,0,2026-07-01 18:38:42
3128,1180,17610,0,2026-07-01 18:38:42
3129,1180,5911,0,2026-07-01 18:38:42
3130,1181,2438,0,2026-07-01 18:38:42
3131,1181,7645,0,2026-07-01 18:38:42
3132,1181,12051,0,2026-07-01 18:38:42
3133,1181,9736,0,2026-07-01 18:38:42
3134,1181,17377,0,2026-07-01 18:38:42
3135,1181,6566,0,2026-07-01 18:38:42
3136,1181,8140,0,2026-07-01 18:38:42
3137,1181,8110,0,2026-07-01 18:38:42
3138,1182,18182,0,2026-07-01 18:38:42
3139,1182,18183,0,2026-07-01 18:38:42
3140,1182,192,0,2026-07-01 18:38:42
3141,1182,18184,0,2026-07-01 18:38:42
3142,1182,17908,0,2026-07-01 18:38:42
3143,1183,17652,0,2026-07-01 18:38:42
3144,1183,17575,0,2026-07-01 18:38:42
3145,1183,17693,0,2026-07-01 18:38:42
3146,1183,17884,0,2026-07-01 18:38:42
3147,1184,17575,0,2026-07-01 18:38:42
3148,1184,17693,0,2026-07-01 18:38:42
3149,1184,17652,0,2026-07-01 18:38:42
3150,1185,17652,0,2026-07-01 18:38:42
3151,1185,17575,0,2026-07-01 18:38:42
3152,1186,555,0,2026-07-01 18:38:42
3153,1186,6007,0,2026-07-01 18:38:42
3154,1186,6010,0,2026-07-01 18:38:42
3155,1186,17483,0,2026-07-01 18:38:42
3156,1187,816,0,2026-07-01 18:38:42
3157,1188,17557,0,2026-07-01 18:38:42
3158,1189,17775,0,2026-07-01 18:38:42
3159,1189,17961,0,2026-07-01 18:38:42
3160,1192,17953,0,2026-07-01 18:38:42
3161,1192,17775,0,2026-07-01 18:38:42
3162,1192,17557,0,2026-07-01 18:38:42
3163,1193,17686,0,2026-07-01 18:38:42
3164,1194,17575,0,2026-07-01 18:38:42
3165,1195,3465,0,2026-07-01 18:38:42
3166,1195,8807,0,2026-07-01 18:38:42
3167,1196,17557,0,2026-07-01 18:38:42
3168,1196,17884,0,2026-07-01 18:38:42
3169,1196,17236,0,2026-07-01 18:38:42
3170,1198,17775,0,2026-07-01 18:38:42
3171,1198,17555,0,2026-07-01 18:38:42
3172,1199,10514,0,2026-07-01 18:38:42
3173,1199,17884,0,2026-07-01 18:38:42
3174,1199,17575,0,2026-07-01 18:38:42
3175,1199,17969,0,2026-07-01 18:38:42
3176,1201,3635,0,2026-07-01 18:38:42
3177,1201,15801,0,2026-07-01 18:38:42
3178,1201,17344,0,2026-07-01 18:38:42
3179,1201,17274,0,2026-07-01 18:38:42
3180,1201,3479,0,2026-07-01 18:38:42
3181,1203,17557,0,2026-07-01 18:38:42
3182,1203,17775,0,2026-07-01 18:38:42
3183,1205,9999,0,2026-07-01 18:38:42
3184,1206,17526,0,2026-07-01 18:38:42
3185,1206,17557,0,2026-07-01 18:38:42
3186,1207,17575,0,2026-07-01 18:38:42
3187,1207,17693,0,2026-07-01 18:38:42
3188,1207,17841,0,2026-07-01 18:38:42
3189,1208,17575,0,2026-07-01 18:38:42
3190,1208,17686,0,2026-07-01 18:38:42
3191,1209,14030,0,2026-07-01 18:38:42
3192,1209,13109,0,2026-07-01 18:38:42
3193,1209,10165,0,2026-07-01 18:38:42
3194,1209,17247,0,2026-07-01 18:38:42
3195,1209,422,0,2026-07-01 18:38:42
3196,1209,245,0,2026-07-01 18:38:42
3197,1210,17884,0,2026-07-01 18:38:42
3198,1210,17575,0,2026-07-01 18:38:42
3199,1211,17884,0,2026-07-01 18:38:42
3200,1212,18192,0,2026-07-01 18:38:42
3201,1212,18193,0,2026-07-01 18:38:42
3202,1212,18194,0,2026-07-01 18:38:42
3203,1213,18195,0,2026-07-01 18:38:42
3204,1213,18196,0,2026-07-01 18:38:42
3205,1214,17605,0,2026-07-01 18:38:42
3206,1214,17610,0,2026-07-01 18:38:42
3207,1214,17684,0,2026-07-01 18:38:42
3208,1215,17557,0,2026-07-01 18:38:42
3209,1215,17884,0,2026-07-01 18:38:42
3210,1216,11050,0,2026-07-01 18:38:42
3211,1218,17686,0,2026-07-01 18:38:42
3212,1219,17686,0,2026-07-01 18:38:42
3213,1220,17401,0,2026-07-01 18:38:42
3214,1220,17475,0,2026-07-01 18:38:42
3215,1220,16007,0,2026-07-01 18:38:42
3216,1220,16005,0,2026-07-01 18:38:42
3217,1220,15997,0,2026-07-01 18:38:42
3218,1220,16006,0,2026-07-01 18:38:42
3219,1220,16009,0,2026-07-01 18:38:42
3220,1220,17438,0,2026-07-01 18:38:42
3221,1220,16003,0,2026-07-01 18:38:42
3222,1220,16001,0,2026-07-01 18:38:42
3223,1220,6615,0,2026-07-01 18:38:42
3224,1221,17557,0,2026-07-01 18:38:42
3225,1222,17575,0,2026-07-01 18:38:42
3226,1225,9395,0,2026-07-01 18:38:42
3227,1225,12835,0,2026-07-01 18:38:42
3228,1225,15998,0,2026-07-01 18:38:42
3229,1225,13436,0,2026-07-01 18:38:42
3230,1225,14153,0,2026-07-01 18:38:42
3231,1225,818,0,2026-07-01 18:38:42
3232,1225,17589,0,2026-07-01 18:38:42
3233,1225,18200,0,2026-07-01 18:38:42
3234,1226,12586,0,2026-07-01 18:38:42
3235,1226,17782,0,2026-07-01 18:38:42
3236,1226,14637,0,2026-07-01 18:38:42
3237,1227,12589,0,2026-07-01 18:38:42
3238,1227,12233,0,2026-07-01 18:38:42
3239,1227,14640,0,2026-07-01 18:38:42
3240,1228,17555,0,2026-07-01 18:38:42
3241,1229,17575,0,2026-07-01 18:38:42
3242,1229,4466,0,2026-07-01 18:38:42
3243,1231,17775,0,2026-07-01 18:38:42
3244,1231,17557,0,2026-07-01 18:38:42
3245,1232,17557,0,2026-07-01 18:38:42
3246,1232,17652,0,2026-07-01 18:38:42
3247,1233,20,0,2026-07-01 18:38:42
3248,1233,1859,0,2026-07-01 18:38:42
3249,1233,8757,0,2026-07-01 18:38:42
3250,1233,11238,0,2026-07-01 18:38:42
3251,1234,17557,0,2026-07-01 18:38:42
3252,1235,4148,0,2026-07-01 18:38:42
3253,1235,9736,0,2026-07-01 18:38:42
3254,1235,9748,0,2026-07-01 18:38:42
3255,1235,17884,0,2026-07-01 18:38:42
3256,1235,17928,0,2026-07-01 18:38:42
3257,1235,18203,0,2026-07-01 18:38:42
3258,1235,18204,0,2026-07-01 18:38:42
3259,1236,1313,0,2026-07-01 18:38:42
3260,1236,17557,0,2026-07-01 18:38:42
3261,1238,17884,0,2026-07-01 18:38:42
3262,1238,17575,0,2026-07-01 18:38:42
3263,1239,17575,0,2026-07-01 18:38:42
3264,1239,3466,0,2026-07-01 18:38:42
3265,1239,15157,0,2026-07-01 18:38:42
3266,1239,17686,0,2026-07-01 18:38:42
3267,1240,9414,0,2026-07-01 18:38:42
3268,1240,13387,0,2026-07-01 18:38:42
3269,1242,12576,0,2026-07-01 18:38:42
3270,1242,17565,0,2026-07-01 18:38:42
3271,1242,8987,0,2026-07-01 18:38:42
3272,1242,4089,0,2026-07-01 18:38:42
3273,1242,17751,0,2026-07-01 18:38:42
3274,1242,17765,0,2026-07-01 18:38:42
3275,1242,17780,0,2026-07-01 18:38:42
3276,1242,811,0,2026-07-01 18:38:42
3277,1242,18206,0,2026-07-01 18:38:42
3278,1242,18042,0,2026-07-01 18:38:42
3279,1242,12153,0,2026-07-01 18:38:42
3280,1243,12586,0,2026-07-01 18:38:42
3281,1243,12589,0,2026-07-01 18:38:42
3282,1243,12309,0,2026-07-01 18:38:42
3283,1244,14034,0,2026-07-01 18:38:42
3284,1244,14571,0,2026-07-01 18:38:42
3285,1244,14806,0,2026-07-01 18:38:42
3286,1247,116,0,2026-07-01 18:38:42
3287,1248,3635,0,2026-07-01 18:38:42
3288,1248,9736,0,2026-07-01 18:38:42
3289,1248,3622,0,2026-07-01 18:38:42
3290,1249,18207,0,2026-07-01 18:38:42
3291,1249,18208,0,2026-07-01 18:38:42
3292,1250,2196,0,2026-07-01 18:38:42
3293,1250,11550,0,2026-07-01 18:38:42
3294,1252,13438,0,2026-07-01 18:38:42
3295,1252,15030,0,2026-07-01 18:38:42
3296,1252,17912,0,2026-07-01 18:38:42
3297,1253,17557,0,2026-07-01 18:38:42
3298,1253,17555,0,2026-07-01 18:38:42
3299,1254,3853,0,2026-07-01 18:38:42
3300,1255,17775,0,2026-07-01 18:38:42
3301,1255,17557,0,2026-07-01 18:38:42
3302,1256,17557,0,2026-07-01 18:38:42
3303,1256,17775,0,2026-07-01 18:38:42
3304,1256,17884,0,2026-07-01 18:38:42
3305,1257,17652,0,2026-07-01 18:38:42
3306,1257,17575,0,2026-07-01 18:38:42
3307,1257,17969,0,2026-07-01 18:38:42
3308,1257,17693,0,2026-07-01 18:38:42
3309,1259,17557,0,2026-07-01 18:38:42
3310,1259,17652,0,2026-07-01 18:38:42
3311,1260,14677,0,2026-07-01 18:38:42
3312,1260,17575,0,2026-07-01 18:38:42
3313,1260,17557,0,2026-07-01 18:38:42
3314,1260,18139,0,2026-07-01 18:38:42
3315,1260,17841,0,2026-07-01 18:38:42
3316,1260,17686,0,2026-07-01 18:38:42
3317,1261,17884,0,2026-07-01 18:38:42
3318,1261,17652,0,2026-07-01 18:38:42
3319,1261,17575,0,2026-07-01 18:38:42
3320,1261,17841,0,2026-07-01 18:38:42
3321,1262,17672,0,2026-07-01 18:38:42
3322,1262,17652,0,2026-07-01 18:38:42
3323,1262,17884,0,2026-07-01 18:38:42
3324,1262,17841,0,2026-07-01 18:38:42
3325,1263,17652,0,2026-07-01 18:38:42
3326,1263,17884,0,2026-07-01 18:38:42
3327,1264,17672,0,2026-07-01 18:38:42
3328,1264,17686,0,2026-07-01 18:38:42
3329,1267,10514,0,2026-07-01 18:38:42
3330,1268,17487,0,2026-07-01 18:38:42
3331,1268,17514,0,2026-07-01 18:38:42
3332,1268,17677,0,2026-07-01 18:38:42
3333,1268,17368,0,2026-07-01 18:38:42
3334,1268,17774,0,2026-07-01 18:38:42
3335,1269,17327,0,2026-07-01 18:38:42
3336,1269,17317,0,2026-07-01 18:38:42
3337,1269,1735,0,2026-07-01 18:38:42
3338,1269,602,0,2026-07-01 18:38:42
3339,1269,10622,0,2026-07-01 18:38:42
3340,1270,811,0,2026-07-01 18:38:42
3341,1270,17419,0,2026-07-01 18:38:42
3342,1272,17686,0,2026-07-01 18:38:42
3343,1272,17684,0,2026-07-01 18:38:42
3344,1273,13455,0,2026-07-01 18:38:42
3345,1273,18213,0,2026-07-01 18:38:42
3346,1273,705,0,2026-07-01 18:38:42
3347,1273,17624,0,2026-07-01 18:38:42
3348,1273,18214,0,2026-07-01 18:38:42
3349,1273,17674,0,2026-07-01 18:38:42
3350,1273,8191,0,2026-07-01 18:38:42
3351,1273,17676,0,2026-07-01 18:38:42
3352,1273,17675,0,2026-07-01 18:38:42
3353,1274,17610,0,2026-07-01 18:38:42
3354,1274,17686,0,2026-07-01 18:38:42
3355,1275,17686,0,2026-07-01 18:38:42
3356,1276,2509,0,2026-07-01 18:38:42
3357,1276,18215,0,2026-07-01 18:38:42
3358,1276,14666,0,2026-07-01 18:38:42
3359,1281,17686,0,2026-07-01 18:38:42
3360,1283,18216,0,2026-07-01 18:38:42
3361,1284,18216,0,2026-07-01 18:38:42
3362,1285,18216,0,2026-07-01 18:38:42
3363,1286,18216,0,2026-07-01 18:38:42
3364,1287,18216,0,2026-07-01 18:38:42
3365,1288,17963,0,2026-07-01 18:38:42
3366,1291,17448,0,2026-07-01 18:38:42
3367,1291,9375,0,2026-07-01 18:38:42
3368,1292,1923,0,2026-07-01 18:38:42
3369,1293,16356,0,2026-07-01 18:38:42
3370,1293,10127,0,2026-07-01 18:38:42
3371,1293,17344,0,2026-07-01 18:38:42
3372,1294,17920,0,2026-07-01 18:38:42
3373,1294,10451,0,2026-07-01 18:38:42
3374,1295,9841,0,2026-07-01 18:38:42
3375,1295,18218,0,2026-07-01 18:38:42
3376,1296,17624,0,2026-07-01 18:38:42
3377,1296,17369,0,2026-07-01 18:38:42
3378,1296,8196,0,2026-07-01 18:38:42
3379,1296,8198,0,2026-07-01 18:38:42
3380,1296,17327,0,2026-07-01 18:38:42
3381,1296,17775,0,2026-07-01 18:38:42
3382,1296,17674,0,2026-07-01 18:38:42
3383,1296,17682,0,2026-07-01 18:38:42
3384,1296,17681,0,2026-07-01 18:38:42
3385,1296,17683,0,2026-07-01 18:38:42
3386,1297,10253,0,2026-07-01 18:38:42
3387,1297,8987,0,2026-07-01 18:38:42
3388,1297,8235,0,2026-07-01 18:38:42
3389,1297,16458,0,2026-07-01 18:38:42
3390,1297,17682,0,2026-07-01 18:38:42
3391,1297,17683,0,2026-07-01 18:38:42
3392,1297,17681,0,2026-07-01 18:38:42
3393,1298,17446,0,2026-07-01 18:38:42
3394,1298,17251,0,2026-07-01 18:38:42
3395,1298,2963,0,2026-07-01 18:38:42
3396,1298,9104,0,2026-07-01 18:38:42
3397,1298,18081,0,2026-07-01 18:38:42
3398,1298,1868,0,2026-07-01 18:38:42
3399,1298,3173,0,2026-07-01 18:38:42
3400,1298,12239,0,2026-07-01 18:38:42
3401,1299,17448,0,2026-07-01 18:38:42
3402,1299,17446,0,2026-07-01 18:38:42
3403,1299,17251,0,2026-07-01 18:38:42
3404,1299,10116,0,2026-07-01 18:38:42
3405,1300,17448,0,2026-07-01 18:38:42
3406,1300,17446,0,2026-07-01 18:38:42
3407,1300,17274,0,2026-07-01 18:38:42
3408,1300,17544,0,2026-07-01 18:38:42
3409,1300,17251,0,2026-07-01 18:38:42
3410,1300,17404,0,2026-07-01 18:38:42
3411,1300,17529,0,2026-07-01 18:38:42
3412,1301,17446,0,2026-07-01 18:38:42
3413,1301,17251,0,2026-07-01 18:38:42
3414,1301,17617,0,2026-07-01 18:38:42
3415,1301,17448,0,2026-07-01 18:38:42
3416,1301,17920,0,2026-07-01 18:38:42
3417,1301,17404,0,2026-07-01 18:38:42
3418,1301,6615,0,2026-07-01 18:38:42
3419,1303,18219,0,2026-07-01 18:38:42
3420,1304,370,0,2026-07-01 18:38:42
3421,1305,14272,0,2026-07-01 18:38:42
3422,1305,3091,0,2026-07-01 18:38:42
3423,1305,426,0,2026-07-01 18:38:42
3424,1305,1603,0,2026-07-01 18:38:42
3425,1305,6119,0,2026-07-01 18:38:42
3426,1305,9395,0,2026-07-01 18:38:42
3427,1305,12835,0,2026-07-01 18:38:42
3428,1305,14153,0,2026-07-01 18:38:42
3429,1305,13436,0,2026-07-01 18:38:42
3430,1305,15998,0,2026-07-01 18:38:42
3431,1305,18034,0,2026-07-01 18:38:42
3432,1305,17686,0,2026-07-01 18:38:42
3433,1305,18035,0,2026-07-01 18:38:42
3434,1306,17448,0,2026-07-01 18:38:42
3435,1306,17686,0,2026-07-01 18:38:42
3436,1307,17686,0,2026-07-01 18:38:42
3437,1308,17686,0,2026-07-01 18:38:42
3438,1309,3458,0,2026-07-01 18:38:42
3439,1309,3460,0,2026-07-01 18:38:42
3440,1309,3465,0,2026-07-01 18:38:42
3441,1309,3480,0,2026-07-01 18:38:42
3442,1309,3481,0,2026-07-01 18:38:42
3443,1310,12576,0,2026-07-01 18:38:42
3444,1311,18093,0,2026-07-01 18:38:42
3445,1311,3779,0,2026-07-01 18:38:42
3446,1312,17686,0,2026-07-01 18:38:42
3447,1313,13791,0,2026-07-01 18:38:42
3448,1314,18220,0,2026-07-01 18:38:42
3449,1314,18221,0,2026-07-01 18:38:42
3450,1314,18222,0,2026-07-01 18:38:42
3451,1314,18223,0,2026-07-01 18:38:42
3452,1314,18224,0,2026-07-01 18:38:42
3453,1314,18225,0,2026-07-01 18:38:42
3454,1314,18226,0,2026-07-01 18:38:42
3455,1315,17961,0,2026-07-01 18:38:42
3456,1316,17710,0,2026-07-01 18:38:42
3457,1316,6035,0,2026-07-01 18:38:42
3458,1316,1258,0,2026-07-01 18:38:42
3459,1316,14256,0,2026-07-01 18:38:42
3460,1317,17686,0,2026-07-01 18:38:42
3461,1318,17686,0,2026-07-01 18:38:42
3462,1318,17712,0,2026-07-01 18:38:42
3463,1318,17344,0,2026-07-01 18:38:42
3464,1319,8191,0,2026-07-01 18:38:42
3465,1319,17778,0,2026-07-01 18:38:42
3466,1320,17557,0,2026-07-01 18:38:42
3467,1320,17953,0,2026-07-01 18:38:42
3468,1322,13387,0,2026-07-01 18:38:42
3469,1322,17557,0,2026-07-01 18:38:42
3470,1323,13438,0,2026-07-01 18:38:42
3471,1323,13458,0,2026-07-01 18:38:42
3472,1323,18230,0,2026-07-01 18:38:42
3473,1323,5248,0,2026-07-01 18:38:42
3474,1323,17344,0,2026-07-01 18:38:42
3475,1323,17247,0,2026-07-01 18:38:42
3476,1324,17819,0,2026-07-01 18:38:42
3477,1324,17557,0,2026-07-01 18:38:42
3478,1325,18231,0,2026-07-01 18:38:42
3479,1326,17674,0,2026-07-01 18:38:42
3480,1326,17676,0,2026-07-01 18:38:42
3481,1326,17682,0,2026-07-01 18:38:42
3482,1326,17683,0,2026-07-01 18:38:42
3483,1328,16644,0,2026-07-01 18:38:42
3484,1328,18234,0,2026-07-01 18:38:42
3485,1329,18006,0,2026-07-01 18:38:42
3486,1329,17810,0,2026-07-01 18:38:42
3487,1331,17686,0,2026-07-01 18:38:42
3488,1333,17605,0,2026-07-01 18:38:42
3489,1333,17610,0,2026-07-01 18:38:42
3490,1333,17612,0,2026-07-01 18:38:42
3491,1333,17377,0,2026-07-01 18:38:42
3492,1333,10127,0,2026-07-01 18:38:42
3493,1333,15030,0,2026-07-01 18:38:42
3494,1333,18236,0,2026-07-01 18:38:42
3495,1333,18237,0,2026-07-01 18:38:42
3496,1333,18238,0,2026-07-01 18:38:42
3497,1333,18239,0,2026-07-01 18:38:42
3498,1333,18240,0,2026-07-01 18:38:42
3499,1333,18241,0,2026-07-01 18:38:42
3500,1333,18110,0,2026-07-01 18:38:42
3501,1334,17686,0,2026-07-01 18:38:42
3502,1335,18237,0,2026-07-01 18:38:42
3503,1335,2869,0,2026-07-01 18:38:42
3504,1336,16644,0,2026-07-01 18:38:42
3505,1336,16908,0,2026-07-01 18:38:42
3506,1337,18237,0,2026-07-01 18:38:42
3507,1337,17686,0,2026-07-01 18:38:42
3508,1338,17600,0,2026-07-01 18:38:42
3509,1338,11855,0,2026-07-01 18:38:42
3510,1338,10253,0,2026-07-01 18:38:42
3511,1338,8696,0,2026-07-01 18:38:42
3512,1338,17674,0,2026-07-01 18:38:42
3513,1338,17666,0,2026-07-01 18:38:42
3514,1338,17291,0,2026-07-01 18:38:42
3515,1339,10622,0,2026-07-01 18:38:42
3516,1339,8196,0,2026-07-01 18:38:42
3517,1343,18245,0,2026-07-01 18:38:42
3518,1344,18246,0,2026-07-01 18:38:42
3519,1345,11050,0,2026-07-01 18:38:42
3520,1346,17251,0,2026-07-01 18:38:42
3521,1346,17446,0,2026-07-01 18:38:42
3522,1346,17404,0,2026-07-01 18:38:42
3523,1346,6615,0,2026-07-01 18:38:42
3524,1346,1801,0,2026-07-01 18:38:42
3525,1346,15803,0,2026-07-01 18:38:42
3526,1346,2878,0,2026-07-01 18:38:42
3527,1346,3875,0,2026-07-01 18:38:42
3528,1346,18080,0,2026-07-01 18:38:42
3529,1346,17791,0,2026-07-01 18:38:42
3530,1347,18247,0,2026-07-01 18:38:42
3531,1347,17557,0,2026-07-01 18:38:42
3532,1348,17555,0,2026-07-01 18:38:42
3533,1349,18248,0,2026-07-01 18:38:42
3534,1349,17448,0,2026-07-01 18:38:42
3535,1349,17557,0,2026-07-01 18:38:42
3536,1350,1313,0,2026-07-01 18:38:42
3537,1350,18238,0,2026-07-01 18:38:42
3538,1351,17448,0,2026-07-01 18:38:42
3539,1351,17446,0,2026-07-01 18:38:42
3540,1351,17251,0,2026-07-01 18:38:42
3541,1351,17404,0,2026-07-01 18:38:42
3542,1353,17686,0,2026-07-01 18:38:42
3543,1353,17684,0,2026-07-01 18:38:42
3544,1354,17686,0,2026-07-01 18:38:42
3545,1354,17684,0,2026-07-01 18:38:42
3546,1354,17679,0,2026-07-01 18:38:42
3547,1355,12944,0,2026-07-01 18:38:42
3548,1355,332,0,2026-07-01 18:38:42
3549,1355,2620,0,2026-07-01 18:38:42
3550,1355,5875,0,2026-07-01 18:38:42
3551,1355,13403,0,2026-07-01 18:38:42
3552,1356,17686,0,2026-07-01 18:38:42
3553,1357,14034,0,2026-07-01 18:38:42
3554,1357,10908,0,2026-07-01 18:38:42
3555,1358,14034,0,2026-07-01 18:38:42
3556,1359,17686,0,2026-07-01 18:38:42
3557,1360,17686,0,2026-07-01 18:38:42
3558,1361,18252,0,2026-07-01 18:38:42
3559,1361,17686,0,2026-07-01 18:38:42
3560,1362,1314,0,2026-07-01 18:38:42
3561,1362,17686,0,2026-07-01 18:38:42
3562,1363,2720,0,2026-07-01 18:38:42
3563,1364,18253,0,2026-07-01 18:38:42
3564,1364,18254,0,2026-07-01 18:38:42
3565,1364,18255,0,2026-07-01 18:38:42
3566,1364,18256,0,2026-07-01 18:38:42
3567,1364,18257,0,2026-07-01 18:38:42
3568,1364,17809,0,2026-07-01 18:38:42
3569,1364,4813,0,2026-07-01 18:38:42
3570,1364,18258,0,2026-07-01 18:38:42
3571,1364,18259,0,2026-07-01 18:38:42
3572,1367,18228,0,2026-07-01 18:38:42
3573,1368,17263,0,2026-07-01 18:38:42
3574,1368,17557,0,2026-07-01 18:38:42
3575,1370,15017,0,2026-07-01 18:38:42
3576,1370,15020,0,2026-07-01 18:38:42
3577,1370,18260,0,2026-07-01 18:38:42
3578,1370,17686,0,2026-07-01 18:38:42
3579,1370,18261,0,2026-07-01 18:38:42
3580,1370,18262,0,2026-07-01 18:38:42
3581,1372,17282,0,2026-07-01 18:38:42
3582,1373,17686,0,2026-07-01 18:38:42
3583,1374,1514,0,2026-07-01 18:38:42
3584,1374,1515,0,2026-07-01 18:38:42
3585,1374,1992,0,2026-07-01 18:38:42
3586,1374,1970,0,2026-07-01 18:38:42
3587,1374,3311,0,2026-07-01 18:38:42
3588,1374,4072,0,2026-07-01 18:38:42
3589,1374,1923,0,2026-07-01 18:38:42
3590,1374,6791,0,2026-07-01 18:38:42
3591,1374,3657,0,2026-07-01 18:38:42
3592,1374,2676,0,2026-07-01 18:38:42
3593,1374,338,0,2026-07-01 18:38:42
3594,1374,11724,0,2026-07-01 18:38:42
3595,1375,5246,0,2026-07-01 18:38:42
3596,1375,10127,0,2026-07-01 18:38:42
3597,1375,3647,0,2026-07-01 18:38:42
3598,1375,1678,0,2026-07-01 18:38:42
3599,1375,2676,0,2026-07-01 18:38:42
3600,1375,7640,0,2026-07-01 18:38:42
3601,1376,13438,0,2026-07-01 18:38:42
3602,1376,9740,0,2026-07-01 18:38:42
3603,1376,17712,0,2026-07-01 18:38:42
3604,1376,17377,0,2026-07-01 18:38:42
3605,1376,18264,0,2026-07-01 18:38:42
3606,1376,17686,0,2026-07-01 18:38:42
3607,1377,17906,0,2026-07-01 18:38:42
3608,1377,13501,0,2026-07-01 18:38:42
3609,1378,9736,0,2026-07-01 18:38:42
3610,1378,9748,0,2026-07-01 18:38:42
3611,1378,10127,0,2026-07-01 18:38:42
3612,1378,17323,0,2026-07-01 18:38:42
3613,1378,17712,0,2026-07-01 18:38:42
3614,1378,17928,0,2026-07-01 18:38:42
3615,1379,18265,0,2026-07-01 18:38:42
3616,1380,2071,0,2026-07-01 18:38:42
3617,1380,17448,0,2026-07-01 18:38:42
3618,1382,405,0,2026-07-01 18:38:42
3619,1382,17686,0,2026-07-01 18:38:42
3620,1383,18266,0,2026-07-01 18:38:42
3621,1383,14365,0,2026-07-01 18:38:42
3622,1383,18267,0,2026-07-01 18:38:42
3623,1383,12393,0,2026-07-01 18:38:42
3624,1384,17740,0,2026-07-01 18:38:42
3625,1384,17737,0,2026-07-01 18:38:42
3626,1384,18268,0,2026-07-01 18:38:42
3627,1385,17686,0,2026-07-01 18:38:42
3628,1385,14820,0,2026-07-01 18:38:42
3629,1385,16534,0,2026-07-01 18:38:42
3630,1385,14583,0,2026-07-01 18:38:42
3631,1385,2438,0,2026-07-01 18:38:42
3632,1385,7873,0,2026-07-01 18:38:42
3633,1385,4808,0,2026-07-01 18:38:42
3634,1385,3311,0,2026-07-01 18:38:42
3635,1385,3317,0,2026-07-01 18:38:42
3636,1385,17597,0,2026-07-01 18:38:42
3637,1385,17598,0,2026-07-01 18:38:42
3638,1385,8596,0,2026-07-01 18:38:42
3639,1385,8814,0,2026-07-01 18:38:42
3640,1385,8811,0,2026-07-01 18:38:42
3641,1386,14820,0,2026-07-01 18:38:42
3642,1386,16534,0,2026-07-01 18:38:42
3643,1386,7873,0,2026-07-01 18:38:42
3644,1386,17597,0,2026-07-01 18:38:42
3645,1386,17598,0,2026-07-01 18:38:42
3646,1386,8596,0,2026-07-01 18:38:42
3647,1386,8811,0,2026-07-01 18:38:42
3648,1386,4808,0,2026-07-01 18:38:42
3649,1388,17938,0,2026-07-01 18:38:42
3650,1389,17526,0,2026-07-01 18:38:42
3651,1389,17557,0,2026-07-01 18:38:42
3652,1390,18269,0,2026-07-01 18:38:42
3653,1391,18269,0,2026-07-01 18:38:42
3654,1392,3625,0,2026-07-01 18:38:42
3655,1392,18270,0,2026-07-01 18:38:42
3656,1393,17686,0,2026-07-01 18:38:42
3657,1393,17611,0,2026-07-01 18:38:42
3658,1394,17686,0,2026-07-01 18:38:42
3659,1395,17686,0,2026-07-01 18:38:42
3660,1397,17711,0,2026-07-01 18:38:42
3661,1397,1153,0,2026-07-01 18:38:42
3662,1397,12309,0,2026-07-01 18:38:42
3663,1397,1137,0,2026-07-01 18:38:42
3664,1398,17711,0,2026-07-01 18:38:42
3665,1398,1153,0,2026-07-01 18:38:42
3666,1398,12309,0,2026-07-01 18:38:42
3667,1399,17686,0,2026-07-01 18:38:42
3668,1400,17686,0,2026-07-01 18:38:42
3669,1401,12951,0,2026-07-01 18:38:42
3670,1401,15157,0,2026-07-01 18:38:42
3671,1401,220,0,2026-07-01 18:38:42
3672,1401,17686,0,2026-07-01 18:38:42
3673,1402,17686,0,2026-07-01 18:38:42
3674,1403,17595,0,2026-07-01 18:38:42
3675,1403,17287,0,2026-07-01 18:38:42
3676,1403,17803,0,2026-07-01 18:38:42
3677,1403,12576,0,2026-07-01 18:38:42
3678,1404,6040,0,2026-07-01 18:38:42
3679,1404,17683,0,2026-07-01 18:38:42
3680,1404,17674,0,2026-07-01 18:38:42
3681,1404,17684,0,2026-07-01 18:38:42
3682,1405,3487,0,2026-07-01 18:38:42
3683,1406,17686,0,2026-07-01 18:38:42
3684,1407,17686,0,2026-07-01 18:38:42
3685,1409,17251,0,2026-07-01 18:38:42
3686,1409,17286,0,2026-07-01 18:38:42
3687,1409,7270,0,2026-07-01 18:38:42
3688,1409,3381,0,2026-07-01 18:38:42
3689,1409,1735,0,2026-07-01 18:38:42
3690,1409,18274,0,2026-07-01 18:38:42
3691,1409,8196,0,2026-07-01 18:38:42
3692,1409,17287,0,2026-07-01 18:38:42
3693,1409,17288,0,2026-07-01 18:38:42
3694,1409,17352,0,2026-07-01 18:38:42
3695,1410,17251,0,2026-07-01 18:38:42
3696,1410,17286,0,2026-07-01 18:38:42
3697,1410,17401,0,2026-07-01 18:38:42
3698,1410,18276,0,2026-07-01 18:38:42
3699,1410,7270,0,2026-07-01 18:38:42
3700,1410,3381,0,2026-07-01 18:38:42
3701,1410,8196,0,2026-07-01 18:38:42
3702,1410,17514,0,2026-07-01 18:38:42
3703,1410,17288,0,2026-07-01 18:38:42
3704,1410,18274,0,2026-07-01 18:38:42
3705,1410,1735,0,2026-07-01 18:38:42
3706,1410,17352,0,2026-07-01 18:38:42
3707,1412,17684,0,2026-07-01 18:38:42
3708,1413,18277,0,2026-07-01 18:38:42
3709,1413,10510,0,2026-07-01 18:38:42
3710,1414,13791,0,2026-07-01 18:38:42
3711,1415,17715,0,2026-07-01 18:38:42
3712,1415,17515,0,2026-07-01 18:38:42
3713,1415,7002,0,2026-07-01 18:38:42
3714,1415,17601,0,2026-07-01 18:38:42
3715,1415,17671,0,2026-07-01 18:38:42
3716,1416,10510,0,2026-07-01 18:38:42
3717,1416,17557,0,2026-07-01 18:38:42
3718,1417,18278,0,2026-07-01 18:38:42
3719,1419,17953,0,2026-07-01 18:38:42
3720,1419,18228,0,2026-07-01 18:38:42
3721,1420,13756,0,2026-07-01 18:38:42
3722,1420,4519,0,2026-07-01 18:38:42
3723,1420,13757,0,2026-07-01 18:38:42
3724,1420,17293,0,2026-07-01 18:38:42
3725,1420,13758,0,2026-07-01 18:38:42
3726,1420,17333,0,2026-07-01 18:38:42
3727,1420,17337,0,2026-07-01 18:38:42
3728,1420,17371,0,2026-07-01 18:38:42
3729,1420,17850,0,2026-07-01 18:38:42
3730,1421,18279,0,2026-07-01 18:38:42
3731,1421,18280,0,2026-07-01 18:38:42
3732,1422,18281,0,2026-07-01 18:38:42
3733,1422,17227,0,2026-07-01 18:38:42
3734,1423,17686,0,2026-07-01 18:38:42
3735,1424,2557,0,2026-07-01 18:38:42
3736,1424,16255,0,2026-07-01 18:38:42
3737,1424,5208,0,2026-07-01 18:38:42
3738,1424,5438,0,2026-07-01 18:38:42
3739,1424,5929,0,2026-07-01 18:38:42
3740,1424,2903,0,2026-07-01 18:38:42
3741,1424,12136,0,2026-07-01 18:38:42
3742,1424,16261,0,2026-07-01 18:38:42
3743,1424,17967,0,2026-07-01 18:38:42
3744,1425,17684,0,2026-07-01 18:38:42
3745,1425,17678,0,2026-07-01 18:38:42
3746,1425,17668,0,2026-07-01 18:38:42
3747,1426,17605,0,2026-07-01 18:38:42
3748,1426,17663,0,2026-07-01 18:38:42
3749,1426,17612,0,2026-07-01 18:38:42
3750,1426,17607,0,2026-07-01 18:38:42
3751,1427,18282,0,2026-07-01 18:38:42
3752,1428,1028,0,2026-07-01 18:38:42
3753,1428,1629,0,2026-07-01 18:38:42
3754,1429,17613,0,2026-07-01 18:38:42
3755,1429,18020,0,2026-07-01 18:38:42
3756,1430,584,0,2026-07-01 18:38:42
3757,1430,18284,0,2026-07-01 18:38:42
3758,1431,8940,0,2026-07-01 18:38:42
3759,1432,17686,0,2026-07-01 18:38:42
3760,1432,17684,0,2026-07-01 18:38:42
3761,1433,17686,0,2026-07-01 18:38:42
3762,1434,17953,0,2026-07-01 18:38:42
3763,1434,17672,0,2026-07-01 18:38:42
3764,1434,13438,0,2026-07-01 18:38:42
3765,1434,10127,0,2026-07-01 18:38:42
3766,1434,16356,0,2026-07-01 18:38:42
3767,1434,7086,0,2026-07-01 18:38:42
3768,1434,11972,0,2026-07-01 18:38:42
3769,1434,11975,0,2026-07-01 18:38:42
3770,1434,5248,0,2026-07-01 18:38:42
3771,1435,18286,0,2026-07-01 18:38:42
3772,1436,3254,0,2026-07-01 18:38:42
3773,1436,18287,0,2026-07-01 18:38:42
3774,1436,18288,0,2026-07-01 18:38:42
3775,1437,17686,0,2026-07-01 18:38:42
3776,1438,5245,0,2026-07-01 18:38:42
3777,1439,4041,0,2026-07-01 18:38:42
3778,1440,17686,0,2026-07-01 18:38:42
3779,1442,17686,0,2026-07-01 18:38:42
3780,1442,17610,0,2026-07-01 18:38:42
3781,1442,17679,0,2026-07-01 18:38:42
3782,1442,17683,0,2026-07-01 18:38:42
3783,1442,17607,0,2026-07-01 18:38:42
3784,1443,1933,0,2026-07-01 18:38:42
3785,1444,1933,0,2026-07-01 18:38:42
3786,1444,2442,0,2026-07-01 18:38:42
3787,1444,14606,0,2026-07-01 18:38:42
3788,1446,17557,0,2026-07-01 18:38:42
3789,1447,1526,0,2026-07-01 18:38:42
3790,1447,3293,0,2026-07-01 18:38:42
3791,1447,13438,0,2026-07-01 18:38:42
3792,1447,17672,0,2026-07-01 18:38:42
3793,1448,17557,0,2026-07-01 18:38:42
3794,1448,17672,0,2026-07-01 18:38:42
3795,1449,14656,0,2026-07-01 18:38:42
3796,1449,14657,0,2026-07-01 18:38:42
3797,1449,7871,0,2026-07-01 18:38:42
3798,1449,1515,0,2026-07-01 18:38:42
3799,1450,17557,0,2026-07-01 18:38:42
3800,1451,9414,0,2026-07-01 18:38:42
3801,1451,18293,0,2026-07-01 18:38:42
3802,1451,18294,0,2026-07-01 18:38:42
3803,1451,18295,0,2026-07-01 18:38:42
3804,1452,17557,0,2026-07-01 18:38:42
3805,1453,17555,0,2026-07-01 18:38:42
3806,1454,1799,0,2026-07-01 18:38:42
3807,1454,17547,0,2026-07-01 18:38:42
3808,1455,18296,0,2026-07-01 18:38:42
3809,1455,17686,0,2026-07-01 18:38:42
3810,1456,17686,0,2026-07-01 18:38:42
3811,1459,3252,0,2026-07-01 18:38:42
3812,1460,17686,0,2026-07-01 18:38:42
3813,1461,17686,0,2026-07-01 18:38:42
3814,1462,17686,0,2026-07-01 18:38:42
3815,1463,393,0,2026-07-01 18:38:42
3816,1464,13387,0,2026-07-01 18:38:42
3817,1465,332,0,2026-07-01 18:38:42
3818,1465,393,0,2026-07-01 18:38:42
3819,1466,12365,0,2026-07-01 18:38:42
3820,1466,17232,0,2026-07-01 18:38:42
3821,1466,12893,0,2026-07-01 18:38:42
3822,1466,4649,0,2026-07-01 18:38:42
3823,1467,6008,0,2026-07-01 18:38:42
3824,1467,6010,0,2026-07-01 18:38:42
3825,1467,6009,0,2026-07-01 18:38:42
3826,1468,17645,0,2026-07-01 18:38:42
3827,1468,3304,0,2026-07-01 18:38:42
3828,1468,5948,0,2026-07-01 18:38:42
3829,1469,11001,0,2026-07-01 18:38:42
3830,1469,17547,0,2026-07-01 18:38:42
3831,1469,8620,0,2026-07-01 18:38:42
3832,1476,17448,0,2026-07-01 18:38:42
3833,1476,17686,0,2026-07-01 18:38:42
3834,1476,17251,0,2026-07-01 18:38:42
3835,1476,17617,0,2026-07-01 18:38:42
3836,1476,2134,0,2026-07-01 18:38:42
3837,1476,17870,0,2026-07-01 18:38:42
3838,1478,5201,0,2026-07-01 18:38:42
3839,1478,17557,0,2026-07-01 18:38:42
3840,1479,17557,0,2026-07-01 18:38:42
3841,1479,3605,0,2026-07-01 18:38:42
3842,1481,17686,0,2026-07-01 18:38:42
3843,1482,16261,0,2026-07-01 18:38:42
3844,1482,10020,0,2026-07-01 18:38:42
3845,1483,17448,0,2026-07-01 18:38:42
3846,1483,11845,0,2026-07-01 18:38:42
3847,1483,17446,0,2026-07-01 18:38:42
3848,1483,17404,0,2026-07-01 18:38:42
3849,1484,17557,0,2026-07-01 18:38:42
3850,1485,17595,0,2026-07-01 18:38:42
3851,1485,17676,0,2026-07-01 18:38:42
3852,1485,17672,0,2026-07-01 18:38:42
3853,1485,17684,0,2026-07-01 18:38:42
3854,1485,17674,0,2026-07-01 18:38:42
3855,1485,17678,0,2026-07-01 18:38:42
3856,1485,17287,0,2026-07-01 18:38:42
3857,1485,17327,0,2026-07-01 18:38:42
3858,1485,17288,0,2026-07-01 18:38:42
3859,1486,18302,0,2026-07-01 18:38:42
3860,1486,17610,0,2026-07-01 18:38:42
3861,1486,17712,0,2026-07-01 18:38:42
3862,1486,5248,0,2026-07-01 18:38:42
3863,1486,17309,0,2026-07-01 18:38:42
3864,1486,18304,0,2026-07-01 18:38:42
3865,1486,17686,0,2026-07-01 18:38:42
3866,1486,17612,0,2026-07-01 18:38:42
3867,1486,117,0,2026-07-01 18:38:42
3868,1486,116,0,2026-07-01 18:38:42
3869,1487,17448,0,2026-07-01 18:38:42
3870,1487,11845,0,2026-07-01 18:38:42
3871,1490,11845,0,2026-07-01 18:38:42
3872,1490,3087,0,2026-07-01 18:38:42
3873,1490,13596,0,2026-07-01 18:38:42
3874,1490,15801,0,2026-07-01 18:38:42
3875,1491,17448,0,2026-07-01 18:38:42
3876,1491,11845,0,2026-07-01 18:38:42
3877,1491,396,0,2026-07-01 18:38:42
3878,1491,18305,0,2026-07-01 18:38:42
3879,1492,15150,0,2026-07-01 18:38:42
3880,1492,7028,0,2026-07-01 18:38:42
3881,1492,15156,0,2026-07-01 18:38:42
3882,1492,15157,0,2026-07-01 18:38:42
3883,1492,15158,0,2026-07-01 18:38:42
3884,1492,15160,0,2026-07-01 18:38:42
3885,1493,17609,0,2026-07-01 18:38:42
3886,1493,17611,0,2026-07-01 18:38:42
3887,1494,14316,0,2026-07-01 18:38:42
3888,1494,1153,0,2026-07-01 18:38:42
3889,1494,18307,0,2026-07-01 18:38:42
3890,1494,13869,0,2026-07-01 18:38:42
3891,1494,9554,0,2026-07-01 18:38:42
3892,1495,17922,0,2026-07-01 18:38:42
3893,1495,17228,0,2026-07-01 18:38:42
3894,1495,4041,0,2026-07-01 18:38:42
3895,1495,1986,0,2026-07-01 18:38:42
3896,1496,12586,0,2026-07-01 18:38:42
3897,1496,12589,0,2026-07-01 18:38:42
3898,1497,5073,0,2026-07-01 18:38:42
3899,1497,3642,0,2026-07-01 18:38:42
3900,1498,3622,0,2026-07-01 18:38:42
3901,1498,17323,0,2026-07-01 18:38:42
3902,1498,14409,0,2026-07-01 18:38:42
3903,1498,10095,0,2026-07-01 18:38:42
3904,1498,18308,0,2026-07-01 18:38:42
3905,1498,18309,0,2026-07-01 18:38:42
3906,1500,17227,0,2026-07-01 18:38:42
3907,1500,9615,0,2026-07-01 18:38:42
3908,1500,1986,0,2026-07-01 18:38:42
3909,1500,17841,0,2026-07-01 18:38:42
3910,1500,17613,0,2026-07-01 18:38:42
3911,1500,2860,0,2026-07-01 18:38:42
3912,1500,16536,0,2026-07-01 18:38:42
3913,1500,18301,0,2026-07-01 18:38:42
3914,1500,5246,0,2026-07-01 18:38:42
3915,1500,13438,0,2026-07-01 18:38:42
3916,1500,13455,0,2026-07-01 18:38:42
3917,1500,3317,0,2026-07-01 18:38:42
3918,1500,1924,0,2026-07-01 18:38:42
3919,1500,17686,0,2026-07-01 18:38:42
3920,1500,17687,0,2026-07-01 18:38:42
3921,1500,8491,0,2026-07-01 18:38:42
3922,1500,8490,0,2026-07-01 18:38:42
3923,1500,12696,0,2026-07-01 18:38:42
3924,1501,7493,0,2026-07-01 18:38:42
3925,1501,5911,0,2026-07-01 18:38:42
3926,1501,4041,0,2026-07-01 18:38:42
3927,1501,17228,0,2026-07-01 18:38:42
3928,1501,13455,0,2026-07-01 18:38:42
3929,1501,7886,0,2026-07-01 18:38:42
3930,1501,15156,0,2026-07-01 18:38:42
3931,1501,2680,0,2026-07-01 18:38:42
3932,1501,17889,0,2026-07-01 18:38:42
3933,1501,9101,0,2026-07-01 18:38:42
3934,1501,7823,0,2026-07-01 18:38:42
3935,1501,4035,0,2026-07-01 18:38:42
3936,1501,3306,0,2026-07-01 18:38:42
3937,1501,17920,0,2026-07-01 18:38:42
3938,1501,18302,0,2026-07-01 18:38:42
3939,1501,2860,0,2026-07-01 18:38:42
3940,1501,16536,0,2026-07-01 18:38:42
3941,1501,7830,0,2026-07-01 18:38:42
3942,1501,7850,0,2026-07-01 18:38:42
3943,1502,17602,0,2026-07-01 18:38:42
3944,1503,12576,0,2026-07-01 18:38:42
3945,1503,17751,0,2026-07-01 18:38:42
3946,1503,18310,0,2026-07-01 18:38:42
3947,1503,12153,0,2026-07-01 18:38:42
3948,1504,5911,0,2026-07-01 18:38:42
3949,1504,5245,0,2026-07-01 18:38:42
3950,1505,2630,0,2026-07-01 18:38:42
3951,1505,3002,0,2026-07-01 18:38:42
3952,1505,3005,0,2026-07-01 18:38:42
3953,1505,3004,0,2026-07-01 18:38:42
3954,1506,3010,0,2026-07-01 18:38:42
3955,1506,2630,0,2026-07-01 18:38:42
3956,1506,2629,0,2026-07-01 18:38:42
3957,1506,11052,0,2026-07-01 18:38:42
3958,1507,9395,0,2026-07-01 18:38:42
3959,1507,818,0,2026-07-01 18:38:42
3960,1507,10253,0,2026-07-01 18:38:42
3961,1508,5678,0,2026-07-01 18:38:42
3962,1508,9740,0,2026-07-01 18:38:42
3963,1508,18301,0,2026-07-01 18:38:42
3964,1508,18302,0,2026-07-01 18:38:42
3965,1508,17686,0,2026-07-01 18:38:42
3966,1508,17610,0,2026-07-01 18:38:42
3967,1508,17605,0,2026-07-01 18:38:42
3968,1509,9395,0,2026-07-01 18:38:42
3969,1509,10253,0,2026-07-01 18:38:42
3970,1509,818,0,2026-07-01 18:38:42
3971,1510,11845,0,2026-07-01 18:38:42
3972,1510,17446,0,2026-07-01 18:38:42
3973,1510,17286,0,2026-07-01 18:38:42
3974,1510,18317,0,2026-07-01 18:38:42
3975,1510,396,0,2026-07-01 18:38:42
3976,1510,17298,0,2026-07-01 18:38:42
3977,1511,17686,0,2026-07-01 18:38:42
3978,1511,17663,0,2026-07-01 18:38:42
3979,1512,396,0,2026-07-01 18:38:42
3980,1512,17447,0,2026-07-01 18:38:42
3981,1512,17251,0,2026-07-01 18:38:42
3982,1513,18318,0,2026-07-01 18:38:42
3983,1513,3635,0,2026-07-01 18:38:42
3984,1513,4706,0,2026-07-01 18:38:42
3985,1513,18319,0,2026-07-01 18:38:42
3986,1514,17251,0,2026-07-01 18:38:42
3987,1514,17446,0,2026-07-01 18:38:42
3988,1514,18320,0,2026-07-01 18:38:42
3989,1514,396,0,2026-07-01 18:38:42
3990,1514,17298,0,2026-07-01 18:38:42
3991,1514,17448,0,2026-07-01 18:38:42
3992,1515,17448,0,2026-07-01 18:38:42
3993,1515,17446,0,2026-07-01 18:38:42
3994,1515,17618,0,2026-07-01 18:38:42
3995,1515,18320,0,2026-07-01 18:38:42
3996,1515,18321,0,2026-07-01 18:38:42
3997,1516,14744,0,2026-07-01 18:38:42
3998,1516,17611,0,2026-07-01 18:38:42
3999,1516,3567,0,2026-07-01 18:38:42
4000,1517,6615,0,2026-07-01 18:38:42
4001,1519,17684,0,2026-07-01 18:38:42
4002,1519,17605,0,2026-07-01 18:38:42
4003,1519,17612,0,2026-07-01 18:38:42
4004,1524,18323,0,2026-07-01 18:38:42
4005,1525,3484,0,2026-07-01 18:38:42
4006,1525,3485,0,2026-07-01 18:38:42
4007,1525,5631,0,2026-07-01 18:38:42
4008,1526,5630,0,2026-07-01 18:38:42
4009,1527,5630,0,2026-07-01 18:38:42
4010,1528,12944,0,2026-07-01 18:38:42
4011,1528,4041,0,2026-07-01 18:38:42
4012,1528,17547,0,2026-07-01 18:38:42
4013,1531,17481,0,2026-07-01 18:38:42
4014,1531,18253,0,2026-07-01 18:38:42
4015,1531,15645,0,2026-07-01 18:38:42
4016,1531,18327,0,2026-07-01 18:38:42
4017,1531,13668,0,2026-07-01 18:38:42
4018,1531,18172,0,2026-07-01 18:38:42
4019,1531,5200,0,2026-07-01 18:38:42
4020,1531,16190,0,2026-07-01 18:38:42
4021,1532,17610,0,2026-07-01 18:38:42
4022,1532,17612,0,2026-07-01 18:38:42
4023,1532,17607,0,2026-07-01 18:38:42
4024,1532,17611,0,2026-07-01 18:38:42
4025,1532,17683,0,2026-07-01 18:38:42
4026,1532,17686,0,2026-07-01 18:38:42
4027,1533,17448,0,2026-07-01 18:38:42
4028,1533,17251,0,2026-07-01 18:38:42
4029,1533,17617,0,2026-07-01 18:38:42
4030,1533,17446,0,2026-07-01 18:38:42
4031,1533,17495,0,2026-07-01 18:38:42
4032,1533,17870,0,2026-07-01 18:38:42
4033,1533,280,0,2026-07-01 18:38:42
4034,1534,17448,0,2026-07-01 18:38:42
4035,1534,280,0,2026-07-01 18:38:42
4036,1535,17686,0,2026-07-01 18:38:42
4037,1537,5201,0,2026-07-01 18:38:42
4038,1538,17448,0,2026-07-01 18:38:42
4039,1538,17870,0,2026-07-01 18:38:42
4040,1539,12325,0,2026-07-01 18:38:42
4041,1540,17557,0,2026-07-01 18:38:42
4042,1541,17686,0,2026-07-01 18:38:42
4043,1542,17686,0,2026-07-01 18:38:42
4044,1542,269,0,2026-07-01 18:38:42
4045,1542,7309,0,2026-07-01 18:38:42
4046,1542,16190,0,2026-07-01 18:38:42
4047,1542,7206,0,2026-07-01 18:38:42
4048,1542,13665,0,2026-07-01 18:38:42
4049,1542,7885,0,2026-07-01 18:38:42
4050,1543,9736,0,2026-07-01 18:38:42
4051,1543,17686,0,2026-07-01 18:38:42
4052,1544,6695,0,2026-07-01 18:38:42
4053,1544,9736,0,2026-07-01 18:38:42
4054,1544,17686,0,2026-07-01 18:38:42
4055,1545,17712,0,2026-07-01 18:38:42
4056,1545,17686,0,2026-07-01 18:38:42
4057,1546,17686,0,2026-07-01 18:38:42
4058,1547,18039,0,2026-07-01 18:38:42
4059,1547,4717,0,2026-07-01 18:38:42
4060,1549,17557,0,2026-07-01 18:38:42
4061,1552,17251,0,2026-07-01 18:38:42
4062,1552,3986,0,2026-07-01 18:38:42
4063,1552,17446,0,2026-07-01 18:38:42
4064,1552,3087,0,2026-07-01 18:38:42
4065,1553,4717,0,2026-07-01 18:38:42
4066,1554,17557,0,2026-07-01 18:38:42
4067,1555,17953,0,2026-07-01 18:38:42
4068,1556,17686,0,2026-07-01 18:38:42
4069,1556,17684,0,2026-07-01 18:38:42
4070,1557,17605,0,2026-07-01 18:38:42
4071,1557,17610,0,2026-07-01 18:38:42
4072,1557,17612,0,2026-07-01 18:38:42
4073,1557,17678,0,2026-07-01 18:38:42
4074,1557,17684,0,2026-07-01 18:38:42
4075,1558,17686,0,2026-07-01 18:38:42
4076,1559,17686,0,2026-07-01 18:38:42
4077,1560,17686,0,2026-07-01 18:38:42
4078,1560,17684,0,2026-07-01 18:38:42
4079,1560,17681,0,2026-07-01 18:38:42
4080,1561,18039,0,2026-07-01 18:38:42
4081,1561,18281,0,2026-07-01 18:38:42
4082,1562,17686,0,2026-07-01 18:38:42
4083,1563,17605,0,2026-07-01 18:38:42
4084,1563,17678,0,2026-07-01 18:38:42
4085,1563,17612,0,2026-07-01 18:38:42
4086,1563,17672,0,2026-07-01 18:38:42
4087,1564,18328,0,2026-07-01 18:38:42
4088,1564,332,0,2026-07-01 18:38:42
4089,1565,17611,0,2026-07-01 18:38:42
4090,1565,17683,0,2026-07-01 18:38:42
4091,1565,17684,0,2026-07-01 18:38:42
4092,1565,17686,0,2026-07-01 18:38:42
4093,1566,17611,0,2026-07-01 18:38:42
4094,1566,17678,0,2026-07-01 18:38:42
4095,1566,17683,0,2026-07-01 18:38:42
4096,1566,17686,0,2026-07-01 18:38:42
4097,1567,7269,0,2026-07-01 18:38:42
4098,1567,3381,0,2026-07-01 18:38:42
4099,1567,8196,0,2026-07-01 18:38:42
4100,1569,8196,0,2026-07-01 18:38:42
4101,1569,11855,0,2026-07-01 18:38:42
4102,1569,10253,0,2026-07-01 18:38:42
4103,1569,8696,0,2026-07-01 18:38:42
4104,1569,10622,0,2026-07-01 18:38:42
4105,1569,17287,0,2026-07-01 18:38:42
4106,1573,17948,0,2026-07-01 18:38:42
4107,1574,18228,0,2026-07-01 18:38:42
4108,1575,17683,0,2026-07-01 18:38:42
4109,1576,3256,0,2026-07-01 18:38:42
4110,1577,1258,0,2026-07-01 18:38:42
4111,1577,10622,0,2026-07-01 18:38:42
4112,1577,17327,0,2026-07-01 18:38:42
4113,1577,10253,0,2026-07-01 18:38:42
4114,1577,9980,0,2026-07-01 18:38:42
4115,1577,17642,0,2026-07-01 18:38:42
4116,1577,17713,0,2026-07-01 18:38:42
4117,1578,3466,0,2026-07-01 18:38:42
4118,1578,3468,0,2026-07-01 18:38:42
4119,1578,17611,0,2026-07-01 18:38:42
4120,1578,17683,0,2026-07-01 18:38:42
4121,1578,17684,0,2026-07-01 18:38:42
4122,1578,18280,0,2026-07-01 18:38:42
4123,1578,18335,0,2026-07-01 18:38:42
4124,1579,18336,0,2026-07-01 18:38:42
4125,1580,17686,0,2026-07-01 18:38:42
4126,1582,1612,0,2026-07-01 18:38:42
4127,1582,17251,0,2026-07-01 18:38:42
4128,1582,17286,0,2026-07-01 18:38:42
4129,1582,17446,0,2026-07-01 18:38:42
4130,1582,17447,0,2026-07-01 18:38:42
4131,1582,17448,0,2026-07-01 18:38:42
4132,1582,17618,0,2026-07-01 18:38:42
4133,1582,18337,0,2026-07-01 18:38:42
4134,1584,17448,0,2026-07-01 18:38:42
4135,1585,17684,0,2026-07-01 18:38:42
4136,1585,17686,0,2026-07-01 18:38:42
4137,1585,17672,0,2026-07-01 18:38:42
4138,1585,17683,0,2026-07-01 18:38:42
4139,1586,18337,0,2026-07-01 18:38:42
4140,1586,3087,0,2026-07-01 18:38:42
4141,1586,17286,0,2026-07-01 18:38:42
4142,1586,17251,0,2026-07-01 18:38:42
4143,1586,17446,0,2026-07-01 18:38:42
4144,1586,17617,0,2026-07-01 18:38:42
4145,1586,17618,0,2026-07-01 18:38:42
4146,1586,17447,0,2026-07-01 18:38:42
4147,1586,1612,0,2026-07-01 18:38:42
4148,1587,18338,0,2026-07-01 18:38:42
4149,1587,17686,0,2026-07-01 18:38:42
4150,1588,7,0,2026-07-01 18:38:42
4151,1588,13,0,2026-07-01 18:38:42
4152,1588,1612,0,2026-07-01 18:38:42
4153,1588,3087,0,2026-07-01 18:38:42
4154,1588,17251,0,2026-07-01 18:38:42
4155,1588,17286,0,2026-07-01 18:38:42
4156,1588,17447,0,2026-07-01 18:38:42
4157,1588,17618,0,2026-07-01 18:38:42
4158,1588,18337,0,2026-07-01 18:38:42
4159,1589,18337,0,2026-07-01 18:38:42
4160,1589,17251,0,2026-07-01 18:38:42
4161,1589,17448,0,2026-07-01 18:38:42
4162,1589,17446,0,2026-07-01 18:38:42
4163,1589,17617,0,2026-07-01 18:38:42
4164,1589,1612,0,2026-07-01 18:38:42
4165,1589,7,0,2026-07-01 18:38:42
4166,1590,17686,0,2026-07-01 18:38:42
4167,1591,17711,0,2026-07-01 18:38:42
4168,1591,17323,0,2026-07-01 18:38:42
4169,1591,5248,0,2026-07-01 18:38:42
4170,1591,18339,0,2026-07-01 18:38:42
4171,1597,17557,0,2026-07-01 18:38:42
4172,1598,9101,0,2026-07-01 18:38:42
4173,1598,18343,0,2026-07-01 18:38:42
4174,1598,7873,0,2026-07-01 18:38:42
4175,1599,9063,0,2026-07-01 18:38:42
4176,1600,11050,0,2026-07-01 18:38:42
4177,1601,17673,0,2026-07-01 18:38:42
4178,1601,18345,0,2026-07-01 18:38:42
4179,1601,16644,0,2026-07-01 18:38:42
4180,1602,17686,0,2026-07-01 18:38:42
4181,1603,18285,0,2026-07-01 18:38:42
4182,1604,370,0,2026-07-01 18:38:42
4183,1605,17686,0,2026-07-01 18:38:42
4184,1606,9736,0,2026-07-01 18:38:42
4185,1606,17686,0,2026-07-01 18:38:42
4186,1607,8936,0,2026-07-01 18:38:42
4187,1607,17557,0,2026-07-01 18:38:42
4188,1616,8992,0,2026-07-01 18:38:42
4189,1616,16810,0,2026-07-01 18:38:42
4190,1616,192,0,2026-07-01 18:38:42
4191,1616,602,0,2026-07-01 18:38:42
4192,1616,10253,0,2026-07-01 18:38:42
4193,1616,10450,0,2026-07-01 18:38:42
4194,1616,2967,0,2026-07-01 18:38:42
4195,1616,14276,0,2026-07-01 18:38:42
4196,1617,17870,0,2026-07-01 18:38:42
4197,1617,17273,0,2026-07-01 18:38:42
4198,1618,17686,0,2026-07-01 18:38:42
4199,1619,3254,0,2026-07-01 18:38:42
4200,1619,3259,0,2026-07-01 18:38:42
4201,1620,1137,0,2026-07-01 18:38:42
4202,1621,18252,0,2026-07-01 18:38:42
4203,1621,18219,0,2026-07-01 18:38:42
4204,1622,17686,0,2026-07-01 18:38:42
4205,1629,17686,0,2026-07-01 18:38:42
4206,1630,17454,0,2026-07-01 18:38:42
4207,1630,17605,0,2026-07-01 18:38:42
4208,1630,17676,0,2026-07-01 18:38:42
4209,1631,18286,0,2026-07-01 18:38:42
4210,1632,17686,0,2026-07-01 18:38:42
4211,1633,17686,0,2026-07-01 18:38:42
4212,1634,1027,0,2026-07-01 18:38:42
4213,1636,5911,0,2026-07-01 18:38:42
4214,1637,17686,0,2026-07-01 18:38:42
4215,1638,17683,0,2026-07-01 18:38:42
4216,1638,17668,0,2026-07-01 18:38:42
4217,1639,17557,0,2026-07-01 18:38:42
4218,1640,5665,0,2026-07-01 18:38:42
4219,1640,7774,0,2026-07-01 18:38:42
4220,1640,17686,0,2026-07-01 18:38:42
4221,1641,11050,0,2026-07-01 18:38:42
4222,1642,18039,0,2026-07-01 18:38:42
4223,1642,17483,0,2026-07-01 18:38:42
4224,1643,18228,0,2026-07-01 18:38:42
4225,1644,17938,0,2026-07-01 18:38:42
4226,1645,18352,0,2026-07-01 18:38:42
4227,1646,17557,0,2026-07-01 18:38:42
4228,1646,18353,0,2026-07-01 18:38:42
4229,1647,3484,0,2026-07-01 18:38:42
4230,1648,17686,0,2026-07-01 18:38:42
4231,1651,18355,0,2026-07-01 18:38:42
4232,1652,18356,0,2026-07-01 18:38:42
4233,1653,18228,0,2026-07-01 18:38:42
4234,1654,5665,0,2026-07-01 18:38:42
4235,1655,5632,0,2026-07-01 18:38:42
4236,1655,14805,0,2026-07-01 18:38:42
4237,1655,13113,0,2026-07-01 18:38:42
4238,1655,18359,0,2026-07-01 18:38:42
4239,1657,18360,0,2026-07-01 18:38:42
4240,1657,17686,0,2026-07-01 18:38:42
4241,1657,17612,0,2026-07-01 18:38:42
4242,1657,17683,0,2026-07-01 18:38:42
4243,1658,18362,0,2026-07-01 18:38:42
4244,1659,13756,0,2026-07-01 18:38:42
4245,1659,17330,0,2026-07-01 18:38:42
4246,1659,6528,0,2026-07-01 18:38:42
4247,1659,17372,0,2026-07-01 18:38:42
4248,1659,14238,0,2026-07-01 18:38:42
4249,1660,17686,0,2026-07-01 18:38:42
4250,1661,18346,0,2026-07-01 18:38:42
4251,1661,17686,0,2026-07-01 18:38:42
4252,1662,8989,0,2026-07-01 18:38:42
4253,1666,11050,0,2026-07-01 18:38:42
4254,1667,12375,0,2026-07-01 18:38:42
4255,1667,2915,0,2026-07-01 18:38:42
4256,1667,16190,0,2026-07-01 18:38:42
4257,1667,2685,0,2026-07-01 18:38:42
4258,1668,17686,0,2026-07-01 18:38:42
4259,1668,17684,0,2026-07-01 18:38:42
4260,1668,17678,0,2026-07-01 18:38:42
4261,1668,17609,0,2026-07-01 18:38:42
4262,1668,17675,0,2026-07-01 18:38:42
4263,1668,17668,0,2026-07-01 18:38:42
4264,1668,17612,0,2026-07-01 18:38:42
4265,1668,17611,0,2026-07-01 18:38:42
4266,1669,17674,0,2026-07-01 18:38:42
4267,1669,17676,0,2026-07-01 18:38:42
4268,1669,17678,0,2026-07-01 18:38:42
4269,1669,17680,0,2026-07-01 18:38:42
4270,1669,17677,0,2026-07-01 18:38:42
4271,1669,17668,0,2026-07-01 18:38:42
4272,1669,17675,0,2026-07-01 18:38:42
4273,1669,17666,0,2026-07-01 18:38:42
4274,1669,17667,0,2026-07-01 18:38:42
4275,1669,17683,0,2026-07-01 18:38:42
4276,1669,17681,0,2026-07-01 18:38:42
4277,1669,17609,0,2026-07-01 18:38:42
4278,1669,17669,0,2026-07-01 18:38:42
4279,1669,17665,0,2026-07-01 18:38:42
4280,1669,17670,0,2026-07-01 18:38:42
4281,1669,17682,0,2026-07-01 18:38:42
4282,1669,17461,0,2026-07-01 18:38:42
4283,1670,18364,0,2026-07-01 18:38:42
4284,1671,17557,0,2026-07-01 18:38:42
4285,1672,17557,0,2026-07-01 18:38:42
4286,1672,17686,0,2026-07-01 18:38:42
4287,1673,3485,0,2026-07-01 18:38:42
4288,1673,1518,0,2026-07-01 18:38:42
4289,1674,2905,0,2026-07-01 18:38:42
4290,1674,18278,0,2026-07-01 18:38:42
4291,1675,17686,0,2026-07-01 18:38:42
4292,1675,8110,0,2026-07-01 18:38:42
4293,1675,9736,0,2026-07-01 18:38:42
4294,1675,9748,0,2026-07-01 18:38:42
4295,1675,17928,0,2026-07-01 18:38:42
4296,1676,17461,0,2026-07-01 18:38:42
4297,1676,118,0,2026-07-01 18:38:42
4298,1676,120,0,2026-07-01 18:38:42
4299,1676,12305,0,2026-07-01 18:38:42
4300,1676,11211,0,2026-07-01 18:38:42
4301,1676,1137,0,2026-07-01 18:38:42
4302,1676,117,0,2026-07-01 18:38:42
4303,1676,7664,0,2026-07-01 18:38:42
4304,1676,7649,0,2026-07-01 18:38:42
4305,1676,3139,0,2026-07-01 18:38:42
4306,1677,118,0,2026-07-01 18:38:42
4307,1677,120,0,2026-07-01 18:38:42
4308,1677,6294,0,2026-07-01 18:38:42
4309,1677,1137,0,2026-07-01 18:38:42
4310,1677,117,0,2026-07-01 18:38:42
4311,1677,7664,0,2026-07-01 18:38:42
4312,1677,7649,0,2026-07-01 18:38:42
4313,1677,3136,0,2026-07-01 18:38:42
4314,1678,6695,0,2026-07-01 18:38:42
4315,1678,7664,0,2026-07-01 18:38:42
4316,1678,11739,0,2026-07-01 18:38:42
4317,1678,15137,0,2026-07-01 18:38:42
4318,1678,7649,0,2026-07-01 18:38:42
4319,1678,1137,0,2026-07-01 18:38:42
4320,1678,7822,0,2026-07-01 18:38:42
4321,1679,3568,0,2026-07-01 18:38:42
4322,1679,17397,0,2026-07-01 18:38:42
4323,1679,4072,0,2026-07-01 18:38:42
4324,1680,3458,0,2026-07-01 18:38:42
4325,1680,3293,0,2026-07-01 18:38:42
4326,1680,3568,0,2026-07-01 18:38:42
4327,1680,17469,0,2026-07-01 18:38:42
4328,1680,8804,0,2026-07-01 18:38:42
4329,1680,15630,0,2026-07-01 18:38:42
4330,1684,17852,0,2026-07-01 18:38:42
4331,1685,9327,0,2026-07-01 18:38:42
4332,1685,9328,0,2026-07-01 18:38:42
4333,1686,17686,0,2026-07-01 18:38:42
4334,1686,9101,0,2026-07-01 18:38:42
4335,1686,16534,0,2026-07-01 18:38:42
4336,1686,3568,0,2026-07-01 18:38:42
4337,1688,17672,0,2026-07-01 18:38:42
4338,1688,17611,0,2026-07-01 18:38:42
4339,1688,17666,0,2026-07-01 18:38:42
4340,1689,17686,0,2026-07-01 18:38:42
4341,1690,17686,0,2026-07-01 18:38:42
4342,1690,17684,0,2026-07-01 18:38:42
4343,1690,17679,0,2026-07-01 18:38:42
4344,1690,17663,0,2026-07-01 18:38:42
4345,1692,17686,0,2026-07-01 18:38:42
4346,1694,17448,0,2026-07-01 18:38:42
4347,1694,17251,0,2026-07-01 18:38:42
4348,1694,7584,0,2026-07-01 18:38:42
4349,1694,2134,0,2026-07-01 18:38:42
4350,1695,17448,0,2026-07-01 18:38:42
4351,1695,17251,0,2026-07-01 18:38:42
4352,1695,7584,0,2026-07-01 18:38:42
4353,1695,17404,0,2026-07-01 18:38:42
4354,1696,3087,0,2026-07-01 18:38:42
4355,1696,11845,0,2026-07-01 18:38:42
4356,1697,16005,0,2026-07-01 18:38:42
4357,1697,17571,0,2026-07-01 18:38:42
4358,1697,17419,0,2026-07-01 18:38:42
4359,1697,8196,0,2026-07-01 18:38:42
4360,1697,17775,0,2026-07-01 18:38:42
4361,1698,2096,0,2026-07-01 18:38:42
4362,1699,2096,0,2026-07-01 18:38:42
4363,1700,18367,0,2026-07-01 18:38:42
4364,1701,18367,0,2026-07-01 18:38:42
4365,1701,18367,0,2026-07-01 18:38:42
4366,1702,17686,0,2026-07-01 18:38:42
4367,1705,18369,0,2026-07-01 18:38:42
4368,1706,18370,0,2026-07-01 18:38:42
4369,1706,17686,0,2026-07-01 18:38:42
4370,1706,17683,0,2026-07-01 18:38:42
4371,1707,17683,0,2026-07-01 18:38:42
4372,1707,17681,0,2026-07-01 18:38:42
4373,1708,4336,0,2026-07-01 18:38:42
4374,1708,16843,0,2026-07-01 18:38:42
4375,1708,16846,0,2026-07-01 18:38:42
4376,1708,2293,0,2026-07-01 18:38:42
4377,1708,14840,0,2026-07-01 18:38:42
4378,1708,6809,0,2026-07-01 18:38:42
4379,1708,5622,0,2026-07-01 18:38:42
4380,1710,17684,0,2026-07-01 18:38:42
4381,1711,17686,0,2026-07-01 18:38:42
4382,1711,17684,0,2026-07-01 18:38:42
4383,1711,17610,0,2026-07-01 18:38:42
4384,1712,2142,0,2026-07-01 18:38:42
4385,1712,18372,0,2026-07-01 18:38:42
4386,1712,15630,0,2026-07-01 18:38:42
4387,1712,18373,0,2026-07-01 18:38:42
4388,1712,18374,0,2026-07-01 18:38:42
4389,1712,12908,0,2026-07-01 18:38:42
4390,1713,17686,0,2026-07-01 18:38:42
4391,1714,17686,0,2026-07-01 18:38:42
4392,1715,17686,0,2026-07-01 18:38:42
4393,1716,2142,0,2026-07-01 18:38:42
4394,1716,10022,0,2026-07-01 18:38:42
4395,1716,18373,0,2026-07-01 18:38:42
4396,1716,1311,0,2026-07-01 18:38:42
4397,1717,2142,0,2026-07-01 18:38:42
4398,1717,1313,0,2026-07-01 18:38:42
4399,1717,18375,0,2026-07-01 18:38:42
4400,1718,2142,0,2026-07-01 18:38:42
4401,1718,1313,0,2026-07-01 18:38:42
4402,1718,5618,0,2026-07-01 18:38:42
4403,1719,17686,0,2026-07-01 18:38:42
4404,1719,17684,0,2026-07-01 18:38:42
4405,1720,4547,0,2026-07-01 18:38:42
4406,1720,18376,0,2026-07-01 18:38:42
4407,1720,18377,0,2026-07-01 18:38:42
4408,1720,18378,0,2026-07-01 18:38:42
4409,1720,3311,0,2026-07-01 18:38:42
4410,1720,4072,0,2026-07-01 18:38:42
4411,1720,7028,0,2026-07-01 18:38:42
4412,1720,18379,0,2026-07-01 18:38:42
4413,1720,18380,0,2026-07-01 18:38:42
4414,1720,18381,0,2026-07-01 18:38:42
4415,1721,17371,0,2026-07-01 18:38:42
4416,1721,18382,0,2026-07-01 18:38:42
4417,1721,4519,0,2026-07-01 18:38:42
4418,1721,18383,0,2026-07-01 18:38:42
4419,1721,18384,0,2026-07-01 18:38:42
4420,1722,17686,0,2026-07-01 18:38:42
4421,1722,1933,0,2026-07-01 18:38:42
4422,1722,3484,0,2026-07-01 18:38:42
4423,1722,6657,0,2026-07-01 18:38:42
4424,1722,17684,0,2026-07-01 18:38:42
4425,1723,18385,0,2026-07-01 18:38:42
4426,1723,15157,0,2026-07-01 18:38:42
4427,1723,18204,0,2026-07-01 18:38:42
4428,1723,17491,0,2026-07-01 18:38:42
4429,1723,14993,0,2026-07-01 18:38:42
4430,1723,18381,0,2026-07-01 18:38:42
4431,1724,18386,0,2026-07-01 18:38:42
4432,1724,18387,0,2026-07-01 18:38:42
4433,1724,18388,0,2026-07-01 18:38:42
4434,1724,18389,0,2026-07-01 18:38:42
4435,1725,18371,0,2026-07-01 18:38:42
4436,1727,11001,0,2026-07-01 18:38:42
4437,1727,5284,0,2026-07-01 18:38:42
4438,1727,5285,0,2026-07-01 18:38:42
4439,1727,5248,0,2026-07-01 18:38:42
4440,1727,7309,0,2026-07-01 18:38:42
4441,1729,13756,0,2026-07-01 18:38:42
4442,1729,17371,0,2026-07-01 18:38:42
4443,1729,17372,0,2026-07-01 18:38:42
4444,1729,14235,0,2026-07-01 18:38:42
4445,1729,14238,0,2026-07-01 18:38:42
4446,1729,17340,0,2026-07-01 18:38:42
4447,1729,17433,0,2026-07-01 18:38:42
4448,1729,17404,0,2026-07-01 18:38:42
4449,1732,15251,0,2026-07-01 18:38:42
4450,1732,15252,0,2026-07-01 18:38:42
4451,1733,15251,0,2026-07-01 18:38:42
4452,1737,17686,0,2026-07-01 18:38:42
4453,1737,17610,0,2026-07-01 18:38:42
4454,1738,3485,0,2026-07-01 18:38:42
4455,1739,17557,0,2026-07-01 18:38:42
4456,1740,17557,0,2026-07-01 18:38:42
4457,1741,17686,0,2026-07-01 18:38:42
4458,1742,9414,0,2026-07-01 18:38:42
4459,1742,17557,0,2026-07-01 18:38:42
4460,1743,18400,0,2026-07-01 18:38:42
4461,1744,17557,0,2026-07-01 18:38:42
4462,1745,17557,0,2026-07-01 18:38:42
4463,1746,6615,0,2026-07-01 18:38:42
4464,1747,17557,0,2026-07-01 18:38:42
4465,1748,6035,0,2026-07-01 18:38:42
4466,1748,7270,0,2026-07-01 18:38:42
4467,1748,8196,0,2026-07-01 18:38:42
4468,1748,17325,0,2026-07-01 18:38:42
4469,1748,17415,0,2026-07-01 18:38:42
4470,1748,17514,0,2026-07-01 18:38:42
4471,1749,17514,0,2026-07-01 18:38:42
4472,1749,17288,0,2026-07-01 18:38:42
4473,1749,8196,0,2026-07-01 18:38:42
4474,1749,17325,0,2026-07-01 18:38:42
4475,1750,17327,0,2026-07-01 18:38:42
4476,1750,6035,0,2026-07-01 18:38:42
4477,1750,8196,0,2026-07-01 18:38:42
4478,1752,17686,0,2026-07-01 18:38:42
4479,1752,17684,0,2026-07-01 18:38:42
4480,1753,17672,0,2026-07-01 18:38:42
4481,1753,17611,0,2026-07-01 18:38:42
4482,1753,17683,0,2026-07-01 18:38:42
4483,1754,17287,0,2026-07-01 18:38:42
4484,1754,8196,0,2026-07-01 18:38:42
4485,1754,17325,0,2026-07-01 18:38:42
4486,1754,7270,0,2026-07-01 18:38:42
4487,1755,9328,0,2026-07-01 18:38:42
4488,1755,17557,0,2026-07-01 18:38:42
4489,1755,17686,0,2026-07-01 18:38:42
4490,1755,9329,0,2026-07-01 18:38:42
4491,1756,1119,0,2026-07-01 18:38:42
4492,1756,18107,0,2026-07-01 18:38:42
4493,1756,989,0,2026-07-01 18:38:42
4494,1762,17841,0,2026-07-01 18:38:42
4495,1763,18401,0,2026-07-01 18:38:42
4496,1764,17448,0,2026-07-01 18:38:42
4497,1764,17686,0,2026-07-01 18:38:42
4498,1765,427,0,2026-07-01 18:38:42
4499,1766,17686,0,2026-07-01 18:38:42
4500,1767,18405,0,2026-07-01 18:38:42
4501,1768,1313,0,2026-07-01 18:38:42
4502,1770,18406,0,2026-07-01 18:38:42
4503,1771,11050,0,2026-07-01 18:38:42
4504,1772,18408,0,2026-07-01 18:38:42
4505,1773,17557,0,2026-07-01 18:38:42
4506,1774,18406,0,2026-07-01 18:38:42
4507,1775,12132,0,2026-07-01 18:38:42
4508,1775,4072,0,2026-07-01 18:38:42
4509,1775,3486,0,2026-07-01 18:38:42
4510,1776,17684,0,2026-07-01 18:38:42
4511,1777,1311,0,2026-07-01 18:38:42
4512,1777,5248,0,2026-07-01 18:38:42
4513,1777,18280,0,2026-07-01 18:38:42
4514,1777,4815,0,2026-07-01 18:38:42
4515,1778,17841,0,2026-07-01 18:38:42
4516,1779,17686,0,2026-07-01 18:38:42
4517,1780,17686,0,2026-07-01 18:38:42
4518,1781,17557,0,2026-07-01 18:38:42
4519,1782,18279,0,2026-07-01 18:38:42
4520,1783,18411,0,2026-07-01 18:38:42
4521,1784,2381,0,2026-07-01 18:38:42
4522,1784,6342,0,2026-07-01 18:38:42
4523,1784,1235,0,2026-07-01 18:38:42
4524,1784,6043,0,2026-07-01 18:38:42
4525,1785,18412,0,2026-07-01 18:38:42
4526,1785,1235,0,2026-07-01 18:38:42
4527,1785,11025,0,2026-07-01 18:38:42
4528,1785,18413,0,2026-07-01 18:38:42
4529,1786,17686,0,2026-07-01 18:38:42
4530,1786,18249,0,2026-07-01 18:38:42
4531,1786,17683,0,2026-07-01 18:38:42
4532,1790,17712,0,2026-07-01 18:38:42
4533,1791,17557,0,2026-07-01 18:38:42
4534,1791,11019,0,2026-07-01 18:38:42
4535,1792,18415,0,2026-07-01 18:38:42
4536,1794,18424,0,2026-07-01 18:38:42
4537,1795,17557,0,2026-07-01 18:38:42
4538,1796,17557,0,2026-07-01 18:38:42
4539,1798,18425,0,2026-07-01 18:38:42
4540,1799,18355,0,2026-07-01 18:38:42
4541,1800,18035,0,2026-07-01 18:38:42
4542,1800,17965,0,2026-07-01 18:38:42
4543,1801,17841,0,2026-07-01 18:38:42
4544,1802,667,0,2026-07-01 18:38:42
4545,1802,118,0,2026-07-01 18:38:42
4546,1803,7270,0,2026-07-01 18:38:42
4547,1803,3381,0,2026-07-01 18:38:42
4548,1803,8196,0,2026-07-01 18:38:42
4549,1803,17514,0,2026-07-01 18:38:42
4550,1803,17354,0,2026-07-01 18:38:42
4551,1803,9980,0,2026-07-01 18:38:42
4552,1803,10622,0,2026-07-01 18:38:42
4553,1805,18278,0,2026-07-01 18:38:42
4554,1805,12899,0,2026-07-01 18:38:42
4555,1806,17686,0,2026-07-01 18:38:42
4556,1806,17683,0,2026-07-01 18:38:42
4557,1807,15651,0,2026-07-01 18:38:42
4558,1807,3484,0,2026-07-01 18:38:42
4559,1808,17686,0,2026-07-01 18:38:42
4560,1808,17684,0,2026-07-01 18:38:42
4561,1808,17605,0,2026-07-01 18:38:42
4562,1809,8488,0,2026-07-01 18:38:42
4563,1809,18426,0,2026-07-01 18:38:42
4564,1809,6531,0,2026-07-01 18:38:42
4565,1809,2943,0,2026-07-01 18:38:42
4566,1809,4519,0,2026-07-01 18:38:42
4567,1809,13758,0,2026-07-01 18:38:42
4568,1809,17293,0,2026-07-01 18:38:42
4569,1809,17333,0,2026-07-01 18:38:42
4570,1809,17334,0,2026-07-01 18:38:42
4571,1809,17336,0,2026-07-01 18:38:42
4572,1809,17339,0,2026-07-01 18:38:42
4573,1809,18027,0,2026-07-01 18:38:42
4574,1810,18428,0,2026-07-01 18:38:42
4575,1810,18429,0,2026-07-01 18:38:42
4576,1811,13438,0,2026-07-01 18:38:42
4577,1811,14656,0,2026-07-01 18:38:42
4578,1811,18430,0,2026-07-01 18:38:42
4579,1811,7873,0,2026-07-01 18:38:42
4580,1812,18431,0,2026-07-01 18:38:42
4581,1812,13387,0,2026-07-01 18:38:42
4582,1812,3568,0,2026-07-01 18:38:42
4583,1813,12725,0,2026-07-01 18:38:42
4584,1813,18095,0,2026-07-01 18:38:42
4585,1813,13438,0,2026-07-01 18:38:42
4586,1813,9101,0,2026-07-01 18:38:42
4587,1814,3568,0,2026-07-01 18:38:42
4588,1814,17357,0,2026-07-01 18:38:42
4589,1814,2201,0,2026-07-01 18:38:42
4590,1814,8620,0,2026-07-01 18:38:42
4591,1814,18432,0,2026-07-01 18:38:42
4592,1814,18433,0,2026-07-01 18:38:42
4593,1816,18434,0,2026-07-01 18:38:42
4594,1817,18424,0,2026-07-01 18:38:42
4595,1818,17557,0,2026-07-01 18:38:42
4596,1819,3460,0,2026-07-01 18:38:42
4597,1819,3461,0,2026-07-01 18:38:42
4598,1820,18435,0,2026-07-01 18:38:42
4599,1821,18039,0,2026-07-01 18:38:42
4600,1822,3983,0,2026-07-01 18:38:42
4601,1822,17297,0,2026-07-01 18:38:42
4602,1822,13438,0,2026-07-01 18:38:42
4603,1822,3293,0,2026-07-01 18:38:42
4604,1823,14313,0,2026-07-01 18:38:42
4605,1824,3983,0,2026-07-01 18:38:42
4606,1824,17316,0,2026-07-01 18:38:42
4607,1824,14238,0,2026-07-01 18:38:42
4608,1824,4716,0,2026-07-01 18:38:42
4609,1825,11050,0,2026-07-01 18:38:42
4610,1827,17683,0,2026-07-01 18:38:42
4611,1827,17684,0,2026-07-01 18:38:42
4612,1827,17672,0,2026-07-01 18:38:42
4613,1827,17686,0,2026-07-01 18:38:42
4614,1828,17686,0,2026-07-01 18:38:42
4615,1828,17684,0,2026-07-01 18:38:42
4616,1828,17683,0,2026-07-01 18:38:42
4617,1829,17686,0,2026-07-01 18:38:42
4618,1830,17686,0,2026-07-01 18:38:42
4619,1834,17557,0,2026-07-01 18:38:42
4620,1835,18436,0,2026-07-01 18:38:42
4621,1835,3667,0,2026-07-01 18:38:42
4622,1835,17565,0,2026-07-01 18:38:42
4623,1835,1963,0,2026-07-01 18:38:42
4624,1835,5157,0,2026-07-01 18:38:42
4625,1835,3647,0,2026-07-01 18:38:42
4626,1835,18440,0,2026-07-01 18:38:42
4627,1835,9736,0,2026-07-01 18:38:42
4628,1835,18441,0,2026-07-01 18:38:42
4629,1835,18442,0,2026-07-01 18:38:42
4630,1836,17686,0,2026-07-01 18:38:42
4631,1837,667,0,2026-07-01 18:38:42
4632,1837,1963,0,2026-07-01 18:38:42
4633,1837,3100,0,2026-07-01 18:38:42
4634,1837,3622,0,2026-07-01 18:38:42
4635,1838,17676,0,2026-07-01 18:38:42
4636,1839,17686,0,2026-07-01 18:38:42
4637,1840,17686,0,2026-07-01 18:38:42
4638,1840,17611,0,2026-07-01 18:38:42
4639,1841,12631,0,2026-07-01 18:38:42
4640,1842,17684,0,2026-07-01 18:38:42
4641,1842,17672,0,2026-07-01 18:38:42
4642,1842,17611,0,2026-07-01 18:38:42
4643,1842,17678,0,2026-07-01 18:38:42
4644,1842,17605,0,2026-07-01 18:38:42
4645,1842,17610,0,2026-07-01 18:38:42
4646,1842,17686,0,2026-07-01 18:38:42
4647,1843,7270,0,2026-07-01 18:38:42
4648,1843,17325,0,2026-07-01 18:38:42
4649,1843,17287,0,2026-07-01 18:38:42
4650,1843,17595,0,2026-07-01 18:38:42
4651,1843,17251,0,2026-07-01 18:38:42
4652,1843,2134,0,2026-07-01 18:38:42
4653,1843,1735,0,2026-07-01 18:38:42
4654,1846,17841,0,2026-07-01 18:38:42
4655,1847,17611,0,2026-07-01 18:38:42
4656,1847,17607,0,2026-07-01 18:38:42
4657,1847,17683,0,2026-07-01 18:38:42
4658,1848,17852,0,2026-07-01 18:38:42
4659,1849,8191,0,2026-07-01 18:38:42
4660,1849,18194,0,2026-07-01 18:38:42
4661,1850,17980,0,2026-07-01 18:38:42
4662,1850,18444,0,2026-07-01 18:38:42
4663,1851,18445,0,2026-07-01 18:38:42
4664,1854,3010,0,2026-07-01 18:38:42
4665,1854,11052,0,2026-07-01 18:38:42
4666,1854,17344,0,2026-07-01 18:38:42
4667,1854,17282,0,2026-07-01 18:38:42
4668,1855,17686,0,2026-07-01 18:38:42
4669,1855,17557,0,2026-07-01 18:38:42
4670,1856,7012,0,2026-07-01 18:38:42
4671,1857,12367,0,2026-07-01 18:38:42
4672,1857,18446,0,2026-07-01 18:38:42
4673,1857,17377,0,2026-07-01 18:38:42
4674,1857,8111,0,2026-07-01 18:38:42
4675,1857,2438,0,2026-07-01 18:38:42
4676,1857,7645,0,2026-07-01 18:38:42
4677,1857,8133,0,2026-07-01 18:38:42
4678,1857,18259,0,2026-07-01 18:38:42
4679,1857,3485,0,2026-07-01 18:38:42
4680,1858,18447,0,2026-07-01 18:38:42
4681,1858,12367,0,2026-07-01 18:38:42
4682,1858,8133,0,2026-07-01 18:38:42
4683,1858,2438,0,2026-07-01 18:38:42
4684,1858,7645,0,2026-07-01 18:38:42
4685,1858,8113,0,2026-07-01 18:38:42
4686,1858,8126,0,2026-07-01 18:38:42
4687,1859,5665,0,2026-07-01 18:38:42
4688,1859,9414,0,2026-07-01 18:38:42
4689,1859,13387,0,2026-07-01 18:38:42
4690,1860,18336,0,2026-07-01 18:38:42
4691,1861,17686,0,2026-07-01 18:38:42
4692,1861,17948,0,2026-07-01 18:38:42
4693,1861,17678,0,2026-07-01 18:38:42
4694,1861,17682,0,2026-07-01 18:38:42
4695,1861,17612,0,2026-07-01 18:38:42
4696,1862,17686,0,2026-07-01 18:38:42
4697,1862,17605,0,2026-07-01 18:38:42
4698,1862,17610,0,2026-07-01 18:38:42
4699,1865,17686,0,2026-07-01 18:38:42
4700,1866,17686,0,2026-07-01 18:38:42
4701,1867,17686,0,2026-07-01 18:38:42
4702,1871,12308,0,2026-07-01 18:38:42
4703,1871,12309,0,2026-07-01 18:38:42
4704,1871,12311,0,2026-07-01 18:38:42
4705,1872,12306,0,2026-07-01 18:38:42
4706,1872,12309,0,2026-07-01 18:38:42
4707,1873,12309,0,2026-07-01 18:38:42
4708,1873,12306,0,2026-07-01 18:38:42
4709,1875,18449,0,2026-07-01 18:38:42
4710,1876,18450,0,2026-07-01 18:38:42
4711,1880,18451,0,2026-07-01 18:38:42
4712,1880,17422,0,2026-07-01 18:38:42
4713,1881,4647,0,2026-07-01 18:38:42
4714,1881,4655,0,2026-07-01 18:38:42
4715,1881,7094,0,2026-07-01 18:38:42
4716,1881,12014,0,2026-07-01 18:38:42
4717,1881,13528,0,2026-07-01 18:38:42
4718,1881,18452,0,2026-07-01 18:38:42
4719,1882,10445,0,2026-07-01 18:38:42
4720,1882,9744,0,2026-07-01 18:38:42
4721,1882,8196,0,2026-07-01 18:38:42
4722,1882,1015,0,2026-07-01 18:38:42
4723,1882,7270,0,2026-07-01 18:38:42
4724,1882,3381,0,2026-07-01 18:38:42
4725,1883,1015,0,2026-07-01 18:38:42
4726,1883,8196,0,2026-07-01 18:38:42
4727,1883,9744,0,2026-07-01 18:38:42
4728,1883,811,0,2026-07-01 18:38:42
4729,1883,17674,0,2026-07-01 18:38:42
4730,1883,17665,0,2026-07-01 18:38:42
4731,1883,17675,0,2026-07-01 18:38:42
4732,1884,17602,0,2026-07-01 18:38:42
4733,1889,17447,0,2026-07-01 18:38:42
4734,1889,17251,0,2026-07-01 18:38:42
4735,1889,17618,0,2026-07-01 18:38:42
4736,1889,17446,0,2026-07-01 18:38:42
4737,1889,17404,0,2026-07-01 18:38:42
4738,1890,17618,0,2026-07-01 18:38:42
4739,1890,17447,0,2026-07-01 18:38:42
4740,1890,17251,0,2026-07-01 18:38:42
4741,1890,17446,0,2026-07-01 18:38:42
4742,1890,17404,0,2026-07-01 18:38:42
4743,1891,396,0,2026-07-01 18:38:42
4744,1891,17447,0,2026-07-01 18:38:42
4745,1891,17251,0,2026-07-01 18:38:42
4746,1896,17683,0,2026-07-01 18:38:42
4747,1897,9062,0,2026-07-01 18:38:42
4748,1897,12944,0,2026-07-01 18:38:42
4749,1897,18454,0,2026-07-01 18:38:42
4750,1898,17686,0,2026-07-01 18:38:42
4751,1901,17297,0,2026-07-01 18:38:42
4752,1902,17686,0,2026-07-01 18:38:42
4753,1902,17605,0,2026-07-01 18:38:42
4754,1904,17686,0,2026-07-01 18:38:42
4755,1905,17610,0,2026-07-01 18:38:42
4756,1905,17686,0,2026-07-01 18:38:42
4757,1905,17678,0,2026-07-01 18:38:42
4758,1905,17612,0,2026-07-01 18:38:42
4759,1905,17611,0,2026-07-01 18:38:42
4760,1906,18456,0,2026-07-01 18:38:42
4761,1907,18457,0,2026-07-01 18:38:42
4762,1908,18435,0,2026-07-01 18:38:42
4763,1909,14968,0,2026-07-01 18:38:42
4764,1909,1515,0,2026-07-01 18:38:42
4765,1909,3628,0,2026-07-01 18:38:42
4766,1909,2177,0,2026-07-01 18:38:42
4767,1909,17247,0,2026-07-01 18:38:42
4768,1909,18443,0,2026-07-01 18:38:42
4769,1910,1311,0,2026-07-01 18:38:42
4770,1910,5245,0,2026-07-01 18:38:42
4771,1911,18228,0,2026-07-01 18:38:42
4772,1912,17953,0,2026-07-01 18:38:42
4773,1913,18252,0,2026-07-01 18:38:42
4774,1914,1313,0,2026-07-01 18:38:42
4775,1915,18463,0,2026-07-01 18:38:42
4776,1915,18228,0,2026-07-01 18:38:42
4777,1921,5201,0,2026-07-01 18:38:42
4778,1921,389,0,2026-07-01 18:38:42
4779,1922,17686,0,2026-07-01 18:38:42
4780,1923,3105,0,2026-07-01 18:38:42
4781,1923,5665,0,2026-07-01 18:38:42
4782,1923,117,0,2026-07-01 18:38:42
4783,1923,1900,0,2026-07-01 18:38:42
4784,1923,5943,0,2026-07-01 18:38:42
4785,1923,9841,0,2026-07-01 18:38:42
4786,1923,16190,0,2026-07-01 18:38:42
4787,1923,7884,0,2026-07-01 18:38:42
4788,1923,18478,0,2026-07-01 18:38:42
4789,1923,14583,0,2026-07-01 18:38:42
4790,1923,1311,0,2026-07-01 18:38:42
4791,1923,15655,0,2026-07-01 18:38:42
4792,1923,11553,0,2026-07-01 18:38:42
4793,1924,11521,0,2026-07-01 18:38:42
4794,1925,8807,0,2026-07-01 18:38:42
4795,1925,17859,0,2026-07-01 18:38:42
4796,1925,18133,0,2026-07-01 18:38:42
4797,1926,18056,0,2026-07-01 18:38:42
4798,1927,17686,0,2026-07-01 18:38:42
4799,1930,17686,0,2026-07-01 18:38:42
4800,1931,13756,0,2026-07-01 18:38:42
4801,1931,14235,0,2026-07-01 18:38:42
4802,1931,17371,0,2026-07-01 18:38:42
4803,1931,17398,0,2026-07-01 18:38:42
4804,1931,17404,0,2026-07-01 18:38:42
4805,1932,13756,0,2026-07-01 18:38:42
4806,1932,14238,0,2026-07-01 18:38:42
4807,1932,17340,0,2026-07-01 18:38:42
4808,1932,17371,0,2026-07-01 18:38:42
4809,1932,17398,0,2026-07-01 18:38:42
4810,1932,17404,0,2026-07-01 18:38:42
4811,1933,13758,0,2026-07-01 18:38:42
4812,1933,17293,0,2026-07-01 18:38:42
4813,1933,4519,0,2026-07-01 18:38:42
4814,1933,17371,0,2026-07-01 18:38:42
4815,1933,5351,0,2026-07-01 18:38:42
4816,1933,17398,0,2026-07-01 18:38:42
4817,1933,17307,0,2026-07-01 18:38:42
4818,1933,14238,0,2026-07-01 18:38:42
4819,1933,17340,0,2026-07-01 18:38:42
4820,1933,17404,0,2026-07-01 18:38:42
4821,1936,17686,0,2026-07-01 18:38:42
4822,1937,17686,0,2026-07-01 18:38:42
4823,1938,17686,0,2026-07-01 18:38:42
4824,1938,17684,0,2026-07-01 18:38:42
4825,1938,17605,0,2026-07-01 18:38:42
4826,1938,17681,0,2026-07-01 18:38:42
4827,1938,17683,0,2026-07-01 18:38:42
4828,1939,17664,0,2026-07-01 18:38:42
4829,1939,7051,0,2026-07-01 18:38:42
4830,1939,2381,0,2026-07-01 18:38:42
4831,1939,17686,0,2026-07-01 18:38:42
4832,1940,17841,0,2026-07-01 18:38:42
4833,1941,1313,0,2026-07-01 18:38:42
4834,1941,2889,0,2026-07-01 18:38:42
4835,1942,18228,0,2026-07-01 18:38:42
4836,1942,17977,0,2026-07-01 18:38:42
4837,1943,18278,0,2026-07-01 18:38:42
4838,1944,18039,0,2026-07-01 18:38:42
4839,1944,5201,0,2026-07-01 18:38:42
4840,1945,11050,0,2026-07-01 18:38:42
4841,1946,17684,0,2026-07-01 18:38:42
4842,1946,17674,0,2026-07-01 18:38:42
4843,1946,17683,0,2026-07-01 18:38:42
4844,1946,17681,0,2026-07-01 18:38:42
4845,1946,17686,0,2026-07-01 18:38:42
4846,1947,17674,0,2026-07-01 18:38:42
4847,1947,17681,0,2026-07-01 18:38:42
4848,1947,17683,0,2026-07-01 18:38:42
4849,1947,17684,0,2026-07-01 18:38:42
4850,1947,17686,0,2026-07-01 18:38:42
4851,1948,17514,0,2026-07-01 18:38:42
4852,1948,17368,0,2026-07-01 18:38:42
4853,1948,17804,0,2026-07-01 18:38:42
4854,1948,602,0,2026-07-01 18:38:42
4855,1948,2863,0,2026-07-01 18:38:42
4856,1948,15156,0,2026-07-01 18:38:42
4857,1948,9980,0,2026-07-01 18:38:42
4858,1948,8198,0,2026-07-01 18:38:42
4859,1948,17803,0,2026-07-01 18:38:42
4860,1948,17802,0,2026-07-01 18:38:42
4861,1948,17775,0,2026-07-01 18:38:42
4862,1949,17674,0,2026-07-01 18:38:42
4863,1949,17684,0,2026-07-01 18:38:42
4864,1949,17666,0,2026-07-01 18:38:42
4865,1949,17681,0,2026-07-01 18:38:42
4866,1949,17686,0,2026-07-01 18:38:42
4867,1950,17803,0,2026-07-01 18:38:42
4868,1950,17804,0,2026-07-01 18:38:42
4869,1950,17514,0,2026-07-01 18:38:42
4870,1950,17368,0,2026-07-01 18:38:42
4871,1950,13756,0,2026-07-01 18:38:42
4872,1950,16626,0,2026-07-01 18:38:42
4873,1950,7270,0,2026-07-01 18:38:42
4874,1950,17775,0,2026-07-01 18:38:42
4875,1951,17674,0,2026-07-01 18:38:42
4876,1951,17681,0,2026-07-01 18:38:42
4877,1951,17683,0,2026-07-01 18:38:42
4878,1951,17684,0,2026-07-01 18:38:42
4879,1951,17686,0,2026-07-01 18:38:42
4880,1959,17686,0,2026-07-01 18:38:42
4881,1961,7775,0,2026-07-01 18:38:42
4882,1962,4042,0,2026-07-01 18:38:42
4883,1964,1483,0,2026-07-01 18:38:42
4884,1965,4717,0,2026-07-01 18:38:42
4885,1966,17938,0,2026-07-01 18:38:42
4886,1966,17686,0,2026-07-01 18:38:42
4887,1967,17287,0,2026-07-01 18:38:42
4888,1967,17623,0,2026-07-01 18:38:42
4889,1967,17288,0,2026-07-01 18:38:42
4890,1967,7269,0,2026-07-01 18:38:42
4891,1967,3381,0,2026-07-01 18:38:42
4892,1967,8196,0,2026-07-01 18:38:42
4893,1968,17327,0,2026-07-01 18:38:42
4894,1968,17623,0,2026-07-01 18:38:42
4895,1968,10253,0,2026-07-01 18:38:42
4896,1968,3381,0,2026-07-01 18:38:42
4897,1968,8196,0,2026-07-01 18:38:42
4898,1969,11701,0,2026-07-01 18:38:42
4899,1969,18482,0,2026-07-01 18:38:42
4900,1970,11207,0,2026-07-01 18:38:42
4901,1970,18483,0,2026-07-01 18:38:42
4902,1970,17943,0,2026-07-01 18:38:42
4903,1970,11209,0,2026-07-01 18:38:42
4904,1971,117,0,2026-07-01 18:38:42
4905,1971,1526,0,2026-07-01 18:38:42
4906,1971,3484,0,2026-07-01 18:38:42
4907,1972,17977,0,2026-07-01 18:38:42
4908,1975,17721,0,2026-07-01 18:38:42
4909,1976,17686,0,2026-07-01 18:38:42
4910,1977,11207,0,2026-07-01 18:38:42
4911,1977,11211,0,2026-07-01 18:38:42
4912,1977,3466,0,2026-07-01 18:38:42
4913,1977,11701,0,2026-07-01 18:38:42
4914,1977,3622,0,2026-07-01 18:38:42
4915,1977,18024,0,2026-07-01 18:38:42
4916,1977,1960,0,2026-07-01 18:38:42
4917,1977,3735,0,2026-07-01 18:38:42
4918,1977,17711,0,2026-07-01 18:38:42
4919,1978,17611,0,2026-07-01 18:38:42
4920,1979,18488,0,2026-07-01 18:38:42
4921,1980,2442,0,2026-07-01 18:38:42
4922,1980,18489,0,2026-07-01 18:38:42
4923,1980,18490,0,2026-07-01 18:38:42
4924,1980,12863,0,2026-07-01 18:38:42
4925,1980,1313,0,2026-07-01 18:38:42
4926,1981,2442,0,2026-07-01 18:38:42
4927,1981,18491,0,2026-07-01 18:38:42
4928,1981,18492,0,2026-07-01 18:38:42
4929,1981,10216,0,2026-07-01 18:38:42
4930,1981,8940,0,2026-07-01 18:38:42
4931,1981,6907,0,2026-07-01 18:38:42
4932,1982,8494,0,2026-07-01 18:38:42
4933,1984,17251,0,2026-07-01 18:38:42
4934,1984,17446,0,2026-07-01 18:38:42
4935,1984,17447,0,2026-07-01 18:38:42
4936,1984,17618,0,2026-07-01 18:38:42
4937,1984,3087,0,2026-07-01 18:38:42
4938,1985,17684,0,2026-07-01 18:38:42
4939,1986,17505,0,2026-07-01 18:38:42
4940,1987,2860,0,2026-07-01 18:38:42
4941,1987,7637,0,2026-07-01 18:38:42
4942,1987,10422,0,2026-07-01 18:38:42
4943,1987,2677,0,2026-07-01 18:38:42
4944,1987,1971,0,2026-07-01 18:38:42
4945,1987,11947,0,2026-07-01 18:38:42
4946,1988,3484,0,2026-07-01 18:38:42
4947,1988,3460,0,2026-07-01 18:38:42
4948,1988,15179,0,2026-07-01 18:38:42
4949,1988,4706,0,2026-07-01 18:38:42
4950,1988,18009,0,2026-07-01 18:38:42
4951,1988,2915,0,2026-07-01 18:38:42
4952,3764,17320,0,2026-07-01 18:38:42
4953,3765,18621,0,2026-07-01 18:38:42
4954,3766,14964,0,2026-07-01 18:38:42
4955,3767,12265,0,2026-07-01 18:38:42
4956,3769,8781,0,2026-07-01 18:38:42
4957,3770,10806,0,2026-07-01 18:38:42
4958,3770,18987,0,2026-07-01 18:38:42
4959,3772,6390,0,2026-07-01 18:38:42
4960,3772,10728,0,2026-07-01 18:38:42
4961,3772,11481,0,2026-07-01 18:38:42
4962,3772,15548,0,2026-07-01 18:38:42
4963,3772,7271,0,2026-07-01 18:38:42
4964,3774,7937,0,2026-07-01 18:38:42
4965,3775,2381,0,2026-07-01 18:38:42
4966,3776,13112,0,2026-07-01 18:38:42
4967,3777,82,0,2026-07-01 18:38:42
4968,3777,9594,0,2026-07-01 18:38:42
4969,3777,974,0,2026-07-01 18:38:42
4970,3778,631,0,2026-07-01 18:38:42
4971,3780,15948,0,2026-07-01 18:38:42
4972,3781,14904,0,2026-07-01 18:38:42
4973,3781,16387,0,2026-07-01 18:38:42
4974,3781,18810,0,2026-07-01 18:38:42
4975,3782,4997,0,2026-07-01 18:38:42
4976,3782,5753,0,2026-07-01 18:38:42
4977,3783,3135,0,2026-07-01 18:38:42
4978,3783,9840,0,2026-07-01 18:38:42
4979,3783,13226,0,2026-07-01 18:38:42
4980,3784,5854,0,2026-07-01 18:38:42
4981,3784,9609,0,2026-07-01 18:38:42
4982,3791,5887,0,2026-07-01 18:38:42
4983,3791,15876,0,2026-07-01 18:38:42
4984,3792,6977,0,2026-07-01 18:38:42
4985,3793,18004,0,2026-07-01 18:38:42
4986,3793,6352,0,2026-07-01 18:38:42
4987,3794,3796,0,2026-07-01 18:38:42
4988,3794,7187,0,2026-07-01 18:38:42
4989,3796,3465,0,2026-07-01 18:38:42
4990,3796,6676,0,2026-07-01 18:38:42
4991,3797,2451,0,2026-07-01 18:38:42
4992,3797,7383,0,2026-07-01 18:38:42
4993,3798,15649,0,2026-07-01 18:38:42
4994,3798,4451,0,2026-07-01 18:38:42
4995,3799,15091,0,2026-07-01 18:38:42
4996,3799,14854,0,2026-07-01 18:38:42
4997,3799,15942,0,2026-07-01 18:38:42
4998,3799,4467,0,2026-07-01 18:38:42
4999,3799,12181,0,2026-07-01 18:38:42
5000,3800,1990,0,2026-07-01 18:38:42
5001,3800,2607,0,2026-07-01 18:38:42
5002,3800,6412,0,2026-07-01 18:38:42
5003,3800,15238,0,2026-07-01 18:38:42
5004,3801,1990,0,2026-07-01 18:38:42
5005,3801,2607,0,2026-07-01 18:38:42
5006,3801,6412,0,2026-07-01 18:38:42
5007,3801,15238,0,2026-07-01 18:38:42
5008,3804,7906,0,2026-07-01 18:38:42
5009,3804,16854,0,2026-07-01 18:38:42
5010,3804,5896,0,2026-07-01 18:38:42
5011,3805,16575,0,2026-07-01 18:38:42
5012,3805,1326,0,2026-07-01 18:38:42
5013,3805,11394,0,2026-07-01 18:38:42
5014,3806,1326,0,2026-07-01 18:38:42
5015,3806,2933,0,2026-07-01 18:38:42
5016,3806,5059,0,2026-07-01 18:38:42
5017,3807,16575,0,2026-07-01 18:38:42
5018,3807,2570,0,2026-07-01 18:38:42
5019,3808,16142,0,2026-07-01 18:38:42
5020,3809,13232,0,2026-07-01 18:38:42
5021,3809,7448,0,2026-07-01 18:38:42
5022,3809,15175,0,2026-07-01 18:38:42
5023,3809,15976,0,2026-07-01 18:38:42
5024,3811,7270,0,2026-07-01 18:38:42
5025,3811,3381,0,2026-07-01 18:38:42
5026,3811,8191,0,2026-07-01 18:38:42
5027,3812,7270,0,2026-07-01 18:38:42
5028,3815,5583,0,2026-07-01 18:38:42
5029,3815,8646,0,2026-07-01 18:38:42
5030,3815,12784,0,2026-07-01 18:38:42
5031,3816,17082,0,2026-07-01 18:38:42
5032,3816,16175,0,2026-07-01 18:38:42
5033,3818,8052,0,2026-07-01 18:38:42
5034,3818,7326,0,2026-07-01 18:38:42
5035,3819,7395,0,2026-07-01 18:38:42
5036,3819,15726,0,2026-07-01 18:38:42
5037,3819,6365,0,2026-07-01 18:38:42
5038,3819,18968,0,2026-07-01 18:38:42
5039,3820,18330,0,2026-07-01 18:38:42
5040,3820,16206,0,2026-07-01 18:38:42
5041,3820,12394,0,2026-07-01 18:38:42
5042,3822,17484,0,2026-07-01 18:38:42
5043,3822,3599,0,2026-07-01 18:38:42
5044,3822,17485,0,2026-07-01 18:38:42
5045,3822,17503,0,2026-07-01 18:38:42
5046,3825,18455,0,2026-07-01 18:38:42
5047,3826,1877,0,2026-07-01 18:38:42
5048,3827,12284,0,2026-07-01 18:38:42
5049,3827,17419,0,2026-07-01 18:38:42
5050,3827,18206,0,2026-07-01 18:38:42
5051,3828,12284,0,2026-07-01 18:38:42
5052,3828,18989,0,2026-07-01 18:38:42
5053,3828,18990,0,2026-07-01 18:38:42
5054,3828,18206,0,2026-07-01 18:38:42
5055,3828,17419,0,2026-07-01 18:38:42
5056,3829,3157,0,2026-07-01 18:38:42
5057,3829,6407,0,2026-07-01 18:38:42
5058,3830,9175,0,2026-07-01 18:38:42
5059,3831,5457,0,2026-07-01 18:38:42
5060,3832,11974,0,2026-07-01 18:38:42
5061,3832,18616,0,2026-07-01 18:38:42
5062,3832,12968,0,2026-07-01 18:38:42
5063,3832,15826,0,2026-07-01 18:38:42
5064,3834,12284,0,2026-07-01 18:38:42
5065,3834,17419,0,2026-07-01 18:38:42
5066,3834,17415,0,2026-07-01 18:38:42
5067,3835,10609,0,2026-07-01 18:38:42
5068,3836,13553,0,2026-07-01 18:38:42
5069,3837,6246,0,2026-07-01 18:38:42
5070,3837,11510,0,2026-07-01 18:38:42
5071,3837,957,0,2026-07-01 18:38:42
5072,3838,810,0,2026-07-01 18:38:42
5073,3838,8848,0,2026-07-01 18:38:42
5074,3838,7539,0,2026-07-01 18:38:42
5075,3838,17544,0,2026-07-01 18:38:42
5076,3839,15720,0,2026-07-01 18:38:42
5077,3839,17330,0,2026-07-01 18:38:42
5078,3840,5129,0,2026-07-01 18:38:42
5079,3840,5965,0,2026-07-01 18:38:42
5080,3840,18385,0,2026-07-01 18:38:42
5081,3841,4714,0,2026-07-01 18:38:42
5082,3841,5129,0,2026-07-01 18:38:42
5083,3841,16351,0,2026-07-01 18:38:42
5084,3841,18385,0,2026-07-01 18:38:42
5085,3842,9508,0,2026-07-01 18:38:42
5086,3842,15824,0,2026-07-01 18:38:42
5087,3843,17655,0,2026-07-01 18:38:42
5088,3843,18827,0,2026-07-01 18:38:42
5089,3844,17655,0,2026-07-01 18:38:42
5090,3844,18827,0,2026-07-01 18:38:42
5091,3847,18991,0,2026-07-01 18:38:42
5092,3849,10182,0,2026-07-01 18:38:42
5093,3853,422,0,2026-07-01 18:38:42
5094,3853,1651,0,2026-07-01 18:38:42
5095,3853,2249,0,2026-07-01 18:38:42
5096,3853,13377,0,2026-07-01 18:38:42
5097,3855,4427,0,2026-07-01 18:38:42
5098,3855,11033,0,2026-07-01 18:38:42
5099,3856,14300,0,2026-07-01 18:38:42
5100,3856,15229,0,2026-07-01 18:38:42
5101,3856,13543,0,2026-07-01 18:38:42
5102,3858,9781,0,2026-07-01 18:38:42
5103,3858,10641,0,2026-07-01 18:38:42
5104,3858,11111,0,2026-07-01 18:38:42
5105,3859,8191,0,2026-07-01 18:38:42
5106,3860,8191,0,2026-07-01 18:38:42
5107,3860,18345,0,2026-07-01 18:38:42
5108,3862,17419,0,2026-07-01 18:38:42
5109,3862,18006,0,2026-07-01 18:38:42
5110,3862,18993,0,2026-07-01 18:38:42
5111,3862,18994,0,2026-07-01 18:38:42
5112,3862,18995,0,2026-07-01 18:38:42
5113,3863,8191,0,2026-07-01 18:38:42
5114,3863,15160,0,2026-07-01 18:38:42
5115,3865,7457,0,2026-07-01 18:38:42
5116,3865,8421,0,2026-07-01 18:38:42
5117,3865,9044,0,2026-07-01 18:38:42
5118,3865,10402,0,2026-07-01 18:38:42
5119,3869,17229,0,2026-07-01 18:38:42
5120,3869,18997,0,2026-07-01 18:38:42
5121,3869,18998,0,2026-07-01 18:38:42
5122,3870,18758,0,2026-07-01 18:38:42
5123,3870,18999,0,2026-07-01 18:38:42
5124,3870,19000,0,2026-07-01 18:38:42
5125,3870,19001,0,2026-07-01 18:38:42
5126,3871,16522,0,2026-07-01 18:38:42
5127,3873,19037,0,2026-07-01 18:38:42
5128,3873,18995,0,2026-07-01 18:38:42
5129,3873,18006,0,2026-07-01 18:38:42
5130,3874,8158,0,2026-07-01 18:38:42
5131,3874,12244,0,2026-07-01 18:38:42
5132,3874,15496,0,2026-07-01 18:38:42
5133,3874,5143,0,2026-07-01 18:38:42
5134,3874,11108,0,2026-07-01 18:38:42
5135,3874,9109,0,2026-07-01 18:38:42
5136,3874,16733,0,2026-07-01 18:38:42
5137,3874,14178,0,2026-07-01 18:38:42
5138,3874,3243,0,2026-07-01 18:38:42
5139,3874,756,0,2026-07-01 18:38:42
5140,3874,11933,0,2026-07-01 18:38:42
5141,3875,11381,0,2026-07-01 18:38:42
5142,3875,10645,0,2026-07-01 18:38:42
5143,3875,18055,0,2026-07-01 18:38:42
5144,3875,16035,0,2026-07-01 18:38:42
5145,3876,10771,0,2026-07-01 18:38:42
5146,3876,12229,0,2026-07-01 18:38:42
5147,3877,12980,0,2026-07-01 18:38:42
5148,3877,14852,0,2026-07-01 18:38:42
5149,3877,16944,0,2026-07-01 18:38:42
5150,3878,7770,0,2026-07-01 18:38:42
5151,3878,14761,0,2026-07-01 18:38:42
5152,3878,17185,0,2026-07-01 18:38:42
5153,3882,19052,0,2026-07-01 18:38:42
5154,3882,17393,0,2026-07-01 18:38:42
5155,3882,7878,0,2026-07-01 18:38:42
5156,3888,410,0,2026-07-01 18:38:42
5157,3888,2732,0,2026-07-01 18:38:42
5158,3888,7158,0,2026-07-01 18:38:42
5159,3888,13394,0,2026-07-01 18:38:42
5160,4438,953,0,2026-07-01 18:38:42
5161,4438,15142,0,2026-07-01 18:38:42
5162,4438,15143,0,2026-07-01 18:38:42
5163,4438,17738,0,2026-07-01 18:38:42
5164,4438,3453,0,2026-07-01 18:38:42
5165,4438,280,0,2026-07-01 18:38:42
5166,4438,19137,0,2026-07-01 18:38:42
5167,4438,17286,0,2026-07-01 18:38:42
5168,4438,17777,0,2026-07-01 18:38:42
5169,4441,13744,0,2026-07-01 18:38:42
5170,4441,11945,0,2026-07-01 18:38:42
5171,4441,18736,0,2026-07-01 18:38:42
5172,4447,838,0,2026-07-01 18:38:42
5173,4447,17771,0,2026-07-01 18:38:42
5174,4448,18841,0,2026-07-01 18:38:42
5175,4448,8909,0,2026-07-01 18:38:42
5176,4472,15333,0,2026-07-01 18:38:42
5177,4472,1145,0,2026-07-01 18:38:42
5178,4472,2702,0,2026-07-01 18:38:42
5179,4496,15579,0,2026-07-01 18:38:42
5180,4497,6935,0,2026-07-01 18:38:42
5181,4497,9083,0,2026-07-01 18:38:42
5182,4497,5273,0,2026-07-01 18:38:42
5183,4497,14545,0,2026-07-01 18:38:42
5184,4498,5527,0,2026-07-01 18:38:42
5185,4498,6610,0,2026-07-01 18:38:42
5186,4498,5528,0,2026-07-01 18:38:42
5187,4498,18736,0,2026-07-01 18:38:42
5188,4498,6609,0,2026-07-01 18:38:42
5189,4499,19076,0,2026-07-01 18:38:42
5190,4499,12714,0,2026-07-01 18:38:42
5191,4499,19077,0,2026-07-01 18:38:42
5192,4499,17716,0,2026-07-01 18:38:42
5193,4499,19078,0,2026-07-01 18:38:42
5194,4499,18700,0,2026-07-01 18:38:42
5195,4500,2316,0,2026-07-01 18:38:42
5196,4500,2853,0,2026-07-01 18:38:42
5197,4500,2315,0,2026-07-01 18:38:42
5198,4500,19079,0,2026-07-01 18:38:42
5199,4500,19080,0,2026-07-01 18:38:42
5200,4500,18700,0,2026-07-01 18:38:42
5201,4501,19004,0,2026-07-01 18:38:42
5202,4501,19081,0,2026-07-01 18:38:42
5203,4501,19082,0,2026-07-01 18:38:42
5204,4502,19006,0,2026-07-01 18:38:42
5205,4502,17392,0,2026-07-01 18:38:42
5206,4502,19083,0,2026-07-01 18:38:42
5207,4502,18692,0,2026-07-01 18:38:42
5208,4502,19084,0,2026-07-01 18:38:42
5209,4502,19085,0,2026-07-01 18:38:42
5210,4502,19033,0,2026-07-01 18:38:42
5211,4502,17393,0,2026-07-01 18:38:42
5212,4502,19086,0,2026-07-01 18:38:42
5213,4502,19052,0,2026-07-01 18:38:42
5214,4503,19087,0,2026-07-01 18:38:42
5215,4503,17364,0,2026-07-01 18:38:42
5216,4503,19088,0,2026-07-01 18:38:42
5217,4503,1030,0,2026-07-01 18:38:42
5218,4503,19089,0,2026-07-01 18:38:42
5219,4503,19090,0,2026-07-01 18:38:42
5220,4503,18341,0,2026-07-01 18:38:42
5221,4503,7206,0,2026-07-01 18:38:42
5222,4503,19091,0,2026-07-01 18:38:42
5223,4503,19092,0,2026-07-01 18:38:42
5224,4504,6120,0,2026-07-01 18:38:42
5225,4507,6314,0,2026-07-01 18:38:42
5226,4507,4426,0,2026-07-01 18:38:42
5227,4507,10700,0,2026-07-01 18:38:42
5228,4507,14762,0,2026-07-01 18:38:42
5229,4507,6762,0,2026-07-01 18:38:42
5230,4508,369,0,2026-07-01 18:38:42
5231,4508,18481,0,2026-07-01 18:38:42
5232,4508,19093,0,2026-07-01 18:38:42
5233,4508,19094,0,2026-07-01 18:38:42
5234,4508,19095,0,2026-07-01 18:38:42
5235,4509,18428,0,2026-07-01 18:38:42
5236,4509,19096,0,2026-07-01 18:38:42
5237,4509,19004,0,2026-07-01 18:38:42
5238,4510,3139,0,2026-07-01 18:38:42
5239,4510,7873,0,2026-07-01 18:38:42
5240,4510,9659,0,2026-07-01 18:38:42
5241,4510,15156,0,2026-07-01 18:38:42
5242,4510,15429,0,2026-07-01 18:38:42
5243,4510,17777,0,2026-07-01 18:38:42
5244,4510,19098,0,2026-07-01 18:38:42
5245,4510,19099,0,2026-07-01 18:38:42
5246,4510,19100,0,2026-07-01 18:38:42
5247,4510,19101,0,2026-07-01 18:38:42
5248,4511,19104,0,2026-07-01 18:38:42
5249,4511,19105,0,2026-07-01 18:38:42
5250,4513,8884,0,2026-07-01 18:38:42
5251,4513,19109,0,2026-07-01 18:38:42
5252,4513,19110,0,2026-07-01 18:38:42
5253,4513,19111,0,2026-07-01 18:38:42
5254,4513,19112,0,2026-07-01 18:38:42
5255,4514,8287,0,2026-07-01 18:38:42
5256,4514,19118,0,2026-07-01 18:38:42
5257,4514,19119,0,2026-07-01 18:38:42
5258,4514,8196,0,2026-07-01 18:38:42
5259,4514,3381,0,2026-07-01 18:38:42
5260,4514,7269,0,2026-07-01 18:38:42
5261,4514,17777,0,2026-07-01 18:38:42
5262,4515,2297,0,2026-07-01 18:38:42
5263,4516,14389,0,2026-07-01 18:38:42
5264,4516,17286,0,2026-07-01 18:38:42
5265,4516,17378,0,2026-07-01 18:38:42
5266,4516,17777,0,2026-07-01 18:38:42
5267,4516,19117,0,2026-07-01 18:38:42
5268,4516,19121,0,2026-07-01 18:38:42
5269,4516,19122,0,2026-07-01 18:38:42
5270,4516,19124,0,2026-07-01 18:38:42
5271,4516,19126,0,2026-07-01 18:38:42
5272,4517,19105,0,2026-07-01 18:38:42
5273,4517,19125,0,2026-07-01 18:38:42
5274,4518,19127,0,2026-07-01 18:38:42
5275,4518,19128,0,2026-07-01 18:38:42
5276,4518,19129,0,2026-07-01 18:38:42
5277,4518,17378,0,2026-07-01 18:38:42
5278,4518,17777,0,2026-07-01 18:38:42
5279,4518,15429,0,2026-07-01 18:38:42
5280,4518,19130,0,2026-07-01 18:38:42
5281,4519,17484,0,2026-07-01 18:38:42
5282,4519,3599,0,2026-07-01 18:38:42
5283,4519,17513,0,2026-07-01 18:38:42
5284,4519,19136,0,2026-07-01 18:38:42
5285,4520,4061,0,2026-07-01 18:38:42
5286,4522,14368,0,2026-07-01 18:38:42
5287,4523,4269,0,2026-07-01 18:38:42
5288,4524,2913,0,2026-07-01 18:38:42
5289,4524,3259,0,2026-07-01 18:38:42
5290,4525,2756,0,2026-07-01 18:38:42
5291,4525,2997,0,2026-07-01 18:38:42
5292,4526,2326,0,2026-07-01 18:38:42
5293,4526,7165,0,2026-07-01 18:38:42
5294,4526,3113,0,2026-07-01 18:38:42
5295,4526,14821,0,2026-07-01 18:38:42
5296,4526,19138,0,2026-07-01 18:38:42
5297,4527,8287,0,2026-07-01 18:38:42
5298,4527,13709,0,2026-07-01 18:38:42
5299,4527,15280,0,2026-07-01 18:38:42
5300,4528,17378,0,2026-07-01 18:38:42
5301,4528,19139,0,2026-07-01 18:38:42
5302,4528,19140,0,2026-07-01 18:38:42
5303,4529,344,0,2026-07-01 18:38:42
5304,4529,3622,0,2026-07-01 18:38:42
5305,4529,11739,0,2026-07-01 18:38:42
5306,4529,16417,0,2026-07-01 18:38:42
5307,4529,18071,0,2026-07-01 18:38:42
5308,4531,36,0,2026-07-01 18:38:42
5309,4531,4648,0,2026-07-01 18:38:42
5310,4532,17378,0,2026-07-01 18:38:42
5311,4532,18071,0,2026-07-01 18:38:42
5312,4533,2991,0,2026-07-01 18:38:42
5313,4533,19150,0,2026-07-01 18:38:42
5314,4534,19151,0,2026-07-01 18:38:42
5315,4534,12284,0,2026-07-01 18:38:42
5316,4534,19152,0,2026-07-01 18:38:42
5317,4534,14583,0,2026-07-01 18:38:42
5318,4535,17484,0,2026-07-01 18:38:42
5319,4535,3599,0,2026-07-01 18:38:42
5320,4535,17513,0,2026-07-01 18:38:42
5321,4535,17485,0,2026-07-01 18:38:42
5322,4536,19158,0,2026-07-01 18:38:42
5323,4536,19159,0,2026-07-01 18:38:42
5324,4536,19160,0,2026-07-01 18:38:42
5325,4537,7269,0,2026-07-01 18:38:42
5326,4537,8196,0,2026-07-01 18:38:42
5327,4537,17286,0,2026-07-01 18:38:42
5328,4538,5958,0,2026-07-01 18:38:42
5329,4538,9736,0,2026-07-01 18:38:42
5330,4538,15156,0,2026-07-01 18:38:42
5331,4538,12589,0,2026-07-01 18:38:42
5332,4538,17777,0,2026-07-01 18:38:42
5333,4538,19165,0,2026-07-01 18:38:42
5334,4541,17388,0,2026-07-01 18:38:42
5335,4541,17777,0,2026-07-01 18:38:42
5336,4541,3635,0,2026-07-01 18:38:42
5337,4541,8287,0,2026-07-01 18:38:42
5338,4542,5681,0,2026-07-01 18:38:42
5339,4542,17362,0,2026-07-01 18:38:42
5340,4543,672,0,2026-07-01 18:38:42
5341,4544,19169,0,2026-07-01 18:38:42
5342,4544,17378,0,2026-07-01 18:38:42
5343,4545,19170,0,2026-07-01 18:38:42
5344,4545,17378,0,2026-07-01 18:38:42
5345,4546,15280,0,2026-07-01 18:38:42
5346,4546,423,0,2026-07-01 18:38:42
5347,4547,11718,0,2026-07-01 18:38:42
5348,4547,19171,0,2026-07-01 18:38:42
5349,4547,19117,0,2026-07-01 18:38:42
5350,4548,17378,0,2026-07-01 18:38:42
5351,4549,8287,0,2026-07-01 18:38:42
5352,4549,13709,0,2026-07-01 18:38:42
5353,4549,19117,0,2026-07-01 18:38:42
5354,4550,8287,0,2026-07-01 18:38:42
5355,4550,15280,0,2026-07-01 18:38:42
5356,4550,19117,0,2026-07-01 18:38:42
5357,4550,17777,0,2026-07-01 18:38:42
5358,4551,11095,0,2026-07-01 18:38:42
5359,4551,4419,0,2026-07-01 18:38:42
5360,4552,8287,0,2026-07-01 18:38:42
5361,4552,19117,0,2026-07-01 18:38:42
5362,4552,15280,0,2026-07-01 18:38:42
5363,4553,19173,0,2026-07-01 18:38:42
5364,4553,15429,0,2026-07-01 18:38:42
5365,4553,19174,0,2026-07-01 18:38:42
5366,4553,19175,0,2026-07-01 18:38:42
5367,4553,19176,0,2026-07-01 18:38:42
5368,4554,17895,0,2026-07-01 18:38:42
5369,4554,19177,0,2026-07-01 18:38:42
5370,4554,19178,0,2026-07-01 18:38:42
5371,4554,14035,0,2026-07-01 18:38:42
5372,4555,19158,0,2026-07-01 18:38:42
5373,4555,19159,0,2026-07-01 18:38:42
5374,4555,12375,0,2026-07-01 18:38:42
5375,4555,17777,0,2026-07-01 18:38:42
5376,4556,8196,0,2026-07-01 18:38:42
5377,4556,3381,0,2026-07-01 18:38:42
5378,4556,19119,0,2026-07-01 18:38:42
5379,4556,17286,0,2026-07-01 18:38:42
5380,4557,8287,0,2026-07-01 18:38:42
5381,4557,13709,0,2026-07-01 18:38:42
5382,4557,19117,0,2026-07-01 18:38:42
5383,4557,15280,0,2026-07-01 18:38:42
5384,4557,17777,0,2026-07-01 18:38:42
5385,4558,19117,0,2026-07-01 18:38:42
5386,4558,8196,0,2026-07-01 18:38:42
5387,4558,2915,0,2026-07-01 18:38:42
5388,4558,8287,0,2026-07-01 18:38:42
5389,4560,19158,0,2026-07-01 18:38:42
5390,4560,19183,0,2026-07-01 18:38:42
5391,4560,19184,0,2026-07-01 18:38:42
5392,4561,3381,0,2026-07-01 18:38:42
5393,4561,7269,0,2026-07-01 18:38:42
5394,4562,19158,0,2026-07-01 18:38:42
5395,4562,19183,0,2026-07-01 18:38:42
5396,4562,19184,0,2026-07-01 18:38:42
5397,4563,10622,0,2026-07-01 18:38:42
5398,4563,19185,0,2026-07-01 18:38:42
5399,4563,19186,0,2026-07-01 18:38:42
5400,4563,19117,0,2026-07-01 18:38:42
5401,4564,3657,0,2026-07-01 18:38:42
5402,4564,19187,0,2026-07-01 18:38:42
5403,4564,19117,0,2026-07-01 18:38:42
5404,4564,17777,0,2026-07-01 18:38:42
5405,4565,19117,0,2026-07-01 18:38:42
5406,4565,6400,0,2026-07-01 18:38:42
5407,4565,8287,0,2026-07-01 18:38:42
5408,4565,18071,0,2026-07-01 18:38:42
5409,4565,2915,0,2026-07-01 18:38:42
5410,4566,18071,0,2026-07-01 18:38:42
5411,4566,19117,0,2026-07-01 18:38:42
5412,4566,19119,0,2026-07-01 18:38:42
5413,4567,19188,0,2026-07-01 18:38:42
5414,4567,3044,0,2026-07-01 18:38:42
5415,4568,15156,0,2026-07-01 18:38:42
5416,4568,17303,0,2026-07-01 18:38:42
5417,4568,19117,0,2026-07-01 18:38:42
5418,4569,19193,0,2026-07-01 18:38:42
5419,4569,19194,0,2026-07-01 18:38:42
5420,4570,19195,0,2026-07-01 18:38:42
5421,4570,19196,0,2026-07-01 18:38:42
5422,4571,3599,0,2026-07-01 18:38:42
5423,4572,19202,0,2026-07-01 18:38:42
5424,4572,19203,0,2026-07-01 18:38:42
5425,4572,17777,0,2026-07-01 18:38:42
5426,4573,19207,0,2026-07-01 18:38:42
5427,4574,19210,0,2026-07-01 18:38:42
5428,4575,19211,0,2026-07-01 18:38:42
5429,4575,14582,0,2026-07-01 18:38:42
5430,4575,19212,0,2026-07-01 18:38:42
5431,4575,17777,0,2026-07-01 18:38:42
5432,4576,18991,0,2026-07-01 18:38:42
5433,4577,5670,0,2026-07-01 18:38:42
5434,4577,17378,0,2026-07-01 18:38:42
5435,4577,17777,0,2026-07-01 18:38:42
5436,4577,15429,0,2026-07-01 18:38:42
5437,4578,8664,0,2026-07-01 18:38:42
5438,4578,17751,0,2026-07-01 18:38:42
5439,4579,13638,0,2026-07-01 18:38:42
5440,4580,9726,0,2026-07-01 18:38:42
5441,4581,14683,0,2026-07-01 18:38:42
5442,4581,12375,0,2026-07-01 18:38:42
5443,4581,17777,0,2026-07-01 18:38:42
5444,4581,8803,0,2026-07-01 18:38:42
5445,4581,17303,0,2026-07-01 18:38:42
5446,4582,16423,0,2026-07-01 18:38:42
5447,4582,3433,0,2026-07-01 18:38:42
5448,4582,19117,0,2026-07-01 18:38:42
5449,4582,16213,0,2026-07-01 18:38:42
5450,4585,6299,0,2026-07-01 18:38:42
5451,4587,15429,0,2026-07-01 18:38:42
5452,4587,17777,0,2026-07-01 18:38:42
5453,4587,19219,0,2026-07-01 18:38:42
5454,4588,7006,0,2026-07-01 18:38:42
5455,4588,16776,0,2026-07-01 18:38:42
5456,4588,17511,0,2026-07-01 18:38:42
5457,4590,19220,0,2026-07-01 18:38:42
5458,4590,19221,0,2026-07-01 18:38:42
5459,4590,19222,0,2026-07-01 18:38:42
5460,4590,19223,0,2026-07-01 18:38:42
5461,4592,19224,0,2026-07-01 18:38:42
5462,4592,19225,0,2026-07-01 18:38:42
5463,4592,19226,0,2026-07-01 18:38:42
5464,4592,19123,0,2026-07-01 18:38:42
5465,4594,6427,0,2026-07-01 18:38:42
5466,4594,7989,0,2026-07-01 18:38:42
5467,4594,13080,0,2026-07-01 18:38:42
5468,4594,17328,0,2026-07-01 18:38:42
5469,4595,19184,0,2026-07-01 18:38:42
5470,4595,19227,0,2026-07-01 18:38:42
5471,4597,19229,0,2026-07-01 18:38:42
5472,4597,19230,0,2026-07-01 18:38:42
5473,4598,13387,0,2026-07-01 18:38:42
5474,4599,17916,0,2026-07-01 18:38:42
5475,4599,15429,0,2026-07-01 18:38:42
5476,4599,3484,0,2026-07-01 18:38:42
5477,4599,19170,0,2026-07-01 18:38:42
5478,4599,10910,0,2026-07-01 18:38:42
5479,4599,12284,0,2026-07-01 18:38:42
5480,4600,19117,0,2026-07-01 18:38:42
5481,4600,6400,0,2026-07-01 18:38:42
5482,4600,8287,0,2026-07-01 18:38:42
5483,4600,18071,0,2026-07-01 18:38:42
5484,4600,2915,0,2026-07-01 18:38:42
5485,4601,17862,0,2026-07-01 18:38:42
5486,4601,19234,0,2026-07-01 18:38:42
5487,4601,19235,0,2026-07-01 18:38:42
5488,4602,19117,0,2026-07-01 18:38:42
5489,4602,18071,0,2026-07-01 18:38:42
5490,4602,18950,0,2026-07-01 18:38:42
5491,4604,19236,0,2026-07-01 18:38:42
5492,4605,18071,0,2026-07-01 18:38:42
5493,4605,19117,0,2026-07-01 18:38:42
5494,4606,5354,0,2026-07-01 18:38:42
5495,4606,7479,0,2026-07-01 18:38:42
5496,4606,17106,0,2026-07-01 18:38:42
5497,4606,3639,0,2026-07-01 18:38:42
5498,4607,8196,0,2026-07-01 18:38:42
5499,4607,19117,0,2026-07-01 18:38:42
5500,4607,18071,0,2026-07-01 18:38:42
5501,4607,18950,0,2026-07-01 18:38:42
5502,4608,8196,0,2026-07-01 18:38:42
5503,4608,17286,0,2026-07-01 18:38:42
5504,4608,19118,0,2026-07-01 18:38:42
5505,4608,15997,0,2026-07-01 18:38:42
5506,4609,8038,0,2026-07-01 18:38:42
5507,4609,2745,0,2026-07-01 18:38:42
5508,4609,13535,0,2026-07-01 18:38:42
5509,4609,1567,0,2026-07-01 18:38:42
5510,4609,12678,0,2026-07-01 18:38:42
5511,4611,818,0,2026-07-01 18:38:42
5512,4611,1915,0,2026-07-01 18:38:42
5513,4611,3292,0,2026-07-01 18:38:42
5514,4611,9395,0,2026-07-01 18:38:42
5515,4611,11724,0,2026-07-01 18:38:42
5516,4611,12835,0,2026-07-01 18:38:42
5517,4611,14153,0,2026-07-01 18:38:42
5518,4611,17378,0,2026-07-01 18:38:42
5519,4611,19243,0,2026-07-01 18:38:42
5520,4611,423,0,2026-07-01 18:38:42
5521,4612,2824,0,2026-07-01 18:38:42
5522,4612,12240,0,2026-07-01 18:38:42
5523,4612,18022,0,2026-07-01 18:38:42
5524,4614,12375,0,2026-07-01 18:38:42
5525,4614,18191,0,2026-07-01 18:38:42
5526,4614,2720,0,2026-07-01 18:38:42
5527,4615,19119,0,2026-07-01 18:38:42
5528,4615,8196,0,2026-07-01 18:38:42
5529,4615,3381,0,2026-07-01 18:38:42
5530,4616,1735,0,2026-07-01 18:38:42
5531,4616,8191,0,2026-07-01 18:38:42
5532,4616,8196,0,2026-07-01 18:38:42
5533,4616,19184,0,2026-07-01 18:38:42
5534,4616,19245,0,2026-07-01 18:38:42
5535,4616,19246,0,2026-07-01 18:38:42
5536,4616,12576,0,2026-07-01 18:38:42
5537,4616,17377,0,2026-07-01 18:38:42
5538,4616,19256,0,2026-07-01 18:38:42
5539,4616,18916,0,2026-07-01 18:38:42
5540,4618,19254,0,2026-07-01 18:38:42
5541,4618,19255,0,2026-07-01 18:38:42
5542,4620,19262,0,2026-07-01 18:38:42
5543,4620,17378,0,2026-07-01 18:38:42
5544,4621,15280,0,2026-07-01 18:38:42
5545,4621,19117,0,2026-07-01 18:38:42
5546,4623,17281,0,2026-07-01 18:38:42
5547,4623,3476,0,2026-07-01 18:38:42
5548,4624,6400,0,2026-07-01 18:38:42
5549,4624,19117,0,2026-07-01 18:38:42
5550,4624,18071,0,2026-07-01 18:38:42
5551,4624,19119,0,2026-07-01 18:38:42
5552,4624,2915,0,2026-07-01 18:38:42
5553,4624,17565,0,2026-07-01 18:38:42
5554,4624,15429,0,2026-07-01 18:38:42
5555,4624,17765,0,2026-07-01 18:38:42
5556,4625,17309,0,2026-07-01 18:38:42
5557,4625,19117,0,2026-07-01 18:38:42
5558,4625,19232,0,2026-07-01 18:38:42
5559,4626,12375,0,2026-07-01 18:38:42
5560,4626,18051,0,2026-07-01 18:38:42
5561,4626,15429,0,2026-07-01 18:38:42
5562,4627,2720,0,2026-07-01 18:38:42
5563,4627,18191,0,2026-07-01 18:38:42
5564,4627,19117,0,2026-07-01 18:38:42
5565,4628,2720,0,2026-07-01 18:38:42
5566,4628,12375,0,2026-07-01 18:38:42
5567,4628,19232,0,2026-07-01 18:38:42
5568,4629,8803,0,2026-07-01 18:38:42
5569,4629,14683,0,2026-07-01 18:38:42
5570,4630,19117,0,2026-07-01 18:38:42
5571,4630,19232,0,2026-07-01 18:38:42
5572,4637,19244,0,2026-07-01 18:38:42
5573,4637,818,0,2026-07-01 18:38:42
5574,4637,13622,0,2026-07-01 18:38:42
5575,4637,14632,0,2026-07-01 18:38:42
5576,4637,8287,0,2026-07-01 18:38:42
5577,4637,17589,0,2026-07-01 18:38:42
5578,4637,1163,0,2026-07-01 18:38:42
5579,4637,13709,0,2026-07-01 18:38:42
5580,4637,8191,0,2026-07-01 18:38:42
5581,4637,5158,0,2026-07-01 18:38:42
5582,4638,19244,0,2026-07-01 18:38:42
5583,4638,425,0,2026-07-01 18:38:42
5584,4638,19289,0,2026-07-01 18:38:42
5585,4638,15909,0,2026-07-01 18:38:42
5586,4638,1163,0,2026-07-01 18:38:42
5587,4638,13709,0,2026-07-01 18:38:42
5588,4638,18012,0,2026-07-01 18:38:42
5589,4638,8191,0,2026-07-01 18:38:42
5590,4638,12576,0,2026-07-01 18:38:42
5591,4638,19290,0,2026-07-01 18:38:42
5592,4641,3599,0,2026-07-01 18:38:42
5593,4641,17484,0,2026-07-01 18:38:42
5594,4641,17513,0,2026-07-01 18:38:42
5595,4642,18655,0,2026-07-01 18:38:42
5596,4642,12284,0,2026-07-01 18:38:42
5597,4644,19299,0,2026-07-01 18:38:42
5598,4644,19245,0,2026-07-01 18:38:42
5599,4644,19246,0,2026-07-01 18:38:42
5600,4644,18835,0,2026-07-01 18:38:42
5601,4644,19147,0,2026-07-01 18:38:42
5602,4646,3622,0,2026-07-01 18:38:42
5603,4646,14683,0,2026-07-01 18:38:42
5604,4646,15156,0,2026-07-01 18:38:42
5605,4646,19189,0,2026-07-01 18:38:42
5606,4646,19226,0,2026-07-01 18:38:42
5607,4646,19300,0,2026-07-01 18:38:42
5608,4646,8804,0,2026-07-01 18:38:42
5609,4646,19117,0,2026-07-01 18:38:42
5610,4646,17303,0,2026-07-01 18:38:42
5611,4648,12375,0,2026-07-01 18:38:42
5612,4648,3622,0,2026-07-01 18:38:42
5613,4648,15156,0,2026-07-01 18:38:42
5614,4648,19301,0,2026-07-01 18:38:42
5615,4648,3036,0,2026-07-01 18:38:42
5616,4648,19117,0,2026-07-01 18:38:42
5617,4648,19302,0,2026-07-01 18:38:42
5618,4649,19303,0,2026-07-01 18:38:42
5619,4649,19304,0,2026-07-01 18:38:42
5620,4650,11807,0,2026-07-01 18:38:42
5621,4650,8532,0,2026-07-01 18:38:42
5622,4650,14341,0,2026-07-01 18:38:42
5623,4650,1870,0,2026-07-01 18:38:42
5624,4651,4125,0,2026-07-01 18:38:42
5625,4651,12448,0,2026-07-01 18:38:42
5626,4651,12132,0,2026-07-01 18:38:42
5627,4651,19305,0,2026-07-01 18:38:42
5628,4651,14683,0,2026-07-01 18:38:42
5629,4652,19306,0,2026-07-01 18:38:42
5630,4652,19307,0,2026-07-01 18:38:42
5631,4652,3285,0,2026-07-01 18:38:42
5632,4653,19129,0,2026-07-01 18:38:42
5633,4653,19308,0,2026-07-01 18:38:42
5634,4653,19309,0,2026-07-01 18:38:42
5635,4660,19318,0,2026-07-01 18:38:42
5636,4660,15156,0,2026-07-01 18:38:42
5637,4661,18870,0,2026-07-01 18:38:42
5638,4661,17028,0,2026-07-01 18:38:42
5639,4661,15728,0,2026-07-01 18:38:42
5640,4661,19309,0,2026-07-01 18:38:42
5641,4661,13893,0,2026-07-01 18:38:42
5642,4661,17015,0,2026-07-01 18:38:42
5643,4661,15860,0,2026-07-01 18:38:42
5644,4661,16583,0,2026-07-01 18:38:42
5645,4662,17290,0,2026-07-01 18:38:42
5646,4663,18151,0,2026-07-01 18:38:42
5647,4663,19323,0,2026-07-01 18:38:42
5648,4663,17303,0,2026-07-01 18:38:42
5649,4663,19324,0,2026-07-01 18:38:42
5650,4663,19325,0,2026-07-01 18:38:42
5651,4664,19326,0,2026-07-01 18:38:42
5652,4664,19327,0,2026-07-01 18:38:42
5653,4664,17378,0,2026-07-01 18:38:42
5654,4664,19328,0,2026-07-01 18:38:42
5655,4664,17777,0,2026-07-01 18:38:42
5656,4666,19331,0,2026-07-01 18:38:42
5657,4666,19332,0,2026-07-01 18:38:42
5658,4667,19159,0,2026-07-01 18:38:42
5659,4667,19184,0,2026-07-01 18:38:42
5660,4667,19334,0,2026-07-01 18:38:42
5661,4667,17290,0,2026-07-01 18:38:42
5662,4668,19335,0,2026-07-01 18:38:42
5663,4668,16002,0,2026-07-01 18:38:42
5664,4668,19117,0,2026-07-01 18:38:42
5665,4668,17777,0,2026-07-01 18:38:42
5666,4669,17777,0,2026-07-01 18:38:42
5667,4669,19336,0,2026-07-01 18:38:42
5668,4669,19337,0,2026-07-01 18:38:42
5669,4670,19335,0,2026-07-01 18:38:42
5670,4670,19170,0,2026-07-01 18:38:42
5671,4670,15429,0,2026-07-01 18:38:42
5672,4670,17777,0,2026-07-01 18:38:42
5673,4670,19343,0,2026-07-01 18:38:42
5674,4671,19344,0,2026-07-01 18:38:42
5675,4672,15280,0,2026-07-01 18:38:42
5676,4672,19345,0,2026-07-01 18:38:42
5677,4672,17781,0,2026-07-01 18:38:42
5678,4673,16116,0,2026-07-01 18:38:42
5679,4673,19325,0,2026-07-01 18:38:42
5680,4673,18051,0,2026-07-01 18:38:42
5681,4674,19044,0,2026-07-01 18:38:42
5682,4675,19352,0,2026-07-01 18:38:42
5683,4675,19353,0,2026-07-01 18:38:42
5684,4676,15280,0,2026-07-01 18:38:42
5685,4676,19345,0,2026-07-01 18:38:42
5686,4676,19354,0,2026-07-01 18:38:42
5687,4679,19355,0,2026-07-01 18:38:42
5688,4679,14406,0,2026-07-01 18:38:42
5689,4679,19356,0,2026-07-01 18:38:42
5690,4681,15280,0,2026-07-01 18:38:42
5691,4681,19117,0,2026-07-01 18:38:42
5692,4681,19354,0,2026-07-01 18:38:42
5693,4682,19360,0,2026-07-01 18:38:42
5694,4682,19044,0,2026-07-01 18:38:42
5695,4682,19361,0,2026-07-01 18:38:42
5696,4683,19360,0,2026-07-01 18:38:42
5697,4683,19044,0,2026-07-01 18:38:42
5698,4683,19361,0,2026-07-01 18:38:42
5699,4686,19343,0,2026-07-01 18:38:42
5700,4686,19362,0,2026-07-01 18:38:42
5701,4686,17410,0,2026-07-01 18:38:42
5702,4692,18226,0,2026-07-01 18:38:42
5703,4692,13887,0,2026-07-01 18:38:42
5704,4692,15542,0,2026-07-01 18:38:42
5705,4702,19276,0,2026-07-01 18:38:42
5706,4702,19367,0,2026-07-01 18:38:42
5707,4702,17309,0,2026-07-01 18:38:42
5708,4702,19246,0,2026-07-01 18:38:42
5709,4702,17377,0,2026-07-01 18:38:42
5710,4703,19335,0,2026-07-01 18:38:42
5711,4703,19226,0,2026-07-01 18:38:42
5712,4703,19316,0,2026-07-01 18:38:42
5713,4703,19117,0,2026-07-01 18:38:42
5714,4704,19378,0,2026-07-01 18:38:42
5715,4704,19379,0,2026-07-01 18:38:42
5716,4705,19333,0,2026-07-01 18:38:42
5717,4705,19380,0,2026-07-01 18:38:42
5718,4705,14153,0,2026-07-01 18:38:42
5719,4705,19381,0,2026-07-01 18:38:42
5720,4705,19289,0,2026-07-01 18:38:42
5721,4705,17813,0,2026-07-01 18:38:42
5722,4706,14336,0,2026-07-01 18:38:42
5723,4706,16157,0,2026-07-01 18:38:42
5724,4706,19311,0,2026-07-01 18:38:42
5725,4706,15572,0,2026-07-01 18:38:42
5726,4707,16001,0,2026-07-01 18:38:42
5727,4707,15026,0,2026-07-01 18:38:42
5728,4707,15863,0,2026-07-01 18:38:42
5729,4707,18588,0,2026-07-01 18:38:42
5730,4712,45,0,2026-07-01 18:38:42
5731,4712,13844,0,2026-07-01 18:38:42
5732,4712,14769,0,2026-07-01 18:38:42
5733,4712,15078,0,2026-07-01 18:38:42
5734,4712,17562,0,2026-07-01 18:38:42
5735,4713,16820,0,2026-07-01 18:38:42
5736,4713,16909,0,2026-07-01 18:38:42
5737,4713,14398,0,2026-07-01 18:38:42
5738,4714,14348,0,2026-07-01 18:38:42
5739,4714,18699,0,2026-07-01 18:38:42
5740,4715,19333,0,2026-07-01 18:38:42
5741,4716,19333,0,2026-07-01 18:38:42
5742,4718,13979,0,2026-07-01 18:38:42
5743,4718,18805,0,2026-07-01 18:38:42
5744,4718,16862,0,2026-07-01 18:38:42
5745,4718,17789,0,2026-07-01 18:38:42
5746,4718,16857,0,2026-07-01 18:38:42
5747,4722,16398,0,2026-07-01 18:38:42
5748,4722,19033,0,2026-07-01 18:38:42
5749,4722,18192,0,2026-07-01 18:38:42
5750,4724,19395,0,2026-07-01 18:38:42
5751,4724,19354,0,2026-07-01 18:38:42
5752,4724,19396,0,2026-07-01 18:38:42
5753,4725,19333,0,2026-07-01 18:38:42
5754,4726,19333,0,2026-07-01 18:38:42
5755,4727,17995,0,2026-07-01 18:38:42
5756,4727,18734,0,2026-07-01 18:38:42
5757,4727,19398,0,2026-07-01 18:38:42
5758,4727,19399,0,2026-07-01 18:38:42
5759,4727,19288,0,2026-07-01 18:38:42
5760,4729,15911,0,2026-07-01 18:38:42
5761,4729,16336,0,2026-07-01 18:38:42
5762,4729,17107,0,2026-07-01 18:38:42
5763,4729,19335,0,2026-07-01 18:38:42
5764,4733,19159,0,2026-07-01 18:38:42
5765,4733,19400,0,2026-07-01 18:38:42
5766,4734,15280,0,2026-07-01 18:38:42
5767,4734,19117,0,2026-07-01 18:38:42
5768,4735,15574,0,2026-07-01 18:38:42
5769,4735,15517,0,2026-07-01 18:38:42
5770,4736,19333,0,2026-07-01 18:38:42
5771,4737,14269,0,2026-07-01 18:38:42
5772,4737,19353,0,2026-07-01 18:38:42
5773,4738,19333,0,2026-07-01 18:38:42
5774,4739,19333,0,2026-07-01 18:38:42
5775,4740,19333,0,2026-07-01 18:38:42
5776,4741,19333,0,2026-07-01 18:38:42
5777,4742,18993,0,2026-07-01 18:38:42
5778,4744,19401,0,2026-07-01 18:38:42
5779,4744,19226,0,2026-07-01 18:38:42
5780,4746,19333,0,2026-07-01 18:38:42
5781,4750,19333,0,2026-07-01 18:38:42
5782,4754,18375,0,2026-07-01 18:38:42
5783,4754,14682,0,2026-07-01 18:38:42
5784,4754,14562,0,2026-07-01 18:38:42
5785,4754,15337,0,2026-07-01 18:38:42
5786,4764,19333,0,2026-07-01 18:38:42
5787,4766,19333,0,2026-07-01 18:38:42
5788,4772,19410,0,2026-07-01 18:38:42
5789,4772,19411,0,2026-07-01 18:38:42
5790,4772,19387,0,2026-07-01 18:38:42
5791,4773,19390,0,2026-07-01 18:38:42
5792,4773,19412,0,2026-07-01 18:38:42
5793,4774,19413,0,2026-07-01 18:38:42
5794,4774,19414,0,2026-07-01 18:38:42
5795,4775,19335,0,2026-07-01 18:38:42
5796,4775,19415,0,2026-07-01 18:38:42
5797,4780,14508,0,2026-07-01 18:38:42
5798,4780,14051,0,2026-07-01 18:38:42
5799,4780,19124,0,2026-07-01 18:38:42
5800,4781,19390,0,2026-07-01 18:38:42
5801,4781,17267,0,2026-07-01 18:38:42
5802,4781,19417,0,2026-07-01 18:38:42
5803,5,1141,0,2026-07-01 18:39:20
5804,5,2134,0,2026-07-01 18:39:20
5805,5,6534,0,2026-07-01 18:39:20
5806,12,7584,0,2026-07-01 18:39:20
5807,12,11845,0,2026-07-01 18:39:20
5808,12,17247,0,2026-07-01 18:39:20
5809,12,17261,0,2026-07-01 18:39:20
5810,12,17262,0,2026-07-01 18:39:20
5811,13,17263,0,2026-07-01 18:39:20
5812,13,3487,0,2026-07-01 18:39:20
5813,13,17264,0,2026-07-01 18:39:20
5814,13,7060,0,2026-07-01 18:39:20
5815,13,17265,0,2026-07-01 18:39:20
5816,16,17261,0,2026-07-01 18:39:20
5817,16,11845,0,2026-07-01 18:39:20
5818,16,7584,0,2026-07-01 18:39:20
5819,16,17247,0,2026-07-01 18:39:20
5820,16,275,0,2026-07-01 18:39:20
5821,16,17266,0,2026-07-01 18:39:20
5822,19,17261,0,2026-07-01 18:39:20
5823,19,11845,0,2026-07-01 18:39:20
5824,19,7584,0,2026-07-01 18:39:20
5825,19,17247,0,2026-07-01 18:39:20
5826,23,1351,0,2026-07-01 18:39:20
5827,23,183,0,2026-07-01 18:39:20
5828,23,12761,0,2026-07-01 18:39:20
5829,24,17271,0,2026-07-01 18:39:20
5830,25,1735,0,2026-07-01 18:39:20
5831,25,3381,0,2026-07-01 18:39:20
5832,25,7269,0,2026-07-01 18:39:20
5833,25,8196,0,2026-07-01 18:39:20
5834,25,17287,0,2026-07-01 18:39:20
5835,25,17288,0,2026-07-01 18:39:20
5836,25,17289,0,2026-07-01 18:39:20
5837,25,17341,0,2026-07-01 18:39:20
5838,27,1351,0,2026-07-01 18:39:20
5839,27,7584,0,2026-07-01 18:39:20
5840,27,7657,0,2026-07-01 18:39:20
5841,27,11845,0,2026-07-01 18:39:20
5842,27,12426,0,2026-07-01 18:39:20
5843,27,17247,0,2026-07-01 18:39:20
5844,27,17261,0,2026-07-01 18:39:20
5845,27,17273,0,2026-07-01 18:39:20
5846,27,17274,0,2026-07-01 18:39:20
5847,36,7,0,2026-07-01 18:39:20
5848,38,8908,0,2026-07-01 18:39:20
5849,38,3209,0,2026-07-01 18:39:20
5850,38,370,0,2026-07-01 18:39:20
5851,40,17294,0,2026-07-01 18:39:20
5852,41,4519,0,2026-07-01 18:39:20
5853,41,6528,0,2026-07-01 18:39:20
5854,41,14235,0,2026-07-01 18:39:20
5855,41,17293,0,2026-07-01 18:39:20
5856,41,17307,0,2026-07-01 18:39:20
5857,41,11247,0,2026-07-01 18:39:20
5858,42,17236,0,2026-07-01 18:39:20
5859,42,12,0,2026-07-01 18:39:20
5860,45,17309,0,2026-07-01 18:39:20
5861,45,17310,0,2026-07-01 18:39:20
5862,46,17311,0,2026-07-01 18:39:20
5863,46,11001,0,2026-07-01 18:39:20
5864,47,8329,0,2026-07-01 18:39:20
5865,47,11001,0,2026-07-01 18:39:20
5866,47,17314,0,2026-07-01 18:39:20
5867,60,17318,0,2026-07-01 18:39:20
5868,61,17319,0,2026-07-01 18:39:20
5869,62,13756,0,2026-07-01 18:39:20
5870,62,12198,0,2026-07-01 18:39:20
5871,62,14238,0,2026-07-01 18:39:20
5872,62,6528,0,2026-07-01 18:39:20
5873,62,6531,0,2026-07-01 18:39:20
5874,62,17328,0,2026-07-01 18:39:20
5875,62,17329,0,2026-07-01 18:39:20
5876,62,17330,0,2026-07-01 18:39:20
5877,63,7270,0,2026-07-01 18:39:20
5878,63,17325,0,2026-07-01 18:39:20
5879,63,8196,0,2026-07-01 18:39:20
5880,63,17320,0,2026-07-01 18:39:20
5881,63,17327,0,2026-07-01 18:39:20
5882,63,17288,0,2026-07-01 18:39:20
5883,63,1735,0,2026-07-01 18:39:20
5884,63,17289,0,2026-07-01 18:39:20
5885,64,121,0,2026-07-01 18:39:20
5886,67,7,0,2026-07-01 18:39:20
5887,67,17236,0,2026-07-01 18:39:20
5888,67,11,0,2026-07-01 18:39:20
5889,67,13,0,2026-07-01 18:39:20
5890,70,3983,0,2026-07-01 18:39:20
5891,70,5204,0,2026-07-01 18:39:20
5892,70,17342,0,2026-07-01 18:39:20
5893,91,17314,0,2026-07-01 18:39:20
5894,91,15017,0,2026-07-01 18:39:20
5895,91,14423,0,2026-07-01 18:39:20
5896,91,11001,0,2026-07-01 18:39:20
5897,91,5909,0,2026-07-01 18:39:20
5898,91,3045,0,2026-07-01 18:39:20
5899,91,11551,0,2026-07-01 18:39:20
5900,91,4803,0,2026-07-01 18:39:20
5901,91,3884,0,2026-07-01 18:39:20
5902,92,2871,0,2026-07-01 18:39:20
5903,92,2178,0,2026-07-01 18:39:20
5904,92,16317,0,2026-07-01 18:39:20
5905,92,17314,0,2026-07-01 18:39:20
5906,93,4517,0,2026-07-01 18:39:20
5907,98,17314,0,2026-07-01 18:39:20
5908,98,15017,0,2026-07-01 18:39:20
5909,98,8314,0,2026-07-01 18:39:20
5910,99,3635,0,2026-07-01 18:39:20
5911,99,3487,0,2026-07-01 18:39:20
5912,99,17229,0,2026-07-01 18:39:20
5913,100,17348,0,2026-07-01 18:39:20
5914,101,2720,0,2026-07-01 18:39:20
5915,101,6615,0,2026-07-01 18:39:20
5916,101,10450,0,2026-07-01 18:39:20
5917,101,17349,0,2026-07-01 18:39:20
5918,101,17350,0,2026-07-01 18:39:20
5919,102,15156,0,2026-07-01 18:39:20
5920,102,220,0,2026-07-01 18:39:20
5921,103,3381,0,2026-07-01 18:39:20
5922,103,7269,0,2026-07-01 18:39:20
5923,103,8196,0,2026-07-01 18:39:20
5924,103,9980,0,2026-07-01 18:39:20
5925,103,10622,0,2026-07-01 18:39:20
5926,103,17287,0,2026-07-01 18:39:20
5927,103,17288,0,2026-07-01 18:39:20
5928,103,17351,0,2026-07-01 18:39:20
5929,103,17352,0,2026-07-01 18:39:20
5930,103,17353,0,2026-07-01 18:39:20
5931,103,17354,0,2026-07-01 18:39:20
5932,104,9736,0,2026-07-01 18:39:20
5933,104,9748,0,2026-07-01 18:39:20
5934,104,10116,0,2026-07-01 18:39:20
5935,105,9414,0,2026-07-01 18:39:20
5936,105,1971,0,2026-07-01 18:39:20
5937,105,1801,0,2026-07-01 18:39:20
5938,105,15157,0,2026-07-01 18:39:20
5939,105,17355,0,2026-07-01 18:39:20
5940,105,17356,0,2026-07-01 18:39:20
5941,105,14683,0,2026-07-01 18:39:20
5942,106,12801,0,2026-07-01 18:39:20
5943,106,4813,0,2026-07-01 18:39:20
5944,106,17357,0,2026-07-01 18:39:20
5945,106,11552,0,2026-07-01 18:39:20
5946,106,17358,0,2026-07-01 18:39:20
5947,107,14235,0,2026-07-01 18:39:20
5948,107,14237,0,2026-07-01 18:39:20
5949,107,14238,0,2026-07-01 18:39:20
5950,107,17340,0,2026-07-01 18:39:20
5951,107,14240,0,2026-07-01 18:39:20
5952,107,121,0,2026-07-01 18:39:20
5953,109,17327,0,2026-07-01 18:39:20
5954,109,7269,0,2026-07-01 18:39:20
5955,109,3381,0,2026-07-01 18:39:20
5956,109,8196,0,2026-07-01 18:39:20
5957,109,1735,0,2026-07-01 18:39:20
5958,110,17327,0,2026-07-01 18:39:20
5959,110,8196,0,2026-07-01 18:39:20
5960,110,7269,0,2026-07-01 18:39:20
5961,110,3381,0,2026-07-01 18:39:20
5962,110,1735,0,2026-07-01 18:39:20
5963,110,17354,0,2026-07-01 18:39:20
5964,110,12153,0,2026-07-01 18:39:20
5965,110,10622,0,2026-07-01 18:39:20
5966,111,11210,0,2026-07-01 18:39:20
5967,111,17359,0,2026-07-01 18:39:20
5968,111,9935,0,2026-07-01 18:39:20
5969,111,17360,0,2026-07-01 18:39:20
5970,112,121,0,2026-07-01 18:39:20
5971,112,7061,0,2026-07-01 18:39:20
5972,112,17361,0,2026-07-01 18:39:20
5973,117,11483,0,2026-07-01 18:39:20
5974,117,1971,0,2026-07-01 18:39:20
5975,117,17370,0,2026-07-01 18:39:20
5976,117,7850,0,2026-07-01 18:39:20
5977,117,4189,0,2026-07-01 18:39:20
5978,118,17371,0,2026-07-01 18:39:20
5979,118,17372,0,2026-07-01 18:39:20
5980,118,13756,0,2026-07-01 18:39:20
5981,118,4716,0,2026-07-01 18:39:20
5982,118,3294,0,2026-07-01 18:39:20
5983,118,14238,0,2026-07-01 18:39:20
5984,118,12375,0,2026-07-01 18:39:20
5985,119,6452,0,2026-07-01 18:39:20
5986,119,17346,0,2026-07-01 18:39:20
5987,119,8737,0,2026-07-01 18:39:20
5988,119,1138,0,2026-07-01 18:39:20
5989,119,3884,0,2026-07-01 18:39:20
5990,119,4802,0,2026-07-01 18:39:20
5991,119,4805,0,2026-07-01 18:39:20
5992,119,4803,0,2026-07-01 18:39:20
5993,119,4808,0,2026-07-01 18:39:20
5994,119,16190,0,2026-07-01 18:39:20
5995,122,3983,0,2026-07-01 18:39:20
5996,122,9417,0,2026-07-01 18:39:20
5997,122,17371,0,2026-07-01 18:39:20
5998,122,17372,0,2026-07-01 18:39:20
5999,122,16625,0,2026-07-01 18:39:20
6000,122,12495,0,2026-07-01 18:39:20
6001,122,17342,0,2026-07-01 18:39:20
6002,122,12236,0,2026-07-01 18:39:20
6003,122,9386,0,2026-07-01 18:39:20
6004,122,9382,0,2026-07-01 18:39:20
6005,122,5908,0,2026-07-01 18:39:20
6006,122,15156,0,2026-07-01 18:39:20
6007,122,3569,0,2026-07-01 18:39:20
6008,122,5198,0,2026-07-01 18:39:20
6009,126,12586,0,2026-07-01 18:39:20
6010,128,3487,0,2026-07-01 18:39:20
6011,128,15148,0,2026-07-01 18:39:20
6012,128,17227,0,2026-07-01 18:39:20
6013,128,6045,0,2026-07-01 18:39:20
6014,128,12284,0,2026-07-01 18:39:20
6015,128,15215,0,2026-07-01 18:39:20
6016,129,8807,0,2026-07-01 18:39:20
6017,129,15217,0,2026-07-01 18:39:20
6018,129,3318,0,2026-07-01 18:39:20
6019,129,3294,0,2026-07-01 18:39:20
6020,135,9740,0,2026-07-01 18:39:20
6021,135,116,0,2026-07-01 18:39:20
6022,135,117,0,2026-07-01 18:39:20
6023,136,17295,0,2026-07-01 18:39:20
6024,136,17333,0,2026-07-01 18:39:20
6025,136,17293,0,2026-07-01 18:39:20
6026,136,17334,0,2026-07-01 18:39:20
6027,136,17300,0,2026-07-01 18:39:20
6028,136,3029,0,2026-07-01 18:39:20
6029,137,17295,0,2026-07-01 18:39:20
6030,137,17334,0,2026-07-01 18:39:20
6031,137,13759,0,2026-07-01 18:39:20
6032,137,17293,0,2026-07-01 18:39:20
6033,137,3031,0,2026-07-01 18:39:20
6034,137,3029,0,2026-07-01 18:39:20
6035,137,8488,0,2026-07-01 18:39:20
6036,137,6531,0,2026-07-01 18:39:20
6037,138,13756,0,2026-07-01 18:39:20
6038,138,17295,0,2026-07-01 18:39:20
6039,138,3031,0,2026-07-01 18:39:20
6040,138,3032,0,2026-07-01 18:39:20
6041,138,16908,0,2026-07-01 18:39:20
6042,138,6531,0,2026-07-01 18:39:20
6043,138,17300,0,2026-07-01 18:39:20
6044,139,3031,0,2026-07-01 18:39:20
6045,139,3032,0,2026-07-01 18:39:20
6046,139,6531,0,2026-07-01 18:39:20
6047,139,8488,0,2026-07-01 18:39:20
6048,139,17295,0,2026-07-01 18:39:20
6049,139,17333,0,2026-07-01 18:39:20
6050,139,17384,0,2026-07-01 18:39:20
6051,140,17295,0,2026-07-01 18:39:20
6052,140,17333,0,2026-07-01 18:39:20
6053,140,6531,0,2026-07-01 18:39:20
6054,140,3029,0,2026-07-01 18:39:20
6055,140,3031,0,2026-07-01 18:39:20
6056,140,16908,0,2026-07-01 18:39:20
6057,140,8488,0,2026-07-01 18:39:20
6058,140,17384,0,2026-07-01 18:39:20
6059,143,15017,0,2026-07-01 18:39:20
6060,143,14686,0,2026-07-01 18:39:20
6061,143,7865,0,2026-07-01 18:39:20
6062,143,11001,0,2026-07-01 18:39:20
6063,144,15156,0,2026-07-01 18:39:20
6064,144,13399,0,2026-07-01 18:39:20
6065,144,11001,0,2026-07-01 18:39:20
6066,144,4148,0,2026-07-01 18:39:20
6067,144,5909,0,2026-07-01 18:39:20
6068,144,5284,0,2026-07-01 18:39:20
6069,144,5285,0,2026-07-01 18:39:20
6070,144,1116,0,2026-07-01 18:39:20
6071,145,8805,0,2026-07-01 18:39:20
6072,145,17391,0,2026-07-01 18:39:20
6073,145,17390,0,2026-07-01 18:39:20
6074,145,17394,0,2026-07-01 18:39:20
6075,145,5285,0,2026-07-01 18:39:20
6076,145,4148,0,2026-07-01 18:39:20
6077,145,7865,0,2026-07-01 18:39:20
6078,146,26,0,2026-07-01 18:39:20
6079,147,17288,0,2026-07-01 18:39:20
6080,147,17309,0,2026-07-01 18:39:20
6081,147,17327,0,2026-07-01 18:39:20
6082,149,17396,0,2026-07-01 18:39:20
6083,149,17397,0,2026-07-01 18:39:20
6084,150,4519,0,2026-07-01 18:39:20
6085,150,17333,0,2026-07-01 18:39:20
6086,150,17399,0,2026-07-01 18:39:20
6087,150,17398,0,2026-07-01 18:39:20
6088,150,17371,0,2026-07-01 18:39:20
6089,150,17396,0,2026-07-01 18:39:20
6090,151,3983,0,2026-07-01 18:39:20
6091,151,13645,0,2026-07-01 18:39:20
6092,151,17398,0,2026-07-01 18:39:20
6093,151,17371,0,2026-07-01 18:39:20
6094,151,17399,0,2026-07-01 18:39:20
6095,152,1985,0,2026-07-01 18:39:20
6096,152,7309,0,2026-07-01 18:39:20
6097,152,13387,0,2026-07-01 18:39:20
6098,152,9414,0,2026-07-01 18:39:20
6099,155,17371,0,2026-07-01 18:39:20
6100,155,17372,0,2026-07-01 18:39:20
6101,155,17330,0,2026-07-01 18:39:20
6102,156,2106,0,2026-07-01 18:39:20
6103,156,3461,0,2026-07-01 18:39:20
6104,157,93,0,2026-07-01 18:39:20
6105,157,2873,0,2026-07-01 18:39:20
6106,157,14730,0,2026-07-01 18:39:20
6107,157,4709,0,2026-07-01 18:39:20
6108,157,4707,0,2026-07-01 18:39:20
6109,157,4715,0,2026-07-01 18:39:20
6110,157,2675,0,2026-07-01 18:39:20
6111,157,17401,0,2026-07-01 18:39:20
6112,158,1423,0,2026-07-01 18:39:20
6113,158,13386,0,2026-07-01 18:39:20
6114,158,2390,0,2026-07-01 18:39:20
6115,158,1138,0,2026-07-01 18:39:20
6116,158,12088,0,2026-07-01 18:39:20
6117,158,3067,0,2026-07-01 18:39:20
6118,158,11553,0,2026-07-01 18:39:20
6119,159,17402,0,2026-07-01 18:39:20
6120,160,10445,0,2026-07-01 18:39:20
6121,160,7269,0,2026-07-01 18:39:20
6122,160,3381,0,2026-07-01 18:39:20
6123,160,8196,0,2026-07-01 18:39:20
6124,160,811,0,2026-07-01 18:39:20
6125,160,17320,0,2026-07-01 18:39:20
6126,161,9442,0,2026-07-01 18:39:20
6127,161,13399,0,2026-07-01 18:39:20
6128,161,11041,0,2026-07-01 18:39:20
6129,161,2116,0,2026-07-01 18:39:20
6130,162,269,0,2026-07-01 18:39:20
6131,162,9414,0,2026-07-01 18:39:20
6132,162,13387,0,2026-07-01 18:39:20
6133,162,17403,0,2026-07-01 18:39:20
6134,163,11041,0,2026-07-01 18:39:20
6135,173,7,0,2026-07-01 18:39:20
6136,173,17286,0,2026-07-01 18:39:20
6137,173,11845,0,2026-07-01 18:39:20
6138,174,20,0,2026-07-01 18:39:20
6139,174,22,0,2026-07-01 18:39:20
6140,174,29,0,2026-07-01 18:39:20
6141,174,7,0,2026-07-01 18:39:20
6142,177,396,0,2026-07-01 18:39:20
6143,177,11845,0,2026-07-01 18:39:20
6144,177,16261,0,2026-07-01 18:39:20
6145,177,17298,0,2026-07-01 18:39:20
6146,177,17417,0,2026-07-01 18:39:20
6147,177,17418,0,2026-07-01 18:39:20
6148,178,16261,0,2026-07-01 18:39:20
6149,178,10021,0,2026-07-01 18:39:20
6150,178,17418,0,2026-07-01 18:39:20
6151,179,17297,0,2026-07-01 18:39:20
6152,180,17327,0,2026-07-01 18:39:20
6153,180,17369,0,2026-07-01 18:39:20
6154,180,10622,0,2026-07-01 18:39:20
6155,181,17327,0,2026-07-01 18:39:20
6156,181,8196,0,2026-07-01 18:39:20
6157,181,10622,0,2026-07-01 18:39:20
6158,182,7270,0,2026-07-01 18:39:20
6159,182,3381,0,2026-07-01 18:39:20
6160,182,8196,0,2026-07-01 18:39:20
6161,182,17327,0,2026-07-01 18:39:20
6162,182,10622,0,2026-07-01 18:39:20
6163,182,10253,0,2026-07-01 18:39:20
6164,182,9980,0,2026-07-01 18:39:20
6165,182,17354,0,2026-07-01 18:39:20
6166,182,1735,0,2026-07-01 18:39:20
6167,182,12576,0,2026-07-01 18:39:20
6168,182,4089,0,2026-07-01 18:39:20
6169,183,7573,0,2026-07-01 18:39:20
6170,183,17427,0,2026-07-01 18:39:20
6171,183,13777,0,2026-07-01 18:39:20
6172,183,12179,0,2026-07-01 18:39:20
6173,183,17428,0,2026-07-01 18:39:20
6174,184,3983,0,2026-07-01 18:39:20
6175,184,3032,0,2026-07-01 18:39:20
6176,184,17356,0,2026-07-01 18:39:20
6177,184,17429,0,2026-07-01 18:39:20
6178,185,1920,0,2026-07-01 18:39:20
6179,185,13806,0,2026-07-01 18:39:20
6180,185,17430,0,2026-07-01 18:39:20
6181,185,17431,0,2026-07-01 18:39:20
6182,185,17432,0,2026-07-01 18:39:20
6183,187,13756,0,2026-07-01 18:39:20
6184,187,17333,0,2026-07-01 18:39:20
6185,187,17334,0,2026-07-01 18:39:20
6186,187,17332,0,2026-07-01 18:39:20
6187,187,14238,0,2026-07-01 18:39:20
6188,187,17433,0,2026-07-01 18:39:20
6189,187,6531,0,2026-07-01 18:39:20
6190,187,17329,0,2026-07-01 18:39:20
6191,187,17328,0,2026-07-01 18:39:20
6192,187,17293,0,2026-07-01 18:39:20
6193,189,3635,0,2026-07-01 18:39:20
6194,189,1297,0,2026-07-01 18:39:20
6195,189,15098,0,2026-07-01 18:39:20
6196,190,16007,0,2026-07-01 18:39:20
6197,190,7696,0,2026-07-01 18:39:20
6198,190,17438,0,2026-07-01 18:39:20
6199,190,17439,0,2026-07-01 18:39:20
6200,190,17401,0,2026-07-01 18:39:20
6201,190,5993,0,2026-07-01 18:39:20
6202,190,15987,0,2026-07-01 18:39:20
6203,191,16007,0,2026-07-01 18:39:20
6204,191,17440,0,2026-07-01 18:39:20
6205,191,7696,0,2026-07-01 18:39:20
6206,191,17438,0,2026-07-01 18:39:20
6207,191,17439,0,2026-07-01 18:39:20
6208,191,17401,0,2026-07-01 18:39:20
6209,191,5993,0,2026-07-01 18:39:20
6210,191,15987,0,2026-07-01 18:39:20
6211,191,17441,0,2026-07-01 18:39:20
6212,192,17327,0,2026-07-01 18:39:20
6213,192,8196,0,2026-07-01 18:39:20
6214,192,7269,0,2026-07-01 18:39:20
6215,192,3381,0,2026-07-01 18:39:20
6216,192,17368,0,2026-07-01 18:39:20
6217,192,1735,0,2026-07-01 18:39:20
6218,192,16908,0,2026-07-01 18:39:20
6219,192,17308,0,2026-07-01 18:39:20
6220,193,17327,0,2026-07-01 18:39:20
6221,193,10622,0,2026-07-01 18:39:20
6222,193,7269,0,2026-07-01 18:39:20
6223,193,1735,0,2026-07-01 18:39:20
6224,193,3381,0,2026-07-01 18:39:20
6225,193,10253,0,2026-07-01 18:39:20
6226,197,12198,0,2026-07-01 18:39:20
6227,197,14238,0,2026-07-01 18:39:20
6228,199,15017,0,2026-07-01 18:39:20
6229,199,14677,0,2026-07-01 18:39:20
6230,199,4803,0,2026-07-01 18:39:20
6231,199,3567,0,2026-07-01 18:39:20
6232,199,10422,0,2026-07-01 18:39:20
6233,199,17442,0,2026-07-01 18:39:20
6234,199,4813,0,2026-07-01 18:39:20
6235,207,7,0,2026-07-01 18:39:20
6236,207,10020,0,2026-07-01 18:39:20
6237,207,17297,0,2026-07-01 18:39:20
6238,208,14238,0,2026-07-01 18:39:20
6239,208,17372,0,2026-07-01 18:39:20
6240,208,17332,0,2026-07-01 18:39:20
6241,208,3031,0,2026-07-01 18:39:20
6242,208,3029,0,2026-07-01 18:39:20
6243,208,17340,0,2026-07-01 18:39:20
6244,208,15157,0,2026-07-01 18:39:20
6245,208,2915,0,2026-07-01 18:39:20
6246,208,17355,0,2026-07-01 18:39:20
6247,208,3239,0,2026-07-01 18:39:20
6248,209,689,0,2026-07-01 18:39:20
6249,209,8191,0,2026-07-01 18:39:20
6250,209,690,0,2026-07-01 18:39:20
6251,209,688,0,2026-07-01 18:39:20
6252,210,4741,0,2026-07-01 18:39:20
6253,210,10446,0,2026-07-01 18:39:20
6254,211,8191,0,2026-07-01 18:39:20
6255,211,420,0,2026-07-01 18:39:20
6256,212,15179,0,2026-07-01 18:39:20
6257,212,8566,0,2026-07-01 18:39:20
6258,212,10907,0,2026-07-01 18:39:20
6259,212,16800,0,2026-07-01 18:39:20
6260,212,192,0,2026-07-01 18:39:20
6261,212,3487,0,2026-07-01 18:39:20
6262,213,3465,0,2026-07-01 18:39:20
6263,213,3466,0,2026-07-01 18:39:20
6264,213,5248,0,2026-07-01 18:39:20
6265,213,2915,0,2026-07-01 18:39:20
6266,214,3484,0,2026-07-01 18:39:20
6267,214,3485,0,2026-07-01 18:39:20
6268,214,14235,0,2026-07-01 18:39:20
6269,214,9736,0,2026-07-01 18:39:20
6270,214,3569,0,2026-07-01 18:39:20
6271,217,7,0,2026-07-01 18:39:20
6272,218,7,0,2026-07-01 18:39:20
6273,219,7,0,2026-07-01 18:39:20
6274,219,13,0,2026-07-01 18:39:20
6275,220,10445,0,2026-07-01 18:39:20
6276,220,15,0,2026-07-01 18:39:20
6277,221,17401,0,2026-07-01 18:39:20
6278,221,12694,0,2026-07-01 18:39:20
6279,221,15997,0,2026-07-01 18:39:20
6280,221,720,0,2026-07-01 18:39:20
6281,221,16001,0,2026-07-01 18:39:20
6282,221,7,0,2026-07-01 18:39:20
6283,222,3983,0,2026-07-01 18:39:20
6284,222,17398,0,2026-07-01 18:39:20
6285,223,7,0,2026-07-01 18:39:20
6286,223,17306,0,2026-07-01 18:39:20
6287,224,5665,0,2026-07-01 18:39:20
6288,224,10445,0,2026-07-01 18:39:20
6289,225,11845,0,2026-07-01 18:39:20
6290,225,17404,0,2026-07-01 18:39:20
6291,225,1154,0,2026-07-01 18:39:20
6292,225,7,0,2026-07-01 18:39:20
6293,225,7584,0,2026-07-01 18:39:20
6294,226,17251,0,2026-07-01 18:39:20
6295,226,17446,0,2026-07-01 18:39:20
6296,226,6528,0,2026-07-01 18:39:20
6297,226,17371,0,2026-07-01 18:39:20
6298,227,10451,0,2026-07-01 18:39:20
6299,227,17427,0,2026-07-01 18:39:20
6300,227,13777,0,2026-07-01 18:39:20
6301,227,17349,0,2026-07-01 18:39:20
6302,227,17451,0,2026-07-01 18:39:20
6303,227,602,0,2026-07-01 18:39:20
6304,227,17452,0,2026-07-01 18:39:20
6305,228,6009,0,2026-07-01 18:39:20
6306,228,17453,0,2026-07-01 18:39:20
6307,228,17454,0,2026-07-01 18:39:20
6308,228,17455,0,2026-07-01 18:39:20
6309,228,17456,0,2026-07-01 18:39:20
6310,229,17457,0,2026-07-01 18:39:20
6311,229,15211,0,2026-07-01 18:39:20
6312,229,15212,0,2026-07-01 18:39:20
6313,229,7857,0,2026-07-01 18:39:20
6314,229,17455,0,2026-07-01 18:39:20
6315,229,15157,0,2026-07-01 18:39:20
6316,230,3067,0,2026-07-01 18:39:20
6317,231,14238,0,2026-07-01 18:39:20
6318,231,3032,0,2026-07-01 18:39:20
6319,231,4519,0,2026-07-01 18:39:20
6320,231,14237,0,2026-07-01 18:39:20
6321,231,329,0,2026-07-01 18:39:20
6322,233,16644,0,2026-07-01 18:39:20
6323,233,17419,0,2026-07-01 18:39:20
6324,236,17401,0,2026-07-01 18:39:20
6325,236,12694,0,2026-07-01 18:39:20
6326,236,17286,0,2026-07-01 18:39:20
6327,236,17404,0,2026-07-01 18:39:20
6328,236,17470,0,2026-07-01 18:39:20
6329,236,11845,0,2026-07-01 18:39:20
6330,237,17446,0,2026-07-01 18:39:20
6331,237,17251,0,2026-07-01 18:39:20
6332,237,17286,0,2026-07-01 18:39:20
6333,237,17448,0,2026-07-01 18:39:20
6334,237,17472,0,2026-07-01 18:39:20
6335,237,17473,0,2026-07-01 18:39:20
6336,239,17401,0,2026-07-01 18:39:20
6337,239,17475,0,2026-07-01 18:39:20
6338,239,17476,0,2026-07-01 18:39:20
6339,239,17477,0,2026-07-01 18:39:20
6340,242,10451,0,2026-07-01 18:39:20
6341,242,2966,0,2026-07-01 18:39:20
6342,242,2967,0,2026-07-01 18:39:20
6343,242,7963,0,2026-07-01 18:39:20
6344,242,17427,0,2026-07-01 18:39:20
6345,242,7873,0,2026-07-01 18:39:20
6346,242,8126,0,2026-07-01 18:39:20
6347,243,5667,0,2026-07-01 18:39:20
6348,243,6439,0,2026-07-01 18:39:20
6349,244,8191,0,2026-07-01 18:39:20
6350,244,14504,0,2026-07-01 18:39:20
6351,244,10253,0,2026-07-01 18:39:20
6352,244,705,0,2026-07-01 18:39:20
6353,245,7270,0,2026-07-01 18:39:20
6354,245,3381,0,2026-07-01 18:39:20
6355,245,8196,0,2026-07-01 18:39:20
6356,245,11855,0,2026-07-01 18:39:20
6357,245,11859,0,2026-07-01 18:39:20
6358,245,16005,0,2026-07-01 18:39:20
6359,246,16005,0,2026-07-01 18:39:20
6360,246,16002,0,2026-07-01 18:39:20
6361,246,17401,0,2026-07-01 18:39:20
6362,246,17286,0,2026-07-01 18:39:20
6363,248,2963,0,2026-07-01 18:39:20
6364,248,9104,0,2026-07-01 18:39:20
6365,248,17297,0,2026-07-01 18:39:20
6366,248,280,0,2026-07-01 18:39:20
6367,249,7637,0,2026-07-01 18:39:20
6368,249,3465,0,2026-07-01 18:39:20
6369,249,602,0,2026-07-01 18:39:20
6370,249,17455,0,2026-07-01 18:39:20
6371,249,2097,0,2026-07-01 18:39:20
6372,249,15179,0,2026-07-01 18:39:20
6373,249,12883,0,2026-07-01 18:39:20
6374,250,12586,0,2026-07-01 18:39:20
6375,250,12589,0,2026-07-01 18:39:20
6376,250,12587,0,2026-07-01 18:39:20
6377,250,14409,0,2026-07-01 18:39:20
6378,252,18,0,2026-07-01 18:39:20
6379,252,17,0,2026-07-01 18:39:20
6380,252,16,0,2026-07-01 18:39:20
6381,253,17420,0,2026-07-01 18:39:20
6382,256,396,0,2026-07-01 18:39:20
6383,256,17446,0,2026-07-01 18:39:20
6384,256,11845,0,2026-07-01 18:39:20
6385,258,370,0,2026-07-01 18:39:20
6386,260,17251,0,2026-07-01 18:39:20
6387,260,17448,0,2026-07-01 18:39:20
6388,261,17448,0,2026-07-01 18:39:20
6389,261,17251,0,2026-07-01 18:39:20
6390,262,17448,0,2026-07-01 18:39:20
6391,262,17251,0,2026-07-01 18:39:20
6392,262,17446,0,2026-07-01 18:39:20
6393,262,17495,0,2026-07-01 18:39:20
6394,263,13370,0,2026-07-01 18:39:20
6395,263,12907,0,2026-07-01 18:39:20
6396,263,6439,0,2026-07-01 18:39:20
6397,263,12088,0,2026-07-01 18:39:20
6398,263,3293,0,2026-07-01 18:39:20
6399,263,15030,0,2026-07-01 18:39:20
6400,263,121,0,2026-07-01 18:39:20
6401,263,5246,0,2026-07-01 18:39:20
6402,264,3136,0,2026-07-01 18:39:20
6403,264,3135,0,2026-07-01 18:39:20
6404,264,3137,0,2026-07-01 18:39:20
6405,264,5246,0,2026-07-01 18:39:20
6406,265,3461,0,2026-07-01 18:39:20
6407,265,3469,0,2026-07-01 18:39:20
6408,265,3462,0,2026-07-01 18:39:20
6409,265,5268,0,2026-07-01 18:39:20
6410,265,3311,0,2026-07-01 18:39:20
6411,265,12284,0,2026-07-01 18:39:20
6412,266,1961,0,2026-07-01 18:39:20
6413,266,4149,0,2026-07-01 18:39:20
6414,266,1960,0,2026-07-01 18:39:20
6415,266,12322,0,2026-07-01 18:39:20
6416,267,17420,0,2026-07-01 18:39:20
6417,268,17344,0,2026-07-01 18:39:20
6418,268,17247,0,2026-07-01 18:39:20
6419,268,1351,0,2026-07-01 18:39:20
6420,268,10253,0,2026-07-01 18:39:20
6421,269,17444,0,2026-07-01 18:39:20
6422,270,6045,0,2026-07-01 18:39:20
6423,271,14657,0,2026-07-01 18:39:20
6424,271,3480,0,2026-07-01 18:39:20
6425,271,3831,0,2026-07-01 18:39:20
6426,271,245,0,2026-07-01 18:39:20
6427,271,1526,0,2026-07-01 18:39:20
6428,271,15156,0,2026-07-01 18:39:20
6429,272,5656,0,2026-07-01 18:39:20
6430,272,5654,0,2026-07-01 18:39:20
6431,272,7,0,2026-07-01 18:39:20
6432,272,11,0,2026-07-01 18:39:20
6433,272,13,0,2026-07-01 18:39:20
6434,272,1223,0,2026-07-01 18:39:20
6435,272,281,0,2026-07-01 18:39:20
6436,272,3311,0,2026-07-01 18:39:20
6437,272,3983,0,2026-07-01 18:39:20
6438,272,17497,0,2026-07-01 18:39:20
6439,273,17484,0,2026-07-01 18:39:20
6440,273,14888,0,2026-07-01 18:39:20
6441,273,3599,0,2026-07-01 18:39:20
6442,273,7911,0,2026-07-01 18:39:20
6443,273,17498,0,2026-07-01 18:39:20
6444,273,6532,0,2026-07-01 18:39:20
6445,273,17499,0,2026-07-01 18:39:20
6446,273,17500,0,2026-07-01 18:39:20
6447,273,17501,0,2026-07-01 18:39:20
6448,273,17502,0,2026-07-01 18:39:20
6449,273,17503,0,2026-07-01 18:39:20
6450,274,17484,0,2026-07-01 18:39:20
6451,274,3599,0,2026-07-01 18:39:20
6452,274,7911,0,2026-07-01 18:39:20
6453,274,14888,0,2026-07-01 18:39:20
6454,274,9916,0,2026-07-01 18:39:20
6455,274,11546,0,2026-07-01 18:39:20
6456,274,17498,0,2026-07-01 18:39:20
6457,274,17503,0,2026-07-01 18:39:20
6458,274,17499,0,2026-07-01 18:39:20
6459,274,6544,0,2026-07-01 18:39:20
6460,274,17500,0,2026-07-01 18:39:20
6461,275,17505,0,2026-07-01 18:39:20
6462,275,9375,0,2026-07-01 18:39:20
6463,275,8638,0,2026-07-01 18:39:20
6464,276,9062,0,2026-07-01 18:39:20
6465,277,17445,0,2026-07-01 18:39:20
6466,278,7170,0,2026-07-01 18:39:20
6467,278,8493,0,2026-07-01 18:39:20
6468,278,12863,0,2026-07-01 18:39:20
6469,278,5932,0,2026-07-01 18:39:20
6470,279,1370,0,2026-07-01 18:39:20
6471,279,26,0,2026-07-01 18:39:20
6472,280,14256,0,2026-07-01 18:39:20
6473,280,689,0,2026-07-01 18:39:20
6474,280,818,0,2026-07-01 18:39:20
6475,280,817,0,2026-07-01 18:39:20
6476,280,811,0,2026-07-01 18:39:20
6477,280,9902,0,2026-07-01 18:39:20
6478,280,10622,0,2026-07-01 18:39:20
6479,280,9980,0,2026-07-01 18:39:20
6480,280,12576,0,2026-07-01 18:39:20
6481,280,946,0,2026-07-01 18:39:20
6482,282,17507,0,2026-07-01 18:39:20
6483,282,4072,0,2026-07-01 18:39:20
6484,282,3311,0,2026-07-01 18:39:20
6485,282,10510,0,2026-07-01 18:39:20
6486,284,2442,0,2026-07-01 18:39:20
6487,284,4041,0,2026-07-01 18:39:20
6488,284,4038,0,2026-07-01 18:39:20
6489,284,5625,0,2026-07-01 18:39:20
6490,285,269,0,2026-07-01 18:39:20
6491,285,2677,0,2026-07-01 18:39:20
6492,286,17484,0,2026-07-01 18:39:20
6493,286,3599,0,2026-07-01 18:39:20
6494,286,17513,0,2026-07-01 18:39:20
6495,286,6400,0,2026-07-01 18:39:20
6496,286,6401,0,2026-07-01 18:39:20
6497,286,818,0,2026-07-01 18:39:20
6498,286,6119,0,2026-07-01 18:39:20
6499,288,26,0,2026-07-01 18:39:20
6500,288,17327,0,2026-07-01 18:39:20
6501,288,8196,0,2026-07-01 18:39:20
6502,289,952,0,2026-07-01 18:39:20
6503,289,16261,0,2026-07-01 18:39:20
6504,289,10020,0,2026-07-01 18:39:20
6505,289,16255,0,2026-07-01 18:39:20
6506,289,17306,0,2026-07-01 18:39:20
6507,289,15,0,2026-07-01 18:39:20
6508,289,6615,0,2026-07-01 18:39:20
6509,290,1933,0,2026-07-01 18:39:20
6510,290,3461,0,2026-07-01 18:39:20
6511,290,3470,0,2026-07-01 18:39:20
6512,293,12576,0,2026-07-01 18:39:20
6513,293,17291,0,2026-07-01 18:39:20
6514,294,3568,0,2026-07-01 18:39:20
6515,294,12576,0,2026-07-01 18:39:20
6516,296,5911,0,2026-07-01 18:39:20
6517,296,7873,0,2026-07-01 18:39:20
6518,296,15156,0,2026-07-01 18:39:20
6519,296,12951,0,2026-07-01 18:39:20
6520,300,705,0,2026-07-01 18:39:20
6521,300,816,0,2026-07-01 18:39:20
6522,300,1015,0,2026-07-01 18:39:20
6523,300,9744,0,2026-07-01 18:39:20
6524,300,10445,0,2026-07-01 18:39:20
6525,300,11546,0,2026-07-01 18:39:20
6526,302,1814,0,2026-07-01 18:39:20
6527,303,17516,0,2026-07-01 18:39:20
6528,304,7309,0,2026-07-01 18:39:20
6529,304,12802,0,2026-07-01 18:39:20
6530,304,4803,0,2026-07-01 18:39:20
6531,304,4808,0,2026-07-01 18:39:20
6532,305,6528,0,2026-07-01 18:39:20
6533,305,17372,0,2026-07-01 18:39:20
6534,305,6531,0,2026-07-01 18:39:20
6535,305,13756,0,2026-07-01 18:39:20
6536,306,6528,0,2026-07-01 18:39:20
6537,306,17374,0,2026-07-01 18:39:20
6538,306,17372,0,2026-07-01 18:39:20
6539,306,6531,0,2026-07-01 18:39:20
6540,306,17379,0,2026-07-01 18:39:20
6541,306,13756,0,2026-07-01 18:39:20
6542,307,13756,0,2026-07-01 18:39:20
6543,307,17371,0,2026-07-01 18:39:20
6544,307,17372,0,2026-07-01 18:39:20
6545,307,14235,0,2026-07-01 18:39:20
6546,307,674,0,2026-07-01 18:39:20
6547,307,6531,0,2026-07-01 18:39:20
6548,310,17287,0,2026-07-01 18:39:20
6549,310,17354,0,2026-07-01 18:39:20
6550,310,7269,0,2026-07-01 18:39:20
6551,310,3381,0,2026-07-01 18:39:20
6552,310,16908,0,2026-07-01 18:39:20
6553,310,17517,0,2026-07-01 18:39:20
6554,310,17308,0,2026-07-01 18:39:20
6555,310,17286,0,2026-07-01 18:39:20
6556,310,12934,0,2026-07-01 18:39:20
6557,311,116,0,2026-07-01 18:39:20
6558,311,5259,0,2026-07-01 18:39:20
6559,314,7270,0,2026-07-01 18:39:20
6560,314,3381,0,2026-07-01 18:39:20
6561,314,13482,0,2026-07-01 18:39:20
6562,314,8881,0,2026-07-01 18:39:20
6563,314,1735,0,2026-07-01 18:39:20
6564,314,8196,0,2026-07-01 18:39:20
6565,314,17320,0,2026-07-01 18:39:20
6566,314,17520,0,2026-07-01 18:39:20
6567,314,12934,0,2026-07-01 18:39:20
6568,314,17448,0,2026-07-01 18:39:20
6569,314,17251,0,2026-07-01 18:39:20
6570,314,16643,0,2026-07-01 18:39:20
6571,314,17521,0,2026-07-01 18:39:20
6572,314,13756,0,2026-07-01 18:39:20
6573,314,17522,0,2026-07-01 18:39:20
6574,314,17523,0,2026-07-01 18:39:20
6575,314,17286,0,2026-07-01 18:39:20
6576,315,7269,0,2026-07-01 18:39:20
6577,315,7270,0,2026-07-01 18:39:20
6578,315,3381,0,2026-07-01 18:39:20
6579,315,17325,0,2026-07-01 18:39:20
6580,315,13482,0,2026-07-01 18:39:20
6581,315,8881,0,2026-07-01 18:39:20
6582,315,17251,0,2026-07-01 18:39:20
6583,315,1735,0,2026-07-01 18:39:20
6584,315,17524,0,2026-07-01 18:39:20
6585,315,17525,0,2026-07-01 18:39:20
6586,315,8196,0,2026-07-01 18:39:20
6587,315,17320,0,2026-07-01 18:39:20
6588,315,12934,0,2026-07-01 18:39:20
6589,315,16643,0,2026-07-01 18:39:20
6590,315,17522,0,2026-07-01 18:39:20
6591,315,17521,0,2026-07-01 18:39:20
6592,315,17354,0,2026-07-01 18:39:20
6593,315,17286,0,2026-07-01 18:39:20
6594,319,2969,0,2026-07-01 18:39:20
6595,320,117,0,2026-07-01 18:39:20
6596,320,15030,0,2026-07-01 18:39:20
6597,320,5248,0,2026-07-01 18:39:20
6598,320,1316,0,2026-07-01 18:39:20
6599,320,1727,0,2026-07-01 18:39:20
6600,320,17532,0,2026-07-01 18:39:20
6601,320,17533,0,2026-07-01 18:39:20
6602,320,17534,0,2026-07-01 18:39:20
6603,321,14,0,2026-07-01 18:39:20
6604,323,15030,0,2026-07-01 18:39:20
6605,323,9740,0,2026-07-01 18:39:20
6606,323,9736,0,2026-07-01 18:39:20
6607,323,117,0,2026-07-01 18:39:20
6608,323,6695,0,2026-07-01 18:39:20
6609,323,7649,0,2026-07-01 18:39:20
6610,324,17344,0,2026-07-01 18:39:20
6611,324,9726,0,2026-07-01 18:39:20
6612,325,11101,0,2026-07-01 18:39:20
6613,325,17344,0,2026-07-01 18:39:20
6614,325,9730,0,2026-07-01 18:39:20
6615,326,13,0,2026-07-01 18:39:20
6616,326,7,0,2026-07-01 18:39:20
6617,327,15156,0,2026-07-01 18:39:20
6618,327,6678,0,2026-07-01 18:39:20
6619,327,4910,0,2026-07-01 18:39:20
6620,327,3294,0,2026-07-01 18:39:20
6621,327,3622,0,2026-07-01 18:39:20
6622,330,4803,0,2026-07-01 18:39:20
6623,330,13592,0,2026-07-01 18:39:20
6624,330,11001,0,2026-07-01 18:39:20
6625,330,11708,0,2026-07-01 18:39:20
6626,330,17538,0,2026-07-01 18:39:20
6627,330,4148,0,2026-07-01 18:39:20
6628,330,7246,0,2026-07-01 18:39:20
6629,330,6650,0,2026-07-01 18:39:20
6630,331,1933,0,2026-07-01 18:39:20
6631,331,12943,0,2026-07-01 18:39:20
6632,332,332,0,2026-07-01 18:39:20
6633,332,1923,0,2026-07-01 18:39:20
6634,334,17539,0,2026-07-01 18:39:20
6635,335,16002,0,2026-07-01 18:39:20
6636,335,16005,0,2026-07-01 18:39:20
6637,335,16328,0,2026-07-01 18:39:20
6638,335,1801,0,2026-07-01 18:39:20
6639,336,877,0,2026-07-01 18:39:20
6640,336,17540,0,2026-07-01 18:39:20
6641,336,5059,0,2026-07-01 18:39:20
6642,336,17541,0,2026-07-01 18:39:20
6643,336,17542,0,2026-07-01 18:39:20
6644,336,2188,0,2026-07-01 18:39:20
6645,336,12882,0,2026-07-01 18:39:20
6646,336,12375,0,2026-07-01 18:39:20
6647,336,9740,0,2026-07-01 18:39:20
6648,336,6537,0,2026-07-01 18:39:20
6649,336,6539,0,2026-07-01 18:39:20
6650,336,6543,0,2026-07-01 18:39:20
6651,336,17388,0,2026-07-01 18:39:20
6652,336,17543,0,2026-07-01 18:39:20
6653,336,12882,0,2026-07-01 18:39:20
6654,336,15653,0,2026-07-01 18:39:20
6655,336,16788,0,2026-07-01 18:39:20
6656,336,3986,0,2026-07-01 18:39:20
6657,336,8676,0,2026-07-01 18:39:20
6658,336,10345,0,2026-07-01 18:39:20
6659,336,3029,0,2026-07-01 18:39:20
6660,336,3032,0,2026-07-01 18:39:20
6661,337,11845,0,2026-07-01 18:39:20
6662,337,16908,0,2026-07-01 18:39:20
6663,337,17251,0,2026-07-01 18:39:20
6664,337,17404,0,2026-07-01 18:39:20
6665,337,17446,0,2026-07-01 18:39:20
6666,337,17447,0,2026-07-01 18:39:20
6667,338,17545,0,2026-07-01 18:39:20
6668,338,17401,0,2026-07-01 18:39:20
6669,340,2680,0,2026-07-01 18:39:20
6670,340,9383,0,2026-07-01 18:39:20
6671,340,9736,0,2026-07-01 18:39:20
6672,340,11001,0,2026-07-01 18:39:20
6673,340,17314,0,2026-07-01 18:39:20
6674,340,17483,0,2026-07-01 18:39:20
6675,341,1803,0,2026-07-01 18:39:20
6676,341,17546,0,2026-07-01 18:39:20
6677,342,17547,0,2026-07-01 18:39:20
6678,342,3294,0,2026-07-01 18:39:20
6679,343,1801,0,2026-07-01 18:39:20
6680,343,1523,0,2026-07-01 18:39:20
6681,343,3460,0,2026-07-01 18:39:20
6682,347,3484,0,2026-07-01 18:39:20
6683,347,15179,0,2026-07-01 18:39:20
6684,347,1969,0,2026-07-01 18:39:20
6685,348,14,0,2026-07-01 18:39:20
6686,348,13,0,2026-07-01 18:39:20
6687,348,7,0,2026-07-01 18:39:20
6688,348,18,0,2026-07-01 18:39:20
6689,348,20,0,2026-07-01 18:39:20
6690,348,16261,0,2026-07-01 18:39:20
6691,348,5869,0,2026-07-01 18:39:20
6692,348,14238,0,2026-07-01 18:39:20
6693,348,17548,0,2026-07-01 18:39:20
6694,348,6615,0,2026-07-01 18:39:20
6695,348,280,0,2026-07-01 18:39:20
6696,348,12,0,2026-07-01 18:39:20
6697,348,15,0,2026-07-01 18:39:20
6698,349,3460,0,2026-07-01 18:39:20
6699,349,3481,0,2026-07-01 18:39:20
6700,349,3487,0,2026-07-01 18:39:20
6701,349,1523,0,2026-07-01 18:39:20
6702,350,17445,0,2026-07-01 18:39:20
6703,351,5667,0,2026-07-01 18:39:20
6704,353,14238,0,2026-07-01 18:39:20
6705,353,9740,0,2026-07-01 18:39:20
6706,353,89,0,2026-07-01 18:39:20
6707,353,15156,0,2026-07-01 18:39:20
6708,353,331,0,2026-07-01 18:39:20
6709,353,17551,0,2026-07-01 18:39:20
6710,355,371,0,2026-07-01 18:39:20
6711,355,2581,0,2026-07-01 18:39:20
6712,355,2586,0,2026-07-01 18:39:20
6713,355,2591,0,2026-07-01 18:39:20
6714,355,2593,0,2026-07-01 18:39:20
6715,357,118,0,2026-07-01 18:39:20
6716,357,5667,0,2026-07-01 18:39:20
6717,358,17545,0,2026-07-01 18:39:20
6718,359,10445,0,2026-07-01 18:39:20
6719,359,17557,0,2026-07-01 18:39:20
6720,360,4717,0,2026-07-01 18:39:20
6721,360,4720,0,2026-07-01 18:39:20
6722,366,17563,0,2026-07-01 18:39:20
6723,369,17546,0,2026-07-01 18:39:20
6724,371,1351,0,2026-07-01 18:39:20
6725,371,3657,0,2026-07-01 18:39:20
6726,371,17309,0,2026-07-01 18:39:20
6727,371,17564,0,2026-07-01 18:39:20
6728,371,17565,0,2026-07-01 18:39:20
6729,371,17566,0,2026-07-01 18:39:20
6730,371,17567,0,2026-07-01 18:39:20
6731,372,13438,0,2026-07-01 18:39:20
6732,372,5308,0,2026-07-01 18:39:20
6733,372,9100,0,2026-07-01 18:39:20
6734,372,17568,0,2026-07-01 18:39:20
6735,372,4148,0,2026-07-01 18:39:20
6736,372,17569,0,2026-07-01 18:39:20
6737,373,17514,0,2026-07-01 18:39:20
6738,373,17368,0,2026-07-01 18:39:20
6739,373,17354,0,2026-07-01 18:39:20
6740,373,17308,0,2026-07-01 18:39:20
6741,373,17570,0,2026-07-01 18:39:20
6742,373,8196,0,2026-07-01 18:39:20
6743,373,17369,0,2026-07-01 18:39:20
6744,373,3381,0,2026-07-01 18:39:20
6745,373,7269,0,2026-07-01 18:39:20
6746,373,1735,0,2026-07-01 18:39:20
6747,373,17352,0,2026-07-01 18:39:20
6748,373,16908,0,2026-07-01 18:39:20
6749,374,1735,0,2026-07-01 18:39:20
6750,374,7270,0,2026-07-01 18:39:20
6751,374,8196,0,2026-07-01 18:39:20
6752,374,17251,0,2026-07-01 18:39:20
6753,374,17320,0,2026-07-01 18:39:20
6754,374,17325,0,2026-07-01 18:39:20
6755,374,17571,0,2026-07-01 18:39:20
6756,374,16004,0,2026-07-01 18:39:20
6757,375,1735,0,2026-07-01 18:39:20
6758,375,7270,0,2026-07-01 18:39:20
6759,375,8196,0,2026-07-01 18:39:20
6760,375,17251,0,2026-07-01 18:39:20
6761,375,17320,0,2026-07-01 18:39:20
6762,375,17325,0,2026-07-01 18:39:20
6763,375,17571,0,2026-07-01 18:39:20
6764,375,16004,0,2026-07-01 18:39:20
6765,376,7269,0,2026-07-01 18:39:20
6766,376,3381,0,2026-07-01 18:39:20
6767,376,1735,0,2026-07-01 18:39:20
6768,376,17308,0,2026-07-01 18:39:20
6769,376,16908,0,2026-07-01 18:39:20
6770,376,8196,0,2026-07-01 18:39:20
6771,377,7270,0,2026-07-01 18:39:20
6772,377,17325,0,2026-07-01 18:39:20
6773,377,8196,0,2026-07-01 18:39:20
6774,377,17320,0,2026-07-01 18:39:20
6775,377,17352,0,2026-07-01 18:39:20
6776,377,1735,0,2026-07-01 18:39:20
6777,377,17354,0,2026-07-01 18:39:20
6778,377,17286,0,2026-07-01 18:39:20
6779,377,17251,0,2026-07-01 18:39:20
6780,377,17368,0,2026-07-01 18:39:20
6781,377,17327,0,2026-07-01 18:39:20
6782,378,7269,0,2026-07-01 18:39:20
6783,378,3381,0,2026-07-01 18:39:20
6784,378,8359,0,2026-07-01 18:39:20
6785,378,17287,0,2026-07-01 18:39:20
6786,378,6400,0,2026-07-01 18:39:20
6787,378,17572,0,2026-07-01 18:39:20
6788,380,2442,0,2026-07-01 18:39:20
6789,380,3089,0,2026-07-01 18:39:20
6790,380,3285,0,2026-07-01 18:39:20
6791,380,3485,0,2026-07-01 18:39:20
6792,380,4048,0,2026-07-01 18:39:20
6793,380,9343,0,2026-07-01 18:39:20
6794,380,9740,0,2026-07-01 18:39:20
6795,380,12863,0,2026-07-01 18:39:20
6796,380,15211,0,2026-07-01 18:39:20
6797,380,17573,0,2026-07-01 18:39:20
6798,380,17574,0,2026-07-01 18:39:20
6799,382,12771,0,2026-07-01 18:39:20
6800,383,11450,0,2026-07-01 18:39:20
6801,384,14253,0,2026-07-01 18:39:20
6802,385,3029,0,2026-07-01 18:39:20
6803,385,3031,0,2026-07-01 18:39:20
6804,385,17575,0,2026-07-01 18:39:20
6805,388,17576,0,2026-07-01 18:39:20
6806,388,3293,0,2026-07-01 18:39:20
6807,389,3484,0,2026-07-01 18:39:20
6808,389,9101,0,2026-07-01 18:39:20
6809,389,11036,0,2026-07-01 18:39:20
6810,389,11209,0,2026-07-01 18:39:20
6811,389,17577,0,2026-07-01 18:39:20
6812,391,17575,0,2026-07-01 18:39:20
6813,392,1985,0,2026-07-01 18:39:20
6814,392,17277,0,2026-07-01 18:39:20
6815,392,12132,0,2026-07-01 18:39:20
6816,392,17555,0,2026-07-01 18:39:20
6817,392,9736,0,2026-07-01 18:39:20
6818,394,3635,0,2026-07-01 18:39:20
6819,394,3293,0,2026-07-01 18:39:20
6820,395,16371,0,2026-07-01 18:39:20
6821,395,16800,0,2026-07-01 18:39:20
6822,395,16796,0,2026-07-01 18:39:20
6823,395,17578,0,2026-07-01 18:39:20
6824,395,17579,0,2026-07-01 18:39:20
6825,395,17580,0,2026-07-01 18:39:20
6826,395,17581,0,2026-07-01 18:39:20
6827,395,13577,0,2026-07-01 18:39:20
6828,395,17582,0,2026-07-01 18:39:20
6829,395,13077,0,2026-07-01 18:39:20
6830,395,17583,0,2026-07-01 18:39:20
6831,395,17584,0,2026-07-01 18:39:20
6832,395,17585,0,2026-07-01 18:39:20
6833,395,17586,0,2026-07-01 18:39:20
6834,396,12586,0,2026-07-01 18:39:20
6835,396,17587,0,2026-07-01 18:39:20
6836,397,14272,0,2026-07-01 18:39:20
6837,398,14272,0,2026-07-01 18:39:20
6838,399,14272,0,2026-07-01 18:39:20
6839,400,17595,0,2026-07-01 18:39:20
6840,400,17419,0,2026-07-01 18:39:20
6841,400,7269,0,2026-07-01 18:39:20
6842,400,3381,0,2026-07-01 18:39:20
6843,400,8196,0,2026-07-01 18:39:20
6844,400,9902,0,2026-07-01 18:39:20
6845,400,16644,0,2026-07-01 18:39:20
6846,401,8191,0,2026-07-01 18:39:20
6847,401,8196,0,2026-07-01 18:39:20
6848,401,7269,0,2026-07-01 18:39:20
6849,401,3381,0,2026-07-01 18:39:20
6850,401,17327,0,2026-07-01 18:39:20
6851,401,3479,0,2026-07-01 18:39:20
6852,401,15153,0,2026-07-01 18:39:20
6853,402,4089,0,2026-07-01 18:39:20
6854,402,12576,0,2026-07-01 18:39:20
6855,402,17599,0,2026-07-01 18:39:20
6856,402,17600,0,2026-07-01 18:39:20
6857,402,17601,0,2026-07-01 18:39:20
6858,403,17604,0,2026-07-01 18:39:20
6859,403,17605,0,2026-07-01 18:39:20
6860,403,17606,0,2026-07-01 18:39:20
6861,403,122,0,2026-07-01 18:39:20
6862,403,17607,0,2026-07-01 18:39:20
6863,403,17608,0,2026-07-01 18:39:20
6864,404,17609,0,2026-07-01 18:39:20
6865,404,17605,0,2026-07-01 18:39:20
6866,404,17610,0,2026-07-01 18:39:20
6867,404,17611,0,2026-07-01 18:39:20
6868,404,13455,0,2026-07-01 18:39:20
6869,404,17612,0,2026-07-01 18:39:20
6870,405,17605,0,2026-07-01 18:39:20
6871,405,17607,0,2026-07-01 18:39:20
6872,405,17604,0,2026-07-01 18:39:20
6873,405,17610,0,2026-07-01 18:39:20
6874,405,17605,0,2026-07-01 18:39:20
6875,405,17612,0,2026-07-01 18:39:20
6876,406,17613,0,2026-07-01 18:39:20
6877,406,17605,0,2026-07-01 18:39:20
6878,406,17612,0,2026-07-01 18:39:20
6879,406,17606,0,2026-07-01 18:39:20
6880,408,3622,0,2026-07-01 18:39:20
6881,408,17563,0,2026-07-01 18:39:20
6882,408,17377,0,2026-07-01 18:39:20
6883,409,17616,0,2026-07-01 18:39:20
6884,409,7093,0,2026-07-01 18:39:20
6885,411,1735,0,2026-07-01 18:39:20
6886,411,3087,0,2026-07-01 18:39:20
6887,411,4517,0,2026-07-01 18:39:20
6888,411,7270,0,2026-07-01 18:39:20
6889,411,8196,0,2026-07-01 18:39:20
6890,411,17286,0,2026-07-01 18:39:20
6891,411,17291,0,2026-07-01 18:39:20
6892,411,17308,0,2026-07-01 18:39:20
6893,411,17404,0,2026-07-01 18:39:20
6894,411,17446,0,2026-07-01 18:39:20
6895,411,17447,0,2026-07-01 18:39:20
6896,411,17617,0,2026-07-01 18:39:20
6897,411,17618,0,2026-07-01 18:39:20
6898,412,14672,0,2026-07-01 18:39:20
6899,412,3013,0,2026-07-01 18:39:20
6900,412,9414,0,2026-07-01 18:39:20
6901,412,1801,0,2026-07-01 18:39:20
6902,412,3755,0,2026-07-01 18:39:20
6903,412,2002,0,2026-07-01 18:39:20
6904,412,14583,0,2026-07-01 18:39:20
6905,413,17619,0,2026-07-01 18:39:20
6906,413,2002,0,2026-07-01 18:39:20
6907,413,17620,0,2026-07-01 18:39:20
6908,414,16607,0,2026-07-01 18:39:20
6909,414,12863,0,2026-07-01 18:39:20
6910,414,14583,0,2026-07-01 18:39:20
6911,414,12132,0,2026-07-01 18:39:20
6912,415,17419,0,2026-07-01 18:39:20
6913,416,602,0,2026-07-01 18:39:20
6914,416,1735,0,2026-07-01 18:39:20
6915,416,3381,0,2026-07-01 18:39:20
6916,416,7269,0,2026-07-01 18:39:20
6917,416,8196,0,2026-07-01 18:39:20
6918,416,10253,0,2026-07-01 18:39:20
6919,416,11855,0,2026-07-01 18:39:20
6920,417,1735,0,2026-07-01 18:39:20
6921,417,3381,0,2026-07-01 18:39:20
6922,417,7269,0,2026-07-01 18:39:20
6923,417,10253,0,2026-07-01 18:39:20
6924,417,11855,0,2026-07-01 18:39:20
6925,417,17595,0,2026-07-01 18:39:20
6926,417,17623,0,2026-07-01 18:39:20
6927,417,17624,0,2026-07-01 18:39:20
6928,417,17627,0,2026-07-01 18:39:20
6929,417,17628,0,2026-07-01 18:39:20
6930,418,3381,0,2026-07-01 18:39:20
6931,418,7269,0,2026-07-01 18:39:20
6932,418,10253,0,2026-07-01 18:39:20
6933,418,11845,0,2026-07-01 18:39:20
6934,418,11855,0,2026-07-01 18:39:20
6935,418,16908,0,2026-07-01 18:39:20
6936,418,17595,0,2026-07-01 18:39:20
6937,418,17624,0,2026-07-01 18:39:20
6938,418,17628,0,2026-07-01 18:39:20
6939,419,1735,0,2026-07-01 18:39:20
6940,419,3381,0,2026-07-01 18:39:20
6941,419,7269,0,2026-07-01 18:39:20
6942,419,8881,0,2026-07-01 18:39:20
6943,419,10253,0,2026-07-01 18:39:20
6944,419,17368,0,2026-07-01 18:39:20
6945,419,17513,0,2026-07-01 18:39:20
6946,419,17514,0,2026-07-01 18:39:20
6947,419,17595,0,2026-07-01 18:39:20
6948,419,17624,0,2026-07-01 18:39:20
6949,419,17627,0,2026-07-01 18:39:20
6950,419,17628,0,2026-07-01 18:39:20
6951,419,17633,0,2026-07-01 18:39:20
6952,419,17634,0,2026-07-01 18:39:20
6953,419,17635,0,2026-07-01 18:39:20
6954,419,17636,0,2026-07-01 18:39:20
6955,419,17637,0,2026-07-01 18:39:20
6956,420,1735,0,2026-07-01 18:39:20
6957,420,3381,0,2026-07-01 18:39:20
6958,420,4304,0,2026-07-01 18:39:20
6959,420,7269,0,2026-07-01 18:39:20
6960,420,7270,0,2026-07-01 18:39:20
6961,420,10253,0,2026-07-01 18:39:20
6962,420,15909,0,2026-07-01 18:39:20
6963,420,17595,0,2026-07-01 18:39:20
6964,420,17623,0,2026-07-01 18:39:20
6965,420,17624,0,2026-07-01 18:39:20
6966,420,17625,0,2026-07-01 18:39:20
6967,420,17626,0,2026-07-01 18:39:20
6968,420,17628,0,2026-07-01 18:39:20
6969,420,17638,0,2026-07-01 18:39:20
6970,420,17640,0,2026-07-01 18:39:20
6971,420,17641,0,2026-07-01 18:39:20
6972,420,17642,0,2026-07-01 18:39:20
6973,421,17514,0,2026-07-01 18:39:20
6974,421,17623,0,2026-07-01 18:39:20
6975,421,7269,0,2026-07-01 18:39:20
6976,421,3381,0,2026-07-01 18:39:20
6977,421,8196,0,2026-07-01 18:39:20
6978,421,11855,0,2026-07-01 18:39:20
6979,421,17626,0,2026-07-01 18:39:20
6980,421,17595,0,2026-07-01 18:39:20
6981,422,17514,0,2026-07-01 18:39:20
6982,422,3381,0,2026-07-01 18:39:20
6983,422,7270,0,2026-07-01 18:39:20
6984,422,17595,0,2026-07-01 18:39:20
6985,422,11855,0,2026-07-01 18:39:20
6986,422,17626,0,2026-07-01 18:39:20
6987,422,1735,0,2026-07-01 18:39:20
6988,422,8196,0,2026-07-01 18:39:20
6989,423,3293,0,2026-07-01 18:39:20
6990,423,8620,0,2026-07-01 18:39:20
6991,423,11703,0,2026-07-01 18:39:20
6992,423,17604,0,2026-07-01 18:39:20
6993,423,17611,0,2026-07-01 18:39:20
6994,423,17643,0,2026-07-01 18:39:20
6995,423,17644,0,2026-07-01 18:39:20
6996,423,17645,0,2026-07-01 18:39:20
6997,424,17557,0,2026-07-01 18:39:20
6998,424,17236,0,2026-07-01 18:39:20
6999,424,17555,0,2026-07-01 18:39:20
7000,424,17610,0,2026-07-01 18:39:20
7001,424,17605,0,2026-07-01 18:39:20
7002,425,15157,0,2026-07-01 18:39:20
7003,425,16918,0,2026-07-01 18:39:20
7004,425,8620,0,2026-07-01 18:39:20
7005,425,17643,0,2026-07-01 18:39:20
7006,425,15890,0,2026-07-01 18:39:20
7007,425,17645,0,2026-07-01 18:39:20
7008,425,17645,0,2026-07-01 18:39:20
7009,425,3293,0,2026-07-01 18:39:20
7010,425,17647,0,2026-07-01 18:39:20
7011,425,17648,0,2026-07-01 18:39:20
7012,426,15152,0,2026-07-01 18:39:20
7013,426,13387,0,2026-07-01 18:39:20
7014,426,8620,0,2026-07-01 18:39:20
7015,426,17643,0,2026-07-01 18:39:20
7016,426,17645,0,2026-07-01 18:39:20
7017,426,17645,0,2026-07-01 18:39:20
7018,429,17649,0,2026-07-01 18:39:20
7019,429,120,0,2026-07-01 18:39:20
7020,429,2200,0,2026-07-01 18:39:20
7021,432,6439,0,2026-07-01 18:39:20
7022,432,7311,0,2026-07-01 18:39:20
7023,432,17505,0,2026-07-01 18:39:20
7024,432,4802,0,2026-07-01 18:39:20
7025,432,4804,0,2026-07-01 18:39:20
7026,432,4803,0,2026-07-01 18:39:20
7027,432,17552,0,2026-07-01 18:39:20
7028,432,11552,0,2026-07-01 18:39:20
7029,432,1116,0,2026-07-01 18:39:20
7030,432,17247,0,2026-07-01 18:39:20
7031,433,3306,0,2026-07-01 18:39:20
7032,433,14678,0,2026-07-01 18:39:20
7033,433,15157,0,2026-07-01 18:39:20
7034,435,14234,0,2026-07-01 18:39:20
7035,436,17314,0,2026-07-01 18:39:20
7036,436,8308,0,2026-07-01 18:39:20
7037,436,17344,0,2026-07-01 18:39:20
7038,436,17404,0,2026-07-01 18:39:20
7039,437,8137,0,2026-07-01 18:39:20
7040,438,17314,0,2026-07-01 18:39:20
7041,438,3471,0,2026-07-01 18:39:20
7042,438,3642,0,2026-07-01 18:39:20
7043,438,17654,0,2026-07-01 18:39:20
7044,438,17655,0,2026-07-01 18:39:20
7045,439,1971,0,2026-07-01 18:39:20
7046,440,11855,0,2026-07-01 18:39:20
7047,440,17656,0,2026-07-01 18:39:20
7048,440,10253,0,2026-07-01 18:39:20
7049,440,17485,0,2026-07-01 18:39:20
7050,440,7270,0,2026-07-01 18:39:20
7051,440,8196,0,2026-07-01 18:39:20
7052,440,17320,0,2026-07-01 18:39:20
7053,440,6400,0,2026-07-01 18:39:20
7054,440,602,0,2026-07-01 18:39:20
7055,440,8287,0,2026-07-01 18:39:20
7056,441,690,0,2026-07-01 18:39:20
7057,441,17484,0,2026-07-01 18:39:20
7058,441,17661,0,2026-07-01 18:39:20
7059,441,8191,0,2026-07-01 18:39:20
7060,442,12284,0,2026-07-01 18:39:20
7061,442,2915,0,2026-07-01 18:39:20
7062,442,2989,0,2026-07-01 18:39:20
7063,442,3011,0,2026-07-01 18:39:20
7064,443,17575,0,2026-07-01 18:39:20
7065,443,17461,0,2026-07-01 18:39:20
7066,443,17555,0,2026-07-01 18:39:20
7067,446,482,0,2026-07-01 18:39:20
7068,446,1559,0,2026-07-01 18:39:20
7069,446,5926,0,2026-07-01 18:39:20
7070,446,5932,0,2026-07-01 18:39:20
7071,446,7175,0,2026-07-01 18:39:20
7072,446,9717,0,2026-07-01 18:39:20
7073,446,9967,0,2026-07-01 18:39:20
7074,446,10288,0,2026-07-01 18:39:20
7075,446,14296,0,2026-07-01 18:39:20
7076,446,17250,0,2026-07-01 18:39:20
7077,446,17461,0,2026-07-01 18:39:20
7078,447,2593,0,2026-07-01 18:39:20
7079,447,10460,0,2026-07-01 18:39:20
7080,448,17696,0,2026-07-01 18:39:20
7081,448,17575,0,2026-07-01 18:39:20
7082,449,3484,0,2026-07-01 18:39:20
7083,450,3484,0,2026-07-01 18:39:20
7084,451,17575,0,2026-07-01 18:39:20
7085,452,12802,0,2026-07-01 18:39:20
7086,452,17686,0,2026-07-01 18:39:20
7087,453,17575,0,2026-07-01 18:39:20
7088,453,17607,0,2026-07-01 18:39:20
7089,453,17686,0,2026-07-01 18:39:20
7090,454,8843,0,2026-07-01 18:39:20
7091,454,8842,0,2026-07-01 18:39:20
7092,454,8845,0,2026-07-01 18:39:20
7093,454,17698,0,2026-07-01 18:39:20
7094,458,17484,0,2026-07-01 18:39:20
7095,458,17514,0,2026-07-01 18:39:20
7096,458,17354,0,2026-07-01 18:39:20
7097,458,3091,0,2026-07-01 18:39:20
7098,458,17515,0,2026-07-01 18:39:20
7099,458,3205,0,2026-07-01 18:39:20
7100,460,6035,0,2026-07-01 18:39:20
7101,460,9902,0,2026-07-01 18:39:20
7102,460,9922,0,2026-07-01 18:39:20
7103,460,12934,0,2026-07-01 18:39:20
7104,460,16644,0,2026-07-01 18:39:20
7105,460,17624,0,2026-07-01 18:39:20
7106,460,7269,0,2026-07-01 18:39:20
7107,460,3381,0,2026-07-01 18:39:20
7108,460,8196,0,2026-07-01 18:39:20
7109,460,17369,0,2026-07-01 18:39:20
7110,460,17484,0,2026-07-01 18:39:20
7111,460,17287,0,2026-07-01 18:39:20
7112,460,17628,0,2026-07-01 18:39:20
7113,460,6401,0,2026-07-01 18:39:20
7114,462,17575,0,2026-07-01 18:39:20
7115,462,17612,0,2026-07-01 18:39:20
7116,463,118,0,2026-07-01 18:39:20
7117,463,1901,0,2026-07-01 18:39:20
7118,463,17613,0,2026-07-01 18:39:20
7119,463,269,0,2026-07-01 18:39:20
7120,463,17610,0,2026-07-01 18:39:20
7121,465,12944,0,2026-07-01 18:39:20
7122,466,11553,0,2026-07-01 18:39:20
7123,466,4803,0,2026-07-01 18:39:20
7124,466,4805,0,2026-07-01 18:39:20
7125,466,4148,0,2026-07-01 18:39:20
7126,466,17346,0,2026-07-01 18:39:20
7127,466,17267,0,2026-07-01 18:39:20
7128,467,8137,0,2026-07-01 18:39:20
7129,467,17357,0,2026-07-01 18:39:20
7130,467,4803,0,2026-07-01 18:39:20
7131,469,816,0,2026-07-01 18:39:20
7132,470,17702,0,2026-07-01 18:39:20
7133,470,17686,0,2026-07-01 18:39:20
7134,470,17703,0,2026-07-01 18:39:20
7135,471,2677,0,2026-07-01 18:39:20
7136,471,17704,0,2026-07-01 18:39:20
7137,471,17705,0,2026-07-01 18:39:20
7138,471,13592,0,2026-07-01 18:39:20
7139,471,14385,0,2026-07-01 18:39:20
7140,471,17706,0,2026-07-01 18:39:20
7141,471,4803,0,2026-07-01 18:39:20
7142,471,17357,0,2026-07-01 18:39:20
7143,471,12087,0,2026-07-01 18:39:20
7144,474,17686,0,2026-07-01 18:39:20
7145,474,17672,0,2026-07-01 18:39:20
7146,474,17575,0,2026-07-01 18:39:20
7147,474,17684,0,2026-07-01 18:39:20
7148,474,17461,0,2026-07-01 18:39:20
7149,476,17575,0,2026-07-01 18:39:20
7150,476,17652,0,2026-07-01 18:39:20
7151,478,16643,0,2026-07-01 18:39:20
7152,478,12934,0,2026-07-01 18:39:20
7153,478,7270,0,2026-07-01 18:39:20
7154,478,3381,0,2026-07-01 18:39:20
7155,478,1735,0,2026-07-01 18:39:20
7156,478,17320,0,2026-07-01 18:39:20
7157,478,8196,0,2026-07-01 18:39:20
7158,478,16908,0,2026-07-01 18:39:20
7159,478,17709,0,2026-07-01 18:39:20
7160,480,15252,0,2026-07-01 18:39:20
7161,480,15255,0,2026-07-01 18:39:20
7162,480,15257,0,2026-07-01 18:39:20
7163,481,15252,0,2026-07-01 18:39:20
7164,481,15253,0,2026-07-01 18:39:20
7165,481,15254,0,2026-07-01 18:39:20
7166,481,15257,0,2026-07-01 18:39:20
7167,482,17555,0,2026-07-01 18:39:20
7168,482,17575,0,2026-07-01 18:39:20
7169,482,17684,0,2026-07-01 18:39:20
7170,483,17684,0,2026-07-01 18:39:20
7171,483,17227,0,2026-07-01 18:39:20
7172,483,5245,0,2026-07-01 18:39:20
7173,483,13393,0,2026-07-01 18:39:20
7174,484,3148,0,2026-07-01 18:39:20
7175,484,1137,0,2026-07-01 18:39:20
7176,484,1903,0,2026-07-01 18:39:20
7177,484,17608,0,2026-07-01 18:39:20
7178,484,5687,0,2026-07-01 18:39:20
7179,485,17546,0,2026-07-01 18:39:20
7180,486,16296,0,2026-07-01 18:39:20
7181,486,15174,0,2026-07-01 18:39:20
7182,486,17683,0,2026-07-01 18:39:20
7183,486,2974,0,2026-07-01 18:39:20
7184,486,2969,0,2026-07-01 18:39:20
7185,487,7649,0,2026-07-01 18:39:20
7186,487,6695,0,2026-07-01 18:39:20
7187,487,15137,0,2026-07-01 18:39:20
7188,489,17575,0,2026-07-01 18:39:20
7189,491,17672,0,2026-07-01 18:39:20
7190,491,14030,0,2026-07-01 18:39:20
7191,491,17716,0,2026-07-01 18:39:20
7192,491,15430,0,2026-07-01 18:39:20
7193,492,17672,0,2026-07-01 18:39:20
7194,496,12014,0,2026-07-01 18:39:20
7195,496,7093,0,2026-07-01 18:39:20
7196,496,7094,0,2026-07-01 18:39:20
7197,496,537,0,2026-07-01 18:39:20
7198,496,4649,0,2026-07-01 18:39:20
7199,496,3050,0,2026-07-01 18:39:20
7200,496,11442,0,2026-07-01 18:39:20
7201,496,3484,0,2026-07-01 18:39:20
7202,496,3051,0,2026-07-01 18:39:20
7203,497,17575,0,2026-07-01 18:39:20
7204,497,17674,0,2026-07-01 18:39:20
7205,497,17684,0,2026-07-01 18:39:20
7206,497,17686,0,2026-07-01 18:39:20
7207,497,17477,0,2026-07-01 18:39:20
7208,497,2963,0,2026-07-01 18:39:20
7209,497,14262,0,2026-07-01 18:39:20
7210,497,16626,0,2026-07-01 18:39:20
7211,498,7663,0,2026-07-01 18:39:20
7212,498,17461,0,2026-07-01 18:39:20
7213,498,6450,0,2026-07-01 18:39:20
7214,498,3046,0,2026-07-01 18:39:20
7215,500,118,0,2026-07-01 18:39:20
7216,500,3768,0,2026-07-01 18:39:20
7217,500,11211,0,2026-07-01 18:39:20
7218,500,13438,0,2026-07-01 18:39:20
7219,500,13458,0,2026-07-01 18:39:20
7220,500,13465,0,2026-07-01 18:39:20
7221,500,17609,0,2026-07-01 18:39:20
7222,501,13458,0,2026-07-01 18:39:20
7223,501,121,0,2026-07-01 18:39:20
7224,501,122,0,2026-07-01 18:39:20
7225,501,3013,0,2026-07-01 18:39:20
7226,501,9449,0,2026-07-01 18:39:20
7227,502,119,0,2026-07-01 18:39:20
7228,502,17575,0,2026-07-01 18:39:20
7229,502,3468,0,2026-07-01 18:39:20
7230,502,2200,0,2026-07-01 18:39:20
7231,502,13458,0,2026-07-01 18:39:20
7232,503,17575,0,2026-07-01 18:39:20
7233,504,9063,0,2026-07-01 18:39:20
7234,504,17263,0,2026-07-01 18:39:20
7235,505,17704,0,2026-07-01 18:39:20
7236,505,17727,0,2026-07-01 18:39:20
7237,506,4156,0,2026-07-01 18:39:20
7238,506,3254,0,2026-07-01 18:39:20
7239,507,3252,0,2026-07-01 18:39:20
7240,512,17557,0,2026-07-01 18:39:20
7241,516,17401,0,2026-07-01 18:39:20
7242,516,17670,0,2026-07-01 18:39:20
7243,517,17401,0,2026-07-01 18:39:20
7244,517,17686,0,2026-07-01 18:39:20
7245,517,17678,0,2026-07-01 18:39:20
7246,518,17730,0,2026-07-01 18:39:20
7247,518,6011,0,2026-07-01 18:39:20
7248,518,17731,0,2026-07-01 18:39:20
7249,518,17401,0,2026-07-01 18:39:20
7250,518,8287,0,2026-07-01 18:39:20
7251,518,17732,0,2026-07-01 18:39:20
7252,518,3317,0,2026-07-01 18:39:20
7253,518,15157,0,2026-07-01 18:39:20
7254,518,245,0,2026-07-01 18:39:20
7255,518,17355,0,2026-07-01 18:39:20
7256,518,6431,0,2026-07-01 18:39:20
7257,519,17732,0,2026-07-01 18:39:20
7258,519,17733,0,2026-07-01 18:39:20
7259,519,17734,0,2026-07-01 18:39:20
7260,519,17735,0,2026-07-01 18:39:20
7261,519,8287,0,2026-07-01 18:39:20
7262,519,3311,0,2026-07-01 18:39:20
7263,519,6431,0,2026-07-01 18:39:20
7264,519,12375,0,2026-07-01 18:39:20
7265,520,17686,0,2026-07-01 18:39:20
7266,520,17672,0,2026-07-01 18:39:20
7267,520,17669,0,2026-07-01 18:39:20
7268,520,6431,0,2026-07-01 18:39:20
7269,521,11855,0,2026-07-01 18:39:20
7270,521,11859,0,2026-07-01 18:39:20
7271,521,491,0,2026-07-01 18:39:20
7272,521,7270,0,2026-07-01 18:39:20
7273,521,3381,0,2026-07-01 18:39:20
7274,521,8196,0,2026-07-01 18:39:20
7275,521,9980,0,2026-07-01 18:39:20
7276,521,17287,0,2026-07-01 18:39:20
7277,521,10622,0,2026-07-01 18:39:20
7278,521,12576,0,2026-07-01 18:39:20
7279,526,17737,0,2026-07-01 18:39:20
7280,531,17740,0,2026-07-01 18:39:20
7281,532,17740,0,2026-07-01 18:39:20
7282,532,269,0,2026-07-01 18:39:20
7283,533,3484,0,2026-07-01 18:39:20
7284,534,12964,0,2026-07-01 18:39:20
7285,534,12963,0,2026-07-01 18:39:20
7286,534,12966,0,2026-07-01 18:39:20
7287,534,5943,0,2026-07-01 18:39:20
7288,535,10455,0,2026-07-01 18:39:20
7289,535,13215,0,2026-07-01 18:39:20
7290,535,14905,0,2026-07-01 18:39:20
7291,535,13210,0,2026-07-01 18:39:20
7292,535,7860,0,2026-07-01 18:39:20
7293,535,10458,0,2026-07-01 18:39:20
7294,535,16847,0,2026-07-01 18:39:20
7295,535,9776,0,2026-07-01 18:39:20
7296,537,17607,0,2026-07-01 18:39:20
7297,538,119,0,2026-07-01 18:39:20
7298,538,122,0,2026-07-01 18:39:20
7299,538,121,0,2026-07-01 18:39:20
7300,538,8493,0,2026-07-01 18:39:20
7301,538,123,0,2026-07-01 18:39:20
7302,539,17693,0,2026-07-01 18:39:20
7303,542,15156,0,2026-07-01 18:39:20
7304,542,3485,0,2026-07-01 18:39:20
7305,546,8191,0,2026-07-01 18:39:20
7306,546,3682,0,2026-07-01 18:39:20
7307,547,7269,0,2026-07-01 18:39:20
7308,547,3381,0,2026-07-01 18:39:20
7309,547,8196,0,2026-07-01 18:39:20
7310,547,17327,0,2026-07-01 18:39:20
7311,547,10622,0,2026-07-01 18:39:20
7312,547,16213,0,2026-07-01 18:39:20
7313,548,9717,0,2026-07-01 18:39:20
7314,548,12586,0,2026-07-01 18:39:20
7315,549,12586,0,2026-07-01 18:39:20
7316,549,9717,0,2026-07-01 18:39:20
7317,551,1515,0,2026-07-01 18:39:20
7318,551,17752,0,2026-07-01 18:39:20
7319,551,3628,0,2026-07-01 18:39:20
7320,551,5157,0,2026-07-01 18:39:20
7321,551,3610,0,2026-07-01 18:39:20
7322,551,17344,0,2026-07-01 18:39:20
7323,551,17753,0,2026-07-01 18:39:20
7324,551,17754,0,2026-07-01 18:39:20
7325,551,9744,0,2026-07-01 18:39:20
7326,552,9395,0,2026-07-01 18:39:20
7327,552,818,0,2026-07-01 18:39:20
7328,552,6119,0,2026-07-01 18:39:20
7329,552,8287,0,2026-07-01 18:39:20
7330,552,1914,0,2026-07-01 18:39:20
7331,559,9395,0,2026-07-01 18:39:20
7332,559,818,0,2026-07-01 18:39:20
7333,559,1915,0,2026-07-01 18:39:20
7334,559,426,0,2026-07-01 18:39:20
7335,559,13601,0,2026-07-01 18:39:20
7336,559,14632,0,2026-07-01 18:39:20
7337,559,3091,0,2026-07-01 18:39:20
7338,559,6119,0,2026-07-01 18:39:20
7339,562,17515,0,2026-07-01 18:39:20
7340,562,8202,0,2026-07-01 18:39:20
7341,562,14506,0,2026-07-01 18:39:20
7342,562,14508,0,2026-07-01 18:39:20
7343,562,10253,0,2026-07-01 18:39:20
7344,562,17327,0,2026-07-01 18:39:20
7345,563,5432,0,2026-07-01 18:39:20
7346,563,9667,0,2026-07-01 18:39:20
7347,563,9736,0,2026-07-01 18:39:20
7348,563,17448,0,2026-07-01 18:39:20
7349,563,17251,0,2026-07-01 18:39:20
7350,564,17314,0,2026-07-01 18:39:20
7351,564,15017,0,2026-07-01 18:39:20
7352,564,7865,0,2026-07-01 18:39:20
7353,564,11001,0,2026-07-01 18:39:20
7354,564,11066,0,2026-07-01 18:39:20
7355,565,17247,0,2026-07-01 18:39:20
7356,565,17344,0,2026-07-01 18:39:20
7357,565,9667,0,2026-07-01 18:39:20
7358,565,12331,0,2026-07-01 18:39:20
7359,565,12309,0,2026-07-01 18:39:20
7360,566,15017,0,2026-07-01 18:39:20
7361,566,13592,0,2026-07-01 18:39:20
7362,566,17758,0,2026-07-01 18:39:20
7363,567,12801,0,2026-07-01 18:39:20
7364,567,17759,0,2026-07-01 18:39:20
7365,567,11001,0,2026-07-01 18:39:20
7366,567,17743,0,2026-07-01 18:39:20
7367,568,16644,0,2026-07-01 18:39:20
7368,569,17575,0,2026-07-01 18:39:20
7369,569,17760,0,2026-07-01 18:39:20
7370,569,12587,0,2026-07-01 18:39:20
7371,569,17761,0,2026-07-01 18:39:20
7372,569,15160,0,2026-07-01 18:39:20
7373,569,17762,0,2026-07-01 18:39:20
7374,569,17763,0,2026-07-01 18:39:20
7375,569,17764,0,2026-07-01 18:39:20
7376,572,3091,0,2026-07-01 18:39:20
7377,572,17515,0,2026-07-01 18:39:20
7378,572,17353,0,2026-07-01 18:39:20
7379,573,6190,0,2026-07-01 18:39:20
7380,575,8191,0,2026-07-01 18:39:20
7381,575,17515,0,2026-07-01 18:39:20
7382,575,17713,0,2026-07-01 18:39:20
7383,575,17765,0,2026-07-01 18:39:20
7384,575,780,0,2026-07-01 18:39:20
7385,575,14506,0,2026-07-01 18:39:20
7386,575,17766,0,2026-07-01 18:39:20
7387,575,9744,0,2026-07-01 18:39:20
7388,575,7002,0,2026-07-01 18:39:20
7389,575,14508,0,2026-07-01 18:39:20
7390,576,17684,0,2026-07-01 18:39:20
7391,577,17674,0,2026-07-01 18:39:20
7392,577,17676,0,2026-07-01 18:39:20
7393,577,17774,0,2026-07-01 18:39:20
7394,578,11483,0,2026-07-01 18:39:20
7395,579,17684,0,2026-07-01 18:39:20
7396,580,17652,0,2026-07-01 18:39:20
7397,580,17555,0,2026-07-01 18:39:20
7398,580,17686,0,2026-07-01 18:39:20
7399,581,17663,0,2026-07-01 18:39:20
7400,581,17672,0,2026-07-01 18:39:20
7401,581,17674,0,2026-07-01 18:39:20
7402,581,17676,0,2026-07-01 18:39:20
7403,581,17775,0,2026-07-01 18:39:20
7404,582,3983,0,2026-07-01 18:39:20
7405,582,9424,0,2026-07-01 18:39:20
7406,582,17546,0,2026-07-01 18:39:20
7407,582,16908,0,2026-07-01 18:39:20
7408,582,17372,0,2026-07-01 18:39:20
7409,582,17371,0,2026-07-01 18:39:20
7410,582,17330,0,2026-07-01 18:39:20
7411,582,3818,0,2026-07-01 18:39:20
7412,583,17227,0,2026-07-01 18:39:20
7413,583,2860,0,2026-07-01 18:39:20
7414,583,4716,0,2026-07-01 18:39:20
7415,583,17307,0,2026-07-01 18:39:20
7416,584,17721,0,2026-07-01 18:39:20
7417,584,3983,0,2026-07-01 18:39:20
7418,584,11028,0,2026-07-01 18:39:20
7419,584,17227,0,2026-07-01 18:39:20
7420,584,17307,0,2026-07-01 18:39:20
7421,585,2860,0,2026-07-01 18:39:20
7422,585,4716,0,2026-07-01 18:39:20
7423,585,17227,0,2026-07-01 18:39:20
7424,585,3983,0,2026-07-01 18:39:20
7425,586,15652,0,2026-07-01 18:39:20
7426,586,7192,0,2026-07-01 18:39:20
7427,586,3479,0,2026-07-01 18:39:20
7428,586,7193,0,2026-07-01 18:39:20
7429,587,1971,0,2026-07-01 18:39:20
7430,587,2860,0,2026-07-01 18:39:20
7431,587,4716,0,2026-07-01 18:39:20
7432,587,17546,0,2026-07-01 18:39:20
7433,588,12949,0,2026-07-01 18:39:20
7434,588,2690,0,2026-07-01 18:39:20
7435,588,17597,0,2026-07-01 18:39:20
7436,588,3481,0,2026-07-01 18:39:20
7437,589,6711,0,2026-07-01 18:39:20
7438,589,6715,0,2026-07-01 18:39:20
7439,589,6044,0,2026-07-01 18:39:20
7440,589,7195,0,2026-07-01 18:39:20
7441,590,12284,0,2026-07-01 18:39:20
7442,590,17684,0,2026-07-01 18:39:20
7443,590,17672,0,2026-07-01 18:39:20
7444,592,426,0,2026-07-01 18:39:20
7445,592,9395,0,2026-07-01 18:39:20
7446,596,12375,0,2026-07-01 18:39:20
7447,596,15642,0,2026-07-01 18:39:20
7448,596,3032,0,2026-07-01 18:39:20
7449,597,17775,0,2026-07-01 18:39:20
7450,597,17674,0,2026-07-01 18:39:20
7451,598,9375,0,2026-07-01 18:39:20
7452,598,11106,0,2026-07-01 18:39:20
7453,598,15156,0,2026-07-01 18:39:20
7454,598,16684,0,2026-07-01 18:39:20
7455,598,17782,0,2026-07-01 18:39:20
7456,598,17783,0,2026-07-01 18:39:20
7457,598,17784,0,2026-07-01 18:39:20
7458,599,17784,0,2026-07-01 18:39:20
7459,599,12314,0,2026-07-01 18:39:20
7460,599,630,0,2026-07-01 18:39:20
7461,599,15156,0,2026-07-01 18:39:20
7462,599,9375,0,2026-07-01 18:39:20
7463,599,7765,0,2026-07-01 18:39:20
7464,599,17785,0,2026-07-01 18:39:20
7465,601,3460,0,2026-07-01 18:39:20
7466,601,3487,0,2026-07-01 18:39:20
7467,601,7284,0,2026-07-01 18:39:20
7468,601,9736,0,2026-07-01 18:39:20
7469,601,13388,0,2026-07-01 18:39:20
7470,601,17404,0,2026-07-01 18:39:20
7471,601,17543,0,2026-07-01 18:39:20
7472,602,10823,0,2026-07-01 18:39:20
7473,602,2688,0,2026-07-01 18:39:20
7474,603,1971,0,2026-07-01 18:39:20
7475,605,332,0,2026-07-01 18:39:20
7476,606,332,0,2026-07-01 18:39:20
7477,606,11324,0,2026-07-01 18:39:20
7478,607,17568,0,2026-07-01 18:39:20
7479,608,5245,0,2026-07-01 18:39:20
7480,608,17652,0,2026-07-01 18:39:20
7481,608,17555,0,2026-07-01 18:39:20
7482,609,5245,0,2026-07-01 18:39:20
7483,609,17775,0,2026-07-01 18:39:20
7484,609,17684,0,2026-07-01 18:39:20
7485,610,121,0,2026-07-01 18:39:20
7486,610,17775,0,2026-07-01 18:39:20
7487,610,17693,0,2026-07-01 18:39:20
7488,611,17563,0,2026-07-01 18:39:20
7489,613,17775,0,2026-07-01 18:39:20
7490,613,17575,0,2026-07-01 18:39:20
7491,614,17775,0,2026-07-01 18:39:20
7492,614,17674,0,2026-07-01 18:39:20
7493,614,17676,0,2026-07-01 18:39:20
7494,618,17557,0,2026-07-01 18:39:20
7495,618,17555,0,2026-07-01 18:39:20
7496,619,9104,0,2026-07-01 18:39:20
7497,619,17790,0,2026-07-01 18:39:20
7498,619,17494,0,2026-07-01 18:39:20
7499,619,17791,0,2026-07-01 18:39:20
7500,619,17792,0,2026-07-01 18:39:20
7501,619,8777,0,2026-07-01 18:39:20
7502,619,17793,0,2026-07-01 18:39:20
7503,619,17794,0,2026-07-01 18:39:20
7504,619,17795,0,2026-07-01 18:39:20
7505,619,17251,0,2026-07-01 18:39:20
7506,619,17446,0,2026-07-01 18:39:20
7507,619,17617,0,2026-07-01 18:39:20
7508,619,17448,0,2026-07-01 18:39:20
7509,620,17401,0,2026-07-01 18:39:20
7510,620,16007,0,2026-07-01 18:39:20
7511,620,17796,0,2026-07-01 18:39:20
7512,620,16005,0,2026-07-01 18:39:20
7513,620,7696,0,2026-07-01 18:39:20
7514,620,17797,0,2026-07-01 18:39:20
7515,622,17686,0,2026-07-01 18:39:20
7516,622,17693,0,2026-07-01 18:39:20
7517,622,17555,0,2026-07-01 18:39:20
7518,623,3471,0,2026-07-01 18:39:20
7519,623,3479,0,2026-07-01 18:39:20
7520,624,3458,0,2026-07-01 18:39:20
7521,624,3468,0,2026-07-01 18:39:20
7522,624,3484,0,2026-07-01 18:39:20
7523,625,3458,0,2026-07-01 18:39:20
7524,625,3481,0,2026-07-01 18:39:20
7525,625,3485,0,2026-07-01 18:39:20
7526,628,9730,0,2026-07-01 18:39:20
7527,628,3293,0,2026-07-01 18:39:20
7528,628,17565,0,2026-07-01 18:39:20
7529,629,17801,0,2026-07-01 18:39:20
7530,630,17803,0,2026-07-01 18:39:20
7531,631,17804,0,2026-07-01 18:39:20
7532,632,17805,0,2026-07-01 18:39:20
7533,633,3458,0,2026-07-01 18:39:20
7534,633,3058,0,2026-07-01 18:39:20
7535,633,17806,0,2026-07-01 18:39:20
7536,635,602,0,2026-07-01 18:39:20
7537,635,192,0,2026-07-01 18:39:20
7538,635,4137,0,2026-07-01 18:39:20
7539,635,17427,0,2026-07-01 18:39:20
7540,635,17451,0,2026-07-01 18:39:20
7541,635,248,0,2026-07-01 18:39:20
7542,635,7645,0,2026-07-01 18:39:20
7543,636,11001,0,2026-07-01 18:39:20
7544,637,2818,0,2026-07-01 18:39:20
7545,637,8696,0,2026-07-01 18:39:20
7546,637,11855,0,2026-07-01 18:39:20
7547,637,18968,0,2026-07-01 18:39:20
7548,638,602,0,2026-07-01 18:39:20
7549,638,816,0,2026-07-01 18:39:20
7550,638,3381,0,2026-07-01 18:39:20
7551,638,8196,0,2026-07-01 18:39:20
7552,638,11855,0,2026-07-01 18:39:20
7553,638,17775,0,2026-07-01 18:39:20
7554,639,3983,0,2026-07-01 18:39:20
7555,639,14238,0,2026-07-01 18:39:20
7556,639,17356,0,2026-07-01 18:39:20
7557,639,13645,0,2026-07-01 18:39:20
7558,639,13756,0,2026-07-01 18:39:20
7559,639,16908,0,2026-07-01 18:39:20
7560,639,17807,0,2026-07-01 18:39:20
7561,640,12932,0,2026-07-01 18:39:20
7562,640,14583,0,2026-07-01 18:39:20
7563,640,16914,0,2026-07-01 18:39:20
7564,640,16915,0,2026-07-01 18:39:20
7565,640,17808,0,2026-07-01 18:39:20
7566,641,17704,0,2026-07-01 18:39:20
7567,641,17809,0,2026-07-01 18:39:20
7568,642,17327,0,2026-07-01 18:39:20
7569,642,12576,0,2026-07-01 18:39:20
7570,642,12153,0,2026-07-01 18:39:20
7571,642,420,0,2026-07-01 18:39:20
7572,642,17810,0,2026-07-01 18:39:20
7573,643,17287,0,2026-07-01 18:39:20
7574,643,4089,0,2026-07-01 18:39:20
7575,643,816,0,2026-07-01 18:39:20
7576,643,17286,0,2026-07-01 18:39:20
7577,644,17575,0,2026-07-01 18:39:20
7578,644,17686,0,2026-07-01 18:39:20
7579,645,7679,0,2026-07-01 18:39:20
7580,645,13824,0,2026-07-01 18:39:20
7581,645,17811,0,2026-07-01 18:39:20
7582,645,17812,0,2026-07-01 18:39:20
7583,645,5805,0,2026-07-01 18:39:20
7584,646,17557,0,2026-07-01 18:39:20
7585,647,17263,0,2026-07-01 18:39:20
7586,647,2915,0,2026-07-01 18:39:20
7587,648,818,0,2026-07-01 18:39:20
7588,648,9395,0,2026-07-01 18:39:20
7589,648,9980,0,2026-07-01 18:39:20
7590,648,17589,0,2026-07-01 18:39:20
7591,648,17813,0,2026-07-01 18:39:20
7592,649,8805,0,2026-07-01 18:39:20
7593,649,12586,0,2026-07-01 18:39:20
7594,650,1137,0,2026-07-01 18:39:20
7595,650,3467,0,2026-07-01 18:39:20
7596,651,17828,0,2026-07-01 18:39:20
7597,651,3471,0,2026-07-01 18:39:20
7598,651,3487,0,2026-07-01 18:39:20
7599,651,17455,0,2026-07-01 18:39:20
7600,651,8940,0,2026-07-01 18:39:20
7601,652,17828,0,2026-07-01 18:39:20
7602,652,3471,0,2026-07-01 18:39:20
7603,652,3487,0,2026-07-01 18:39:20
7604,652,17455,0,2026-07-01 18:39:20
7605,652,8940,0,2026-07-01 18:39:20
7606,653,6891,0,2026-07-01 18:39:20
7607,653,2644,0,2026-07-01 18:39:20
7608,653,6907,0,2026-07-01 18:39:20
7609,654,17557,0,2026-07-01 18:39:20
7610,654,17575,0,2026-07-01 18:39:20
7611,655,17775,0,2026-07-01 18:39:20
7612,655,17575,0,2026-07-01 18:39:20
7613,656,17686,0,2026-07-01 18:39:20
7614,656,5668,0,2026-07-01 18:39:20
7615,657,17775,0,2026-07-01 18:39:20
7616,658,17557,0,2026-07-01 18:39:20
7617,658,17555,0,2026-07-01 18:39:20
7618,658,17575,0,2026-07-01 18:39:20
7619,659,17557,0,2026-07-01 18:39:20
7620,659,17775,0,2026-07-01 18:39:20
7621,659,17686,0,2026-07-01 18:39:20
7622,659,17678,0,2026-07-01 18:39:20
7623,659,17668,0,2026-07-01 18:39:20
7624,660,17555,0,2026-07-01 18:39:20
7625,661,17783,0,2026-07-01 18:39:20
7626,662,17557,0,2026-07-01 18:39:20
7627,663,17557,0,2026-07-01 18:39:20
7628,665,17557,0,2026-07-01 18:39:20
7629,665,17652,0,2026-07-01 18:39:20
7630,666,17555,0,2026-07-01 18:39:20
7631,666,17557,0,2026-07-01 18:39:20
7632,667,3635,0,2026-07-01 18:39:20
7633,667,17247,0,2026-07-01 18:39:20
7634,671,17555,0,2026-07-01 18:39:20
7635,671,17841,0,2026-07-01 18:39:20
7636,671,17686,0,2026-07-01 18:39:20
7637,672,15281,0,2026-07-01 18:39:20
7638,672,9395,0,2026-07-01 18:39:20
7639,672,17565,0,2026-07-01 18:39:20
7640,672,17672,0,2026-07-01 18:39:20
7641,672,5158,0,2026-07-01 18:39:20
7642,672,13622,0,2026-07-01 18:39:20
7643,672,423,0,2026-07-01 18:39:20
7644,672,14632,0,2026-07-01 18:39:20
7645,672,12576,0,2026-07-01 18:39:20
7646,672,17781,0,2026-07-01 18:39:20
7647,673,9795,0,2026-07-01 18:39:20
7648,673,17775,0,2026-07-01 18:39:20
7649,674,17652,0,2026-07-01 18:39:20
7650,674,17775,0,2026-07-01 18:39:20
7651,676,17557,0,2026-07-01 18:39:20
7652,676,17775,0,2026-07-01 18:39:20
7653,677,17686,0,2026-07-01 18:39:20
7654,677,17684,0,2026-07-01 18:39:20
7655,678,17684,0,2026-07-01 18:39:20
7656,678,17672,0,2026-07-01 18:39:20
7657,679,13791,0,2026-07-01 18:39:20
7658,681,17327,0,2026-07-01 18:39:20
7659,681,17627,0,2026-07-01 18:39:20
7660,681,10622,0,2026-07-01 18:39:20
7661,681,9980,0,2026-07-01 18:39:20
7662,684,17680,0,2026-07-01 18:39:20
7663,685,6615,0,2026-07-01 18:39:20
7664,685,1618,0,2026-07-01 18:39:20
7665,685,370,0,2026-07-01 18:39:20
7666,686,3622,0,2026-07-01 18:39:20
7667,686,1515,0,2026-07-01 18:39:20
7668,686,9744,0,2026-07-01 18:39:20
7669,686,9736,0,2026-07-01 18:39:20
7670,686,12576,0,2026-07-01 18:39:20
7671,686,17563,0,2026-07-01 18:39:20
7672,687,5204,0,2026-07-01 18:39:20
7673,687,5203,0,2026-07-01 18:39:20
7674,688,5260,0,2026-07-01 18:39:20
7675,688,2677,0,2026-07-01 18:39:20
7676,688,1800,0,2026-07-01 18:39:20
7677,688,118,0,2026-07-01 18:39:20
7678,688,16190,0,2026-07-01 18:39:20
7679,688,1455,0,2026-07-01 18:39:20
7680,689,12576,0,2026-07-01 18:39:20
7681,689,9280,0,2026-07-01 18:39:20
7682,689,17860,0,2026-07-01 18:39:20
7683,690,17669,0,2026-07-01 18:39:20
7684,690,17678,0,2026-07-01 18:39:20
7685,690,17841,0,2026-07-01 18:39:20
7686,691,17227,0,2026-07-01 18:39:20
7687,691,17555,0,2026-07-01 18:39:20
7688,691,17575,0,2026-07-01 18:39:20
7689,691,15156,0,2026-07-01 18:39:20
7690,691,13323,0,2026-07-01 18:39:20
7691,691,2368,0,2026-07-01 18:39:20
7692,692,13323,0,2026-07-01 18:39:20
7693,692,17555,0,2026-07-01 18:39:20
7694,694,17484,0,2026-07-01 18:39:20
7695,694,3599,0,2026-07-01 18:39:20
7696,694,17513,0,2026-07-01 18:39:20
7697,694,17353,0,2026-07-01 18:39:20
7698,695,17555,0,2026-07-01 18:39:20
7699,695,17841,0,2026-07-01 18:39:20
7700,696,3622,0,2026-07-01 18:39:20
7701,696,17841,0,2026-07-01 18:39:20
7702,696,17684,0,2026-07-01 18:39:20
7703,696,17672,0,2026-07-01 18:39:20
7704,697,17775,0,2026-07-01 18:39:20
7705,697,17557,0,2026-07-01 18:39:20
7706,700,17557,0,2026-07-01 18:39:20
7707,700,17555,0,2026-07-01 18:39:20
7708,702,13791,0,2026-07-01 18:39:20
7709,702,17652,0,2026-07-01 18:39:20
7710,706,7061,0,2026-07-01 18:39:20
7711,706,13399,0,2026-07-01 18:39:20
7712,706,4571,0,2026-07-01 18:39:20
7713,706,4808,0,2026-07-01 18:39:20
7714,707,17398,0,2026-07-01 18:39:20
7715,707,6528,0,2026-07-01 18:39:20
7716,707,13756,0,2026-07-01 18:39:20
7717,707,14150,0,2026-07-01 18:39:20
7718,707,1617,0,2026-07-01 18:39:20
7719,707,17404,0,2026-07-01 18:39:20
7720,707,3983,0,2026-07-01 18:39:20
7721,708,4519,0,2026-07-01 18:39:20
7722,708,13758,0,2026-07-01 18:39:20
7723,708,17333,0,2026-07-01 18:39:20
7724,708,17334,0,2026-07-01 18:39:20
7725,709,17505,0,2026-07-01 18:39:20
7726,709,7061,0,2026-07-01 18:39:20
7727,709,13399,0,2026-07-01 18:39:20
7728,709,2871,0,2026-07-01 18:39:20
7729,709,17702,0,2026-07-01 18:39:20
7730,709,271,0,2026-07-01 18:39:20
7731,710,17557,0,2026-07-01 18:39:20
7732,710,17841,0,2026-07-01 18:39:20
7733,711,17557,0,2026-07-01 18:39:20
7734,712,17575,0,2026-07-01 18:39:20
7735,713,12576,0,2026-07-01 18:39:20
7736,713,3032,0,2026-07-01 18:39:20
7737,713,2915,0,2026-07-01 18:39:20
7738,713,9280,0,2026-07-01 18:39:20
7739,713,1351,0,2026-07-01 18:39:20
7740,714,17684,0,2026-07-01 18:39:20
7741,714,17672,0,2026-07-01 18:39:20
7742,716,17557,0,2026-07-01 18:39:20
7743,717,17557,0,2026-07-01 18:39:20
7744,717,17555,0,2026-07-01 18:39:20
7745,717,17693,0,2026-07-01 18:39:20
7746,718,17575,0,2026-07-01 18:39:20
7747,718,17841,0,2026-07-01 18:39:20
7748,718,17871,0,2026-07-01 18:39:20
7749,718,17872,0,2026-07-01 18:39:20
7750,718,17873,0,2026-07-01 18:39:20
7751,718,15152,0,2026-07-01 18:39:20
7752,718,17263,0,2026-07-01 18:39:20
7753,718,17263,0,2026-07-01 18:39:20
7754,718,17831,0,2026-07-01 18:39:20
7755,718,17874,0,2026-07-01 18:39:20
7756,719,17775,0,2026-07-01 18:39:20
7757,720,6615,0,2026-07-01 18:39:20
7758,720,16261,0,2026-07-01 18:39:20
7759,721,17575,0,2026-07-01 18:39:20
7760,722,17738,0,2026-07-01 18:39:20
7761,723,17557,0,2026-07-01 18:39:20
7762,723,17575,0,2026-07-01 18:39:20
7763,724,17484,0,2026-07-01 18:39:20
7764,724,689,0,2026-07-01 18:39:20
7765,725,17461,0,2026-07-01 18:39:20
7766,725,17775,0,2026-07-01 18:39:20
7767,725,17555,0,2026-07-01 18:39:20
7768,726,17775,0,2026-07-01 18:39:20
7769,726,17557,0,2026-07-01 18:39:20
7770,727,17575,0,2026-07-01 18:39:20
7771,728,17612,0,2026-07-01 18:39:20
7772,728,17610,0,2026-07-01 18:39:20
7773,728,17605,0,2026-07-01 18:39:20
7774,728,17686,0,2026-07-01 18:39:20
7775,729,17557,0,2026-07-01 18:39:20
7776,729,17575,0,2026-07-01 18:39:20
7777,730,4281,0,2026-07-01 18:39:20
7778,731,17602,0,2026-07-01 18:39:20
7779,731,3622,0,2026-07-01 18:39:20
7780,732,14238,0,2026-07-01 18:39:20
7781,732,14237,0,2026-07-01 18:39:20
7782,733,17686,0,2026-07-01 18:39:20
7783,733,17358,0,2026-07-01 18:39:20
7784,733,17878,0,2026-07-01 18:39:20
7785,733,220,0,2026-07-01 18:39:20
7786,733,10127,0,2026-07-01 18:39:20
7787,733,16356,0,2026-07-01 18:39:20
7788,733,9748,0,2026-07-01 18:39:20
7789,733,17544,0,2026-07-01 18:39:20
7790,733,17879,0,2026-07-01 18:39:20
7791,733,17880,0,2026-07-01 18:39:20
7792,733,17881,0,2026-07-01 18:39:20
7793,733,17882,0,2026-07-01 18:39:20
7794,734,117,0,2026-07-01 18:39:20
7795,734,17557,0,2026-07-01 18:39:20
7796,735,17575,0,2026-07-01 18:39:20
7797,735,17693,0,2026-07-01 18:39:20
7798,736,17557,0,2026-07-01 18:39:20
7799,738,17684,0,2026-07-01 18:39:20
7800,738,17676,0,2026-07-01 18:39:20
7801,738,17678,0,2026-07-01 18:39:20
7802,738,17672,0,2026-07-01 18:39:20
7803,739,17684,0,2026-07-01 18:39:20
7804,740,17684,0,2026-07-01 18:39:20
7805,740,689,0,2026-07-01 18:39:20
7806,740,690,0,2026-07-01 18:39:20
7807,740,17484,0,2026-07-01 18:39:20
7808,740,17671,0,2026-07-01 18:39:20
7809,741,3467,0,2026-07-01 18:39:20
7810,742,17686,0,2026-07-01 18:39:20
7811,742,17684,0,2026-07-01 18:39:20
7812,743,3046,0,2026-07-01 18:39:20
7813,743,7862,0,2026-07-01 18:39:20
7814,743,17441,0,2026-07-01 18:39:20
7815,743,17905,0,2026-07-01 18:39:20
7816,744,420,0,2026-07-01 18:39:20
7817,744,6119,0,2026-07-01 18:39:20
7818,744,12835,0,2026-07-01 18:39:20
7819,744,17781,0,2026-07-01 18:39:20
7820,744,818,0,2026-07-01 18:39:20
7821,745,7024,0,2026-07-01 18:39:20
7822,745,3635,0,2026-07-01 18:39:20
7823,745,15429,0,2026-07-01 18:39:20
7824,747,17686,0,2026-07-01 18:39:20
7825,749,9736,0,2026-07-01 18:39:20
7826,749,116,0,2026-07-01 18:39:20
7827,749,15157,0,2026-07-01 18:39:20
7828,750,6615,0,2026-07-01 18:39:20
7829,750,15030,0,2026-07-01 18:39:20
7830,750,17712,0,2026-07-01 18:39:20
7831,750,17344,0,2026-07-01 18:39:20
7832,750,17303,0,2026-07-01 18:39:20
7833,750,17405,0,2026-07-01 18:39:20
7834,751,4211,0,2026-07-01 18:39:20
7835,751,5625,0,2026-07-01 18:39:20
7836,752,17557,0,2026-07-01 18:39:20
7837,753,17557,0,2026-07-01 18:39:20
7838,754,17909,0,2026-07-01 18:39:20
7839,757,17684,0,2026-07-01 18:39:20
7840,757,17682,0,2026-07-01 18:39:20
7841,758,17775,0,2026-07-01 18:39:20
7842,758,705,0,2026-07-01 18:39:20
7843,758,10622,0,2026-07-01 18:39:20
7844,760,17674,0,2026-07-01 18:39:20
7845,760,17775,0,2026-07-01 18:39:20
7846,763,17555,0,2026-07-01 18:39:20
7847,764,17884,0,2026-07-01 18:39:20
7848,765,16534,0,2026-07-01 18:39:20
7849,765,14819,0,2026-07-01 18:39:20
7850,765,7873,0,2026-07-01 18:39:20
7851,765,7872,0,2026-07-01 18:39:20
7852,765,16532,0,2026-07-01 18:39:20
7853,765,3622,0,2026-07-01 18:39:20
7854,766,426,0,2026-07-01 18:39:20
7855,766,818,0,2026-07-01 18:39:20
7856,766,4868,0,2026-07-01 18:39:20
7857,766,6119,0,2026-07-01 18:39:20
7858,766,6728,0,2026-07-01 18:39:20
7859,766,9061,0,2026-07-01 18:39:20
7860,766,15281,0,2026-07-01 18:39:20
7861,766,17849,0,2026-07-01 18:39:20
7862,766,16731,0,2026-07-01 18:39:20
7863,766,10253,0,2026-07-01 18:39:20
7864,767,17684,0,2026-07-01 18:39:20
7865,768,17684,0,2026-07-01 18:39:20
7866,769,17684,0,2026-07-01 18:39:20
7867,770,17684,0,2026-07-01 18:39:20
7868,771,17684,0,2026-07-01 18:39:20
7869,772,17684,0,2026-07-01 18:39:20
7870,773,17557,0,2026-07-01 18:39:20
7871,774,17557,0,2026-07-01 18:39:20
7872,775,17849,0,2026-07-01 18:39:20
7873,775,9395,0,2026-07-01 18:39:20
7874,775,12835,0,2026-07-01 18:39:20
7875,775,3420,0,2026-07-01 18:39:20
7876,775,1389,0,2026-07-01 18:39:20
7877,775,17593,0,2026-07-01 18:39:20
7878,775,818,0,2026-07-01 18:39:20
7879,775,11724,0,2026-07-01 18:39:20
7880,776,17849,0,2026-07-01 18:39:20
7881,776,9395,0,2026-07-01 18:39:20
7882,776,17781,0,2026-07-01 18:39:20
7883,776,818,0,2026-07-01 18:39:20
7884,776,11724,0,2026-07-01 18:39:20
7885,776,8295,0,2026-07-01 18:39:20
7886,776,1389,0,2026-07-01 18:39:20
7887,777,17886,0,2026-07-01 18:39:20
7888,777,4716,0,2026-07-01 18:39:20
7889,777,2860,0,2026-07-01 18:39:20
7890,778,2860,0,2026-07-01 18:39:20
7891,778,4072,0,2026-07-01 18:39:20
7892,779,17686,0,2026-07-01 18:39:20
7893,783,17425,0,2026-07-01 18:39:20
7894,784,17557,0,2026-07-01 18:39:20
7895,785,17280,0,2026-07-01 18:39:20
7896,786,14,0,2026-07-01 18:39:20
7897,786,16329,0,2026-07-01 18:39:20
7898,787,17686,0,2026-07-01 18:39:20
7899,788,17684,0,2026-07-01 18:39:20
7900,789,17775,0,2026-07-01 18:39:20
7901,789,17693,0,2026-07-01 18:39:20
7902,790,1164,0,2026-07-01 18:39:20
7903,790,9736,0,2026-07-01 18:39:20
7904,790,17711,0,2026-07-01 18:39:20
7905,790,10253,0,2026-07-01 18:39:20
7906,790,2212,0,2026-07-01 18:39:20
7907,790,1168,0,2026-07-01 18:39:20
7908,791,3622,0,2026-07-01 18:39:20
7909,791,1168,0,2026-07-01 18:39:20
7910,791,1172,0,2026-07-01 18:39:20
7911,791,2212,0,2026-07-01 18:39:20
7912,791,9736,0,2026-07-01 18:39:20
7913,791,5248,0,2026-07-01 18:39:20
7914,791,9744,0,2026-07-01 18:39:20
7915,792,5665,0,2026-07-01 18:39:20
7916,792,269,0,2026-07-01 18:39:20
7917,793,17286,0,2026-07-01 18:39:20
7918,793,12934,0,2026-07-01 18:39:20
7919,793,17475,0,2026-07-01 18:39:20
7920,794,17286,0,2026-07-01 18:39:20
7921,794,12934,0,2026-07-01 18:39:20
7922,795,17935,0,2026-07-01 18:39:20
7923,797,17884,0,2026-07-01 18:39:20
7924,797,17686,0,2026-07-01 18:39:20
7925,797,17684,0,2026-07-01 18:39:20
7926,798,17557,0,2026-07-01 18:39:20
7927,799,17557,0,2026-07-01 18:39:20
7928,799,11551,0,2026-07-01 18:39:20
7929,800,17460,0,2026-07-01 18:39:20
7930,800,17555,0,2026-07-01 18:39:20
7931,802,17555,0,2026-07-01 18:39:20
7932,802,17575,0,2026-07-01 18:39:20
7933,802,17908,0,2026-07-01 18:39:20
7934,802,17841,0,2026-07-01 18:39:20
7935,803,17693,0,2026-07-01 18:39:20
7936,804,14256,0,2026-07-01 18:39:20
7937,805,3468,0,2026-07-01 18:39:20
7938,806,14256,0,2026-07-01 18:39:20
7939,807,7778,0,2026-07-01 18:39:20
7940,809,14259,0,2026-07-01 18:39:20
7941,810,17575,0,2026-07-01 18:39:20
7942,812,17941,0,2026-07-01 18:39:20
7943,813,15017,0,2026-07-01 18:39:20
7944,814,17316,0,2026-07-01 18:39:20
7945,814,17251,0,2026-07-01 18:39:20
7946,814,17404,0,2026-07-01 18:39:20
7947,815,17804,0,2026-07-01 18:39:20
7948,815,17514,0,2026-07-01 18:39:20
7949,816,13792,0,2026-07-01 18:39:20
7950,817,6603,0,2026-07-01 18:39:20
7951,818,17944,0,2026-07-01 18:39:20
7952,819,17686,0,2026-07-01 18:39:20
7953,820,17575,0,2026-07-01 18:39:20
7954,820,17686,0,2026-07-01 18:39:20
7955,820,17672,0,2026-07-01 18:39:20
7956,820,17678,0,2026-07-01 18:39:20
7957,821,17575,0,2026-07-01 18:39:20
7958,821,17557,0,2026-07-01 18:39:20
7959,822,17557,0,2026-07-01 18:39:20
7960,823,17841,0,2026-07-01 18:39:20
7961,823,17840,0,2026-07-01 18:39:20
7962,823,3484,0,2026-07-01 18:39:20
7963,823,9414,0,2026-07-01 18:39:20
7964,825,17555,0,2026-07-01 18:39:20
7965,825,17652,0,2026-07-01 18:39:20
7966,825,17575,0,2026-07-01 18:39:20
7967,829,17557,0,2026-07-01 18:39:20
7968,829,17555,0,2026-07-01 18:39:20
7969,830,17672,0,2026-07-01 18:39:20
7970,831,13756,0,2026-07-01 18:39:20
7971,831,17885,0,2026-07-01 18:39:20
7972,832,1933,0,2026-07-01 18:39:20
7973,832,17575,0,2026-07-01 18:39:20
7974,832,17652,0,2026-07-01 18:39:20
7975,832,17884,0,2026-07-01 18:39:20
7976,833,17555,0,2026-07-01 18:39:20
7977,833,4041,0,2026-07-01 18:39:20
7978,833,17227,0,2026-07-01 18:39:20
7979,833,17922,0,2026-07-01 18:39:20
7980,833,17482,0,2026-07-01 18:39:20
7981,833,15157,0,2026-07-01 18:39:20
7982,833,17949,0,2026-07-01 18:39:20
7983,833,17841,0,2026-07-01 18:39:20
7984,833,17686,0,2026-07-01 18:39:20
7985,833,17684,0,2026-07-01 18:39:20
7986,835,17686,0,2026-07-01 18:39:20
7987,835,17674,0,2026-07-01 18:39:20
7988,836,17674,0,2026-07-01 18:39:20
7989,837,17674,0,2026-07-01 18:39:20
7990,838,17953,0,2026-07-01 18:39:20
7991,839,9327,0,2026-07-01 18:39:20
7992,840,12536,0,2026-07-01 18:39:20
7993,840,269,0,2026-07-01 18:39:20
7994,840,3487,0,2026-07-01 18:39:20
7995,840,4148,0,2026-07-01 18:39:20
7996,841,17884,0,2026-07-01 18:39:20
7997,841,17693,0,2026-07-01 18:39:20
7998,841,17678,0,2026-07-01 18:39:20
7999,842,17557,0,2026-07-01 18:39:20
8000,842,17775,0,2026-07-01 18:39:20
8001,843,3622,0,2026-07-01 18:39:20
8002,843,9736,0,2026-07-01 18:39:20
8003,843,17377,0,2026-07-01 18:39:20
8004,843,12576,0,2026-07-01 18:39:20
8005,843,10253,0,2026-07-01 18:39:20
8006,844,17227,0,2026-07-01 18:39:20
8007,844,5201,0,2026-07-01 18:39:20
8008,844,332,0,2026-07-01 18:39:20
8009,844,4041,0,2026-07-01 18:39:20
8010,844,2442,0,2026-07-01 18:39:20
8011,845,17841,0,2026-07-01 18:39:20
8012,845,6612,0,2026-07-01 18:39:20
8013,845,17251,0,2026-07-01 18:39:20
8014,845,17404,0,2026-07-01 18:39:20
8015,845,17955,0,2026-07-01 18:39:20
8016,845,17956,0,2026-07-01 18:39:20
8017,845,5437,0,2026-07-01 18:39:20
8018,845,6529,0,2026-07-01 18:39:20
8019,845,17372,0,2026-07-01 18:39:20
8020,845,17957,0,2026-07-01 18:39:20
8021,845,14238,0,2026-07-01 18:39:20
8022,845,14150,0,2026-07-01 18:39:20
8023,845,17925,0,2026-07-01 18:39:20
8024,845,17958,0,2026-07-01 18:39:20
8025,845,17652,0,2026-07-01 18:39:20
8026,845,17959,0,2026-07-01 18:39:20
8027,845,6531,0,2026-07-01 18:39:20
8028,846,17884,0,2026-07-01 18:39:20
8029,847,1023,0,2026-07-01 18:39:20
8030,847,12589,0,2026-07-01 18:39:20
8031,847,9393,0,2026-07-01 18:39:20
8032,847,17684,0,2026-07-01 18:39:20
8033,848,12308,0,2026-07-01 18:39:20
8034,848,17575,0,2026-07-01 18:39:20
8035,848,3479,0,2026-07-01 18:39:20
8036,849,17961,0,2026-07-01 18:39:20
8037,850,5924,0,2026-07-01 18:39:20
8038,850,17962,0,2026-07-01 18:39:20
8039,851,17963,0,2026-07-01 18:39:20
8040,852,5245,0,2026-07-01 18:39:20
8041,852,17819,0,2026-07-01 18:39:20
8042,853,602,0,2026-07-01 18:39:20
8043,854,14954,0,2026-07-01 18:39:20
8044,854,602,0,2026-07-01 18:39:20
8045,855,8191,0,2026-07-01 18:39:20
8046,855,14504,0,2026-07-01 18:39:20
8047,855,4630,0,2026-07-01 18:39:20
8048,855,3752,0,2026-07-01 18:39:20
8049,855,666,0,2026-07-01 18:39:20
8050,855,3655,0,2026-07-01 18:39:20
8051,855,17713,0,2026-07-01 18:39:20
8052,856,17684,0,2026-07-01 18:39:20
8053,856,17686,0,2026-07-01 18:39:20
8054,856,17672,0,2026-07-01 18:39:20
8055,856,17676,0,2026-07-01 18:39:20
8056,857,2442,0,2026-07-01 18:39:20
8057,857,3726,0,2026-07-01 18:39:20
8058,857,17227,0,2026-07-01 18:39:20
8059,857,15156,0,2026-07-01 18:39:20
8060,857,4038,0,2026-07-01 18:39:20
8061,857,17966,0,2026-07-01 18:39:20
8062,858,17686,0,2026-07-01 18:39:20
8063,859,17672,0,2026-07-01 18:39:20
8064,859,17686,0,2026-07-01 18:39:20
8065,861,17970,0,2026-07-01 18:39:20
8066,862,17971,0,2026-07-01 18:39:20
8067,863,17841,0,2026-07-01 18:39:20
8068,863,17652,0,2026-07-01 18:39:20
8069,863,17555,0,2026-07-01 18:39:20
8070,864,17976,0,2026-07-01 18:39:20
8071,867,7234,0,2026-07-01 18:39:20
8072,869,602,0,2026-07-01 18:39:20
8073,869,2720,0,2026-07-01 18:39:20
8074,869,2969,0,2026-07-01 18:39:20
8075,869,8987,0,2026-07-01 18:39:20
8076,869,17247,0,2026-07-01 18:39:20
8077,869,17775,0,2026-07-01 18:39:20
8078,870,17977,0,2026-07-01 18:39:20
8079,871,1526,0,2026-07-01 18:39:20
8080,871,3635,0,2026-07-01 18:39:20
8081,871,17309,0,2026-07-01 18:39:20
8082,871,16356,0,2026-07-01 18:39:20
8083,872,17978,0,2026-07-01 18:39:20
8084,872,17309,0,2026-07-01 18:39:20
8085,872,3087,0,2026-07-01 18:39:20
8086,872,17274,0,2026-07-01 18:39:20
8087,872,17979,0,2026-07-01 18:39:20
8088,872,1526,0,2026-07-01 18:39:20
8089,873,17953,0,2026-07-01 18:39:20
8090,873,17775,0,2026-07-01 18:39:20
8091,874,17557,0,2026-07-01 18:39:20
8092,875,17555,0,2026-07-01 18:39:20
8093,875,17575,0,2026-07-01 18:39:20
8094,875,17841,0,2026-07-01 18:39:20
8095,876,17980,0,2026-07-01 18:39:20
8096,876,17981,0,2026-07-01 18:39:20
8097,876,17982,0,2026-07-01 18:39:20
8098,876,17983,0,2026-07-01 18:39:20
8099,876,17984,0,2026-07-01 18:39:20
8100,876,7822,0,2026-07-01 18:39:20
8101,877,17980,0,2026-07-01 18:39:20
8102,877,17981,0,2026-07-01 18:39:20
8103,877,17985,0,2026-07-01 18:39:20
8104,877,17986,0,2026-07-01 18:39:20
8105,877,17987,0,2026-07-01 18:39:20
8106,878,1153,0,2026-07-01 18:39:20
8107,878,9736,0,2026-07-01 18:39:20
8108,878,17988,0,2026-07-01 18:39:20
8109,879,122,0,2026-07-01 18:39:20
8110,879,17989,0,2026-07-01 18:39:20
8111,879,17884,0,2026-07-01 18:39:20
8112,879,5248,0,2026-07-01 18:39:20
8113,879,16356,0,2026-07-01 18:39:20
8114,880,17965,0,2026-07-01 18:39:20
8115,880,818,0,2026-07-01 18:39:20
8116,880,17991,0,2026-07-01 18:39:20
8117,881,5665,0,2026-07-01 18:39:20
8118,884,17775,0,2026-07-01 18:39:20
8119,886,17547,0,2026-07-01 18:39:20
8120,887,13777,0,2026-07-01 18:39:20
8121,887,17993,0,2026-07-01 18:39:20
8122,888,10450,0,2026-07-01 18:39:20
8123,888,2964,0,2026-07-01 18:39:20
8124,888,17884,0,2026-07-01 18:39:20
8125,888,12884,0,2026-07-01 18:39:20
8126,889,17994,0,2026-07-01 18:39:20
8127,892,17674,0,2026-07-01 18:39:20
8128,892,17775,0,2026-07-01 18:39:20
8129,893,3622,0,2026-07-01 18:39:20
8130,893,3657,0,2026-07-01 18:39:20
8131,893,3628,0,2026-07-01 18:39:20
8132,894,3091,0,2026-07-01 18:39:20
8133,895,17557,0,2026-07-01 18:39:20
8134,896,13756,0,2026-07-01 18:39:20
8135,896,17293,0,2026-07-01 18:39:20
8136,896,17372,0,2026-07-01 18:39:20
8137,896,12495,0,2026-07-01 18:39:20
8138,896,16908,0,2026-07-01 18:39:20
8139,897,9661,0,2026-07-01 18:39:20
8140,897,9662,0,2026-07-01 18:39:20
8141,897,9663,0,2026-07-01 18:39:20
8142,897,1153,0,2026-07-01 18:39:20
8143,898,17996,0,2026-07-01 18:39:20
8144,899,17314,0,2026-07-01 18:39:20
8145,899,11553,0,2026-07-01 18:39:20
8146,899,1116,0,2026-07-01 18:39:20
8147,899,8845,0,2026-07-01 18:39:20
8148,899,17997,0,2026-07-01 18:39:20
8149,900,17557,0,2026-07-01 18:39:20
8150,901,17557,0,2026-07-01 18:39:20
8151,902,7649,0,2026-07-01 18:39:20
8152,902,7664,0,2026-07-01 18:39:20
8153,903,11141,0,2026-07-01 18:39:20
8154,904,17884,0,2026-07-01 18:39:20
8155,905,2871,0,2026-07-01 18:39:20
8156,905,8137,0,2026-07-01 18:39:20
8157,905,11551,0,2026-07-01 18:39:20
8158,905,12801,0,2026-07-01 18:39:20
8159,905,17505,0,2026-07-01 18:39:20
8160,905,17538,0,2026-07-01 18:39:20
8161,905,17655,0,2026-07-01 18:39:20
8162,906,17314,0,2026-07-01 18:39:20
8163,906,17655,0,2026-07-01 18:39:20
8164,906,11551,0,2026-07-01 18:39:20
8165,906,1028,0,2026-07-01 18:39:20
8166,906,12797,0,2026-07-01 18:39:20
8167,906,18000,0,2026-07-01 18:39:20
8168,906,2915,0,2026-07-01 18:39:20
8169,906,11001,0,2026-07-01 18:39:20
8170,906,5284,0,2026-07-01 18:39:20
8171,906,17442,0,2026-07-01 18:39:20
8172,906,18001,0,2026-07-01 18:39:20
8173,906,3293,0,2026-07-01 18:39:20
8174,907,1312,0,2026-07-01 18:39:20
8175,907,17698,0,2026-07-01 18:39:20
8176,907,12838,0,2026-07-01 18:39:20
8177,907,12839,0,2026-07-01 18:39:20
8178,907,870,0,2026-07-01 18:39:20
8179,907,7829,0,2026-07-01 18:39:20
8180,907,2632,0,2026-07-01 18:39:20
8181,907,3000,0,2026-07-01 18:39:20
8182,907,3018,0,2026-07-01 18:39:20
8183,907,3043,0,2026-07-01 18:39:20
8184,907,3110,0,2026-07-01 18:39:20
8185,907,3281,0,2026-07-01 18:39:20
8186,907,3524,0,2026-07-01 18:39:20
8187,907,4087,0,2026-07-01 18:39:20
8188,907,4822,0,2026-07-01 18:39:20
8189,907,4951,0,2026-07-01 18:39:20
8190,907,5126,0,2026-07-01 18:39:20
8191,907,4823,0,2026-07-01 18:39:20
8192,907,8845,0,2026-07-01 18:39:20
8193,907,8848,0,2026-07-01 18:39:20
8194,907,8844,0,2026-07-01 18:39:20
8195,907,8856,0,2026-07-01 18:39:20
8196,907,8857,0,2026-07-01 18:39:20
8197,907,8861,0,2026-07-01 18:39:20
8198,908,17693,0,2026-07-01 18:39:20
8199,910,3091,0,2026-07-01 18:39:20
8200,910,10253,0,2026-07-01 18:39:20
8201,910,17589,0,2026-07-01 18:39:20
8202,910,8287,0,2026-07-01 18:39:20
8203,910,13622,0,2026-07-01 18:39:20
8204,910,14632,0,2026-07-01 18:39:20
8205,910,13710,0,2026-07-01 18:39:20
8206,910,9474,0,2026-07-01 18:39:20
8207,912,3293,0,2026-07-01 18:39:20
8208,912,9395,0,2026-07-01 18:39:20
8209,912,17565,0,2026-07-01 18:39:20
8210,912,13710,0,2026-07-01 18:39:20
8211,912,4519,0,2026-07-01 18:39:20
8212,912,1963,0,2026-07-01 18:39:20
8213,913,17775,0,2026-07-01 18:39:20
8214,915,18003,0,2026-07-01 18:39:20
8215,915,17557,0,2026-07-01 18:39:20
8216,916,818,0,2026-07-01 18:39:20
8217,916,3789,0,2026-07-01 18:39:20
8218,916,9920,0,2026-07-01 18:39:20
8219,916,14275,0,2026-07-01 18:39:20
8220,916,17965,0,2026-07-01 18:39:20
8221,916,18004,0,2026-07-01 18:39:20
8222,916,18005,0,2026-07-01 18:39:20
8223,917,818,0,2026-07-01 18:39:20
8224,917,9920,0,2026-07-01 18:39:20
8225,917,14583,0,2026-07-01 18:39:20
8226,917,17965,0,2026-07-01 18:39:20
8227,918,17965,0,2026-07-01 18:39:20
8228,918,426,0,2026-07-01 18:39:20
8229,918,17591,0,2026-07-01 18:39:20
8230,918,17592,0,2026-07-01 18:39:20
8231,918,15288,0,2026-07-01 18:39:20
8232,919,17908,0,2026-07-01 18:39:20
8233,919,17969,0,2026-07-01 18:39:20
8234,919,17841,0,2026-07-01 18:39:20
8235,922,15926,0,2026-07-01 18:39:20
8236,923,12586,0,2026-07-01 18:39:20
8237,923,17965,0,2026-07-01 18:39:20
8238,923,8287,0,2026-07-01 18:39:20
8239,923,10253,0,2026-07-01 18:39:20
8240,924,17557,0,2026-07-01 18:39:20
8241,924,17775,0,2026-07-01 18:39:20
8242,925,17841,0,2026-07-01 18:39:20
8243,926,117,0,2026-07-01 18:39:20
8244,926,17263,0,2026-07-01 18:39:20
8245,926,17282,0,2026-07-01 18:39:20
8246,927,13709,0,2026-07-01 18:39:20
8247,927,18011,0,2026-07-01 18:39:20
8248,927,18012,0,2026-07-01 18:39:20
8249,928,13709,0,2026-07-01 18:39:20
8250,928,18012,0,2026-07-01 18:39:20
8251,928,12576,0,2026-07-01 18:39:20
8252,930,17624,0,2026-07-01 18:39:20
8253,930,3091,0,2026-07-01 18:39:20
8254,930,8191,0,2026-07-01 18:39:20
8255,930,17715,0,2026-07-01 18:39:20
8256,930,14506,0,2026-07-01 18:39:20
8257,930,17515,0,2026-07-01 18:39:20
8258,930,8346,0,2026-07-01 18:39:20
8259,930,10253,0,2026-07-01 18:39:20
8260,930,9980,0,2026-07-01 18:39:20
8261,930,17419,0,2026-07-01 18:39:20
8262,930,17810,0,2026-07-01 18:39:20
8263,930,18019,0,2026-07-01 18:39:20
8264,931,17557,0,2026-07-01 18:39:20
8265,931,17227,0,2026-07-01 18:39:20
8266,932,18020,0,2026-07-01 18:39:20
8267,933,8191,0,2026-07-01 18:39:20
8268,933,17778,0,2026-07-01 18:39:20
8269,933,810,0,2026-07-01 18:39:20
8270,933,10253,0,2026-07-01 18:39:20
8271,933,12153,0,2026-07-01 18:39:20
8272,933,14503,0,2026-07-01 18:39:20
8273,933,14506,0,2026-07-01 18:39:20
8274,933,17589,0,2026-07-01 18:39:20
8275,933,14203,0,2026-07-01 18:39:20
8276,933,423,0,2026-07-01 18:39:20
8277,933,16637,0,2026-07-01 18:39:20
8278,934,4354,0,2026-07-01 18:39:20
8279,934,17645,0,2026-07-01 18:39:20
8280,934,15157,0,2026-07-01 18:39:20
8281,934,17547,0,2026-07-01 18:39:20
8282,934,9736,0,2026-07-01 18:39:20
8283,934,17378,0,2026-07-01 18:39:20
8284,934,6008,0,2026-07-01 18:39:20
8285,934,768,0,2026-07-01 18:39:20
8286,934,13068,0,2026-07-01 18:39:20
8287,934,2677,0,2026-07-01 18:39:20
8288,934,2000,0,2026-07-01 18:39:20
8289,934,18022,0,2026-07-01 18:39:20
8290,934,18023,0,2026-07-01 18:39:20
8291,934,18024,0,2026-07-01 18:39:20
8292,935,17775,0,2026-07-01 18:39:20
8293,936,41,0,2026-07-01 18:39:20
8294,936,580,0,2026-07-01 18:39:20
8295,938,17286,0,2026-07-01 18:39:20
8296,938,7270,0,2026-07-01 18:39:20
8297,938,17368,0,2026-07-01 18:39:20
8298,944,17672,0,2026-07-01 18:39:20
8299,944,17884,0,2026-07-01 18:39:20
8300,944,8134,0,2026-07-01 18:39:20
8301,944,1028,0,2026-07-01 18:39:20
8302,944,3568,0,2026-07-01 18:39:20
8303,944,13339,0,2026-07-01 18:39:20
8304,944,8494,0,2026-07-01 18:39:20
8305,944,17887,0,2026-07-01 18:39:20
8306,945,17557,0,2026-07-01 18:39:20
8307,946,121,0,2026-07-01 18:39:20
8308,947,11050,0,2026-07-01 18:39:20
8309,948,17230,0,2026-07-01 18:39:20
8310,948,12579,0,2026-07-01 18:39:20
8311,949,12579,0,2026-07-01 18:39:20
8312,949,17230,0,2026-07-01 18:39:20
8313,950,15645,0,2026-07-01 18:39:20
8314,950,13438,0,2026-07-01 18:39:20
8315,950,5073,0,2026-07-01 18:39:20
8316,950,9101,0,2026-07-01 18:39:20
8317,950,18032,0,2026-07-01 18:39:20
8318,950,18033,0,2026-07-01 18:39:20
8319,950,16190,0,2026-07-01 18:39:20
8320,950,8289,0,2026-07-01 18:39:20
8321,950,5800,0,2026-07-01 18:39:20
8322,950,5799,0,2026-07-01 18:39:20
8323,951,17863,0,2026-07-01 18:39:20
8324,952,4717,0,2026-07-01 18:39:20
8325,953,17425,0,2026-07-01 18:39:20
8326,953,17557,0,2026-07-01 18:39:20
8327,954,1154,0,2026-07-01 18:39:20
8328,954,12975,0,2026-07-01 18:39:20
8329,954,1533,0,2026-07-01 18:39:20
8330,954,17575,0,2026-07-01 18:39:20
8331,954,12590,0,2026-07-01 18:39:20
8332,955,17965,0,2026-07-01 18:39:20
8333,955,13709,0,2026-07-01 18:39:20
8334,955,17781,0,2026-07-01 18:39:20
8335,955,12576,0,2026-07-01 18:39:20
8336,955,18038,0,2026-07-01 18:39:20
8337,955,8295,0,2026-07-01 18:39:20
8338,955,11724,0,2026-07-01 18:39:20
8339,956,17965,0,2026-07-01 18:39:20
8340,957,18039,0,2026-07-01 18:39:20
8341,959,17555,0,2026-07-01 18:39:20
8342,959,17557,0,2026-07-01 18:39:20
8343,959,17884,0,2026-07-01 18:39:20
8344,959,17575,0,2026-07-01 18:39:20
8345,959,17693,0,2026-07-01 18:39:20
8346,959,17969,0,2026-07-01 18:39:20
8347,959,17841,0,2026-07-01 18:39:20
8348,959,17686,0,2026-07-01 18:39:20
8349,960,17557,0,2026-07-01 18:39:20
8350,960,17884,0,2026-07-01 18:39:20
8351,960,17575,0,2026-07-01 18:39:20
8352,960,17693,0,2026-07-01 18:39:20
8353,960,17908,0,2026-07-01 18:39:20
8354,960,17969,0,2026-07-01 18:39:20
8355,960,17841,0,2026-07-01 18:39:20
8356,960,17686,0,2026-07-01 18:39:20
8357,960,17684,0,2026-07-01 18:39:20
8358,960,17605,0,2026-07-01 18:39:20
8359,960,17610,0,2026-07-01 18:39:20
8360,960,17676,0,2026-07-01 18:39:20
8361,960,17672,0,2026-07-01 18:39:20
8362,961,17884,0,2026-07-01 18:39:20
8363,961,17575,0,2026-07-01 18:39:20
8364,961,17693,0,2026-07-01 18:39:20
8365,962,17557,0,2026-07-01 18:39:20
8366,962,17652,0,2026-07-01 18:39:20
8367,962,17884,0,2026-07-01 18:39:20
8368,962,17555,0,2026-07-01 18:39:20
8369,962,17575,0,2026-07-01 18:39:20
8370,962,17693,0,2026-07-01 18:39:20
8371,962,17969,0,2026-07-01 18:39:20
8372,962,17841,0,2026-07-01 18:39:20
8373,962,17686,0,2026-07-01 18:39:20
8374,963,17557,0,2026-07-01 18:39:20
8375,963,17652,0,2026-07-01 18:39:20
8376,963,17884,0,2026-07-01 18:39:20
8377,963,17575,0,2026-07-01 18:39:20
8378,963,17693,0,2026-07-01 18:39:20
8379,963,17969,0,2026-07-01 18:39:20
8380,963,17841,0,2026-07-01 18:39:20
8381,963,17686,0,2026-07-01 18:39:20
8382,964,17557,0,2026-07-01 18:39:20
8383,964,17652,0,2026-07-01 18:39:20
8384,964,17884,0,2026-07-01 18:39:20
8385,964,17555,0,2026-07-01 18:39:20
8386,964,17575,0,2026-07-01 18:39:20
8387,964,17693,0,2026-07-01 18:39:20
8388,964,17969,0,2026-07-01 18:39:20
8389,964,17841,0,2026-07-01 18:39:20
8390,964,17686,0,2026-07-01 18:39:20
8391,965,17557,0,2026-07-01 18:39:20
8392,965,17652,0,2026-07-01 18:39:20
8393,965,17555,0,2026-07-01 18:39:20
8394,965,17575,0,2026-07-01 18:39:20
8395,965,17693,0,2026-07-01 18:39:20
8396,965,17969,0,2026-07-01 18:39:20
8397,965,17841,0,2026-07-01 18:39:20
8398,965,17686,0,2026-07-01 18:39:20
8399,966,10253,0,2026-07-01 18:39:20
8400,966,17377,0,2026-07-01 18:39:20
8401,966,14968,0,2026-07-01 18:39:20
8402,966,12576,0,2026-07-01 18:39:20
8403,967,1013,0,2026-07-01 18:39:20
8404,967,1015,0,2026-07-01 18:39:20
8405,967,1016,0,2026-07-01 18:39:20
8406,967,7269,0,2026-07-01 18:39:20
8407,967,3381,0,2026-07-01 18:39:20
8408,967,8196,0,2026-07-01 18:39:20
8409,967,1735,0,2026-07-01 18:39:20
8410,967,17327,0,2026-07-01 18:39:20
8411,967,10253,0,2026-07-01 18:39:20
8412,967,10678,0,2026-07-01 18:39:20
8413,967,17589,0,2026-07-01 18:39:20
8414,967,17565,0,2026-07-01 18:39:20
8415,967,10445,0,2026-07-01 18:39:20
8416,967,17678,0,2026-07-01 18:39:20
8417,968,17557,0,2026-07-01 18:39:20
8418,969,5246,0,2026-07-01 18:39:20
8419,969,17393,0,2026-07-01 18:39:20
8420,969,17761,0,2026-07-01 18:39:20
8421,971,3485,0,2026-07-01 18:39:20
8422,971,2677,0,2026-07-01 18:39:20
8423,971,3567,0,2026-07-01 18:39:20
8424,973,18049,0,2026-07-01 18:39:20
8425,974,18050,0,2026-07-01 18:39:20
8426,975,17686,0,2026-07-01 18:39:20
8427,976,17461,0,2026-07-01 18:39:20
8428,976,17557,0,2026-07-01 18:39:20
8429,977,17557,0,2026-07-01 18:39:20
8430,978,17557,0,2026-07-01 18:39:20
8431,979,17227,0,2026-07-01 18:39:20
8432,980,17446,0,2026-07-01 18:39:20
8433,980,11845,0,2026-07-01 18:39:20
8434,980,2134,0,2026-07-01 18:39:20
8435,980,7657,0,2026-07-01 18:39:20
8436,980,3087,0,2026-07-01 18:39:20
8437,983,17884,0,2026-07-01 18:39:20
8438,983,17841,0,2026-07-01 18:39:20
8439,983,17686,0,2026-07-01 18:39:20
8440,983,17575,0,2026-07-01 18:39:20
8441,984,17884,0,2026-07-01 18:39:20
8442,984,17693,0,2026-07-01 18:39:20
8443,984,17557,0,2026-07-01 18:39:20
8444,984,17672,0,2026-07-01 18:39:20
8445,985,17543,0,2026-07-01 18:39:20
8446,985,18054,0,2026-07-01 18:39:20
8447,985,18055,0,2026-07-01 18:39:20
8448,985,18056,0,2026-07-01 18:39:20
8449,985,18057,0,2026-07-01 18:39:20
8450,985,18058,0,2026-07-01 18:39:20
8451,985,18059,0,2026-07-01 18:39:20
8452,985,18060,0,2026-07-01 18:39:20
8453,985,18061,0,2026-07-01 18:39:20
8454,985,18062,0,2026-07-01 18:39:20
8455,985,18063,0,2026-07-01 18:39:20
8456,989,17953,0,2026-07-01 18:39:20
8457,990,6615,0,2026-07-01 18:39:20
8458,990,17674,0,2026-07-01 18:39:20
8459,991,3983,0,2026-07-01 18:39:20
8460,991,18064,0,2026-07-01 18:39:20
8461,992,17624,0,2026-07-01 18:39:20
8462,992,17775,0,2026-07-01 18:39:20
8463,993,17775,0,2026-07-01 18:39:20
8464,993,10622,0,2026-07-01 18:39:20
8465,993,9980,0,2026-07-01 18:39:20
8466,993,17624,0,2026-07-01 18:39:20
8467,993,17288,0,2026-07-01 18:39:20
8468,993,17461,0,2026-07-01 18:39:20
8469,994,3458,0,2026-07-01 18:39:20
8470,994,17841,0,2026-07-01 18:39:20
8471,995,2113,0,2026-07-01 18:39:20
8472,995,17397,0,2026-07-01 18:39:20
8473,995,121,0,2026-07-01 18:39:20
8474,995,14472,0,2026-07-01 18:39:20
8475,996,18074,0,2026-07-01 18:39:20
8476,996,17841,0,2026-07-01 18:39:20
8477,997,17684,0,2026-07-01 18:39:20
8478,997,17686,0,2026-07-01 18:39:20
8479,999,281,0,2026-07-01 18:39:20
8480,999,6615,0,2026-07-01 18:39:20
8481,999,17792,0,2026-07-01 18:39:20
8482,1000,18075,0,2026-07-01 18:39:20
8483,1001,17557,0,2026-07-01 18:39:20
8484,1003,17557,0,2026-07-01 18:39:20
8485,1004,17557,0,2026-07-01 18:39:20
8486,1004,17884,0,2026-07-01 18:39:20
8487,1004,17575,0,2026-07-01 18:39:20
8488,1006,17884,0,2026-07-01 18:39:20
8489,1007,17686,0,2026-07-01 18:39:20
8490,1007,17575,0,2026-07-01 18:39:20
8491,1007,17684,0,2026-07-01 18:39:20
8492,1008,9104,0,2026-07-01 18:39:20
8493,1008,18080,0,2026-07-01 18:39:20
8494,1008,18081,0,2026-07-01 18:39:20
8495,1008,329,0,2026-07-01 18:39:20
8496,1009,17605,0,2026-07-01 18:39:20
8497,1009,17884,0,2026-07-01 18:39:20
8498,1010,18077,0,2026-07-01 18:39:20
8499,1010,17557,0,2026-07-01 18:39:20
8500,1011,121,0,2026-07-01 18:39:20
8501,1011,17557,0,2026-07-01 18:39:20
8502,1012,17953,0,2026-07-01 18:39:20
8503,1013,17884,0,2026-07-01 18:39:20
8504,1013,17684,0,2026-07-01 18:39:20
8505,1014,17557,0,2026-07-01 18:39:20
8506,1014,17555,0,2026-07-01 18:39:20
8507,1015,17809,0,2026-07-01 18:39:20
8508,1015,4803,0,2026-07-01 18:39:20
8509,1015,5284,0,2026-07-01 18:39:20
8510,1015,1137,0,2026-07-01 18:39:20
8511,1015,11712,0,2026-07-01 18:39:20
8512,1016,17557,0,2026-07-01 18:39:20
8513,1016,17652,0,2026-07-01 18:39:20
8514,1016,17884,0,2026-07-01 18:39:20
8515,1016,17575,0,2026-07-01 18:39:20
8516,1016,17841,0,2026-07-01 18:39:20
8517,1016,17686,0,2026-07-01 18:39:20
8518,1016,17684,0,2026-07-01 18:39:20
8519,1016,17672,0,2026-07-01 18:39:20
8520,1016,17682,0,2026-07-01 18:39:20
8521,1017,17557,0,2026-07-01 18:39:20
8522,1017,17652,0,2026-07-01 18:39:20
8523,1017,17884,0,2026-07-01 18:39:20
8524,1017,17555,0,2026-07-01 18:39:20
8525,1017,17686,0,2026-07-01 18:39:20
8526,1017,17684,0,2026-07-01 18:39:20
8527,1017,17672,0,2026-07-01 18:39:20
8528,1017,17682,0,2026-07-01 18:39:20
8529,1018,17557,0,2026-07-01 18:39:20
8530,1018,17652,0,2026-07-01 18:39:20
8531,1018,17575,0,2026-07-01 18:39:20
8532,1018,17841,0,2026-07-01 18:39:20
8533,1018,17686,0,2026-07-01 18:39:20
8534,1018,17684,0,2026-07-01 18:39:20
8535,1018,17682,0,2026-07-01 18:39:20
8536,1019,7,0,2026-07-01 18:39:20
8537,1019,17792,0,2026-07-01 18:39:20
8538,1020,17572,0,2026-07-01 18:39:20
8539,1020,6613,0,2026-07-01 18:39:20
8540,1020,14235,0,2026-07-01 18:39:20
8541,1021,17572,0,2026-07-01 18:39:20
8542,1021,7,0,2026-07-01 18:39:20
8543,1021,6615,0,2026-07-01 18:39:20
8544,1021,16261,0,2026-07-01 18:39:20
8545,1022,6615,0,2026-07-01 18:39:20
8546,1022,17572,0,2026-07-01 18:39:20
8547,1023,5631,0,2026-07-01 18:39:20
8548,1023,17686,0,2026-07-01 18:39:20
8549,1024,13387,0,2026-07-01 18:39:20
8550,1024,17775,0,2026-07-01 18:39:20
8551,1025,17858,0,2026-07-01 18:39:20
8552,1025,17557,0,2026-07-01 18:39:20
8553,1027,415,0,2026-07-01 18:39:20
8554,1027,17557,0,2026-07-01 18:39:20
8555,1028,17460,0,2026-07-01 18:39:20
8556,1028,17557,0,2026-07-01 18:39:20
8557,1029,119,0,2026-07-01 18:39:20
8558,1031,12589,0,2026-07-01 18:39:20
8559,1031,1153,0,2026-07-01 18:39:20
8560,1032,12589,0,2026-07-01 18:39:20
8561,1032,18082,0,2026-07-01 18:39:20
8562,1034,18027,0,2026-07-01 18:39:20
8563,1035,17704,0,2026-07-01 18:39:20
8564,1035,15017,0,2026-07-01 18:39:20
8565,1035,13592,0,2026-07-01 18:39:20
8566,1037,17557,0,2026-07-01 18:39:20
8567,1038,17557,0,2026-07-01 18:39:20
8568,1039,17775,0,2026-07-01 18:39:20
8569,1040,17557,0,2026-07-01 18:39:20
8570,1045,17686,0,2026-07-01 18:39:20
8571,1047,17547,0,2026-07-01 18:39:20
8572,1047,12873,0,2026-07-01 18:39:20
8573,1048,12589,0,2026-07-01 18:39:20
8574,1049,11701,0,2026-07-01 18:39:20
8575,1049,8620,0,2026-07-01 18:39:20
8576,1049,768,0,2026-07-01 18:39:20
8577,1049,17644,0,2026-07-01 18:39:20
8578,1049,18083,0,2026-07-01 18:39:20
8579,1049,2144,0,2026-07-01 18:39:20
8580,1049,13913,0,2026-07-01 18:39:20
8581,1049,4066,0,2026-07-01 18:39:20
8582,1049,14583,0,2026-07-01 18:39:20
8583,1050,2144,0,2026-07-01 18:39:20
8584,1050,3485,0,2026-07-01 18:39:20
8585,1050,4066,0,2026-07-01 18:39:20
8586,1050,5087,0,2026-07-01 18:39:20
8587,1050,11701,0,2026-07-01 18:39:20
8588,1050,13913,0,2026-07-01 18:39:20
8589,1050,14583,0,2026-07-01 18:39:20
8590,1050,17645,0,2026-07-01 18:39:20
8591,1050,18084,0,2026-07-01 18:39:20
8592,1051,17652,0,2026-07-01 18:39:20
8593,1051,17575,0,2026-07-01 18:39:20
8594,1051,17841,0,2026-07-01 18:39:20
8595,1051,17686,0,2026-07-01 18:39:20
8596,1051,17684,0,2026-07-01 18:39:20
8597,1051,17884,0,2026-07-01 18:39:20
8598,1052,7493,0,2026-07-01 18:39:20
8599,1052,4072,0,2026-07-01 18:39:20
8600,1052,8807,0,2026-07-01 18:39:20
8601,1052,1971,0,2026-07-01 18:39:20
8602,1053,3622,0,2026-07-01 18:39:20
8603,1053,3628,0,2026-07-01 18:39:20
8604,1053,3612,0,2026-07-01 18:39:20
8605,1054,5670,0,2026-07-01 18:39:20
8606,1055,17605,0,2026-07-01 18:39:20
8607,1056,17663,0,2026-07-01 18:39:20
8608,1056,17674,0,2026-07-01 18:39:20
8609,1056,17686,0,2026-07-01 18:39:20
8610,1056,17775,0,2026-07-01 18:39:20
8611,1057,9999,0,2026-07-01 18:39:20
8612,1057,3568,0,2026-07-01 18:39:20
8613,1057,3484,0,2026-07-01 18:39:20
8614,1057,3635,0,2026-07-01 18:39:20
8615,1058,9736,0,2026-07-01 18:39:20
8616,1058,5248,0,2026-07-01 18:39:20
8617,1058,17323,0,2026-07-01 18:39:20
8618,1058,17344,0,2026-07-01 18:39:20
8619,1059,17686,0,2026-07-01 18:39:20
8620,1059,17684,0,2026-07-01 18:39:20
8621,1059,17672,0,2026-07-01 18:39:20
8622,1060,17684,0,2026-07-01 18:39:20
8623,1060,17686,0,2026-07-01 18:39:20
8624,1061,17841,0,2026-07-01 18:39:20
8625,1062,18086,0,2026-07-01 18:39:20
8626,1062,18087,0,2026-07-01 18:39:20
8627,1062,17557,0,2026-07-01 18:39:20
8628,1063,17686,0,2026-07-01 18:39:20
8629,1063,17448,0,2026-07-01 18:39:20
8630,1064,3013,0,2026-07-01 18:39:20
8631,1064,15098,0,2026-07-01 18:39:20
8632,1064,3642,0,2026-07-01 18:39:20
8633,1065,9100,0,2026-07-01 18:39:20
8634,1066,18091,0,2026-07-01 18:39:20
8635,1067,17961,0,2026-07-01 18:39:20
8636,1067,17557,0,2026-07-01 18:39:20
8637,1070,3605,0,2026-07-01 18:39:20
8638,1070,17652,0,2026-07-01 18:39:20
8639,1071,3239,0,2026-07-01 18:39:20
8640,1071,18092,0,2026-07-01 18:39:20
8641,1071,17356,0,2026-07-01 18:39:20
8642,1071,16261,0,2026-07-01 18:39:20
8643,1073,17557,0,2026-07-01 18:39:20
8644,1075,17555,0,2026-07-01 18:39:20
8645,1075,17393,0,2026-07-01 18:39:20
8646,1076,18093,0,2026-07-01 18:39:20
8647,1076,17557,0,2026-07-01 18:39:20
8648,1077,12943,0,2026-07-01 18:39:20
8649,1078,17557,0,2026-07-01 18:39:20
8650,1079,17557,0,2026-07-01 18:39:20
8651,1080,17557,0,2026-07-01 18:39:20
8652,1081,8620,0,2026-07-01 18:39:20
8653,1081,3467,0,2026-07-01 18:39:20
8654,1081,666,0,2026-07-01 18:39:20
8655,1083,17557,0,2026-07-01 18:39:20
8656,1084,17803,0,2026-07-01 18:39:20
8657,1085,17557,0,2026-07-01 18:39:20
8658,1086,17922,0,2026-07-01 18:39:20
8659,1086,17227,0,2026-07-01 18:39:20
8660,1088,18095,0,2026-07-01 18:39:20
8661,1088,18096,0,2026-07-01 18:39:20
8662,1088,18097,0,2026-07-01 18:39:20
8663,1089,332,0,2026-07-01 18:39:20
8664,1089,3983,0,2026-07-01 18:39:20
8665,1089,17227,0,2026-07-01 18:39:20
8666,1089,17841,0,2026-07-01 18:39:20
8667,1090,12589,0,2026-07-01 18:39:20
8668,1090,12590,0,2026-07-01 18:39:20
8669,1091,17605,0,2026-07-01 18:39:20
8670,1091,17610,0,2026-07-01 18:39:20
8671,1092,17684,0,2026-07-01 18:39:20
8672,1092,17672,0,2026-07-01 18:39:20
8673,1093,17557,0,2026-07-01 18:39:20
8674,1094,6537,0,2026-07-01 18:39:20
8675,1094,9736,0,2026-07-01 18:39:20
8676,1094,4708,0,2026-07-01 18:39:20
8677,1094,3628,0,2026-07-01 18:39:20
8678,1095,3987,0,2026-07-01 18:39:20
8679,1095,271,0,2026-07-01 18:39:20
8680,1095,4148,0,2026-07-01 18:39:20
8681,1095,11774,0,2026-07-01 18:39:20
8682,1096,17557,0,2026-07-01 18:39:20
8683,1096,17652,0,2026-07-01 18:39:20
8684,1097,17557,0,2026-07-01 18:39:20
8685,1097,17555,0,2026-07-01 18:39:20
8686,1097,17693,0,2026-07-01 18:39:20
8687,1098,3479,0,2026-07-01 18:39:20
8688,1099,5799,0,2026-07-01 18:39:20
8689,1099,5800,0,2026-07-01 18:39:20
8690,1099,17575,0,2026-07-01 18:39:20
8691,1100,18105,0,2026-07-01 18:39:20
8692,1100,3853,0,2026-07-01 18:39:20
8693,1101,1482,0,2026-07-01 18:39:20
8694,1101,17775,0,2026-07-01 18:39:20
8695,1101,17555,0,2026-07-01 18:39:20
8696,1103,17909,0,2026-07-01 18:39:20
8697,1104,17909,0,2026-07-01 18:39:20
8698,1105,17909,0,2026-07-01 18:39:20
8699,1106,17909,0,2026-07-01 18:39:20
8700,1107,17251,0,2026-07-01 18:39:20
8701,1107,17446,0,2026-07-01 18:39:20
8702,1107,17868,0,2026-07-01 18:39:20
8703,1107,17791,0,2026-07-01 18:39:20
8704,1107,17786,0,2026-07-01 18:39:20
8705,1108,17693,0,2026-07-01 18:39:20
8706,1108,17575,0,2026-07-01 18:39:20
8707,1108,17672,0,2026-07-01 18:39:20
8708,1108,17686,0,2026-07-01 18:39:20
8709,1109,17686,0,2026-07-01 18:39:20
8710,1110,17884,0,2026-07-01 18:39:20
8711,1110,17575,0,2026-07-01 18:39:20
8712,1110,17693,0,2026-07-01 18:39:20
8713,1110,17686,0,2026-07-01 18:39:20
8714,1110,17678,0,2026-07-01 18:39:20
8715,1110,17672,0,2026-07-01 18:39:20
8716,1111,121,0,2026-07-01 18:39:20
8717,1112,7269,0,2026-07-01 18:39:20
8718,1112,3381,0,2026-07-01 18:39:20
8719,1112,4708,0,2026-07-01 18:39:20
8720,1112,4710,0,2026-07-01 18:39:20
8721,1115,18111,0,2026-07-01 18:39:20
8722,1115,18112,0,2026-07-01 18:39:20
8723,1115,4716,0,2026-07-01 18:39:20
8724,1115,9415,0,2026-07-01 18:39:20
8725,1117,7269,0,2026-07-01 18:39:20
8726,1117,3381,0,2026-07-01 18:39:20
8727,1117,18111,0,2026-07-01 18:39:20
8728,1117,9415,0,2026-07-01 18:39:20
8729,1117,2111,0,2026-07-01 18:39:20
8730,1118,18111,0,2026-07-01 18:39:20
8731,1118,9415,0,2026-07-01 18:39:20
8732,1118,2111,0,2026-07-01 18:39:20
8733,1120,17704,0,2026-07-01 18:39:20
8734,1120,11552,0,2026-07-01 18:39:20
8735,1120,18113,0,2026-07-01 18:39:20
8736,1120,17909,0,2026-07-01 18:39:20
8737,1121,17686,0,2026-07-01 18:39:20
8738,1122,17263,0,2026-07-01 18:39:20
8739,1123,18115,0,2026-07-01 18:39:20
8740,1124,17557,0,2026-07-01 18:39:20
8741,1125,17575,0,2026-07-01 18:39:20
8742,1125,5070,0,2026-07-01 18:39:20
8743,1125,12996,0,2026-07-01 18:39:20
8744,1125,17557,0,2026-07-01 18:39:20
8745,1125,17693,0,2026-07-01 18:39:20
8746,1128,2871,0,2026-07-01 18:39:20
8747,1128,17884,0,2026-07-01 18:39:20
8748,1128,17686,0,2026-07-01 18:39:20
8749,1129,6695,0,2026-07-01 18:39:20
8750,1129,15030,0,2026-07-01 18:39:20
8751,1129,17712,0,2026-07-01 18:39:20
8752,1129,17344,0,2026-07-01 18:39:20
8753,1129,17543,0,2026-07-01 18:39:20
8754,1130,12531,0,2026-07-01 18:39:20
8755,1131,5246,0,2026-07-01 18:39:20
8756,1131,18117,0,2026-07-01 18:39:20
8757,1132,17841,0,2026-07-01 18:39:20
8758,1132,17575,0,2026-07-01 18:39:20
8759,1134,18124,0,2026-07-01 18:39:20
8760,1134,3252,0,2026-07-01 18:39:20
8761,1136,17336,0,2026-07-01 18:39:20
8762,1137,17374,0,2026-07-01 18:39:20
8763,1137,17159,0,2026-07-01 18:39:20
8764,1137,17372,0,2026-07-01 18:39:20
8765,1138,16626,0,2026-07-01 18:39:20
8766,1138,17336,0,2026-07-01 18:39:20
8767,1138,13756,0,2026-07-01 18:39:20
8768,1139,1311,0,2026-07-01 18:39:20
8769,1139,18124,0,2026-07-01 18:39:20
8770,1140,18125,0,2026-07-01 18:39:20
8771,1140,18126,0,2026-07-01 18:39:20
8772,1140,18127,0,2026-07-01 18:39:20
8773,1140,18128,0,2026-07-01 18:39:20
8774,1140,18129,0,2026-07-01 18:39:20
8775,1140,18130,0,2026-07-01 18:39:20
8776,1140,18131,0,2026-07-01 18:39:20
8777,1142,1154,0,2026-07-01 18:39:20
8778,1142,12975,0,2026-07-01 18:39:20
8779,1142,14050,0,2026-07-01 18:39:20
8780,1142,18132,0,2026-07-01 18:39:20
8781,1143,17557,0,2026-07-01 18:39:20
8782,1145,17557,0,2026-07-01 18:39:20
8783,1145,17775,0,2026-07-01 18:39:20
8784,1146,6439,0,2026-07-01 18:39:20
8785,1146,17884,0,2026-07-01 18:39:20
8786,1146,1138,0,2026-07-01 18:39:20
8787,1146,4803,0,2026-07-01 18:39:20
8788,1146,11552,0,2026-07-01 18:39:20
8789,1146,15017,0,2026-07-01 18:39:20
8790,1146,10422,0,2026-07-01 18:39:20
8791,1146,11001,0,2026-07-01 18:39:20
8792,1146,7246,0,2026-07-01 18:39:20
8793,1147,7777,0,2026-07-01 18:39:20
8794,1147,17884,0,2026-07-01 18:39:20
8795,1147,17775,0,2026-07-01 18:39:20
8796,1148,11001,0,2026-07-01 18:39:20
8797,1148,17884,0,2026-07-01 18:39:20
8798,1148,17686,0,2026-07-01 18:39:20
8799,1148,17684,0,2026-07-01 18:39:20
8800,1148,17680,0,2026-07-01 18:39:20
8801,1149,850,0,2026-07-01 18:39:20
8802,1149,17841,0,2026-07-01 18:39:20
8803,1149,17672,0,2026-07-01 18:39:20
8804,1149,17678,0,2026-07-01 18:39:20
8805,1150,17884,0,2026-07-01 18:39:20
8806,1150,17555,0,2026-07-01 18:39:20
8807,1150,17575,0,2026-07-01 18:39:20
8808,1150,17684,0,2026-07-01 18:39:20
8809,1150,17678,0,2026-07-01 18:39:20
8810,1151,13438,0,2026-07-01 18:39:20
8811,1151,13449,0,2026-07-01 18:39:20
8812,1151,11141,0,2026-07-01 18:39:20
8813,1152,17965,0,2026-07-01 18:39:20
8814,1152,13622,0,2026-07-01 18:39:20
8815,1152,14632,0,2026-07-01 18:39:20
8816,1152,15286,0,2026-07-01 18:39:20
8817,1152,10253,0,2026-07-01 18:39:20
8818,1153,2720,0,2026-07-01 18:39:20
8819,1153,2721,0,2026-07-01 18:39:20
8820,1153,2723,0,2026-07-01 18:39:20
8821,1153,602,0,2026-07-01 18:39:20
8822,1153,17669,0,2026-07-01 18:39:20
8823,1153,7380,0,2026-07-01 18:39:20
8824,1154,18141,0,2026-07-01 18:39:20
8825,1155,118,0,2026-07-01 18:39:20
8826,1155,1316,0,2026-07-01 18:39:20
8827,1155,17939,0,2026-07-01 18:39:20
8828,1155,10168,0,2026-07-01 18:39:20
8829,1155,17610,0,2026-07-01 18:39:20
8830,1155,17605,0,2026-07-01 18:39:20
8831,1155,17684,0,2026-07-01 18:39:20
8832,1156,15179,0,2026-07-01 18:39:20
8833,1156,17455,0,2026-07-01 18:39:20
8834,1157,17456,0,2026-07-01 18:39:20
8835,1157,17598,0,2026-07-01 18:39:20
8836,1158,119,0,2026-07-01 18:39:20
8837,1158,3468,0,2026-07-01 18:39:20
8838,1158,2200,0,2026-07-01 18:39:20
8839,1159,10512,0,2026-07-01 18:39:20
8840,1159,3458,0,2026-07-01 18:39:20
8841,1159,17227,0,2026-07-01 18:39:20
8842,1159,17251,0,2026-07-01 18:39:20
8843,1160,17775,0,2026-07-01 18:39:20
8844,1161,17557,0,2026-07-01 18:39:20
8845,1162,17557,0,2026-07-01 18:39:20
8846,1163,17557,0,2026-07-01 18:39:20
8847,1163,17884,0,2026-07-01 18:39:20
8848,1164,18143,0,2026-07-01 18:39:20
8849,1165,18144,0,2026-07-01 18:39:20
8850,1165,17775,0,2026-07-01 18:39:20
8851,1165,17652,0,2026-07-01 18:39:20
8852,1166,17884,0,2026-07-01 18:39:20
8853,1168,389,0,2026-07-01 18:39:20
8854,1168,17775,0,2026-07-01 18:39:20
8855,1169,17775,0,2026-07-01 18:39:20
8856,1169,17555,0,2026-07-01 18:39:20
8857,1170,11,0,2026-07-01 18:39:20
8858,1170,883,0,2026-07-01 18:39:20
8859,1170,1154,0,2026-07-01 18:39:20
8860,1171,17652,0,2026-07-01 18:39:20
8861,1171,17557,0,2026-07-01 18:39:20
8862,1171,17575,0,2026-07-01 18:39:20
8863,1172,18146,0,2026-07-01 18:39:20
8864,1172,18147,0,2026-07-01 18:39:20
8865,1172,18148,0,2026-07-01 18:39:20
8866,1172,9101,0,2026-07-01 18:39:20
8867,1172,18149,0,2026-07-01 18:39:20
8868,1173,18150,0,2026-07-01 18:39:20
8869,1173,18151,0,2026-07-01 18:39:20
8870,1173,18152,0,2026-07-01 18:39:20
8871,1173,18153,0,2026-07-01 18:39:20
8872,1173,18154,0,2026-07-01 18:39:20
8873,1173,18155,0,2026-07-01 18:39:20
8874,1173,18156,0,2026-07-01 18:39:20
8875,1173,18157,0,2026-07-01 18:39:20
8876,1173,18158,0,2026-07-01 18:39:20
8877,1173,18159,0,2026-07-01 18:39:20
8878,1173,18160,0,2026-07-01 18:39:20
8879,1174,18146,0,2026-07-01 18:39:20
8880,1174,18161,0,2026-07-01 18:39:20
8881,1174,9100,0,2026-07-01 18:39:20
8882,1174,13438,0,2026-07-01 18:39:20
8883,1174,18162,0,2026-07-01 18:39:20
8884,1174,18163,0,2026-07-01 18:39:20
8885,1174,18164,0,2026-07-01 18:39:20
8886,1174,18157,0,2026-07-01 18:39:20
8887,1174,18165,0,2026-07-01 18:39:20
8888,1174,18166,0,2026-07-01 18:39:20
8889,1174,18167,0,2026-07-01 18:39:20
8890,1175,18146,0,2026-07-01 18:39:20
8891,1175,18168,0,2026-07-01 18:39:20
8892,1175,18169,0,2026-07-01 18:39:20
8893,1175,18170,0,2026-07-01 18:39:20
8894,1175,18171,0,2026-07-01 18:39:20
8895,1175,18162,0,2026-07-01 18:39:20
8896,1175,18172,0,2026-07-01 18:39:20
8897,1175,18163,0,2026-07-01 18:39:20
8898,1175,18173,0,2026-07-01 18:39:20
8899,1175,18167,0,2026-07-01 18:39:20
8900,1175,18174,0,2026-07-01 18:39:20
8901,1176,18146,0,2026-07-01 18:39:20
8902,1176,18168,0,2026-07-01 18:39:20
8903,1176,18175,0,2026-07-01 18:39:20
8904,1176,18176,0,2026-07-01 18:39:20
8905,1176,18177,0,2026-07-01 18:39:20
8906,1176,18178,0,2026-07-01 18:39:20
8907,1176,18162,0,2026-07-01 18:39:20
8908,1176,18172,0,2026-07-01 18:39:20
8909,1176,18179,0,2026-07-01 18:39:20
8910,1176,18180,0,2026-07-01 18:39:20
8911,1176,18181,0,2026-07-01 18:39:20
8912,1177,12531,0,2026-07-01 18:39:20
8913,1177,12529,0,2026-07-01 18:39:20
8914,1177,12530,0,2026-07-01 18:39:20
8915,1177,12379,0,2026-07-01 18:39:20
8916,1177,12309,0,2026-07-01 18:39:20
8917,1177,12310,0,2026-07-01 18:39:20
8918,1177,12311,0,2026-07-01 18:39:20
8919,1177,14656,0,2026-07-01 18:39:20
8920,1177,116,0,2026-07-01 18:39:20
8921,1177,119,0,2026-07-01 18:39:20
8922,1177,122,0,2026-07-01 18:39:20
8923,1177,9376,0,2026-07-01 18:39:20
8924,1179,17884,0,2026-07-01 18:39:20
8925,1179,3461,0,2026-07-01 18:39:20
8926,1179,3485,0,2026-07-01 18:39:20
8927,1179,17819,0,2026-07-01 18:39:20
8928,1179,17652,0,2026-07-01 18:39:20
8929,1180,17724,0,2026-07-01 18:39:20
8930,1180,17610,0,2026-07-01 18:39:20
8931,1180,5911,0,2026-07-01 18:39:20
8932,1181,2438,0,2026-07-01 18:39:20
8933,1181,7645,0,2026-07-01 18:39:20
8934,1181,12051,0,2026-07-01 18:39:20
8935,1181,9736,0,2026-07-01 18:39:20
8936,1181,17377,0,2026-07-01 18:39:20
8937,1181,6566,0,2026-07-01 18:39:20
8938,1181,8140,0,2026-07-01 18:39:20
8939,1181,8110,0,2026-07-01 18:39:20
8940,1182,18182,0,2026-07-01 18:39:20
8941,1182,18183,0,2026-07-01 18:39:20
8942,1182,192,0,2026-07-01 18:39:20
8943,1182,18184,0,2026-07-01 18:39:20
8944,1182,17908,0,2026-07-01 18:39:20
8945,1183,17652,0,2026-07-01 18:39:20
8946,1183,17575,0,2026-07-01 18:39:20
8947,1183,17693,0,2026-07-01 18:39:20
8948,1183,17884,0,2026-07-01 18:39:20
8949,1184,17575,0,2026-07-01 18:39:20
8950,1184,17693,0,2026-07-01 18:39:20
8951,1184,17652,0,2026-07-01 18:39:20
8952,1185,17652,0,2026-07-01 18:39:20
8953,1185,17575,0,2026-07-01 18:39:20
8954,1186,555,0,2026-07-01 18:39:20
8955,1186,6007,0,2026-07-01 18:39:20
8956,1186,6010,0,2026-07-01 18:39:20
8957,1186,17483,0,2026-07-01 18:39:20
8958,1187,816,0,2026-07-01 18:39:20
8959,1188,17557,0,2026-07-01 18:39:20
8960,1189,17775,0,2026-07-01 18:39:20
8961,1189,17961,0,2026-07-01 18:39:20
8962,1192,17953,0,2026-07-01 18:39:20
8963,1192,17775,0,2026-07-01 18:39:20
8964,1192,17557,0,2026-07-01 18:39:20
8965,1193,17686,0,2026-07-01 18:39:20
8966,1194,17575,0,2026-07-01 18:39:20
8967,1195,3465,0,2026-07-01 18:39:20
8968,1195,8807,0,2026-07-01 18:39:20
8969,1196,17557,0,2026-07-01 18:39:20
8970,1196,17884,0,2026-07-01 18:39:20
8971,1196,17236,0,2026-07-01 18:39:20
8972,1198,17775,0,2026-07-01 18:39:20
8973,1198,17555,0,2026-07-01 18:39:20
8974,1199,10514,0,2026-07-01 18:39:20
8975,1199,17884,0,2026-07-01 18:39:20
8976,1199,17575,0,2026-07-01 18:39:20
8977,1199,17969,0,2026-07-01 18:39:20
8978,1201,3635,0,2026-07-01 18:39:20
8979,1201,15801,0,2026-07-01 18:39:20
8980,1201,17344,0,2026-07-01 18:39:20
8981,1201,17274,0,2026-07-01 18:39:20
8982,1201,3479,0,2026-07-01 18:39:20
8983,1203,17557,0,2026-07-01 18:39:20
8984,1203,17775,0,2026-07-01 18:39:20
8985,1205,9999,0,2026-07-01 18:39:20
8986,1206,17526,0,2026-07-01 18:39:20
8987,1206,17557,0,2026-07-01 18:39:20
8988,1207,17575,0,2026-07-01 18:39:20
8989,1207,17693,0,2026-07-01 18:39:20
8990,1207,17841,0,2026-07-01 18:39:20
8991,1208,17575,0,2026-07-01 18:39:20
8992,1208,17686,0,2026-07-01 18:39:20
8993,1209,14030,0,2026-07-01 18:39:20
8994,1209,13109,0,2026-07-01 18:39:20
8995,1209,10165,0,2026-07-01 18:39:20
8996,1209,17247,0,2026-07-01 18:39:20
8997,1209,422,0,2026-07-01 18:39:20
8998,1209,245,0,2026-07-01 18:39:20
8999,1210,17884,0,2026-07-01 18:39:20
9000,1210,17575,0,2026-07-01 18:39:20
9001,1211,17884,0,2026-07-01 18:39:20
9002,1212,18192,0,2026-07-01 18:39:20
9003,1212,18193,0,2026-07-01 18:39:20
9004,1212,18194,0,2026-07-01 18:39:20
9005,1213,18195,0,2026-07-01 18:39:20
9006,1213,18196,0,2026-07-01 18:39:20
9007,1214,17605,0,2026-07-01 18:39:20
9008,1214,17610,0,2026-07-01 18:39:20
9009,1214,17684,0,2026-07-01 18:39:20
9010,1215,17557,0,2026-07-01 18:39:20
9011,1215,17884,0,2026-07-01 18:39:20
9012,1216,11050,0,2026-07-01 18:39:20
9013,1218,17686,0,2026-07-01 18:39:20
9014,1219,17686,0,2026-07-01 18:39:20
9015,1220,17401,0,2026-07-01 18:39:20
9016,1220,17475,0,2026-07-01 18:39:20
9017,1220,16007,0,2026-07-01 18:39:20
9018,1220,16005,0,2026-07-01 18:39:20
9019,1220,15997,0,2026-07-01 18:39:20
9020,1220,16006,0,2026-07-01 18:39:20
9021,1220,16009,0,2026-07-01 18:39:20
9022,1220,17438,0,2026-07-01 18:39:20
9023,1220,16003,0,2026-07-01 18:39:20
9024,1220,16001,0,2026-07-01 18:39:20
9025,1220,6615,0,2026-07-01 18:39:20
9026,1221,17557,0,2026-07-01 18:39:20
9027,1222,17575,0,2026-07-01 18:39:20
9028,1225,9395,0,2026-07-01 18:39:20
9029,1225,12835,0,2026-07-01 18:39:20
9030,1225,15998,0,2026-07-01 18:39:20
9031,1225,13436,0,2026-07-01 18:39:20
9032,1225,14153,0,2026-07-01 18:39:20
9033,1225,818,0,2026-07-01 18:39:20
9034,1225,17589,0,2026-07-01 18:39:20
9035,1225,18200,0,2026-07-01 18:39:20
9036,1226,12586,0,2026-07-01 18:39:20
9037,1226,17782,0,2026-07-01 18:39:20
9038,1226,14637,0,2026-07-01 18:39:20
9039,1227,12589,0,2026-07-01 18:39:20
9040,1227,12233,0,2026-07-01 18:39:20
9041,1227,14640,0,2026-07-01 18:39:20
9042,1228,17555,0,2026-07-01 18:39:20
9043,1229,17575,0,2026-07-01 18:39:20
9044,1229,4466,0,2026-07-01 18:39:20
9045,1231,17775,0,2026-07-01 18:39:20
9046,1231,17557,0,2026-07-01 18:39:20
9047,1232,17557,0,2026-07-01 18:39:20
9048,1232,17652,0,2026-07-01 18:39:20
9049,1233,20,0,2026-07-01 18:39:20
9050,1233,1859,0,2026-07-01 18:39:20
9051,1233,8757,0,2026-07-01 18:39:20
9052,1233,11238,0,2026-07-01 18:39:20
9053,1234,17557,0,2026-07-01 18:39:20
9054,1235,4148,0,2026-07-01 18:39:20
9055,1235,9736,0,2026-07-01 18:39:20
9056,1235,9748,0,2026-07-01 18:39:20
9057,1235,17884,0,2026-07-01 18:39:20
9058,1235,17928,0,2026-07-01 18:39:20
9059,1235,18203,0,2026-07-01 18:39:20
9060,1235,18204,0,2026-07-01 18:39:20
9061,1236,1313,0,2026-07-01 18:39:20
9062,1236,17557,0,2026-07-01 18:39:20
9063,1238,17884,0,2026-07-01 18:39:20
9064,1238,17575,0,2026-07-01 18:39:20
9065,1239,17575,0,2026-07-01 18:39:20
9066,1239,3466,0,2026-07-01 18:39:20
9067,1239,15157,0,2026-07-01 18:39:20
9068,1239,17686,0,2026-07-01 18:39:20
9069,1240,9414,0,2026-07-01 18:39:20
9070,1240,13387,0,2026-07-01 18:39:20
9071,1242,12576,0,2026-07-01 18:39:20
9072,1242,17565,0,2026-07-01 18:39:20
9073,1242,8987,0,2026-07-01 18:39:20
9074,1242,4089,0,2026-07-01 18:39:20
9075,1242,17751,0,2026-07-01 18:39:20
9076,1242,17765,0,2026-07-01 18:39:20
9077,1242,17780,0,2026-07-01 18:39:20
9078,1242,811,0,2026-07-01 18:39:20
9079,1242,18206,0,2026-07-01 18:39:20
9080,1242,18042,0,2026-07-01 18:39:20
9081,1242,12153,0,2026-07-01 18:39:20
9082,1243,12586,0,2026-07-01 18:39:20
9083,1243,12589,0,2026-07-01 18:39:20
9084,1243,12309,0,2026-07-01 18:39:20
9085,1244,14034,0,2026-07-01 18:39:20
9086,1244,14571,0,2026-07-01 18:39:20
9087,1244,14806,0,2026-07-01 18:39:20
9088,1247,116,0,2026-07-01 18:39:20
9089,1248,3635,0,2026-07-01 18:39:20
9090,1248,9736,0,2026-07-01 18:39:20
9091,1248,3622,0,2026-07-01 18:39:20
9092,1249,18207,0,2026-07-01 18:39:20
9093,1249,18208,0,2026-07-01 18:39:20
9094,1250,2196,0,2026-07-01 18:39:20
9095,1250,11550,0,2026-07-01 18:39:20
9096,1252,13438,0,2026-07-01 18:39:20
9097,1252,15030,0,2026-07-01 18:39:20
9098,1252,17912,0,2026-07-01 18:39:20
9099,1253,17557,0,2026-07-01 18:39:20
9100,1253,17555,0,2026-07-01 18:39:20
9101,1254,3853,0,2026-07-01 18:39:20
9102,1255,17775,0,2026-07-01 18:39:20
9103,1255,17557,0,2026-07-01 18:39:20
9104,1256,17557,0,2026-07-01 18:39:20
9105,1256,17775,0,2026-07-01 18:39:20
9106,1256,17884,0,2026-07-01 18:39:20
9107,1257,17652,0,2026-07-01 18:39:20
9108,1257,17575,0,2026-07-01 18:39:20
9109,1257,17969,0,2026-07-01 18:39:20
9110,1257,17693,0,2026-07-01 18:39:20
9111,1259,17557,0,2026-07-01 18:39:20
9112,1259,17652,0,2026-07-01 18:39:20
9113,1260,14677,0,2026-07-01 18:39:20
9114,1260,17575,0,2026-07-01 18:39:20
9115,1260,17557,0,2026-07-01 18:39:20
9116,1260,18139,0,2026-07-01 18:39:20
9117,1260,17841,0,2026-07-01 18:39:20
9118,1260,17686,0,2026-07-01 18:39:20
9119,1261,17884,0,2026-07-01 18:39:20
9120,1261,17652,0,2026-07-01 18:39:20
9121,1261,17575,0,2026-07-01 18:39:20
9122,1261,17841,0,2026-07-01 18:39:20
9123,1262,17672,0,2026-07-01 18:39:20
9124,1262,17652,0,2026-07-01 18:39:20
9125,1262,17884,0,2026-07-01 18:39:20
9126,1262,17841,0,2026-07-01 18:39:20
9127,1263,17652,0,2026-07-01 18:39:20
9128,1263,17884,0,2026-07-01 18:39:20
9129,1264,17672,0,2026-07-01 18:39:20
9130,1264,17686,0,2026-07-01 18:39:20
9131,1267,10514,0,2026-07-01 18:39:20
9132,1268,17487,0,2026-07-01 18:39:20
9133,1268,17514,0,2026-07-01 18:39:20
9134,1268,17677,0,2026-07-01 18:39:20
9135,1268,17368,0,2026-07-01 18:39:20
9136,1268,17774,0,2026-07-01 18:39:20
9137,1269,17327,0,2026-07-01 18:39:20
9138,1269,17317,0,2026-07-01 18:39:20
9139,1269,1735,0,2026-07-01 18:39:20
9140,1269,602,0,2026-07-01 18:39:20
9141,1269,10622,0,2026-07-01 18:39:20
9142,1270,811,0,2026-07-01 18:39:20
9143,1270,17419,0,2026-07-01 18:39:20
9144,1272,17686,0,2026-07-01 18:39:20
9145,1272,17684,0,2026-07-01 18:39:20
9146,1273,13455,0,2026-07-01 18:39:20
9147,1273,18213,0,2026-07-01 18:39:20
9148,1273,705,0,2026-07-01 18:39:20
9149,1273,17624,0,2026-07-01 18:39:20
9150,1273,18214,0,2026-07-01 18:39:20
9151,1273,17674,0,2026-07-01 18:39:20
9152,1273,8191,0,2026-07-01 18:39:20
9153,1273,17676,0,2026-07-01 18:39:20
9154,1273,17675,0,2026-07-01 18:39:20
9155,1274,17610,0,2026-07-01 18:39:20
9156,1274,17686,0,2026-07-01 18:39:20
9157,1275,17686,0,2026-07-01 18:39:20
9158,1276,2509,0,2026-07-01 18:39:20
9159,1276,18215,0,2026-07-01 18:39:20
9160,1276,14666,0,2026-07-01 18:39:20
9161,1281,17686,0,2026-07-01 18:39:20
9162,1283,18216,0,2026-07-01 18:39:20
9163,1284,18216,0,2026-07-01 18:39:20
9164,1285,18216,0,2026-07-01 18:39:20
9165,1286,18216,0,2026-07-01 18:39:20
9166,1287,18216,0,2026-07-01 18:39:20
9167,1288,17963,0,2026-07-01 18:39:20
9168,1291,17448,0,2026-07-01 18:39:20
9169,1291,9375,0,2026-07-01 18:39:20
9170,1292,1923,0,2026-07-01 18:39:20
9171,1293,16356,0,2026-07-01 18:39:20
9172,1293,10127,0,2026-07-01 18:39:20
9173,1293,17344,0,2026-07-01 18:39:20
9174,1294,17920,0,2026-07-01 18:39:20
9175,1294,10451,0,2026-07-01 18:39:20
9176,1295,9841,0,2026-07-01 18:39:20
9177,1295,18218,0,2026-07-01 18:39:20
9178,1296,17624,0,2026-07-01 18:39:20
9179,1296,17369,0,2026-07-01 18:39:20
9180,1296,8196,0,2026-07-01 18:39:20
9181,1296,8198,0,2026-07-01 18:39:20
9182,1296,17327,0,2026-07-01 18:39:20
9183,1296,17775,0,2026-07-01 18:39:20
9184,1296,17674,0,2026-07-01 18:39:20
9185,1296,17682,0,2026-07-01 18:39:20
9186,1296,17681,0,2026-07-01 18:39:20
9187,1296,17683,0,2026-07-01 18:39:20
9188,1297,10253,0,2026-07-01 18:39:20
9189,1297,8987,0,2026-07-01 18:39:20
9190,1297,8235,0,2026-07-01 18:39:20
9191,1297,16458,0,2026-07-01 18:39:20
9192,1297,17682,0,2026-07-01 18:39:20
9193,1297,17683,0,2026-07-01 18:39:20
9194,1297,17681,0,2026-07-01 18:39:20
9195,1298,17446,0,2026-07-01 18:39:20
9196,1298,17251,0,2026-07-01 18:39:20
9197,1298,2963,0,2026-07-01 18:39:20
9198,1298,9104,0,2026-07-01 18:39:20
9199,1298,18081,0,2026-07-01 18:39:20
9200,1298,1868,0,2026-07-01 18:39:20
9201,1298,3173,0,2026-07-01 18:39:20
9202,1298,12239,0,2026-07-01 18:39:20
9203,1299,17448,0,2026-07-01 18:39:20
9204,1299,17446,0,2026-07-01 18:39:20
9205,1299,17251,0,2026-07-01 18:39:20
9206,1299,10116,0,2026-07-01 18:39:20
9207,1300,17448,0,2026-07-01 18:39:20
9208,1300,17446,0,2026-07-01 18:39:20
9209,1300,17274,0,2026-07-01 18:39:20
9210,1300,17544,0,2026-07-01 18:39:20
9211,1300,17251,0,2026-07-01 18:39:20
9212,1300,17404,0,2026-07-01 18:39:20
9213,1300,17529,0,2026-07-01 18:39:20
9214,1301,17446,0,2026-07-01 18:39:20
9215,1301,17251,0,2026-07-01 18:39:20
9216,1301,17617,0,2026-07-01 18:39:20
9217,1301,17448,0,2026-07-01 18:39:20
9218,1301,17920,0,2026-07-01 18:39:20
9219,1301,17404,0,2026-07-01 18:39:20
9220,1301,6615,0,2026-07-01 18:39:20
9221,1303,18219,0,2026-07-01 18:39:20
9222,1304,370,0,2026-07-01 18:39:20
9223,1305,14272,0,2026-07-01 18:39:20
9224,1305,3091,0,2026-07-01 18:39:20
9225,1305,426,0,2026-07-01 18:39:20
9226,1305,1603,0,2026-07-01 18:39:20
9227,1305,6119,0,2026-07-01 18:39:20
9228,1305,9395,0,2026-07-01 18:39:20
9229,1305,12835,0,2026-07-01 18:39:20
9230,1305,14153,0,2026-07-01 18:39:20
9231,1305,13436,0,2026-07-01 18:39:20
9232,1305,15998,0,2026-07-01 18:39:20
9233,1305,18034,0,2026-07-01 18:39:20
9234,1305,17686,0,2026-07-01 18:39:20
9235,1305,18035,0,2026-07-01 18:39:20
9236,1306,17448,0,2026-07-01 18:39:20
9237,1306,17686,0,2026-07-01 18:39:20
9238,1307,17686,0,2026-07-01 18:39:20
9239,1308,17686,0,2026-07-01 18:39:20
9240,1309,3458,0,2026-07-01 18:39:20
9241,1309,3460,0,2026-07-01 18:39:20
9242,1309,3465,0,2026-07-01 18:39:20
9243,1309,3480,0,2026-07-01 18:39:20
9244,1309,3481,0,2026-07-01 18:39:20
9245,1310,12576,0,2026-07-01 18:39:20
9246,1311,18093,0,2026-07-01 18:39:20
9247,1311,3779,0,2026-07-01 18:39:20
9248,1312,17686,0,2026-07-01 18:39:20
9249,1313,13791,0,2026-07-01 18:39:20
9250,1314,18220,0,2026-07-01 18:39:20
9251,1314,18221,0,2026-07-01 18:39:20
9252,1314,18222,0,2026-07-01 18:39:20
9253,1314,18223,0,2026-07-01 18:39:20
9254,1314,18224,0,2026-07-01 18:39:20
9255,1314,18225,0,2026-07-01 18:39:20
9256,1314,18226,0,2026-07-01 18:39:20
9257,1315,17961,0,2026-07-01 18:39:20
9258,1316,17710,0,2026-07-01 18:39:20
9259,1316,6035,0,2026-07-01 18:39:20
9260,1316,1258,0,2026-07-01 18:39:20
9261,1316,14256,0,2026-07-01 18:39:20
9262,1317,17686,0,2026-07-01 18:39:20
9263,1318,17686,0,2026-07-01 18:39:20
9264,1318,17712,0,2026-07-01 18:39:20
9265,1318,17344,0,2026-07-01 18:39:20
9266,1319,8191,0,2026-07-01 18:39:20
9267,1319,17778,0,2026-07-01 18:39:20
9268,1320,17557,0,2026-07-01 18:39:20
9269,1320,17953,0,2026-07-01 18:39:20
9270,1322,13387,0,2026-07-01 18:39:20
9271,1322,17557,0,2026-07-01 18:39:20
9272,1323,13438,0,2026-07-01 18:39:20
9273,1323,13458,0,2026-07-01 18:39:20
9274,1323,18230,0,2026-07-01 18:39:20
9275,1323,5248,0,2026-07-01 18:39:20
9276,1323,17344,0,2026-07-01 18:39:20
9277,1323,17247,0,2026-07-01 18:39:20
9278,1324,17819,0,2026-07-01 18:39:20
9279,1324,17557,0,2026-07-01 18:39:20
9280,1325,18231,0,2026-07-01 18:39:20
9281,1326,17674,0,2026-07-01 18:39:20
9282,1326,17676,0,2026-07-01 18:39:20
9283,1326,17682,0,2026-07-01 18:39:20
9284,1326,17683,0,2026-07-01 18:39:20
9285,1328,16644,0,2026-07-01 18:39:20
9286,1328,18234,0,2026-07-01 18:39:20
9287,1329,18006,0,2026-07-01 18:39:20
9288,1329,17810,0,2026-07-01 18:39:20
9289,1331,17686,0,2026-07-01 18:39:20
9290,1333,17605,0,2026-07-01 18:39:20
9291,1333,17610,0,2026-07-01 18:39:20
9292,1333,17612,0,2026-07-01 18:39:20
9293,1333,17377,0,2026-07-01 18:39:20
9294,1333,10127,0,2026-07-01 18:39:20
9295,1333,15030,0,2026-07-01 18:39:20
9296,1333,18236,0,2026-07-01 18:39:20
9297,1333,18237,0,2026-07-01 18:39:20
9298,1333,18238,0,2026-07-01 18:39:20
9299,1333,18239,0,2026-07-01 18:39:20
9300,1333,18240,0,2026-07-01 18:39:20
9301,1333,18241,0,2026-07-01 18:39:20
9302,1333,18110,0,2026-07-01 18:39:20
9303,1334,17686,0,2026-07-01 18:39:20
9304,1335,18237,0,2026-07-01 18:39:20
9305,1335,2869,0,2026-07-01 18:39:20
9306,1336,16644,0,2026-07-01 18:39:20
9307,1336,16908,0,2026-07-01 18:39:20
9308,1337,18237,0,2026-07-01 18:39:20
9309,1337,17686,0,2026-07-01 18:39:20
9310,1338,17600,0,2026-07-01 18:39:20
9311,1338,11855,0,2026-07-01 18:39:20
9312,1338,10253,0,2026-07-01 18:39:20
9313,1338,8696,0,2026-07-01 18:39:20
9314,1338,17674,0,2026-07-01 18:39:20
9315,1338,17666,0,2026-07-01 18:39:20
9316,1338,17291,0,2026-07-01 18:39:20
9317,1339,10622,0,2026-07-01 18:39:20
9318,1339,8196,0,2026-07-01 18:39:20
9319,1343,18245,0,2026-07-01 18:39:20
9320,1344,18246,0,2026-07-01 18:39:20
9321,1345,11050,0,2026-07-01 18:39:20
9322,1346,17251,0,2026-07-01 18:39:20
9323,1346,17446,0,2026-07-01 18:39:20
9324,1346,17404,0,2026-07-01 18:39:20
9325,1346,6615,0,2026-07-01 18:39:20
9326,1346,1801,0,2026-07-01 18:39:20
9327,1346,15803,0,2026-07-01 18:39:20
9328,1346,2878,0,2026-07-01 18:39:20
9329,1346,3875,0,2026-07-01 18:39:20
9330,1346,18080,0,2026-07-01 18:39:20
9331,1346,17791,0,2026-07-01 18:39:20
9332,1347,18247,0,2026-07-01 18:39:20
9333,1347,17557,0,2026-07-01 18:39:20
9334,1348,17555,0,2026-07-01 18:39:20
9335,1349,18248,0,2026-07-01 18:39:20
9336,1349,17448,0,2026-07-01 18:39:20
9337,1349,17557,0,2026-07-01 18:39:20
9338,1350,1313,0,2026-07-01 18:39:20
9339,1350,18238,0,2026-07-01 18:39:20
9340,1351,17448,0,2026-07-01 18:39:20
9341,1351,17446,0,2026-07-01 18:39:20
9342,1351,17251,0,2026-07-01 18:39:20
9343,1351,17404,0,2026-07-01 18:39:20
9344,1353,17686,0,2026-07-01 18:39:20
9345,1353,17684,0,2026-07-01 18:39:20
9346,1354,17686,0,2026-07-01 18:39:20
9347,1354,17684,0,2026-07-01 18:39:20
9348,1354,17679,0,2026-07-01 18:39:20
9349,1355,12944,0,2026-07-01 18:39:20
9350,1355,332,0,2026-07-01 18:39:20
9351,1355,2620,0,2026-07-01 18:39:20
9352,1355,5875,0,2026-07-01 18:39:20
9353,1355,13403,0,2026-07-01 18:39:20
9354,1356,17686,0,2026-07-01 18:39:20
9355,1357,14034,0,2026-07-01 18:39:20
9356,1357,10908,0,2026-07-01 18:39:20
9357,1358,14034,0,2026-07-01 18:39:20
9358,1359,17686,0,2026-07-01 18:39:20
9359,1360,17686,0,2026-07-01 18:39:20
9360,1361,18252,0,2026-07-01 18:39:20
9361,1361,17686,0,2026-07-01 18:39:20
9362,1362,1314,0,2026-07-01 18:39:20
9363,1362,17686,0,2026-07-01 18:39:20
9364,1363,2720,0,2026-07-01 18:39:20
9365,1364,18253,0,2026-07-01 18:39:20
9366,1364,18254,0,2026-07-01 18:39:20
9367,1364,18255,0,2026-07-01 18:39:20
9368,1364,18256,0,2026-07-01 18:39:20
9369,1364,18257,0,2026-07-01 18:39:20
9370,1364,17809,0,2026-07-01 18:39:20
9371,1364,4813,0,2026-07-01 18:39:20
9372,1364,18258,0,2026-07-01 18:39:20
9373,1364,18259,0,2026-07-01 18:39:20
9374,1367,18228,0,2026-07-01 18:39:20
9375,1368,17263,0,2026-07-01 18:39:20
9376,1368,17557,0,2026-07-01 18:39:20
9377,1370,15017,0,2026-07-01 18:39:20
9378,1370,15020,0,2026-07-01 18:39:20
9379,1370,18260,0,2026-07-01 18:39:20
9380,1370,17686,0,2026-07-01 18:39:20
9381,1370,18261,0,2026-07-01 18:39:20
9382,1370,18262,0,2026-07-01 18:39:20
9383,1372,17282,0,2026-07-01 18:39:20
9384,1373,17686,0,2026-07-01 18:39:20
9385,1374,1514,0,2026-07-01 18:39:20
9386,1374,1515,0,2026-07-01 18:39:20
9387,1374,1992,0,2026-07-01 18:39:20
9388,1374,1970,0,2026-07-01 18:39:20
9389,1374,3311,0,2026-07-01 18:39:20
9390,1374,4072,0,2026-07-01 18:39:20
9391,1374,1923,0,2026-07-01 18:39:20
9392,1374,6791,0,2026-07-01 18:39:20
9393,1374,3657,0,2026-07-01 18:39:20
9394,1374,2676,0,2026-07-01 18:39:20
9395,1374,338,0,2026-07-01 18:39:20
9396,1374,11724,0,2026-07-01 18:39:20
9397,1375,5246,0,2026-07-01 18:39:20
9398,1375,10127,0,2026-07-01 18:39:20
9399,1375,3647,0,2026-07-01 18:39:20
9400,1375,1678,0,2026-07-01 18:39:20
9401,1375,2676,0,2026-07-01 18:39:20
9402,1375,7640,0,2026-07-01 18:39:20
9403,1376,13438,0,2026-07-01 18:39:20
9404,1376,9740,0,2026-07-01 18:39:20
9405,1376,17712,0,2026-07-01 18:39:20
9406,1376,17377,0,2026-07-01 18:39:20
9407,1376,18264,0,2026-07-01 18:39:20
9408,1376,17686,0,2026-07-01 18:39:20
9409,1377,17906,0,2026-07-01 18:39:20
9410,1377,13501,0,2026-07-01 18:39:20
9411,1378,9736,0,2026-07-01 18:39:20
9412,1378,9748,0,2026-07-01 18:39:20
9413,1378,10127,0,2026-07-01 18:39:20
9414,1378,17323,0,2026-07-01 18:39:20
9415,1378,17712,0,2026-07-01 18:39:20
9416,1378,17928,0,2026-07-01 18:39:20
9417,1379,18265,0,2026-07-01 18:39:20
9418,1380,2071,0,2026-07-01 18:39:20
9419,1380,17448,0,2026-07-01 18:39:20
9420,1382,405,0,2026-07-01 18:39:20
9421,1382,17686,0,2026-07-01 18:39:20
9422,1383,18266,0,2026-07-01 18:39:20
9423,1383,14365,0,2026-07-01 18:39:20
9424,1383,18267,0,2026-07-01 18:39:20
9425,1383,12393,0,2026-07-01 18:39:20
9426,1384,17740,0,2026-07-01 18:39:20
9427,1384,17737,0,2026-07-01 18:39:20
9428,1384,18268,0,2026-07-01 18:39:20
9429,1385,17686,0,2026-07-01 18:39:20
9430,1385,14820,0,2026-07-01 18:39:20
9431,1385,16534,0,2026-07-01 18:39:20
9432,1385,14583,0,2026-07-01 18:39:20
9433,1385,2438,0,2026-07-01 18:39:20
9434,1385,7873,0,2026-07-01 18:39:20
9435,1385,4808,0,2026-07-01 18:39:20
9436,1385,3311,0,2026-07-01 18:39:20
9437,1385,3317,0,2026-07-01 18:39:20
9438,1385,17597,0,2026-07-01 18:39:20
9439,1385,17598,0,2026-07-01 18:39:20
9440,1385,8596,0,2026-07-01 18:39:20
9441,1385,8814,0,2026-07-01 18:39:20
9442,1385,8811,0,2026-07-01 18:39:20
9443,1386,14820,0,2026-07-01 18:39:20
9444,1386,16534,0,2026-07-01 18:39:20
9445,1386,7873,0,2026-07-01 18:39:20
9446,1386,17597,0,2026-07-01 18:39:20
9447,1386,17598,0,2026-07-01 18:39:20
9448,1386,8596,0,2026-07-01 18:39:20
9449,1386,8811,0,2026-07-01 18:39:20
9450,1386,4808,0,2026-07-01 18:39:20
9451,1388,17938,0,2026-07-01 18:39:20
9452,1389,17526,0,2026-07-01 18:39:20
9453,1389,17557,0,2026-07-01 18:39:20
9454,1390,18269,0,2026-07-01 18:39:20
9455,1391,18269,0,2026-07-01 18:39:20
9456,1392,3625,0,2026-07-01 18:39:20
9457,1392,18270,0,2026-07-01 18:39:20
9458,1393,17686,0,2026-07-01 18:39:20
9459,1393,17611,0,2026-07-01 18:39:20
9460,1394,17686,0,2026-07-01 18:39:20
9461,1395,17686,0,2026-07-01 18:39:20
9462,1397,17711,0,2026-07-01 18:39:20
9463,1397,1153,0,2026-07-01 18:39:20
9464,1397,12309,0,2026-07-01 18:39:20
9465,1397,1137,0,2026-07-01 18:39:20
9466,1398,17711,0,2026-07-01 18:39:20
9467,1398,1153,0,2026-07-01 18:39:20
9468,1398,12309,0,2026-07-01 18:39:20
9469,1399,17686,0,2026-07-01 18:39:20
9470,1400,17686,0,2026-07-01 18:39:20
9471,1401,12951,0,2026-07-01 18:39:20
9472,1401,15157,0,2026-07-01 18:39:20
9473,1401,220,0,2026-07-01 18:39:20
9474,1401,17686,0,2026-07-01 18:39:20
9475,1402,17686,0,2026-07-01 18:39:20
9476,1403,17595,0,2026-07-01 18:39:20
9477,1403,17287,0,2026-07-01 18:39:20
9478,1403,17803,0,2026-07-01 18:39:20
9479,1403,12576,0,2026-07-01 18:39:20
9480,1404,6040,0,2026-07-01 18:39:20
9481,1404,17683,0,2026-07-01 18:39:20
9482,1404,17674,0,2026-07-01 18:39:20
9483,1404,17684,0,2026-07-01 18:39:20
9484,1405,3487,0,2026-07-01 18:39:20
9485,1406,17686,0,2026-07-01 18:39:20
9486,1407,17686,0,2026-07-01 18:39:20
9487,1409,17251,0,2026-07-01 18:39:20
9488,1409,17286,0,2026-07-01 18:39:20
9489,1409,7270,0,2026-07-01 18:39:20
9490,1409,3381,0,2026-07-01 18:39:20
9491,1409,1735,0,2026-07-01 18:39:20
9492,1409,18274,0,2026-07-01 18:39:20
9493,1409,8196,0,2026-07-01 18:39:20
9494,1409,17287,0,2026-07-01 18:39:20
9495,1409,17288,0,2026-07-01 18:39:20
9496,1409,17352,0,2026-07-01 18:39:20
9497,1410,17251,0,2026-07-01 18:39:20
9498,1410,17286,0,2026-07-01 18:39:20
9499,1410,17401,0,2026-07-01 18:39:20
9500,1410,18276,0,2026-07-01 18:39:20
9501,1410,7270,0,2026-07-01 18:39:20
9502,1410,3381,0,2026-07-01 18:39:20
9503,1410,8196,0,2026-07-01 18:39:20
9504,1410,17514,0,2026-07-01 18:39:20
9505,1410,17288,0,2026-07-01 18:39:20
9506,1410,18274,0,2026-07-01 18:39:20
9507,1410,1735,0,2026-07-01 18:39:20
9508,1410,17352,0,2026-07-01 18:39:20
9509,1412,17684,0,2026-07-01 18:39:20
9510,1413,18277,0,2026-07-01 18:39:20
9511,1413,10510,0,2026-07-01 18:39:20
9512,1414,13791,0,2026-07-01 18:39:20
9513,1415,17715,0,2026-07-01 18:39:20
9514,1415,17515,0,2026-07-01 18:39:20
9515,1415,7002,0,2026-07-01 18:39:20
9516,1415,17601,0,2026-07-01 18:39:20
9517,1415,17671,0,2026-07-01 18:39:20
9518,1416,10510,0,2026-07-01 18:39:20
9519,1416,17557,0,2026-07-01 18:39:20
9520,1417,18278,0,2026-07-01 18:39:20
9521,1419,17953,0,2026-07-01 18:39:20
9522,1419,18228,0,2026-07-01 18:39:20
9523,1420,13756,0,2026-07-01 18:39:20
9524,1420,4519,0,2026-07-01 18:39:20
9525,1420,13757,0,2026-07-01 18:39:20
9526,1420,17293,0,2026-07-01 18:39:20
9527,1420,13758,0,2026-07-01 18:39:20
9528,1420,17333,0,2026-07-01 18:39:20
9529,1420,17337,0,2026-07-01 18:39:20
9530,1420,17371,0,2026-07-01 18:39:20
9531,1420,17850,0,2026-07-01 18:39:20
9532,1421,18279,0,2026-07-01 18:39:20
9533,1421,18280,0,2026-07-01 18:39:20
9534,1422,18281,0,2026-07-01 18:39:20
9535,1422,17227,0,2026-07-01 18:39:20
9536,1423,17686,0,2026-07-01 18:39:20
9537,1424,2557,0,2026-07-01 18:39:20
9538,1424,16255,0,2026-07-01 18:39:20
9539,1424,5208,0,2026-07-01 18:39:20
9540,1424,5438,0,2026-07-01 18:39:20
9541,1424,5929,0,2026-07-01 18:39:20
9542,1424,2903,0,2026-07-01 18:39:20
9543,1424,12136,0,2026-07-01 18:39:20
9544,1424,16261,0,2026-07-01 18:39:20
9545,1424,17967,0,2026-07-01 18:39:20
9546,1425,17684,0,2026-07-01 18:39:20
9547,1425,17678,0,2026-07-01 18:39:20
9548,1425,17668,0,2026-07-01 18:39:20
9549,1426,17605,0,2026-07-01 18:39:20
9550,1426,17663,0,2026-07-01 18:39:20
9551,1426,17612,0,2026-07-01 18:39:20
9552,1426,17607,0,2026-07-01 18:39:20
9553,1427,18282,0,2026-07-01 18:39:20
9554,1428,1028,0,2026-07-01 18:39:20
9555,1428,1629,0,2026-07-01 18:39:20
9556,1429,17613,0,2026-07-01 18:39:20
9557,1429,18020,0,2026-07-01 18:39:20
9558,1430,584,0,2026-07-01 18:39:20
9559,1430,18284,0,2026-07-01 18:39:20
9560,1431,8940,0,2026-07-01 18:39:20
9561,1432,17686,0,2026-07-01 18:39:20
9562,1432,17684,0,2026-07-01 18:39:20
9563,1433,17686,0,2026-07-01 18:39:20
9564,1434,17953,0,2026-07-01 18:39:20
9565,1434,17672,0,2026-07-01 18:39:20
9566,1434,13438,0,2026-07-01 18:39:20
9567,1434,10127,0,2026-07-01 18:39:20
9568,1434,16356,0,2026-07-01 18:39:20
9569,1434,7086,0,2026-07-01 18:39:20
9570,1434,11972,0,2026-07-01 18:39:20
9571,1434,11975,0,2026-07-01 18:39:20
9572,1434,5248,0,2026-07-01 18:39:20
9573,1435,18286,0,2026-07-01 18:39:20
9574,1436,3254,0,2026-07-01 18:39:20
9575,1436,18287,0,2026-07-01 18:39:20
9576,1436,18288,0,2026-07-01 18:39:20
9577,1437,17686,0,2026-07-01 18:39:20
9578,1438,5245,0,2026-07-01 18:39:20
9579,1439,4041,0,2026-07-01 18:39:20
9580,1440,17686,0,2026-07-01 18:39:20
9581,1442,17686,0,2026-07-01 18:39:20
9582,1442,17610,0,2026-07-01 18:39:20
9583,1442,17679,0,2026-07-01 18:39:20
9584,1442,17683,0,2026-07-01 18:39:20
9585,1442,17607,0,2026-07-01 18:39:20
9586,1443,1933,0,2026-07-01 18:39:20
9587,1444,1933,0,2026-07-01 18:39:20
9588,1444,2442,0,2026-07-01 18:39:20
9589,1444,14606,0,2026-07-01 18:39:20
9590,1446,17557,0,2026-07-01 18:39:20
9591,1447,1526,0,2026-07-01 18:39:20
9592,1447,3293,0,2026-07-01 18:39:20
9593,1447,13438,0,2026-07-01 18:39:20
9594,1447,17672,0,2026-07-01 18:39:20
9595,1448,17557,0,2026-07-01 18:39:20
9596,1448,17672,0,2026-07-01 18:39:20
9597,1449,14656,0,2026-07-01 18:39:20
9598,1449,14657,0,2026-07-01 18:39:20
9599,1449,7871,0,2026-07-01 18:39:20
9600,1449,1515,0,2026-07-01 18:39:20
9601,1450,17557,0,2026-07-01 18:39:20
9602,1451,9414,0,2026-07-01 18:39:20
9603,1451,18293,0,2026-07-01 18:39:20
9604,1451,18294,0,2026-07-01 18:39:20
9605,1451,18295,0,2026-07-01 18:39:20
9606,1452,17557,0,2026-07-01 18:39:20
9607,1453,17555,0,2026-07-01 18:39:20
9608,1454,1799,0,2026-07-01 18:39:20
9609,1454,17547,0,2026-07-01 18:39:20
9610,1455,18296,0,2026-07-01 18:39:20
9611,1455,17686,0,2026-07-01 18:39:20
9612,1456,17686,0,2026-07-01 18:39:20
9613,1459,3252,0,2026-07-01 18:39:20
9614,1460,17686,0,2026-07-01 18:39:20
9615,1461,17686,0,2026-07-01 18:39:20
9616,1462,17686,0,2026-07-01 18:39:20
9617,1463,393,0,2026-07-01 18:39:20
9618,1464,13387,0,2026-07-01 18:39:20
9619,1465,332,0,2026-07-01 18:39:20
9620,1465,393,0,2026-07-01 18:39:20
9621,1466,12365,0,2026-07-01 18:39:20
9622,1466,17232,0,2026-07-01 18:39:20
9623,1466,12893,0,2026-07-01 18:39:20
9624,1466,4649,0,2026-07-01 18:39:20
9625,1467,6008,0,2026-07-01 18:39:20
9626,1467,6010,0,2026-07-01 18:39:20
9627,1467,6009,0,2026-07-01 18:39:20
9628,1468,17645,0,2026-07-01 18:39:20
9629,1468,3304,0,2026-07-01 18:39:20
9630,1468,5948,0,2026-07-01 18:39:20
9631,1469,11001,0,2026-07-01 18:39:20
9632,1469,17547,0,2026-07-01 18:39:20
9633,1469,8620,0,2026-07-01 18:39:20
9634,1476,17448,0,2026-07-01 18:39:20
9635,1476,17686,0,2026-07-01 18:39:20
9636,1476,17251,0,2026-07-01 18:39:20
9637,1476,17617,0,2026-07-01 18:39:20
9638,1476,2134,0,2026-07-01 18:39:20
9639,1476,17870,0,2026-07-01 18:39:20
9640,1478,5201,0,2026-07-01 18:39:20
9641,1478,17557,0,2026-07-01 18:39:20
9642,1479,17557,0,2026-07-01 18:39:20
9643,1479,3605,0,2026-07-01 18:39:20
9644,1481,17686,0,2026-07-01 18:39:20
9645,1482,16261,0,2026-07-01 18:39:20
9646,1482,10020,0,2026-07-01 18:39:20
9647,1483,17448,0,2026-07-01 18:39:20
9648,1483,11845,0,2026-07-01 18:39:20
9649,1483,17446,0,2026-07-01 18:39:20
9650,1483,17404,0,2026-07-01 18:39:20
9651,1484,17557,0,2026-07-01 18:39:20
9652,1485,17595,0,2026-07-01 18:39:20
9653,1485,17676,0,2026-07-01 18:39:20
9654,1485,17672,0,2026-07-01 18:39:20
9655,1485,17684,0,2026-07-01 18:39:20
9656,1485,17674,0,2026-07-01 18:39:20
9657,1485,17678,0,2026-07-01 18:39:20
9658,1485,17287,0,2026-07-01 18:39:20
9659,1485,17327,0,2026-07-01 18:39:20
9660,1485,17288,0,2026-07-01 18:39:20
9661,1486,18302,0,2026-07-01 18:39:20
9662,1486,17610,0,2026-07-01 18:39:20
9663,1486,17712,0,2026-07-01 18:39:20
9664,1486,5248,0,2026-07-01 18:39:20
9665,1486,17309,0,2026-07-01 18:39:20
9666,1486,18304,0,2026-07-01 18:39:20
9667,1486,17686,0,2026-07-01 18:39:20
9668,1486,17612,0,2026-07-01 18:39:20
9669,1486,117,0,2026-07-01 18:39:20
9670,1486,116,0,2026-07-01 18:39:20
9671,1487,17448,0,2026-07-01 18:39:20
9672,1487,11845,0,2026-07-01 18:39:20
9673,1490,11845,0,2026-07-01 18:39:20
9674,1490,3087,0,2026-07-01 18:39:20
9675,1490,13596,0,2026-07-01 18:39:20
9676,1490,15801,0,2026-07-01 18:39:20
9677,1491,17448,0,2026-07-01 18:39:20
9678,1491,11845,0,2026-07-01 18:39:20
9679,1491,396,0,2026-07-01 18:39:20
9680,1491,18305,0,2026-07-01 18:39:20
9681,1492,15150,0,2026-07-01 18:39:20
9682,1492,7028,0,2026-07-01 18:39:20
9683,1492,15156,0,2026-07-01 18:39:20
9684,1492,15157,0,2026-07-01 18:39:20
9685,1492,15158,0,2026-07-01 18:39:20
9686,1492,15160,0,2026-07-01 18:39:20
9687,1493,17609,0,2026-07-01 18:39:20
9688,1493,17611,0,2026-07-01 18:39:20
9689,1494,14316,0,2026-07-01 18:39:20
9690,1494,1153,0,2026-07-01 18:39:20
9691,1494,18307,0,2026-07-01 18:39:20
9692,1494,13869,0,2026-07-01 18:39:20
9693,1494,9554,0,2026-07-01 18:39:20
9694,1495,17922,0,2026-07-01 18:39:20
9695,1495,17228,0,2026-07-01 18:39:20
9696,1495,4041,0,2026-07-01 18:39:20
9697,1495,1986,0,2026-07-01 18:39:20
9698,1496,12586,0,2026-07-01 18:39:20
9699,1496,12589,0,2026-07-01 18:39:20
9700,1497,5073,0,2026-07-01 18:39:20
9701,1497,3642,0,2026-07-01 18:39:20
9702,1498,3622,0,2026-07-01 18:39:20
9703,1498,17323,0,2026-07-01 18:39:20
9704,1498,14409,0,2026-07-01 18:39:20
9705,1498,10095,0,2026-07-01 18:39:20
9706,1498,18308,0,2026-07-01 18:39:20
9707,1498,18309,0,2026-07-01 18:39:20
9708,1500,17227,0,2026-07-01 18:39:20
9709,1500,9615,0,2026-07-01 18:39:20
9710,1500,1986,0,2026-07-01 18:39:20
9711,1500,17841,0,2026-07-01 18:39:20
9712,1500,17613,0,2026-07-01 18:39:20
9713,1500,2860,0,2026-07-01 18:39:20
9714,1500,16536,0,2026-07-01 18:39:20
9715,1500,18301,0,2026-07-01 18:39:20
9716,1500,5246,0,2026-07-01 18:39:20
9717,1500,13438,0,2026-07-01 18:39:20
9718,1500,13455,0,2026-07-01 18:39:20
9719,1500,3317,0,2026-07-01 18:39:20
9720,1500,1924,0,2026-07-01 18:39:20
9721,1500,17686,0,2026-07-01 18:39:20
9722,1500,17687,0,2026-07-01 18:39:20
9723,1500,8491,0,2026-07-01 18:39:20
9724,1500,8490,0,2026-07-01 18:39:20
9725,1500,12696,0,2026-07-01 18:39:20
9726,1501,7493,0,2026-07-01 18:39:20
9727,1501,5911,0,2026-07-01 18:39:20
9728,1501,4041,0,2026-07-01 18:39:20
9729,1501,17228,0,2026-07-01 18:39:20
9730,1501,13455,0,2026-07-01 18:39:20
9731,1501,7886,0,2026-07-01 18:39:20
9732,1501,15156,0,2026-07-01 18:39:20
9733,1501,2680,0,2026-07-01 18:39:20
9734,1501,17889,0,2026-07-01 18:39:20
9735,1501,9101,0,2026-07-01 18:39:20
9736,1501,7823,0,2026-07-01 18:39:20
9737,1501,4035,0,2026-07-01 18:39:20
9738,1501,3306,0,2026-07-01 18:39:20
9739,1501,17920,0,2026-07-01 18:39:20
9740,1501,18302,0,2026-07-01 18:39:20
9741,1501,2860,0,2026-07-01 18:39:20
9742,1501,16536,0,2026-07-01 18:39:20
9743,1501,7830,0,2026-07-01 18:39:20
9744,1501,7850,0,2026-07-01 18:39:20
9745,1502,17602,0,2026-07-01 18:39:20
9746,1503,12576,0,2026-07-01 18:39:20
9747,1503,17751,0,2026-07-01 18:39:20
9748,1503,18310,0,2026-07-01 18:39:20
9749,1503,12153,0,2026-07-01 18:39:20
9750,1504,5911,0,2026-07-01 18:39:20
9751,1504,5245,0,2026-07-01 18:39:20
9752,1505,2630,0,2026-07-01 18:39:20
9753,1505,3002,0,2026-07-01 18:39:20
9754,1505,3005,0,2026-07-01 18:39:20
9755,1505,3004,0,2026-07-01 18:39:20
9756,1506,3010,0,2026-07-01 18:39:20
9757,1506,2630,0,2026-07-01 18:39:20
9758,1506,2629,0,2026-07-01 18:39:20
9759,1506,11052,0,2026-07-01 18:39:20
9760,1507,9395,0,2026-07-01 18:39:20
9761,1507,818,0,2026-07-01 18:39:20
9762,1507,10253,0,2026-07-01 18:39:20
9763,1508,5678,0,2026-07-01 18:39:20
9764,1508,9740,0,2026-07-01 18:39:20
9765,1508,18301,0,2026-07-01 18:39:20
9766,1508,18302,0,2026-07-01 18:39:20
9767,1508,17686,0,2026-07-01 18:39:20
9768,1508,17610,0,2026-07-01 18:39:20
9769,1508,17605,0,2026-07-01 18:39:20
9770,1509,9395,0,2026-07-01 18:39:20
9771,1509,10253,0,2026-07-01 18:39:20
9772,1509,818,0,2026-07-01 18:39:20
9773,1510,11845,0,2026-07-01 18:39:20
9774,1510,17446,0,2026-07-01 18:39:20
9775,1510,17286,0,2026-07-01 18:39:20
9776,1510,18317,0,2026-07-01 18:39:20
9777,1510,396,0,2026-07-01 18:39:20
9778,1510,17298,0,2026-07-01 18:39:20
9779,1511,17686,0,2026-07-01 18:39:20
9780,1511,17663,0,2026-07-01 18:39:20
9781,1512,396,0,2026-07-01 18:39:20
9782,1512,17447,0,2026-07-01 18:39:20
9783,1512,17251,0,2026-07-01 18:39:20
9784,1513,18318,0,2026-07-01 18:39:20
9785,1513,3635,0,2026-07-01 18:39:20
9786,1513,4706,0,2026-07-01 18:39:20
9787,1513,18319,0,2026-07-01 18:39:20
9788,1514,17251,0,2026-07-01 18:39:20
9789,1514,17446,0,2026-07-01 18:39:20
9790,1514,18320,0,2026-07-01 18:39:20
9791,1514,396,0,2026-07-01 18:39:20
9792,1514,17298,0,2026-07-01 18:39:20
9793,1514,17448,0,2026-07-01 18:39:20
9794,1515,17448,0,2026-07-01 18:39:20
9795,1515,17446,0,2026-07-01 18:39:20
9796,1515,17618,0,2026-07-01 18:39:20
9797,1515,18320,0,2026-07-01 18:39:20
9798,1515,18321,0,2026-07-01 18:39:20
9799,1516,14744,0,2026-07-01 18:39:20
9800,1516,17611,0,2026-07-01 18:39:20
9801,1516,3567,0,2026-07-01 18:39:20
9802,1517,6615,0,2026-07-01 18:39:20
9803,1519,17684,0,2026-07-01 18:39:20
9804,1519,17605,0,2026-07-01 18:39:20
9805,1519,17612,0,2026-07-01 18:39:20
9806,1524,18323,0,2026-07-01 18:39:20
9807,1525,3484,0,2026-07-01 18:39:20
9808,1525,3485,0,2026-07-01 18:39:20
9809,1525,5631,0,2026-07-01 18:39:20
9810,1526,5630,0,2026-07-01 18:39:20
9811,1527,5630,0,2026-07-01 18:39:20
9812,1528,12944,0,2026-07-01 18:39:20
9813,1528,4041,0,2026-07-01 18:39:20
9814,1528,17547,0,2026-07-01 18:39:20
9815,1531,17481,0,2026-07-01 18:39:20
9816,1531,18253,0,2026-07-01 18:39:20
9817,1531,15645,0,2026-07-01 18:39:20
9818,1531,18327,0,2026-07-01 18:39:20
9819,1531,13668,0,2026-07-01 18:39:20
9820,1531,18172,0,2026-07-01 18:39:20
9821,1531,5200,0,2026-07-01 18:39:20
9822,1531,16190,0,2026-07-01 18:39:20
9823,1532,17610,0,2026-07-01 18:39:20
9824,1532,17612,0,2026-07-01 18:39:20
9825,1532,17607,0,2026-07-01 18:39:20
9826,1532,17611,0,2026-07-01 18:39:20
9827,1532,17683,0,2026-07-01 18:39:20
9828,1532,17686,0,2026-07-01 18:39:20
9829,1533,17448,0,2026-07-01 18:39:20
9830,1533,17251,0,2026-07-01 18:39:20
9831,1533,17617,0,2026-07-01 18:39:20
9832,1533,17446,0,2026-07-01 18:39:20
9833,1533,17495,0,2026-07-01 18:39:20
9834,1533,17870,0,2026-07-01 18:39:20
9835,1533,280,0,2026-07-01 18:39:20
9836,1534,17448,0,2026-07-01 18:39:20
9837,1534,280,0,2026-07-01 18:39:20
9838,1535,17686,0,2026-07-01 18:39:20
9839,1537,5201,0,2026-07-01 18:39:20
9840,1538,17448,0,2026-07-01 18:39:20
9841,1538,17870,0,2026-07-01 18:39:20
9842,1539,12325,0,2026-07-01 18:39:20
9843,1540,17557,0,2026-07-01 18:39:20
9844,1541,17686,0,2026-07-01 18:39:20
9845,1542,17686,0,2026-07-01 18:39:20
9846,1542,269,0,2026-07-01 18:39:20
9847,1542,7309,0,2026-07-01 18:39:20
9848,1542,16190,0,2026-07-01 18:39:20
9849,1542,7206,0,2026-07-01 18:39:20
9850,1542,13665,0,2026-07-01 18:39:20
9851,1542,7885,0,2026-07-01 18:39:20
9852,1543,9736,0,2026-07-01 18:39:20
9853,1543,17686,0,2026-07-01 18:39:20
9854,1544,6695,0,2026-07-01 18:39:20
9855,1544,9736,0,2026-07-01 18:39:20
9856,1544,17686,0,2026-07-01 18:39:20
9857,1545,17712,0,2026-07-01 18:39:20
9858,1545,17686,0,2026-07-01 18:39:20
9859,1546,17686,0,2026-07-01 18:39:20
9860,1547,18039,0,2026-07-01 18:39:20
9861,1547,4717,0,2026-07-01 18:39:20
9862,1549,17557,0,2026-07-01 18:39:20
9863,1552,17251,0,2026-07-01 18:39:20
9864,1552,3986,0,2026-07-01 18:39:20
9865,1552,17446,0,2026-07-01 18:39:20
9866,1552,3087,0,2026-07-01 18:39:20
9867,1553,4717,0,2026-07-01 18:39:20
9868,1554,17557,0,2026-07-01 18:39:20
9869,1555,17953,0,2026-07-01 18:39:20
9870,1556,17686,0,2026-07-01 18:39:20
9871,1556,17684,0,2026-07-01 18:39:20
9872,1557,17605,0,2026-07-01 18:39:20
9873,1557,17610,0,2026-07-01 18:39:20
9874,1557,17612,0,2026-07-01 18:39:20
9875,1557,17678,0,2026-07-01 18:39:20
9876,1557,17684,0,2026-07-01 18:39:20
9877,1558,17686,0,2026-07-01 18:39:20
9878,1559,17686,0,2026-07-01 18:39:20
9879,1560,17686,0,2026-07-01 18:39:20
9880,1560,17684,0,2026-07-01 18:39:20
9881,1560,17681,0,2026-07-01 18:39:20
9882,1561,18039,0,2026-07-01 18:39:20
9883,1561,18281,0,2026-07-01 18:39:20
9884,1562,17686,0,2026-07-01 18:39:20
9885,1563,17605,0,2026-07-01 18:39:20
9886,1563,17678,0,2026-07-01 18:39:20
9887,1563,17612,0,2026-07-01 18:39:20
9888,1563,17672,0,2026-07-01 18:39:20
9889,1564,18328,0,2026-07-01 18:39:20
9890,1564,332,0,2026-07-01 18:39:20
9891,1565,17611,0,2026-07-01 18:39:20
9892,1565,17683,0,2026-07-01 18:39:20
9893,1565,17684,0,2026-07-01 18:39:20
9894,1565,17686,0,2026-07-01 18:39:20
9895,1566,17611,0,2026-07-01 18:39:20
9896,1566,17678,0,2026-07-01 18:39:20
9897,1566,17683,0,2026-07-01 18:39:20
9898,1566,17686,0,2026-07-01 18:39:20
9899,1567,7269,0,2026-07-01 18:39:20
9900,1567,3381,0,2026-07-01 18:39:20
9901,1567,8196,0,2026-07-01 18:39:20
9902,1569,8196,0,2026-07-01 18:39:20
9903,1569,11855,0,2026-07-01 18:39:20
9904,1569,10253,0,2026-07-01 18:39:20
9905,1569,8696,0,2026-07-01 18:39:20
9906,1569,10622,0,2026-07-01 18:39:20
9907,1569,17287,0,2026-07-01 18:39:20
9908,1573,17948,0,2026-07-01 18:39:20
9909,1574,18228,0,2026-07-01 18:39:20
9910,1575,17683,0,2026-07-01 18:39:20
9911,1576,3256,0,2026-07-01 18:39:20
9912,1577,1258,0,2026-07-01 18:39:20
9913,1577,10622,0,2026-07-01 18:39:20
9914,1577,17327,0,2026-07-01 18:39:20
9915,1577,10253,0,2026-07-01 18:39:20
9916,1577,9980,0,2026-07-01 18:39:20
9917,1577,17642,0,2026-07-01 18:39:20
9918,1577,17713,0,2026-07-01 18:39:20
9919,1578,3466,0,2026-07-01 18:39:20
9920,1578,3468,0,2026-07-01 18:39:20
9921,1578,17611,0,2026-07-01 18:39:20
9922,1578,17683,0,2026-07-01 18:39:20
9923,1578,17684,0,2026-07-01 18:39:20
9924,1578,18280,0,2026-07-01 18:39:20
9925,1578,18335,0,2026-07-01 18:39:20
9926,1579,18336,0,2026-07-01 18:39:20
9927,1580,17686,0,2026-07-01 18:39:20
9928,1582,1612,0,2026-07-01 18:39:20
9929,1582,17251,0,2026-07-01 18:39:20
9930,1582,17286,0,2026-07-01 18:39:20
9931,1582,17446,0,2026-07-01 18:39:20
9932,1582,17447,0,2026-07-01 18:39:20
9933,1582,17448,0,2026-07-01 18:39:20
9934,1582,17618,0,2026-07-01 18:39:20
9935,1582,18337,0,2026-07-01 18:39:20
9936,1584,17448,0,2026-07-01 18:39:20
9937,1585,17684,0,2026-07-01 18:39:20
9938,1585,17686,0,2026-07-01 18:39:20
9939,1585,17672,0,2026-07-01 18:39:20
9940,1585,17683,0,2026-07-01 18:39:20
9941,1586,18337,0,2026-07-01 18:39:20
9942,1586,3087,0,2026-07-01 18:39:20
9943,1586,17286,0,2026-07-01 18:39:20
9944,1586,17251,0,2026-07-01 18:39:20
9945,1586,17446,0,2026-07-01 18:39:20
9946,1586,17617,0,2026-07-01 18:39:20
9947,1586,17618,0,2026-07-01 18:39:20
9948,1586,17447,0,2026-07-01 18:39:20
9949,1586,1612,0,2026-07-01 18:39:20
9950,1587,18338,0,2026-07-01 18:39:20
9951,1587,17686,0,2026-07-01 18:39:20
9952,1588,7,0,2026-07-01 18:39:20
9953,1588,13,0,2026-07-01 18:39:20
9954,1588,1612,0,2026-07-01 18:39:20
9955,1588,3087,0,2026-07-01 18:39:20
9956,1588,17251,0,2026-07-01 18:39:20
9957,1588,17286,0,2026-07-01 18:39:20
9958,1588,17447,0,2026-07-01 18:39:20
9959,1588,17618,0,2026-07-01 18:39:20
9960,1588,18337,0,2026-07-01 18:39:20
9961,1589,18337,0,2026-07-01 18:39:20
9962,1589,17251,0,2026-07-01 18:39:20
9963,1589,17448,0,2026-07-01 18:39:20
9964,1589,17446,0,2026-07-01 18:39:20
9965,1589,17617,0,2026-07-01 18:39:20
9966,1589,1612,0,2026-07-01 18:39:20
9967,1589,7,0,2026-07-01 18:39:20
9968,1590,17686,0,2026-07-01 18:39:20
9969,1591,17711,0,2026-07-01 18:39:20
9970,1591,17323,0,2026-07-01 18:39:20
9971,1591,5248,0,2026-07-01 18:39:20
9972,1591,18339,0,2026-07-01 18:39:20
9973,1597,17557,0,2026-07-01 18:39:20
9974,1598,9101,0,2026-07-01 18:39:20
9975,1598,18343,0,2026-07-01 18:39:20
9976,1598,7873,0,2026-07-01 18:39:20
9977,1599,9063,0,2026-07-01 18:39:20
9978,1600,11050,0,2026-07-01 18:39:20
9979,1601,17673,0,2026-07-01 18:39:20
9980,1601,18345,0,2026-07-01 18:39:20
9981,1601,16644,0,2026-07-01 18:39:20
9982,1602,17686,0,2026-07-01 18:39:20
9983,1603,18285,0,2026-07-01 18:39:20
9984,1604,370,0,2026-07-01 18:39:20
9985,1605,17686,0,2026-07-01 18:39:20
9986,1606,9736,0,2026-07-01 18:39:20
9987,1606,17686,0,2026-07-01 18:39:20
9988,1607,8936,0,2026-07-01 18:39:20
9989,1607,17557,0,2026-07-01 18:39:20
9990,1616,8992,0,2026-07-01 18:39:20
9991,1616,16810,0,2026-07-01 18:39:20
9992,1616,192,0,2026-07-01 18:39:20
9993,1616,602,0,2026-07-01 18:39:20
9994,1616,10253,0,2026-07-01 18:39:20
9995,1616,10450,0,2026-07-01 18:39:20
9996,1616,2967,0,2026-07-01 18:39:20
9997,1616,14276,0,2026-07-01 18:39:20
9998,1617,17870,0,2026-07-01 18:39:20
9999,1617,17273,0,2026-07-01 18:39:20
10000,1618,17686,0,2026-07-01 18:39:20
10001,1619,3254,0,2026-07-01 18:39:20
10002,1619,3259,0,2026-07-01 18:39:20
10003,1620,1137,0,2026-07-01 18:39:20
10004,1621,18252,0,2026-07-01 18:39:20
10005,1621,18219,0,2026-07-01 18:39:20
10006,1622,17686,0,2026-07-01 18:39:20
10007,1629,17686,0,2026-07-01 18:39:20
10008,1630,17454,0,2026-07-01 18:39:20
10009,1630,17605,0,2026-07-01 18:39:20
10010,1630,17676,0,2026-07-01 18:39:20
10011,1631,18286,0,2026-07-01 18:39:20
10012,1632,17686,0,2026-07-01 18:39:20
10013,1633,17686,0,2026-07-01 18:39:20
10014,1634,1027,0,2026-07-01 18:39:20
10015,1636,5911,0,2026-07-01 18:39:20
10016,1637,17686,0,2026-07-01 18:39:20
10017,1638,17683,0,2026-07-01 18:39:20
10018,1638,17668,0,2026-07-01 18:39:20
10019,1639,17557,0,2026-07-01 18:39:20
10020,1640,5665,0,2026-07-01 18:39:20
10021,1640,7774,0,2026-07-01 18:39:20
10022,1640,17686,0,2026-07-01 18:39:20
10023,1641,11050,0,2026-07-01 18:39:20
10024,1642,18039,0,2026-07-01 18:39:20
10025,1642,17483,0,2026-07-01 18:39:20
10026,1643,18228,0,2026-07-01 18:39:20
10027,1644,17938,0,2026-07-01 18:39:20
10028,1645,18352,0,2026-07-01 18:39:20
10029,1646,17557,0,2026-07-01 18:39:20
10030,1646,18353,0,2026-07-01 18:39:20
10031,1647,3484,0,2026-07-01 18:39:20
10032,1648,17686,0,2026-07-01 18:39:20
10033,1651,18355,0,2026-07-01 18:39:20
10034,1652,18356,0,2026-07-01 18:39:20
10035,1653,18228,0,2026-07-01 18:39:20
10036,1654,5665,0,2026-07-01 18:39:20
10037,1655,5632,0,2026-07-01 18:39:20
10038,1655,14805,0,2026-07-01 18:39:20
10039,1655,13113,0,2026-07-01 18:39:20
10040,1655,18359,0,2026-07-01 18:39:20
10041,1657,18360,0,2026-07-01 18:39:20
10042,1657,17686,0,2026-07-01 18:39:20
10043,1657,17612,0,2026-07-01 18:39:20
10044,1657,17683,0,2026-07-01 18:39:20
10045,1658,18362,0,2026-07-01 18:39:20
10046,1659,13756,0,2026-07-01 18:39:20
10047,1659,17330,0,2026-07-01 18:39:20
10048,1659,6528,0,2026-07-01 18:39:20
10049,1659,17372,0,2026-07-01 18:39:20
10050,1659,14238,0,2026-07-01 18:39:20
10051,1660,17686,0,2026-07-01 18:39:20
10052,1661,18346,0,2026-07-01 18:39:20
10053,1661,17686,0,2026-07-01 18:39:20
10054,1662,8989,0,2026-07-01 18:39:20
10055,1666,11050,0,2026-07-01 18:39:20
10056,1667,12375,0,2026-07-01 18:39:20
10057,1667,2915,0,2026-07-01 18:39:20
10058,1667,16190,0,2026-07-01 18:39:20
10059,1667,2685,0,2026-07-01 18:39:20
10060,1668,17686,0,2026-07-01 18:39:20
10061,1668,17684,0,2026-07-01 18:39:20
10062,1668,17678,0,2026-07-01 18:39:20
10063,1668,17609,0,2026-07-01 18:39:20
10064,1668,17675,0,2026-07-01 18:39:20
10065,1668,17668,0,2026-07-01 18:39:20
10066,1668,17612,0,2026-07-01 18:39:20
10067,1668,17611,0,2026-07-01 18:39:20
10068,1669,17674,0,2026-07-01 18:39:20
10069,1669,17676,0,2026-07-01 18:39:20
10070,1669,17678,0,2026-07-01 18:39:20
10071,1669,17680,0,2026-07-01 18:39:20
10072,1669,17677,0,2026-07-01 18:39:20
10073,1669,17668,0,2026-07-01 18:39:20
10074,1669,17675,0,2026-07-01 18:39:20
10075,1669,17666,0,2026-07-01 18:39:20
10076,1669,17667,0,2026-07-01 18:39:20
10077,1669,17683,0,2026-07-01 18:39:20
10078,1669,17681,0,2026-07-01 18:39:20
10079,1669,17609,0,2026-07-01 18:39:20
10080,1669,17669,0,2026-07-01 18:39:20
10081,1669,17665,0,2026-07-01 18:39:20
10082,1669,17670,0,2026-07-01 18:39:20
10083,1669,17682,0,2026-07-01 18:39:20
10084,1669,17461,0,2026-07-01 18:39:20
10085,1670,18364,0,2026-07-01 18:39:20
10086,1671,17557,0,2026-07-01 18:39:20
10087,1672,17557,0,2026-07-01 18:39:20
10088,1672,17686,0,2026-07-01 18:39:20
10089,1673,3485,0,2026-07-01 18:39:20
10090,1673,1518,0,2026-07-01 18:39:20
10091,1674,2905,0,2026-07-01 18:39:20
10092,1674,18278,0,2026-07-01 18:39:20
10093,1675,17686,0,2026-07-01 18:39:20
10094,1675,8110,0,2026-07-01 18:39:20
10095,1675,9736,0,2026-07-01 18:39:20
10096,1675,9748,0,2026-07-01 18:39:20
10097,1675,17928,0,2026-07-01 18:39:20
10098,1676,17461,0,2026-07-01 18:39:20
10099,1676,118,0,2026-07-01 18:39:20
10100,1676,120,0,2026-07-01 18:39:20
10101,1676,12305,0,2026-07-01 18:39:20
10102,1676,11211,0,2026-07-01 18:39:20
10103,1676,1137,0,2026-07-01 18:39:20
10104,1676,117,0,2026-07-01 18:39:20
10105,1676,7664,0,2026-07-01 18:39:20
10106,1676,7649,0,2026-07-01 18:39:20
10107,1676,3139,0,2026-07-01 18:39:20
10108,1677,118,0,2026-07-01 18:39:20
10109,1677,120,0,2026-07-01 18:39:20
10110,1677,6294,0,2026-07-01 18:39:20
10111,1677,1137,0,2026-07-01 18:39:20
10112,1677,117,0,2026-07-01 18:39:20
10113,1677,7664,0,2026-07-01 18:39:20
10114,1677,7649,0,2026-07-01 18:39:20
10115,1677,3136,0,2026-07-01 18:39:20
10116,1678,6695,0,2026-07-01 18:39:20
10117,1678,7664,0,2026-07-01 18:39:20
10118,1678,11739,0,2026-07-01 18:39:20
10119,1678,15137,0,2026-07-01 18:39:20
10120,1678,7649,0,2026-07-01 18:39:20
10121,1678,1137,0,2026-07-01 18:39:20
10122,1678,7822,0,2026-07-01 18:39:20
10123,1679,3568,0,2026-07-01 18:39:20
10124,1679,17397,0,2026-07-01 18:39:20
10125,1679,4072,0,2026-07-01 18:39:20
10126,1680,3458,0,2026-07-01 18:39:20
10127,1680,3293,0,2026-07-01 18:39:20
10128,1680,3568,0,2026-07-01 18:39:20
10129,1680,17469,0,2026-07-01 18:39:20
10130,1680,8804,0,2026-07-01 18:39:20
10131,1680,15630,0,2026-07-01 18:39:20
10132,1684,17852,0,2026-07-01 18:39:20
10133,1685,9327,0,2026-07-01 18:39:20
10134,1685,9328,0,2026-07-01 18:39:20
10135,1686,17686,0,2026-07-01 18:39:20
10136,1686,9101,0,2026-07-01 18:39:20
10137,1686,16534,0,2026-07-01 18:39:20
10138,1686,3568,0,2026-07-01 18:39:20
10139,1688,17672,0,2026-07-01 18:39:20
10140,1688,17611,0,2026-07-01 18:39:20
10141,1688,17666,0,2026-07-01 18:39:20
10142,1689,17686,0,2026-07-01 18:39:20
10143,1690,17686,0,2026-07-01 18:39:20
10144,1690,17684,0,2026-07-01 18:39:20
10145,1690,17679,0,2026-07-01 18:39:20
10146,1690,17663,0,2026-07-01 18:39:20
10147,1692,17686,0,2026-07-01 18:39:20
10148,1694,17448,0,2026-07-01 18:39:20
10149,1694,17251,0,2026-07-01 18:39:20
10150,1694,7584,0,2026-07-01 18:39:20
10151,1694,2134,0,2026-07-01 18:39:20
10152,1695,17448,0,2026-07-01 18:39:20
10153,1695,17251,0,2026-07-01 18:39:20
10154,1695,7584,0,2026-07-01 18:39:20
10155,1695,17404,0,2026-07-01 18:39:20
10156,1696,3087,0,2026-07-01 18:39:20
10157,1696,11845,0,2026-07-01 18:39:20
10158,1697,16005,0,2026-07-01 18:39:20
10159,1697,17571,0,2026-07-01 18:39:20
10160,1697,17419,0,2026-07-01 18:39:20
10161,1697,8196,0,2026-07-01 18:39:20
10162,1697,17775,0,2026-07-01 18:39:20
10163,1698,2096,0,2026-07-01 18:39:20
10164,1699,2096,0,2026-07-01 18:39:20
10165,1700,18367,0,2026-07-01 18:39:20
10166,1701,18367,0,2026-07-01 18:39:20
10167,1701,18367,0,2026-07-01 18:39:20
10168,1702,17686,0,2026-07-01 18:39:20
10169,1705,18369,0,2026-07-01 18:39:20
10170,1706,18370,0,2026-07-01 18:39:20
10171,1706,17686,0,2026-07-01 18:39:20
10172,1706,17683,0,2026-07-01 18:39:20
10173,1707,17683,0,2026-07-01 18:39:20
10174,1707,17681,0,2026-07-01 18:39:20
10175,1708,4336,0,2026-07-01 18:39:20
10176,1708,16843,0,2026-07-01 18:39:20
10177,1708,16846,0,2026-07-01 18:39:20
10178,1708,2293,0,2026-07-01 18:39:20
10179,1708,14840,0,2026-07-01 18:39:20
10180,1708,6809,0,2026-07-01 18:39:20
10181,1708,5622,0,2026-07-01 18:39:20
10182,1710,17684,0,2026-07-01 18:39:20
10183,1711,17686,0,2026-07-01 18:39:20
10184,1711,17684,0,2026-07-01 18:39:20
10185,1711,17610,0,2026-07-01 18:39:20
10186,1712,2142,0,2026-07-01 18:39:20
10187,1712,18372,0,2026-07-01 18:39:20
10188,1712,15630,0,2026-07-01 18:39:20
10189,1712,18373,0,2026-07-01 18:39:20
10190,1712,18374,0,2026-07-01 18:39:20
10191,1712,12908,0,2026-07-01 18:39:20
10192,1713,17686,0,2026-07-01 18:39:20
10193,1714,17686,0,2026-07-01 18:39:20
10194,1715,17686,0,2026-07-01 18:39:20
10195,1716,2142,0,2026-07-01 18:39:20
10196,1716,10022,0,2026-07-01 18:39:20
10197,1716,18373,0,2026-07-01 18:39:20
10198,1716,1311,0,2026-07-01 18:39:20
10199,1717,2142,0,2026-07-01 18:39:20
10200,1717,1313,0,2026-07-01 18:39:20
10201,1717,18375,0,2026-07-01 18:39:20
10202,1718,2142,0,2026-07-01 18:39:20
10203,1718,1313,0,2026-07-01 18:39:20
10204,1718,5618,0,2026-07-01 18:39:20
10205,1719,17686,0,2026-07-01 18:39:20
10206,1719,17684,0,2026-07-01 18:39:20
10207,1720,4547,0,2026-07-01 18:39:20
10208,1720,18376,0,2026-07-01 18:39:20
10209,1720,18377,0,2026-07-01 18:39:20
10210,1720,18378,0,2026-07-01 18:39:20
10211,1720,3311,0,2026-07-01 18:39:20
10212,1720,4072,0,2026-07-01 18:39:20
10213,1720,7028,0,2026-07-01 18:39:20
10214,1720,18379,0,2026-07-01 18:39:20
10215,1720,18380,0,2026-07-01 18:39:20
10216,1720,18381,0,2026-07-01 18:39:20
10217,1721,17371,0,2026-07-01 18:39:20
10218,1721,18382,0,2026-07-01 18:39:20
10219,1721,4519,0,2026-07-01 18:39:20
10220,1721,18383,0,2026-07-01 18:39:20
10221,1721,18384,0,2026-07-01 18:39:20
10222,1722,17686,0,2026-07-01 18:39:20
10223,1722,1933,0,2026-07-01 18:39:20
10224,1722,3484,0,2026-07-01 18:39:20
10225,1722,6657,0,2026-07-01 18:39:20
10226,1722,17684,0,2026-07-01 18:39:20
10227,1723,18385,0,2026-07-01 18:39:20
10228,1723,15157,0,2026-07-01 18:39:20
10229,1723,18204,0,2026-07-01 18:39:20
10230,1723,17491,0,2026-07-01 18:39:20
10231,1723,14993,0,2026-07-01 18:39:20
10232,1723,18381,0,2026-07-01 18:39:20
10233,1724,18386,0,2026-07-01 18:39:20
10234,1724,18387,0,2026-07-01 18:39:20
10235,1724,18388,0,2026-07-01 18:39:20
10236,1724,18389,0,2026-07-01 18:39:20
10237,1725,18371,0,2026-07-01 18:39:20
10238,1727,11001,0,2026-07-01 18:39:20
10239,1727,5284,0,2026-07-01 18:39:20
10240,1727,5285,0,2026-07-01 18:39:20
10241,1727,5248,0,2026-07-01 18:39:20
10242,1727,7309,0,2026-07-01 18:39:20
10243,1729,13756,0,2026-07-01 18:39:20
10244,1729,17371,0,2026-07-01 18:39:20
10245,1729,17372,0,2026-07-01 18:39:20
10246,1729,14235,0,2026-07-01 18:39:20
10247,1729,14238,0,2026-07-01 18:39:20
10248,1729,17340,0,2026-07-01 18:39:20
10249,1729,17433,0,2026-07-01 18:39:20
10250,1729,17404,0,2026-07-01 18:39:20
10251,1732,15251,0,2026-07-01 18:39:20
10252,1732,15252,0,2026-07-01 18:39:20
10253,1733,15251,0,2026-07-01 18:39:20
10254,1737,17686,0,2026-07-01 18:39:20
10255,1737,17610,0,2026-07-01 18:39:20
10256,1738,3485,0,2026-07-01 18:39:20
10257,1739,17557,0,2026-07-01 18:39:20
10258,1740,17557,0,2026-07-01 18:39:20
10259,1741,17686,0,2026-07-01 18:39:20
10260,1742,9414,0,2026-07-01 18:39:20
10261,1742,17557,0,2026-07-01 18:39:20
10262,1743,18400,0,2026-07-01 18:39:20
10263,1744,17557,0,2026-07-01 18:39:20
10264,1745,17557,0,2026-07-01 18:39:20
10265,1746,6615,0,2026-07-01 18:39:20
10266,1747,17557,0,2026-07-01 18:39:20
10267,1748,6035,0,2026-07-01 18:39:20
10268,1748,7270,0,2026-07-01 18:39:20
10269,1748,8196,0,2026-07-01 18:39:20
10270,1748,17325,0,2026-07-01 18:39:20
10271,1748,17415,0,2026-07-01 18:39:20
10272,1748,17514,0,2026-07-01 18:39:20
10273,1749,17514,0,2026-07-01 18:39:20
10274,1749,17288,0,2026-07-01 18:39:20
10275,1749,8196,0,2026-07-01 18:39:20
10276,1749,17325,0,2026-07-01 18:39:20
10277,1750,17327,0,2026-07-01 18:39:20
10278,1750,6035,0,2026-07-01 18:39:20
10279,1750,8196,0,2026-07-01 18:39:20
10280,1752,17686,0,2026-07-01 18:39:20
10281,1752,17684,0,2026-07-01 18:39:20
10282,1753,17672,0,2026-07-01 18:39:20
10283,1753,17611,0,2026-07-01 18:39:20
10284,1753,17683,0,2026-07-01 18:39:20
10285,1754,17287,0,2026-07-01 18:39:20
10286,1754,8196,0,2026-07-01 18:39:20
10287,1754,17325,0,2026-07-01 18:39:20
10288,1754,7270,0,2026-07-01 18:39:20
10289,1755,9328,0,2026-07-01 18:39:20
10290,1755,17557,0,2026-07-01 18:39:20
10291,1755,17686,0,2026-07-01 18:39:20
10292,1755,9329,0,2026-07-01 18:39:20
10293,1756,1119,0,2026-07-01 18:39:20
10294,1756,18107,0,2026-07-01 18:39:20
10295,1756,989,0,2026-07-01 18:39:20
10296,1762,17841,0,2026-07-01 18:39:20
10297,1763,18401,0,2026-07-01 18:39:20
10298,1764,17448,0,2026-07-01 18:39:20
10299,1764,17686,0,2026-07-01 18:39:20
10300,1765,427,0,2026-07-01 18:39:20
10301,1766,17686,0,2026-07-01 18:39:20
10302,1767,18405,0,2026-07-01 18:39:20
10303,1768,1313,0,2026-07-01 18:39:20
10304,1770,18406,0,2026-07-01 18:39:20
10305,1771,11050,0,2026-07-01 18:39:20
10306,1772,18408,0,2026-07-01 18:39:20
10307,1773,17557,0,2026-07-01 18:39:20
10308,1774,18406,0,2026-07-01 18:39:20
10309,1775,12132,0,2026-07-01 18:39:20
10310,1775,4072,0,2026-07-01 18:39:20
10311,1775,3486,0,2026-07-01 18:39:20
10312,1776,17684,0,2026-07-01 18:39:20
10313,1777,1311,0,2026-07-01 18:39:20
10314,1777,5248,0,2026-07-01 18:39:20
10315,1777,18280,0,2026-07-01 18:39:20
10316,1777,4815,0,2026-07-01 18:39:20
10317,1778,17841,0,2026-07-01 18:39:20
10318,1779,17686,0,2026-07-01 18:39:20
10319,1780,17686,0,2026-07-01 18:39:20
10320,1781,17557,0,2026-07-01 18:39:20
10321,1782,18279,0,2026-07-01 18:39:20
10322,1783,18411,0,2026-07-01 18:39:20
10323,1784,2381,0,2026-07-01 18:39:20
10324,1784,6342,0,2026-07-01 18:39:20
10325,1784,1235,0,2026-07-01 18:39:20
10326,1784,6043,0,2026-07-01 18:39:20
10327,1785,18412,0,2026-07-01 18:39:20
10328,1785,1235,0,2026-07-01 18:39:20
10329,1785,11025,0,2026-07-01 18:39:20
10330,1785,18413,0,2026-07-01 18:39:20
10331,1786,17686,0,2026-07-01 18:39:20
10332,1786,18249,0,2026-07-01 18:39:20
10333,1786,17683,0,2026-07-01 18:39:20
10334,1790,17712,0,2026-07-01 18:39:20
10335,1791,17557,0,2026-07-01 18:39:20
10336,1791,11019,0,2026-07-01 18:39:20
10337,1792,18415,0,2026-07-01 18:39:20
10338,1794,18424,0,2026-07-01 18:39:20
10339,1795,17557,0,2026-07-01 18:39:20
10340,1796,17557,0,2026-07-01 18:39:20
10341,1798,18425,0,2026-07-01 18:39:20
10342,1799,18355,0,2026-07-01 18:39:20
10343,1800,18035,0,2026-07-01 18:39:20
10344,1800,17965,0,2026-07-01 18:39:20
10345,1801,17841,0,2026-07-01 18:39:20
10346,1802,667,0,2026-07-01 18:39:20
10347,1802,118,0,2026-07-01 18:39:20
10348,1803,7270,0,2026-07-01 18:39:20
10349,1803,3381,0,2026-07-01 18:39:20
10350,1803,8196,0,2026-07-01 18:39:20
10351,1803,17514,0,2026-07-01 18:39:20
10352,1803,17354,0,2026-07-01 18:39:20
10353,1803,9980,0,2026-07-01 18:39:20
10354,1803,10622,0,2026-07-01 18:39:20
10355,1805,18278,0,2026-07-01 18:39:20
10356,1805,12899,0,2026-07-01 18:39:20
10357,1806,17686,0,2026-07-01 18:39:20
10358,1806,17683,0,2026-07-01 18:39:20
10359,1807,15651,0,2026-07-01 18:39:20
10360,1807,3484,0,2026-07-01 18:39:20
10361,1808,17686,0,2026-07-01 18:39:20
10362,1808,17684,0,2026-07-01 18:39:20
10363,1808,17605,0,2026-07-01 18:39:20
10364,1809,8488,0,2026-07-01 18:39:20
10365,1809,18426,0,2026-07-01 18:39:20
10366,1809,6531,0,2026-07-01 18:39:20
10367,1809,2943,0,2026-07-01 18:39:20
10368,1809,4519,0,2026-07-01 18:39:20
10369,1809,13758,0,2026-07-01 18:39:20
10370,1809,17293,0,2026-07-01 18:39:20
10371,1809,17333,0,2026-07-01 18:39:20
10372,1809,17334,0,2026-07-01 18:39:20
10373,1809,17336,0,2026-07-01 18:39:20
10374,1809,17339,0,2026-07-01 18:39:20
10375,1809,18027,0,2026-07-01 18:39:20
10376,1810,18428,0,2026-07-01 18:39:20
10377,1810,18429,0,2026-07-01 18:39:20
10378,1811,13438,0,2026-07-01 18:39:20
10379,1811,14656,0,2026-07-01 18:39:20
10380,1811,18430,0,2026-07-01 18:39:20
10381,1811,7873,0,2026-07-01 18:39:20
10382,1812,18431,0,2026-07-01 18:39:20
10383,1812,13387,0,2026-07-01 18:39:20
10384,1812,3568,0,2026-07-01 18:39:20
10385,1813,12725,0,2026-07-01 18:39:20
10386,1813,18095,0,2026-07-01 18:39:20
10387,1813,13438,0,2026-07-01 18:39:20
10388,1813,9101,0,2026-07-01 18:39:20
10389,1814,3568,0,2026-07-01 18:39:20
10390,1814,17357,0,2026-07-01 18:39:20
10391,1814,2201,0,2026-07-01 18:39:20
10392,1814,8620,0,2026-07-01 18:39:20
10393,1814,18432,0,2026-07-01 18:39:20
10394,1814,18433,0,2026-07-01 18:39:20
10395,1816,18434,0,2026-07-01 18:39:20
10396,1817,18424,0,2026-07-01 18:39:20
10397,1818,17557,0,2026-07-01 18:39:20
10398,1819,3460,0,2026-07-01 18:39:20
10399,1819,3461,0,2026-07-01 18:39:20
10400,1820,18435,0,2026-07-01 18:39:20
10401,1821,18039,0,2026-07-01 18:39:20
10402,1822,3983,0,2026-07-01 18:39:20
10403,1822,17297,0,2026-07-01 18:39:20
10404,1822,13438,0,2026-07-01 18:39:20
10405,1822,3293,0,2026-07-01 18:39:20
10406,1823,14313,0,2026-07-01 18:39:20
10407,1824,3983,0,2026-07-01 18:39:20
10408,1824,17316,0,2026-07-01 18:39:20
10409,1824,14238,0,2026-07-01 18:39:20
10410,1824,4716,0,2026-07-01 18:39:20
10411,1825,11050,0,2026-07-01 18:39:20
10412,1827,17683,0,2026-07-01 18:39:20
10413,1827,17684,0,2026-07-01 18:39:20
10414,1827,17672,0,2026-07-01 18:39:20
10415,1827,17686,0,2026-07-01 18:39:20
10416,1828,17686,0,2026-07-01 18:39:20
10417,1828,17684,0,2026-07-01 18:39:20
10418,1828,17683,0,2026-07-01 18:39:20
10419,1829,17686,0,2026-07-01 18:39:20
10420,1830,17686,0,2026-07-01 18:39:20
10421,1834,17557,0,2026-07-01 18:39:20
10422,1835,18436,0,2026-07-01 18:39:20
10423,1835,3667,0,2026-07-01 18:39:20
10424,1835,17565,0,2026-07-01 18:39:20
10425,1835,1963,0,2026-07-01 18:39:20
10426,1835,5157,0,2026-07-01 18:39:20
10427,1835,3647,0,2026-07-01 18:39:20
10428,1835,18440,0,2026-07-01 18:39:20
10429,1835,9736,0,2026-07-01 18:39:20
10430,1835,18441,0,2026-07-01 18:39:20
10431,1835,18442,0,2026-07-01 18:39:20
10432,1836,17686,0,2026-07-01 18:39:20
10433,1837,667,0,2026-07-01 18:39:20
10434,1837,1963,0,2026-07-01 18:39:20
10435,1837,3100,0,2026-07-01 18:39:20
10436,1837,3622,0,2026-07-01 18:39:20
10437,1838,17676,0,2026-07-01 18:39:20
10438,1839,17686,0,2026-07-01 18:39:20
10439,1840,17686,0,2026-07-01 18:39:20
10440,1840,17611,0,2026-07-01 18:39:20
10441,1841,12631,0,2026-07-01 18:39:20
10442,1842,17684,0,2026-07-01 18:39:20
10443,1842,17672,0,2026-07-01 18:39:20
10444,1842,17611,0,2026-07-01 18:39:20
10445,1842,17678,0,2026-07-01 18:39:20
10446,1842,17605,0,2026-07-01 18:39:20
10447,1842,17610,0,2026-07-01 18:39:20
10448,1842,17686,0,2026-07-01 18:39:20
10449,1843,7270,0,2026-07-01 18:39:20
10450,1843,17325,0,2026-07-01 18:39:20
10451,1843,17287,0,2026-07-01 18:39:20
10452,1843,17595,0,2026-07-01 18:39:20
10453,1843,17251,0,2026-07-01 18:39:20
10454,1843,2134,0,2026-07-01 18:39:20
10455,1843,1735,0,2026-07-01 18:39:20
10456,1846,17841,0,2026-07-01 18:39:20
10457,1847,17611,0,2026-07-01 18:39:20
10458,1847,17607,0,2026-07-01 18:39:20
10459,1847,17683,0,2026-07-01 18:39:20
10460,1848,17852,0,2026-07-01 18:39:20
10461,1849,8191,0,2026-07-01 18:39:20
10462,1849,18194,0,2026-07-01 18:39:20
10463,1850,17980,0,2026-07-01 18:39:20
10464,1850,18444,0,2026-07-01 18:39:20
10465,1851,18445,0,2026-07-01 18:39:20
10466,1854,3010,0,2026-07-01 18:39:20
10467,1854,11052,0,2026-07-01 18:39:20
10468,1854,17344,0,2026-07-01 18:39:20
10469,1854,17282,0,2026-07-01 18:39:20
10470,1855,17686,0,2026-07-01 18:39:20
10471,1855,17557,0,2026-07-01 18:39:20
10472,1856,7012,0,2026-07-01 18:39:20
10473,1857,12367,0,2026-07-01 18:39:20
10474,1857,18446,0,2026-07-01 18:39:20
10475,1857,17377,0,2026-07-01 18:39:20
10476,1857,8111,0,2026-07-01 18:39:20
10477,1857,2438,0,2026-07-01 18:39:20
10478,1857,7645,0,2026-07-01 18:39:20
10479,1857,8133,0,2026-07-01 18:39:20
10480,1857,18259,0,2026-07-01 18:39:20
10481,1857,3485,0,2026-07-01 18:39:20
10482,1858,18447,0,2026-07-01 18:39:20
10483,1858,12367,0,2026-07-01 18:39:20
10484,1858,8133,0,2026-07-01 18:39:20
10485,1858,2438,0,2026-07-01 18:39:20
10486,1858,7645,0,2026-07-01 18:39:20
10487,1858,8113,0,2026-07-01 18:39:20
10488,1858,8126,0,2026-07-01 18:39:20
10489,1859,5665,0,2026-07-01 18:39:20
10490,1859,9414,0,2026-07-01 18:39:20
10491,1859,13387,0,2026-07-01 18:39:20
10492,1860,18336,0,2026-07-01 18:39:20
10493,1861,17686,0,2026-07-01 18:39:20
10494,1861,17948,0,2026-07-01 18:39:20
10495,1861,17678,0,2026-07-01 18:39:20
10496,1861,17682,0,2026-07-01 18:39:20
10497,1861,17612,0,2026-07-01 18:39:20
10498,1862,17686,0,2026-07-01 18:39:20
10499,1862,17605,0,2026-07-01 18:39:20
10500,1862,17610,0,2026-07-01 18:39:20
10501,1865,17686,0,2026-07-01 18:39:20
10502,1866,17686,0,2026-07-01 18:39:20
10503,1867,17686,0,2026-07-01 18:39:20
10504,1871,12308,0,2026-07-01 18:39:20
10505,1871,12309,0,2026-07-01 18:39:20
10506,1871,12311,0,2026-07-01 18:39:20
10507,1872,12306,0,2026-07-01 18:39:20
10508,1872,12309,0,2026-07-01 18:39:20
10509,1873,12309,0,2026-07-01 18:39:20
10510,1873,12306,0,2026-07-01 18:39:20
10511,1875,18449,0,2026-07-01 18:39:20
10512,1876,18450,0,2026-07-01 18:39:20
10513,1880,18451,0,2026-07-01 18:39:20
10514,1880,17422,0,2026-07-01 18:39:20
10515,1881,4647,0,2026-07-01 18:39:20
10516,1881,4655,0,2026-07-01 18:39:20
10517,1881,7094,0,2026-07-01 18:39:20
10518,1881,12014,0,2026-07-01 18:39:20
10519,1881,13528,0,2026-07-01 18:39:20
10520,1881,18452,0,2026-07-01 18:39:20
10521,1882,10445,0,2026-07-01 18:39:20
10522,1882,9744,0,2026-07-01 18:39:20
10523,1882,8196,0,2026-07-01 18:39:20
10524,1882,1015,0,2026-07-01 18:39:20
10525,1882,7270,0,2026-07-01 18:39:20
10526,1882,3381,0,2026-07-01 18:39:20
10527,1883,1015,0,2026-07-01 18:39:20
10528,1883,8196,0,2026-07-01 18:39:20
10529,1883,9744,0,2026-07-01 18:39:20
10530,1883,811,0,2026-07-01 18:39:20
10531,1883,17674,0,2026-07-01 18:39:20
10532,1883,17665,0,2026-07-01 18:39:20
10533,1883,17675,0,2026-07-01 18:39:20
10534,1884,17602,0,2026-07-01 18:39:20
10535,1889,17447,0,2026-07-01 18:39:20
10536,1889,17251,0,2026-07-01 18:39:20
10537,1889,17618,0,2026-07-01 18:39:20
10538,1889,17446,0,2026-07-01 18:39:20
10539,1889,17404,0,2026-07-01 18:39:20
10540,1890,17618,0,2026-07-01 18:39:20
10541,1890,17447,0,2026-07-01 18:39:20
10542,1890,17251,0,2026-07-01 18:39:20
10543,1890,17446,0,2026-07-01 18:39:20
10544,1890,17404,0,2026-07-01 18:39:20
10545,1891,396,0,2026-07-01 18:39:20
10546,1891,17447,0,2026-07-01 18:39:20
10547,1891,17251,0,2026-07-01 18:39:20
10548,1896,17683,0,2026-07-01 18:39:20
10549,1897,9062,0,2026-07-01 18:39:20
10550,1897,12944,0,2026-07-01 18:39:20
10551,1897,18454,0,2026-07-01 18:39:20
10552,1898,17686,0,2026-07-01 18:39:20
10553,1901,17297,0,2026-07-01 18:39:20
10554,1902,17686,0,2026-07-01 18:39:20
10555,1902,17605,0,2026-07-01 18:39:20
10556,1904,17686,0,2026-07-01 18:39:20
10557,1905,17610,0,2026-07-01 18:39:20
10558,1905,17686,0,2026-07-01 18:39:20
10559,1905,17678,0,2026-07-01 18:39:20
10560,1905,17612,0,2026-07-01 18:39:20
10561,1905,17611,0,2026-07-01 18:39:20
10562,1906,18456,0,2026-07-01 18:39:20
10563,1907,18457,0,2026-07-01 18:39:20
10564,1908,18435,0,2026-07-01 18:39:20
10565,1909,14968,0,2026-07-01 18:39:20
10566,1909,1515,0,2026-07-01 18:39:20
10567,1909,3628,0,2026-07-01 18:39:20
10568,1909,2177,0,2026-07-01 18:39:20
10569,1909,17247,0,2026-07-01 18:39:20
10570,1909,18443,0,2026-07-01 18:39:20
10571,1910,1311,0,2026-07-01 18:39:20
10572,1910,5245,0,2026-07-01 18:39:20
10573,1911,18228,0,2026-07-01 18:39:20
10574,1912,17953,0,2026-07-01 18:39:20
10575,1913,18252,0,2026-07-01 18:39:20
10576,1914,1313,0,2026-07-01 18:39:20
10577,1915,18463,0,2026-07-01 18:39:20
10578,1915,18228,0,2026-07-01 18:39:20
10579,1921,5201,0,2026-07-01 18:39:20
10580,1921,389,0,2026-07-01 18:39:20
10581,1922,17686,0,2026-07-01 18:39:20
10582,1923,3105,0,2026-07-01 18:39:20
10583,1923,5665,0,2026-07-01 18:39:20
10584,1923,117,0,2026-07-01 18:39:20
10585,1923,1900,0,2026-07-01 18:39:20
10586,1923,5943,0,2026-07-01 18:39:20
10587,1923,9841,0,2026-07-01 18:39:20
10588,1923,16190,0,2026-07-01 18:39:20
10589,1923,7884,0,2026-07-01 18:39:20
10590,1923,18478,0,2026-07-01 18:39:20
10591,1923,14583,0,2026-07-01 18:39:20
10592,1923,1311,0,2026-07-01 18:39:20
10593,1923,15655,0,2026-07-01 18:39:20
10594,1923,11553,0,2026-07-01 18:39:20
10595,1924,11521,0,2026-07-01 18:39:20
10596,1925,8807,0,2026-07-01 18:39:20
10597,1925,17859,0,2026-07-01 18:39:20
10598,1925,18133,0,2026-07-01 18:39:20
10599,1926,18056,0,2026-07-01 18:39:20
10600,1927,17686,0,2026-07-01 18:39:20
10601,1930,17686,0,2026-07-01 18:39:20
10602,1931,13756,0,2026-07-01 18:39:20
10603,1931,14235,0,2026-07-01 18:39:20
10604,1931,17371,0,2026-07-01 18:39:20
10605,1931,17398,0,2026-07-01 18:39:20
10606,1931,17404,0,2026-07-01 18:39:20
10607,1932,13756,0,2026-07-01 18:39:20
10608,1932,14238,0,2026-07-01 18:39:20
10609,1932,17340,0,2026-07-01 18:39:20
10610,1932,17371,0,2026-07-01 18:39:20
10611,1932,17398,0,2026-07-01 18:39:20
10612,1932,17404,0,2026-07-01 18:39:20
10613,1933,13758,0,2026-07-01 18:39:20
10614,1933,17293,0,2026-07-01 18:39:20
10615,1933,4519,0,2026-07-01 18:39:20
10616,1933,17371,0,2026-07-01 18:39:20
10617,1933,5351,0,2026-07-01 18:39:20
10618,1933,17398,0,2026-07-01 18:39:20
10619,1933,17307,0,2026-07-01 18:39:20
10620,1933,14238,0,2026-07-01 18:39:20
10621,1933,17340,0,2026-07-01 18:39:20
10622,1933,17404,0,2026-07-01 18:39:20
10623,1936,17686,0,2026-07-01 18:39:20
10624,1937,17686,0,2026-07-01 18:39:20
10625,1938,17686,0,2026-07-01 18:39:20
10626,1938,17684,0,2026-07-01 18:39:20
10627,1938,17605,0,2026-07-01 18:39:20
10628,1938,17681,0,2026-07-01 18:39:20
10629,1938,17683,0,2026-07-01 18:39:20
10630,1939,17664,0,2026-07-01 18:39:20
10631,1939,7051,0,2026-07-01 18:39:20
10632,1939,2381,0,2026-07-01 18:39:20
10633,1939,17686,0,2026-07-01 18:39:20
10634,1940,17841,0,2026-07-01 18:39:20
10635,1941,1313,0,2026-07-01 18:39:20
10636,1941,2889,0,2026-07-01 18:39:20
10637,1942,18228,0,2026-07-01 18:39:20
10638,1942,17977,0,2026-07-01 18:39:20
10639,1943,18278,0,2026-07-01 18:39:20
10640,1944,18039,0,2026-07-01 18:39:20
10641,1944,5201,0,2026-07-01 18:39:20
10642,1945,11050,0,2026-07-01 18:39:20
10643,1946,17684,0,2026-07-01 18:39:20
10644,1946,17674,0,2026-07-01 18:39:20
10645,1946,17683,0,2026-07-01 18:39:20
10646,1946,17681,0,2026-07-01 18:39:20
10647,1946,17686,0,2026-07-01 18:39:20
10648,1947,17674,0,2026-07-01 18:39:20
10649,1947,17681,0,2026-07-01 18:39:20
10650,1947,17683,0,2026-07-01 18:39:20
10651,1947,17684,0,2026-07-01 18:39:20
10652,1947,17686,0,2026-07-01 18:39:20
10653,1948,17514,0,2026-07-01 18:39:20
10654,1948,17368,0,2026-07-01 18:39:20
10655,1948,17804,0,2026-07-01 18:39:20
10656,1948,602,0,2026-07-01 18:39:20
10657,1948,2863,0,2026-07-01 18:39:20
10658,1948,15156,0,2026-07-01 18:39:20
10659,1948,9980,0,2026-07-01 18:39:20
10660,1948,8198,0,2026-07-01 18:39:20
10661,1948,17803,0,2026-07-01 18:39:20
10662,1948,17802,0,2026-07-01 18:39:20
10663,1948,17775,0,2026-07-01 18:39:20
10664,1949,17674,0,2026-07-01 18:39:20
10665,1949,17684,0,2026-07-01 18:39:20
10666,1949,17666,0,2026-07-01 18:39:20
10667,1949,17681,0,2026-07-01 18:39:20
10668,1949,17686,0,2026-07-01 18:39:20
10669,1950,17803,0,2026-07-01 18:39:20
10670,1950,17804,0,2026-07-01 18:39:20
10671,1950,17514,0,2026-07-01 18:39:20
10672,1950,17368,0,2026-07-01 18:39:20
10673,1950,13756,0,2026-07-01 18:39:20
10674,1950,16626,0,2026-07-01 18:39:20
10675,1950,7270,0,2026-07-01 18:39:20
10676,1950,17775,0,2026-07-01 18:39:20
10677,1951,17674,0,2026-07-01 18:39:20
10678,1951,17681,0,2026-07-01 18:39:20
10679,1951,17683,0,2026-07-01 18:39:20
10680,1951,17684,0,2026-07-01 18:39:20
10681,1951,17686,0,2026-07-01 18:39:20
10682,1959,17686,0,2026-07-01 18:39:20
10683,1961,7775,0,2026-07-01 18:39:20
10684,1962,4042,0,2026-07-01 18:39:20
10685,1964,1483,0,2026-07-01 18:39:20
10686,1965,4717,0,2026-07-01 18:39:20
10687,1966,17938,0,2026-07-01 18:39:20
10688,1966,17686,0,2026-07-01 18:39:20
10689,1967,17287,0,2026-07-01 18:39:20
10690,1967,17623,0,2026-07-01 18:39:20
10691,1967,17288,0,2026-07-01 18:39:20
10692,1967,7269,0,2026-07-01 18:39:20
10693,1967,3381,0,2026-07-01 18:39:20
10694,1967,8196,0,2026-07-01 18:39:20
10695,1968,17327,0,2026-07-01 18:39:20
10696,1968,17623,0,2026-07-01 18:39:20
10697,1968,10253,0,2026-07-01 18:39:20
10698,1968,3381,0,2026-07-01 18:39:20
10699,1968,8196,0,2026-07-01 18:39:20
10700,1969,11701,0,2026-07-01 18:39:20
10701,1969,18482,0,2026-07-01 18:39:20
10702,1970,11207,0,2026-07-01 18:39:20
10703,1970,18483,0,2026-07-01 18:39:20
10704,1970,17943,0,2026-07-01 18:39:20
10705,1970,11209,0,2026-07-01 18:39:20
10706,1971,117,0,2026-07-01 18:39:20
10707,1971,1526,0,2026-07-01 18:39:20
10708,1971,3484,0,2026-07-01 18:39:20
10709,1972,17977,0,2026-07-01 18:39:20
10710,1975,17721,0,2026-07-01 18:39:20
10711,1976,17686,0,2026-07-01 18:39:20
10712,1977,11207,0,2026-07-01 18:39:20
10713,1977,11211,0,2026-07-01 18:39:20
10714,1977,3466,0,2026-07-01 18:39:20
10715,1977,11701,0,2026-07-01 18:39:20
10716,1977,3622,0,2026-07-01 18:39:20
10717,1977,18024,0,2026-07-01 18:39:20
10718,1977,1960,0,2026-07-01 18:39:20
10719,1977,3735,0,2026-07-01 18:39:20
10720,1977,17711,0,2026-07-01 18:39:20
10721,1978,17611,0,2026-07-01 18:39:20
10722,1979,18488,0,2026-07-01 18:39:20
10723,1980,2442,0,2026-07-01 18:39:20
10724,1980,18489,0,2026-07-01 18:39:20
10725,1980,18490,0,2026-07-01 18:39:20
10726,1980,12863,0,2026-07-01 18:39:20
10727,1980,1313,0,2026-07-01 18:39:20
10728,1981,2442,0,2026-07-01 18:39:20
10729,1981,18491,0,2026-07-01 18:39:20
10730,1981,18492,0,2026-07-01 18:39:20
10731,1981,10216,0,2026-07-01 18:39:20
10732,1981,8940,0,2026-07-01 18:39:20
10733,1981,6907,0,2026-07-01 18:39:20
10734,1982,8494,0,2026-07-01 18:39:20
10735,1984,17251,0,2026-07-01 18:39:20
10736,1984,17446,0,2026-07-01 18:39:20
10737,1984,17447,0,2026-07-01 18:39:20
10738,1984,17618,0,2026-07-01 18:39:20
10739,1984,3087,0,2026-07-01 18:39:20
10740,1985,17684,0,2026-07-01 18:39:20
10741,1986,17505,0,2026-07-01 18:39:20
10742,1987,2860,0,2026-07-01 18:39:20
10743,1987,7637,0,2026-07-01 18:39:20
10744,1987,10422,0,2026-07-01 18:39:20
10745,1987,2677,0,2026-07-01 18:39:20
10746,1987,1971,0,2026-07-01 18:39:20
10747,1987,11947,0,2026-07-01 18:39:20
10748,1988,3484,0,2026-07-01 18:39:20
10749,1988,3460,0,2026-07-01 18:39:20
10750,1988,15179,0,2026-07-01 18:39:20
10751,1988,4706,0,2026-07-01 18:39:20
10752,1988,18009,0,2026-07-01 18:39:20
10753,1988,2915,0,2026-07-01 18:39:20
10754,3764,17320,0,2026-07-01 18:39:20
10755,3765,18621,0,2026-07-01 18:39:20
10756,3766,14964,0,2026-07-01 18:39:20
10757,3767,12265,0,2026-07-01 18:39:20
10758,3769,8781,0,2026-07-01 18:39:20
10759,3770,10806,0,2026-07-01 18:39:20
10760,3770,18987,0,2026-07-01 18:39:20
10761,3772,6390,0,2026-07-01 18:39:20
10762,3772,10728,0,2026-07-01 18:39:20
10763,3772,11481,0,2026-07-01 18:39:20
10764,3772,15548,0,2026-07-01 18:39:20
10765,3772,7271,0,2026-07-01 18:39:20
10766,3774,7937,0,2026-07-01 18:39:20
10767,3775,2381,0,2026-07-01 18:39:20
10768,3776,13112,0,2026-07-01 18:39:20
10769,3777,82,0,2026-07-01 18:39:20
10770,3777,9594,0,2026-07-01 18:39:20
10771,3777,974,0,2026-07-01 18:39:20
10772,3778,631,0,2026-07-01 18:39:20
10773,3780,15948,0,2026-07-01 18:39:20
10774,3781,14904,0,2026-07-01 18:39:20
10775,3781,16387,0,2026-07-01 18:39:20
10776,3781,18810,0,2026-07-01 18:39:20
10777,3782,4997,0,2026-07-01 18:39:20
10778,3782,5753,0,2026-07-01 18:39:20
10779,3783,3135,0,2026-07-01 18:39:20
10780,3783,9840,0,2026-07-01 18:39:20
10781,3783,13226,0,2026-07-01 18:39:20
10782,3784,5854,0,2026-07-01 18:39:20
10783,3784,9609,0,2026-07-01 18:39:20
10784,3791,5887,0,2026-07-01 18:39:20
10785,3791,15876,0,2026-07-01 18:39:20
10786,3792,6977,0,2026-07-01 18:39:20
10787,3793,18004,0,2026-07-01 18:39:20
10788,3793,6352,0,2026-07-01 18:39:20
10789,3794,3796,0,2026-07-01 18:39:20
10790,3794,7187,0,2026-07-01 18:39:20
10791,3796,3465,0,2026-07-01 18:39:20
10792,3796,6676,0,2026-07-01 18:39:20
10793,3797,2451,0,2026-07-01 18:39:20
10794,3797,7383,0,2026-07-01 18:39:20
10795,3798,15649,0,2026-07-01 18:39:20
10796,3798,4451,0,2026-07-01 18:39:20
10797,3799,15091,0,2026-07-01 18:39:20
10798,3799,14854,0,2026-07-01 18:39:20
10799,3799,15942,0,2026-07-01 18:39:20
10800,3799,4467,0,2026-07-01 18:39:20
10801,3799,12181,0,2026-07-01 18:39:20
10802,3800,1990,0,2026-07-01 18:39:20
10803,3800,2607,0,2026-07-01 18:39:20
10804,3800,6412,0,2026-07-01 18:39:20
10805,3800,15238,0,2026-07-01 18:39:20
10806,3801,1990,0,2026-07-01 18:39:20
10807,3801,2607,0,2026-07-01 18:39:20
10808,3801,6412,0,2026-07-01 18:39:20
10809,3801,15238,0,2026-07-01 18:39:20
10810,3804,7906,0,2026-07-01 18:39:20
10811,3804,16854,0,2026-07-01 18:39:20
10812,3804,5896,0,2026-07-01 18:39:20
10813,3805,16575,0,2026-07-01 18:39:20
10814,3805,1326,0,2026-07-01 18:39:20
10815,3805,11394,0,2026-07-01 18:39:20
10816,3806,1326,0,2026-07-01 18:39:20
10817,3806,2933,0,2026-07-01 18:39:20
10818,3806,5059,0,2026-07-01 18:39:20
10819,3807,16575,0,2026-07-01 18:39:20
10820,3807,2570,0,2026-07-01 18:39:20
10821,3808,16142,0,2026-07-01 18:39:20
10822,3809,13232,0,2026-07-01 18:39:20
10823,3809,7448,0,2026-07-01 18:39:20
10824,3809,15175,0,2026-07-01 18:39:20
10825,3809,15976,0,2026-07-01 18:39:20
10826,3811,7270,0,2026-07-01 18:39:20
10827,3811,3381,0,2026-07-01 18:39:20
10828,3811,8191,0,2026-07-01 18:39:20
10829,3812,7270,0,2026-07-01 18:39:20
10830,3815,5583,0,2026-07-01 18:39:20
10831,3815,8646,0,2026-07-01 18:39:20
10832,3815,12784,0,2026-07-01 18:39:20
10833,3816,17082,0,2026-07-01 18:39:20
10834,3816,16175,0,2026-07-01 18:39:20
10835,3818,8052,0,2026-07-01 18:39:20
10836,3818,7326,0,2026-07-01 18:39:20
10837,3819,7395,0,2026-07-01 18:39:20
10838,3819,15726,0,2026-07-01 18:39:20
10839,3819,6365,0,2026-07-01 18:39:20
10840,3819,18968,0,2026-07-01 18:39:20
10841,3820,18330,0,2026-07-01 18:39:20
10842,3820,16206,0,2026-07-01 18:39:20
10843,3820,12394,0,2026-07-01 18:39:20
10844,3822,17484,0,2026-07-01 18:39:20
10845,3822,3599,0,2026-07-01 18:39:20
10846,3822,17485,0,2026-07-01 18:39:20
10847,3822,17503,0,2026-07-01 18:39:20
10848,3825,18455,0,2026-07-01 18:39:20
10849,3826,1877,0,2026-07-01 18:39:20
10850,3827,12284,0,2026-07-01 18:39:20
10851,3827,17419,0,2026-07-01 18:39:20
10852,3827,18206,0,2026-07-01 18:39:20
10853,3828,12284,0,2026-07-01 18:39:20
10854,3828,18989,0,2026-07-01 18:39:20
10855,3828,18990,0,2026-07-01 18:39:20
10856,3828,18206,0,2026-07-01 18:39:20
10857,3828,17419,0,2026-07-01 18:39:20
10858,3829,3157,0,2026-07-01 18:39:20
10859,3829,6407,0,2026-07-01 18:39:20
10860,3830,9175,0,2026-07-01 18:39:20
10861,3831,5457,0,2026-07-01 18:39:20
10862,3832,11974,0,2026-07-01 18:39:20
10863,3832,18616,0,2026-07-01 18:39:20
10864,3832,12968,0,2026-07-01 18:39:20
10865,3832,15826,0,2026-07-01 18:39:20
10866,3834,12284,0,2026-07-01 18:39:20
10867,3834,17419,0,2026-07-01 18:39:20
10868,3834,17415,0,2026-07-01 18:39:20
10869,3835,10609,0,2026-07-01 18:39:20
10870,3836,13553,0,2026-07-01 18:39:20
10871,3837,6246,0,2026-07-01 18:39:20
10872,3837,11510,0,2026-07-01 18:39:20
10873,3837,957,0,2026-07-01 18:39:20
10874,3838,810,0,2026-07-01 18:39:20
10875,3838,8848,0,2026-07-01 18:39:20
10876,3838,7539,0,2026-07-01 18:39:20
10877,3838,17544,0,2026-07-01 18:39:20
10878,3839,15720,0,2026-07-01 18:39:20
10879,3839,17330,0,2026-07-01 18:39:20
10880,3840,5129,0,2026-07-01 18:39:20
10881,3840,5965,0,2026-07-01 18:39:20
10882,3840,18385,0,2026-07-01 18:39:20
10883,3841,4714,0,2026-07-01 18:39:20
10884,3841,5129,0,2026-07-01 18:39:20
10885,3841,16351,0,2026-07-01 18:39:20
10886,3841,18385,0,2026-07-01 18:39:20
10887,3842,9508,0,2026-07-01 18:39:20
10888,3842,15824,0,2026-07-01 18:39:20
10889,3843,17655,0,2026-07-01 18:39:20
10890,3843,18827,0,2026-07-01 18:39:20
10891,3844,17655,0,2026-07-01 18:39:20
10892,3844,18827,0,2026-07-01 18:39:20
10893,3847,18991,0,2026-07-01 18:39:20
10894,3849,10182,0,2026-07-01 18:39:20
10895,3853,422,0,2026-07-01 18:39:20
10896,3853,1651,0,2026-07-01 18:39:20
10897,3853,2249,0,2026-07-01 18:39:20
10898,3853,13377,0,2026-07-01 18:39:20
10899,3855,4427,0,2026-07-01 18:39:20
10900,3855,11033,0,2026-07-01 18:39:20
10901,3856,14300,0,2026-07-01 18:39:20
10902,3856,15229,0,2026-07-01 18:39:20
10903,3856,13543,0,2026-07-01 18:39:20
10904,3858,9781,0,2026-07-01 18:39:20
10905,3858,10641,0,2026-07-01 18:39:20
10906,3858,11111,0,2026-07-01 18:39:20
10907,3859,8191,0,2026-07-01 18:39:20
10908,3860,8191,0,2026-07-01 18:39:20
10909,3860,18345,0,2026-07-01 18:39:20
10910,3862,17419,0,2026-07-01 18:39:20
10911,3862,18006,0,2026-07-01 18:39:20
10912,3862,18993,0,2026-07-01 18:39:20
10913,3862,18994,0,2026-07-01 18:39:20
10914,3862,18995,0,2026-07-01 18:39:20
10915,3863,8191,0,2026-07-01 18:39:20
10916,3863,15160,0,2026-07-01 18:39:20
10917,3865,7457,0,2026-07-01 18:39:20
10918,3865,8421,0,2026-07-01 18:39:20
10919,3865,9044,0,2026-07-01 18:39:20
10920,3865,10402,0,2026-07-01 18:39:20
10921,3869,17229,0,2026-07-01 18:39:20
10922,3869,18997,0,2026-07-01 18:39:20
10923,3869,18998,0,2026-07-01 18:39:20
10924,3870,18758,0,2026-07-01 18:39:20
10925,3870,18999,0,2026-07-01 18:39:20
10926,3870,19000,0,2026-07-01 18:39:20
10927,3870,19001,0,2026-07-01 18:39:20
10928,3871,16522,0,2026-07-01 18:39:20
10929,3873,19037,0,2026-07-01 18:39:20
10930,3873,18995,0,2026-07-01 18:39:20
10931,3873,18006,0,2026-07-01 18:39:20
10932,3874,8158,0,2026-07-01 18:39:20
10933,3874,12244,0,2026-07-01 18:39:20
10934,3874,15496,0,2026-07-01 18:39:20
10935,3874,5143,0,2026-07-01 18:39:20
10936,3874,11108,0,2026-07-01 18:39:20
10937,3874,9109,0,2026-07-01 18:39:20
10938,3874,16733,0,2026-07-01 18:39:20
10939,3874,14178,0,2026-07-01 18:39:20
10940,3874,3243,0,2026-07-01 18:39:20
10941,3874,756,0,2026-07-01 18:39:20
10942,3874,11933,0,2026-07-01 18:39:20
10943,3875,11381,0,2026-07-01 18:39:20
10944,3875,10645,0,2026-07-01 18:39:20
10945,3875,18055,0,2026-07-01 18:39:20
10946,3875,16035,0,2026-07-01 18:39:20
10947,3876,10771,0,2026-07-01 18:39:20
10948,3876,12229,0,2026-07-01 18:39:20
10949,3877,12980,0,2026-07-01 18:39:20
10950,3877,14852,0,2026-07-01 18:39:20
10951,3877,16944,0,2026-07-01 18:39:20
10952,3878,7770,0,2026-07-01 18:39:20
10953,3878,14761,0,2026-07-01 18:39:20
10954,3878,17185,0,2026-07-01 18:39:20
10955,3882,19052,0,2026-07-01 18:39:20
10956,3882,17393,0,2026-07-01 18:39:20
10957,3882,7878,0,2026-07-01 18:39:20
10958,3888,410,0,2026-07-01 18:39:20
10959,3888,2732,0,2026-07-01 18:39:20
10960,3888,7158,0,2026-07-01 18:39:20
10961,3888,13394,0,2026-07-01 18:39:20
10962,4438,953,0,2026-07-01 18:39:20
10963,4438,15142,0,2026-07-01 18:39:20
10964,4438,15143,0,2026-07-01 18:39:20
10965,4438,17738,0,2026-07-01 18:39:20
10966,4438,3453,0,2026-07-01 18:39:20
10967,4438,280,0,2026-07-01 18:39:20
10968,4438,19137,0,2026-07-01 18:39:20
10969,4438,17286,0,2026-07-01 18:39:20
10970,4438,17777,0,2026-07-01 18:39:20
10971,4441,13744,0,2026-07-01 18:39:20
10972,4441,11945,0,2026-07-01 18:39:20
10973,4441,18736,0,2026-07-01 18:39:20
10974,4447,838,0,2026-07-01 18:39:20
10975,4447,17771,0,2026-07-01 18:39:20
10976,4448,18841,0,2026-07-01 18:39:20
10977,4448,8909,0,2026-07-01 18:39:20
10978,4472,15333,0,2026-07-01 18:39:20
10979,4472,1145,0,2026-07-01 18:39:20
10980,4472,2702,0,2026-07-01 18:39:20
10981,4496,15579,0,2026-07-01 18:39:20
10982,4497,6935,0,2026-07-01 18:39:20
10983,4497,9083,0,2026-07-01 18:39:20
10984,4497,5273,0,2026-07-01 18:39:20
10985,4497,14545,0,2026-07-01 18:39:20
10986,4498,5527,0,2026-07-01 18:39:20
10987,4498,6610,0,2026-07-01 18:39:20
10988,4498,5528,0,2026-07-01 18:39:20
10989,4498,18736,0,2026-07-01 18:39:20
10990,4498,6609,0,2026-07-01 18:39:20
10991,4499,19076,0,2026-07-01 18:39:20
10992,4499,12714,0,2026-07-01 18:39:20
10993,4499,19077,0,2026-07-01 18:39:20
10994,4499,17716,0,2026-07-01 18:39:20
10995,4499,19078,0,2026-07-01 18:39:20
10996,4499,18700,0,2026-07-01 18:39:20
10997,4500,2316,0,2026-07-01 18:39:20
10998,4500,2853,0,2026-07-01 18:39:20
10999,4500,2315,0,2026-07-01 18:39:20
11000,4500,19079,0,2026-07-01 18:39:20
11001,4500,19080,0,2026-07-01 18:39:20
11002,4500,18700,0,2026-07-01 18:39:20
11003,4501,19004,0,2026-07-01 18:39:20
11004,4501,19081,0,2026-07-01 18:39:20
11005,4501,19082,0,2026-07-01 18:39:20
11006,4502,19006,0,2026-07-01 18:39:20
11007,4502,17392,0,2026-07-01 18:39:20
11008,4502,19083,0,2026-07-01 18:39:20
11009,4502,18692,0,2026-07-01 18:39:20
11010,4502,19084,0,2026-07-01 18:39:20
11011,4502,19085,0,2026-07-01 18:39:20
11012,4502,19033,0,2026-07-01 18:39:20
11013,4502,17393,0,2026-07-01 18:39:20
11014,4502,19086,0,2026-07-01 18:39:20
11015,4502,19052,0,2026-07-01 18:39:20
11016,4503,19087,0,2026-07-01 18:39:20
11017,4503,17364,0,2026-07-01 18:39:20
11018,4503,19088,0,2026-07-01 18:39:20
11019,4503,1030,0,2026-07-01 18:39:20
11020,4503,19089,0,2026-07-01 18:39:20
11021,4503,19090,0,2026-07-01 18:39:20
11022,4503,18341,0,2026-07-01 18:39:20
11023,4503,7206,0,2026-07-01 18:39:20
11024,4503,19091,0,2026-07-01 18:39:20
11025,4503,19092,0,2026-07-01 18:39:20
11026,4504,6120,0,2026-07-01 18:39:20
11027,4507,6314,0,2026-07-01 18:39:20
11028,4507,4426,0,2026-07-01 18:39:20
11029,4507,10700,0,2026-07-01 18:39:20
11030,4507,14762,0,2026-07-01 18:39:20
11031,4507,6762,0,2026-07-01 18:39:20
11032,4508,369,0,2026-07-01 18:39:20
11033,4508,18481,0,2026-07-01 18:39:20
11034,4508,19093,0,2026-07-01 18:39:20
11035,4508,19094,0,2026-07-01 18:39:20
11036,4508,19095,0,2026-07-01 18:39:20
11037,4509,18428,0,2026-07-01 18:39:20
11038,4509,19096,0,2026-07-01 18:39:20
11039,4509,19004,0,2026-07-01 18:39:20
11040,4510,3139,0,2026-07-01 18:39:20
11041,4510,7873,0,2026-07-01 18:39:20
11042,4510,9659,0,2026-07-01 18:39:20
11043,4510,15156,0,2026-07-01 18:39:20
11044,4510,15429,0,2026-07-01 18:39:20
11045,4510,17777,0,2026-07-01 18:39:20
11046,4510,19098,0,2026-07-01 18:39:20
11047,4510,19099,0,2026-07-01 18:39:20
11048,4510,19100,0,2026-07-01 18:39:20
11049,4510,19101,0,2026-07-01 18:39:20
11050,4511,19104,0,2026-07-01 18:39:20
11051,4511,19105,0,2026-07-01 18:39:20
11052,4513,8884,0,2026-07-01 18:39:20
11053,4513,19109,0,2026-07-01 18:39:20
11054,4513,19110,0,2026-07-01 18:39:20
11055,4513,19111,0,2026-07-01 18:39:20
11056,4513,19112,0,2026-07-01 18:39:20
11057,4514,8287,0,2026-07-01 18:39:20
11058,4514,19118,0,2026-07-01 18:39:20
11059,4514,19119,0,2026-07-01 18:39:20
11060,4514,8196,0,2026-07-01 18:39:20
11061,4514,3381,0,2026-07-01 18:39:20
11062,4514,7269,0,2026-07-01 18:39:20
11063,4514,17777,0,2026-07-01 18:39:20
11064,4515,2297,0,2026-07-01 18:39:20
11065,4516,14389,0,2026-07-01 18:39:20
11066,4516,17286,0,2026-07-01 18:39:20
11067,4516,17378,0,2026-07-01 18:39:20
11068,4516,17777,0,2026-07-01 18:39:20
11069,4516,19117,0,2026-07-01 18:39:20
11070,4516,19121,0,2026-07-01 18:39:20
11071,4516,19122,0,2026-07-01 18:39:20
11072,4516,19124,0,2026-07-01 18:39:20
11073,4516,19126,0,2026-07-01 18:39:20
11074,4517,19105,0,2026-07-01 18:39:20
11075,4517,19125,0,2026-07-01 18:39:20
11076,4518,19127,0,2026-07-01 18:39:20
11077,4518,19128,0,2026-07-01 18:39:20
11078,4518,19129,0,2026-07-01 18:39:20
11079,4518,17378,0,2026-07-01 18:39:20
11080,4518,17777,0,2026-07-01 18:39:20
11081,4518,15429,0,2026-07-01 18:39:20
11082,4518,19130,0,2026-07-01 18:39:20
11083,4519,17484,0,2026-07-01 18:39:20
11084,4519,3599,0,2026-07-01 18:39:20
11085,4519,17513,0,2026-07-01 18:39:20
11086,4519,19136,0,2026-07-01 18:39:20
11087,4520,4061,0,2026-07-01 18:39:20
11088,4522,14368,0,2026-07-01 18:39:20
11089,4523,4269,0,2026-07-01 18:39:20
11090,4524,2913,0,2026-07-01 18:39:20
11091,4524,3259,0,2026-07-01 18:39:20
11092,4525,2756,0,2026-07-01 18:39:20
11093,4525,2997,0,2026-07-01 18:39:20
11094,4526,2326,0,2026-07-01 18:39:20
11095,4526,7165,0,2026-07-01 18:39:20
11096,4526,3113,0,2026-07-01 18:39:20
11097,4526,14821,0,2026-07-01 18:39:20
11098,4526,19138,0,2026-07-01 18:39:20
11099,4527,8287,0,2026-07-01 18:39:20
11100,4527,13709,0,2026-07-01 18:39:20
11101,4527,15280,0,2026-07-01 18:39:20
11102,4528,17378,0,2026-07-01 18:39:20
11103,4528,19139,0,2026-07-01 18:39:20
11104,4528,19140,0,2026-07-01 18:39:20
11105,4529,344,0,2026-07-01 18:39:20
11106,4529,3622,0,2026-07-01 18:39:20
11107,4529,11739,0,2026-07-01 18:39:20
11108,4529,16417,0,2026-07-01 18:39:20
11109,4529,18071,0,2026-07-01 18:39:20
11110,4531,36,0,2026-07-01 18:39:20
11111,4531,4648,0,2026-07-01 18:39:20
11112,4532,17378,0,2026-07-01 18:39:20
11113,4532,18071,0,2026-07-01 18:39:20
11114,4533,2991,0,2026-07-01 18:39:20
11115,4533,19150,0,2026-07-01 18:39:20
11116,4534,19151,0,2026-07-01 18:39:20
11117,4534,12284,0,2026-07-01 18:39:20
11118,4534,19152,0,2026-07-01 18:39:20
11119,4534,14583,0,2026-07-01 18:39:20
11120,4535,17484,0,2026-07-01 18:39:20
11121,4535,3599,0,2026-07-01 18:39:20
11122,4535,17513,0,2026-07-01 18:39:20
11123,4535,17485,0,2026-07-01 18:39:20
11124,4536,19158,0,2026-07-01 18:39:20
11125,4536,19159,0,2026-07-01 18:39:20
11126,4536,19160,0,2026-07-01 18:39:20
11127,4537,7269,0,2026-07-01 18:39:20
11128,4537,8196,0,2026-07-01 18:39:20
11129,4537,17286,0,2026-07-01 18:39:20
11130,4538,5958,0,2026-07-01 18:39:20
11131,4538,9736,0,2026-07-01 18:39:20
11132,4538,15156,0,2026-07-01 18:39:20
11133,4538,12589,0,2026-07-01 18:39:20
11134,4538,17777,0,2026-07-01 18:39:20
11135,4538,19165,0,2026-07-01 18:39:20
11136,4541,17388,0,2026-07-01 18:39:20
11137,4541,17777,0,2026-07-01 18:39:20
11138,4541,3635,0,2026-07-01 18:39:20
11139,4541,8287,0,2026-07-01 18:39:20
11140,4542,5681,0,2026-07-01 18:39:20
11141,4542,17362,0,2026-07-01 18:39:20
11142,4543,672,0,2026-07-01 18:39:20
11143,4544,19169,0,2026-07-01 18:39:20
11144,4544,17378,0,2026-07-01 18:39:20
11145,4545,19170,0,2026-07-01 18:39:20
11146,4545,17378,0,2026-07-01 18:39:20
11147,4546,15280,0,2026-07-01 18:39:20
11148,4546,423,0,2026-07-01 18:39:20
11149,4547,11718,0,2026-07-01 18:39:20
11150,4547,19171,0,2026-07-01 18:39:20
11151,4547,19117,0,2026-07-01 18:39:20
11152,4548,17378,0,2026-07-01 18:39:20
11153,4549,8287,0,2026-07-01 18:39:20
11154,4549,13709,0,2026-07-01 18:39:20
11155,4549,19117,0,2026-07-01 18:39:20
11156,4550,8287,0,2026-07-01 18:39:20
11157,4550,15280,0,2026-07-01 18:39:20
11158,4550,19117,0,2026-07-01 18:39:20
11159,4550,17777,0,2026-07-01 18:39:20
11160,4551,11095,0,2026-07-01 18:39:20
11161,4551,4419,0,2026-07-01 18:39:20
11162,4552,8287,0,2026-07-01 18:39:20
11163,4552,19117,0,2026-07-01 18:39:20
11164,4552,15280,0,2026-07-01 18:39:20
11165,4553,19173,0,2026-07-01 18:39:20
11166,4553,15429,0,2026-07-01 18:39:20
11167,4553,19174,0,2026-07-01 18:39:20
11168,4553,19175,0,2026-07-01 18:39:20
11169,4553,19176,0,2026-07-01 18:39:20
11170,4554,17895,0,2026-07-01 18:39:20
11171,4554,19177,0,2026-07-01 18:39:20
11172,4554,19178,0,2026-07-01 18:39:20
11173,4554,14035,0,2026-07-01 18:39:20
11174,4555,19158,0,2026-07-01 18:39:20
11175,4555,19159,0,2026-07-01 18:39:20
11176,4555,12375,0,2026-07-01 18:39:20
11177,4555,17777,0,2026-07-01 18:39:20
11178,4556,8196,0,2026-07-01 18:39:20
11179,4556,3381,0,2026-07-01 18:39:20
11180,4556,19119,0,2026-07-01 18:39:20
11181,4556,17286,0,2026-07-01 18:39:20
11182,4557,8287,0,2026-07-01 18:39:20
11183,4557,13709,0,2026-07-01 18:39:20
11184,4557,19117,0,2026-07-01 18:39:20
11185,4557,15280,0,2026-07-01 18:39:20
11186,4557,17777,0,2026-07-01 18:39:20
11187,4558,19117,0,2026-07-01 18:39:20
11188,4558,8196,0,2026-07-01 18:39:20
11189,4558,2915,0,2026-07-01 18:39:20
11190,4558,8287,0,2026-07-01 18:39:20
11191,4560,19158,0,2026-07-01 18:39:20
11192,4560,19183,0,2026-07-01 18:39:20
11193,4560,19184,0,2026-07-01 18:39:20
11194,4561,3381,0,2026-07-01 18:39:20
11195,4561,7269,0,2026-07-01 18:39:20
11196,4562,19158,0,2026-07-01 18:39:20
11197,4562,19183,0,2026-07-01 18:39:20
11198,4562,19184,0,2026-07-01 18:39:20
11199,4563,10622,0,2026-07-01 18:39:20
11200,4563,19185,0,2026-07-01 18:39:20
11201,4563,19186,0,2026-07-01 18:39:20
11202,4563,19117,0,2026-07-01 18:39:20
11203,4564,3657,0,2026-07-01 18:39:20
11204,4564,19187,0,2026-07-01 18:39:20
11205,4564,19117,0,2026-07-01 18:39:20
11206,4564,17777,0,2026-07-01 18:39:20
11207,4565,19117,0,2026-07-01 18:39:20
11208,4565,6400,0,2026-07-01 18:39:20
11209,4565,8287,0,2026-07-01 18:39:20
11210,4565,18071,0,2026-07-01 18:39:20
11211,4565,2915,0,2026-07-01 18:39:20
11212,4566,18071,0,2026-07-01 18:39:20
11213,4566,19117,0,2026-07-01 18:39:20
11214,4566,19119,0,2026-07-01 18:39:20
11215,4567,19188,0,2026-07-01 18:39:20
11216,4567,3044,0,2026-07-01 18:39:20
11217,4568,15156,0,2026-07-01 18:39:20
11218,4568,17303,0,2026-07-01 18:39:20
11219,4568,19117,0,2026-07-01 18:39:20
11220,4569,19193,0,2026-07-01 18:39:20
11221,4569,19194,0,2026-07-01 18:39:20
11222,4570,19195,0,2026-07-01 18:39:20
11223,4570,19196,0,2026-07-01 18:39:20
11224,4571,3599,0,2026-07-01 18:39:20
11225,4572,19202,0,2026-07-01 18:39:20
11226,4572,19203,0,2026-07-01 18:39:20
11227,4572,17777,0,2026-07-01 18:39:20
11228,4573,19207,0,2026-07-01 18:39:20
11229,4574,19210,0,2026-07-01 18:39:20
11230,4575,19211,0,2026-07-01 18:39:20
11231,4575,14582,0,2026-07-01 18:39:20
11232,4575,19212,0,2026-07-01 18:39:20
11233,4575,17777,0,2026-07-01 18:39:20
11234,4576,18991,0,2026-07-01 18:39:20
11235,4577,5670,0,2026-07-01 18:39:20
11236,4577,17378,0,2026-07-01 18:39:20
11237,4577,17777,0,2026-07-01 18:39:20
11238,4577,15429,0,2026-07-01 18:39:20
11239,4578,8664,0,2026-07-01 18:39:20
11240,4578,17751,0,2026-07-01 18:39:20
11241,4579,13638,0,2026-07-01 18:39:20
11242,4580,9726,0,2026-07-01 18:39:20
11243,4581,14683,0,2026-07-01 18:39:20
11244,4581,12375,0,2026-07-01 18:39:20
11245,4581,17777,0,2026-07-01 18:39:20
11246,4581,8803,0,2026-07-01 18:39:20
11247,4581,17303,0,2026-07-01 18:39:20
11248,4582,16423,0,2026-07-01 18:39:20
11249,4582,3433,0,2026-07-01 18:39:20
11250,4582,19117,0,2026-07-01 18:39:20
11251,4582,16213,0,2026-07-01 18:39:20
11252,4585,6299,0,2026-07-01 18:39:20
11253,4587,15429,0,2026-07-01 18:39:20
11254,4587,17777,0,2026-07-01 18:39:20
11255,4587,19219,0,2026-07-01 18:39:20
11256,4588,7006,0,2026-07-01 18:39:20
11257,4588,16776,0,2026-07-01 18:39:20
11258,4588,17511,0,2026-07-01 18:39:20
11259,4590,19220,0,2026-07-01 18:39:20
11260,4590,19221,0,2026-07-01 18:39:20
11261,4590,19222,0,2026-07-01 18:39:20
11262,4590,19223,0,2026-07-01 18:39:20
11263,4592,19224,0,2026-07-01 18:39:20
11264,4592,19225,0,2026-07-01 18:39:20
11265,4592,19226,0,2026-07-01 18:39:20
11266,4592,19123,0,2026-07-01 18:39:20
11267,4594,6427,0,2026-07-01 18:39:20
11268,4594,7989,0,2026-07-01 18:39:20
11269,4594,13080,0,2026-07-01 18:39:20
11270,4594,17328,0,2026-07-01 18:39:20
11271,4595,19184,0,2026-07-01 18:39:20
11272,4595,19227,0,2026-07-01 18:39:20
11273,4597,19229,0,2026-07-01 18:39:20
11274,4597,19230,0,2026-07-01 18:39:20
11275,4598,13387,0,2026-07-01 18:39:20
11276,4599,17916,0,2026-07-01 18:39:20
11277,4599,15429,0,2026-07-01 18:39:20
11278,4599,3484,0,2026-07-01 18:39:20
11279,4599,19170,0,2026-07-01 18:39:20
11280,4599,10910,0,2026-07-01 18:39:20
11281,4599,12284,0,2026-07-01 18:39:20
11282,4600,19117,0,2026-07-01 18:39:20
11283,4600,6400,0,2026-07-01 18:39:20
11284,4600,8287,0,2026-07-01 18:39:20
11285,4600,18071,0,2026-07-01 18:39:20
11286,4600,2915,0,2026-07-01 18:39:20
11287,4601,17862,0,2026-07-01 18:39:20
11288,4601,19234,0,2026-07-01 18:39:20
11289,4601,19235,0,2026-07-01 18:39:20
11290,4602,19117,0,2026-07-01 18:39:20
11291,4602,18071,0,2026-07-01 18:39:20
11292,4602,18950,0,2026-07-01 18:39:20
11293,4604,19236,0,2026-07-01 18:39:20
11294,4605,18071,0,2026-07-01 18:39:20
11295,4605,19117,0,2026-07-01 18:39:20
11296,4606,5354,0,2026-07-01 18:39:20
11297,4606,7479,0,2026-07-01 18:39:20
11298,4606,17106,0,2026-07-01 18:39:20
11299,4606,3639,0,2026-07-01 18:39:20
11300,4607,8196,0,2026-07-01 18:39:20
11301,4607,19117,0,2026-07-01 18:39:20
11302,4607,18071,0,2026-07-01 18:39:20
11303,4607,18950,0,2026-07-01 18:39:20
11304,4608,8196,0,2026-07-01 18:39:20
11305,4608,17286,0,2026-07-01 18:39:20
11306,4608,19118,0,2026-07-01 18:39:20
11307,4608,15997,0,2026-07-01 18:39:20
11308,4609,8038,0,2026-07-01 18:39:20
11309,4609,2745,0,2026-07-01 18:39:20
11310,4609,13535,0,2026-07-01 18:39:20
11311,4609,1567,0,2026-07-01 18:39:20
11312,4609,12678,0,2026-07-01 18:39:20
11313,4611,818,0,2026-07-01 18:39:20
11314,4611,1915,0,2026-07-01 18:39:20
11315,4611,3292,0,2026-07-01 18:39:20
11316,4611,9395,0,2026-07-01 18:39:20
11317,4611,11724,0,2026-07-01 18:39:20
11318,4611,12835,0,2026-07-01 18:39:20
11319,4611,14153,0,2026-07-01 18:39:20
11320,4611,17378,0,2026-07-01 18:39:20
11321,4611,19243,0,2026-07-01 18:39:20
11322,4611,423,0,2026-07-01 18:39:20
11323,4612,2824,0,2026-07-01 18:39:20
11324,4612,12240,0,2026-07-01 18:39:20
11325,4612,18022,0,2026-07-01 18:39:20
11326,4614,12375,0,2026-07-01 18:39:20
11327,4614,18191,0,2026-07-01 18:39:20
11328,4614,2720,0,2026-07-01 18:39:20
11329,4615,19119,0,2026-07-01 18:39:20
11330,4615,8196,0,2026-07-01 18:39:20
11331,4615,3381,0,2026-07-01 18:39:20
11332,4616,1735,0,2026-07-01 18:39:20
11333,4616,8191,0,2026-07-01 18:39:20
11334,4616,8196,0,2026-07-01 18:39:20
11335,4616,19184,0,2026-07-01 18:39:20
11336,4616,19245,0,2026-07-01 18:39:20
11337,4616,19246,0,2026-07-01 18:39:20
11338,4616,12576,0,2026-07-01 18:39:20
11339,4616,17377,0,2026-07-01 18:39:20
11340,4616,19256,0,2026-07-01 18:39:20
11341,4616,18916,0,2026-07-01 18:39:20
11342,4618,19254,0,2026-07-01 18:39:20
11343,4618,19255,0,2026-07-01 18:39:20
11344,4620,19262,0,2026-07-01 18:39:20
11345,4620,17378,0,2026-07-01 18:39:20
11346,4621,15280,0,2026-07-01 18:39:20
11347,4621,19117,0,2026-07-01 18:39:20
11348,4623,17281,0,2026-07-01 18:39:20
11349,4623,3476,0,2026-07-01 18:39:20
11350,4624,6400,0,2026-07-01 18:39:20
11351,4624,19117,0,2026-07-01 18:39:20
11352,4624,18071,0,2026-07-01 18:39:20
11353,4624,19119,0,2026-07-01 18:39:20
11354,4624,2915,0,2026-07-01 18:39:20
11355,4624,17565,0,2026-07-01 18:39:20
11356,4624,15429,0,2026-07-01 18:39:20
11357,4624,17765,0,2026-07-01 18:39:20
11358,4625,17309,0,2026-07-01 18:39:20
11359,4625,19117,0,2026-07-01 18:39:20
11360,4625,19232,0,2026-07-01 18:39:20
11361,4626,12375,0,2026-07-01 18:39:20
11362,4626,18051,0,2026-07-01 18:39:20
11363,4626,15429,0,2026-07-01 18:39:20
11364,4627,2720,0,2026-07-01 18:39:20
11365,4627,18191,0,2026-07-01 18:39:20
11366,4627,19117,0,2026-07-01 18:39:20
11367,4628,2720,0,2026-07-01 18:39:20
11368,4628,12375,0,2026-07-01 18:39:20
11369,4628,19232,0,2026-07-01 18:39:20
11370,4629,8803,0,2026-07-01 18:39:20
11371,4629,14683,0,2026-07-01 18:39:20
11372,4630,19117,0,2026-07-01 18:39:20
11373,4630,19232,0,2026-07-01 18:39:20
11374,4637,19244,0,2026-07-01 18:39:20
11375,4637,818,0,2026-07-01 18:39:20
11376,4637,13622,0,2026-07-01 18:39:20
11377,4637,14632,0,2026-07-01 18:39:20
11378,4637,8287,0,2026-07-01 18:39:20
11379,4637,17589,0,2026-07-01 18:39:20
11380,4637,1163,0,2026-07-01 18:39:20
11381,4637,13709,0,2026-07-01 18:39:20
11382,4637,8191,0,2026-07-01 18:39:20
11383,4637,5158,0,2026-07-01 18:39:20
11384,4638,19244,0,2026-07-01 18:39:20
11385,4638,425,0,2026-07-01 18:39:20
11386,4638,19289,0,2026-07-01 18:39:20
11387,4638,15909,0,2026-07-01 18:39:20
11388,4638,1163,0,2026-07-01 18:39:20
11389,4638,13709,0,2026-07-01 18:39:20
11390,4638,18012,0,2026-07-01 18:39:20
11391,4638,8191,0,2026-07-01 18:39:20
11392,4638,12576,0,2026-07-01 18:39:20
11393,4638,19290,0,2026-07-01 18:39:20
11394,4641,3599,0,2026-07-01 18:39:20
11395,4641,17484,0,2026-07-01 18:39:20
11396,4641,17513,0,2026-07-01 18:39:20
11397,4642,18655,0,2026-07-01 18:39:20
11398,4642,12284,0,2026-07-01 18:39:20
11399,4644,19299,0,2026-07-01 18:39:20
11400,4644,19245,0,2026-07-01 18:39:20
11401,4644,19246,0,2026-07-01 18:39:20
11402,4644,18835,0,2026-07-01 18:39:20
11403,4644,19147,0,2026-07-01 18:39:20
11404,4646,3622,0,2026-07-01 18:39:20
11405,4646,14683,0,2026-07-01 18:39:20
11406,4646,15156,0,2026-07-01 18:39:20
11407,4646,19189,0,2026-07-01 18:39:20
11408,4646,19226,0,2026-07-01 18:39:20
11409,4646,19300,0,2026-07-01 18:39:20
11410,4646,8804,0,2026-07-01 18:39:20
11411,4646,19117,0,2026-07-01 18:39:20
11412,4646,17303,0,2026-07-01 18:39:20
11413,4648,12375,0,2026-07-01 18:39:20
11414,4648,3622,0,2026-07-01 18:39:20
11415,4648,15156,0,2026-07-01 18:39:20
11416,4648,19301,0,2026-07-01 18:39:20
11417,4648,3036,0,2026-07-01 18:39:20
11418,4648,19117,0,2026-07-01 18:39:20
11419,4648,19302,0,2026-07-01 18:39:20
11420,4649,19303,0,2026-07-01 18:39:20
11421,4649,19304,0,2026-07-01 18:39:20
11422,4650,11807,0,2026-07-01 18:39:20
11423,4650,8532,0,2026-07-01 18:39:20
11424,4650,14341,0,2026-07-01 18:39:20
11425,4650,1870,0,2026-07-01 18:39:20
11426,4651,4125,0,2026-07-01 18:39:20
11427,4651,12448,0,2026-07-01 18:39:20
11428,4651,12132,0,2026-07-01 18:39:20
11429,4651,19305,0,2026-07-01 18:39:20
11430,4651,14683,0,2026-07-01 18:39:20
11431,4652,19306,0,2026-07-01 18:39:20
11432,4652,19307,0,2026-07-01 18:39:20
11433,4652,3285,0,2026-07-01 18:39:20
11434,4653,19129,0,2026-07-01 18:39:20
11435,4653,19308,0,2026-07-01 18:39:20
11436,4653,19309,0,2026-07-01 18:39:20
11437,4660,19318,0,2026-07-01 18:39:20
11438,4660,15156,0,2026-07-01 18:39:20
11439,4661,18870,0,2026-07-01 18:39:20
11440,4661,17028,0,2026-07-01 18:39:20
11441,4661,15728,0,2026-07-01 18:39:20
11442,4661,19309,0,2026-07-01 18:39:20
11443,4661,13893,0,2026-07-01 18:39:20
11444,4661,17015,0,2026-07-01 18:39:20
11445,4661,15860,0,2026-07-01 18:39:20
11446,4661,16583,0,2026-07-01 18:39:20
11447,4662,17290,0,2026-07-01 18:39:20
11448,4663,18151,0,2026-07-01 18:39:20
11449,4663,19323,0,2026-07-01 18:39:20
11450,4663,17303,0,2026-07-01 18:39:20
11451,4663,19324,0,2026-07-01 18:39:20
11452,4663,19325,0,2026-07-01 18:39:20
11453,4664,19326,0,2026-07-01 18:39:20
11454,4664,19327,0,2026-07-01 18:39:20
11455,4664,17378,0,2026-07-01 18:39:20
11456,4664,19328,0,2026-07-01 18:39:20
11457,4664,17777,0,2026-07-01 18:39:20
11458,4666,19331,0,2026-07-01 18:39:20
11459,4666,19332,0,2026-07-01 18:39:20
11460,4667,19159,0,2026-07-01 18:39:20
11461,4667,19184,0,2026-07-01 18:39:20
11462,4667,19334,0,2026-07-01 18:39:20
11463,4667,17290,0,2026-07-01 18:39:20
11464,4668,19335,0,2026-07-01 18:39:20
11465,4668,16002,0,2026-07-01 18:39:20
11466,4668,19117,0,2026-07-01 18:39:20
11467,4668,17777,0,2026-07-01 18:39:20
11468,4669,17777,0,2026-07-01 18:39:20
11469,4669,19336,0,2026-07-01 18:39:20
11470,4669,19337,0,2026-07-01 18:39:20
11471,4670,19335,0,2026-07-01 18:39:20
11472,4670,19170,0,2026-07-01 18:39:20
11473,4670,15429,0,2026-07-01 18:39:20
11474,4670,17777,0,2026-07-01 18:39:20
11475,4670,19343,0,2026-07-01 18:39:20
11476,4671,19344,0,2026-07-01 18:39:20
11477,4672,15280,0,2026-07-01 18:39:20
11478,4672,19345,0,2026-07-01 18:39:20
11479,4672,17781,0,2026-07-01 18:39:20
11480,4673,16116,0,2026-07-01 18:39:20
11481,4673,19325,0,2026-07-01 18:39:20
11482,4673,18051,0,2026-07-01 18:39:20
11483,4674,19044,0,2026-07-01 18:39:20
11484,4675,19352,0,2026-07-01 18:39:20
11485,4675,19353,0,2026-07-01 18:39:20
11486,4676,15280,0,2026-07-01 18:39:20
11487,4676,19345,0,2026-07-01 18:39:20
11488,4676,19354,0,2026-07-01 18:39:20
11489,4679,19355,0,2026-07-01 18:39:20
11490,4679,14406,0,2026-07-01 18:39:20
11491,4679,19356,0,2026-07-01 18:39:20
11492,4681,15280,0,2026-07-01 18:39:20
11493,4681,19117,0,2026-07-01 18:39:20
11494,4681,19354,0,2026-07-01 18:39:20
11495,4682,19360,0,2026-07-01 18:39:20
11496,4682,19044,0,2026-07-01 18:39:20
11497,4682,19361,0,2026-07-01 18:39:20
11498,4683,19360,0,2026-07-01 18:39:20
11499,4683,19044,0,2026-07-01 18:39:20
11500,4683,19361,0,2026-07-01 18:39:20
11501,4686,19343,0,2026-07-01 18:39:20
11502,4686,19362,0,2026-07-01 18:39:20
11503,4686,17410,0,2026-07-01 18:39:20
11504,4692,18226,0,2026-07-01 18:39:20
11505,4692,13887,0,2026-07-01 18:39:20
11506,4692,15542,0,2026-07-01 18:39:20
11507,4702,19276,0,2026-07-01 18:39:20
11508,4702,19367,0,2026-07-01 18:39:20
11509,4702,17309,0,2026-07-01 18:39:20
11510,4702,19246,0,2026-07-01 18:39:20
11511,4702,17377,0,2026-07-01 18:39:20
11512,4703,19335,0,2026-07-01 18:39:20
11513,4703,19226,0,2026-07-01 18:39:20
11514,4703,19316,0,2026-07-01 18:39:20
11515,4703,19117,0,2026-07-01 18:39:20
11516,4704,19378,0,2026-07-01 18:39:20
11517,4704,19379,0,2026-07-01 18:39:20
11518,4705,19333,0,2026-07-01 18:39:20
11519,4705,19380,0,2026-07-01 18:39:20
11520,4705,14153,0,2026-07-01 18:39:20
11521,4705,19381,0,2026-07-01 18:39:20
11522,4705,19289,0,2026-07-01 18:39:20
11523,4705,17813,0,2026-07-01 18:39:20
11524,4706,14336,0,2026-07-01 18:39:20
11525,4706,16157,0,2026-07-01 18:39:20
11526,4706,19311,0,2026-07-01 18:39:20
11527,4706,15572,0,2026-07-01 18:39:20
11528,4707,16001,0,2026-07-01 18:39:20
11529,4707,15026,0,2026-07-01 18:39:20
11530,4707,15863,0,2026-07-01 18:39:20
11531,4707,18588,0,2026-07-01 18:39:20
11532,4712,45,0,2026-07-01 18:39:20
11533,4712,13844,0,2026-07-01 18:39:20
11534,4712,14769,0,2026-07-01 18:39:20
11535,4712,15078,0,2026-07-01 18:39:20
11536,4712,17562,0,2026-07-01 18:39:20
11537,4713,16820,0,2026-07-01 18:39:20
11538,4713,16909,0,2026-07-01 18:39:20
11539,4713,14398,0,2026-07-01 18:39:20
11540,4714,14348,0,2026-07-01 18:39:20
11541,4714,18699,0,2026-07-01 18:39:20
11542,4715,19333,0,2026-07-01 18:39:20
11543,4716,19333,0,2026-07-01 18:39:20
11544,4718,13979,0,2026-07-01 18:39:20
11545,4718,18805,0,2026-07-01 18:39:20
11546,4718,16862,0,2026-07-01 18:39:20
11547,4718,17789,0,2026-07-01 18:39:20
11548,4718,16857,0,2026-07-01 18:39:20
11549,4722,16398,0,2026-07-01 18:39:20
11550,4722,19033,0,2026-07-01 18:39:20
11551,4722,18192,0,2026-07-01 18:39:20
11552,4724,19395,0,2026-07-01 18:39:20
11553,4724,19354,0,2026-07-01 18:39:20
11554,4724,19396,0,2026-07-01 18:39:20
11555,4725,19333,0,2026-07-01 18:39:20
11556,4726,19333,0,2026-07-01 18:39:20
11557,4727,17995,0,2026-07-01 18:39:20
11558,4727,18734,0,2026-07-01 18:39:20
11559,4727,19398,0,2026-07-01 18:39:20
11560,4727,19399,0,2026-07-01 18:39:20
11561,4727,19288,0,2026-07-01 18:39:20
11562,4729,15911,0,2026-07-01 18:39:20
11563,4729,16336,0,2026-07-01 18:39:20
11564,4729,17107,0,2026-07-01 18:39:20
11565,4729,19335,0,2026-07-01 18:39:20
11566,4733,19159,0,2026-07-01 18:39:20
11567,4733,19400,0,2026-07-01 18:39:20
11568,4734,15280,0,2026-07-01 18:39:20
11569,4734,19117,0,2026-07-01 18:39:20
11570,4735,15574,0,2026-07-01 18:39:20
11571,4735,15517,0,2026-07-01 18:39:20
11572,4736,19333,0,2026-07-01 18:39:20
11573,4737,14269,0,2026-07-01 18:39:20
11574,4737,19353,0,2026-07-01 18:39:20
11575,4738,19333,0,2026-07-01 18:39:20
11576,4739,19333,0,2026-07-01 18:39:20
11577,4740,19333,0,2026-07-01 18:39:20
11578,4741,19333,0,2026-07-01 18:39:20
11579,4742,18993,0,2026-07-01 18:39:20
11580,4744,19401,0,2026-07-01 18:39:20
11581,4744,19226,0,2026-07-01 18:39:20
11582,4746,19333,0,2026-07-01 18:39:20
11583,4750,19333,0,2026-07-01 18:39:20
11584,4754,18375,0,2026-07-01 18:39:20
11585,4754,14682,0,2026-07-01 18:39:20
11586,4754,14562,0,2026-07-01 18:39:20
11587,4754,15337,0,2026-07-01 18:39:20
11588,4764,19333,0,2026-07-01 18:39:20
11589,4766,19333,0,2026-07-01 18:39:20
11590,4772,19410,0,2026-07-01 18:39:20
11591,4772,19411,0,2026-07-01 18:39:20
11592,4772,19387,0,2026-07-01 18:39:20
11593,4773,19390,0,2026-07-01 18:39:20
11594,4773,19412,0,2026-07-01 18:39:20
11595,4774,19413,0,2026-07-01 18:39:20
11596,4774,19414,0,2026-07-01 18:39:20
11597,4775,19335,0,2026-07-01 18:39:20
11598,4775,19415,0,2026-07-01 18:39:20
11599,4780,14508,0,2026-07-01 18:39:20
11600,4780,14051,0,2026-07-01 18:39:20
11601,4780,19124,0,2026-07-01 18:39:20
11602,4781,19390,0,2026-07-01 18:39:20
11603,4781,17267,0,2026-07-01 18:39:20
11604,4781,19417,0,2026-07-01 18:39:20
