id,user_id,notice_employments,latitude,longitude,landline,exploring_option,exploring_details,domain,is_verified,verified_at,domain_created_at,import
3,19,"[\""39256\"",\""39364\""]",28.5960358,77.0744343,,,"[\""39314\""]",,0,,,0
4,14,"[\""2\""]",28.6139298,77.2088282,,,,,0,,,0
5,6,"[\""5\""]",28.5682138,77.2861119,,,,,0,,,0
6,763,,,,,,,,0,,,0
7,765,,,,,,,,0,,,0
8,766,,,,,,,,0,,,0
9,769,,,,,,,,0,,,0
10,773,,28.5956486,77.0617351,,,,,0,,,0
11,775,,,,,,,,0,,,0
12,777,,28.680125,77.0641815,,,,,0,,,0
13,787,,25.1692592,75.8454065,,,,,0,,,0
14,791,,,,,,,,0,,,0
15,792,,,,,,,,0,,,0
16,801,,,,,,,,0,,,0
17,802,,,,,,,,0,,,0
18,803,,,,,,,,0,,,0
19,806,,,,,,,,0,,,0
20,810,,,,,,,,0,,,0
21,807,,28.704606,77.156308,,,,,0,,,0
22,818,,,,,,,,0,,,0
23,829,,,,,,,,0,,,0
24,788,,19.2856374,72.8691092,,,,,0,,,0
25,313,,28.5504997,77.2436482,,,,,0,,,0
26,837,,19.4198627,72.8116591,,,,,0,,,0
27,699,,28.6087477,77.1096829,,,,,0,,,0
28,850,,,,,,,,0,,,0
29,856,,,,,,,,0,,,0
30,4,"[\""2\""]",28.6665307,77.1276492,,"[\""1\""]",,,0,,,0
31,366,,28.4880574,77.3403538,,,,,0,,,0
32,883,,,,,,,,0,,,0
33,887,,28.6195574,77.0549901,,,,,0,,,0
34,906,,12.9175547,77.6143337,,,,,0,,,0
35,907,,,,,,,,0,,,0
36,901,"[\""904\""]",26.7538423,80.9372472,,,,,0,,,0
37,912,,,,,,,,0,,,0
38,724,,28.6352454,77.1174826,,,,,0,,,0
39,920,,,,,,,,0,,,0
40,928,,19.1435906,72.8246291,,,,,0,,,0
41,935,,,,,,,,0,,,0
42,972,,,,,,,,0,,,0
43,984,,17.2958394,78.5651676,,,,,0,,,0
44,993,,28.6375669,77.3379688,,,,,0,,,0
45,995,,17.4700319,78.3534174,,,,,0,,,0
46,1000,,28.7288259,77.1068059,,,,,0,,,0
47,1002,,,,,,,,0,,,0
48,1010,,19.127291,72.8521976,,,,,0,,,0
49,1013,,28.3639006,77.2892351,,,,,0,,,0
50,1017,,28.72743,77.2623694,,,,,0,,,0
51,1020,,28.338774,77.3205629,,,,,0,,,0
52,1029,,17.4510436,78.5674302,,,,,0,,,0
53,1032,,22.5743545,88.3628734,,,,,0,,,0
54,1036,,28.5484804,77.4395732,,,,,0,,,0
55,1038,,,,,,,,0,,,0
56,1053,,19.0589858,72.9012167,,,,,0,,,0
57,1059,,,,,,,,0,,,0
58,1066,,,,,,,,0,,,0
59,1077,,18.5090541,73.8467665,,,,,0,,,0
60,1082,,18.5106072,73.9670403,,,,,0,,,0
61,1104,,,,,,,,0,,,0
62,1105,,,,,,,,0,,,0
63,1112,,,,,,,,0,,,0
64,1114,,28.4936741,77.4085149,,,,,0,,,0
65,1137,,26.8370894,80.9283773,,,,,0,,,0
66,1139,,17.4715685,78.3600448,,,,,0,,,0
67,18,"[\""2\"",\""39256\"",\""39311\"",\""13\""]",28.7004534,77.2591938,,"[\""4\""]","[\""38829\"",\""17\"",\""18\""]",,0,,,0
68,1146,,,,,,,,0,,,0
69,1166,,28.5355161,77.3910265,,,,,0,,,0
70,1167,,,,,,,,0,,,0
71,1168,,28.6971922,77.0525613,,,,,0,,,0
72,1181,,,,,,,,0,,,0
73,1183,,28.9611609,77.0932643,,,,,0,,,0
74,1196,,,,,,,,0,,,0
75,1222,,12.9628669,77.577509,,,,,0,,,0
76,1226,,26.8978199,80.9476927,,,,,0,,,0
77,1237,,22.4473303,88.3919562,,,,,0,,,0
78,134,"[\""653\""]",28.670324,77.0447246,,"[\""1\""]","[\""653\""]",,0,,,0
79,1259,,28.7102709,77.2202584,,,,,0,,,0
80,1302,,28.6169071,77.0641099,,,,,0,,,0
81,1308,,28.6195574,77.0549901,,,,,0,,,0
82,1309,,28.379381,77.299073,,,,,0,,,0
83,1328,,34.0608525,74.4247164,,,,,0,,,0
84,1339,,17.4664636,78.4254105,,,,,0,,,0
85,1342,,28.5326003,77.2628896,,,,,0,,,0
86,1357,,,,,,,,0,,,0
87,1359,,,,,,,,0,,,0
88,1370,,28.6045375,77.3183594,,,,,0,,,0
89,1373,,19.1178548,72.8631304,,,,,0,,,0
90,1377,,28.6800057,77.5099862,,,,,0,,,0
91,1379,,12.848198,77.6717338,,,,,0,,,0
92,1380,,,,,,,,0,,,0
93,1390,,,,,,,,0,,,0
94,1397,,,,,,,,0,,,0
95,1434,,30.3921668,76.7967928,,,,,0,,,0
96,1437,,28.4674387,77.3239508,,,,,0,,,0
97,1444,,28.4223225,77.4902726,,,,,0,,,0
98,1456,,,,,,,,0,,,0
99,1460,,19.2530018,73.1437445,,,,,0,,,0
100,1472,,,,,,,,0,,,0
101,1473,,,,,,,,0,,,0
102,1483,,,,,,,,0,,,0
103,1486,,,,,,,,0,,,0
104,1489,,20.9528222,77.8095461,,,,,0,,,0
105,1498,,30.664228,76.2913905,,,,,0,,,0
106,1502,,18.6517098,73.7683784,,,,,0,,,0
107,1506,,20.8964223,77.7612944,,,,,0,,,0
108,1482,,17.4451232,78.3857262,,,,,0,,,0
109,1512,,28.4954348,77.4081561,,,,,0,,,0
110,1516,,17.3759576,78.537056,,,,,0,,,0
111,1535,,28.7134492,77.2160876,,,,,0,,,0
112,1536,,,,,,,,0,,,0
113,1540,,,,,,,,0,,,0
114,1541,,26.46402,80.3170357,,,,,0,,,0
115,1543,,28.7289785,77.2789755,,,,,0,,,0
116,1545,,17.4063685,78.4821236,,,,,0,,,0
117,1544,,28.6275609,77.2784081,,,,,0,,,0
118,1548,,28.5334659,77.2196985,,,,,0,,,0
119,1550,,30.3272194,78.0329402,,,,,0,,,0
120,1568,,28.618351,77.0273002,,,,,0,,,0
121,1574,,28.6782867,77.3012585,,,,,0,,,0
122,1575,,23.8492455,86.9019814,,,,,0,,,0
123,195,,28.6169437,77.0507968,,,,,0,,,0
124,1580,,,,,,,,0,,,0
125,1586,,,,,,,,0,,,0
126,1589,,13.0887879,80.251549,,,,,0,,,0
127,1590,,28.5592382,77.2933104,,,,,0,,,0
128,1592,,,,,,,,0,,,0
129,1594,,,,,,,,0,,,0
130,1606,,29.2078621,79.5275409,,,,,0,,,0
131,1611,,,,,,,,0,,,0
132,1619,,28.5538528,77.295553,,,,,0,,,0
133,1623,,10.5814683,76.0696493,,,,,0,,,0
134,1624,,24.5133956,83.0263215,,,,,0,,,0
135,1631,,,,,,,,0,,,0
136,1641,,19.1097712,72.8582672,,,,,0,,,0
137,1648,,22.6878371,88.3873628,,,,,0,,,0
138,1650,,30.9415375,75.8682679,,,,,0,,,0
139,1665,,18.7632075,73.8613203,,,,,0,,,0
140,1674,,28.5450194,77.2757147,,,,,0,,,0
141,1678,,28.1419988,78.1478918,,,,,0,,,0
142,1682,,22.4545088,88.3058918,,,,,0,,,0
143,1681,,,,,,,,0,,,0
144,1688,,29.9152249,78.1329806,,,,,0,,,0
145,1696,,28.488526,77.021112,,,,,0,,,0
146,1700,,19.0331006,72.861853,,,,,0,,,0
147,1705,,,,,,,,0,,,0
148,1709,,17.3968106,78.3347961,,,,,0,,,0
149,1715,,28.6820444,77.0675607,,,,,0,,,0
150,1724,,,,,,,,0,,,0
151,1727,,28.7344789,77.1227387,,,,,0,,,0
152,1732,,16.6984615,74.2222128,,,,,0,,,0
153,1738,,,,,,,,0,,,0
154,1741,,,,,,,,0,,,0
155,1747,,,,,,,,0,,,0
156,1748,,,,,,,,0,,,0
157,1756,,,,,,,,0,,,0
158,1757,,,,,,,,0,,,0
159,1761,,19.2333222,72.975716,,,,,0,,,0
160,1764,,28.5467875,77.3005679,,,,,0,,,0
161,1765,,30.7297144,76.6776305,,,,,0,,,0
162,1770,,28.6841295,77.2721327,,,,,0,,,0
163,1772,,28.7296171,77.1666313,,,,,0,,,0
164,88,,28.6038371,77.0290995,,"[\""1\"",\""2\""]",,,0,,,0
165,1779,,13.0222936,77.7132065,,,,,0,,,0
166,1784,,28.5693438,77.2866602,,,,,0,,,0
167,1793,,,,,,,,0,,,0
168,1794,,28.6386438,77.07206,,,,,0,,,0
169,1807,,28.5027898,77.0327206,,,,,0,,,0
170,1808,,28.338774,77.3205629,,,,,0,,,0
171,1812,,,,,,,,0,,,0
172,1823,,25.50198,83.2559533,,,,,0,,,0
173,1824,,28.4306053,77.3321076,,,,,0,,,0
174,1826,,28.4994802,77.3278749,,,,,0,,,0
175,1827,,28.555882,77.289296,,,,,0,,,0
176,1828,,28.6429341,77.3401896,,,,,0,,,0
177,1831,,28.5929914,77.3051591,,,,,0,,,0
178,1833,,31.803009,76.341846,,,,,0,,,0
179,1835,,,,,,,,0,,,0
180,1837,,28.6229865,77.1161561,,,,,0,,,0
181,1839,,28.4859457,77.1058172,,,,,0,,,0
182,1853,,,,,,,,0,,,0
183,1855,,28.6798528,77.4940705,,,,,0,,,0
184,1867,,,,,,,,0,,,0
185,1869,,,,,,,,0,,,0
186,1871,,19.3664631,72.8155136,,,,,0,,,0
187,1875,,28.6563752,77.0985188,,,,,0,,,0
188,1876,,,,,,,,0,,,0
189,1885,,19.1336273,72.8946576,,,,,0,,,0
190,1918,,19.1191638,72.8835549,,,,,0,,,0
191,1924,,,,,,,,0,,,0
192,1926,,28.4594965,77.0266383,,,,,0,,,0
193,1948,,,,,,,,0,,,0
194,1949,,19.0035047,72.8418388,,,,,0,,,0
195,1951,,19.0329746,73.0088878,,,,,0,,,0
196,1952,,19.0699819,72.8338084,,,,,0,,,0
197,1954,,28.8171599,76.1272428,,,,,0,,,0
198,1955,,28.4513289,77.5010259,,,,,0,,,0
199,1959,,30.651699,76.80278,,,,,0,,,0
200,1978,,19.1438971,72.8427707,,,,,0,,,0
201,1982,,28.6742992,77.321494,,,,,0,,,0
202,1984,,,,,,,,0,,,0
203,1987,,,,,,,,0,,,0
204,1994,,28.6224965,76.9865269,,,,,0,,,0
205,1993,,29.4208842,75.0713355,,,,,0,,,0
206,2000,"[\""2002\""]",28.59896,77.099308,,,,,0,,,0
207,1510,,30.7333148,76.7794179,,,,,0,,,0
208,1130,,14.198234,79.153154,,,,,0,,,0
209,2025,,29.9093759,73.8799805,,,,,0,,,0
210,2035,,28.3636053,77.2821748,,,,,0,,,0
211,2036,,21.158165,81.3396246,,,,,0,,,0
212,2049,,19.1977684,73.199206,,,,,0,,,0
213,2051,,,,,,,,0,,,0
214,2055,,,,,,,,0,,,0
215,2059,,,,,,,,0,,,0
216,2067,,,,,,,,0,,,0
217,2074,,,,,,,,0,,,0
218,121,,19.2866047,72.8718432,,,,,0,,,0
219,2097,,19.2856374,72.8691092,,,,,0,,,0
220,2111,,29.4501986,77.3172046,,,,,0,,,0
221,2113,,,,,,,,0,,,0
222,2130,,18.9724725,73.0258153,,,,,0,,,0
223,2141,,,,,,,,0,,,0
224,2140,,19.3005316,72.8740814,,,,,0,,,0
225,2144,,19.0613054,72.9079934,,,,,0,,,0
226,2151,,28.5955216,77.0982683,,,,,0,,,0
227,2138,,13.007893,77.629653,,,,,0,,,0
228,2153,,,,,,,,0,,,0
229,2114,,28.7221441,77.1246247,,,,,0,,,0
230,2096,,18.5204303,73.8567437,,,,,0,,,0
231,2068,,28.6155722,77.3467996,,,,,0,,,0
232,2057,,12.9599881,77.6442292,,,,,0,,,0
233,2017,,19.0596541,72.9124386,,,,,0,,,0
234,1996,,28.6600386,77.1431011,,,,,0,,,0
235,1974,,18.5704195,73.8782041,,,,,0,,,0
236,1956,,22.5911208,88.4040291,,,,,0,,,0
237,1933,,17.3925953,78.5088008,,,,,0,,,0
238,1904,,23.0312031,72.5696062,,,,,0,,,0
239,1886,,28.5682138,77.2861119,,,,,0,,,0
240,1851,,26.8176736,75.8617171,,,,,0,,,0
241,1789,,28.9844618,77.7064137,,,,,0,,,0
242,1776,,18.9929072,72.8203679,,,,,0,,,0
243,1750,,28.619372,77.032941,,,,,0,,,0
244,1731,,28.601198,76.987882,,,,,0,,,0
245,1714,,19.0961829,72.8877422,,,,,0,,,0
246,1633,,18.485079,73.8157036,,,,,0,,,0
247,1630,,31.3080633,75.5400986,,,,,0,,,0
248,1628,,19.1662566,72.8525696,,,,,0,,,0
249,1615,,19.2260624,72.8393509,,,,,0,,,0
250,1607,,19.9491524,73.8507374,,,,,0,,,0
251,1604,,28.7136697,77.0981743,,,,,0,,,0
252,1572,,28.4388879,76.8257226,,,,,0,,,0
253,1551,,28.7040592,77.1024902,,,,,0,,,0
254,1522,,17.4077808,78.6022767,,,,,0,,,0
255,1507,,26.842665,80.949405,,,,,0,,,0
256,1503,,28.48131,77.09312,,,,,0,,,0
257,1479,,28.4594965,77.0266383,,,,,0,,,0
258,1471,,19.018226,72.8168362,,,,,0,,,0
259,1452,,20.2959847,85.8246101,,,,,0,,,0
260,1451,,17.4700319,78.3534174,,,,,0,,,0
261,1449,,22.3433153,73.1908041,,,,,0,,,0
262,1427,,12.9076121,77.6052049,,,,,0,,,0
263,1386,,28.4352607,77.3060637,,,,,0,,,0
264,1382,,23.3701213,85.3249572,,,,,0,,,0
265,1351,,28.5880236,77.3704052,,,,,0,,,0
266,1321,,23.0980792,72.5588165,,,,,0,,,0
267,1319,,29.9185658,73.901977,,,,,0,,,0
268,1288,,28.6427101,77.3388785,,,,,0,,,0
269,1286,,22.3135003,73.1812848,,,,,0,,,0
270,1203,,9.064098,76.8932696,,,,,0,,,0
271,1193,,26.7674267,80.9235387,,,,,0,,,0
272,1177,,30.711092,76.8443471,,,,,0,,,0
273,1173,,19.2403305,73.1305395,,,,,0,,,0
274,1159,,28.7040592,77.1024902,,,,,0,,,0
275,1071,,19.2525234,73.1384511,,,,,0,,,0
276,1015,,19.113645,72.8697339,,,,,0,,,0
277,1012,,19.2061237,73.0018946,,,,,0,,,0
278,924,,13.0447718,77.6194613,,,,,0,,,0
279,900,,22.4809362,88.3459611,,,,,0,,,0
280,796,,18.478314,73.8893174,,,,,0,,,0
281,755,,28.6195574,77.0549901,,,,,0,,,0
282,749,,28.3920903,77.623989,,,,,0,,,0
283,740,,19.0268747,72.8553352,,,,,0,,,0
284,730,,28.672818,77.3862836,,,,,0,,,0
285,728,,28.466517,77.156207,,,,,0,,,0
286,703,,28.6130942,76.9754506,,,,,0,,,0
287,691,,28.6944225,77.3095173,,,,,0,,,0
288,682,,19.2307329,72.856673,,,,,0,,,0
289,680,,28.6352454,77.1174826,,,,,0,,,0
290,672,,17.2629188,80.1562994,,,,,0,,,0
291,657,,18.6824723,73.8196095,,,,,0,,,0
292,656,,19.1438971,72.8427707,,,,,0,,,0
293,650,,22.5743545,88.3628734,,,,,0,,,0
294,641,,22.2441975,68.9684562,,,,,0,,,0
295,637,,23.0302896,72.6273133,,,,,0,,,0
296,627,,18.9542822,72.8243388,,,,,0,,,0
297,576,,28.4112238,77.3206816,,,,,0,,,0
298,543,,28.4994802,77.3278749,,,,,0,,,0
299,524,,28.5691957,77.2886424,,,,,0,,,0
300,519,,34.1049037,74.7942178,,,,,0,,,0
301,514,,28.5610619,77.041244,,,,,0,,,0
302,502,,19.230327,73.0051534,,,,,0,,,0
303,499,,28.6576513,77.1036675,,,,,0,,,0
304,491,,19.1431605,72.9970281,,,,,0,,,0
305,481,,29.3731673,78.1350904,,,,,0,,,0
306,479,,28.6789983,77.1621769,,,,,0,,,0
307,475,,19.1227539,72.8521366,,,,,0,,,0
308,473,,19.2974185,73.2016439,,,,,0,,,0
309,471,,28.5699891,77.4075126,,,,,0,,,0
310,449,,28.616279,77.002724,,,,,0,,,0
311,447,,26.7150321,88.4494983,,,,,0,,,0
312,419,,28.5538511,77.287487,,,,,0,,,0
313,418,,26.9276722,75.7859713,,,,,0,,,0
314,400,,28.7582634,77.1946018,,,,,0,,,0
315,390,,30.787168,76.7433734,,,,,0,,,0
316,386,,28.5082271,77.3307972,,,,,0,,,0
317,385,,26.449923,80.3318736,,,,,0,,,0
318,376,,28.6808929,77.4213042,,,,,0,,,0
319,368,,19.0595596,72.8295287,,,,,0,,,0
320,357,,28.6613803,77.3785162,,,,,0,,,0
321,354,,28.6856846,77.1425416,,,,,0,,,0
322,349,,19.1045461,73.0032996,,,,,0,,,0
323,342,,28.8445576,77.0841303,,,,,0,,,0
324,340,,19.0595596,72.8295287,,,,,0,,,0
325,337,,28.5355161,77.3910265,,,,,0,,,0
326,335,,28.6909791,77.1765239,,,,,0,,,0
327,311,,23.9269183,84.2572014,,,,,0,,,0
328,308,,29.0970078,75.975223,,,,,0,,,0
329,298,,28.6091804,77.4402854,,,,,0,,,0
330,297,,19.074181,72.9862853,,,,,0,,,0
331,296,,28.630558,77.1011452,,,,,0,,,0
332,292,,19.0785988,72.9101456,,,,,0,,,0
333,275,,19.113645,72.8697339,,,,,0,,,0
334,273,,28.6636623,77.0620735,,,,,0,,,0
335,269,,28.7110774,77.078751,,,,,0,,,0
336,266,,27.4860318,77.66241,,,,,0,,,0
337,261,,19.2029903,72.8494218,,,,,0,,,0
338,255,,19.1846681,73.0422735,,,,,0,,,0
339,253,,28.4525407,77.3144936,,,,,0,,,0
340,252,,26.9690031,75.8918828,,,,,0,,,0
341,250,,28.7322802,77.2464776,,,,,0,,,0
342,247,,28.8662311,78.5813927,,,,,0,,,0
343,242,,28.6179009,77.1154368,,,,,0,,,0
344,240,,28.758755,77.2050022,,,,,0,,,0
345,235,,28.5450194,77.2757147,,,,,0,,,0
346,227,,28.626976,77.149532,,,,,0,,,0
347,222,,28.6087477,77.1096829,,,,,0,,,0
348,217,,28.744638,77.138293,,,,,0,,,0
349,214,,28.7111675,77.0722759,,,,,0,,,0
350,213,,12.9757478,77.6051769,,,,,0,,,0
351,209,,28.4917183,77.0114124,,,,,0,,,0
352,201,,28.6812913,77.2963737,,,,,0,,,0
353,182,,28.6762725,76.9281075,,,,,0,,,0
354,181,,29.0009035,77.7599208,,,,,0,,,0
355,173,,28.6437542,77.3529008,,,,,0,,,0
356,171,,28.6897483,77.1999342,,,,,0,,,0
357,169,,28.5833773,77.1664905,,,,,0,,,0
358,165,"[\""24551\""]",25.4294208,81.8538781,,"[\""1\"",\""2\""]",,,0,,,0
359,161,,28.6719002,76.898771,,,,,0,,,0
360,159,,29.4501986,77.3172046,,,,,0,,,0
361,158,,23.1764665,75.7885163,,,,,0,,,0
362,145,,19.1233127,72.8528516,,,,,0,,,0
363,137,,28.7162534,77.1562594,,,,,0,,,0
364,131,,28.6954182,77.2974332,,,,,0,,,0
365,130,,28.684245,77.144645,,,,,0,,,0
366,129,,19.1784774,72.8513004,,,,,0,,,0
367,120,,28.480461,77.306113,,,,,0,,,0
368,108,,19.0030467,72.828417,,,,,0,,,0
369,105,,28.7250664,77.0568062,,,,,0,,,0
370,100,,28.7382677,77.0822151,,,,,0,,,0
371,98,,28.6784325,77.1602776,,,,,0,,,0
372,90,,19.1364016,72.8296252,,,,,0,,,0
373,75,,25.5950918,91.8971026,,,,,0,,,0
374,65,,28.6496258,77.0876874,,,,,0,,,0
375,63,,28.66712,77.1159,,,,,0,,,0
376,60,,28.6249263,77.1108882,,,,,0,,,0
377,59,,28.6651566,77.0724541,,,,,0,,,0
378,53,,28.6909153,77.0504045,,,,,0,,,0
379,52,,28.634507,77.076989,,,,,0,,,0
380,51,,28.5769739,77.2217984,,,,,0,,,0
381,50,,28.634186,77.0862969,,,,,0,,,0
382,49,,28.7248706,77.2780873,,,,,0,,,0
383,48,,28.6289737,77.3442187,,,,,0,,,0
384,45,,28.6260976,77.1146831,,,,,0,,,0
385,44,,25.3283286,55.3777803,,,,,0,,,0
386,43,,28.6936501,77.0725465,,,,,0,,,0
387,39,,28.5355161,77.3910265,,,,,0,,,0
388,32,,28.5122848,77.2295807,,,,,0,,,0
389,30,,28.5656908,77.1592073,,,,,0,,,0
390,25,,28.7033775,77.1507634,,,,,0,,,0
391,24,,28.670715,77.073075,,,,,0,,,0
392,21,,28.5787537,77.3413486,,,,,0,,,0
393,15,,28.5735894,77.1634762,,,,,0,,,0
394,2,,28.6706933,77.1284765,,,,,0,,,0
395,1,,28.581257,77.2419522,,,,,0,,,0
396,2162,,19.8055853,75.2227489,,,,,0,,,0
397,2161,,27.3113744,78.0292426,,,,,0,,,0
398,2166,,17.5780083,74.0300122,,,,,0,,,0
399,2167,,22.5743545,88.3628734,,,,,0,,,0
400,2174,,,,,,,,0,,,0
401,2171,,18.5204303,73.8567437,,,,,0,,,0
402,2169,,28.5399515,77.2591579,,,,,0,,,0
403,2175,,26.4436241,80.2801589,,,,,0,,,0
404,2179,,,,,,,,0,,,0
405,2183,,,,,,,,0,,,0
406,2188,,,,,,,,0,,,0
407,2191,,,,,,,,0,,,0
408,2192,,28.7021727,77.6210175,,,,,0,,,0
409,2194,,19.0861665,82.0269203,,,,,0,,,0
410,2204,,26.4757413,80.2714261,,,,,0,,,0
411,2206,,25.6384015,82.916052,,,,,0,,,0
412,2217,,25.2880574,83.003552,,,,,0,,,0
413,2219,,26.9276124,80.9611376,,,,,0,,,0
414,2228,,,,,,,,0,,,0
415,2229,,28.6256274,77.3010466,,,,,0,,,0
416,2239,,28.3272311,77.3164767,,,,,0,,,0
417,2232,,21.2210496,81.3437782,,,,,0,,,0
418,2248,,25.4456963,81.8630718,,,,,0,,,0
419,2246,,26.7294626,80.9444568,,,,,0,,,0
420,2252,,26.7837459,80.9191096,,,,,0,,,0
421,2259,,28.4958562,77.1848254,,,,,0,,,0
422,2260,,26.7481089,83.3649657,,,,,0,,,0
423,2262,,26.445787,80.303917,,,,,0,,,0
424,2267,,28.4594965,77.0266383,,,,,0,,,0
425,2264,,25.9861906,79.4602256,,,,,0,,,0
426,2275,,26.0088298,82.3324722,,,,,0,,,0
427,2271,,26.9061336,81.046419,,,,,0,,,0
428,2284,,42.4940356,-72.858834,,,,,0,,,0
429,2294,,28.744977,77.110337,,,,,0,,,0
430,2290,,25.2876963,83.1136164,,,,,0,,,0
431,2306,,18.5204303,73.8567437,,,,,0,,,0
432,2319,,,,,,,,0,,,0
433,2323,,26.4794472,80.2225018,,,,,0,,,0
434,1752,,28.4089123,77.3177894,,,,,0,,,0
435,2213,,,,,,,,0,,,0
436,2338,,,,,,,,0,,,0
437,2337,,25.7190718,80.1653998,,,,,0,,,0
438,2339,,,,,,,,0,,,0
439,2346,,,,,,,,0,,,0
440,2350,,26.9030173,80.8975635,,,,,0,,,0
441,2356,,18.5642452,73.7768511,,,,,0,,,0
442,2357,,22.7928336,75.7386027,,,,,0,,,0
443,2361,,25.4346588,81.7653935,,,,,0,,,0
444,2364,,28.6497721,77.3716847,,,,,0,,,0
445,2366,,28.8261444,78.7348697,,,,,0,,,0
446,2365,,28.3617378,77.326878,,,,,0,,,0
447,2369,,,,,,,,0,,,0
448,2370,,,,,,,,0,,,0
449,2375,,22.5752411,88.3937037,,,,,0,,,0
450,2377,,28.5342332,77.2094473,,,,,0,,,0
451,2380,,26.4196574,80.39015,,,,,0,,,0
452,2384,,21.1661073,72.8639981,,,,,0,,,0
453,2383,,25.4177482,81.8682535,,,,,0,,,0
454,2362,,18.5204303,73.8567437,,,,,0,,,0
455,2394,,,,,,,,0,,,0
456,2302,,26.4421513,80.2830464,,,,,0,,,0
457,2399,,21.2684117,81.6303218,,,,,0,,,0
458,2400,,26.1963893,78.1417452,,,,,0,,,0
459,2404,,17.394048,78.4739948,,,,,0,,,0
460,2409,,9.9520378,78.1186049,,,,,0,,,0
461,2417,,26.8401772,80.9356098,,,,,0,,,0
462,2416,,26.473233,80.352913,,,,,0,,,0
463,2420,,25.9209503,80.7996035,,,,,0,,,0
464,2424,,23.2599333,77.412615,,,,,0,,,0
465,2430,,28.993758,77.6822442,,,,,0,,,0
466,2437,,28.6069709,77.3769114,,,,,0,,,0
467,2447,,26.8517965,81.0503837,,,,,0,,,0
468,2450,,22.7752988,86.1641777,,,,,0,,,0
469,2461,,,,,,,,0,,,0
470,2489,,28.5929914,77.3051591,,,,,0,,,0
471,2490,,26.81431,80.8649356,,,,,0,,,0
472,2478,,11.6397638,78.1446858,,,,,0,,,0
473,2524,,21.1913266,81.2804444,,,,,0,,,0
474,2525,,28.5355161,77.3910265,,,,,0,,,0
475,2526,,28.630558,77.1011452,,,,,0,,,0
476,2529,,19.0325854,72.8423485,,,,,0,,,0
477,2532,,,,,,,,0,,,0
478,2546,,26.4659717,80.3220994,,,,,0,,,0
479,2548,,,,,,,,0,,,0
480,1660,,,,,,,,0,,,0
481,2560,,,,,,,,0,,,0
482,2566,,28.6039511,76.5228101,,,,,0,,,0
483,2565,,28.4554726,77.0219019,,,,,0,,,0
484,2572,,12.9520803,77.5707288,,,,,0,,,0
485,2574,,28.7135563,77.2827334,,,,,0,,,0
486,2583,,28.6131719,77.0296231,,,,,0,,,0
487,2577,,28.6421024,77.215302,,,,,0,,,0
488,2596,,13.0297263,80.2089942,,,,,0,,,0
489,2600,,12.848129,77.6808011,,,,,0,,,0
490,2580,,13.0601868,77.6034313,,,,,0,,,0
491,2605,,28.5801663,77.3179566,,,,,0,,,0
492,2609,,19.2856374,72.8691092,,,,,0,,,0
493,2614,,28.5355161,77.3910265,,,,,0,,,0
494,2616,,28.4089123,77.3177894,,,,,0,,,0
495,2617,,,,,,,,0,,,0
496,2619,,25.3774507,83.0336842,,,,,0,,,0
497,2621,,23.0812579,72.6213856,,,,,0,,,0
498,2636,,21.2323609,81.6158382,,,,,0,,,0
499,2643,,28.663777,77.065357,,,,,0,,,0
500,2645,,19.2556957,73.1424782,,,,,0,,,0
501,2654,,26.2049772,78.2052439,,,,,0,,,0
502,2662,,29.8310515,73.908309,,,,,0,,,0
503,2668,,29.1568938,75.7175231,,,,,0,,,0
504,2667,"[\""2669\""]",,,,,,,0,,,0
505,2673,,19.1868128,72.9434391,,,,,0,,,0
506,2681,,22.5704216,88.3575849,,,,,0,,,0
507,13,,28.476445,77.045486,,,,,0,,,0
508,2682,,28.6110491,77.4436617,,,,,0,,,0
509,2685,,25.6241208,85.9250261,,,,,0,,,0
510,743,,,,,,,,0,,,0
511,2687,,,,,,,,0,,,0
512,2702,,13.0378987,80.2108074,,,,,0,,,0
513,2703,,19.2094006,73.0939483,,,,,0,,,0
514,2710,,30.8871823,75.8446802,,,,,0,,,0
515,2719,,26.7257564,83.3868997,,,,,0,,,0
516,2727,,21.1431152,72.8431097,,,,,0,,,0
517,2730,,12.9544874,77.6190723,,,,,0,,,0
518,2735,,28.5116326,77.083787,,,,,0,,,0
519,2736,,28.6906285,77.2764329,,,,,0,,,0
520,2739,"[\""2740\""]",28.6195574,77.0549901,,,,,0,,,0
521,2745,"[\""2746\""]",22.7541624,75.8829804,,,,,0,,,0
522,2753,,29.1393132,76.6944877,,,,,0,,,0
523,2758,,,,,,,,0,,,0
524,2768,,29.9492048,77.5371678,,,,,0,,,0
525,2771,,28.662796,77.1334325,,,,,0,,,0
526,2775,,19.9728896,73.8229516,,,,,0,,,0
527,2777,,43.4177043,-80.4662776,,,,,0,,,0
528,2778,,25.3176452,82.9739144,,,,,0,,,0
529,2779,,,,,,,,0,,,0
530,2785,,25.4181638,86.1271542,,,,,0,,,0
531,2789,,,,,,,,0,,,0
532,2791,,28.740576,77.20634,,,,,0,,,0
533,2795,,19.9383945,73.7360175,,,,,0,,,0
534,2794,,21.1581207,78.9993852,,,,,0,,,0
535,2803,,26.9037261,75.7716695,,,,,0,,,0
536,2807,,28.4119752,77.0319784,,,,,0,,,0
537,2810,,19.440992,72.8072191,,,,,0,,,0
538,2818,,,,,,,,0,,,0
539,2820,,,,,,,,0,,,0
540,2821,,22.736625,75.8856356,,,,,0,,,0
541,2819,,23.1687596,77.4983265,,,,,0,,,0
542,2808,,26.3898881,82.6766965,,,,,0,,,0
543,2826,,28.4747196,77.0823013,,,,,0,,,0
544,2828,,28.5621855,77.2336897,,,,,0,,,0
545,2834,,13.0198525,77.6070411,,,,,0,,,0
546,2832,,19.184931,73.043524,,,,,0,,,0
547,2849,,43.6506277,-79.7434348,,,,,0,,,0
548,2851,,,,,,,,0,,,0
549,2856,,,,,,,,0,,,0
550,2859,,26.8466937,80.946166,,,,,0,,,0
551,2860,,28.651027,77.1562196,,,,,0,,,0
552,2864,,,,,,,,0,,,0
553,2865,,29.325508,76.2997909,,,,,0,,,0
554,2876,,,,,,,,0,,,0
555,2875,,13.037812,77.5937685,,,,,0,,,0
556,2881,,28.5293772,77.3912953,,,,,0,,,0
557,2883,,,,,,,,0,,,0
558,2884,,13.0576086,77.5885632,,,,,0,,,0
559,2889,,18.6326695,73.8220565,,,,,0,,,0
560,2893,,28.5636272,77.3725608,,,,,0,,,0
561,2896,"[\""2897\""]",28.5460285,77.3018378,,,,,0,,,0
562,2898,,26.4268059,80.3867417,,,,,0,,,0
563,2901,,16.3670217,73.6821163,,,,,0,,,0
564,2904,,13.0369229,77.5785134,,,,,0,,,0
565,2919,,,,,,,,0,,,0
566,2920,,,,,,,,0,,,0
567,2923,,19.1285681,72.8889579,,,,,0,,,0
568,2925,,28.6266328,77.1341482,,,,,0,,,0
569,2930,,19.9723313,73.7817225,,,,,0,,,0
570,2927,,28.6037432,77.0363014,,,,,0,,,0
571,2935,,26.9067346,80.9559496,,,,,0,,,0
572,2934,,28.5982901,77.0985928,,,,,0,,,0
573,639,"[\""2\"",\""15694\"",\""3\"",\""459\""]",28.5083736,77.3385774,,,"[\""8013\"",\""13262\""]",,0,,,0
574,2670,"[\""2\""]",28.502512,77.2841058,,"[\""4\""]","[\""165\"",\""8302\"",\""13402\"",\""16051\"",\""34971\""]",,0,,,0
575,2944,,22.7624631,75.880934,,,,,0,,,0
576,2954,,,,,,,,0,,,0
577,2957,,,,,,,,0,,,0
578,2964,,28.6903339,77.4078908,,,,,0,,,0
579,2978,,,,,,,,0,,,0
580,2982,,28.5894957,77.4443768,,,,,0,,,0
581,2988,,,,,,,,0,,,0
582,2986,,28.6820743,77.0537976,,,,,0,,,0
583,2996,,,,,,,,0,,,0
584,2998,,23.2868019,85.3159967,,,,,0,,,0
585,3011,,,,,,,,0,,,0
586,3014,,19.1175516,72.8576222,,,,,0,,,0
587,3015,,28.6987867,77.2047205,,,,,0,,,0
588,3016,,19.2343334,73.1478071,,,,,0,,,0
589,3020,,,,,,,,0,,,0
590,3021,,19.0595596,72.8295287,,,,,0,,,0
591,3025,,30.4784788,77.1312586,,,,,0,,,0
592,3027,,19.1074911,72.9017603,,,,,0,,,0
593,3030,,28.9929174,77.6514261,,,,,0,,,0
594,3036,,28.5820607,77.3109035,,,,,0,,,0
595,3039,,28.6747907,77.4630489,,,,,0,,,0
596,3035,,12.9628669,77.577509,,,,,0,,,0
597,3045,,,,,,,,0,,,0
598,3048,,,,,,,,0,,,0
599,3056,,26.0739138,83.1859495,,,,,0,,,0
600,3055,,22.4602448,88.364436,,,,,0,,,0
601,3058,,,,,,,,0,,,0
602,3026,,26.9160799,80.9461467,,,,,0,,,0
603,3070,,,,,,,,0,,,0
604,3071,,28.6864862,77.2861512,,,,,0,,,0
605,3075,,28.4431248,77.0950055,,,,,0,,,0
606,3082,,28.7251067,77.2866235,,,,,0,,,0
607,3088,,,,,,,,0,,,0
608,3102,,,,,,,,0,,,0
609,3109,,,,,,,,0,,,0
610,3093,,12.9308107,77.5838577,,,,,0,,,0
611,3099,,10.0213092,76.2957686,,,,,0,,,0
612,3120,,22.5270544,88.3525884,,,,,0,,,0
613,3129,,28.6524229,77.2139292,,,,,0,,,0
614,3135,,18.7447692,73.4816823,,,,,0,,,0
615,3146,,28.4594965,77.0266383,,,,,0,,,0
616,3136,,21.0923497,80.2725524,,,,,0,,,0
617,3159,,28.3691282,77.3130576,,,,,0,,,0
618,3163,,28.3022104,77.3884251,,,,,0,,,0
619,3169,,28.622278,77.0247321,,,,,0,,,0
620,3170,,,,,,,,0,,,0
621,3185,,18.9557757,73.1688878,,,,,0,,,0
622,3186,,28.598734,77.380672,,,,,0,,,0
623,3188,,21.188799,81.3549481,,,,,0,,,0
624,3189,,28.348071,77.299606,,,,,0,,,0
625,3194,,,,,,,,0,,,0
626,3193,,28.5500064,77.3970354,,,,,0,,,0
627,3199,,,,,,,,0,,,0
628,3205,,,,,,,,0,,,0
629,3208,,28.5920617,76.2652909,,,,,0,,,0
630,3210,,28.6247274,77.2839116,,,,,0,,,0
631,3218,,28.7010323,77.1249661,,,,,0,,,0
632,3226,,,,,,,,0,,,0
633,3222,,22.75521,75.8968202,,,,,0,,,0
634,3232,,28.5846875,77.3159296,,,,,0,,,0
635,3225,,28.5552494,77.1722417,,,,,0,,,0
636,3242,,,,,,,,0,,,0
637,3243,,26.2267231,78.2177872,,,,,0,,,0
638,3248,,,,,,,,0,,,0
639,3247,,26.5676409,80.2251603,,,,,0,,,0
640,3255,,24.5359553,81.2966711,,,,,0,,,0
641,3259,,,,,,,,0,,,0
642,3260,,28.7694258,77.1862853,,,,,0,,,0
643,3261,,18.6222578,73.7273229,,,,,0,,,0
644,3258,,25.7184121,81.5174684,,,,,0,,,0
645,3266,,27.1814438,77.9653325,,,,,0,,,0
646,3271,,28.65894,77.3187173,,,,,0,,,0
647,3273,,29.3175135,76.3128517,,,,,0,,,0
648,3275,,,,,,,,0,,,0
649,3277,,,,,,,,0,,,0
650,3305,,26.9124336,75.7872709,,,,,0,,,0
651,3307,,28.5214471,77.4398346,,,,,0,,,0
652,3051,,28.6951411,77.1709591,,,,,0,,,0
653,3317,,28.4089123,77.3177894,,,,,0,,,0
654,3324,,26.1950962,78.1940698,,,,,0,,,0
655,3330,,28.451511,77.7136804,,,,,0,,,0
656,3327,,26.8991315,81.0127624,,,,,0,,,0
657,3348,,29.008086,76.997292,,,,,0,,,0
658,3332,,29.4440185,77.7074004,,,,,0,,,0
659,3349,,28.6209681,77.3811702,,,,,0,,,0
660,3351,,18.5246091,73.8786239,,,,,0,,,0
661,3357,,25.9085859,80.8000569,,,,,0,,,0
662,3359,,,,,,,,0,,,0
663,3363,,28.9883611,77.0236531,,,,,0,,,0
664,3367,,17.4994025,73.2676903,,,,,0,,,0
665,3369,,20.2742201,73.0071013,,,,,0,,,0
666,3382,,28.4449842,77.4629647,,,,,0,,,0
667,3383,,,,,,,,0,,,0
668,3388,,28.3618151,79.3930448,,,,,0,,,0
669,3389,,28.672533,77.1247626,,,,,0,,,0
670,3380,,26.4181265,80.3303998,,,,,0,,,0
671,3395,,,,,,,,0,,,0
672,3396,,28.6833143,77.3689473,,,,,0,,,0
673,3394,,22.7978798,75.8453796,,,,,0,,,0
674,3405,,,,,,,,0,,,0
675,3406,,28.5322238,77.3834021,,,,,0,,,0
676,3416,,,,,,,,0,,,0
677,3420,,25.1336987,82.5644344,,,,,0,,,0
678,3424,,28.5962491,77.3396212,,,,,0,,,0
679,3429,,19.0668909,72.9248208,,,,,0,,,0
680,3384,,25.4745049,81.8581387,,,,,0,,,0
681,3445,,24.9521117,67.1270488,,,,,0,,,0
682,3443,"[\""3447\""]",28.5880236,77.3704052,,,,,0,,,0
683,3446,,28.7161986,77.330528,,,,,0,,,0
684,3451,,28.7263976,77.0927793,,,,,0,,,0
685,3454,,,,,,,,0,,,0
686,3453,,28.6594194,77.1623502,,,,,0,,,0
687,3455,,25.987523,79.4488695,,,,,0,,,0
688,3456,,28.5355161,77.3910265,,,,,0,,,0
689,3457,,,,,,,,0,,,0
690,3463,,28.4714935,77.087238,,,,,0,,,0
691,3466,,,,,,,,0,,,0
692,3473,,28.4797984,77.5060438,,,,,0,,,0
693,3479,,22.5383633,88.3679966,,,,,0,,,0
694,3485,,18.7545104,73.8609552,,,,,0,,,0
695,3492,,22.7480466,75.8962942,,,,,0,,,0
696,3490,,11.6531602,78.1479647,,,,,0,,,0
697,3494,,28.7137498,77.3293914,,,,,0,,,0
698,3497,,28.6195574,77.0549901,,,,,0,,,0
699,3501,,,,,,,,0,,,0
700,3505,,26.1104478,83.2689643,,,,,0,,,0
701,3507,,25.2867411,80.5743969,,,,,0,,,0
702,3471,,,,,,,,0,,,0
703,3508,,27.5491544,76.5979445,,,,,0,,,0
704,3510,,26.7702815,83.2138868,,,,,0,,,0
705,3516,,28.3476422,77.3346269,,,,,0,,,0
706,3519,,,,,,,,0,,,0
707,3527,,28.5636272,77.3725608,,,,,0,,,0
708,3530,,,,,,,,0,,,0
709,3531,,,,,,,,0,,,0
710,3534,,,,,,,,0,,,0
711,3535,,25.5505976,82.0802059,,,,,0,,,0
712,3537,,28.7145163,77.2128232,,,,,0,,,0
713,3499,,28.679214,77.3112694,,,,,0,,,0
714,3541,,22.6905323,75.819062,,,,,0,,,0
715,3540,,28.6823187,77.282117,,,,,0,,,0
716,3546,,28.5541284,77.3798142,,,,,0,,,0
717,3547,,30.7046486,76.7178726,,,,,0,,,0
718,3553,,,,,,,,0,,,0
719,3551,,,,,,,,0,,,0
720,3557,,17.3848738,78.4144371,,,,,0,,,0
721,3562,,23.2148413,77.4601581,,,,,0,,,0
722,3570,,23.3770902,85.3167527,,,,,0,,,0
723,3568,,21.150808,79.151745,,,,,0,,,0
724,3577,,,,,,,,0,,,0
725,3583,,27.9858779,77.3342947,,,,,0,,,0
726,3584,,28.6139298,77.2088282,,,,,0,,,0
727,3603,,,,,,,,0,,,0
728,3604,,18.6704697,74.1485982,,,,,0,,,0
729,3605,,25.1536258,73.0833721,,,,,0,,,0
730,3607,,28.6230719,77.0277157,,,,,0,,,0
731,3613,,27.158974,78.055001,,,,,0,,,0
732,3617,,,,,,,,0,,,0
733,3620,,,,,,,,0,,,0
734,3625,,19.2280173,73.0834606,,,,,0,,,0
735,3629,,23.2194907,77.4770089,,,,,0,,,0
736,3639,,28.5247041,77.252696,,,,,0,,,0
737,3638,,21.3589397,74.2524795,,,,,0,,,0
738,3643,,29.2111663,79.4903564,,,,,0,,,0
739,3640,,28.5859069,77.3324988,,,,,0,,,0
740,3649,,28.4796743,77.082438,,,,,0,,,0
741,3651,,,,,,,,0,,,0
742,3650,,28.4763556,77.494402,,,,,0,,,0
743,3652,,18.5904779,73.7271909,,,,,0,,,0
744,3656,,,,,,,,0,,,0
745,3657,,,,,,,,0,,,0
746,3660,,26.8176736,75.8617171,,,,,0,,,0
747,3663,,19.2176849,73.1424085,,,,,0,,,0
748,3664,,26.752645,83.9206073,,,,,0,,,0
749,3668,,,,,,,,0,,,0
750,3670,,28.6433358,77.3826845,,,,,0,,,0
751,3675,,,,,,,,0,,,0
752,3679,,23.1835555,77.4926245,,,,,0,,,0
753,3688,,,,,,,,0,,,0
754,3694,,28.6590525,77.4049277,,,,,0,,,0
755,3684,,17.4442019,78.3859766,,,,,0,,,0
756,3697,,28.8566912,77.5253962,,,,,0,,,0
757,3704,,,,,,,,0,,,0
758,3713,,,,,,,,0,,,0
759,3715,,,,,,,,0,,,0
760,3724,,26.5886976,85.5012971,,,,,0,,,0
761,3727,,28.475251,77.0793845,,,,,0,,,0
762,3726,,28.9823175,77.0360509,,,,,0,,,0
763,3733,,,,,,,,0,,,0
764,3730,,,,,,,,0,,,0
765,3736,,30.7130705,76.8340361,,,,,0,,,0
766,3735,,28.7040592,77.1024902,,,,,0,,,0
767,3739,,28.8851663,77.8934215,,,,,0,,,0
768,3745,,28.5694398,77.437059,,,,,0,,,0
769,3751,,,,,,,,0,,,0
770,3758,,,,,,,,0,,,0
771,3764,,26.9633464,75.7445543,,,,,0,,,0
772,3772,,17.3695234,78.5259755,,,,,0,,,0
773,3770,,28.672818,77.3862836,,,,,0,,,0
774,3779,,28.5399515,77.2591579,,,,,0,,,0
775,3788,,,,,,,,0,,,0
776,3797,,18.5493214,73.9315733,,,,,0,,,0
777,2916,,,,,,,,0,,,0
778,3802,,28.6531907,77.3529947,,,,,0,,,0
779,3806,,19.0226771,72.87112,,,,,0,,,0
780,3612,,28.3668817,79.4410325,,,,,0,,,0
781,3815,,28.4621309,77.5633748,,,,,0,,,0
782,3826,,19.1503529,72.8373754,,,,,0,,,0
783,3814,,19.8500665,75.2661052,,,,,0,,,0
784,3836,,,,,,,,0,,,0
785,3842,,,,,,,,0,,,0
786,3844,,28.355766,79.4377543,,,,,0,,,0
787,3852,,,,,,,,0,,,0
788,3854,,21.2115707,79.0605855,,,,,0,,,0
789,3855,,25.4030622,80.6080335,,,,,0,,,0
790,3861,,28.5687238,77.2209661,,,,,0,,,0
791,3865,,28.2041803,76.8217197,,,,,0,,,0
792,3873,,18.6148698,73.8729867,,,,,0,,,0
793,3874,,18.5207874,73.7772935,,,,,0,,,0
794,3875,,19.1726376,72.9415351,,,,,0,,,0
795,3884,,15.8329511,74.5148566,,,,,0,,,0
796,3888,,,,,,,,0,,,0
797,3887,,22.9729663,76.0648053,,,,,0,,,0
798,3886,,17.435897,78.4370699,,,,,0,,,0
799,3896,,28.3629015,77.2903259,,,,,0,,,0
800,3898,,28.4834171,77.0290995,,,,,0,,,0
801,3908,,22.729539,75.8726396,,,,,0,,,0
802,3911,,28.5561718,77.1685737,,,,,0,,,0
803,3927,,25.4420111,81.8364392,,,,,0,,,0
804,3900,,28.9614895,77.6972729,,,,,0,,,0
805,3937,,,,,,,,0,,,0
806,3943,,18.5807719,73.9787063,,,,,0,,,0
807,3938,,15.8734745,74.5350423,,,,,0,,,0
808,3946,,28.6148303,77.3770189,,,,,0,,,0
809,3950,,28.5532203,77.1745067,,,,,0,,,0
810,3957,,28.5626444,77.219678,,,,,0,,,0
811,3962,,28.6209681,77.3811702,,,,,0,,,0
812,3979,,22.3000395,73.2064994,,,,,0,,,0
813,3977,,28.4596893,77.0550437,,,,,0,,,0
814,3993,,20.3831724,78.1330663,,,,,0,,,0
815,4005,,24.3170487,79.1246109,,,,,0,,,0
816,4015,,18.5559345,73.756368,,,,,0,,,0
817,4019,,,,,,,,0,,,0
818,4017,,18.4646316,73.8602841,,,,,0,,,0
819,4031,,25.3176452,82.9739144,,,,,0,,,0
820,4035,,28.9815603,77.2909126,,,,,0,,,0
821,4033,,22.5743545,88.3628734,,,,,0,,,0
822,4062,,18.5555309,73.9274717,,,,,0,,,0
823,4068,,19.119243,72.869548,,,,,0,,,0
824,4071,,28.6469021,77.4067172,,,,,0,,,0
825,4073,,,,,,,,0,,,0
826,4075,,28.5888984,77.3223769,,,,,0,,,0
827,4082,,18.4864727,73.796834,,,,,0,,,0
828,4083,,12.968727,77.5442276,,,,,0,,,0
829,4091,,,,,,,,0,,,0
830,4057,,28.5411219,77.1894934,,,,,0,,,0
831,4098,,26.598331,85.496199,,,,,0,,,0
832,4108,,28.6508353,77.267595,,,,,0,,,0
833,4112,,17.3716458,78.4909767,,,,,0,,,0
834,4119,,27.5695141,77.6589354,,,,,0,,,0
835,4125,,17.4415265,78.4370684,,,,,0,,,0
836,4133,,17.3869906,78.5261043,,,,,0,,,0
837,4138,,28.7134753,77.06652,,,,,0,,,0
838,4137,,29.9680035,77.5552066,,,,,0,,,0
839,4140,,28.7040592,77.1024902,,,,,0,,,0
840,4148,,22.491232,70.068065,,,,,0,,,0
841,4152,,22.7195687,75.8577258,,,,,0,,,0
842,4162,,,,,,,,0,,,0
843,4163,,,,,,,,0,,,0
844,4165,,28.5798759,77.3561307,,,,,0,,,0
845,4170,,17.4196548,78.4990004,,,,,0,,,0
846,4178,,,,,,,,0,,,0
847,4205,,,,,,,,0,,,0
848,4207,,19.4563596,72.7924612,,,,,0,,,0
849,4209,,28.6274462,77.0042057,,,,,0,,,0
850,4223,,,,,,,,0,,,0
851,4216,,17.4806797,78.4831196,,,,,0,,,0
852,4234,,23.1718966,77.4168693,,,,,0,,,0
853,4253,,28.697195,77.0555469,,,,,0,,,0
854,4258,,17.46797,78.3029603,,,,,0,,,0
855,4255,,19.2938441,73.2017961,,,,,0,,,0
856,4262,,28.5099875,77.0255771,,,,,0,,,0
857,4284,,,,,,,,0,,,0
858,4285,,28.3636532,77.0219019,,,,,0,,,0
859,4290,,,,,,,,0,,,0
860,4298,,30.3041944,77.9995961,,,,,0,,,0
861,4305,,18.4956068,73.8345394,,,,,0,,,0
862,4318,,17.4531,78.43362,,,,,0,,,0
863,4312,,18.456677,73.8306278,,,,,0,,,0
864,4321,,19.2161427,73.0989616,,,,,0,,,0
865,4322,,,,,,,,0,,,0
866,4330,,28.6090126,76.9854526,,,,,0,,,0
867,4331,,23.1685786,79.9338798,,,,,0,,,0
868,4340,,28.5169378,77.1765548,,,,,0,,,0
869,4357,,30.3236745,78.0202522,,,,,0,,,0
870,4352,,16.5158877,80.6887084,,,,,0,,,0
871,4366,,18.4398063,73.8947705,,,,,0,,,0
872,4368,,,,,,,,0,,,0
873,4379,,,,,,,,0,,,0
874,4130,,19.1751679,72.8321155,,,,,0,,,0
875,4382,,28.5220971,77.2101534,,,,,0,,,0
876,4387,,,,,,,,0,,,0
877,4389,,18.6101113,73.7442859,,,,,0,,,0
878,4393,,,,,,,,0,,,0
879,4396,,21.1745556,79.1430299,,,,,0,,,0
880,4398,,18.4914883,73.821729,,,,,0,,,0
881,4397,,19.1143359,72.9340784,,,,,0,,,0
882,4404,,18.5246091,73.8786239,,,,,0,,,0
883,4405,,18.6804312,73.8266515,,,,,0,,,0
884,4411,,18.4649069,73.8841725,,,,,0,,,0
885,4410,,21.2513844,81.6296413,,,,,0,,,0
886,4300,,19.0912391,72.8989915,,,,,0,,,0
887,4426,,18.456677,73.8306278,,,,,0,,,0
888,4431,,18.6605121,78.1190863,,,,,0,,,0
889,4429,,18.4610969,73.8907789,,,,,0,,,0
890,4433,,17.7451607,83.3400299,,,,,0,,,0
891,4437,,,,,,,,0,,,0
892,4441,,,,,,,,0,,,0
893,4448,,28.5355161,77.3910265,,,,,0,,,0
894,4453,,13.0628422,77.499808,,,,,0,,,0
895,4457,,20.8095714,75.7787358,,,,,0,,,0
896,4464,,28.9954633,77.6503248,,,,,0,,,0
897,4471,,,,,,,,0,,,0
898,4474,,17.4419375,78.3119219,,,,,0,,,0
899,4482,,18.4864727,73.796834,,,,,0,,,0
900,4432,,,,,,,,0,,,0
901,4486,,21.5138766,82.1510452,,,,,0,,,0
902,4492,,18.5539311,73.9476257,,,,,0,,,0
903,4493,,22.2334465,84.8056024,,,,,0,,,0
904,4501,,,,,,,,0,,,0
905,4503,,18.5462313,73.903951,,,,,0,,,0
906,4509,,18.4587777,73.8426415,,,,,0,,,0
907,4525,,19.144954,72.9376594,,,,,0,,,0
908,4527,,19.0610917,72.8791602,,,,,0,,,0
909,4532,,,,,,,,0,,,0
910,4534,,26.1542045,85.8918454,,,,,0,,,0
911,4538,,25.4717588,78.5793568,,,,,0,,,0
912,4541,,17.3983774,78.5582652,,,,,0,,,0
913,4552,,28.737238,77.2544077,,,,,0,,,0
914,4557,,18.7483157,73.6901773,,,,,0,,,0
915,4480,,12.9628669,77.577509,,,,,0,,,0
916,4568,,19.1970968,73.0904421,,,,,0,,,0
917,4571,,28.4432166,76.9394988,,,,,0,,,0
918,4589,,20.8486757,78.712276,,,,,0,,,0
919,4592,,28.7156646,77.0885719,,,,,0,,,0
920,4577,,18.6177244,73.8178434,,,,,0,,,0
921,4600,,17.7367842,83.3218909,,,,,0,,,0
922,4598,,26.3967731,80.361167,,,,,0,,,0
923,4617,,28.4020188,77.0821851,,,,,0,,,0
924,4614,,28.4020188,77.0821851,,,,,0,,,0
925,4628,,,,,,,,0,,,0
926,4631,,18.4672703,78.8725843,,,,,0,,,0
927,4635,,,,,,,,0,,,0
928,4639,,28.4244603,77.0991242,,,,,0,,,0
929,4633,,17.3140543,78.4678255,,,,,0,,,0
930,4632,,28.6169474,77.3771649,,,,,0,,,0
931,4651,,28.4616923,77.0912767,,,,,0,,,0
932,4652,,29.0161504,77.6854711,,,,,0,,,0
933,4655,,28.4720271,77.0895421,,,,,0,,,0
934,4657,,18.5034875,73.8156817,,,,,0,,,0
935,4658,,28.4852347,77.0160131,,,,,0,,,0
936,4671,,28.4991447,77.1930761,,,,,0,,,0
937,4679,,23.1903531,79.9297637,,,,,0,,,0
938,4683,,15.8461409,74.5167291,,,,,0,,,0
939,4688,,28.7146959,77.1770461,,,,,0,,,0
940,4702,,25.4284691,81.8182485,,,,,0,,,0
941,4706,,,,,,,,0,,,0
942,4710,,28.5880236,77.3704052,,,,,0,,,0
943,4711,,28.6756862,77.2596337,,,,,0,,,0
944,4713,,18.508934,73.9259102,,,,,0,,,0
945,4716,,28.5958121,77.382458,,,,,0,,,0
946,4720,,28.4374374,77.058575,,,,,0,,,0
947,4722,,,,,,,,0,,,0
948,4723,,28.3986189,76.938379,,,,,0,,,0
949,4724,,28.4038421,77.3467199,,,,,0,,,0
950,4732,,30.3436005,78.043795,,,,,0,,,0
951,4736,,28.448479,77.0758733,,,,,0,,,0
952,4738,,28.4669058,77.0662896,,,,,0,,,0
953,4739,,28.4354267,77.3143303,,,,,0,,,0
954,4737,,28.5514267,77.3511063,,,,,0,,,0
955,4743,,,,,,,,0,,,0
956,4745,,28.4629171,77.0772455,,,,,0,,,0
957,4758,,18.0006453,79.6158849,,,,,0,,,0
958,4757,,,,,,,,0,,,0
959,4729,,28.4594965,77.0266383,,,,,0,,,0
960,4771,,28.7432196,77.1977785,,,,,0,,,0
961,4762,,16.5733429,74.4840676,,,,,0,,,0
962,4784,,,,,,,,0,,,0
963,4780,,21.3025797,76.2281586,,,,,0,,,0
964,4385,,18.5246091,73.8786239,,,,,0,,,0
965,4793,,28.5105288,77.2297379,,,,,0,,,0
966,4800,,18.4738967,73.8868559,,,,,0,,,0
967,4804,,28.197282,76.8108418,,,,,0,,,0
968,4806,,19.227672,72.8665546,,,,,0,,,0
969,4819,,17.4490568,78.3927348,,,,,0,,,0
970,4820,,28.5617576,77.2254266,,,,,0,,,0
971,4824,,29.2182644,79.5129767,,,,,0,,,0
972,4831,,,,,,,,0,,,0
973,4836,,19.6745977,78.5362706,,,,,0,,,0
974,4844,,28.5199606,77.2569072,,,,,0,,,0
975,4851,,,,,,,,0,,,0
976,4853,,28.4594965,77.0266383,,,,,0,,,0
977,4856,,,,,,,,0,,,0
978,4860,,,,,,,,0,,,0
979,4864,,21.2400311,76.0333885,,,,,0,,,0
980,4871,,,,,,,,0,,,0
981,4873,,19.1802594,72.86128,,,,,0,,,0
982,4875,,32.004712,76.5267847,,,,,0,,,0
983,4914,,,,,,,,0,,,0
984,4917,,,,,,,,0,,,0
985,4919,,,,,,,,0,,,0
986,4920,,18.5625986,73.8523582,,,,,0,,,0
987,4930,,28.6460176,77.3695166,,,,,0,,,0
988,4936,,17.440367,78.4241015,,,,,0,,,0
989,4940,,18.5526542,73.9400052,,,,,0,,,0
990,4941,,17.5641438,78.4376862,,,,,0,,,0
991,4953,,19.0744857,72.9977841,,,,,0,,,0
992,4965,,,,,,,,0,,,0
993,4966,,18.6197812,73.7492567,,,,,0,,,0
994,4970,,,,,,,,0,,,0
995,4984,,22.4696035,88.311334,,,,,0,,,0
996,4995,,28.4720271,77.0895421,,,,,0,,,0
997,4996,,28.4594965,77.0266383,,,,,0,,,0
998,5008,,,,,,,,0,,,0
999,5006,,26.449923,80.3318736,,,,,0,,,0
1000,5014,"[\""2\"",\""13\""]",28.545425,77.273525,,"[\""2\"",\""1\""]","[\""1255\"",\""15186\""]",,0,,,0
1001,5012,,17.480277,78.585157,,,,,0,,,0
1002,5010,,23.2599333,77.412615,,,,,0,,,0
1003,5017,,28.6691565,77.4537578,,,,,0,,,0
1004,5019,,26.449923,80.3318736,,,,,0,,,0
1005,5030,,28.7093202,77.2138443,,,,,0,,,0
1006,5036,,26.7296632,88.4180713,,,,,0,,,0
1007,5042,,18.5912716,73.738909,,,,,0,,,0
1008,5038,,28.671865,77.1812187,,,,,0,,,0
1009,5044,,16.6993263,74.2243312,,,,,0,,,0
1010,5048,,,,,,,,0,,,0
1011,5064,,19.7982531,72.7518682,,,,,0,,,0
1012,5072,,25.579408,85.2204145,,,,,0,,,0
1013,5077,,,,,,,,0,,,0
1014,5083,,23.0833869,72.6204932,,,,,0,,,0
1015,5084,,26.7605545,83.3731675,,,,,0,,,0
1016,5086,,17.3845039,78.4517485,,,,,0,,,0
1017,5079,,21.1904494,81.2849169,,,,,0,,,0
1018,5091,,18.4413564,73.8492576,,,,,0,,,0
1019,5093,,26.799892,75.81267,,,,,0,,,0
1020,5096,,26.3967731,80.361167,,,,,0,,,0
1021,5099,,,,,,,,0,,,0
1022,5104,,,,,,,,0,,,0
1023,5106,,28.4374374,77.058575,,,,,0,,,0
1024,5103,,28.448479,77.0758733,,,,,0,,,0
1025,4843,,,,,,,,0,,,0
1026,5111,,20.5479171,78.8452251,,,,,0,,,0
1027,5135,,,,,,,,0,,,0
1028,5136,,,,,,,,0,,,0
1029,5140,,18.5642452,73.7768511,,,,,0,,,0
1030,5144,,,,,,,,0,,,0
1031,5145,,19.187281,72.8596344,,,,,0,,,0
1032,5146,,26.8466937,80.946166,,,,,0,,,0
1033,5149,,,,,,,,0,,,0
1034,5153,,18.5620722,73.764507,,,,,0,,,0
1035,5165,,17.4875418,78.3953462,,,,,0,,,0
1036,5168,,,,,,,,0,,,0
1037,5175,,18.4600108,73.7900982,,,,,0,,,0
1038,5187,,18.5246091,73.8786239,,,,,0,,,0
1039,5186,,28.4469327,77.0106184,,,,,0,,,0
1040,5198,,17.4252667,78.5834729,,,,,0,,,0
1041,5206,,,,,,,,0,,,0
1042,5209,,28.4594965,77.0266383,,,,,0,,,0
1043,5213,,,,,,,,0,,,0
1044,5221,,,,,,,,0,,,0
1045,5226,,28.5791808,77.2395517,,,,,0,,,0
1046,5227,,19.0427504,72.870748,,,,,0,,,0
1047,5234,,,,,,,,0,,,0
1048,5238,,28.4374374,77.058575,,,,,0,,,0
1049,5247,,28.4594965,77.0266383,,,,,0,,,0
1050,5250,,28.3986189,76.938379,,,,,0,,,0
1051,5255,,26.3967731,80.361167,,,,,0,,,0
1052,5258,,26.4317102,80.309662,,,,,0,,,0
1053,5264,,17.400854,78.4076841,,,,,0,,,0
1054,5284,,17.4631684,78.3563913,,,,,0,,,0
1055,5290,,,,,,,,0,,,0
1056,5285,,,,,,,,0,,,0
1057,5298,,,,,,,,0,,,0
1058,5294,,18.995376,72.822635,,,,,0,,,0
1059,5318,,,,,,,,0,,,0
1060,5333,,,,,,,,0,,,0
1061,5349,,28.4139095,77.0885944,,,,,0,,,0
1062,5348,,28.3924859,77.0540907,,,,,0,,,0
1063,5347,,28.4139095,77.0885944,,,,,0,,,0
1064,5346,,17.4442019,78.3859766,,,,,0,,,0
1065,5344,,28.4139095,77.0885944,,,,,0,,,0
1066,5342,,28.627981,77.3648567,,,,,0,,,0
1067,5352,,18.4882495,73.9499426,,,,,0,,,0
1068,5351,,28.4215253,77.3395288,,,,,0,,,0
1069,5358,,,,,,,,0,,,0
1070,5360,,,,,,,,0,,,0
1071,4030,,28.6235584,77.052759,,,,,0,,,0
1072,5365,,28.4629171,77.0772455,,,,,0,,,0
1073,5366,,18.5246091,73.8786239,,,,,0,,,0
1074,5374,,18.5689462,73.7626474,,,,,0,,,0
1075,5383,,28.5914547,77.0492504,,,,,0,,,0
1076,5382,,26.8775967,80.8791329,,,,,0,,,0
1077,5395,,,,,,,,0,,,0
1078,5397,,17.4125847,78.5053248,,,,,0,,,0
1079,5391,,16.5061743,80.6480153,,,,,0,,,0
1080,5407,,15.5049976,80.0340515,,,,,0,,,0
1081,5431,,,,,,,,0,,,0
1082,5435,,28.6139298,77.2088282,,,,,0,,,0
1083,5437,,17.4541268,78.3659522,,,,,0,,,0
1084,5439,,28.8907176,76.5859605,,,,,0,,,0
1085,5445,,29.1699976,79.5224048,,,,,0,,,0
1086,5446,,28.4909008,77.5096278,,,,,0,,,0
1087,5452,,,,,,,,0,,,0
1088,5451,,17.4746367,78.3867758,,,,,0,,,0
1089,5455,,28.6195574,77.0549901,,,,,0,,,0
1090,5466,,28.4745345,77.0262205,,,,,0,,,0
1091,5467,,28.4756706,77.0391967,,,,,0,,,0
1092,5474,,28.4472372,77.0406147,,,,,0,,,0
1093,5475,,,,,,,,0,,,0
1094,5478,,28.4621359,77.0463719,,,,,0,,,0
1095,5479,,28.4594965,77.0266383,,,,,0,,,0
1096,5480,,28.4374374,77.058575,,,,,0,,,0
1097,5477,,28.4710811,77.0454144,,,,,0,,,0
1098,5481,,28.4472372,77.0406147,,,,,0,,,0
1099,5482,,28.4348214,77.0839526,,,,,0,,,0
1100,5488,,26.2144806,81.2528139,,,,,0,,,0
1101,5500,,25.3176452,82.9739144,,,,,0,,,0
1102,5506,,26.449923,80.3318736,,,,,0,,,0
1103,5508,,32.7590377,75.3524515,,,,,0,,,0
1104,5507,,22.5967125,88.3397298,,,,,0,,,0
1105,5501,,26.449923,80.3318736,,,,,0,,,0
1106,5510,,17.3993122,78.5006585,,,,,0,,,0
1107,5522,,,,,,,,0,,,0
1108,5530,,27.1094377,78.1393397,,,,,0,,,0
1109,5532,,,,,,,,0,,,0
1110,5528,,18.9908177,72.8382547,,,,,0,,,0
1111,5537,,,,,,,,0,,,0
1112,5546,,17.3998591,78.4073953,,,,,0,,,0
1113,5557,,18.6010921,73.7641245,,,,,0,,,0
1114,5559,,23.2836002,77.4642267,,,,,0,,,0
1115,5563,,28.507241,77.0640486,,,,,0,,,0
1116,5553,,28.6442163,77.2860408,,,,,0,,,0
1117,5566,,28.507241,77.0640486,,,,,0,,,0
1118,5569,,28.455543,77.0224362,,,,,0,,,0
1119,5570,,28.4293894,77.0048023,,,,,0,,,0
1120,5580,,28.4379091,77.0785479,,,,,0,,,0
1121,5579,,25.3824175,82.6517201,,,,,0,,,0
1122,5578,,28.798299,79.0220287,,,,,0,,,0
1123,5576,,28.4472372,77.0406147,,,,,0,,,0
1124,5504,,26.4011679,80.3491947,,,,,0,,,0
1125,5582,,28.4472372,77.0406147,,,,,0,,,0
1126,5581,,27.1766701,78.0080745,,,,,0,,,0
1127,5587,,28.4999915,77.2342061,,,,,0,,,0
1128,5511,,18.5613957,73.9386154,,,,,0,,,0
1129,5592,,28.4756705,77.1031525,,,,,0,,,0
1130,5590,,28.4689872,77.0991508,,,,,0,,,0
1131,5583,,28.4864764,77.004711,,,,,0,,,0
1132,5599,,20.7688529,78.6049152,,,,,0,,,0
1133,5609,,28.7643079,77.4723483,,,,,0,,,0
1134,5615,,19.7114913,74.4836078,,,,,0,,,0
1135,5628,,19.1929422,72.9443559,,,,,0,,,0
1136,5631,,28.7095346,77.1887698,,,,,0,,,0
1137,5634,,27.2062953,78.027387,,,,,0,,,0
1138,5637,,28.6275609,77.2784081,,,,,0,,,0
1139,5646,,18.6404915,74.0512177,,,,,0,,,0
1140,5647,,,,,,,,0,,,0
1141,5650,,28.4371474,77.0550072,,,,,0,,,0
1142,5649,,28.6539087,77.2712102,,,,,0,,,0
1143,5652,,17.4969485,78.4223748,,,,,0,,,0
1144,5656,,27.1291159,78.0100176,,,,,0,,,0
1145,5667,,19.1024466,72.9199649,,,,,0,,,0
1146,5678,,28.0157602,76.6196097,,,,,0,,,0
1147,5677,,27.1745054,77.9945633,,,,,0,,,0
1148,5689,,18.5420928,73.8816001,,,,,0,,,0
1149,5695,,28.4977694,77.0446118,,,,,0,,,0
1150,5704,,15.5260565,73.8268197,,,,,0,,,0
1151,5703,,13.0353557,77.5987874,,,,,0,,,0
1152,5712,,26.904726,75.7521214,,,,,0,,,0
1153,5721,,,,,,,,0,,,0
1154,5730,,17.2628281,78.3857081,,,,,0,,,0
1155,5735,,,,,,,,0,,,0
1156,5737,,,,,,,,0,,,0
1157,5743,,,,,,,,0,,,0
1158,5747,,28.7136697,77.0981743,,,,,0,,,0
1159,5751,,18.4447488,79.1421797,,,,,0,,,0
1160,5756,,18.5246091,73.8786239,,,,,0,,,0
1161,5764,,,,,,,,0,,,0
1162,5768,,,,,,,,0,,,0
1163,5779,,18.6320627,73.8467978,,,,,0,,,0
1164,5792,,18.4914883,73.821729,,,,,0,,,0
1165,5793,,28.8344396,77.5698527,,,,,0,,,0
1166,5795,,27.5625106,78.6654148,,,,,0,,,0
1167,5804,,28.5325699,77.3107431,,,,,0,,,0
1168,5813,,,,,,,,0,,,0
1169,5809,,18.5901829,73.8632243,,,,,0,,,0
1170,5821,,27.8923031,76.1095105,,,,,0,,,0
1171,5818,,28.570317,77.3218196,,,,,0,,,0
1172,5832,,28.448479,77.0758733,,,,,0,,,0
1173,5831,,28.4594965,77.0266383,,,,,0,,,0
1174,5833,,,,,,,,0,,,0
1175,5836,,28.4652778,77.0269326,,,,,0,,,0
1176,5838,,18.5246091,73.8786239,,,,,0,,,0
1177,5839,,,,,,,,0,,,0
1178,5845,,28.4728421,77.0864614,,,,,0,,,0
1179,5847,,28.4346993,77.0430483,,,,,0,,,0
1180,5844,,28.5754899,77.2273691,,,,,0,,,0
1181,5620,,18.5246091,73.8786239,,,,,0,,,0
1182,5853,,28.4498494,77.0566887,,,,,0,,,0
1183,5854,,28.5632558,77.3586428,,,,,0,,,0
1184,5877,,,,,,,,0,,,0
1185,5880,,26.419773,80.3842707,,,,,0,,,0
1186,5889,,29.01489,77.7094375,,,,,0,,,0
1187,5892,,,,,,,,0,,,0
1188,5916,,23.0356283,72.5144055,,,,,0,,,0
1189,5914,,28.6195574,77.0549901,,,,,0,,,0
1190,5924,,16.3001203,80.4675263,,,,,0,,,0
1191,5925,,28.7047886,77.2670954,,,,,0,,,0
1192,5945,,28.4977871,77.1891585,,,,,0,,,0
1193,5950,,,,,,,,0,,,0
1194,5951,,,,,,,,0,,,0
1195,5965,,21.1873778,80.7576572,,,,,0,,,0
1196,5978,,28.474282,77.3012018,,,,,0,,,0
1197,5975,,28.7473999,77.1323373,,,,,0,,,0
1198,5988,,16.5142013,80.7057622,,,,,0,,,0
1199,5987,,,,,,,,0,,,0
1200,5991,,29.3261921,77.8327667,,,,,0,,,0
1201,5989,,19.7805221,72.7836654,,,,,0,,,0
1202,5992,,28.4472372,77.0406147,,,,,0,,,0
1203,5998,,28.4629171,77.0772455,,,,,0,,,0
1204,6000,,27.4806945,77.7424104,,,,,0,,,0
1205,6006,,28.4594965,77.0266383,,,,,0,,,0
1206,6005,,28.4281173,77.1100123,,,,,0,,,0
1207,6003,,28.4281173,77.1100123,,,,,0,,,0
1208,6008,,28.448479,77.0758733,,,,,0,,,0
1209,6012,,28.4420427,77.0206538,,,,,0,,,0
1210,6013,,28.4420427,77.0206538,,,,,0,,,0
1211,6018,,28.6582349,77.1432671,,,,,0,,,0
1212,6007,,28.3924859,77.0540907,,,,,0,,,0
1213,3710,,28.6301537,77.0715564,,,,,0,,,0
1214,6033,,18.5868593,73.7407524,,,,,0,,,0
1215,6038,,,,,,,,0,,,0
1216,6047,,16.4425858,81.8480922,,,,,0,,,0
1217,6046,,32.70632,74.8638299,,,,,0,,,0
1218,6049,,,,,,,,0,,,0
1219,6057,,,,,,,,0,,,0
1220,6078,,18.4864727,73.796834,,,,,0,,,0
1221,6079,,22.8283945,75.8612704,,,,,0,,,0
1222,6094,,27.1596397,78.4083949,,,,,0,,,0
1223,6099,,,,,,,,0,,,0
1224,6120,,12.951611,80.1461663,,,,,0,,,0
1225,6131,,,,,,,,0,,,0
1226,6132,,19.1787818,73.075452,,,,,0,,,0
1227,6141,,28.3903001,77.0751538,,,,,0,,,0
1228,6137,,28.4139095,77.0885944,,,,,0,,,0
1229,6136,,28.4139095,77.0885944,,,,,0,,,0
1230,6144,,18.5246091,73.8786239,,,,,0,,,0
1231,6150,,,,,,,,0,,,0
1232,6147,,28.4050436,77.0962693,,,,,0,,,0
1233,6145,,17.4239892,78.5680489,,,,,0,,,0
1234,6153,,29.4525208,77.314303,,,,,0,,,0
1235,6160,,,,,,,,0,,,0
1236,6162,,28.4472372,77.0406147,,,,,0,,,0
1237,6166,,28.4244603,77.0991242,,,,,0,,,0
1238,6168,,26.2186123,78.2219225,,,,,0,,,0
1239,6164,,28.6144645,77.0204624,,,,,0,,,0
1240,6181,,16.4310642,80.5669766,,,,,0,,,0
1241,6184,,28.3936162,76.9311761,,,,,0,,,0
1242,6186,,28.3935416,76.9599852,,,,,0,,,0
1243,6192,,28.4916399,77.3160363,,,,,0,,,0
1244,6194,,22.7425785,75.8939617,,,,,0,,,0
1245,6203,,28.9690889,77.6941793,,,,,0,,,0
1246,6201,,,,,,,,0,,,0
1247,6210,,22.9902982,72.3686877,,,,,0,,,0
1248,6213,,13.0472609,80.0945307,,,,,0,,,0
1249,6227,"[\""6228\""]",17.3892673,78.5295579,,,,,0,,,0
1250,6224,,27.182361,77.974173,,,,,0,,,0
1251,6229,,,,,,,,0,,,0
1252,3920,,27.1392398,78.0435052,,,,,0,,,0
1253,6237,,18.5323976,73.9440646,,,,,0,,,0
1254,6240,,,,,,,,0,,,0
1255,6248,,,,,,,,0,,,0
1256,6250,,28.5307812,77.2939981,,,,,0,,,0
1257,6247,,15.4867807,80.0828258,,,,,0,,,0
1258,6259,,28.4420427,77.0206538,,,,,0,,,0
1259,5034,,12.9346721,77.6092632,,,,,0,,,0
1260,6265,,28.4472372,77.0406147,,,,,0,,,0
1261,6273,,28.3858823,77.0607728,,,,,0,,,0
1262,6275,,28.3801295,76.9844677,,,,,0,,,0
1263,6278,,,,,,,,0,,,0
1264,6279,,28.4528403,77.0497982,,,,,0,,,0
1265,6280,,21.1556141,79.1086967,,,,,0,,,0
1266,6285,,28.4030424,77.0690052,,,,,0,,,0
1267,6288,,28.4420427,77.0206538,,,,,0,,,0
1268,6202,,17.4142619,78.4404728,,,,,0,,,0
1269,6295,,17.375575,78.4421555,,,,,0,,,0
1270,6300,,26.8434346,81.0224849,,,,,0,,,0
1271,2966,,17.406498,78.4772439,,,,,0,,,0
1272,6302,,28.837888,78.7489422,,,,,0,,,0
1273,4311,,26.9350198,83.6441532,,,,,0,,,0
1274,6309,,27.1947112,77.9792689,,,,,0,,,0
1275,6311,,,,,,,,0,,,0
1276,6306,,28.6699586,77.090329,,,,,0,,,0
1277,6313,,,,,,,,0,,,0
1278,6321,,,,,,,,0,,,0
1279,6327,,,,,,,,0,,,0
1280,6333,,,,,,,,0,,,0
1281,6335,,28.4645989,79.3042264,,,,,0,,,0
1282,6334,,12.956924,77.701127,,,,,0,,,0
1283,6346,,28.4822114,77.1037233,,,,,0,,,0
1284,6326,,21.2172186,79.1922377,,,,,0,,,0
1285,6351,,,,,,,,0,,,0
1286,6352,,17.4475019,78.3938391,,,,,0,,,0
1287,6358,,18.6124747,73.7154215,,,,,0,,,0
1288,6359,,28.3557236,77.2935566,,,,,0,,,0
1289,6365,,,,,,,,0,,,0
1290,6374,,,,,,,,0,,,0
1291,6385,,,,,,,,0,,,0
1292,6386,,19.8982102,75.3624525,,,,,0,,,0
1293,6392,,27.1214335,78.0146946,,,,,0,,,0
1294,6391,,28.47807,77.3049,,,,,0,,,0
1295,6413,,28.4139095,77.0885944,,,,,0,,,0
1296,6416,,28.4030424,77.0690052,,,,,0,,,0
1297,6417,,28.3801295,76.9844677,,,,,0,,,0
1298,6414,,28.4139095,77.0885944,,,,,0,,,0
1299,6423,,28.3935681,76.9985646,,,,,0,,,0
1300,6421,,26.752188,79.2210936,,,,,0,,,0
1301,6425,,28.3935681,76.9985646,,,,,0,,,0
1302,6420,,28.3971448,77.0866646,,,,,0,,,0
1303,6437,,25.7811397,84.7543413,,,,,0,,,0
1304,6442,,28.4472372,77.0406147,,,,,0,,,0
1305,6440,,28.5079953,77.1981468,,,,,0,,,0
1306,6453,,28.4281173,77.1100123,,,,,0,,,0
1307,6460,,13.0370028,77.64866,,,,,0,,,0
1308,6469,,,,,,,,0,,,0
1309,6474,,13.6139086,79.3646299,,,,,0,,,0
1310,6473,,18.4453765,73.8665321,,,,,0,,,0
1311,6485,,17.4552122,78.3910916,,,,,0,,,0
1312,6489,,12.984048,77.7481552,,,,,0,,,0
1313,6504,,10.9515682,78.441934,,,,,0,,,0
1314,6506,,26.868979,75.7524117,,,,,0,,,0
1315,6508,,28.4738044,77.0106761,,,,,0,,,0
1316,6032,,28.5388659,77.3396212,,,,,0,,,0
1317,6525,,23.074127,72.5300964,,,,,0,,,0
1318,6534,,19.1869395,73.0477775,,,,,0,,,0
1319,6531,,28.66155,77.173511,,,,,0,,,0
1320,6538,,51.5115535,-0.3774775,,,,,0,,,0
1321,6542,,25.3065033,88.5710266,,,,,0,,,0
1322,6543,,,,,,,,0,,,0
1323,6548,,12.9754605,80.2207047,,,,,0,,,0
1324,6550,,28.4354839,77.037736,,,,,0,,,0
1325,6553,,28.7107424,77.1794302,,,,,0,,,0
1326,6555,,29.8768041,77.779537,,,,,0,,,0
1327,6559,,,,,,,,0,,,0
1328,6568,,18.5479704,73.9225028,,,,,0,,,0
1329,6572,,18.6342683,73.8069899,,,,,0,,,0
1330,6574,,29.1354856,77.020608,,,,,0,,,0
1331,6564,,17.4188718,78.5676728,,,,,0,,,0
1332,6582,,17.4271377,78.3261221,,,,,0,,,0
1333,6587,,19.2196507,72.8533941,,,,,0,,,0
1334,6597,,30.9661003,76.5230961,,,,,0,,,0
1335,6603,,28.3888404,76.9189301,,,,,0,,,0
1336,6606,,27.1367245,77.7852575,,,,,0,,,0
1337,6610,,28.4594965,77.0266383,,,,,0,,,0
1338,6613,,20.7602555,73.0568149,,,,,0,,,0
1339,6616,,28.9930823,77.0150735,,,,,0,,,0
1340,6618,,28.4374374,77.058575,,,,,0,,,0
1341,6617,,28.4629171,77.0772455,,,,,0,,,0
1342,6623,,18.9103689,72.8197581,,,,,0,,,0
1343,6624,,,,,,,,0,,,0
1344,6626,,13.0326328,77.6583345,,,,,0,,,0
1345,6628,,,,,,,,0,,,0
1346,6639,,23.5445509,73.2286169,,,,,0,,,0
1347,6645,,,,,,,,0,,,0
1348,6650,,30.3246288,78.0420663,,,,,0,,,0
1349,6660,,13.1072623,77.563326,,,,,0,,,0
1350,6661,,17.4966976,78.3616081,,,,,0,,,0
1351,6670,,18.4948867,73.9548904,,,,,0,,,0
1352,6674,,16.8665214,74.5963707,,,,,0,,,0
1353,6684,,18.6457648,74.0605289,,,,,0,,,0
1354,6690,,17.5032886,78.4799412,,,,,0,,,0
1355,6694,,25.221194,85.7298055,,,,,0,,,0
1356,6689,,18.5807719,73.9787063,,,,,0,,,0
1357,6702,,,,,,,,0,,,0
1358,6712,,27.2112597,77.9893943,,,,,0,,,0
1359,6722,,16.532829,80.643097,,,,,0,,,0
1360,6729,,,,,,,,0,,,0
1361,6711,,,,,,,,0,,,0
1362,6664,,12.9155583,77.5932668,,,,,0,,,0
1363,6734,,28.3670355,79.4304381,,,,,0,,,0
1364,6735,,,,,,,,0,,,0
1365,6330,,28.9793717,79.4179296,,,,,0,,,0
1366,6756,,,,,,,,0,,,0
1367,6757,,11.3427482,76.6371489,,,,,0,,,0
1368,6759,,,,,,,,0,,,0
1369,6763,,28.595002,77.092059,,,,,0,,,0
1370,6778,,17.4447068,78.4663812,,,,,0,,,0
1371,6798,,,,,,,,0,,,0
1372,6811,,23.8080568,86.3541357,,,,,0,,,0
1373,6818,,26.8999277,80.9679796,,,,,0,,,0
1374,6824,,,,,,,,0,,,0
1375,6823,,,,,,,,0,,,0
1376,6825,,22.4763526,88.0897934,,,,,0,,,0
1377,6831,,,,,,,,0,,,0
1378,6845,,23.0652389,72.632191,,,,,0,,,0
1379,6853,,28.448479,77.0758733,,,,,0,,,0
1380,6861,,28.3935681,76.9985646,,,,,0,,,0
1381,6859,,28.4030424,77.0690052,,,,,0,,,0
1382,6857,,28.448479,77.0758733,,,,,0,,,0
1383,6856,,28.4244603,77.0991242,,,,,0,,,0
1384,6855,,28.448479,77.0758733,,,,,0,,,0
1385,6852,,28.4594965,77.0266383,,,,,0,,,0
1386,6851,,28.4594965,77.0266383,,,,,0,,,0
1387,6863,,,,,,,,0,,,0
1388,6865,,28.3967953,77.0233415,,,,,0,,,0
1389,6864,,27.9336735,76.8540822,,,,,0,,,0
1390,6866,,,,,,,,0,,,0
1391,5654,,22.2449118,70.8178557,,,,,0,,,0
1392,6878,,27.1871977,78.0074086,,,,,0,,,0
1393,6884,,28.4495366,77.0472229,,,,,0,,,0
1394,6885,,13.0843007,80.2704622,,,,,0,,,0
1395,6896,,23.127865,73.519656,,,,,0,,,0
1396,6898,,28.4244603,77.0991242,,,,,0,,,0
1397,6900,,,,,,,,0,,,0
1398,6904,,28.4420427,77.0206538,,,,,0,,,0
1399,6907,,28.3924859,77.0540907,,,,,0,,,0
1400,6911,,,,,,,,0,,,0
1401,6901,,18.6013706,73.7868893,,,,,0,,,0
1402,6918,,22.9990031,72.6469926,,,,,0,,,0
1403,6917,,28.4618224,77.755937,,,,,0,,,0
1404,6909,,17.4485835,78.3908035,,,,,0,,,0
1405,6923,,,,,,,,0,,,0
1406,6924,,,,,,,,0,,,0
1407,6928,,28.4420427,77.0206538,,,,,0,,,0
1408,6937,,,,,,,,0,,,0
1409,6939,,16.3003005,80.458249,,,,,0,,,0
1410,6940,,,,,,,,0,,,0
1411,6942,,28.6790607,77.0274239,,,,,0,,,0
1412,6945,,12.8881385,77.6241547,,,,,0,,,0
1413,6953,,26.8626843,75.9101831,,,,,0,,,0
1414,6973,,,,,,,,0,,,0
1415,6974,,19.09587,72.8877994,,,,,0,,,0
1416,6982,,17.3876467,78.4396529,,,,,0,,,0
1417,6984,,,,,,,,0,,,0
1418,6986,,,,,,,,0,,,0
1419,6996,,18.479782,73.801872,,,,,0,,,0
1420,6999,,29.2204279,79.5272062,,,,,0,,,0
1421,7019,,28.4710811,77.0454144,,,,,0,,,0
1422,7026,,28.6320899,77.0070893,,,,,0,,,0
1423,7028,,11.8797372,75.3770694,,,,,0,,,0
1424,7027,,28.4710811,77.0454144,,,,,0,,,0
1425,7030,,28.3802449,77.0673669,,,,,0,,,0
1426,7031,,28.4244603,77.0991242,,,,,0,,,0
1427,7023,,28.4594965,77.0266383,,,,,0,,,0
1428,7022,,28.4374374,77.058575,,,,,0,,,0
1429,7021,,28.4594965,77.0266383,,,,,0,,,0
1430,7038,,28.4472372,77.0406147,,,,,0,,,0
1431,7040,,28.4244603,77.0991242,,,,,0,,,0
1432,7045,,17.4436798,78.4418629,,,,,0,,,0
1433,7046,,28.3924859,77.0540907,,,,,0,,,0
1434,7054,,28.4472372,77.0406147,,,,,0,,,0
1435,7058,,28.6275609,77.2784081,,,,,0,,,0
1436,7062,,,,,,,,0,,,0
1437,7070,,28.4743879,77.5039904,,,,,0,,,0
1438,7075,,26.3965788,80.360993,,,,,0,,,0
1439,7072,,12.9104743,77.4841775,,,,,0,,,0
1440,7087,,17.4325895,78.4275865,,,,,0,,,0
1441,7104,,,,,,,,0,,,0
1442,7109,,28.6726333,77.1183137,,,,,0,,,0
1443,7134,,,,,,,,0,,,0
1444,7143,,,,,,,,0,,,0
1445,7150,,,,,,,,0,,,0
1446,7153,,,,,,,,0,,,0
1447,7152,,17.325772,76.8137421,,,,,0,,,0
1448,7154,,13.0285133,77.5196763,,,,,0,,,0
1449,7171,,28.4332085,77.0019676,,,,,0,,,0
1450,7185,,25.9648124,84.7880377,,,,,0,,,0
1451,7187,,18.5240566,73.8646945,,,,,0,,,0
1452,7191,,18.4888958,73.8125842,,,,,0,,,0
1453,7194,,,,,,,,0,,,0
1454,7207,,21.1691424,79.0791229,,,,,0,,,0
1455,7001,,18.5290893,73.9363121,,,,,0,,,0
1456,7216,,,,,,,,0,,,0
1457,7217,,,,,,,,0,,,0
1458,7192,,17.4442019,78.3859766,,,,,0,,,0
1459,7234,,12.9421613,77.6205694,,,,,0,,,0
1460,7253,,12.9028322,77.6347766,,,,,0,,,0
1461,7255,,18.9781919,72.8197189,,,,,0,,,0
1462,7265,,28.6225691,77.0560866,,,,,0,,,0
1463,7267,,27.2069002,78.0288663,,,,,0,,,0
1464,7273,,28.6299672,77.435077,,,,,0,,,0
1465,7284,,,,,,,,0,,,0
1466,7285,,18.6279344,73.7932235,,,,,0,,,0
1467,7286,,26.2201164,78.1804521,,,,,0,,,0
1468,7287,,,,,,,,0,,,0
1469,7290,,17.4835394,78.3921733,,,,,0,,,0
1470,7303,,28.5353682,77.2486489,,,,,0,,,0
1471,7308,,28.4594965,77.0266383,,,,,0,,,0
1472,7311,,18.508934,73.9259102,,,,,0,,,0
1473,7319,,28.4472372,77.0406147,,,,,0,,,0
1474,7320,,28.453613,77.074975,,,,,0,,,0
1475,7322,,28.4472372,77.0406147,,,,,0,,,0
1476,7323,,28.4374374,77.058575,,,,,0,,,0
1477,7325,,28.6686603,77.3737143,,,,,0,,,0
1478,7328,,,,,,,,0,,,0
1479,7338,,28.6344775,77.0451287,,,,,0,,,0
1480,7342,,,,,,,,0,,,0
1481,7350,,28.446591,77.0659528,,,,,0,,,0
1482,7352,,,,,,,,0,,,0
1483,7357,,18.6774486,73.8801609,,,,,0,,,0
1484,7370,,18.5073514,73.8076543,,,,,0,,,0
1485,7381,,28.5463456,77.1275372,,,,,0,,,0
1486,4939,,18.5584186,73.926902,,,,,0,,,0
1487,7389,,,,,,,,0,,,0
1488,7390,,28.4354267,77.3143303,,,,,0,,,0
1489,7399,,,,,,,,0,,,0
1490,7411,,,,,,,,0,,,0
1491,7414,,28.9479064,77.7338592,,,,,0,,,0
1492,7427,,17.4195459,78.587265,,,,,0,,,0
1493,7440,,,,,,,,0,,,0
1494,7441,,18.6187304,73.7536695,,,,,0,,,0
1495,7434,,22.5036377,88.339146,,,,,0,,,0
1496,7451,,28.5421788,77.2567012,,,,,0,,,0
1497,7452,,18.5211419,73.963132,,,,,0,,,0
1498,7442,,28.3777481,77.2979111,,,,,0,,,0
1499,7463,,28.4472372,77.0406147,,,,,0,,,0
1500,7469,,28.518103,77.2709225,,,,,0,,,0
1501,7470,,28.4594965,77.0266383,,,,,0,,,0
1502,7478,,,,,,,,0,,,0
1503,7479,,27.2263843,78.2425418,,,,,0,,,0
1504,7472,,28.5121376,77.0477559,,,,,0,,,0
1505,7471,,12.9640988,77.6561525,,,,,0,,,0
1506,7484,,28.4462911,77.0231504,,,,,0,,,0
1507,7486,,28.5054381,77.0492504,,,,,0,,,0
1508,7488,,28.507243,77.0674481,,,,,0,,,0
1509,7483,,28.4594965,77.0266383,,,,,0,,,0
1510,7489,,28.4171926,76.9081238,,,,,0,,,0
1511,7495,,28.446591,77.0659528,,,,,0,,,0
1512,7496,,28.4420427,77.0206538,,,,,0,,,0
1513,7497,,28.507243,77.0674481,,,,,0,,,0
1514,7494,,28.5121376,77.0477559,,,,,0,,,0
1515,7500,,28.3836584,77.0636644,,,,,0,,,0
1516,7493,,28.5121376,77.0477559,,,,,0,,,0
1517,7492,,28.4244603,77.0991242,,,,,0,,,0
1518,7513,,27.3118613,78.6015672,,,,,0,,,0
1519,7519,,,,,,,,0,,,0
1520,7520,,,,,,,,0,,,0
1521,7532,,,,,,,,0,,,0
1522,7538,,28.4620198,77.0039643,,,,,0,,,0
1523,7543,,18.5179963,73.8117632,,,,,0,,,0
1524,7553,,28.46716,77.0818086,,,,,0,,,0
1525,7564,,18.1486337,73.9749912,,,,,0,,,0
1526,7574,,23.5839519,88.3553241,,,,,0,,,0
1527,7163,,,,,,,,0,,,0
1528,7592,,28.4414472,77.5261129,,,,,0,,,0
1529,5688,,24.5424364,73.700157,,,,,0,,,0
1530,7598,,,,,,,,0,,,0
1531,7604,,28.4720443,77.1329417,,,,,0,,,0
1532,7609,,28.5825273,77.3690496,,,,,0,,,0
1533,7610,,,,,,,,0,,,0
1534,7613,,,,,,,,0,,,0
1535,7617,,,,,,,,0,,,0
1536,7619,,28.553364,77.3372504,,,,,0,,,0
1537,7620,,,,,,,,0,,,0
1538,7631,,18.4428489,73.8098803,,,,,0,,,0
1539,7648,,,,,,,,0,,,0
1540,7658,,28.260961,76.799288,,,,,0,,,0
1541,7661,,12.9192617,77.6075224,,,,,0,,,0
1542,7662,,17.4164876,78.5135489,,,,,0,,,0
1543,7665,,,,,,,,0,,,0
1544,7681,,17.5630201,78.5558138,,,,,0,,,0
1545,7682,,28.7385812,77.1954453,,,,,0,,,0
1546,7687,,9.4175678,77.6006245,,,,,0,,,0
1547,7688,,27.6082613,78.0540493,,,,,0,,,0
1548,7697,,,,,,,,0,,,0
1549,4778,,28.2137129,76.8001136,,,,,0,,,0
1550,7715,,17.3457176,78.5522296,,,,,0,,,0
1551,7718,,28.6339528,77.0440365,,,,,0,,,0
1552,7727,,17.4297792,78.5269793,,,,,0,,,0
1553,7729,,28.416972307012,83.929966712921,,,,,0,,,0
1554,7730,,29.0661177,77.7103995,,,,,0,,,0
1555,7733,,28.4374374,77.058575,,,,,0,,,0
1556,7738,,28.4500053,77.0221689,,,,,0,,,0
1557,7744,,17.314345,74.2311386,,,,,0,,,0
1558,7746,,28.6285886,77.3096544,,,,,0,,,0
1559,7736,,28.5146969,77.0348848,,,,,0,,,0
1560,7752,,17.426517,78.3245409,,,,,0,,,0
1561,7760,,29.6668452,76.984132,,,,,0,,,0
1562,7248,,,,,,,,0,,,0
1563,7773,,28.6464224,77.3567867,,,,,0,,,0
1564,7800,,28.5204882,77.1786869,,,,,0,,,0
1565,7807,,,,,,,,0,,,0
1566,7808,,17.3767325,78.4296535,,,,,0,,,0
1567,7816,,28.703815,76.980495,,,,,0,,,0
1568,7826,,28.8444556,77.0737149,,,,,0,,,0
1569,7828,,21.2138789,72.7784261,,,,,0,,,0
1570,7830,,27.1985174,77.9650035,,,,,0,,,0
1571,7836,,,,,,,,0,,,0
1572,7842,,28.4146508,76.9779875,,,,,0,,,0
1573,7844,,,,,,,,0,,,0
1574,7843,,,,,,,,0,,,0
1575,7848,,28.4472372,77.0406147,,,,,0,,,0
1576,7841,,26.2738937,73.0307409,,,,,0,,,0
1577,7855,,28.3515381,76.9427774,,,,,0,,,0
1578,7857,,28.4089123,77.3177894,,,,,0,,,0
1579,7858,,28.448479,77.0758733,,,,,0,,,0
1580,7852,,28.4420427,77.0206538,,,,,0,,,0
1581,7866,,17.4389608,78.4993452,,,,,0,,,0
1582,7873,,,,,,,,0,,,0
1583,7876,,28.4650453,77.1007117,,,,,0,,,0
1584,7878,,28.4530909,77.0201753,,,,,0,,,0
1585,7881,,12.8973647,77.6061716,,,,,0,,,0
1586,7883,,28.4275535,77.0491679,,,,,0,,,0
1587,7885,,28.4794366,77.0175832,,,,,0,,,0
1588,7882,,28.7333526,77.2986264,,,,,0,,,0
1589,7889,,28.5875187,77.438298,,,,,0,,,0
1590,7894,,,,,,,,0,,,0
1591,7896,,28.4634412,77.0767557,,,,,0,,,0
1592,7900,,30.7109451,76.7290871,,,,,0,,,0
1593,7899,,17.4442019,78.3859766,,,,,0,,,0
1594,7910,,28.9135836,76.4715026,,,,,0,,,0
1595,7909,,13.0285133,77.5196763,,,,,0,,,0
1596,7911,,,,,,,,0,,,0
1597,7916,,18.4699846,73.8873488,,,,,0,,,0
1598,7921,,28.3996741,79.3775294,,,,,0,,,0
1599,7922,,23.7938502,86.2026488,,,,,0,,,0
1600,7927,,,,,,,,0,,,0
1601,7929,,28.4374374,77.058575,,,,,0,,,0
1602,7932,,28.4472372,77.0406147,,,,,0,,,0
1603,7933,,28.4583384,77.06652,,,,,0,,,0
1604,7935,,28.4347199,76.9556643,,,,,0,,,0
1605,7936,,28.4652778,77.0269326,,,,,0,,,0
1606,7937,,28.4230154,77.0945777,,,,,0,,,0
1607,7938,,28.4472372,77.0406147,,,,,0,,,0
1608,7942,,14.3993004,79.9626354,,,,,0,,,0
1609,7943,,28.4805922,77.0662797,,,,,0,,,0
1610,7945,,28.4293894,77.0048023,,,,,0,,,0
1611,7948,,,,,,,,0,,,0
1612,7961,,28.3263651,77.3315996,,,,,0,,,0
1613,7966,,13.0375107,77.6000652,,,,,0,,,0
1614,7969,,28.4941463,77.0809093,,,,,0,,,0
1615,7971,,28.4020188,77.0821851,,,,,0,,,0
1616,7972,,28.4244603,77.0991242,,,,,0,,,0
1617,7973,,28.4139095,77.0885944,,,,,0,,,0
1618,7974,,28.3923291,77.0888228,,,,,0,,,0
1619,7975,,28.6067511,77.3597194,,,,,0,,,0
1620,7976,,28.6913756,76.9314064,,,,,0,,,0
1621,7978,,28.4528403,77.0497982,,,,,0,,,0
1622,7979,,28.4556795,77.0631966,,,,,0,,,0
1623,7982,,28.4629171,77.0772455,,,,,0,,,0
1624,7987,,,,,,,,0,,,0
1625,7994,,23.2511609,77.4693999,,,,,0,,,0
1626,7996,,27.5581261,80.6616731,,,,,0,,,0
1627,8001,"[\""8002\""]",28.4472372,77.0406147,,,,,0,,,0
1628,8003,,28.4594965,77.0266383,,,,,0,,,0
1629,8004,,28.4379091,77.0785479,,,,,0,,,0
1630,8005,,28.4420427,77.0206538,,,,,0,,,0
1631,8006,,,,,,,,0,,,0
1632,8007,,28.4175717,77.0528484,,,,,0,,,0
1633,8008,,28.4139095,77.0885944,,,,,0,,,0
1634,8009,,28.3971448,77.0866646,,,,,0,,,0
1635,8010,,28.4225192,77.0211379,,,,,0,,,0
1636,8012,,28.4139095,77.0885944,,,,,0,,,0
1637,8011,,28.4244603,77.0991242,,,,,0,,,0
1638,8013,,28.4594965,77.0266383,,,,,0,,,0
1639,8014,,28.4594965,77.0266383,,,,,0,,,0
1640,8015,,28.4121197,77.048024,,,,,0,,,0
1641,8016,,28.4281173,77.1100123,,,,,0,,,0
1642,6569,,27.9347573,80.7727282,,,,,0,,,0
1643,8019,,22.5743545,88.3628734,,,,,0,,,0
1644,8022,,27.1841788,78.0059814,,,,,0,,,0
1645,8029,,28.4420427,77.0206538,,,,,0,,,0
1646,8030,,28.4244603,77.0991242,,,,,0,,,0
1647,8031,,28.4281173,77.1100123,,,,,0,,,0
1648,8032,,28.3724769,76.9048615,,,,,0,,,0
1649,8033,,28.4420427,77.0206538,,,,,0,,,0
1650,8034,,28.4030424,77.0690052,,,,,0,,,0
1651,8035,,28.4348171,77.1089412,,,,,0,,,0
1652,8036,,28.4020188,77.0821851,,,,,0,,,0
1653,8041,,28.4728421,77.0864614,,,,,0,,,0
1654,8044,,26.3985985,80.3488444,,,,,0,,,0
1655,8046,,26.3965788,80.360993,,,,,0,,,0
1656,8049,,26.3965788,80.360993,,,,,0,,,0
1657,8057,,,,,,,,0,,,0
1658,8061,,18.6171219,73.7902603,,,,,0,,,0
1659,8093,,29.3731673,78.1350904,,,,,0,,,0
1660,8100,,,,,,,,0,,,0
1661,8103,,28.6139298,77.2088282,,,,,0,,,0
1662,8108,"[\""8110\""]",17.4811214,78.3912298,,,,,0,,,0
1663,8120,,18.6326695,73.8220565,,,,,0,,,0
1664,8122,,,,,,,,0,,,0
1665,8127,,28.6668377,77.0751032,,,,,0,,,0
1666,8130,,18.5581835,73.9216532,,,,,0,,,0
1667,8138,,15.652949,80.0693766,,,,,0,,,0
1668,8145,,28.627981,77.3648567,,,,,0,,,0
1669,8158,,13.3409219,77.8159998,,,,,0,,,0
1670,8161,,28.5460285,77.3018378,,,,,0,,,0
1671,8171,,19.2136775,72.9903447,,,,,0,,,0
1672,8160,,18.514156,73.9040161,,,,,0,,,0
1673,8181,,,,,,,,0,,,0
1674,8187,,28.498255,77.312652,,,,,0,,,0
1675,8193,,23.4032827,87.5484072,,,,,0,,,0
1676,8196,,28.6362211,77.2922332,,,,,0,,,0
1677,8201,,,,,,,,0,,,0
1678,8219,,29.8542626,77.8880002,,,,,0,,,0
1679,8220,,28.4293894,77.0048023,,,,,0,,,0
1680,8223,,,,,,,,0,,,0
1681,8225,,,,,,,,0,,,0
1682,8236,,28.621899,77.0878385,,,,,0,,,0
1683,8235,,26.4166642,80.2982737,,,,,0,,,0
1684,3183,,28.663599,77.3830164,,,,,0,,,0
1685,8242,,18.5190623,73.9791622,,,,,0,,,0
1686,8243,,22.7084265,75.8599983,,,,,0,,,0
1687,8246,,28.4472372,77.0406147,,,,,0,,,0
1688,8247,,18.4914883,73.821729,,,,,0,,,0
1689,8257,,26.3965788,80.360993,,,,,0,,,0
1690,8259,,17.4340479,78.4269776,,,,,0,,,0
1691,8258,,26.510822,80.2468661,,,,,0,,,0
1692,8263,,28.6566173,77.1809825,,,,,0,,,0
1693,8267,,28.4139095,77.0885944,,,,,0,,,0
1694,8266,,28.4576032,77.1020369,,,,,0,,,0
1695,8241,,26.415941,80.297891,,,,,0,,,0
1696,8283,,,,,,,,0,,,0
1697,8295,,28.4354839,77.037736,,,,,0,,,0
1698,846,,27.6071745,78.051909,,,,,0,,,0
1699,8302,,18.6870738,73.8305113,,,,,0,,,0
1700,8309,,,,,,,,0,,,0
1701,8310,,17.0499403,74.2652471,,,,,0,,,0
1702,8312,,28.4139095,77.0885944,,,,,0,,,0
1703,8313,,28.4420427,77.0206538,,,,,0,,,0
1704,4613,,28.4139095,77.0885944,,,,,0,,,0
1705,8319,,28.5124381,77.0225883,,,,,0,,,0
1706,8326,,25.3493374,82.9838246,,,,,0,,,0
1707,8332,,28.5121376,77.0477559,,,,,0,,,0
1708,8333,,28.5121376,77.0477559,,,,,0,,,0
1709,8334,,28.603103,77.080907,,,,,0,,,0
1710,8336,,28.5121376,77.0477559,,,,,0,,,0
1711,8338,,28.507243,77.0674481,,,,,0,,,0
1712,8339,,28.6823144,77.034937,,,,,0,,,0
1713,8341,,28.5121376,77.0477559,,,,,0,,,0
1714,8344,,28.5121376,77.0477559,,,,,0,,,0
1715,8346,,28.4594965,77.0266383,,,,,0,,,0
1716,8348,,28.5054381,77.0492504,,,,,0,,,0
1717,8379,,,,,,,,0,,,0
1718,8400,,17.3852774,78.5277506,,,,,0,,,0
1719,8354,"[\""8412\""]",18.5613077,73.7858501,,,,,0,,,0
1720,8413,,28.6449819,77.3846553,,,,,0,,,0
1721,8418,,28.448479,77.0758733,,,,,0,,,0
1722,8422,,28.4244603,77.0991242,,,,,0,,,0
1723,8423,,28.366322,76.9455815,,,,,0,,,0
1724,8424,,28.4244603,77.0991242,,,,,0,,,0
1725,8429,,28.4817973,77.0643614,,,,,0,,,0
1726,2483,,28.603366,76.9992879,,,,,0,,,0
1727,8435,,28.4244603,77.0991242,,,,,0,,,0
1728,8436,,28.5133929,77.0722759,,,,,0,,,0
1729,8438,,28.4603267,77.0000085,,,,,0,,,0
1730,8440,,,,,,,,0,,,0
1731,8439,,28.4594965,77.0266383,,,,,0,,,0
1732,8447,,28.4175717,77.0528484,,,,,0,,,0
1733,8449,,28.4634412,77.0767557,,,,,0,,,0
1734,8458,,,,,,,,0,,,0
1735,8462,,18.4914883,73.821729,,,,,0,,,0
1736,8461,,28.8355695,77.5741193,,,,,0,,,0
1737,8497,,,,,,,,0,,,0
1738,8504,,28.6435481,77.2110547,,,,,0,,,0
1739,8516,,28.47753,77.040278,,,,,0,,,0
1740,8517,,17.7022337,73.9925919,,,,,0,,,0
1741,8524,,28.4139095,77.0885944,,,,,0,,,0
1742,8526,,27.3516407,88.3239309,,,,,0,,,0
1743,8527,,28.4139095,77.0885944,,,,,0,,,0
1744,2224,,30.6530886,76.7452964,,,,,0,,,0
1745,8343,,,,,,,,0,,,0
1746,8557,,,,,,,,0,,,0
1747,8564,,13.0334466,77.4984275,,,,,0,,,0
1748,8578,,,,,,,,0,,,0
1749,8608,,20.0526804,78.9463764,,,,,0,,,0
1750,8624,,,,,,,,0,,,0
1751,8630,,25.1453868,75.8305728,,,,,0,,,0
1752,8633,,28.7432196,77.1977785,,,,,0,,,0
1753,8639,,,,,,,,0,,,0
1754,3503,,28.5783107,77.317797,,,,,0,,,0
1755,8641,,26.8790422,80.9701168,,,,,0,,,0
1756,8649,,,,,,,,0,,,0
1757,8652,,22.6546101,86.3507323,,,,,0,,,0
1758,8580,,17.3529457,78.5356595,,,,,0,,,0
1759,8659,,28.5165408,77.2548677,,,,,0,,,0
1760,8661,,,,,,,,0,,,0
1761,8663,,,,,,,,0,,,0
1762,8664,"[\""7892\""]",22.5260942,88.3783509,,,,,0,,,0
1763,8672,,26.6257903,85.6948458,,,,,0,,,0
1764,8674,,27.2178881,78.0273503,,,,,0,,,0
1765,8678,,28.6919747,77.1002133,,,,,0,,,0
1766,3172,,28.6820444,77.0675607,,,,,0,,,0
1767,8683,,26.8466937,80.946166,,,,,0,,,0
1768,8687,,28.4603762,77.0578855,,,,,0,,,0
1769,8691,,28.5121376,77.0477559,,,,,0,,,0
1770,8692,,28.5121376,77.0477559,,,,,0,,,0
1771,8693,,28.5054381,77.0492504,,,,,0,,,0
1772,8694,,28.4938677,77.1037786,,,,,0,,,0
1773,8696,,26.7271012,88.3952861,,,,,0,,,0
1774,8698,,28.5121376,77.0477559,,,,,0,,,0
1775,8703,,28.5133929,77.0722759,,,,,0,,,0
1776,8704,,18.6357397,73.7733331,,,,,0,,,0
1777,8705,,,,,,,,0,,,0
1778,8707,,28.4594965,77.0266383,,,,,0,,,0
1779,8708,,28.5121376,77.0477559,,,,,0,,,0
1780,8710,,28.4938677,77.1037786,,,,,0,,,0
1781,8711,,28.4281173,77.1100123,,,,,0,,,0
1782,8712,,28.4420427,77.0206538,,,,,0,,,0
1783,8715,,28.4938677,77.1037786,,,,,0,,,0
1784,8714,,26.4199795,80.3783536,,,,,0,,,0
1785,8717,,28.5121376,77.0477559,,,,,0,,,0
1786,8726,,,,,,,,0,,,0
1787,8732,,18.5807719,73.9787063,,,,,0,,,0
1788,8733,,,,,,,,0,,,0
1789,8747,,18.4874257,74.1333715,,,,,0,,,0
1790,8764,,12.9259401,77.5830419,,,,,0,,,0
1791,8765,,28.6954394,77.3008114,,,,,0,,,0
1792,8766,,18.7041889,73.7840084,,,,,0,,,0
1793,8771,,18.6297811,73.7997094,,,,,0,,,0
1794,8780,,,,,,,,0,,,0
1795,8779,,14.4569328,79.9829997,,,,,0,,,0
1796,8788,,,,,,,,0,,,0
1797,8815,,,,,,,,0,,,0
1798,8837,,28.4710811,77.0454144,,,,,0,,,0
1799,8838,,28.4710811,77.0454144,,,,,0,,,0
1800,8841,,,,,,,,0,,,0
1801,6518,,26.0983595,91.7959365,,,,,0,,,0
1802,8845,,,,,,,,0,,,0
1803,8848,,28.5146969,77.0348848,,,,,0,,,0
1804,8849,,28.5121376,77.0477559,,,,,0,,,0
1805,8850,,28.5196902,77.0390923,,,,,0,,,0
1806,8851,,28.512684,77.001589,,,,,0,,,0
1807,8852,,28.4756706,77.0391967,,,,,0,,,0
1808,8854,,28.5121376,77.0477559,,,,,0,,,0
1809,8856,,28.5146969,77.0348848,,,,,0,,,0
1810,8858,,28.5121376,77.0477559,,,,,0,,,0
1811,8867,,28.4906859,77.0191015,,,,,0,,,0
1812,8877,,18.5465811,73.7764678,,,,,0,,,0
1813,8897,,16.5369547,80.8110217,,,,,0,,,0
1814,8908,,25.2049738,85.517437,,,,,0,,,0
1815,8916,,,,,,,,0,,,0
1816,8924,,,,,,,,0,,,0
1817,8928,,28.5445256,77.3009436,,,,,0,,,0
1818,8937,,18.5132443,73.8065078,,,,,0,,,0
1819,8940,,18.593167,73.8975534,,,,,0,,,0
1820,8950,,20.5992349,72.9342451,,,,,0,,,0
1821,8959,,,,,,,,0,,,0
1822,8963,,28.400332,77.097455,,,,,0,,,0
1823,8962,,16.9992356,81.7964722,,,,,0,,,0
1824,8967,,28.4281173,77.1100123,,,,,0,,,0
1825,8976,,28.3967953,77.0233415,,,,,0,,,0
1826,8977,,24.2052726,79.6754694,,,,,0,,,0
1827,8978,,28.3967953,77.0233415,,,,,0,,,0
1828,8983,,21.2093023,81.4368153,,,,,0,,,0
1829,8990,,9.5121171,77.6340213,,,,,0,,,0
1830,8958,,27.5529907,76.6345735,,,,,0,,,0
1831,8995,,28.4433481,77.0560866,,,,,0,,,0
1832,9006,,28.4433481,77.0560866,,,,,0,,,0
1833,9008,,17.3270709,78.6053386,,,,,0,,,0
1834,9007,,23.0061132,72.5908251,,,,,0,,,0
1835,9012,,28.4472372,77.0406147,,,,,0,,,0
1836,9016,,,,,,,,0,,,0
1837,9027,,23.2896416,81.367267,,,,,0,,,0
1838,9028,,,,,,,,0,,,0
1839,9029,,17.4626154,78.3396629,,,,,0,,,0
1840,3550,,28.7317975,77.2085394,,,,,0,,,0
1841,9038,,,,,,,,0,,,0
1842,6681,,18.5246091,73.8786239,,,,,0,,,0
1843,8597,,20.593684,78.96288,,,,,0,,,0
1844,9053,,22.7195687,75.8577258,,,,,0,,,0
1845,9058,,25.6151875,85.1848125,,,,,0,,,0
1846,9068,,,,,,,,0,,,0
1847,9078,,18.6498669,73.7808704,,,,,0,,,0
1848,9079,,18.5289843,73.8299107,,,,,0,,,0
1849,9081,,21.5998727,73.0205735,,,,,0,,,0
1850,8999,,28.4433481,77.0560866,,,,,0,,,0
1851,9089,,,,,,,,0,,,0
1852,9090,,28.4379091,77.0785479,,,,,0,,,0
1853,9091,,19.2094006,73.0939483,,,,,0,,,0
1854,9096,,28.4177867,77.0627653,,,,,0,,,0
1855,9097,,28.4200136,77.1105434,,,,,0,,,0
1856,9098,,28.4020188,77.0821851,,,,,0,,,0
1857,9087,,12.4873986,79.2017578,,,,,0,,,0
1858,9099,,28.4374374,77.058575,,,,,0,,,0
1859,9101,,28.4594965,77.0266383,,,,,0,,,0
1860,9103,,13.389227,78.0471028,,,,,0,,,0
1861,9107,,28.448479,77.0758733,,,,,0,,,0
1862,9110,,28.688103,77.198092,,,,,0,,,0
1863,9111,,28.4603762,77.0578855,,,,,0,,,0
1864,9112,,19.1170618,72.8801224,,,,,0,,,0
1865,9139,,43.6903852,-79.7950033,,,,,0,,,0
1866,9150,,18.6511274,73.7654292,,,,,0,,,0
1867,9153,,26.2186123,78.2219225,,,,,0,,,0
1868,9164,,23.1687596,77.4983265,,,,,0,,,0
1869,9180,,,,,,,,0,,,0
1870,9182,,28.4379091,77.0785479,,,,,0,,,0
1871,9183,,24.7240933,84.9715355,,,,,0,,,0
1872,9193,,26.449923,80.3318736,,,,,0,,,0
1873,9195,,28.71441,77.1668625,,,,,0,,,0
1874,9198,,28.5121376,77.0477559,,,,,0,,,0
1875,9201,,18.1190362,73.9872126,,,,,0,,,0
1876,9202,,26.6409569,84.1402596,,,,,0,,,0
1877,9206,,28.5121376,77.0477559,,,,,0,,,0
1878,9207,,28.5121376,77.0477559,,,,,0,,,0
1879,9210,,28.5146969,77.0348848,,,,,0,,,0
1880,9209,,28.5334507,77.2813237,,,,,0,,,0
1881,9212,,28.4177867,77.0627653,,,,,0,,,0
1882,9211,,21.1368767,79.1730611,,,,,0,,,0
1883,9213,,28.4244603,77.0991242,,,,,0,,,0
1884,9214,,28.5054381,77.0492504,,,,,0,,,0
1885,9215,,28.4498494,77.0566887,,,,,0,,,0
1886,9221,,28.448479,77.0758733,,,,,0,,,0
1887,8934,,30.6524306,76.8180347,,,,,0,,,0
1888,9263,,,,,,,,0,,,0
1889,9266,,28.7040592,77.1024902,,,,,0,,,0
1890,9267,,23.2076358,79.9943448,,,,,0,,,0
1891,9256,,28.6466695,77.4419821,,,,,0,,,0
1892,9280,,,,,,,,0,,,0
1893,9288,,-27.6076507,153.0723547,,,,,0,,,0
1894,3077,,19.4179874,72.82253,,,,,0,,,0
1895,9303,,28.4339049,77.3223915,,,,,0,,,0
1896,9311,,34.3419546,74.1695025,,,,,0,,,0
1897,9314,,28.5723158,77.2748711,,,,,0,,,0
1898,1559,,28.539692,77.2490101,,,,,0,,,0
1899,9323,,,,,,,,0,,,0
1900,9331,,28.627981,77.3648567,,,,,0,,,0
1901,9337,,26.4048979,80.3727209,,,,,0,,,0
1902,9340,,28.4281173,77.1100123,,,,,0,,,0
1903,9346,,28.4433834,77.0515376,,,,,0,,,0
1904,9347,,28.4020188,77.0821851,,,,,0,,,0
1905,9349,,28.4175717,77.0528484,,,,,0,,,0
1906,9355,,,,,,,,0,,,0
1907,9362,,,,,,,,0,,,0
1908,9375,,26.3965788,80.360993,,,,,0,,,0
1909,9378,,29.0907397,77.7105146,,,,,0,,,0
1910,9408,,19.413605,80.0013822,,,,,0,,,0
1911,9410,,28.6496974,77.0642859,,,,,0,,,0
1912,9415,,26.5078657,90.9690268,,,,,0,,,0
1913,9419,,26.3707514,90.6393702,,"[\""2\"",\""3\""]",,,0,,,0
1914,9439,,25.1251047,86.8869326,,,,,0,,,0
1915,9442,,28.576905,77.320942,,,,,0,,,0
1916,9444,,30.3752011,76.782122,,,,,0,,,0
1917,9448,,28.4743879,77.5039904,,,,,0,,,0
1918,9452,,28.4759235,77.0406147,,,,,0,,,0
1919,9454,,26.257765,90.5742925,,,,,0,,,0
1920,9480,,28.6352324,77.04997,,,,,0,,,0
1921,9487,,28.7004534,77.2591938,,,,,0,,,0
1922,9495,,26.8599399,81.0165636,,"[\""4\""]",,,0,,,0
1923,9496,,10.9568566,79.3633758,,,,,0,,,0
1924,9501,,,,,,,,0,,,0
1925,9518,,28.6073856,77.2985714,,,,,0,,,0
1926,9522,,13.1311715,79.9205781,,,,,0,,,0
1927,9514,,,,,,,,0,,,0
1928,9533,,25.4487699,78.5697526,,"[\""1\"",\""2\"",\""3\""]",,,0,,,0
1929,9549,,,,,,,,0,,,0
1930,9553,,28.6610583,77.4320082,,,,,0,,,0
1931,9559,,28.4433834,77.0515376,,,,,0,,,0
1932,9567,,28.6116693,77.3117898,,,,,0,,,0
1933,9575,,28.4576032,77.1020369,,,,,0,,,0
1934,9578,,28.4379091,77.0785479,,,,,0,,,0
1935,9580,,29.422805,78.089154,,,,,0,,,0
1936,9586,,28.5846875,77.3159296,,"[\""1\""]",,,0,,,0
1937,9589,,28.5121376,77.0477559,,,,,0,,,0
1938,9590,,26.5110388,90.5193288,,,,,0,,,0
1939,9591,,28.507241,77.0640486,,,,,0,,,0
1940,9598,,28.5054381,77.0492504,,,,,0,,,0
1941,9599,,28.4756705,77.1031525,,,,,0,,,0
1942,9604,,28.5432011,77.3004347,,,,,0,,,0
1943,9607,,28.6957639,76.9138926,,,,,0,,,0
1944,9611,,-6.8363427,39.2763394,,"[\""1\"",\""2\"",\""3\"",\""4\""]",,,0,,,0
1945,9617,,28.4461254,77.0514093,,,,,0,,,0
1946,9628,,28.4231993,77.0752106,,,,,0,,,0
1947,9570,,28.6114318,77.0780316,,,,,0,,,0
1948,9648,,28.6791937,77.3000716,,,,,0,,,0
1949,9186,,26.1848454,78.130604,,,,,0,,,0
1950,9666,,,,,,,,0,,,0
1951,9678,,,,,,,,0,,,0
1952,9683,,26.6214693,93.6116494,,"[\""1\""]",,,0,,,0
1953,9690,,,,,,,,0,,,0
1954,9692,,17.3897791,78.4432605,,,,,0,,,0
1955,9694,,28.8320833,78.7603726,,"[\""1\""]",,,0,,,0
1956,9509,,,,,"[\""1\""]",,,0,,,0
1957,9705,,,,,,,,0,,,0
1958,9709,,28.4244603,77.0991242,,,,,0,,,0
1959,9708,,,,,,,,0,,,0
1960,9716,,28.5121376,77.0477559,,,,,0,,,0
1961,9720,,28.5121376,77.0477559,,,,,0,,,0
1962,9721,,28.5146969,77.0348848,,,,,0,,,0
1963,9732,,28.4177867,77.0627653,,,,,0,,,0
1964,9736,,28.5121376,77.0477559,,,,,0,,,0
1965,9740,,28.5121376,77.0477559,,,,,0,,,0
1966,9742,,28.4603762,77.0578855,,,,,0,,,0
1967,9752,,28.4472372,77.0406147,,,,,0,,,0
1968,9755,,26.1313516,91.8044127,,,,,0,,,0
1969,9763,,,,,,,,0,,,0
1970,9762,,,,,,,,0,,,0
1971,9768,"[\""9772\""]",18.5414267,73.7923957,,"[\""1\"",\""2\""]",,,0,,,0
1972,9766,,28.4879257,77.0995671,,,,,0,,,0
1973,9780,,19.8114438,84.789019,,,"[\""9561\""]",,0,,,0
1974,9782,,28.508769,77.321294,,,"[\""6238\"",\""5033\"",\""6714\"",\""9300\"",\""176\"",\""3702\"",\""3096\"",\""6550\"",\""4229\"",\""6974\"",\""316\"",\""3374\"",\""7769\"",\""9574\""]",,0,,,0
1975,9799,,28.7511747,77.195367,,,,,0,,,0
1976,9814,,26.4624245,80.2247406,,,,,0,,,0
1977,9815,,,,,,,,0,,,0
1978,9816,,28.6006643,77.1031181,,,,,0,,,0
1979,9820,,26.2481848,78.2219806,,"[\""4\""]",,,0,,,0
1980,9822,,,,,"[\""2\""]",,,0,,,0
1981,9829,,,,,,,,0,,,0
1982,9831,,28.4200136,77.1105434,,,,,0,,,0
1983,9832,,12.7669675,77.7076121,,,,,0,,,0
1984,9835,,28.4244603,77.0991242,,,,,0,,,0
1985,9838,,28.4472372,77.0406147,,,,,0,,,0
1986,9839,,28.4420427,77.0206538,,,,,0,,,0
1987,9840,,28.4594965,77.0266383,,,,,0,,,0
1988,9842,,28.507241,77.0640486,,,,,0,,,0
1989,9850,,28.5133929,77.0722759,,,,,0,,,0
1990,9851,,28.4650453,77.1007117,,,,,0,,,0
1991,9853,,28.4020188,77.0821851,,,,,0,,,0
1992,9856,,28.3858823,77.0607728,,,,,0,,,0
1993,9855,,28.6471857,77.2931466,,,,,0,,,0
1994,9859,,28.4374374,77.058575,,,,,0,,,0
1995,9860,,28.4354267,77.3143303,,,,,0,,,0
1996,9865,,28.5412244,77.1271999,,,,,0,,,0
1997,3500,,28.6977205,77.0812434,,,,,0,,,0
1998,9873,,,,,,,,0,,,0
1999,9874,,28.7248105,77.2775646,,,,,0,,,0
2000,9877,,28.6241749,77.0366415,,,,,0,,,0
2001,9889,,28.5121376,77.0477559,,,,,0,,,0
2002,9892,,17.6323322,75.8969154,,,,,0,,,0
2003,9897,,12.5906875,79.9136875,,,,,0,,,0
2004,9901,,28.5626895,77.2371025,,,,,0,,,0
2005,9906,"[\""9910\""]",28.6331684,77.4730653,,,,,0,,,0
2006,9907,,26.9587938,75.7364665,,,,,0,,,0
2007,9918,,,,,"[\""1\""]",,,0,,,0
2008,9926,,,,,,,,0,,,0
2009,9923,,,,,,,,0,,,0
2010,9951,,17.6323358,78.4804828,,"[\""2\""]",,,0,,,0
2011,9950,,22.2762811,88.5088333,,,,,0,,,0
2012,1843,,26.8672788,80.9770758,,,,,0,,,0
2013,9963,,28.446591,77.0659528,,,,,0,,,0
2014,9966,,28.4629171,77.0772455,,,,,0,,,0
2015,9967,,28.4472372,77.0406147,,,,,0,,,0
2016,9969,,28.4583384,77.06652,,,,,0,,,0
2017,9968,,18.658273,72.8795848,,,,,0,,,0
2018,9976,,28.4177867,77.0627653,,,,,0,,,0
2019,9980,,28.4603762,77.0578855,,,,,0,,,0
2020,9981,,28.4498494,77.0566887,,,,,0,,,0
2021,9982,,28.4594965,77.0266383,,,,,0,,,0
2022,9986,,28.4472372,77.0406147,,,,,0,,,0
2023,9988,,,,,,,,0,,,0
2024,9995,,10.6127034,76.5850268,,,,,0,,,0
2025,1640,,12.9342247,77.62713,,,,,0,,,0
2026,1672,,28.2014149,76.8275503,,,,,0,,,0
2027,8873,,,,,"[\""1\"",\""2\"",\""4\"",\""3\""]",,,0,,,0
2028,40,,28.646929,77.0935997,,,,,0,,,0
2029,10086,,28.5121376,77.0477559,,,,,0,,,0
2030,7863,,,,,,,,0,,,0
2031,10084,,,,,,,,0,,,0
2032,10087,,28.4472372,77.0406147,,,,,0,,,0
2033,10091,,28.4710811,77.0454144,,,,,0,,,0
2034,653,,28.670324,77.0447246,,,,,0,,,0
2035,10100,,28.6364394,77.013833,,,,,0,,,0
2036,10106,,,,,,,,0,,,0
2037,10110,,26.5092328,91.8553621,,,,,0,,,0
2038,10112,,17.329731,76.8342957,,"[\""1\""]",,,0,,,0
2039,10122,,26.82101,80.881748,,,,,0,,,0
2040,10127,,11.1025653,77.3952417,,,,,0,,,0
2041,10142,,28.4510288,77.0093052,,,,,0,,,0
2042,10164,,28.1023894,76.9931074,,,,,0,,,0
2043,10174,,,,,"[\""1\""]",,,0,,,0
2044,10186,,18.5807719,73.9787063,,,,,0,,,0
2045,10190,,,,,,,,0,,,0
2046,10198,,26.5039401,90.5375993,,"[\""4\""]",,,0,,,0
2047,10195,,,,,,,,0,,,0
2048,10202,,,,,,,,0,,,0
2049,10203,,28.4093695,77.0362852,,,,,0,,,0
2050,10218,,,,,,,,0,,,0
2051,10219,,19.7514798,75.7138884,,,,,0,,,0
2052,10225,,28.5576453,77.3459212,,,,,0,,,0
2053,10223,,26.8937713,80.9425205,,,,,0,,,0
2054,10227,,28.4972725,77.3115542,,,,,0,,,0
2055,10236,,30.9346704,75.8105406,,,,,0,,,0
2056,10255,,28.6854971,77.327257,,"[\""1\""]",,,0,,,0
2057,10281,,28.5180549,79.7329769,,"[\""4\""]",,,0,,,0
2058,7918,,,,,"[\""1\"",\""2\"",\""4\""]",,,0,,,0
2059,10306,,13.0376777,80.1689085,,,,,0,,,0
2060,10328,,28.4594965,77.0266383,,,,,0,,,0
2061,10330,,28.448479,77.0758733,,,,,0,,,0
2062,10331,,28.4472372,77.0406147,,,,,0,,,0
2063,10337,,,,,,,,0,,,0
2064,10346,,28.4244603,77.0991242,,,,,0,,,0
2065,10347,,28.5121376,77.0477559,,,,,0,,,0
2066,10351,,28.585513,77.0907197,,,,,0,,,0
2067,10353,,28.4020188,77.0821851,,,,,0,,,0
2068,10354,,28.4472372,77.0406147,,,,,0,,,0
2069,10355,,28.3858823,77.0607728,,,,,0,,,0
2070,10362,,,,,,,,0,,,0
2071,10363,,28.4498494,77.0566887,,,,,0,,,0
2072,10368,,28.5858787,77.053658,,,,,0,,,0
2073,10373,,10.8718221,77.0086663,,,,,0,,,0
2074,10395,,28.6225691,77.0560866,,,,,0,,,0
2075,10405,,12.8991004,77.6226448,,"[\""1\""]",,,0,,,0
2076,10408,,28.4583384,77.06652,,,,,0,,,0
2077,10409,,28.4728421,77.0864614,,,,,0,,,0
2078,10412,,28.4742482,77.0513724,,,,,0,,,0
2079,10411,,28.6126464,77.3310067,,,,,0,,,0
2080,10421,,28.4472372,77.0406147,,,,,0,,,0
2081,1335,,26.9161157,75.8162613,,,,,0,,,0
2082,10462,,26.9082844,80.9719825,,,,,0,,,0
2083,10467,,28.5121376,77.0477559,,,,,0,,,0
2084,10469,,28.4472372,77.0406147,,,,,0,,,0
2085,10471,,28.4594965,77.0266383,,,,,0,,,0
2086,10473,,28.4781546,77.0725417,,,,,0,,,0
2087,10474,,28.4938677,77.1037786,,,,,0,,,0
2088,10475,,28.4244603,77.0991242,,,,,0,,,0
2089,10478,,28.446591,77.0659528,,,,,0,,,0
2090,10479,,23.0225529,72.5723261,,,,,0,,,0
2091,10480,,28.4916812,77.094897,,,,,0,,,0
2092,10483,,28.5377079,77.3658953,,,,,0,,,0
2093,10488,,28.4374374,77.058575,,,,,0,,,0
2094,10489,,26.4328926,80.3017036,,,,,0,,,0
2095,10500,,28.7030845,77.4845372,,,,,0,,,0
2096,9706,,24.7809316,92.7990205,,,,,0,,,0
2097,10507,,25.841051,92.9266326,,"[\""3\"",\""4\"",\""1\"",\""2\""]",,,0,,,0
2098,42,,,,,,,,0,,,0
2099,10524,,28.19189,79.5476994,,,,,0,,,0
2100,10527,,28.3616463,77.2741623,,,,,0,,,0
2101,10534,,28.5121376,77.0477559,,,,,0,,,0
2102,10529,,28.5450194,77.2757147,,"[\""1\""]",,,0,,,0
2103,10535,,28.4844116,77.0859978,,,,,0,,,0
2104,10536,,28.5133929,77.0722759,,,,,0,,,0
2105,10540,,28.5102495,77.2985884,,,,,0,,,0
2106,10547,,18.508934,73.9259102,,,,,0,,,0
2107,10549,,12.845935,77.6033483,,,,,0,,,0
2108,10548,,23.8839029,86.8997918,,"[\""1\""]",,,0,,,0
2109,10502,,,,,,,,0,,,0
2110,10569,,,,,,,,0,,,0
2111,10571,,14.6846596,77.605045,,,,,0,,,0
2112,10578,,,,,,,,0,,,0
2113,10589,,26.4976984,90.521351,,,,,0,,,0
2114,10595,,,,,,,,0,,,0
2115,10603,,,,,,,,0,,,0
2116,10606,,28.648876,77.1096829,,,,,0,,,0
2117,10612,,28.4472372,77.0406147,,,,,0,,,0
2118,10619,,28.5121376,77.0477559,,,,,0,,,0
2119,10622,,28.4354267,77.3143303,,,,,0,,,0
2120,10624,,28.448479,77.0758733,,,,,0,,,0
2121,10626,,28.4281173,77.1100123,,,,,0,,,0
2122,10634,,28.6813803,77.1385635,,"[\""1\"",\""3\"",\""4\"",\""2\""]",,,0,,,0
2123,6445,,17.6886948,74.0056697,,,,,0,,,0
2124,10650,,28.4594965,77.0266383,,,,,0,,,0
2125,395,,27.190552,78.014932,,,,,0,,,0
2126,10669,,28.4876667,77.0881034,,,,,0,,,0
2127,10671,,28.5121376,77.0477559,,,,,0,,,0
2128,10673,,28.4139095,77.0885944,,,,,0,,,0
2129,10675,,28.4244603,77.0991242,,,,,0,,,0
2130,10680,,28.4720271,77.0895421,,,,,0,,,0
2131,8251,,18.6899902,73.8080767,,,,,0,,,0
2132,10687,,28.4594965,77.0266383,,,,,0,,,0
2133,10683,,26.1157917,91.7085933,,,,,0,,,0
2134,10698,,,,,,,,0,,,0
2135,10700,,28.627981,77.3648567,,,,,0,,,0
2136,10718,,17.688671,74.005667,,,,,0,,,0
2137,5327,,16.6983467,81.1216761,,,,,0,,,0
2138,10748,,26.4232765,80.399465,,,,,0,,,0
2139,10756,,,,,,,,0,,,0
2140,10755,,,,,,,,0,,,0
2141,10760,,27.2187545,78.0039189,,,,,0,,,0
2142,10761,,,,,"[\""1\""]",,,0,,,0
2143,10771,,25.154812,82.5881825,,,,,0,,,0
2144,10787,,26.149842,91.8010626,,,,,0,,,0
2145,10792,,,,,,,,0,,,0
2146,10808,,28.7032202,77.0715564,,,,,0,,,0
2147,10823,,,,,,,,0,,,0
2148,10825,,30.6892412,75.2391552,,,,,0,,,0
2149,10685,,,,,,,,0,,,0
2150,10835,,28.6456045,77.2127784,,,,,0,,,0
2151,10839,,22.9664255,72.6159326,,,,,0,,,0
2152,10841,,26.1152769,91.7982454,,,,,0,,,0
2153,10843,,18.5678553,73.9143637,,,,,0,,,0
2154,10854,,26.768771,80.863593,,,,,0,,,0
2155,10868,,26.8388611,80.9128587,,,,,0,,,0
2156,10874,,12.8403935,77.6510219,,,,,0,,,0
2157,10878,,26.0379315,90.3818982,,,,,0,,,0
2158,10884,,28.7040592,77.1024902,,"[\""1\""]",,,0,,,0
2159,10886,,,,,,,,0,,,0
2160,10892,,22.4976904,88.4079695,,,,,0,,,0
2161,10901,,11.9485697,79.4985091,,"[\""2\""]",,,0,,,0
2162,10902,,,,,,,,0,,,0
2163,10035,,24.9236518,92.7406546,,,,,0,,,0
2164,10934,,26.7621616,80.9384522,,,,,0,,,0
2165,10942,,12.930656,77.5461314,,,,,0,,,0
2166,10948,,,,,,,,0,,,0
2167,10954,,,,,,,,0,,,0
2168,10964,,,,,,,,0,,,0
2169,10977,,,,,,,,0,,,0
2170,10998,,,,,,,,0,,,0
2171,11011,,,,,"[\""1\""]",,,0,,,0
2172,11029,,,,,,,,0,,,0
2173,11030,,,,,,,,0,,,0
2174,11033,,,,,,,,0,,,0
2175,11035,,12.8741077,77.5791729,,,,,0,,,0
2176,11060,,,,,,,,0,,,0
2177,11073,,,,,"[\""2\""]",,,0,,,0
2178,11089,,,,,,,,0,,,0
2179,11093,,,,,,,,0,,,0
2180,11108,,,,,,,,0,,,0
2181,11117,,,,,,,,0,,,0
2182,11121,,,,,"[\""4\""]",,,0,,,0
2183,11123,,,,,,,,0,,,0
2184,11131,,,,,,,,0,,,0
2185,11134,,,,,,,,0,,,0
2186,11139,,28.4860073,77.0262205,,,,,0,,,0
2187,11153,,,,,,,,0,,,0
2188,11160,,,,,"[\""3\""]",,,0,,,0
2189,11164,,,,,,,,0,,,0
2190,11170,,,,,,,,0,,,0
2191,11178,,,,,,,,0,,,0
2192,11185,,,,,,,,0,,,0
2193,11190,,,,,,,,0,,,0
2194,11195,,,,,"[\""1\"",\""2\"",\""4\"",\""3\""]",,,0,,,0
2195,11207,,,,,,,,0,,,0
2196,11218,,,,,,,,0,,,0
2197,11221,,,,,,,,0,,,0
2198,11223,,,,,,,,0,,,0
2199,11229,,,,,,,,0,,,0
2200,11230,,,,,,,,0,,,0
2201,11233,,,,,,,,0,,,0
2202,11235,,,,,,,,0,,,0
2203,11240,,,,,,,,0,,,0
2204,11241,,,,,,,,0,,,0
2205,11260,,,,,,,,0,,,0
2206,864,,,,,,,,0,,,0
2207,11286,,,,,,,,0,,,0
2208,11290,,,,,"[\""2\""]",,,0,,,0
2209,11291,,30.891434,75.818082,,,,,0,,,0
2210,11295,,,,,,,,0,,,0
2211,11301,,,,,,,,0,,,0
2212,11307,,,,,,,,0,,,0
2213,11309,,,,,,,,0,,,0
2214,11311,,,,,,,,0,,,0
2215,11316,,,,,,,,0,,,0
2216,11317,,,,,,,,0,,,0
2217,11315,,,,,,,,0,,,0
2218,11322,,,,,,,,0,,,0
2219,11323,,,,,,,,0,,,0
2220,11325,,,,,,,,0,,,0
2221,11326,,,,,,,,0,,,0
2222,11330,,,,,,,,0,,,0
2223,428,,,,,,,,0,,,0
2224,11333,,,,,,,,0,,,0
2225,11335,,,,,,,,0,,,0
2226,11342,,,,,,,,0,,,0
2227,11343,,,,,,,,0,,,0
2228,11353,,,,,"[\""3\""]",,,0,,,0
2229,11356,,,,,,,,0,,,0
2230,11366,,,,,,,,0,,,0
2231,11375,,,,,,,,0,,,0
2232,11378,,,,,"[\""1\"",\""2\"",\""4\"",\""3\""]",,,0,,,0
2233,9459,,,,,,,,0,,,0
2234,11386,,,,,,,,0,,,0
2235,11384,,,,,"[\""1\"",\""2\""]",,,0,,,0
2236,11393,,,,,,,,0,,,0
2237,11406,,,,,,,,0,,,0
2238,11424,,,,,,,,0,,,0
2239,11438,,,,,,,,0,,,0
2240,11445,,,,,,,,0,,,0
2241,11447,,,,,,,,0,,,0
2242,11451,,,,,,,,0,,,0
2243,11453,,,,,,,,0,,,0
2244,11455,,,,,,,,0,,,0
2245,11460,,,,,,,,0,,,0
2246,11472,,,,,,,,0,,,0
2247,11467,,,,,,,,0,,,0
2248,11478,,,,,"[\""1\""]",,,0,,,0
2249,11477,,,,,,,,0,,,0
2250,11486,,,,,,,,0,,,0
2251,11501,,,,,,,,0,,,0
2252,11514,,,,,,,,0,,,0
2253,11521,,,,,,,,0,,,0
2254,11561,,,,,,,,0,,,0
2255,11567,,,,,,,,0,,,0
2256,11571,,,,,,,,0,,,0
2257,11573,,,,,,,,0,,,0
2258,11576,,,,,,,,0,,,0
2259,11577,,,,,,,,0,,,0
2260,11579,,,,,,,,0,,,0
2261,11590,,,,,,,,0,,,0
2262,11591,,,,,,,,0,,,0
2263,11598,,,,,,,,0,,,0
2264,11604,,,,,,,,0,,,0
2265,11601,,,,,,,,0,,,0
2266,11632,,,,,,,,0,,,0
2267,11639,,,,,,,,0,,,0
2268,11659,,,,,,,,0,,,0
2269,11666,,,,,,,,0,,,0
2270,11668,,,,,,,,0,,,0
2271,11671,,,,,,,,0,,,0
2272,11677,,,,,,,,0,,,0
2273,11679,,,,,,,,0,,,0
2274,11692,,,,,,,,0,,,0
2275,11701,,,,,,,,0,,,0
2276,11704,,,,,"[\""1\""]",,,0,,,0
2277,11710,,,,,,,,0,,,0
2278,11720,,,,,,,,0,,,0
2279,11723,,,,,,,,0,,,0
2280,11727,,,,,"[\""2\"",\""1\""]",,,0,,,0
2281,11719,,,,,,,,0,,,0
2282,11716,,,,,,,,0,,,0
2283,11771,,,,,,,,0,,,0
2284,11747,,,,,"[\""1\"",\""2\""]",,,0,,,0
2285,10401,"[\""11791\""]",,,,,,,0,,,0
2286,11813,,,,,,,,0,,,0
2287,11820,,,,,,,,0,,,0
2288,11829,,,,,,,,0,,,0
2289,11836,,,,,,,,0,,,0
2290,11886,,,,,,,,0,,,0
2291,11898,,,,,,,,0,,,0
2292,11901,,,,,"[\""2\""]",,,0,,,0
2293,11908,,,,,,,,0,,,0
2294,11911,,,,,,,,0,,,0
2295,11923,,,,,,,,0,,,0
2296,11928,,,,,,,,0,,,0
2297,11929,,,,,"[\""1\"",\""2\""]",,,0,,,0
2298,11932,,,,,,,,0,,,0
2299,11938,,28.6429341,77.3401896,,,,,0,,,0
2300,11944,,,,,,,,0,,,0
2301,11950,,,,,"[\""1\""]",,,0,,,0
2302,11954,,,,,"[\""2\""]",,,0,,,0
2303,11959,,,,,,,,0,,,0
2304,11965,,28.6056141,76.944141,,"[\""1\""]",,,0,,,0
2305,11725,,,,,,,,0,,,0
2306,11972,,,,,,,,0,,,0
2307,11976,,,,,,,,0,,,0
2308,11979,,,,,,,,0,,,0
2309,11981,,,,,,,,0,,,0
2310,11982,,,,,,,,0,,,0
2311,11983,,,,,,,,0,,,0
2312,11984,,,,,"[\""1\""]",,,0,,,0
2313,11985,,,,,,,,0,,,0
2314,11990,,,,,"[\""1\"",\""2\"",\""4\"",\""3\""]",,,0,,,0
2315,12002,,,,,,,,0,,,0
2316,12006,,,,,,,,0,,,0
2317,12043,,,,,"[\""2\"",\""1\""]",,,0,,,0
2318,12077,,,,,,,,0,,,0
2319,12083,,,,,,,,0,,,0
2320,12114,,,,,,,,0,,,0
2321,12140,,,,,,,,0,,,0
2322,12156,,,,,,,,0,,,0
2323,12158,,,,,,,,0,,,0
2324,12168,,,,,,,,0,,,0
2325,12175,,,,,,,,0,,,0
2326,12188,,,,,"[\""1\"",\""2\""]",,,0,,,0
2327,12192,,,,,,,,0,,,0
2328,12197,,,,,,,,0,,,0
2329,12203,,,,,"[\""2\"",\""1\""]",,,0,,,0
2330,12228,,,,,,,,0,,,0
2331,12230,,,,,,,,0,,,0
2332,12229,,,,,,,,0,,,0
2333,12232,,,,,,,,0,,,0
2334,12242,,,,,,,,0,,,0
2335,12238,,,,,,,,0,,,0
2336,12244,,,,,,,,0,,,0
2337,12248,,,,,"[\""1\"",\""2\""]",,,0,,,0
2338,12259,,,,,,,,0,,,0
2339,12257,,,,,,,,0,,,0
2340,12265,,,,,"[\""3\""]",,,0,,,0
2341,12280,,,,,,,,0,,,0
2342,12295,,,,,,,,0,,,0
2343,12297,,,,,,,,0,,,0
2344,12304,,,,,,,,0,,,0
2345,12317,,,,,"[\""1\""]",,,0,,,0
2346,12335,,,,,,,,0,,,0
2347,12336,,,,,,,,0,,,0
2348,12342,,,,,,,,0,,,0
2349,12350,,,,,,,,0,,,0
2350,12359,,,,,,,,0,,,0
2351,12362,,,,,,,,0,,,0
2352,12364,,,,,,,,0,,,0
2353,12369,,,,,,,,0,,,0
2354,12371,,,,,,,,0,,,0
2355,12372,,,,,,,,0,,,0
2356,12376,,,,,,,,0,,,0
2357,12382,,,,,,,,0,,,0
2358,12384,,,,,,,,0,,,0
2359,12386,,,,,,,,0,,,0
2360,12396,,,,,,,,0,,,0
2361,12401,,,,,,,,0,,,0
2362,12418,,,,,,,,0,,,0
2363,12421,,,,,,,,0,,,0
2364,12426,,,,,,,,0,,,0
2365,12429,,,,,"[\""1\""]",,,0,,,0
2366,12431,,,,,,,,0,,,0
2367,12437,,,,,,,,0,,,0
2368,12451,,,,,,,,0,,,0
2369,12457,,,,,,,,0,,,0
2370,12461,,,,,,,,0,,,0
2371,12463,,,,,,,,0,,,0
2372,12467,,,,,,,,0,,,0
2373,12520,,,,,,,,0,,,0
2374,12528,,,,,,,,0,,,0
2375,12534,,,,,,,,0,,,0
2376,12529,,,,,,,,0,,,0
2377,12540,,,,,,,,0,,,0
2378,12539,,,,,,,,0,,,0
2379,12542,,,,,,,,0,,,0
2380,12546,,,,,,,,0,,,0
2381,12553,,,,,,,,0,,,0
2382,12574,,,,,,,,0,,,0
2383,12595,,,,,"[\""3\""]",,,0,,,0
2384,12618,,,,,,,,0,,,0
2385,11597,,,,,"[\""1\"",\""2\""]",,,0,,,0
2386,12624,,,,,,,,0,,,0
2387,12631,,,,,,,,0,,,0
2388,12647,,,,,"[\""1\""]",,,0,,,0
2389,12652,,,,,,,,0,,,0
2390,12656,,,,,"[\""1\"",\""3\""]",,,0,,,0
2391,12661,,,,,,,,0,,,0
2392,12669,,,,,,,,0,,,0
2393,12685,,,,,,,,0,,,0
2394,12687,,,,,,,,0,,,0
2395,12689,,,,,,,,0,,,0
2396,12690,,,,,,,,0,,,0
2397,12694,,,,,,,,0,,,0
2398,12697,,,,,,,,0,,,0
2399,12702,,,,,,,,0,,,0
2400,12692,,,,,,,,0,,,0
2401,12708,,,,,,,,0,,,0
2402,12711,,,,,,,,0,,,0
2403,12718,,,,,,,,0,,,0
2404,12714,,,,,,,,0,,,0
2405,12721,,,,,,,,0,,,0
2406,12710,,,,,"[\""1\"",\""2\"",\""3\""]",,,0,,,0
2407,12728,,,,,,,,0,,,0
2408,12740,,,,,,,,0,,,0
2409,12764,,,,,,,,0,,,0
2410,12781,,,,,,,,0,,,0
2411,12796,,,,,,,,0,,,0
2412,12808,,,,,,,,0,,,0
2413,12852,,,,,,,,0,,,0
2414,12860,,,,,,,,0,,,0
2415,12872,,,,,"[\""1\""]",,,0,,,0
2416,12875,,,,,,,,0,,,0
2417,12924,,,,,"[\""1\""]",,,0,,,0
2418,12932,,,,,"[\""1\"",\""2\""]",,,0,,,0
2419,12957,,,,,,,,0,,,0
2420,12948,,,,,,,,0,,,0
2421,12977,,,,,,,,0,,,0
2422,12979,,,,,,,,0,,,0
2423,12993,,,,,,,,0,,,0
2424,13004,,,,,"[\""1\""]",,,0,,,0
2425,13017,,,,,,,,0,,,0
2426,13050,,,,,,,,0,,,0
2427,13046,,,,,,,,0,,,0
2428,13086,,,,,,,,0,,,0
2429,13104,,,,,,,,0,,,0
2430,13103,,,,,,,,0,,,0
2431,13110,,,,,,,,0,,,0
2432,13109,,,,,,,,0,,,0
2433,13111,,,,,"[\""4\""]",,,0,,,0
2434,13115,,,,,"[\""2\""]",,,0,,,0
2435,13119,,,,,"[\""1\"",\""2\""]",,,0,,,0
2436,13118,,,,,,,,0,,,0
2437,13122,,,,,"[\""3\""]",,,0,,,0
2438,13128,,,,,,,,0,,,0
2439,13126,,,,,,,,0,,,0
2440,13143,,,,,,,,0,,,0
2441,13149,,,,,,,,0,,,0
2442,13151,,,,,,,,0,,,0
2443,13170,,,,,,,,0,,,0
2444,13174,,,,,"[\""4\""]",,,0,,,0
2445,13176,,,,,,,,0,,,0
2446,13179,,,,,,,,0,,,0
2447,13183,,,,,,,,0,,,0
2448,13230,,,,,"[\""1\"",\""2\""]",,,0,,,0
2449,13235,,,,,,,,0,,,0
2450,13238,,,,,,,,0,,,0
2451,13266,,,,,"[\""1\"",\""2\""]",,,0,,,0
2452,13300,,,,,,,,0,,,0
2453,13304,,,,,,,,0,,,0
2454,13287,,,,,"[\""1\""]",,,0,,,0
2455,13309,,,,,,,,0,,,0
2456,13314,,,,,,,,0,,,0
2457,13315,,,,,,,,0,,,0
2458,13319,,,,,,,,0,,,0
2459,13318,,,,,,,,0,,,0
2460,13333,,,,,,,,0,,,0
2461,13335,,,,,,,,0,,,0
2462,13336,,,,,,,,0,,,0
2463,13331,,,,,"[\""1\""]",,,0,,,0
2464,13342,,,,,,,,0,,,0
2465,13344,,,,,,,,0,,,0
2466,13348,,,,,,,,0,,,0
2467,13347,,,,,,,,0,,,0
2468,13353,,,,,,,,0,,,0
2469,13357,,,,,,,,0,,,0
2470,13370,,,,,,,,0,,,0
2471,13380,,,,,"[\""1\"",\""2\""]",,,0,,,0
2472,13395,,,,,,,,0,,,0
2473,13402,,,,,"[\""3\""]",,,0,,,0
2474,13410,,,,,"[\""1\""]",,,0,,,0
2475,13417,,,,,,,,0,,,0
2476,13424,,,,,,,,0,,,0
2477,13434,,,,,,,,0,,,0
2478,13426,"[\""13439\""]",,,,,,,0,,,0
2479,13445,,,,,,,,0,,,0
2480,13454,,,,,,,,0,,,0
2481,13456,,,,,"[\""4\""]",,,0,,,0
2482,13468,,,,,,,,0,,,0
2483,13474,,,,,,,,0,,,0
2484,13483,,,,,,,,0,,,0
2485,13495,,,,,"[\""1\""]",,,0,,,0
2486,13493,,,,,,,,0,,,0
2487,13513,,,,,"[\""2\""]",,,0,,,0
2488,13512,,,,,,,,0,,,0
2489,13514,,,,,,,,0,,,0
2490,13530,,,,,,,,0,,,0
2491,13540,,,,,,,,0,,,0
2492,13539,,,,,,,,0,,,0
2493,13543,,,,,,,,0,,,0
2494,13547,,,,,,,,0,,,0
2495,13545,,,,,,,,0,,,0
2496,13558,,,,,,,,0,,,0
2497,13559,,,,,,,,0,,,0
2498,13556,,,,,,,,0,,,0
2499,13562,,,,,,,,0,,,0
2500,13567,,,,,,,,0,,,0
2501,13574,,,,,,,,0,,,0
2502,13582,,,,,,,,0,,,0
2503,13583,,,,,,,,0,,,0
2504,13586,,,,,,,,0,,,0
2505,13588,,28.4122284,77.0418594,,,,,0,,,0
2506,13593,,,,,,,,0,,,0
2507,13602,,,,,,,,0,,,0
2508,13611,,,,,,,,0,,,0
2509,13609,,,,,,,,0,,,0
2510,13617,,,,,,,,0,,,0
2511,13647,,,,,,,,0,,,0
2512,13658,,,,,,,,0,,,0
2513,13674,,,,,,,,0,,,0
2514,13679,,,,,,,,0,,,0
2515,13712,,,,,,,,0,,,0
2516,13713,,,,,,,,0,,,0
2517,13722,,,,,,,,0,,,0
2518,13723,,,,,,,,0,,,0
2519,13726,,,,,"[\""2\""]",,,0,,,0
2520,13727,,,,,,,,0,,,0
2521,13741,,,,,"[\""1\"",\""2\""]",,,0,,,0
2522,13746,,,,,,,,0,,,0
2523,13747,,,,,,,,0,,,0
2524,13759,,,,,,,,0,,,0
2525,13788,"[\""13789\""]",,,,,,,0,,,0
2526,13807,,,,,,,,0,,,0
2527,13813,,,,,,,,0,,,0
2528,13837,,,,,,,,0,,,0
2529,13853,,,,,,,,0,,,0
2530,13852,,,,,,,,0,,,0
2531,13854,,,,,,,,0,,,0
2532,13857,,,,,,,,0,,,0
2533,13860,,,,,,,,0,,,0
2534,13863,,,,,,,,0,,,0
2535,13871,,,,,,,,0,,,0
2536,13875,,,,,,,,0,,,0
2537,13881,,,,,"[\""1\"",\""2\""]",,,0,,,0
2538,13896,,,,,,,,0,,,0
2539,13897,,,,,,,,0,,,0
2540,13906,,,,,,,,0,,,0
2541,13933,,,,,,,,0,,,0
2542,13934,,,,,"[\""3\"",\""4\""]",,,0,,,0
2543,13955,,,,,,,,0,,,0
2544,13966,,,,,"[\""1\""]",,,0,,,0
2545,13988,,,,,,,,0,,,0
2546,14002,,,,,"[\""1\""]",,,0,,,0
2547,14007,,,,,,,,0,,,0
2548,14011,,,,,,,,0,,,0
2549,14010,,,,,,,,0,,,0
2550,14016,,,,,,,,0,,,0
2551,14015,,,,,,,,0,,,0
2552,14018,,,,,,,,0,,,0
2553,14019,,,,,,,,0,,,0
2554,14021,,,,,,,,0,,,0
2555,14023,,,,,,,,0,,,0
2556,14024,,,,,,,,0,,,0
2557,14025,,,,,"[\""1\"",\""2\""]",,,0,,,0
2558,14028,,,,,,,,0,,,0
2559,14035,,,,,,,,0,,,0
2560,14037,,,,,,,,0,,,0
2561,14045,,,,,,,,0,,,0
2562,14052,,,,,,,,0,,,0
2563,14055,,,,,,,,0,,,0
2564,14057,,,,,,,,0,,,0
2565,14068,,,,,"[\""1\"",\""2\""]",,,0,,,0
2566,13926,,,,,,,,0,,,0
2567,14100,,,,,"[\""1\"",\""2\""]",,,0,,,0
2568,13879,,,,,,,,0,,,0
2569,14113,,,,,"[\""1\""]",,,0,,,0
2570,14125,,,,,,,,0,,,0
2571,14126,,,,,,,,0,,,0
2572,14130,,,,,"[\""1\"",\""2\""]",,,0,,,0
2573,14134,,,,,,,,0,,,0
2574,14139,,,,,"[\""2\"",\""1\""]",,,0,,,0
2575,14183,,,,,,,,0,,,0
2576,14195,,,,,,,,0,,,0
2577,14227,,,,,,,,0,,,0
2578,14218,,,,,,,,0,,,0
2579,14243,,,,,,,,0,,,0
2580,14245,,,,,,,,0,,,0
2581,12833,,,,,,,,0,,,0
2582,14274,,,,,,,,0,,,0
2583,14319,,,,,,,,0,,,0
2584,14324,,,,,,,,0,,,0
2585,14325,,,,,,,,0,,,0
2586,14345,,,,,,,,0,,,0
2587,14357,,,,,,,,0,,,0
2588,14359,,,,,,,,0,,,0
2589,14371,,,,,"[\""1\"",\""2\""]",,,0,,,0
2590,14380,,,,,"[\""1\""]",,,0,,,0
2591,14392,,,,,,,,0,,,0
2592,14401,,,,,,,,0,,,0
2593,14403,,,,,,,,0,,,0
2594,14402,,,,,,,,0,,,0
2595,14410,,,,,,,,0,,,0
2596,14413,,,,,,,,0,,,0
2597,14415,,,,,,,,0,,,0
2598,14419,,,,,,,,0,,,0
2599,14422,,,,,,,,0,,,0
2600,14424,,,,,,,,0,,,0
2601,14437,,,,,"[\""1\"",\""3\""]",,,0,,,0
2602,14444,,,,,,,,0,,,0
2603,14446,,,,,,,,0,,,0
2604,14451,,,,,,,,0,,,0
2605,14456,,,,,,,,0,,,0
2606,14459,,,,,,,,0,,,0
2607,14458,,,,,,,,0,,,0
2608,14460,,,,,,,,0,,,0
2609,14461,,,,,,,,0,,,0
2610,14477,,,,,,,,0,,,0
2611,14488,,,,,,,,0,,,0
2612,14515,,,,,,,,0,,,0
2613,14528,,,,,,,,0,,,0
2614,14531,,,,,,,,0,,,0
2615,14552,,,,,,,,0,,,0
2616,14554,,,,,,,,0,,,0
2617,14565,,,,,"[\""1\"",\""2\""]",,,0,,,0
2618,14587,,,,,,,,0,,,0
2619,14589,,,,,,,,0,,,0
2620,14613,,,,,,,,0,,,0
2621,14625,,,,,,,,0,,,0
2622,14628,,,,,,,,0,,,0
2623,14637,,,,,,,,0,,,0
2624,14638,,,,,,,,0,,,0
2625,14644,,,,,,,,0,,,0
2626,14646,,,,,,,,0,,,0
2627,14656,,,,,,,,0,,,0
2628,14658,,,,,,,,0,,,0
2629,14655,,,,,,,,0,,,0
2630,14665,,,,,,,,0,,,0
2631,14670,,,,,,,,0,,,0
2632,14671,,,,,,,,0,,,0
2633,14674,,,,,,,,0,,,0
2634,14668,,,,,,,,0,,,0
2635,14677,,,,,,,,0,,,0
2636,14679,,,,,,,,0,,,0
2637,14684,,,,,"[\""1\"",\""2\""]",,,0,,,0
2638,14686,,,,,,,,0,,,0
2639,14704,,,,,,,,0,,,0
2640,14702,,,,,"[\""1\"",\""2\""]",,,0,,,0
2641,14713,,,,,,,,0,,,0
2642,14715,,,,,,,,0,,,0
2643,14721,,,,,,,,0,,,0
2644,14720,,,,,,,,0,,,0
2645,14722,,,,,,,,0,,,0
2646,14723,,,,,,,,0,,,0
2647,14746,,,,,,,,0,,,0
2648,14763,,,,,,,,0,,,0
2649,14768,,,,,,,,0,,,0
2650,14777,,,,,,,,0,,,0
2651,14804,,,,,,,,0,,,0
2652,14802,,,,,,,,0,,,0
2653,14818,,,,,,,,0,,,0
2654,14831,,,,,,,,0,,,0
2655,14847,,,,,,,,0,,,0
2656,14863,,,,,,,,0,,,0
2657,14864,,,,,,,,0,,,0
2658,14875,,,,,,,,0,,,0
2659,14882,,,,,"[\""1\""]",,,0,,,0
2660,14892,,,,,"[\""1\"",\""2\"",\""3\""]",,,0,,,0
2661,14903,,,,,,,,0,,,0
2662,14906,,,,,,,,0,,,0
2663,14913,"[\""14915\""]",,,,"[\""1\"",\""2\"",\""4\""]",,,0,,,0
2664,14921,,,,,"[\""2\""]",,,0,,,0
2665,14940,,,,,,,,0,,,0
2666,14747,,,,,,,,0,,,0
2667,14965,,,,,,,,0,,,0
2668,14969,,,,,,,,0,,,0
2669,14971,,,,,,,,0,,,0
2670,14974,,,,,,,,0,,,0
2671,14975,,,,,,,,0,,,0
2672,14978,,,,,,,,0,,,0
2673,14980,,,,,,,,0,,,0
2674,14982,,,,,,,,0,,,0
2675,14981,,,,,"[\""1\"",\""2\""]",,,0,,,0
2676,14984,,,,,,,,0,,,0
2677,14987,,,,,,,,0,,,0
2678,14976,,,,,,,,0,,,0
2679,14988,,,,,,,,0,,,0
2680,14989,,,,,,,,0,,,0
2681,14992,,,,,,,,0,,,0
2682,14996,,,,,,,,0,,,0
2683,15016,,,,,,,,0,,,0
2684,15038,,,,,,,,0,,,0
2685,15045,"[\""14544\""]",,,,"[\""1\""]",,,0,,,0
2686,15053,,,,,"[\""1\"",\""2\"",\""3\""]",,,0,,,0
2687,15049,,,,,,,,0,,,0
2688,15050,,,,,,,,0,,,0
2689,15058,,,,,"[\""1\"",\""2\""]",,,0,,,0
2690,15063,,,,,"[\""2\""]",,,0,,,0
2691,15085,,,,,,,,0,,,0
2692,15105,,,,,,,,0,,,0
2693,15107,,,,,"[\""1\"",\""2\""]",,,0,,,0
2694,15143,,,,,"[\""1\""]",,,0,,,0
2695,15145,,,,,,,,0,,,0
2696,15197,,,,,,,,0,,,0
2697,15199,,,,,,,,0,,,0
2698,15224,,,,,"[\""1\""]",,,0,,,0
2699,15239,,,,,,,,0,,,0
2700,15241,,,,,,,,0,,,0
2701,15259,,,,,,,,0,,,0
2702,15265,,,,,,,,0,,,0
2703,15267,,,,,,,,0,,,0
2704,15271,,,,,,,,0,,,0
2705,15270,,,,,,,,0,,,0
2706,15274,,,,,"[\""1\""]",,,0,,,0
2707,15282,,,,,,,,0,,,0
2708,15295,,,,,,,,0,,,0
2709,15299,,,,,"[\""1\"",\""2\""]",,,0,,,0
2710,15305,,,,,,,,0,,,0
2711,15303,,,,,,,,0,,,0
2712,15308,,,,,,,,0,,,0
2713,15320,,,,,,,,0,,,0
2714,15318,,,,,,,,0,,,0
2715,15326,,,,,,,,0,,,0
2716,15327,,,,,,,,0,,,0
2717,15339,,,,,,,,0,,,0
2718,15343,,,,,,,,0,,,0
2719,15340,"[\""15345\""]",,,,,,,0,,,0
2720,15344,,,,,"[\""1\""]",,,0,,,0
2721,15349,,,,,,,,0,,,0
2722,15355,,,,,,,,0,,,0
2723,15362,,,,,,,,0,,,0
2724,15370,,,,,,,,0,,,0
2725,15383,,,,,,,,0,,,0
2726,15363,,,,,,,,0,,,0
2727,15395,,,,,"[\""1\""]",,,0,,,0
2728,15397,,,,,"[\""2\""]",,,0,,,0
2729,15406,,,,,,,,0,,,0
2730,15416,,,,,"[\""1\"",\""2\""]",,,0,,,0
2731,15426,,,,,,,,0,,,0
2732,15445,,,,,,,,0,,,0
2733,15447,,,,,,,,0,,,0
2734,15460,,,,,,,,0,,,0
2735,15473,,,,,"[\""2\"",\""1\""]",,,0,,,0
2736,15498,,,,,,,,0,,,0
2737,15499,,,,,"[\""4\"",\""3\""]",,,0,,,0
2738,15507,,,,,"[\""1\"",\""3\""]",,,0,,,0
2739,15539,,,,,"[\""1\"",\""2\"",\""3\""]",,,0,,,0
2740,15555,,,,,,,,0,,,0
2741,15558,,,,,,,,0,,,0
2742,15568,,,,,,,,0,,,0
2743,15569,,,,,,,,0,,,0
2744,15572,,,,,,,,0,,,0
2745,15574,,,,,,,,0,,,0
2746,15579,,,,,,,,0,,,0
2747,15580,,,,,,,,0,,,0
2748,15582,,,,,,,,0,,,0
2749,15581,,28.4817973,77.0643614,,,,,0,,,0
2750,15589,,,,,,,,0,,,0
2751,15598,,,,,,,,0,,,0
2752,15602,,,,,,,,0,,,0
2753,15607,,,,,,,,0,,,0
2754,15613,,,,,"[\""1\"",\""2\""]",,,0,,,0
2755,15614,,,,,,,,0,,,0
2756,15618,,,,,,,,0,,,0
2757,15627,,,,,"[\""4\""]",,,0,,,0
2758,15636,,,,,,,,0,,,0
2759,15649,,,,,,,,0,,,0
2760,15662,,,,,,,,0,,,0
2761,15679,,,,,,,,0,,,0
2762,15691,,,,,,,,0,,,0
2763,15698,,,,,"[\""1\"",\""3\""]",,,0,,,0
2764,15696,,,,,,,,0,,,0
2765,15703,,,,,,,,0,,,0
2766,15609,,,,,,,,0,,,0
2767,5497,,,,,,,,0,,,0
2768,15706,,,,,,,,0,,,0
2769,15710,,,,,"[\""2\""]",,,0,,,0
2770,15712,,,,,,,,0,,,0
2771,15750,,,,,,,,0,,,0
2772,15762,,,,,"[\""1\""]",,,0,,,0
2773,15768,,,,,"[\""2\""]",,,0,,,0
2774,15784,,,,,"[\""1\""]",,,0,,,0
2775,11014,,,,,,,,0,,,0
2776,15788,,,,,,,,0,,,0
2777,15795,,,,,,,,0,,,0
2778,15824,,,,,,,,0,,,0
2779,15820,,,,,,,,0,,,0
2780,15839,,,,,,,,0,,,0
2781,15845,,,,,,,,0,,,0
2782,15843,,,,,,,,0,,,0
2783,15851,"[\""15855\""]",,,,,,,0,,,0
2784,15869,,,,,"[\""1\""]",,,0,,,0
2785,15883,,,,,,,,0,,,0
2786,15892,,,,,,,,0,,,0
2787,15882,,,,,,,,0,,,0
2788,15878,,,,,,,,0,,,0
2789,15895,,,,,,,,0,,,0
2790,15897,,,,,,,,0,,,0
2791,15904,,,,,,,,0,,,0
2792,15907,,,,,,,,0,,,0
2793,15910,,,,,,,,0,,,0
2794,15908,,,,,"[\""1\"",\""2\""]",,,0,,,0
2795,15911,,,,,,,,0,,,0
2796,15921,,,,,,,,0,,,0
2797,15932,,,,,"[\""1\"",\""3\""]",,,0,,,0
2798,15930,,,,,,,,0,,,0
2799,15943,,,,,,,,0,,,0
2800,15937,,,,,"[\""2\"",\""1\""]",,,0,,,0
2801,15952,,,,,"[\""4\""]",,,0,,,0
2802,15962,,,,,,,,0,,,0
2803,15980,"[\""15985\""]",,,,"[\""1\""]",,,0,,,0
2804,16013,,,,,"[\""1\"",\""2\""]",,,0,,,0
2805,16022,,,,,"[\""1\""]",,,0,,,0
2806,16068,,,,,,,,0,,,0
2807,16079,,,,,"[\""2\""]",,,0,,,0
2808,16093,,,,,,,,0,,,0
2809,16095,,,,,,,,0,,,0
2810,16102,,,,,,,,0,,,0
2811,16111,,,,,,,,0,,,0
2812,16121,,,,,,,,0,,,0
2813,16136,,,,,,,,0,,,0
2814,16152,,,,,,,,0,,,0
2815,16168,,,,,,,,0,,,0
2816,16175,,,,,,,,0,,,0
2817,16189,,,,,"[\""1\""]",,,0,,,0
2818,16197,,,,,,,,0,,,0
2819,16200,,,,,,,,0,,,0
2820,16204,,,,,,,,0,,,0
2821,16243,,,,,,,,0,,,0
2822,16253,,,,,"[\""1\""]",,,0,,,0
2823,16265,,,,,"[\""1\""]",,,0,,,0
2824,16282,,,,,,,,0,,,0
2825,16290,,,,,"[\""3\""]",,,0,,,0
2826,16313,,,,,,,,0,,,0
2827,16312,,,,,,,,0,,,0
2828,16352,,,,,,,,0,,,0
2829,16351,,,,,,,,0,,,0
2830,16363,,,,,,,,0,,,0
2831,16380,,,,,,,,0,,,0
2832,16371,,,,,,,,0,,,0
2833,16391,,,,,,,,0,,,0
2834,16394,,,,,,,,0,,,0
2835,16410,,,,,"[\""1\""]",,,0,,,0
2836,16404,,,,,,,,0,,,0
2837,16416,,,,,,,,0,,,0
2838,16439,,,,,"[\""4\""]",,,0,,,0
2839,16437,,,,,,,,0,,,0
2840,16451,,,,,,,,0,,,0
2841,16456,,,,,,,,0,,,0
2842,16471,,,,,"[\""3\""]",,,0,,,0
2843,16498,,,,,,,,0,,,0
2844,16510,,,,,,,,0,,,0
2845,16536,,,,,"[\""2\"",\""1\"",\""3\"",\""4\""]",,,0,,,0
2846,16538,,,,,,,,0,,,0
2847,16574,,,,,,,,0,,,0
2848,16581,,,,,,,,0,,,0
2849,16597,,,,,,,,0,,,0
2850,16605,,,,,,,,0,,,0
2851,16606,,,,,"[\""4\""]",,,0,,,0
2852,16612,,,,,"[\""1\""]",,,0,,,0
2853,16616,,,,,,,,0,,,0
2854,16620,,,,,,,,0,,,0
2855,16627,,,,,,,,0,,,0
2856,16633,,,,,,,,0,,,0
2857,16636,,,,,,,,0,,,0
2858,16639,,,,,,,,0,,,0
2859,16634,,,,,,,,0,,,0
2860,16640,,,,,,,,0,,,0
2861,16654,,,,,,,,0,,,0
2862,16659,,,,,,,,0,,,0
2863,16663,,,,,,,,0,,,0
2864,16666,,,,,,,,0,,,0
2865,16665,,,,,"[\""2\""]",,,0,,,0
2866,10971,,16.377515,80.8391628,,,,,0,,,0
2867,16676,,,,,,,,0,,,0
2868,16700,,,,,,,,0,,,0
2869,16703,,,,,,,,0,,,0
2870,16704,,,,,,,,0,,,0
2871,16705,,,,,,,,0,,,0
2872,16723,,,,,,,,0,,,0
2873,16725,,,,,,,,0,,,0
2874,16728,,,,,,,,0,,,0
2875,16727,,,,,,,,0,,,0
2876,16739,,,,,,,,0,,,0
2877,12023,,,,,,,,0,,,0
2878,16491,,,,,,,,0,,,0
2879,16758,,,,,,,,0,,,0
2880,16778,,,,,"[\""1\""]",,,0,,,0
2881,16780,,,,,,,,0,,,0
2882,16783,,,,,,,,0,,,0
2883,16785,,,,,,,,0,,,0
2884,16824,,,,,,,,0,,,0
2885,16812,,,,,,,,0,,,0
2886,16828,,,,,"[\""1\""]",,,0,,,0
2887,16827,,,,,"[\""2\"",\""1\"",\""3\"",\""4\""]",,,0,,,0
2888,16823,,,,,,,,0,,,0
2889,16876,,,,,,,,0,,,0
2890,16874,,,,,"[\""2\""]",,,0,,,0
2891,15722,,,,,"[\""4\""]",,,0,,,0
2892,16889,,,,,,,,0,,,0
2893,16897,,,,,,,,0,,,0
2894,16902,,,,,,,,0,,,0
2895,16907,,,,,"[\""2\""]",,,0,,,0
2896,16865,,,,,,,,0,,,0
2897,16944,,,,,,,,0,,,0
2898,16956,,,,,,,,0,,,0
2899,16965,,,,,,,,0,,,0
2900,16990,,,,,"[\""2\""]",,,0,,,0
2901,16999,,,,,,,,0,,,0
2902,16998,,,,,,,,0,,,0
2903,17000,,,,,,,,0,,,0
2904,17009,,,,,,,,0,,,0
2905,17029,,,,,"[\""1\""]",,,0,,,0
2906,17033,,,,,,,,0,,,0
2907,17014,,,,,,,,0,,,0
2908,17043,,,,,"[\""1\"",\""3\"",\""2\"",\""4\""]",,,0,,,0
2909,17046,,,,,,,,0,,,0
2910,17065,,,,,,,,0,,,0
2911,17075,,,,,,,,0,,,0
2912,15604,,,,,,,,0,,,0
2913,17088,,,,,,,,0,,,0
2914,17093,,,,,,,,0,,,0
2915,17096,,,,,,,,0,,,0
2916,17103,,,,,,,,0,,,0
2917,3191,,,,,"[\""1\""]",,,0,,,0
2918,17105,,,,,,,,0,,,0
2919,17107,,,,,,,,0,,,0
2920,17108,,,,,,,,0,,,0
2921,17094,,,,,,,,0,,,0
2922,17117,,,,,,,,0,,,0
2923,17126,,,,,,,,0,,,0
2924,17136,,,,,,,,0,,,0
2925,17142,,,,,,,,0,,,0
2926,17131,,,,,,,,0,,,0
2927,17150,,,,,,,,0,,,0
2928,17149,,,,,,,,0,,,0
2929,17154,,,,,"[\""4\""]",,,0,,,0
2930,17153,"[\""17159\""]",,,,,,,0,,,0
2931,17161,,,,,,,,0,,,0
2932,17162,,,,,"[\""1\"",\""2\""]",,,0,,,0
2933,17175,,,,,,,,0,,,0
2934,17179,,,,,,,,0,,,0
2935,17205,,,,,,,,0,,,0
2936,17172,,,,,,,,0,,,0
2937,17240,,,,,,,,0,,,0
2938,17275,,,,,,,,0,,,0
2939,17279,,,,,,,,0,,,0
2940,17165,,,,,,,,0,,,0
2941,17305,,,,,,,,0,,,0
2942,17303,,,,,,,,0,,,0
2943,17309,,,,,"[\""2\""]",,,0,,,0
2944,17313,,,,,,,,0,,,0
2945,17322,,,,,,,,0,,,0
2946,14349,,21.8209503,75.6128407,,,,,0,,,0
2947,17325,,,,,"[\""2\""]",,,0,,,0
2948,17323,,,,,,,,0,,,0
2949,17337,,,,,,,,0,,,0
2950,17356,"[\""17363\""]",,,,"[\""1\"",\""2\""]",,,0,,,0
2951,17374,,,,,,,,0,,,0
2952,17376,,,,,,,,0,,,0
2953,17387,,,,,"[\""1\"",\""2\""]",,,0,,,0
2954,17402,,,,,"[\""1\"",\""2\""]",,,0,,,0
2955,17405,,,,,,,,0,,,0
2956,17417,,,,,,,,0,,,0
2957,17415,,,,,,,,0,,,0
2958,17421,,,,,,,,0,,,0
2959,17426,,,,,,,,0,,,0
2960,17435,,,,,,,,0,,,0
2961,17436,,,,,,,,0,,,0
2962,17447,"[\""17455\""]",,,,,,,0,,,0
2963,17456,,,,,,,,0,,,0
2964,17453,,,,,,,,0,,,0
2965,17458,,,,,,,,0,,,0
2966,17461,,,,,,,,0,,,0
2967,17464,,,,,,,,0,,,0
2968,17463,,,,,,,,0,,,0
2969,17460,,,,,,,,0,,,0
2970,17483,,,,,,,,0,,,0
2971,17481,,,,,,,,0,,,0
2972,17486,,,,,,,,0,,,0
2973,2115,,,,,,,,0,,,0
2974,17479,,,,,"[\""1\""]",,,0,,,0
2975,17494,,,,,,,,0,,,0
2976,17499,,,,,,,,0,,,0
2977,17506,,,,,,,,0,,,0
2978,17517,,,,,"[\""4\"",\""2\""]",,,0,,,0
2979,17526,,,,,,,,0,,,0
2980,17437,,,,,,,,0,,,0
2981,17532,,,,,,,,0,,,0
2982,17529,,,,,,,,0,,,0
2983,17534,"[\""17537\""]",,,,,,,0,,,0
2984,17543,,,,,,,,0,,,0
2985,17551,,,,,,,,0,,,0
2986,17557,,,,,"[\""1\"",\""2\""]",,,0,,,0
2987,17560,,,,,"[\""1\""]",,,0,,,0
2988,17567,,,,,,,,0,,,0
2989,17599,,,,,,,,0,,,0
2990,17607,,,,,,,,0,,,0
2991,17629,,,,,"[\""1\""]",,,0,,,0
2992,17635,,,,,"[\""2\""]",,,0,,,0
2993,17638,,,,,"[\""4\""]",,,0,,,0
2994,17653,,,,,,,,0,,,0
2995,17660,,,,,,,,0,,,0
2996,17666,,,,,,,,0,,,0
2997,17681,,,,,,,,0,,,0
2998,17683,,,,,,,,0,,,0
2999,17685,,,,,,,,0,,,0
3000,17687,,,,,"[\""1\""]",,,0,,,0
3001,17696,,,,,"[\""1\"",\""2\"",\""3\"",\""4\""]",,,0,,,0
3002,17704,,,,,,,,0,,,0
3003,17711,,,,,,,,0,,,0
3004,17725,,,,,,,,0,,,0
3005,17735,,,,,"[\""2\""]",,,0,,,0
3006,17737,,,,,,,,0,,,0
3007,17739,,,,,"[\""2\""]",,,0,,,0
3008,13087,,,,,,,,0,,,0
3009,17754,,,,,,,,0,,,0
3010,17759,,,,,,,,0,,,0
3011,17765,,,,,,,,0,,,0
3012,17771,,,,,,,,0,,,0
3013,17774,,,,,,,,0,,,0
3014,17778,,,,,,,,0,,,0
3015,17780,,,,,,,,0,,,0
3016,17781,,,,,,,,0,,,0
3017,17617,,,,,,,,0,,,0
3018,17788,,,,,,,,0,,,0
3019,17806,,28.6828362,77.3834021,,"[\""1\"",\""2\"",\""3\"",\""4\""]",,,0,,,0
3020,17808,,,,,,,,0,,,0
3021,17809,,,,,,,,0,,,0
3022,17823,,,,,,,,0,,,0
3023,17861,,,,,,,,0,,,0
3024,17856,,,,,,,,0,,,0
3025,17875,,,,,"[\""3\""]",,,0,,,0
3026,17891,,,,,"[\""2\""]",,,0,,,0
3027,17898,,,,,,,,0,,,0
3028,17899,,,,,,,,0,,,0
3029,17905,,,,,"[\""2\""]",,,0,,,0
3030,17906,,,,,"[\""1\"",\""2\""]",,,0,,,0
3031,17928,,,,,,,,0,,,0
3032,17944,,,,,,,,0,,,0
3033,17945,,,,,,,,0,,,0
3034,17950,,,,,,,,0,,,0
3035,17953,,,,,,,,0,,,0
3036,17959,,,,,,,,0,,,0
3037,17967,,,,,,,,0,,,0
3038,17971,,,,,,,,0,,,0
3039,17975,,,,,,,,0,,,0
3040,17982,"[\""17984\""]",,,,,,,0,,,0
3041,17993,,,,,"[\""2\""]",,,0,,,0
3042,17995,,,,,,,,0,,,0
3043,17997,,,,,,,,0,,,0
3044,17795,,,,,,,,0,,,0
3045,18014,,,,,,,,0,,,0
3046,18026,,,,,"[\""1\""]",,,0,,,0
3047,18036,,,,,,,,0,,,0
3048,18041,,,,,"[\""1\""]",,,0,,,0
3049,18046,,,,,"[\""2\"",\""1\""]",,,0,,,0
3050,18069,,,,,,,,0,,,0
3051,18078,,,,,,,,0,,,0
3052,18081,,,,,,,,0,,,0
3053,18086,,,,,,,,0,,,0
3054,18091,,,,,,,,0,,,0
3055,18093,,,,,,,,0,,,0
3056,18101,,,,,,,,0,,,0
3057,18115,,,,,,,,0,,,0
3058,18122,,,,,"[\""1\"",\""2\""]",,,0,,,0
3059,18133,,,,,"[\""1\"",\""2\""]",,,0,,,0
3060,18139,,,,,"[\""1\"",\""2\""]",,,0,,,0
3061,18155,,,,,,,,0,,,0
3062,18166,,,,,,,,0,,,0
3063,18170,,,,,,,,0,,,0
3064,18172,,,,,,,,0,,,0
3065,18171,,,,,,,,0,,,0
3066,18167,,,,,,,,0,,,0
3067,18178,,,,,,,,0,,,0
3068,18189,,,,,,,,0,,,0
3069,18217,,,,,,,,0,,,0
3070,18221,,,,,,,,0,,,0
3071,18225,,,,,,,,0,,,0
3072,18232,,,,,,,,0,,,0
3073,18230,,,,,,,,0,,,0
3074,18237,"[\""18239\""]",,,,,,,0,,,0
3075,18252,,,,,,,,0,,,0
3076,18262,,,,,"[\""1\"",\""2\""]",,,0,,,0
3077,18258,,,,,,,,0,,,0
3078,18270,,,,,,,,0,,,0
3079,18266,,,,,,,,0,,,0
3080,18279,,,,,,,,0,,,0
3081,18309,,,,,,,,0,,,0
3082,12413,,,,,,,,0,,,0
3083,18314,,,,,"[\""1\""]",,,0,,,0
3084,18329,,,,,"[\""1\"",\""2\""]",,,0,,,0
3085,18313,,,,,"[\""1\""]",,,0,,,0
3086,18363,,,,,,,,0,,,0
3087,18385,,,,,,,,0,,,0
3088,18390,,,,,,,,0,,,0
3089,18391,,,,,,,,0,,,0
3090,18398,,,,,"[\""3\""]",,,0,,,0
3091,18402,,,,,"[\""1\"",\""2\""]",,,0,,,0
3092,18403,,,,,,,,0,,,0
3093,18418,,,,,,,,0,,,0
3094,18423,,,,,,,,0,,,0
3095,18427,,,,,,,,0,,,0
3096,18442,,,,,"[\""2\""]",,,0,,,0
3097,14464,,,,,,,,0,,,0
3098,18478,,,,,,,,0,,,0
3099,18482,,,,,,,,0,,,0
3100,18477,,,,,,,,0,,,0
3101,18476,,,,,,,,0,,,0
3102,18516,,,,,,,,0,,,0
3103,18526,,,,,,,,0,,,0
3104,18546,,,,,"[\""1\""]",,,0,,,0
3105,18551,,,,,,,,0,,,0
3106,18574,,,,,,,,0,,,0
3107,18583,,,,,,,,0,,,0
3108,18587,,,,,,,,0,,,0
3109,18604,,,,,"[\""1\"",\""2\""]",,,0,,,0
3110,18626,,,,,"[\""1\""]",,,0,,,0
3111,18638,,,,,,,,0,,,0
3112,18652,,,,,,,,0,,,0
3113,18662,,,,,,,,0,,,0
3114,10037,,,,,"[\""1\""]",,,0,,,0
3115,18665,,,,,,,,0,,,0
3116,18669,,,,,,,,0,,,0
3117,18681,,,,,,,,0,,,0
3118,18691,,,,,"[\""1\""]",,,0,,,0
3119,18702,,,,,"[\""3\"",\""1\"",\""2\""]",,,0,,,0
3120,18709,,,,,,,,0,,,0
3121,18730,,,,,,,,0,,,0
3122,18732,,,,,,,,0,,,0
3123,18736,,,,,,,,0,,,0
3124,18747,,,,,,,,0,,,0
3125,18756,,,,,,,,0,,,0
3126,18764,,,,,,,,0,,,0
3127,18774,,,,,,,,0,,,0
3128,18773,,,,,,,,0,,,0
3129,18780,,,,,,,,0,,,0
3130,12131,,,,,,,,0,,,0
3131,18782,,,,,,,,0,,,0
3132,18816,,,,,"[\""2\""]",,,0,,,0
3133,18868,,,,,,,,0,,,0
3134,18873,,,,,,,,0,,,0
3135,18900,,,,,,,,0,,,0
3136,18911,,,,,,,,0,,,0
3137,18915,,,,,,,,0,,,0
3138,18949,,,,,,,,0,,,0
3139,18956,,,,,,,,0,,,0
3140,18996,,,,,,,,0,,,0
3141,18999,"[\""19001\""]",,,,"[\""1\"",\""2\""]",,,0,,,0
3142,19005,,,,,"[\""2\"",\""1\"",\""3\"",\""4\""]",,,0,,,0
3143,19011,,,,,,,,0,,,0
3144,19018,"[\""19022\""]",,,,"[\""1\"",\""2\""]",,,0,,,0
3145,19042,,,,,"[\""2\""]",,,0,,,0
3146,19047,,,,,"[\""2\"",\""1\""]",,,0,,,0
3147,19046,,,,,,,,0,,,0
3148,19070,,,,,,,,0,,,0
3149,19072,,,,,,,,0,,,0
3150,19088,,,,,,,,0,,,0
3151,19101,,,,,,,,0,,,0
3152,19114,,,,,,,,0,,,0
3153,19122,,,,,,,,0,,,0
3154,19127,,,,,,,,0,,,0
3155,19140,,,,,,,,0,,,0
3156,19137,,,,,,,,0,,,0
3157,19133,,,,,,,,0,,,0
3158,19145,"[\""1653\""]",,,,"[\""3\""]",,,0,,,0
3159,19155,,,,,,,,0,,,0
3160,19165,,,,,,,,0,,,0
3161,19168,,,,,,,,0,,,0
3162,19172,,,,,,,,0,,,0
3163,19166,,,,,,,,0,,,0
3164,19169,,,,,,,,0,,,0
3165,19184,,,,,,,,0,,,0
3166,19190,,,,,,,,0,,,0
3167,19191,,,,,,,,0,,,0
3168,19200,,,,,,,,0,,,0
3169,19193,,,,,,,,0,,,0
3170,19007,,,,,,,,0,,,0
3171,19240,,,,,,,,0,,,0
3172,19243,,,,,,,,0,,,0
3173,19260,,,,,,,,0,,,0
3174,19263,,,,,,,,0,,,0
3175,19275,,,,,"[\""1\""]",,,0,,,0
3176,19284,,,,,,,,0,,,0
3177,19286,,,,,,,,0,,,0
3178,19322,,,,,"[\""1\""]",,,0,,,0
3179,19319,,,,,,,,0,,,0
3180,19325,,,,,,,,0,,,0
3181,19336,,,,,,,,0,,,0
3182,19257,,,,,"[\""1\""]",,,0,,,0
3183,19345,,,,,"[\""1\"",\""2\""]",,,0,,,0
3184,19358,,,,,,,,0,,,0
3185,19356,,,,,"[\""1\""]",,,0,,,0
3186,19364,,,,,"[\""1\""]",,,0,,,0
3187,19370,,,,,,,,0,,,0
3188,19382,,,,,,,,0,,,0
3189,19401,,,,,"[\""1\"",\""2\""]",,,0,,,0
3190,19409,,,,,,,,0,,,0
3191,19468,,,,,,,,0,,,0
3192,19478,,,,,,,,0,,,0
3193,19483,,,,,,,,0,,,0
3194,19482,,,,,,,,0,,,0
3195,19497,,,,,,,,0,,,0
3196,19507,,,,,,,,0,,,0
3197,19508,,,,,"[\""2\""]",,,0,,,0
3198,19516,,,,,,,,0,,,0
3199,19517,,,,,,,,0,,,0
3200,19521,,,,,,,,0,,,0
3201,19528,,,,,,,,0,,,0
3202,19538,,,,,,,,0,,,0
3203,19547,,,,,,,,0,,,0
3204,15995,,,,,,,,0,,,0
3205,19562,,,,,"[\""1\"",\""2\""]",,,0,,,0
3206,19577,,,,,,,,0,,,0
3207,19571,,,,,,,,0,,,0
3208,19579,"[\""19596\""]",,,,"[\""2\""]",,,0,,,0
3209,19595,,,,,,,,0,,,0
3210,19597,,,,,,,,0,,,0
3211,19537,,,,,,,,0,,,0
3212,19604,,,,,,,,0,,,0
3213,19612,,,,,,,,0,,,0
3214,19619,,,,,,,,0,,,0
3215,19617,,,,,,,,0,,,0
3216,19613,,,,,,,,0,,,0
3217,19629,,,,,,,,0,,,0
3218,19633,,,,,,,,0,,,0
3219,19643,,,,,,,,0,,,0
3220,19657,,,,,"[\""1\""]",,,0,,,0
3221,19696,,,,,"[\""4\""]",,,0,,,0
3222,19707,,,,,,,,0,,,0
3223,19716,,,,,"[\""1\""]",,,0,,,0
3224,19731,,,,,,,,0,,,0
3225,19747,,,,,,,,0,,,0
3226,19751,"[\""19753\""]",,,,"[\""1\"",\""2\""]",,,0,,,0
3227,19780,,,,,"[\""1\"",\""3\""]",,,0,,,0
3228,19786,,,,,,,,0,,,0
3229,19789,,,,,,,,0,,,0
3230,19801,,,,,,,,0,,,0
3231,19838,,,,,,,,0,,,0
3232,19845,,,,,,,,0,,,0
3233,19846,,,,,,,,0,,,0
3234,19870,,,,,,,,0,,,0
3235,19675,,,,,,,,0,,,0
3236,19872,,,,,,,,0,,,0
3237,19879,,28.448479,77.0758733,,,,,0,,,0
3238,19892,,,,,,,,0,,,0
3239,19895,,,,,,,,0,,,0
3240,19912,,,,,,,,0,,,0
3241,19913,,,,,,,,0,,,0
3242,19915,,,,,,,,0,,,0
3243,19921,,,,,,,,0,,,0
3244,19906,,,,,,,,0,,,0
3245,19953,,,,,,,,0,,,0
3246,19978,,,,,,,,0,,,0
3247,19980,,,,,,,,0,,,0
3248,19985,,,,,,,,0,,,0
3249,19988,,,,,,,,0,,,0
3250,19989,,,,,,,,0,,,0
3251,20007,,,,,,,,0,,,0
3252,20012,,,,,"[\""1\""]",,,0,,,0
3253,20051,"[\""20054\""]",,,,"[\""1\""]",,,0,,,0
3254,20069,,,,,,,,0,,,0
3255,20071,,,,,"[\""1\""]",,,0,,,0
3256,20078,,,,,,,,0,,,0
3257,19711,,,,,,,,0,,,0
3258,19994,,,,,,,,0,,,0
3259,20097,,,,,,,,0,,,0
3260,20113,,,,,,,,0,,,0
3261,20125,,,,,"[\""1\"",\""2\""]",,,0,,,0
3262,20131,,,,,,,,0,,,0
3263,20146,,,,,,,,0,,,0
3264,8148,,,,,,,,0,,,0
3265,8066,,,,,"[\""2\"",\""1\""]",,,0,,,0
3266,20182,,,,,,,,0,,,0
3267,20194,,,,,,,,0,,,0
3268,20179,,,,,,,,0,,,0
3269,20197,,,,,,,,0,,,0
3270,20203,,,,,,,,0,,,0
3271,20200,,,,,,,,0,,,0
3272,20201,,,,,,,,0,,,0
3273,20208,,,,,,,,0,,,0
3274,20223,,,,,,,,0,,,0
3275,20229,,,,,,,,0,,,0
3276,20235,,,,,,,,0,,,0
3277,20252,,,,,,,,0,,,0
3278,20261,,,,,,,,0,,,0
3279,20264,,,,,,,,0,,,0
3280,20253,,,,,,,,0,,,0
3281,20272,,,,,"[\""2\"",\""1\""]",,,0,,,0
3282,20278,,,,,,,,0,,,0
3283,20282,,,,,"[\""1\"",\""2\""]",,,0,,,0
3284,20289,,,,,,,,0,,,0
3285,20275,,,,,"[\""2\"",\""1\""]",,,0,,,0
3286,20300,,,,,,,,0,,,0
3287,20302,,,,,,,,0,,,0
3288,20328,,,,,,,,0,,,0
3289,20331,,,,,,,,0,,,0
3290,20348,,,,,"[\""2\""]",,,0,,,0
3291,20352,,,,,,,,0,,,0
3292,20350,,,,,,,,0,,,0
3293,20351,,28.6221408,77.4201252,,"[\""1\"",\""2\""]",,,0,,,0
3294,20362,,,,,,,,0,,,0
3295,20393,,,,,,,,0,,,0
3296,20401,,,,,,,,0,,,0
3297,20353,,,,,,,,0,,,0
3298,20403,,,,,,,,0,,,0
3299,20428,,,,,"[\""4\""]",,,0,,,0
3300,20427,,,,,"[\""2\""]",,,0,,,0
3301,20448,,,,,,,,0,,,0
3302,20445,,,,,"[\""2\""]",,,0,,,0
3303,20465,,,,,,,,0,,,0
3304,20466,,,,,"[\""1\""]",,,0,,,0
3305,20483,,,,,,,,0,,,0
3306,20492,,,,,,,,0,,,0
3307,20510,,,,,"[\""1\""]",,,0,,,0
3308,20520,,,,,,,,0,,,0
3309,20531,,,,,"[\""2\""]",,,0,,,0
3310,20537,,,,,"[\""2\""]",,,0,,,0
3311,20548,,,,,,,,0,,,0
3312,20562,,,,,"[\""1\""]",,,0,,,0
3313,20568,,,,,,,,0,,,0
3314,20600,,,,,,,,0,,,0
3315,20606,,,,,,,,0,,,0
3316,20603,,,,,"[\""1\"",\""2\""]",,,0,,,0
3317,20599,,,,,,,,0,,,0
3318,20619,,,,,,,,0,,,0
3319,20623,,,,,,,,0,,,0
3320,20625,,,,,,,,0,,,0
3321,20630,,,,,,,,0,,,0
3322,20646,,,,,"[\""1\"",\""2\""]",,,0,,,0
3323,20649,,,,,,,,0,,,0
3324,20651,,,,,,,,0,,,0
3325,20640,,,,,,,,0,,,0
3326,20657,,,,,,,,0,,,0
3327,20671,,,,,,,,0,,,0
3328,20681,,,,,,,,0,,,0
3329,20716,,,,,,,,0,,,0
3330,20708,,,,,,,,0,,,0
3331,20725,,,,,,,,0,,,0
3332,20773,,,,,,,,0,,,0
3333,20772,,,,,,,,0,,,0
3334,20813,,,,,,,,0,,,0
3335,20814,,,,,,,,0,,,0
3336,20819,,,,,,,,0,,,0
3337,20835,,,,,"[\""2\""]",,,0,,,0
3338,20853,,,,,"[\""2\""]",,,0,,,0
3339,20865,,,,,,,,0,,,0
3340,20871,,,,,,,,0,,,0
3341,20872,,,,,,,,0,,,0
3342,20874,,,,,,,,0,,,0
3343,20894,,,,,"[\""2\""]",,,0,,,0
3344,20900,,,,,,,,0,,,0
3345,20910,,,,,"[\""1\"",\""2\"",\""3\"",\""4\""]",,,0,,,0
3346,20931,,,,,,,,0,,,0
3347,4341,,,,,,,,0,,,0
3348,20940,,,,,"[\""1\""]",,,0,,,0
3349,20962,,,,,,,,0,,,0
3350,20968,,,,,,,,0,,,0
3351,20975,,,,,,,,0,,,0
3352,20979,,,,,,,,0,,,0
3353,20984,,,,,,,,0,,,0
3354,20987,,,,,,,,0,,,0
3355,21006,,,,,"[\""1\""]",,,0,,,0
3356,21039,,,,,"[\""1\""]",,,0,,,0
3357,21046,,,,,"[\""1\"",\""2\""]",,,0,,,0
3358,21056,,,,,,,,0,,,0
3359,21072,,,,,,,,0,,,0
3360,21096,,,,,,,,0,,,0
3361,21115,,,,,"[\""1\""]",,,0,,,0
3362,21124,,,,,,,,0,,,0
3363,21131,,,,,,,,0,,,0
3364,21136,,,,,,,,0,,,0
3365,21137,,,,,,,,0,,,0
3366,21173,,,,,,,,0,,,0
3367,21186,,,,,,,,0,,,0
3368,21200,,,,,,,,0,,,0
3369,21197,,,,,"[\""2\""]",,,0,,,0
3370,21217,,,,,"[\""2\""]",,,0,,,0
3371,21227,,,,,,,,0,,,0
3372,21240,,,,,,,,0,,,0
3373,21244,,,,,"[\""1\"",\""2\""]",,,0,,,0
3374,21253,,,,,,,,0,,,0
3375,21260,,,,,"[\""1\"",\""2\"",\""3\"",\""4\""]",,,0,,,0
3376,21271,,,,,,,,0,,,0
3377,21272,,,,,,,,0,,,0
3378,21311,,,,,,,,0,,,0
3379,21340,,,,,"[\""1\""]",,,0,,,0
3380,21346,,,,,,,,0,,,0
3381,21369,,,,,,,,0,,,0
3382,21375,,,,,"[\""2\"",\""1\""]",,,0,,,0
3383,21384,,,,,,,,0,,,0
3384,21393,,,,,"[\""4\""]",,,0,,,0
3385,21413,,,,,,,,0,,,0
3386,21431,,,,,,,,0,,,0
3387,21447,,,,,,,,0,,,0
3388,21448,,,,,"[\""1\""]",,,0,,,0
3389,21454,,,,,"[\""1\""]",,,0,,,0
3390,21463,,,,,"[\""1\""]",,,0,,,0
3391,21465,,,,,,,,0,,,0
3392,21473,,,,,"[\""1\""]",,,0,,,0
3393,21477,,,,,,,,0,,,0
3394,21478,,,,,"[\""1\""]",,,0,,,0
3395,21481,,,,,"[\""2\""]",,,0,,,0
3396,21485,,,,,"[\""1\""]",,,0,,,0
3397,21486,,,,,,,,0,,,0
3398,21498,,,,,,,,0,,,0
3399,21504,,,,,,,,0,,,0
3400,21508,,,,,,,,0,,,0
3401,21528,,,,,,,,0,,,0
3402,21532,,,,,"[\""1\"",\""2\"",\""3\"",\""4\""]",,,0,,,0
3403,21547,,,,,,,,0,,,0
3404,20728,,,,,,,,0,,,0
3405,21439,,,,,,,,0,,,0
3406,21560,,,,,,,,0,,,0
3407,21589,,,,,,,,0,,,0
3408,21599,,,,,,,,0,,,0
3409,21597,,,,,"[\""4\""]",,,0,,,0
3410,21604,,,,,"[\""1\""]",,,0,,,0
3411,21602,,,,,"[\""1\""]",,,0,,,0
3412,21606,,,,,,,,0,,,0
3413,21609,,,,,,,,0,,,0
3414,21614,,,,,,,,0,,,0
3415,21612,,,,,,,,0,,,0
3416,21617,,,,,"[\""1\"",\""2\""]",,,0,,,0
3417,21624,,,,,,,,0,,,0
3418,21629,,,,,,,,0,,,0
3419,21638,,,,,"[\""2\""]",,,0,,,0
3420,21649,,,,,,,,0,,,0
3421,21661,,,,,,,,0,,,0
3422,21655,,,,,,,,0,,,0
3423,21674,,,,,,,,0,,,0
3424,21652,,,,,,,,0,,,0
3425,21686,,,,,,,,0,,,0
3426,21689,,,,,,,,0,,,0
3427,21691,,,,,,,,0,,,0
3428,21611,,,,,,,,0,,,0
3429,21709,,,,,,,,0,,,0
3430,21712,,,,,,,,0,,,0
3431,21723,,,,,"[\""1\""]",,,0,,,0
3432,21726,"[\""21731\""]",,,,,,,0,,,0
3433,21749,,,,,,,,0,,,0
3434,21795,,,,,,,,0,,,0
3435,21798,,,,,"[\""4\""]",,,0,,,0
3436,21817,,,,,"[\""1\"",\""2\""]",,,0,,,0
3437,21837,,,,,"[\""1\"",\""2\""]",,,0,,,0
3438,21841,,,,,,,,0,,,0
3439,21854,,,,,,,,0,,,0
3440,21880,,,,,,,,0,,,0
3441,21890,,,,,,,,0,,,0
3442,21901,,,,,,,,0,,,0
3443,21904,,,,,,,,0,,,0
3444,21921,,,,,,,,0,,,0
3445,21923,,,,,,,,0,,,0
3446,21924,,,,,"[\""2\"",\""4\""]",,,0,,,0
3447,21928,,,,,,,,0,,,0
3448,21929,,,,,"[\""1\"",\""3\""]",,,0,,,0
3449,10067,,,,,"[\""1\"",\""2\""]",,,0,,,0
3450,21947,,,,,,,,0,,,0
3451,21948,,,,,"[\""1\""]",,,0,,,0
3452,21984,,,,,,,,0,,,0
3453,21994,,,,,,,,0,,,0
3454,21998,,,,,,,,0,,,0
3455,22011,,,,,,,,0,,,0
3456,22007,,,,,,,,0,,,0
3457,21218,,,,,,,,0,,,0
3458,22034,,,,,,,,0,,,0
3459,22037,,,,,,,,0,,,0
3460,22033,,,,,,,,0,,,0
3461,22042,"[\""22049\""]",,,,"[\""2\""]",,,0,,,0
3462,22057,,,,,,,,0,,,0
3463,22060,,,,,"[\""2\""]",,,0,,,0
3464,22059,,,,,,,,0,,,0
3465,22058,,,,,,,,0,,,0
3466,22101,,,,,"[\""1\""]",,,0,,,0
3467,22110,,,,,"[\""1\"",\""2\""]",,,0,,,0
3468,22113,,,,,"[\""2\""]",,,0,,,0
3469,22082,,,,,,,,0,,,0
3470,22023,,,,,,,,0,,,0
3471,22126,,,,,,,,0,,,0
3472,22128,,,,,,,,0,,,0
3473,22133,,,,,,,,0,,,0
3474,22149,,,,,"[\""2\"",\""1\""]",,,0,,,0
3475,22152,,,,,,,,0,,,0
3476,22161,,,,,,,,0,,,0
3477,22164,,,,,,,,0,,,0
3478,22166,,,,,,,,0,,,0
3479,22173,,,,,,,,0,,,0
3480,22170,,,,,,,,0,,,0
3481,22169,,,,,,,,0,,,0
3482,22200,,,,,,,,0,,,0
3483,22204,,,,,,,,0,,,0
3484,22224,,,,,,,,0,,,0
3485,22235,,,,,"[\""1\""]",,,0,,,0
3486,22244,,,,,"[\""1\""]",,,0,,,0
3487,22249,,23.1728949,79.9273153,,,,,0,,,0
3488,22297,,,,,"[\""1\"",\""2\""]",,,0,,,0
3489,22299,,,,,,,,0,,,0
3490,22300,,,,,,,,0,,,0
3491,22264,,,,,,,,0,,,0
3492,22324,,,,,"[\""1\""]",,,0,,,0
3493,22353,"[\""2997\""]",,,,,,,0,,,0
3494,22366,,,,,,,,0,,,0
3495,22386,,,,,,,,0,,,0
3496,22393,,,,,"[\""1\"",\""2\""]",,,0,,,0
3497,22404,,,,,,,,0,,,0
3498,22413,,,,,"[\""1\"",\""2\"",\""3\"",\""4\""]",,,0,,,0
3499,22463,,,,,"[\""2\""]",,,0,,,0
3500,22471,,,,,,,,0,,,0
3501,22482,,,,,,,,0,,,0
3502,22499,,,,,,,,0,,,0
3503,22500,,,,,,,,0,,,0
3504,22506,"[\""22513\""]",,,,,,,0,,,0
3505,22524,,,,,"[\""2\""]",,,0,,,0
3506,22534,,,,,,,,0,,,0
3507,22542,,,,,,,,0,,,0
3508,22564,,,,,"[\""1\"",\""2\""]",,,0,,,0
3509,22573,,,,,"[\""1\""]",,,0,,,0
3510,22574,,,,,,,,0,,,0
3511,22586,,,,,,,,0,,,0
3512,22604,,,,,"[\""1\"",\""2\""]",,,0,,,0
3513,22618,,,,,,,,0,,,0
3514,22642,,,,,,,,0,,,0
3515,22643,,,,,,,,0,,,0
3516,22665,,,,,"[\""1\""]",,,0,,,0
3517,22671,,,,,,,,0,,,0
3518,22701,,,,,,,,0,,,0
3519,22713,,,,,,,,0,,,0
3520,22746,,,,,"[\""1\""]",,,0,,,0
3521,22769,,,,,,,,0,,,0
3522,22798,,,,,"[\""1\""]",,,0,,,0
3523,22803,,,,,,,,0,,,0
3524,22810,,,,,,,,0,,,0
3525,22808,,,,,"[\""4\""]",,,0,,,0
3526,22816,,,,,,,,0,,,0
3527,22817,,,,,,,,0,,,0
3528,22840,,,,,"[\""1\"",\""2\""]",,,0,,,0
3529,22844,,,,,,,,0,,,0
3530,22849,,,,,"[\""4\""]",,,0,,,0
3531,22857,,,,,,,,0,,,0
3532,22859,,,,,,,,0,,,0
3533,22885,,,,,"[\""1\""]",,,0,,,0
3534,22887,,,,,"[\""1\"",\""2\"",\""3\"",\""4\""]",,,0,,,0
3535,22893,,,,,,,,0,,,0
3536,22922,,,,,"[\""2\"",\""3\"",\""4\"",\""1\""]",,,0,,,0
3537,22939,,,,,,,,0,,,0
3538,22946,,,,,,,,0,,,0
3539,22983,,,,,"[\""4\""]",,,0,,,0
3540,22986,,,,,,,,0,,,0
3541,22989,,,,,,,,0,,,0
3542,23018,,,,,"[\""1\"",\""2\""]",,,0,,,0
3543,23026,,,,,,,,0,,,0
3544,23031,,,,,,,,0,,,0
3545,23032,,,,,,,,0,,,0
3546,23051,,,,,,,,0,,,0
3547,23057,,,,,,,,0,,,0
3548,23058,,,,,,,,0,,,0
3549,23062,,,,,"[\""4\"",\""2\""]",,,0,,,0
3550,23071,,,,,"[\""1\""]",,,0,,,0
3551,23079,,,,,"[\""1\""]",,,0,,,0
3552,23094,,,,,"[\""2\"",\""1\""]",,,0,,,0
3553,23101,,,,,,,,0,,,0
3554,23112,,,,,"[\""1\"",\""2\"",\""3\"",\""4\""]",,,0,,,0
3555,23128,,,,,,,,0,,,0
3556,23049,,,,,,,,0,,,0
3557,23151,,,,,"[\""1\""]",,,0,,,0
3558,23153,,,,,,,,0,,,0
3559,23155,,,,,,,,0,,,0
3560,22760,,,,,,,,0,,,0
3561,23158,,,,,,,,0,,,0
3562,23166,,,,,,,,0,,,0
3563,23162,,,,,,,,0,,,0
3564,23170,,,,,"[\""1\"",\""2\""]",,,0,,,0
3565,23175,,,,,,,,0,,,0
3566,23184,,,,,,,,0,,,0
3567,23183,,,,,,,,0,,,0
3568,23191,,,,,"[\""1\"",\""2\""]",,,0,,,0
3569,23210,,,,,,,,0,,,0
3570,23212,"[\""23217\""]",,,,,,,0,,,0
3571,23218,,,,,,,,0,,,0
3572,23222,,,,,,,,0,,,0
3573,23220,,,,,,,,0,,,0
3574,23224,,,,,,,,0,,,0
3575,23227,,,,,,,,0,,,0
3576,23236,,,,,,,,0,,,0
3577,13491,,,,,,,,0,,,0
3578,23255,,,,,"[\""1\"",\""2\""]",,,0,,,0
3579,23251,,,,,,,,0,,,0
3580,23254,,,,,,,,0,,,0
3581,23257,,,,,,,,0,,,0
3582,23261,,,,,,,,0,,,0
3583,23280,,,,,,,,0,,,0
3584,23292,,,,,,,,0,,,0
3585,23300,,,,,"[\""2\""]",,,0,,,0
3586,23297,,,,,,,,0,,,0
3587,23308,,,,,,,,0,,,0
3588,23320,,,,,,,,0,,,0
3589,23323,,,,,,,,0,,,0
3590,23328,,,,,,,,0,,,0
3591,22933,,,,,,,,0,,,0
3592,23339,,,,,,,,0,,,0
3593,23352,,,,,,,,0,,,0
3594,23388,,,,,,,,0,,,0
3595,23401,,,,,,,,0,,,0
3596,23405,,,,,"[\""2\""]",,,0,,,0
3597,23413,,,,,,,,0,,,0
3598,23423,,,,,,,,0,,,0
3599,23433,,,,,,,,0,,,0
3600,23476,,,,,,,,0,,,0
3601,23495,,,,,,,,0,,,0
3602,23502,,,,,"[\""1\""]",,,0,,,0
3603,23506,,,,,"[\""3\"",\""4\""]",,,0,,,0
3604,23538,,,,,,,,0,,,0
3605,23560,,,,,"[\""2\""]",,,0,,,0
3606,23569,,,,,,,,0,,,0
3607,23573,,,,,"[\""1\""]",,,0,,,0
3608,23565,,,,,"[\""2\""]",,,0,,,0
3609,23588,,,,,,,,0,,,0
3610,23589,,,,,"[\""1\"",\""2\""]",,,0,,,0
3611,23592,,,,,"[\""1\""]",,,0,,,0
3612,23597,,,,,,,,0,,,0
3613,23603,,,,,"[\""1\"",\""2\""]",,,0,,,0
3614,23614,,,,,,,,0,,,0
3615,23622,,,,,,,,0,,,0
3616,23624,,,,,"[\""1\""]",,,0,,,0
3617,23636,,,,,,,,0,,,0
3618,23666,,,,,,,,0,,,0
3619,23673,,,,,"[\""1\""]",,,0,,,0
3620,23676,,,,,"[\""4\""]",,,0,,,0
3621,23677,,,,,,,,0,,,0
3622,23707,,,,,,,,0,,,0
3623,23711,,,,,,,,0,,,0
3624,23644,,,,,"[\""1\""]",,,0,,,0
3625,23721,,,,,,,,0,,,0
3626,23749,,,,,,,,0,,,0
3627,23751,,,,,,,,0,,,0
3628,23765,,,,,"[\""1\"",\""2\""]",,,0,,,0
3629,23768,,,,,,,,0,,,0
3630,23771,,,,,"[\""1\""]",,,0,,,0
3631,23781,,,,,,,,0,,,0
3632,23785,,,,,,,,0,,,0
3633,23793,,,,,"[\""1\""]",,,0,,,0
3634,23798,,,,,,,,0,,,0
3635,23799,,,,,,,,0,,,0
3636,23813,,,,,,,,0,,,0
3637,23821,,,,,,,,0,,,0
3638,23840,,,,,,,,0,,,0
3639,23807,,,,,,,,0,,,0
3640,23843,,,,,,,,0,,,0
3641,23857,,,,,,,,0,,,0
3642,23858,,,,,"[\""1\""]",,,0,,,0
3643,23861,,,,,"[\""1\"",\""2\""]",,,0,,,0
3644,23865,,,,,,,,0,,,0
3645,23863,,,,,,,,0,,,0
3646,23877,,,,,"[\""1\""]",,,0,,,0
3647,23874,,,,,"[\""1\"",\""2\"",\""3\"",\""4\""]",,,0,,,0
3648,23885,,,,,,,,0,,,0
3649,23881,,,,,,,,0,,,0
3650,23886,,,,,"[\""1\"",\""2\""]",,,0,,,0
3651,23893,,,,,,,,0,,,0
3652,23901,,,,,,,,0,,,0
3653,23898,,,,,,,,0,,,0
3654,23918,,,,,,,,0,,,0
3655,23932,,,,,,,,0,,,0
3656,23941,,,,,,,,0,,,0
3657,23960,,,,,,,,0,,,0
3658,23966,,,,,,,,0,,,0
3659,23981,,,,,,,,0,,,0
3660,23983,,,,,,,,0,,,0
3661,23990,,,,,,,,0,,,0
3662,23995,,,,,,,,0,,,0
3663,23998,,,,,"[\""1\"",\""2\""]",,,0,,,0
3664,24018,,,,,,,,0,,,0
3665,24021,,,,,"[\""1\"",\""3\""]",,,0,,,0
3666,24022,,,,,"[\""1\""]",,,0,,,0
3667,24029,,,,,"[\""1\""]",,,0,,,0
3668,24044,,,,,"[\""1\"",\""2\""]",,,0,,,0
3669,24048,,,,,"[\""1\"",\""2\""]",,,0,,,0
3670,23929,,,,,,,,0,,,0
3671,24055,,,,,"[\""3\""]",,,0,,,0
3672,24057,,,,,,,,0,,,0
3673,24063,,,,,,,,0,,,0
3674,24064,,,,,,,,0,,,0
3675,24071,,,,,,,,0,,,0
3676,22267,,,,,,,,0,,,0
3677,24073,,,,,,,,0,,,0
3678,24077,,,,,"[\""1\""]",,,0,,,0
3679,24090,,,,,"[\""2\""]",,,0,,,0
3680,24093,,,,,,,,0,,,0
3681,24091,,,,,,,,0,,,0
3682,24101,,,,,,,,0,,,0
3683,14631,,,,,,,,0,,,0
3684,24128,,,,,,,,0,,,0
3685,24147,,,,,,,,0,,,0
3686,24152,,,,,,,,0,,,0
3687,24160,,,,,,,,0,,,0
3688,24168,,,,,,,,0,,,0
3689,24166,,,,,"[\""1\""]",,,0,,,0
3690,24187,,,,,,,,0,,,0
3691,24194,,,,,,,,0,,,0
3692,24216,,,,,,,,0,,,0
3693,24230,,,,,"[\""2\""]",,,0,,,0
3694,22394,,13.1637405,77.6337043,,,,,0,,,0
3695,24244,,,,,"[\""1\""]",,,0,,,0
3696,24264,,,,,,,,0,,,0
3697,24267,,,,,,,,0,,,0
3698,24285,,,,,,,,0,,,0
3699,24287,,,,,"[\""1\""]",,,0,,,0
3700,24291,,,,,"[\""1\""]",,,0,,,0
3701,24294,,,,,,,,0,,,0
3702,24304,,,,,,,,0,,,0
3703,24295,,,,,"[\""1\"",\""3\"",\""2\""]",,,0,,,0
3704,24320,,,,,,,,0,,,0
3705,24325,,,,,,,,0,,,0
3706,24334,,,,,,,,0,,,0
3707,24337,,,,,,,,0,,,0
3708,24346,,,,,,,,0,,,0
3709,24355,,,,,,,,0,,,0
3710,24358,,,,,,,,0,,,0
3711,24363,,,,,,,,0,,,0
3712,24368,,,,,,,,0,,,0
3713,24374,,,,,,,,0,,,0
3714,24378,,,,,,,,0,,,0
3715,24376,,,,,,,,0,,,0
3716,24377,,,,,,,,0,,,0
3717,24380,,,,,"[\""1\"",\""2\""]",,,0,,,0
3718,24391,,,,,,,,0,,,0
3719,24407,,,,,,,,0,,,0
3720,24409,"[\""24414\""]",,,,"[\""4\""]",,,0,,,0
3721,24439,,,,,"[\""1\""]",,,0,,,0
3722,24435,,,,,"[\""1\"",\""3\"",\""2\"",\""4\""]",,,0,,,0
3723,24463,,,,,"[\""1\"",\""2\""]",,,0,,,0
3724,3858,,,,,,,,0,,,0
3725,1889,,,,,"[\""2\"",\""1\""]",,,0,,,0
3726,24468,,,,,"[\""3\""]",,,0,,,0
3727,24493,,,,,,,,0,,,0
3728,24504,,,,,,,,0,,,0
3729,24509,,,,,,,,0,,,0
3730,24512,,,,,"[\""1\""]",,,0,,,0
3731,24534,,,,,,,,0,,,0
3732,24545,,,,,"[\""2\""]",,,0,,,0
3733,24552,,,,,,,,0,,,0
3734,24557,,,,,"[\""2\""]",,,0,,,0
3735,24553,,,,,"[\""1\"",\""2\"",\""4\"",\""3\""]",,,0,,,0
3736,24582,,,,,,,,0,,,0
3737,24565,,,,,,,,0,,,0
3738,24593,,,,,,,,0,,,0
3739,24588,,,,,"[\""1\""]",,,0,,,0
3740,24602,,,,,"[\""1\"",\""2\""]",,,0,,,0
3741,24624,,,,,,,,0,,,0
3742,24629,,,,,"[\""2\""]",,,0,,,0
3743,24635,,,,,"[\""1\"",\""2\"",\""3\"",\""4\""]",,,0,,,0
3744,24642,,,,,"[\""1\"",\""3\"",\""2\"",\""4\""]",,,0,,,0
3745,24655,,,,,"[\""1\"",\""2\"",\""3\"",\""4\""]",,,0,,,0
3746,24695,,,,,,,,0,,,0
3747,24697,,,,,"[\""2\"",\""3\""]",,,0,,,0
3748,24706,,,,,,,,0,,,0
3749,24714,,,,,,,,0,,,0
3750,24715,,,,,,,,0,,,0
3751,24716,,,,,,,,0,,,0
3752,24726,,,,,,,,0,,,0
3753,24735,,,,,"[\""1\"",\""4\"",\""2\"",\""3\""]",,,0,,,0
3754,24745,,,,,,,,0,,,0
3755,24748,,,,,"[\""2\""]",,,0,,,0
3756,24743,,,,,,,,0,,,0
3757,24763,,,,,"[\""2\"",\""1\""]",,,0,,,0
3758,24770,,,,,,,,0,,,0
3759,24794,,,,,,,,0,,,0
3760,24793,,,,,,,,0,,,0
3761,24804,,,,,,,,0,,,0
3762,24814,,,,,,,,0,,,0
3763,24842,,,,,,,,0,,,0
3764,24845,,,,,"[\""1\"",\""3\"",\""2\""]",,,0,,,0
3765,24841,,,,,,,,0,,,0
3766,24861,,,,,,,,0,,,0
3767,24864,,,,,,,,0,,,0
3768,24901,,,,,,,,0,,,0
3769,24944,,,,,"[\""1\""]",,,0,,,0
3770,24948,,,,,"[\""1\"",\""2\""]",,,0,,,0
3771,24957,,,,,,,,0,,,0
3772,24961,,,,,"[\""3\""]",,,0,,,0
3773,24984,,,,,,,,0,,,0
3774,24994,,,,,"[\""1\""]",,,0,,,0
3775,24963,,,,,,,,0,,,0
3776,25010,,,,,,,,0,,,0
3777,25049,,,,,,,,0,,,0
3778,25059,,,,,,,,0,,,0
3779,25064,,,,,"[\""1\""]",,,0,,,0
3780,25080,,,,,"[\""1\"",\""2\"",\""3\""]",,,0,,,0
3781,25085,,,,,,,,0,,,0
3782,25099,,,,,,,,0,,,0
3783,25108,,,,,"[\""1\""]",,,0,,,0
3784,25112,,,,,,,,0,,,0
3785,25115,,,,,"[\""2\""]",,,0,,,0
3786,24978,,,,,,,,0,,,0
3787,25119,,,,,,,,0,,,0
3788,25129,,,,,,,,0,,,0
3789,25135,,,,,,,,0,,,0
3790,25138,,,,,,,,0,,,0
3791,25143,,,,,,,,0,,,0
3792,25147,,,,,,,,0,,,0
3793,25148,,,,,,,,0,,,0
3794,25159,,,,,,,,0,,,0
3795,25162,,,,,,,,0,,,0
3796,25169,,,,,,,,0,,,0
3797,25172,,,,,,,,0,,,0
3798,25173,,,,,,,,0,,,0
3799,25170,,,,,,,,0,,,0
3800,25195,,,,,,,,0,,,0
3801,25208,,,,,"[\""1\"",\""2\""]",,,0,,,0
3802,25213,,,,,,,,0,,,0
3803,25231,,,,,,,,0,,,0
3804,25230,,,,,"[\""1\""]",,,0,,,0
3805,25244,,,,,,,,0,,,0
3806,25270,,,,,,,,0,,,0
3807,25273,,,,,,,,0,,,0
3808,25296,,,,,,,,0,,,0
3809,25316,,,,,,,,0,,,0
3810,25317,,,,,"[\""1\""]",,,0,,,0
3811,25318,,,,,,,,0,,,0
3812,25321,,,,,"[\""1\"",\""2\""]",,,0,,,0
3813,25336,,,,,"[\""2\""]",,,0,,,0
3814,25360,,,,,,,,0,,,0
3815,25376,,,,,,,,0,,,0
3816,25379,,,,,"[\""1\""]",,,0,,,0
3817,25389,,,,,"[\""1\"",\""2\""]",,,0,,,0
3818,25399,,,,,,,,0,,,0
3819,25407,,,,,"[\""1\""]",,,0,,,0
3820,25405,,,,,"[\""1\"",\""3\""]",,,0,,,0
3821,25409,,,,,,,,0,,,0
3822,25427,,,,,,,,0,,,0
3823,25461,,,,,,,,0,,,0
3824,25463,,,,,"[\""1\"",\""2\""]",,,0,,,0
3825,25477,,,,,"[\""3\""]",,,0,,,0
3826,25480,,,,,,,,0,,,0
3827,25500,,,,,,,,0,,,0
3828,25509,,,,,"[\""2\"",\""4\"",\""1\""]",,,0,,,0
3829,25526,,,,,,,,0,,,0
3830,25527,,,,,,,,0,,,0
3831,25541,,,,,"[\""1\""]",,,0,,,0
3832,25542,,,,,,,,0,,,0
3833,25540,,,,,,,,0,,,0
3834,25539,,,,,"[\""1\""]",,,0,,,0
3835,25538,,,,,,,,0,,,0
3836,25564,,,,,"[\""1\"",\""2\""]",,,0,,,0
3837,25562,,,,,,,,0,,,0
3838,25583,,,,,,,,0,,,0
3839,25589,,,,,,,,0,,,0
3840,25584,,,,,,,,0,,,0
3841,25602,,,,,,,,0,,,0
3842,25603,,,,,"[\""1\"",\""2\"",\""3\"",\""4\""]",,,0,,,0
3843,25604,,,,,"[\""1\""]",,,0,,,0
3844,25607,,,,,,,,0,,,0
3845,25615,,,,,,,,0,,,0
3846,25616,,,,,,,,0,,,0
3847,25628,,,,,"[\""1\"",\""2\""]",,,0,,,0
3848,25635,,,,,,,,0,,,0
3849,25630,,,,,"[\""1\""]",,,0,,,0
3850,25644,,,,,"[\""1\""]",,,0,,,0
3851,25653,,,,,,,,0,,,0
3852,25667,,,,,,,,0,,,0
3853,25675,,,,,"[\""1\""]",,,0,,,0
3854,25698,,,,,"[\""1\"",\""2\"",\""3\"",\""4\""]",,,0,,,0
3855,25715,,,,,,,,0,,,0
3856,25730,"[\""25734\""]",,,,"[\""1\""]",,,0,,,0
3857,25738,,,,,,,,0,,,0
3858,25733,,,,,"[\""4\""]",,,0,,,0
3859,25756,,,,,"[\""1\"",\""2\""]",,,0,,,0
3860,25732,,,,,"[\""1\""]",,,0,,,0
3861,25745,,,,,,,,0,,,0
3862,25761,,,,,,,,0,,,0
3863,25771,,,,,"[\""2\""]",,,0,,,0
3864,25788,,,,,,,,0,,,0
3865,25801,,,,,"[\""2\""]",,,0,,,0
3866,25803,,,,,"[\""1\"",\""2\""]",,,0,,,0
3867,25806,,,,,,,,0,,,0
3868,25808,,,,,,,,0,,,0
3869,25817,,,,,,,,0,,,0
3870,25823,,,,,,,,0,,,0
3871,25843,,,,,,,,0,,,0
3872,25851,,,,,,,,0,,,0
3873,25861,,,,,,,,0,,,0
3874,25865,,,,,,,,0,,,0
3875,25868,,,,,,,,0,,,0
3876,25867,,,,,,,,0,,,0
3877,25872,,,,,,,,0,,,0
3878,25871,,,,,,,,0,,,0
3879,25870,,,,,,,,0,,,0
3880,25873,,,,,,,,0,,,0
3881,25876,,,,,,,,0,,,0
3882,25879,,,,,,,,0,,,0
3883,25882,,,,,,,,0,,,0
3884,25890,,,,,,,,0,,,0
3885,25885,,,,,,,,0,,,0
3886,25893,,,,,"[\""2\""]",,,0,,,0
3887,25896,,,,,,,,0,,,0
3888,25899,,,,,,,,0,,,0
3889,25898,,,,,,,,0,,,0
3890,25909,,,,,"[\""1\"",\""3\""]",,,0,,,0
3891,25926,,,,,,,,0,,,0
3892,25928,,,,,,,,0,,,0
3893,25962,,,,,,,,0,,,0
3894,25976,,,,,,,,0,,,0
3895,25985,,,,,,,,0,,,0
3896,25990,,,,,,,,0,,,0
3897,26001,,,,,,,,0,,,0
3898,26005,,,,,,,,0,,,0
3899,26026,,,,,,,,0,,,0
3900,26030,,,,,"[\""1\""]",,,0,,,0
3901,26032,,,,,,,,0,,,0
3902,26049,,,,,,,,0,,,0
3903,26054,,,,,,,,0,,,0
3904,26058,,,,,"[\""1\"",\""2\""]",,,0,,,0
3905,26071,,,,,,,,0,,,0
3906,26075,,,,,,,,0,,,0
3907,26102,,,,,,,,0,,,0
3908,26116,,,,,,,,0,,,0
3909,26113,,,,,,,,0,,,0
3910,26117,,,,,,,,0,,,0
3911,26121,,,,,,,,0,,,0
3912,26127,,,,,"[\""4\""]",,,0,,,0
3913,26132,,,,,"[\""1\""]",,,0,,,0
3914,26169,,,,,,,,0,,,0
3915,26171,,,,,"[\""1\"",\""2\""]",,,0,,,0
3916,26186,,,,,,,,0,,,0
3917,26193,"[\""26197\""]",,,,,,,0,,,0
3918,26203,,,,,"[\""2\""]",,,0,,,0
3919,26214,,,,,,,,0,,,0
3920,26220,,,,,,,,0,,,0
3921,26218,,,,,"[\""1\"",\""2\""]",,,0,,,0
3922,26217,,,,,,,,0,,,0
3923,26234,,,,,,,,0,,,0
3924,26262,,,,,"[\""1\"",\""2\""]",,,0,,,0
3925,26270,,,,,"[\""1\"",\""2\""]",,,0,,,0
3926,26276,,,,,,,,0,,,0
3927,26274,,,,,,,,0,,,0
3928,26286,,,,,"[\""2\""]",,,0,,,0
3929,26307,,,,,,,,0,,,0
3930,26314,,,,,,,,0,,,0
3931,26315,,,,,,,,0,,,0
3932,26340,,,,,,,,0,,,0
3933,26352,,,,,,,,0,,,0
3934,26358,,,,,,,,0,,,0
3935,26367,,,,,"[\""1\""]",,,0,,,0
3936,26374,,,,,"[\""1\""]",,,0,,,0
3937,26393,,,,,,,,0,,,0
3938,26396,,,,,"[\""1\"",\""2\""]",,,0,,,0
3939,26417,,,,,,,,0,,,0
3940,26418,,,,,"[\""1\""]",,,0,,,0
3941,26421,,,,,,,,0,,,0
3942,26424,,,,,,,,0,,,0
3943,26434,,,,,,,,0,,,0
3944,26442,"[\""12263\""]",,,,"[\""2\"",\""1\""]",,,0,,,0
3945,26458,,,,,,,,0,,,0
3946,26459,,,,,"[\""1\""]",,,0,,,0
3947,26457,,,,,,,,0,,,0
3948,26468,,,,,,,,0,,,0
3949,26473,,,,,,,,0,,,0
3950,26470,,,,,,,,0,,,0
3951,26480,,,,,,,,0,,,0
3952,26479,,,,,"[\""1\"",\""2\""]",,,0,,,0
3953,26487,,,,,,,,0,,,0
3954,26494,,,,,,,,0,,,0
3955,26495,,,,,,,,0,,,0
3956,26496,,,,,,,,0,,,0
3957,26497,,,,,,,,0,,,0
3958,26505,,,,,,,,0,,,0
3959,26506,,,,,,,,0,,,0
3960,26504,,,,,,,,0,,,0
3961,26509,,,,,,,,0,,,0
3962,26512,,,,,,,,0,,,0
3963,26511,,,,,,,,0,,,0
3964,26515,,,,,,,,0,,,0
3965,26514,,,,,,,,0,,,0
3966,26522,,,,,,,,0,,,0
3967,26523,,,,,,,,0,,,0
3968,26530,,,,,,,,0,,,0
3969,26540,,,,,,,,0,,,0
3970,26539,,,,,"[\""1\"",\""3\""]",,,0,,,0
3971,26542,,,,,,,,0,,,0
3972,26546,,,,,"[\""2\""]",,,0,,,0
3973,26548,,,,,,,,0,,,0
3974,26551,,,,,,,,0,,,0
3975,26550,,,,,,,,0,,,0
3976,26549,,,,,"[\""1\""]",,,0,,,0
3977,26552,,,,,,,,0,,,0
3978,26564,,,,,,,,0,,,0
3979,26558,,,,,"[\""2\"",\""1\""]",,,0,,,0
3980,26571,,,,,"[\""1\""]",,,0,,,0
3981,26580,,,,,,,,0,,,0
3982,26581,"[\""26587\""]",,,,"[\""1\""]",,,0,,,0
3983,26589,,,,,,,,0,,,0
3984,26592,,,,,"[\""2\""]",,,0,,,0
3985,26613,,,,,,,,0,,,0
3986,26631,,,,,,,,0,,,0
3987,26645,,,,,"[\""2\"",\""1\""]",,,0,,,0
3988,26652,,,,,,,,0,,,0
3989,26651,,,,,"[\""1\""]",,,0,,,0
3990,26678,,,,,,,,0,,,0
3991,26681,,,,,"[\""1\"",\""2\""]",,,0,,,0
3992,26685,,,,,,,,0,,,0
3993,22257,,,,,,,,0,,,0
3994,26705,,,,,,,,0,,,0
3995,26706,"[\""3687\""]",,,,,,,0,,,0
3996,26743,,,,,,,,0,,,0
3997,26740,,,,,,,,0,,,0
3998,26762,,,,,,,,0,,,0
3999,26668,,,,,"[\""1\"",\""2\""]",,,0,,,0
4000,26786,,,,,,,,0,,,0
4001,26791,,,,,,,,0,,,0
4002,26790,,,,,,,,0,,,0
4003,26799,,,,,,,,0,,,0
4004,26795,,,,,,,,0,,,0
4005,26803,,,,,"[\""1\"",\""2\""]",,,0,,,0
4006,26805,,,,,,,,0,,,0
4007,26804,,,,,"[\""1\""]",,,0,,,0
4008,26817,,,,,,,,0,,,0
4009,26798,,,,,,,,0,,,0
4010,26806,,,,,,,,0,,,0
4011,26829,,,,,,,,0,,,0
4012,26836,,,,,,,,0,,,0
4013,26840,,,,,"[\""1\""]",,,0,,,0
4014,26859,,,,,,,,0,,,0
4015,26861,,,,,,,,0,,,0
4016,26865,,,,,"[\""2\""]",,,0,,,0
4017,26875,,,,,,,,0,,,0
4018,26881,,,,,"[\""1\"",\""2\""]",,,0,,,0
4019,26891,,,,,,,,0,,,0
4020,17587,,,,,,,,0,,,0
4021,26911,,,,,,,,0,,,0
4022,26928,,,,,,,,0,,,0
4023,26931,,,,,,,,0,,,0
4024,26933,,,,,,,,0,,,0
4025,26934,,,,,,,,0,,,0
4026,20141,,,,,,,,0,,,0
4027,26956,,,,,,,,0,,,0
4028,26982,,,,,"[\""1\"",\""2\""]",,,0,,,0
4029,26990,,,,,"[\""2\"",\""1\""]",,,0,,,0
4030,26997,,,,,"[\""1\""]",,,0,,,0
4031,27009,,,,,"[\""1\""]",,,0,,,0
4032,27038,,,,,"[\""1\""]",,,0,,,0
4033,27045,,,,,"[\""1\""]",,,0,,,0
4034,27053,,,,,,,,0,,,0
4035,27060,,,,,,,,0,,,0
4036,27083,,,,,,,,0,,,0
4037,27102,,,,,"[\""1\""]",,,0,,,0
4038,27139,,,,,"[\""1\"",\""2\""]",,,0,,,0
4039,27179,,,,,,,,0,,,0
4040,27183,,,,,"[\""1\""]",,,0,,,0
4041,27197,,,,,"[\""1\""]",,,0,,,0
4042,27203,,,,,,,,0,,,0
4043,27220,,,,,,,,0,,,0
4044,27221,,,,,"[\""1\""]",,,0,,,0
4045,27226,,,,,,,,0,,,0
4046,27235,,28.448479,77.0758733,,,,,0,,,0
4047,27232,,28.4020188,77.0821851,,,,,0,,,0
4048,27236,,28.4728421,77.0864614,,,,,0,,,0
4049,27253,,,,,,,,0,,,0
4050,27255,,26.7712259,83.969393,,"[\""3\"",\""2\"",\""1\""]",,,0,,,0
4051,27268,,29.9270808,78.1437257,,,,,0,,,0
4052,27270,,24.9757638,85.496843,,,,,0,,,0
4053,27273,,28.4244603,77.0991242,,,,,0,,,0
4054,27264,,28.7662801,77.9915323,,,,,0,,,0
4055,27285,,28.4176955,77.0359426,,,,,0,,,0
4056,27289,,28.5040036,77.0748442,,,,,0,,,0
4057,27290,,22.4473303,88.3919562,,"[\""1\""]",,,0,,,0
4058,27292,,28.4020188,77.0821851,,,,,0,,,0
4059,27294,,12.2958104,76.6393805,,,,,0,,,0
4060,27299,,,,,,,,0,,,0
4061,27304,,28.4219512,76.9571046,,,,,0,,,0
4062,27308,,,,,"[\""1\""]",,,0,,,0
4063,27312,,24.1618948,83.8182,,,,,0,,,0
4064,27340,,28.4244603,77.0991242,,,,,0,,,0
4065,27346,,28.4476911,77.0947785,,,,,0,,,0
4066,27368,,28.9819798,77.7330474,,,,,0,,,0
4067,27370,,13.0195693,80.216097,,"[\""1\""]",,,0,,,0
4068,27373,,26.292527,78.230526,,,,,0,,,0
4069,27394,,,,,,,,0,,,0
4070,27405,,,,,,,,0,,,0
4071,27410,,12.8996676,77.4826837,,,,,0,,,0
4072,27418,,25.3983988,85.9158262,,"[\""1\"",\""2\""]",,,0,,,0
4073,27424,,26.6417073,82.335694,,,,,0,,,0
4074,27455,,26.4852071,80.3971781,,,,,0,,,0
4075,27459,,12.9016584,77.6290958,,,,,0,,,0
4076,27473,,28.6781308,77.078751,,,,,0,,,0
4077,27504,,25.3774905,81.5088935,,,,,0,,,0
4078,27507,,,,,,,,0,,,0
4079,27510,,,,,"[\""1\""]",,,0,,,0
4080,27515,,,,,"[\""1\"",\""2\""]",,,0,,,0
4081,27517,"[\""27518\""]",22.2771302,73.1468553,,,,,0,,,0
4082,27531,,28.5184237,77.2563187,,,,,0,,,0
4083,27533,,25.5027522,86.6233149,,,,,0,,,0
4084,27535,,,,,,,,0,,,0
4085,27547,,,,,,,,0,,,0
4086,27551,,26.9646169,80.8806703,,"[\""2\""]",,,0,,,0
4087,27561,,,,,,,,0,,,0
4088,27563,,28.5769449,77.5318463,,"[\""1\"",\""2\"",\""3\""]",,,0,,,0
4089,27583,,28.5121376,77.0477559,,,,,0,,,0
4090,27617,,28.4020188,77.0821851,,,,,0,,,0
4091,27627,,,,,,,,0,,,0
4092,27622,,34.2208939,74.7307807,,,,,0,,,0
4093,27635,,28.5307812,77.2939981,,,,,0,,,0
4094,27644,,28.4770788,77.0600442,,,,,0,,,0
4095,27650,,26.4235645,74.6303627,,,,,0,,,0
4096,27658,,28.4472372,77.0406147,,,,,0,,,0
4097,27665,,28.4916812,77.094897,,,,,0,,,0
4098,27653,,28.4374374,77.058575,,,,,0,,,0
4099,27655,,28.4650453,77.1007117,,,,,0,,,0
4100,27666,,24.928058,84.1862497,,,,,0,,,0
4101,27676,,,,,"[\""1\"",\""2\""]",,,0,,,0
4102,22521,,25.5991508,85.1594791,,,,,0,,,0
4103,27680,,24.9061239,84.191193,,"[\""2\""]",,,0,,,0
4104,27684,,23.0698417,72.6730365,,,,,0,,,0
4105,27689,,24.848255,78.8373817,,,,,0,,,0
4106,27701,,28.4219512,76.9571046,,,,,0,,,0
4107,27700,,28.512589,77.2292219,,"[\""1\"",\""2\""]",,,0,,,0
4108,27702,,28.3924859,77.0540907,,,,,0,,,0
4109,27699,,28.4348214,77.0839526,,,,,0,,,0
4110,27698,,28.4472372,77.0406147,,,,,0,,,0
4111,27715,,28.448479,77.0758733,,,,,0,,,0
4112,27730,,,,,"[\""1\"",\""2\""]",,,0,,,0
4113,27729,,28.4085198,76.9369384,,,,,0,,,0
4114,27727,,21.1713634,79.1237582,,,,,0,,,0
4115,27739,,24.9528388,87.2384441,,,,,0,,,0
4116,27740,,28.5880236,77.3704052,,"[\""1\""]",,,0,,,0
4117,27744,,28.6392855,77.2189594,,"[\""1\""]",,,0,,,0
4118,27777,,29.9898044,77.5369378,,,,,0,,,0
4119,27787,,18.3942882,77.1126009,,,,,0,,,0
4120,27793,,28.6981558,77.3866756,,"[\""1\""]",,,0,,,0
4121,27795,,,,,,,,0,,,0
4122,27798,,,,,,,,0,,,0
4123,27801,,,,,"[\""1\""]",,,0,,,0
4124,27809,,,,,,,,0,,,0
4125,27811,,,,,"[\""2\""]",,,0,,,0
4126,27810,,29.6880187,77.6820491,,,,,0,,,0
4127,27825,,,,,,,,0,,,0
4128,27842,,,,,,,,0,,,0
4129,27856,,28.5261267,77.079966,,,,,0,,,0
4130,27858,,,,,,,,0,,,0
4131,27857,,22.5536246,86.1561287,,,,,0,,,0
4132,27871,,26.293939,83.9241376,,,,,0,,,0
4133,27874,,26.1202977,91.7878162,,"[\""2\"",\""1\""]",,,0,,,0
4134,27885,,,,,,,,0,,,0
4135,27908,"[\""2759\""]",12.9331421,77.5674008,,"[\""2\"",\""4\"",\""3\"",\""1\""]",,,0,,,0
4136,27917,,,,,,,,0,,,0
4137,27913,,28.9492124,77.6752619,,,,,0,,,0
4138,27914,,28.3629015,77.2903259,,,,,0,,,0
4139,27922,"[\""27929\""]",21.1702401,72.8310607,,,,,0,,,0
4140,27934,,,,,,,,0,,,0
4141,27943,,,,,"[\""1\"",\""2\""]",,,0,,,0
4142,27945,,,,,"[\""1\"",\""2\"",\""3\"",\""4\""]",,,0,,,0
4143,27957,,23.0811093,72.5496293,,,,,0,,,0
4144,27958,,,,,,,,0,,,0
4145,27973,,28.7040592,77.1024902,,,,,0,,,0
4146,27980,,,,,,,,0,,,0
4147,27985,,,,,,,,0,,,0
4148,27999,,23.516822,77.812841,,,,,0,,,0
4149,27649,,,,,,,,0,,,0
4150,28019,,28.472511,77.061811,,,,,0,,,0
4151,28031,,27.4361914,76.042092,,"[\""2\"",\""1\"",\""3\"",\""4\""]",,,0,,,0
4152,28034,,,,,,,,0,,,0
4153,28044,,23.0026131,72.6771081,,"[\""1\"",\""2\""]",,,0,,,0
4154,28047,,28.365503,77.4199931,,"[\""2\""]",,,0,,,0
4155,28043,,28.4528403,77.0497982,,,,,0,,,0
4156,28046,,28.4528403,77.0497982,,,,,0,,,0
4157,28075,,,,,,,,0,,,0
4158,28094,,28.4244603,77.0991242,,,,,0,,,0
4159,28098,,29.7453031,78.5198094,,,,,0,,,0
4160,28115,,28.4244603,77.0991242,,,,,0,,,0
4161,28118,,28.4281173,77.1100123,,,,,0,,,0
4162,28116,,28.5121376,77.0477559,,,,,0,,,0
4163,28123,,28.4020188,77.0821851,,,,,0,,,0
4164,28126,,28.5121376,77.0477559,,,,,0,,,0
4165,28124,,,,,,,,0,,,0
4166,28127,,28.5121376,77.0477559,,,,,0,,,0
4167,28129,,28.3515381,76.9427774,,,,,0,,,0
4168,28132,,28.8630234,77.0857631,,"[\""1\""]",,,0,,,0
4169,28140,,28.4498494,77.0566887,,,,,0,,,0
4170,28149,,,,,"[\""1\""]",,,0,,,0
4171,28147,,19.4310105,72.8171363,,,,,0,,,0
4172,27332,,28.6619753,77.1241557,,,,,0,,,0
4173,28153,,,,,,,,0,,,0
4174,28154,,,,,,,,0,,,0
4175,28152,,28.6126735,77.2772619,,,,,0,,,0
4176,28169,,23.0048712,72.6402334,,,,,0,,,0
4177,28175,,,,,"[\""2\""]",,,0,,,0
4178,28178,,,,,,,,0,,,0
4179,28191,,23.8442993,72.1321829,,"[\""1\""]",,,0,,,0
4180,28195,,28.4473686,77.0261079,,"[\""1\""]",,,0,,,0
4181,28198,,,,,"[\""1\""]",,,0,,,0
4182,28203,,,,,,,,0,,,0
4183,28205,,,,,"[\""1\"",\""2\""]",,,0,,,0
4184,28221,,21.1629531,72.7796957,,,,,0,,,0
4185,28228,,25.5102651,86.4831756,,,,,0,,,0
4186,28236,,25.3847862,83.1434573,,,,,0,,,0
4187,28234,,28.3888521,77.3074495,,"[\""2\"",\""1\""]",,,0,,,0
4188,28243,,26.4272073,88.1253739,,,,,0,,,0
4189,28250,,,,,,,,0,,,0
4190,28268,,,,,,,,0,,,0
4191,28294,,28.6226891,77.4808627,,"[\""1\"",\""2\""]",,,0,,,0
4192,28300,,,,,"[\""1\""]",,,0,,,0
4193,28310,,28.6679236,77.4746786,,,,,0,,,0
4194,28315,,29.1393132,76.6944877,,"[\""4\""]",,,0,,,0
4195,28114,,27.5637766,76.6113051,,,,,0,,,0
4196,28320,,,,,,,,0,,,0
4197,28192,,28.7748401,79.4880567,,,,,0,,,0
4198,28344,,,,,,,,0,,,0
4199,28349,,27.5577947,73.4739666,,"[\""1\""]",,,0,,,0
4200,28356,,28.6139298,77.2088282,,,,,0,,,0
4201,28357,,28.9906565,77.657243,,,,,0,,,0
4202,28382,,19.3674728,72.8968117,,"[\""1\"",\""2\"",\""3\"",\""4\""]",,,0,,,0
4203,28384,,,,,,,,0,,,0
4204,28418,,28.8654426,78.7554137,,,,,0,,,0
4205,28428,,,,,,,,0,,,0
4206,28429,,,,,,,,0,,,0
4207,28439,,22.5743545,88.3628734,,,,,0,,,0
4208,28455,,25.4121812,86.13291,,,,,0,,,0
4209,28466,,27.8982868,78.0507499,,"[\""4\""]",,,0,,,0
4210,28475,,28.5770319,77.0780316,,"[\""4\""]",,,0,,,0
4211,28484,,30.2821184,75.5713361,,,,,0,,,0
4212,28501,,,,,,,,0,,,0
4213,28505,,,,,"[\""1\""]",,,0,,,0
4214,28511,,,,,,,,0,,,0
4215,28513,,,,,,,,0,,,0
4216,28522,,17.4786575,78.4851938,,,,,0,,,0
4217,28534,,28.0229348,73.3119159,,"[\""1\""]",,,0,,,0
4218,28543,,17.7017116,74.0045899,,"[\""1\""]",,,0,,,0
4219,28550,,28.9844618,77.7064137,,,,,0,,,0
4220,28552,,28.5240388,77.4383292,,"[\""1\""]",,,0,,,0
4221,28558,,30.4833731,-81.6548394,,,,,0,,,0
4222,28565,,,,,,,,0,,,0
4223,28568,,28.38888,79.3828924,,,,,0,,,0
4224,28570,,,,,,,,0,,,0
4225,28581,,22.75521,75.8968202,,"[\""1\""]",,,0,,,0
4226,28583,,,,,,,,0,,,0
4227,28571,,26.7867004,75.7613029,,"[\""1\"",\""2\""]",,,0,,,0
4228,28595,,19.1164812,72.8400068,,,,,0,,,0
4229,28597,,19.4201455,72.8254598,,,,,0,,,0
4230,28598,,21.2586574,72.9746487,,,,,0,,,0
4231,28623,,21.9012021,81.9793896,,"[\""1\""]",,,0,,,0
4232,28628,,,,,,,,0,,,0
4233,28638,,29.948049,74.7341349,,,,,0,,,0
4234,28635,,26.403274,80.332745,,,,,0,,,0
4235,28639,,,,,,,,0,,,0
4236,28643,,,,,,,,0,,,0
4237,28653,,,,,"[\""1\"",\""2\""]",,,0,,,0
4238,28666,,22.7921247,86.1618228,,,,,0,,,0
4239,28668,,,,,,,,0,,,0
4240,28674,,,,,"[\""1\"",\""2\""]",,,0,,,0
4241,28675,,17.1157044,75.5684254,,"[\""1\"",\""2\"",\""4\"",\""3\""]",,,0,,,0
4242,28691,,19.1630632,72.8478257,,,,,0,,,0
4243,28695,,23.0376238,72.5277849,,,,,0,,,0
4244,28699,,,,,,,,0,,,0
4245,28711,,26.881714,80.974964,,,,,0,,,0
4246,28735,,25.8910925,71.0854325,,,,,0,,,0
4247,28737,,22.5080759,88.2693418,,"[\""3\""]",,,0,,,0
4248,28749,,,,,,,,0,,,0
4249,28764,,,,,,,,0,,,0
4250,11658,,,,,,,,0,,,0
4251,28778,,21.2264914,81.6705902,,,,,0,,,0
4252,28812,,21.160327,72.859112,,,,,0,,,0
4253,28811,,28.6644226,77.2937572,,,,,0,,,0
4254,28817,,12.3178023,76.6545067,,"[\""1\""]",,,0,,,0
4255,28838,,27.9944574,73.3458163,,,,,0,,,0
4256,28847,,29.0301122,77.6821396,,,,,0,,,0
4257,28852,,20.7002159,77.0081678,,,,,0,,,0
4258,28855,,28.4245943,77.314273,,,,,0,,,0
4259,28854,,28.6835474,77.2811014,,,,,0,,,0
4260,28881,,,,,,,,0,,,0
4261,28884,,,,,,,,0,,,0
4262,28899,,28.712511,77.146182,,,,,0,,,0
4263,28911,,21.1155601,79.0309543,,,,,0,,,0
4264,28909,,19.163754,72.8373241,,"[\""1\"",\""2\""]",,,0,,,0
4265,28932,,28.4192167,77.3271803,,,,,0,,,0
4266,28935,,28.4433834,77.0515376,,,,,0,,,0
4267,28970,,22.1741871,88.4234245,,,,,0,,,0
4268,28994,,,,,"[\""1\"",\""2\""]",,,0,,,0
4269,28999,,19.1773954,77.4644607,,,,,0,,,0
4270,28998,,28.627981,77.3648567,,"[\""1\"",\""2\""]",,,0,,,0
4271,29014,,,,,,,,0,,,0
4272,29016,,22.5341999,88.374332,,"[\""1\""]",,,0,,,0
4273,29017,,,,,,,,0,,,0
4274,20693,,,,,,,,0,,,0
4275,29037,,24.0322893,85.56121,,"[\""2\"",\""3\"",\""1\""]",,,0,,,0
4276,29038,,26.2206678,84.2780593,,,,,0,,,0
4277,29044,,,,,,,,0,,,0
4278,29053,,23.2979086,77.4039098,,"[\""1\"",\""2\""]",,,0,,,0
4279,29060,,28.63033,77.2840443,,"[\""1\"",\""2\""]",,,0,,,0
4280,29068,,25.3491385,86.4777767,,,,,0,,,0
4281,29106,,21.1170499,72.905032,,"[\""1\"",\""2\"",\""4\""]",,,0,,,0
4282,29102,,28.6393922,77.1377306,,"[\""1\"",\""2\"",\""3\"",\""4\""]",,,0,,,0
4283,29136,,,,,,,,0,,,0
4284,29143,,28.6148179,77.0623598,,,,,0,,,0
4285,29146,,28.5355161,77.3910265,,,,,0,,,0
4286,29155,,22.5045713,73.4713666,,"[\""1\"",\""2\"",\""3\""]",,,0,,,0
4287,29161,,27.7758048,77.993136,,,,,0,,,0
4288,29173,,,,,,,,0,,,0
4289,28095,,28.5191704,77.2376414,,,,,0,,,0
4290,29197,,24.9568477,83.9201656,,,,,0,,,0
4291,29210,,,,,"[\""1\""]",,,0,,,0
4292,29213,,24.4603658,84.9323234,,,,,0,,,0
4293,29216,,27.9796711,76.3961899,,,,,0,,,0
4294,29245,,32.2504646,76.305109,,"[\""1\"",\""2\""]",,,0,,,0
4295,29275,,24.1947752,83.8340441,,"[\""2\""]",,,0,,,0
4296,29308,,,,,,,,0,,,0
4297,29232,,28.60933,77.3323817,,,,,0,,,0
4298,29323,,26.187801,78.172553,,,,,0,,,0
4299,29334,,26.7271012,88.3952861,,,,,0,,,0
4300,29345,,17.4700319,78.3534174,,,,,0,,,0
4301,29339,,,,,"[\""1\""]",,,0,,,0
4302,29347,,,,,"[\""1\""]",,,0,,,0
4303,29357,,28.6957867,77.2572183,,,,,0,,,0
4304,29368,,,,,,,,0,,,0
4305,29353,"[\""15382\""]",23.5454428,74.4210521,,,,,0,,,0
4306,29377,,,,,"[\""1\"",\""2\""]",,,0,,,0
4307,29382,,23.042906,72.614241,,"[\""1\""]",,,0,,,0
4308,29380,,,,,,,,0,,,0
4309,29404,,,,,,,,0,,,0
4310,29373,,26.8395064,80.9774372,,,,,0,,,0
4311,29430,,25.5842717,85.0778495,,,,,0,,,0
4312,29435,,26.5394618,80.4813018,,"[\""1\"",\""2\""]",,,0,,,0
4313,29450,,28.5178704,77.1806882,,,,,0,,,0
4314,29461,,30.764495,76.7031585,,"[\""2\""]",,,0,,,0
4315,29469,,,,,,,,0,,,0
4316,29489,,28.6094736,77.4450708,,"[\""1\""]",,,0,,,0
4317,29491,,,,,,,,0,,,0
4318,29501,,28.6691565,77.4537578,,,,,0,,,0
4319,29508,,,,,,,,0,,,0
4320,29530,,25.6173655,85.1154863,,,,,0,,,0
4321,29536,,23.1886311,77.4164063,,"[\""1\"",\""2\""]",,,0,,,0
4322,29566,,,,,,,,0,,,0
4323,29569,,25.4347119,81.7650299,,,,,0,,,0
4324,29579,,19.1427758,72.8368272,,"[\""1\""]",,,0,,,0
4325,29582,,,,,,,,0,,,0
4326,29622,,28.1968236,76.7668553,,,,,0,,,0
4327,29636,,28.6640413,77.3845234,,,,,0,,,0
4328,29646,,24.9542133,90.363067,,,,,0,,,0
4329,29648,,26.8727982,80.9275954,,,,,0,,,0
4330,29651,,,,,"[\""1\"",\""2\"",\""3\"",\""4\""]",,,0,,,0
4331,29661,,,,,,,,0,,,0
4332,29662,,22.8275529,88.3456516,,,,,0,,,0
4333,29673,,22.867114,88.3674381,,,,,0,,,0
4334,29675,,23.1828834,77.413178,,,,,0,,,0
4335,29682,,28.6683013,77.2502654,,"[\""2\"",\""1\""]",,,0,,,0
4336,29695,,,,,,,,0,,,0
4337,29696,,23.6012242,72.9836341,,,,,0,,,0
4338,29720,"[\""29722\""]",29.5311499,73.447797,,,,,0,,,0
4339,29750,,,,,"[\""1\""]",,,0,,,0
4340,29755,,,,,,,,0,,,0
4341,29756,,26.2866158,73.0109471,,,,,0,,,0
4342,29764,,,,,,,,0,,,0
4343,29779,,,,,,,,0,,,0
4344,29784,,25.9042258,78.2715447,,"[\""2\""]",,,0,,,0
4345,29795,,26.6356605,79.1957638,,"[\""1\""]",,,0,,,0
4346,29801,,,,,,,,0,,,0
4347,29843,"[\""29853\""]",28.6395878,77.1362449,,"[\""1\"",\""3\"",\""2\"",\""4\""]",,,0,,,0
4348,29866,,28.4958562,77.1848254,,,,,0,,,0
4349,29874,,28.6309324,77.2742782,,"[\""1\"",\""2\""]",,,0,,,0
4350,29886,,,,,,,,0,,,0
4351,29907,,28.3668817,79.4410325,,,,,0,,,0
4352,29915,,28.627981,77.3648567,,"[\""1\""]",,,0,,,0
4353,29772,,28.4991256,77.2382204,,,,,0,,,0
4354,29923,,22.0675414,78.9225367,,,,,0,,,0
4355,29934,,25.6754134,73.4607431,,"[\""1\"",\""2\"",\""4\"",\""3\""]",,,0,,,0
4356,29947,,23.7756935,75.1501601,,,,,0,,,0
4357,29950,,26.9931109,82.1523251,,,,,0,,,0
4358,29968,,27.5559063,76.6348634,,,,,0,,,0
4359,29977,,26.776945,79.0278041,,,,,0,,,0
4360,29989,,28.5829066,77.3726122,,,,,0,,,0
4361,29992,,28.6808929,77.4213042,,,,,0,,,0
4362,29998,,,,,,,,0,,,0
4363,30018,,,,,,,,0,,,0
4364,30048,,17.531314,78.2651752,,,,,0,,,0
4365,30075,,,,,"[\""1\""]",,,0,,,0
4366,30112,,28.5135992,77.5219238,,"[\""1\"",\""2\""]",,,0,,,0
4367,30168,,,,,,,,0,,,0
4368,30182,,24.5063406,80.8322428,,,,,0,,,0
4369,30186,,,,,,,,0,,,0
4370,30198,,,,,,,,0,,,0
4371,30200,,,,,,,,0,,,0
4372,30208,,28.5613693,77.3847351,,"[\""1\"",\""2\""]",,,0,,,0
4373,30210,,28.5355161,77.3910265,,,,,0,,,0
4374,30215,,30.7196586,76.6544468,,"[\""1\""]",,,0,,,0
4375,30223,,19.3943924,72.8602366,,,,,0,,,0
4376,30234,,,,,,,,0,,,0
4377,30263,,23.022505,72.5713621,,"[\""1\"",\""2\""]",,,0,,,0
4378,30266,,28.4756706,77.0391967,,,,,0,,,0
4379,30272,,,,,"[\""2\""]",,,0,,,0
4380,28229,,25.2778749,83.0066018,,,,,0,,,0
4381,30295,,27.8973944,78.0880129,,,,,0,,,0
4382,30309,,,,,,,,0,,,0
4383,30312,,,,,"[\""4\""]",,,0,,,0
4384,30331,,34.058261,74.8521752,,,,,0,,,0
4385,30333,,,,,,,,0,,,0
4386,30306,,26.8308822,80.8845301,,,,,0,,,0
4387,30361,,23.2595895,77.4630766,,"[\""3\""]",,,0,,,0
4388,30388,,23.249838,77.4671177,,,,,0,,,0
4389,30404,,,,,"[\""1\"",\""2\""]",,,0,,,0
4390,30409,,,,,"[\""1\"",\""2\""]",,,0,,,0
4391,30421,,30.3349331,76.843897,,,,,0,,,0
4392,30425,,,,,,,,0,,,0
4393,30437,,28.6627423,77.3763358,,"[\""1\"",\""2\""]",,,0,,,0
4394,30451,,28.6854715,77.1691025,,,,,0,,,0
4395,30449,,19.4211706,72.8090346,,,,,0,,,0
4396,30466,,28.4472372,77.0406147,,,,,0,,,0
4397,30457,,26.0988554,74.3355701,,,,,0,,,0
4398,30463,,28.3985667,76.9646908,,,,,0,,,0
4399,30472,,,,,"[\""4\""]",,,0,,,0
4400,30505,,,,,"[\""2\""]",,,0,,,0
4401,30512,,28.6068551,77.3912953,,,,,0,,,0
4402,30515,,,,,,,,0,,,0
4403,30514,,,,,"[\""1\""]",,,0,,,0
4404,30526,,28.4279978,77.1003177,,,,,0,,,0
4405,30532,,28.4321322,77.0876279,,,,,0,,,0
4406,30544,,31.4386018,76.0674739,,"[\""3\""]",,,0,,,0
4407,30530,,27.1771651,77.9963706,,,,,0,,,0
4408,30576,,23.087383,72.5697777,,"[\""1\"",\""2\""]",,,0,,,0
4409,30590,,28.4020188,77.0821851,,,,,0,,,0
4410,30588,,28.366322,76.9455815,,,,,0,,,0
4411,30600,,28.5133929,77.0722759,,,,,0,,,0
4412,30607,,28.3058714,76.958545,,,,,0,,,0
4413,30612,,28.4650453,77.1007117,,,,,0,,,0
4414,30626,,28.4941283,77.0077849,,,,,0,,,0
4415,30638,,24.3851679,92.1675386,,,,,0,,,0
4416,30643,,,,,,,,0,,,0
4417,30628,,29.0540754,77.7062959,,,,,0,,,0
4418,30664,,28.4472372,77.0406147,,,,,0,,,0
4419,30666,,28.5121376,77.0477559,,,,,0,,,0
4420,30665,,23.070966,72.5300436,,"[\""1\""]",,,0,,,0
4421,30658,,29.325508,76.2997909,,,,,0,,,0
4422,30668,,27.1766701,78.0080745,,,,,0,,,0
4423,30673,,21.1654809,79.5729869,,,,,0,,,0
4424,30683,,28.5632558,77.3586428,,"[\""1\""]",,,0,,,0
4425,30688,,,,,"[\""2\""]",,,0,,,0
4426,30706,,,,,,,,0,,,0
4427,30730,,,,,"[\""1\""]",,,0,,,0
4428,27879,,20.9864521,86.2337891,,,,,0,,,0
4429,30746,,,,,,,,0,,,0
4430,30749,,,,,"[\""1\""]",,,0,,,0
4431,30753,,28.630967,77.8797558,,"[\""1\""]",,,0,,,0
4432,30758,,,,,,,,0,,,0
4433,30770,,28.5355161,77.3910265,,"[\""2\"",\""1\""]",,,0,,,0
4434,30792,,26.9450764,75.7851121,,"[\""4\""]",,,0,,,0
4435,30800,,27.7345604,78.9373293,,"[\""4\"",\""1\"",\""2\"",\""3\""]",,,0,,,0
4436,30812,,24.784608,84.7818145,,,,,0,,,0
4437,30816,,23.380802,85.3641239,,"[\""3\""]",,,0,,,0
4438,30831,,,,,,,,0,,,0
4439,30833,,28.5650919,77.381967,,,,,0,,,0
4440,30834,,28.7040592,77.1024902,,,,,0,,,0
4441,30836,,25.468338,81.8546019,,,,,0,,,0
4442,30853,,28.8117734,72.724494,,,,,0,,,0
4443,30863,,26.9319282,80.916626,,,,,0,,,0
4444,30864,,,,,,,,0,,,0
4445,30866,,29.4499753,74.1068675,,"[\""1\"",\""2\""]",,,0,,,0
4446,30877,,,,,,,,0,,,0
4447,30887,,,,,,,,0,,,0
4448,30886,,,,,"[\""1\"",\""3\""]",,,0,,,0
4449,30900,,28.706643,77.045714,,,,,0,,,0
4450,30899,,22.8323132,88.1170536,,,,,0,,,0
4451,30932,,28.4020188,77.0821851,,,,,0,,,0
4452,30933,,28.4650453,77.1007117,,,,,0,,,0
4453,30925,,28.704263,77.3123317,,,,,0,,,0
4454,26671,,,,,"[\""1\""]",,,0,,,0
4455,30957,,28.097655,74.0052064,,"[\""2\"",\""3\""]",,,0,,,0
4456,30968,,,,,"[\""1\"",\""2\"",\""3\"",\""4\""]",,,0,,,0
4457,30971,,30.6528018,76.8440188,,"[\""2\""]",,,0,,,0
4458,30987,,22.614675,88.2680085,,"[\""1\""]",,,0,,,0
4459,30989,,30.2873016,78.041655,,,,,0,,,0
4460,30998,,28.5121376,77.0477559,,,,,0,,,0
4461,31002,,,,,,,,0,,,0
4462,30999,,,,,,,,0,,,0
4463,31012,,28.3801295,76.9844677,,,,,0,,,0
4464,31016,,28.5121376,77.0477559,,,,,0,,,0
4465,31024,,,,,,,,0,,,0
4466,31023,,23.06762,72.56861,,"[\""1\""]",,,0,,,0
4467,31025,,17.4299761,78.5279678,,,,,0,,,0
4468,31031,,,,,,,,0,,,0
4469,31040,,28.5116326,77.083787,,,,,0,,,0
4470,31044,,,,,"[\""2\""]",,,0,,,0
4471,31048,,24.585445,73.712479,,"[\""1\""]",,,0,,,0
4472,31055,,21.1576375,81.7198935,,,,,0,,,0
4473,31054,,17.350247,78.4190849,,,,,0,,,0
4474,31066,,26.1735211,72.9342451,,,,,0,,,0
4475,30554,,,,,,,,0,,,0
4476,31082,,28.4321322,77.0876279,,,,,0,,,0
4477,31092,,28.448479,77.0758733,,,,,0,,,0
4478,31088,,27.5566805,78.1564432,,,,,0,,,0
4479,31089,,28.4876667,77.0881034,,,,,0,,,0
4480,30273,,,,,,,,0,,,0
4481,31101,,,,,,,,0,,,0
4482,31100,,16.8236983,74.6330896,,,,,0,,,0
4483,29656,,28.6952202,77.0479798,,,,,0,,,0
4484,31110,,28.4594965,77.0266383,,,,,0,,,0
4485,31121,,,,,"[\""1\"",\""2\"",\""3\"",\""4\""]",,,0,,,0
4486,31125,,28.4547444,77.0193162,,,,,0,,,0
4487,31135,,21.5893158,73.015177,,"[\""1\"",\""2\""]",,,0,,,0
4488,31144,,,,,,,,0,,,0
4489,30148,,25.2772736,79.8755336,,,,,0,,,0
4490,31146,,17.4419501,78.445753,,,,,0,,,0
4491,31155,,,,,,,,0,,,0
4492,31153,,28.3541179,79.8380778,,,,,0,,,0
4493,31164,,26.8743898,81.0349854,,,,,0,,,0
4494,31170,,25.5946838,85.1513426,,,,,0,,,0
4495,31177,,,,,,,,0,,,0
4496,31197,,28.492414,77.0245007,,"[\""2\""]",,,0,,,0
4497,31209,,28.7494317,77.1125599,,"[\""2\""]",,,0,,,0
4498,31210,,,,,"[\""2\""]",,,0,,,0
4499,31229,,,,,,,,0,,,0
4500,31244,,,,,,,,0,,,0
4501,31247,,,,,,,,0,,,0
4502,31252,,,,,"[\""2\""]",,,0,,,0
4503,31256,,,,,,,,0,,,0
4504,31261,,25.571773,85.8203228,,,,,0,,,0
4505,31320,,,,,,,,0,,,0
4506,31333,,,,,"[\""1\""]",,,0,,,0
4507,31337,,,,,,,,0,,,0
4508,31346,,,,,,,,0,,,0
4509,31353,,28.618345,77.0282786,,,,,0,,,0
4510,31355,,28.6196871,77.0429536,,,,,0,,,0
4511,31260,,26.8455035,75.8047287,,,,,0,,,0
4512,31365,,26.733832,83.357912,,,,,0,,,0
4513,31356,,,,,,,,0,,,0
4514,31381,,23.351479,75.0329697,,,,,0,,,0
4515,31393,,28.504566,77.248864,,"[\""1\"",\""2\""]",,,0,,,0
4516,31411,,23.0053051,72.5367504,,"[\""4\"",\""2\"",\""1\"",\""3\""]",,,0,,,0
4517,31419,,28.6920209,77.124639,,,,,0,,,0
4518,31422,,18.6197795,73.8629487,,"[\""1\""]",,,0,,,0
4519,31430,,,,,,,,0,,,0
4520,31438,,23.047701,79.4844921,,,,,0,,,0
4521,31441,,23.022505,72.5713621,,,,,0,,,0
4522,31446,,28.6939957,77.4549679,,,,,0,,,0
4523,8279,,,,,,,,0,,,0
4524,31459,,28.1472852,77.3259878,,"[\""1\"",\""2\""]",,,0,,,0
4525,31460,,,,,"[\""1\""]",,,0,,,0
4526,31461,,28.5126976,77.4841858,,"[\""1\"",\""2\"",\""3\"",\""4\""]","[\""31467\""]",,0,,,0
4527,31473,,,,,,,,0,,,0
4528,31485,,28.5555897,77.2932023,,,,,0,,,0
4529,31481,"[\""31490\""]",28.4084836,76.9332664,,"[\""1\""]",,,0,,,0
4530,31493,"[\""31503\""]",28.6820444,77.0675607,,"[\""1\""]",,,0,,,0
4531,31499,,,,,"[\""1\""]",,,0,,,0
4532,31500,,28.6923809,77.0916899,,,,,0,,,0
4533,31535,,,,,,,,0,,,0
4534,31557,,,,,"[\""1\""]",,,0,,,0
4535,8092,,,,,"[\""1\"",\""2\""]",,,0,,,0
4536,31585,,23.2778998,72.4417407,,,,,0,,,0
4537,31581,,26.8707262,80.8787749,,,,,0,,,0
4538,31583,,,,,,,,0,,,0
4539,31586,,25.6137616,79.182299,,,,,0,,,0
4540,31613,,22.3000395,73.2064994,,"[\""1\""]",,,0,,,0
4541,31615,,29.0676175,79.5181884,,,,,0,,,0
4542,31617,,28.6962353,77.054996,,"[\""2\""]",,,0,,,0
4543,31592,,26.8031268,84.4978167,,,,,0,,,0
4544,31631,,26.0948173,85.3871014,,"[\""1\"",\""2\""]",,,0,,,0
4545,31618,,28.627981,77.3648567,,,,,0,,,0
4546,31653,,,,,"[\""1\"",\""2\"",\""3\"",\""4\""]",,,0,,,0
4547,31683,,,,,,,,0,,,0
4548,31688,,,,,,,,0,,,0
4549,31692,,24.3262351,83.9085483,,,,,0,,,0
4550,31691,,19.2886296,73.0852689,,"[\""1\"",\""2\"",\""3\"",\""4\""]",,,0,,,0
4551,31674,,26.830336,80.813277,,,,,0,,,0
4552,31702,,,,,,,,0,,,0
4553,31704,,19.1323049,72.8610097,,"[\""1\""]",,,0,,,0
4554,31723,,26.3058016,91.7222535,,"[\""1\""]",,,0,,,0
4555,31740,,19.0330488,73.0296625,,,,,0,,,0
4556,31744,,,,,,,,0,,,0
4557,31778,,,,,,,,0,,,0
4558,31777,,28.3541455,78.2688229,,,,,0,,,0
4559,31783,,26.7605545,83.3731675,,,,,0,,,0
4560,31789,,,,,,,,0,,,0
4561,31790,,20.4619475,75.0063288,,,,,0,,,0
4562,31792,,19.9317114,73.8370219,,"[\""1\""]",,,0,,,0
4563,31798,,28.4594965,77.0266383,,,,,0,,,0
4564,31802,,28.4348214,77.0839526,,,,,0,,,0
4565,31809,,28.4816623,77.3444779,,"[\""1\"",\""2\"",\""3\"",\""4\""]",,,0,,,0
4566,31819,,26.2379571,82.8975271,,"[\""2\""]",,,0,,,0
4567,31821,,,,,,,,0,,,0
4568,31829,,29.0512044,77.6994416,,"[\""1\"",\""2\""]",,,0,,,0
4569,31832,,28.4281173,77.1100123,,,,,0,,,0
4570,27176,,,,,"[\""3\""]",,,0,,,0
4571,31811,,23.788268,86.4264733,,"[\""1\"",\""2\""]",,,0,,,0
4572,31849,,28.6408611,77.4250145,,,,,0,,,0
4573,31854,,,,,,,,0,,,0
4574,31855,,29.3080255,78.5033076,,,,,0,,,0
4575,31840,,,,,"[\""1\""]",,,0,,,0
4576,31859,,,,,,,,0,,,0
4577,31861,,28.4020242,77.0821849,,,,,0,,,0
4578,31866,,28.5721499,77.3840749,,,,,0,,,0
4579,31864,,28.4476911,77.0947785,,,,,0,,,0
4580,31870,,28.4798535,77.0825021,,,,,0,,,0
4581,31867,,28.448479,77.0758733,,,,,0,,,0
4582,31876,,28.6909153,77.0504045,,,,,0,,,0
4583,31879,,28.4790935,77.0608447,,,,,0,,,0
4584,31883,,28.4275535,77.0491679,,,,,0,,,0
4585,31887,,28.4347902,77.059855,,,,,0,,,0
4586,31796,,28.3515381,76.9427774,,,,,0,,,0
4587,31888,,26.7750872,75.8513938,,"[\""1\""]",,,0,,,0
4588,31890,,28.5121376,77.0477559,,,,,0,,,0
4589,31881,,28.3978683,76.9735741,,,,,0,,,0
4590,31897,,23.2536681,77.4343562,,,,,0,,,0
4591,31902,,26.2600925,80.4992858,,,,,0,,,0
4592,31904,,25.9209503,80.7996035,,,,,0,,,0
4593,31914,,25.4798152,84.3808671,,,,,0,,,0
4594,30390,,29.3658456,79.1026315,,,,,0,,,0
4595,20907,,,,,,,,0,,,0
4596,31920,,,,,,,,0,,,0
4597,30170,,26.2670427,81.6932672,,"[\""1\"",\""2\""]",,,0,,,0
4598,31945,,,,,,,,0,,,0
4599,31957,,,,,"[\""1\"",\""2\""]",,,0,,,0
4600,31983,,28.6360668,77.2358006,,,,,0,,,0
4601,31988,,24.7590996,84.3622398,,"[\""2\"",\""4\""]",,,0,,,0
4602,32015,,19.4446386,72.8032698,,,,,0,,,0
4603,32029,,25.3214854,86.5010923,,,,,0,,,0
4604,32007,,18.5868397,73.685995,,"[\""1\""]",,,0,,,0
4605,32046,,28.0160241,73.3005926,,"[\""1\"",\""3\""]",,,0,,,0
4606,32088,,,,,,,,0,,,0
4607,32097,,,,,"[\""2\""]",,,0,,,0
4608,32107,,23.2672198,77.4631214,,,,,0,,,0
4609,32125,,21.0883143,78.9746767,,,,,0,,,0
4610,32126,,,,,,,,0,,,0
4611,32132,,26.9124336,75.7872709,,,,,0,,,0
4612,32134,,30.7333148,76.7794179,,,,,0,,,0
4613,32152,,24.2322366,79.2197376,,"[\""2\""]",,,0,,,0
4614,32161,,,,,"[\""1\"",\""2\""]",,,0,,,0
4615,32166,,25.9233885,81.997621,,"[\""1\""]",,,0,,,0
4616,32184,,28.6746196,77.1801757,,,,,0,,,0
4617,32231,,28.4440338,77.0728215,,,,,0,,,0
4618,32226,,28.4592011,76.9997252,,,,,0,,,0
4619,32239,,28.0131891,73.2772819,,,,,0,,,0
4620,32244,,,,,,,,0,,,0
4621,9073,,,,,"[\""1\""]",,,0,,,0
4622,32248,"[\""32259\""]",,,,,,,0,,,0
4623,32262,,28.4876667,77.0881034,,,,,0,,,0
4624,32265,,28.4244603,77.0991242,,,,,0,,,0
4625,32267,,28.4020188,77.0821851,,,,,0,,,0
4626,32269,,28.4348214,77.0839526,,,,,0,,,0
4627,32272,,28.5144929,77.0197325,,,,,0,,,0
4628,32270,,,,,"[\""1\"",\""2\""]",,,0,,,0
4629,32305,,28.4472372,77.0406147,,,,,0,,,0
4630,32308,,28.4152716,76.9326167,,,,,0,,,0
4631,32298,,30.7268466,76.676576,,,,,0,,,0
4632,32310,,28.3732763,76.9729472,,,,,0,,,0
4633,32315,,25.3464451,83.0379369,,,,,0,,,0
4634,32322,,,,,,,,0,,,0
4635,32321,,28.613825,79.1689623,,,,,0,,,0
4636,32338,,,,,,,,0,,,0
4637,32350,,22.9978372,72.665991,,,,,0,,,0
4638,32348,,29.2104232,78.9618845,,"[\""1\"",\""2\""]",,,0,,,0
4639,32341,,17.441799,78.543162,,,,,0,,,0
4640,32354,,,,,"[\""1\"",\""2\"",\""3\"",\""4\""]",,,0,,,0
4641,32375,,,,,,,,0,,,0
4642,32380,,,,,,,,0,,,0
4643,32356,,22.7629313,75.8906275,,,,,0,,,0
4644,32401,,,,,,,,0,,,0
4645,32406,,28.4020188,77.0821851,,,,,0,,,0
4646,32408,,28.3986189,76.938379,,,,,0,,,0
4647,32429,,17.5054005,78.4300178,,,,,0,,,0
4648,32434,,,,,,,,0,,,0
4649,32442,,23.034979,72.6487704,,,,,0,,,0
4650,32458,,,,,"[\""1\"",\""2\"",\""3\""]",,,0,,,0
4651,32440,,,,,,,,0,,,0
4652,32464,,28.6894307,77.2977353,,,,,0,,,0
4653,19640,,,,,,,,0,,,0
4654,32476,,,,,,,,0,,,0
4655,32490,,27.5980626,77.4655059,,,,,0,,,0
4656,32474,,28.521447,77.081907,,"[\""1\"",\""2\""]",,,0,,,0
4657,32511,,28.648668,77.4899159,,,,,0,,,0
4658,32513,,,,,"[\""1\"",\""2\""]",,,0,,,0
4659,32546,"[\""32552\""]",,,,,,,0,,,0
4660,32579,,22.1722509,71.663622,,"[\""1\"",\""2\""]",,,0,,,0
4661,32581,,28.6913744,77.2610915,,,,,0,,,0
4662,32597,,26.9559697,79.787892,,,,,0,,,0
4663,32615,,23.0795263,72.557961,,"[\""1\"",\""2\""]",,,0,,,0
4664,23759,,,,,,,,0,,,0
4665,32640,,28.6112668,77.3288729,,,,,0,,,0
4666,32658,,,,,,,,0,,,0
4667,32662,,21.682895,79.7343833,,,,,0,,,0
4668,32674,,28.5659013,77.4902726,,"[\""1\"",\""2\""]",,,0,,,0
4669,32689,,11.1247921,77.322837,,,,,0,,,0
4670,32694,,22.7711798,88.5444475,,,,,0,,,0
4671,32704,,26.4715909,80.3237548,,,,,0,,,0
4672,32714,,,,,,,,0,,,0
4673,32734,,23.011378,72.584676,,,,,0,,,0
4674,32739,,18.4464732,73.826375,,,,,0,,,0
4675,32732,,22.8468513,69.7059613,,,,,0,,,0
4676,32767,,28.5121376,77.0477559,,,,,0,,,0
4677,32774,,26.9256173,75.6572493,,"[\""1\""]",,,0,,,0
4678,32787,,,,,,,,0,,,0
4679,32789,,28.4822114,77.1037233,,,,,0,,,0
4680,32791,,28.441585,77.1425015,,"[\""1\""]",,,0,,,0
4681,32795,,28.4862701,77.4183261,,"[\""2\"",\""1\""]",,,0,,,0
4682,32802,,,,,,,,0,,,0
4683,32805,,52.5200066,13.404954,,"[\""1\"",\""3\""]",,,0,,,0
4684,32827,,,,,,,,0,,,0
4685,32824,,28.4876667,77.0881034,,,,,0,,,0
4686,32829,,28.3936162,76.9311761,,,,,0,,,0
4687,32828,,28.7176895,77.7902626,,"[\""1\""]",,,0,,,0
4688,32841,,21.223782,81.338893,,"[\""2\"",\""3\"",\""4\"",\""1\""]",,,0,,,0
4689,32847,,28.0202681,73.2978602,,,,,0,,,0
4690,32851,,28.407854,76.9153281,,,,,0,,,0
4691,32850,,,,,,,,0,,,0
4692,32855,,23.0499889,72.6699673,,,,,0,,,0
4693,32861,,22.9806284,72.5907888,,,,,0,,,0
4694,32865,,,,,"[\""1\"",\""2\"",\""3\"",\""4\""]",,,0,,,0
4695,32869,,,,,,,,0,,,0
4696,32867,,28.4379091,77.0785479,,,,,0,,,0
4697,32874,,18.6263131,73.805498,,"[\""1\"",\""2\""]",,,0,,,0
4698,32868,,28.400332,77.097455,,,,,0,,,0
4699,32901,,28.4592,77.07248,,,,,0,,,0
4700,32911,,28.47224,77.0724,,,,,0,,,0
4701,32913,,28.4916812,77.094897,,,,,0,,,0
4702,32918,,28.446591,77.0659528,,"[\""1\""]",,,0,,,0
4703,32914,,28.5275669,77.2560022,,"[\""1\""]","[\""904\""]",,0,,,0
4704,32919,,28.5144929,77.0197325,,,,,0,,,0
4705,32904,,28.446591,77.0659528,,,,,0,,,0
4706,32928,,28.4020188,77.0821851,,,,,0,,,0
4707,32930,,21.2193918,72.7955573,,"[\""2\"",\""1\""]",,,0,,,0
4708,32935,,28.4594965,77.0266383,,,,,0,,,0
4709,32955,,,,,,,,0,,,0
4710,32958,,,,,,,,0,,,0
4711,32968,,22.9501248,72.6445946,,,,,0,,,0
4712,32963,,,,,"[\""1\""]",,,0,,,0
4713,32974,,24.9945616,88.1349341,,"[\""1\"",\""2\""]",,,0,,,0
4714,32976,,18.6425935,73.7637057,,,,,0,,,0
4715,32986,,30.2855027,78.0557317,,,,,0,,,0
4716,32987,,26.8005998,75.8308801,,"[\""1\""]",,,0,,,0
4717,32998,,26.0097074,83.1903543,,,,,0,,,0
4718,33005,,,,,"[\""1\""]",,,0,,,0
4719,33028,,28.6861583,77.4914935,,,,,0,,,0
4720,33044,,23.2419997,69.6669324,,,,,0,,,0
4721,33046,,28.8065019,77.0536861,,"[\""4\""]",,,0,,,0
4722,33072,"[\""3944\""]",22.3222963,88.6590698,,,,,0,,,0
4723,33075,,,,,,,,0,,,0
4724,33081,,,,,,,,0,,,0
4725,33097,,25.2401294,86.7404395,,"[\""1\"",\""2\"",\""3\"",\""4\""]",,,0,,,0
4726,33109,,,,,,,,0,,,0
4727,33122,,,,,"[\""2\""]",,,0,,,0
4728,33128,,28.5636272,77.3725608,,,,,0,,,0
4729,33141,,28.5721618,77.3503886,,,,,0,,,0
4730,33143,,19.407139,72.827869,,"[\""1\"",\""3\"",\""4\"",\""2\""]",,,0,,,0
4731,33158,,,,,"[\""3\""]",,,0,,,0
4732,33190,,30.7080246,76.7650318,,,,,0,,,0
4733,33192,,28.4822114,77.1037233,,,,,0,,,0
4734,33197,,28.4731289,77.0617779,,,,,0,,,0
4735,33198,,28.4876667,77.0881034,,,,,0,,,0
4736,33203,,28.4827057,77.0847537,,,,,0,,,0
4737,33206,,28.4348214,77.0839526,,,,,0,,,0
4738,33207,,28.4528403,77.0497982,,,,,0,,,0
4739,33204,,28.4847273,77.1047613,,,,,0,,,0
4740,33212,,28.4984797,77.1880579,,,,,0,,,0
4741,33211,,28.4420427,77.0206538,,,,,0,,,0
4742,33215,,28.5867306,77.0269158,,,,,0,,,0
4743,33216,,28.4020188,77.0821851,,,,,0,,,0
4744,33214,,28.4908258,77.0690091,,,,,0,,,0
4745,33227,,21.6570941,82.1612298,,"[\""1\"",\""2\""]",,,0,,,0
4746,33269,,18.4529322,73.865238,,,,,0,,,0
4747,33287,,,,,,,,0,,,0
4748,33292,,28.4433834,77.0515376,,"[\""1\"",\""2\""]",,,0,,,0
4749,33293,,22.6850893,88.3704369,,"[\""1\""]",,,0,,,0
4750,33325,,28.6735151,77.2754516,,,,,0,,,0
4751,33336,,,,,,,,0,,,0
4752,33340,,24.4131609,81.8251687,,,,,0,,,0
4753,33342,,28.5106418,77.0856713,,"[\""2\""]",,,0,,,0
4754,18726,,,,,"[\""1\""]",,,0,,,0
4755,33343,,,,,"[\""1\"",\""2\"",\""4\""]",,,0,,,0
4756,33359,,,,,,,,0,,,0
4757,33363,,26.8931628,75.7982442,,,,,0,,,0
4758,33361,,26.2389469,73.0243094,,"[\""1\"",\""2\"",\""3\"",\""4\""]",,,0,,,0
4759,33373,,,,,,,,0,,,0
4760,33350,,,,,,,,0,,,0
4761,33392,,28.7146959,77.1770461,,,,,0,,,0
4762,33408,,25.573158,85.0693039,,,,,0,,,0
4763,33411,,26.425118,80.326281,,"[\""1\"",\""2\""]",,,0,,,0
4764,33421,,25.5541358,84.6664797,,,,,0,,,0
4765,33303,,27.1666582,78.0234834,,"[\""1\"",\""2\""]",,,0,,,0
4766,33413,,26.4650304,79.5018036,,,,,0,,,0
4767,33435,,20.88582,76.2652909,,"[\""1\""]",,,0,,,0
4768,33439,,26.6589637,84.919156,,,,,0,,,0
4769,33329,,28.5417796,77.1261648,,,,,0,,,0
4770,33476,,,,,,,,0,,,0
4771,33458,,,,,"[\""1\""]",,,0,,,0
4772,33486,,23.6958025,86.4216126,,,,,0,,,0
4773,33485,,23.343139,69.2668937,,,,,0,,,0
4774,33500,,21.2164273,72.7821196,,,,,0,,,0
4775,33498,,,,,,,,0,,,0
4776,33512,,,,,,,,0,,,0
4777,33523,,22.5712985,88.3108502,,"[\""1\""]",,,0,,,0
4778,33536,,,,,,,,0,,,0
4779,33505,,28.3732763,76.9729472,,,,,0,,,0
4780,33534,,25.6013122,85.2167629,,,,,0,,,0
4781,33544,,26.9644777,75.7602503,,,,,0,,,0
4782,33556,,,,,,,,0,,,0
4783,33569,,23.022505,72.5713621,,,,,0,,,0
4784,33576,,,,,,,,0,,,0
4785,16259,,,,,,,,0,,,0
4786,33584,,28.4472372,77.0406147,,,,,0,,,0
4787,33586,,28.4476911,77.0947785,,,,,0,,,0
4788,33589,,,,,,,,0,,,0
4789,33591,,,,,,,,0,,,0
4790,33597,,28.4244603,77.0991242,,,,,0,,,0
4791,33600,,28.4476911,77.0947785,,,,,0,,,0
4792,33604,,28.4020188,77.0821851,,,,,0,,,0
4793,33606,,26.7299578,83.3689967,,,,,0,,,0
4794,33612,,28.4822524,77.1047047,,,,,0,,,0
4795,33616,,28.448479,77.0758733,,,,,0,,,0
4796,33621,,28.4876667,77.0881034,,,,,0,,,0
4797,33629,,12.9628669,77.577509,,"[\""1\"",\""2\""]",,,0,,,0
4798,33635,,,,,"[\""1\""]",,,0,,,0
4799,33634,,28.4124299,77.06652,,,,,0,,,0
4800,33643,,28.4020188,77.0821851,,,,,0,,,0
4801,33660,,,,,,,,0,,,0
4802,33650,,23.6692956,86.151112,,,,,0,,,0
4803,33679,,28.634506,77.0818536,,,,,0,,,0
4804,24433,,,,,"[\""3\""]",,,0,,,0
4805,33682,,28.4321322,77.0876279,,,,,0,,,0
4806,33697,"[\""33703\""]",26.8896077,75.7837433,,"[\""1\"",\""2\""]",,,0,,,0
4807,33696,,25.2783532,82.400099,,"[\""1\"",\""2\""]",,,0,,,0
4808,33721,,21.1670348,72.8687994,,,,,0,,,0
4809,33725,,,,,,,,0,,,0
4810,33729,,28.4244603,77.0991242,,,,,0,,,0
4811,33730,,18.6535417,73.7790375,,,,,0,,,0
4812,33734,,,,,"[\""1\""]",,,0,,,0
4813,33744,,21.9088379,87.2692942,,,,,0,,,0
4814,33765,,26.515046,87.009943,,,,,0,,,0
4815,33776,,24.1799966,72.4034458,,"[\""1\"",\""2\""]",,,0,,,0
4816,18263,,,,,"[\""1\"",\""2\"",\""3\"",\""4\""]",,,0,,,0
4817,33778,,28.524945,77.164824,,,,,0,,,0
4818,33788,,,,,"[\""1\"",\""2\""]",,,0,,,0
4819,33796,,27.4995417,77.6427031,,,,,0,,,0
4820,33806,,,,,,,,0,,,0
4821,33811,,19.220789,77.3848373,,,,,0,,,0
4822,33828,,30.365233,76.414249,,,,,0,,,0
4823,33835,,21.1851589,72.8687602,,"[\""1\""]",,,0,,,0
4824,33850,,25.3350714,83.3288373,,,,,0,,,0
4825,33831,,,,,,,,0,,,0
4826,33870,,23.2621686,82.559842,,,,,0,,,0
4827,33889,,,,,,,,0,,,0
4828,33898,,22.5818019,88.3362175,,,,,0,,,0
4829,33916,,28.4594965,77.0266383,,"[\""1\"",\""2\""]",,,0,,,0
4830,33915,,,,,"[\""2\"",\""1\""]",,,0,,,0
4831,33919,,,,,"[\""1\""]",,,0,,,0
4832,33932,,26.1545977,85.9076362,,,,,0,,,0
4833,33934,,23.0309557,72.6100155,,,,,0,,,0
4834,33949,,,,,,,,0,,,0
4835,33972,,,,,,,,0,,,0
4836,33995,,26.4698946,83.3061117,,,,,0,,,0
4837,34013,,,,,"[\""2\""]",,,0,,,0
4838,34014,,26.4808526,79.8947576,,"[\""2\""]",,,0,,,0
4839,34023,,23.0566871,72.6163951,,,,,0,,,0
4840,34021,,25.5940947,85.1375645,,"[\""2\""]",,,0,,,0
4841,34029,,25.27646,83.0334524,,"[\""4\""]",,,0,,,0
4842,34033,,28.448479,77.0758733,,,,,0,,,0
4843,34031,,28.5355161,77.3910265,,,,,0,,,0
4844,34050,,,,,,,,0,,,0
4845,34055,,,,,,,,0,,,0
4846,34070,,,,,,,,0,,,0
4847,34069,,28.4244603,77.0991242,,,,,0,,,0
4848,34079,,,,,,,,0,,,0
4849,34082,,21.6298868,82.1237583,,,,,0,,,0
4850,34089,,28.448479,77.0758733,,,,,0,,,0
4851,34099,,,,,,,,0,,,0
4852,34103,,,,,,,,0,,,0
4853,34114,,,,,"[\""1\""]",,,0,,,0
4854,34119,,28.3924859,77.0540907,,,,,0,,,0
4855,34121,,28.4476911,77.0947785,,,,,0,,,0
4856,27488,,21.1592377,72.7784679,,,,,0,,,0
4857,34120,,28.3936162,76.9311761,,,,,0,,,0
4858,34133,,28.4281173,77.1100123,,,,,0,,,0
4859,34131,,28.4594965,77.0266383,,,,,0,,,0
4860,34137,,28.4472372,77.0406147,,,,,0,,,0
4861,34126,,28.448479,77.0758733,,,,,0,,,0
4862,34136,,28.5040036,77.0748442,,,,,0,,,0
4863,34142,,30.8788581,75.8212271,,,,,0,,,0
4864,34210,,,,,,,,0,,,0
4865,34216,,17.4176446,78.5431066,,,,,0,,,0
4866,34231,,29.573138,74.3266809,,,,,0,,,0
4867,34233,,28.3515381,76.9427774,,"[\""4\""]",,,0,,,0
4868,34238,,28.7222338,77.2717081,,,,,0,,,0
4869,34267,,12.8566981,80.0547404,,"[\""1\""]",,,0,,,0
4870,34278,,,,,,,,0,,,0
4871,34276,,18.9581934,72.8320729,,"[\""1\""]",,,0,,,0
4872,34284,,,,,"[\""2\""]",,,0,,,0
4873,34304,,,,,,,,0,,,0
4874,34306,,28.6155722,77.3467996,,,,,0,,,0
4875,34310,,,,,,,,0,,,0
4876,34320,,,,,,,,0,,,0
4877,34326,,,,,"[\""1\"",\""2\""]",,,0,,,0
4878,9342,,,,,,,,0,,,0
4879,34356,,,,,,,,0,,,0
4880,34359,,,,,"[\""3\""]",,,0,,,0
4881,34354,,,,,"[\""1\"",\""2\""]",,,0,,,0
4882,34371,,,,,,,,0,,,0
4883,34375,,28.4309684,77.5060438,,"[\""1\""]",,,0,,,0
4884,34376,,25.329059,82.9658309,,,,,0,,,0
4885,34373,,26.6057354,80.2697653,,"[\""1\"",\""2\""]",,,0,,,0
4886,34382,,27.0891674,75.7720328,,,,,0,,,0
4887,34390,,26.7341201,77.0296837,,"[\""1\"",\""2\""]",,,0,,,0
4888,34393,,,,,"[\""1\"",\""2\""]",,,0,,,0
4889,34450,,,,,,,,0,,,0
4890,34454,,,,,"[\""1\"",\""2\""]",,,0,,,0
4891,34466,,26.7673571,80.8840897,,,,,0,,,0
4892,34487,,,,,,,,0,,,0
4893,34485,,26.9800097,75.7370909,,"[\""1\"",\""2\""]",,,0,,,0
4894,34497,,26.1908285,91.7875002,,,,,0,,,0
4895,34517,,19.1485289,77.3191471,,,,,0,,,0
4896,34523,,29.2448549,76.8551674,,"[\""1\""]",,,0,,,0
4897,34527,,26.3981692,91.3638041,,,,,0,,,0
4898,34535,,26.8466937,80.946166,,"[\""3\""]",,,0,,,0
4899,34539,,28.1472852,77.3259878,,"[\""1\"",\""2\""]",,,0,,,0
4900,34542,,28.3744584,79.4497808,,,,,0,,,0
4901,34552,,19.5620986,74.19972,,,,,0,,,0
4902,34550,,,,,"[\""2\""]",,,0,,,0
4903,34558,,,,,,,,0,,,0
4904,34564,,,,,,,,0,,,0
4905,34572,,23.022505,72.5713621,,"[\""1\"",\""2\""]",,,0,,,0
4906,34581,,28.4838282,77.0028522,,,,,0,,,0
4907,34601,,,,,,,,0,,,0
4908,34628,,,,,,,,0,,,0
4909,34637,,28.7003397,77.6360888,,"[\""1\""]",,,0,,,0
4910,34662,,,,,"[\""1\"",\""2\""]",,,0,,,0
4911,34690,,28.6726333,77.1183137,,,,,0,,,0
4912,34716,,28.4244603,77.0991242,,,,,0,,,0
4913,34721,,21.1225405,70.1168209,,,,,0,,,0
4914,34723,,,,,"[\""4\""]",,,0,,,0
4915,34726,,28.4844116,77.0859978,,,,,0,,,0
4916,34725,,28.4281173,77.1100123,,,,,0,,,0
4917,34729,,,,,,,,0,,,0
4918,34730,,,,,"[\""3\""]",,,0,,,0
4919,34696,,22.6998775,88.4588613,,,,,0,,,0
4920,34772,,25.600719,85.1449891,,,,,0,,,0
4921,34788,,23.6026825,72.9653143,,,,,0,,,0
4922,34791,,28.4200136,77.1105434,,,,,0,,,0
4923,34797,,,,,,,,0,,,0
4924,34798,,28.4536931,77.0009321,,,,,0,,,0
4925,34799,,28.4723386,77.0320435,,,,,0,,,0
4926,34801,,28.4020188,77.0821851,,,,,0,,,0
4927,34793,,28.3924859,77.0540907,,,,,0,,,0
4928,34806,,28.4244603,77.0991242,,,,,0,,,0
4929,34815,,,,,"[\""1\""]",,,0,,,0
4930,34817,,,,,,,,0,,,0
4931,34819,,28.3732763,76.9729472,,,,,0,,,0
4932,34810,,28.5040036,77.0748442,,,,,0,,,0
4933,34826,,28.5613693,77.3847351,,,,,0,,,0
4934,34829,,28.4538598,77.5097566,,"[\""3\""]",,,0,,,0
4935,34833,,,,,"[\""1\"",\""2\""]",,,0,,,0
4936,34825,,28.4649,77.0081555,,,,,0,,,0
4937,34864,,,,,,,,0,,,0
4938,34866,,23.742628,86.4111374,,,,,0,,,0
4939,34871,,30.6984396,76.7124574,,,,,0,,,0
4940,34874,,22.2502037,70.7905608,,,,,0,,,0
4941,34881,,,,,"[\""1\"",\""2\""]",,,0,,,0
4942,34884,,22.336176,73.1788207,,,,,0,,,0
4943,34900,,30.102913,76.9887876,,,,,0,,,0
4944,34917,,,,,"[\""1\"",\""2\"",\""3\""]",,,0,,,0
4945,34916,,28.621899,77.0878385,,,,,0,,,0
4946,12688,,,,,,,,0,,,0
4947,34933,,28.6595969,77.0722759,,"[\""2\"",\""1\"",\""3\"",\""4\""]",,,0,,,0
4948,34946,,22.649071,88.5468645,,,,,0,,,0
4949,31037,,21.4824291,83.9501302,,"[\""1\""]",,,0,,,0
4950,34971,,,,,"[\""1\""]",,,0,,,0
4951,34974,,22.608605,88.281777,,,,,0,,,0
4952,34991,,,,,"[\""2\""]",,,0,,,0
4953,34997,,,,,"[\""1\"",\""2\""]",,,0,,,0
4954,34998,,19.2133953,73.1422637,,,,,0,,,0
4955,35015,,28.6713325,77.2997837,,,,,0,,,0
4956,35022,,28.6655211,77.1529569,,,,,0,,,0
4957,35023,,,,,,,,0,,,0
4958,35054,"[\""22381\""]",,,,"[\""1\"",\""2\"",\""4\"",\""3\""]",,,0,,,0
4959,35053,,22.7152843,88.2418589,,"[\""1\"",\""2\""]",,,0,,,0
4960,35061,,,,,,,,0,,,0
4961,35073,,,,,,,,0,,,0
4962,35078,,,,,,,,0,,,0
4963,35092,,28.4121197,77.048024,,,,,0,,,0
4964,35095,,22.7251557,72.4390817,,,,,0,,,0
4965,35108,,28.4020188,77.0821851,,,,,0,,,0
4966,35105,,28.5322238,77.3834021,,,,,0,,,0
4967,35109,,,,,,,,0,,,0
4968,35113,,28.4050911,77.1096829,,,,,0,,,0
4969,35161,,27.5168149,75.766844,,,,,0,,,0
4970,35160,,21.0976046,81.0337066,,,,,0,,,0
4971,35111,,28.3738339,76.8969724,,,,,0,,,0
4972,35178,,28.4472372,77.0406147,,,,,0,,,0
4973,35174,,21.166359,73.5645054,,,,,0,,,0
4974,35181,,28.4536931,77.0009321,,,,,0,,,0
4975,35193,,22.2605666,70.7935606,,"[\""1\""]",,,0,,,0
4976,35180,,28.677553,77.3590733,,"[\""1\"",\""2\""]",,,0,,,0
4977,35207,,,,,,,,0,,,0
4978,35208,,18.6053752,73.7739629,,,,,0,,,0
4979,35219,,21.2385068,72.8477631,,,,,0,,,0
4980,35225,,,,,,,,0,,,0
4981,35226,,,,,"[\""1\""]",,,0,,,0
4982,35239,,24.5885583,73.6624507,,,,,0,,,0
4983,35253,,28.4020188,77.0821851,,,,,0,,,0
4984,35255,,28.4219512,76.9571046,,,,,0,,,0
4985,35257,,28.4219512,76.9571046,,,,,0,,,0
4986,35261,,28.3924859,77.0540907,,,,,0,,,0
4987,26591,,,,,,,,0,,,0
4988,35272,,25.48659,81.5404443,,,,,0,,,0
4989,35245,,22.4636026,88.4646107,,,,,0,,,0
4990,35283,,22.5178274,73.4695442,,,,,0,,,0
4991,35298,,,,,"[\""1\"",\""2\""]",,,0,,,0
4992,35300,,30.3751219,75.5445343,,"[\""1\""]",,,0,,,0
4993,35315,,28.70955,77.6632447,,,,,0,,,0
4994,35321,,28.3934596,76.9887876,,,,,0,,,0
4995,35331,,21.233314,81.6350172,,"[\""1\""]",,,0,,,0
4996,35333,,25.5484811,78.5802795,,"[\""4\""]",,,0,,,0
4997,35352,,,,,,,,0,,,0
4998,35375,,29.0407064,76.7581794,,"[\""1\"",\""2\""]",,,0,,,0
4999,35390,,28.4687301,77.133129,,,,,0,,,0
5000,35401,,28.6140385,77.004986,,,,,0,,,0
5001,35399,,28.7055625,77.1019992,,,,,0,,,0
5002,35397,,,,,,,,0,,,0
5003,35415,,28.6042026,77.3769958,,,,,0,,,0
5004,35432,"[\""35434\""]",17.4613293,78.4098305,,"[\""2\"",\""4\"",\""3\"",\""1\""]",,,0,,,0
5005,35444,,19.2074588,73.1852964,,"[\""2\""]",,,0,,,0
5006,35455,,21.793623,81.6309078,,,,,0,,,0
5007,35461,,25.3525237,82.9714307,,"[\""4\"",\""3\"",\""2\"",\""1\""]",,,0,,,0
5008,35474,,23.0046079,72.5531195,,,,,0,,,0
5009,35473,,18.706939,77.3697672,,,,,0,,,0
5010,35482,,20.18443,83.0804283,,"[\""4\""]",,,0,,,0
5011,35484,,28.4720299,77.0003067,,,,,0,,,0
5012,35260,,28.5121376,77.0477559,,,,,0,,,0
5013,35510,,28.4725672,77.0896489,,,,,0,,,0
5014,35508,,28.4020188,77.0821851,,,,,0,,,0
5015,35514,,21.2122606,72.8767943,,,,,0,,,0
5016,35533,,,,,"[\""1\"",\""2\""]",,,0,,,0
5017,35540,,24.9039051,76.5517132,,,,,0,,,0
5018,35537,,,,,,,,0,,,0
5019,35544,,,,,"[\""4\""]",,,0,,,0
5020,35550,,28.406963,77.8498292,,"[\""1\""]",,,0,,,0
5021,35567,,19.2098699,73.1987438,,,,,0,,,0
5022,35589,,28.5121376,77.0477559,,,,,0,,,0
5023,35592,,28.4859221,77.0804478,,,,,0,,,0
5024,35618,,28.4433481,77.0560866,,"[\""2\""]",,,0,,,0
5025,35625,,28.4476911,77.0947785,,,,,0,,,0
5026,35630,,28.4244603,77.0991242,,,,,0,,,0
5027,35623,,28.4176955,77.0359426,,,,,0,,,0
5028,35635,,,,,,,,0,,,0
5029,35643,,28.4214866,77.358284,,,,,0,,,0
5030,35652,,,,,"[\""2\"",\""1\""]",,,0,,,0
5031,35671,,28.658463,77.1438041,,,,,0,,,0
5032,35670,,26.5238515,93.962337,,"[\""3\"",\""2\"",\""4\""]",,,0,,,0
5033,35680,,27.1983368,73.7493272,,,,,0,,,0
5034,35693,,28.5121376,77.0477559,,,,,0,,,0
5035,35703,,28.4244603,77.0991242,,,,,0,,,0
5036,35706,,25.9201738,80.79798,,,,,0,,,0
5037,35705,,28.4461254,77.0514093,,,,,0,,,0
5038,35714,,,,,"[\""1\""]",,,0,,,0
5039,35721,,28.5862806,77.0901042,,,,,0,,,0
5040,35723,,,,,,,,0,,,0
5041,35731,,25.9348663,86.7924869,,"[\""1\"",\""2\""]",,,0,,,0
5042,35743,,,,,,,,0,,,0
5043,35747,,23.676406,86.9917664,,,,,0,,,0
5044,35751,,28.1271988,77.0420541,,,,,0,,,0
5045,35764,,,,,,,,0,,,0
5046,35782,,22.6981826,88.3705376,,,,,0,,,0
5047,35792,,,,,"[\""1\"",\""2\"",\""4\""]",,,0,,,0
5048,35803,,18.3435863,81.8825279,,,,,0,,,0
5049,35813,,,,,,,,0,,,0
5050,35837,,23.0470487,72.5704362,,,,,0,,,0
5051,9032,,,,,,,,0,,,0
5052,8453,,,,,,,,0,,,0
5053,35849,,21.1866743,72.8343295,,"[\""1\"",\""4\"",\""3\"",\""2\""]",,,0,,,0
5054,35852,,18.7733789,73.8085914,,"[\""1\"",\""2\""]",,,0,,,0
5055,35863,,,,,,,,0,,,0
5056,35868,,19.2172272,73.0999216,,,,,0,,,0
5057,35833,,26.2053019,78.1520072,,"[\""4\""]",,,0,,,0
5058,35871,,,,,"[\""1\""]",,,0,,,0
5059,35872,,21.6115516,71.2305477,,"[\""1\"",\""2\"",\""3\"",\""4\""]",,,0,,,0
5060,35877,,23.019795,72.5294328,,,,,0,,,0
5061,35876,,18.5246091,73.8786239,,,,,0,,,0
5062,35895,,,,,"[\""1\"",\""2\""]",,,0,,,0
5063,35897,,31.3184154,75.5982549,,,,,0,,,0
5064,35902,,19.251835,73.1076143,,"[\""1\"",\""2\""]",,,0,,,0
5065,35919,,22.6060853,88.4138969,,,,,0,,,0
5066,35928,,,,,"[\""1\""]",,,0,,,0
5067,35936,,,,,"[\""4\""]",,,0,,,0
5068,35937,,28.6439542,77.286847,,,,,0,,,0
5069,35950,,,,,"[\""4\""]",,,0,,,0
5070,35948,,28.4320397,77.0686159,,,,,0,,,0
5071,35947,,28.6216423,77.3438049,,,,,0,,,0
5072,35949,,28.4908258,77.0690091,,,,,0,,,0
5073,35953,,28.5121376,77.0477559,,,,,0,,,0
5074,35954,,,,,,,,0,,,0
5075,35968,,,,,,,,0,,,0
5076,35971,,28.5040036,77.0748442,,,,,0,,,0
5077,35980,,,,,,,,0,,,0
5078,35993,,,,,,,,0,,,0
5079,35997,,,,,,,,0,,,0
5080,35999,,28.4020188,77.0821851,,,,,0,,,0
5081,36002,,26.812839,75.780721,,,,,0,,,0
5082,36007,,28.4650453,77.1007117,,,,,0,,,0
5083,36017,,28.6504211,77.4888388,,"[\""2\"",\""1\""]",,,0,,,0
5084,36023,,25.9240456,83.5363359,,"[\""1\"",\""2\""]",,,0,,,0
5085,36028,,,,,,,,0,,,0
5086,36026,,28.4020188,77.0821851,,,,,0,,,0
5087,36027,,28.4320397,77.0686159,,,,,0,,,0
5088,36067,,28.4244603,77.0991242,,,,,0,,,0
5089,36072,,28.448479,77.0758733,,,,,0,,,0
5090,36070,,28.4244603,77.0991242,,,,,0,,,0
5091,36082,,,,,"[\""1\""]",,,0,,,0
5092,36093,,28.3852948,77.0483554,,,,,0,,,0
5093,36088,,28.4176955,77.0359426,,,,,0,,,0
5094,36098,,23.0351267,72.5277776,,"[\""4\""]",,,0,,,0
5095,36102,,,,,,,,0,,,0
5096,36104,,23.7810873,86.4337508,,,,,0,,,0
5097,16342,,,,,,,,0,,,0
5098,36119,,28.6532307,77.361086,,"[\""2\""]",,,0,,,0
5099,36133,,,,,"[\""1\""]",,,0,,,0
5100,36134,,,,,"[\""1\"",\""2\""]",,,0,,,0
5101,36148,,26.2036378,78.160721,,,,,0,,,0
5102,36159,,12.9212676,77.613408,,,,,0,,,0
5103,36164,,26.9687755,83.0999189,,,,,0,,,0
5104,36167,,,,,"[\""1\""]",,,0,,,0
5105,36170,,,,,,,,0,,,0
5106,36179,,,,,"[\""1\""]",,,0,,,0
5107,36187,,28.4378835,77.0701175,,,,,0,,,0
5108,36189,,,,,,,,0,,,0
5109,36204,,,,,"[\""2\"",\""1\""]",,,0,,,0
5110,31249,,28.7486226,77.1941069,,,,,0,,,0
5111,36213,,30.900965,75.8572758,,,,,0,,,0
5112,36247,,,,,,,,0,,,0
5113,36253,,22.6379455,88.3215014,,,,,0,,,0
5114,36258,,22.324258,73.142857,,,,,0,,,0
5115,36276,,28.8257813,78.7927996,,,,,0,,,0
5116,36290,,,,,,,,0,,,0
5117,36321,,,,,,,,0,,,0
5118,36327,,19.0744426,72.8604874,,,,,0,,,0
5119,36332,,27.1254485,74.6323233,,,,,0,,,0
5120,36335,,28.358933,76.9396635,,,,,0,,,0
5121,36354,,28.4984141,77.0849249,,,,,0,,,0
5122,36353,,,,,,,,0,,,0
5123,36359,,20.0235035,73.7232393,,,,,0,,,0
5124,36365,,,,,,,,0,,,0
5125,36380,,22.4974611,88.299053,,"[\""1\""]",,,0,,,0
5126,36384,,,,,"[\""1\"",\""2\""]",,,0,,,0
5127,36392,,28.3852948,77.0483554,,,,,0,,,0
5128,36382,,22.7576004,88.3725813,,"[\""1\"",\""2\""]",,,0,,,0
5129,36395,,28.4472372,77.0406147,,,,,0,,,0
5130,36399,,28.5121376,77.0477559,,,,,0,,,0
5131,36405,,23.0663305,72.5874872,,"[\""1\"",\""2\""]",,,0,,,0
5132,28539,,25.4716715,81.8222761,,,,,0,,,0
5133,36433,,28.446591,77.0659528,,,,,0,,,0
5134,36435,,28.3858823,77.0607728,,,,,0,,,0
5135,36439,,22.3038945,70.8021599,,,,,0,,,0
5136,36441,,28.4244603,77.0991242,,,,,0,,,0
5137,36461,,28.4200136,77.1105434,,,,,0,,,0
5138,36477,,28.3852948,77.0483554,,,,,0,,,0
5139,36478,,28.4908258,77.0690091,,,,,0,,,0
5140,26977,"[\""11020\""]",,,,,,,0,,,0
5141,36481,,28.366322,76.9455815,,,,,0,,,0
5142,36484,,28.3801295,76.9844677,,,,,0,,,0
5143,36497,,22.3599251,88.4325462,,,,,0,,,0
5144,36496,,28.3732763,76.9729472,,,,,0,,,0
5145,36498,,28.5355161,77.3910265,,,,,0,,,0
5146,36502,,28.4472372,77.0406147,,,,,0,,,0
5147,36505,,17.4507667,78.4147925,,"[\""1\"",\""2\""]",,,0,,,0
5148,36508,,22.9785263,87.797236,,,,,0,,,0
5149,36522,,17.4366282,78.4156699,,"[\""1\"",\""2\""]",,,0,,,0
5150,36526,,,,,,,,0,,,0
5151,36530,,25.5808344,85.0967875,,,,,0,,,0
5152,36547,,23.6822634,86.4244424,,,,,0,,,0
5153,36569,,,,,,,,0,,,0
5154,36573,,28.5194027,77.2862125,,"[\""2\"",\""1\""]",,,0,,,0
5155,36588,,22.5743545,88.3628734,,,,,0,,,0
5156,36626,,,,,,,,0,,,0
5157,36643,,22.8308749,88.3568315,,"[\""1\""]",,,0,,,0
5158,36657,,22.7195687,75.8577258,,"[\""1\"",\""2\""]",,,0,,,0
5159,36668,,19.1429883,72.8046027,,,,,0,,,0
5160,36687,,30.7046486,76.7178726,,"[\""2\"",\""1\""]",,,0,,,0
5161,36689,,28.6263193,77.4388062,,,,,0,,,0
5162,36690,,25.8652131,83.0280816,,,,,0,,,0
5163,10023,,,,,,,,0,,,0
5164,36703,,28.448479,77.0758733,,,,,0,,,0
5165,36705,,28.4822114,77.1037233,,,,,0,,,0
5166,36716,,,,,,,,0,,,0
5167,36722,,,,,,,,0,,,0
5168,36731,,,,,"[\""1\"",\""2\"",\""3\"",\""4\""]",,,0,,,0
5169,33561,,19.1172158,72.8906849,,"[\""1\"",\""2\""]",,,0,,,0
5170,36734,,23.0829964,72.5462774,,,,,0,,,0
5171,36745,,13.0352253,80.1972702,,"[\""1\"",\""2\""]",,,0,,,0
5172,36747,,26.9839929,81.0230149,,,,,0,,,0
5173,36760,,28.4684279,77.0521289,,,,,0,,,0
5174,36764,,28.4592,77.07248,,,,,0,,,0
5175,36762,,28.4916812,77.094897,,,,,0,,,0
5176,36766,,28.4729318,76.9578248,,,,,0,,,0
5177,36769,,28.4728421,77.0864614,,,,,0,,,0
5178,36772,,28.4374374,77.058575,,,,,0,,,0
5179,36775,,28.4650453,77.1007117,,,,,0,,,0
5180,36778,,28.4374374,77.058575,,,,,0,,,0
5181,36782,,,,,"[\""1\""]",,,0,,,0
5182,36784,,22.4931661,88.3327674,,,,,0,,,0
5183,31138,,29.5276174,74.7388276,,,,,0,,,0
5184,36802,,,,,,,,0,,,0
5185,36797,,21.2548971,86.7338929,,"[\""1\"",\""3\"",\""2\"",\""4\""]",,,0,,,0
5186,36812,,,,,,,,0,,,0
5187,36809,,13.0675022,77.5846167,,"[\""1\""]",,,0,,,0
5188,36838,"[\""26864\""]",29.9066615,78.0025845,,,,,0,,,0
5189,36837,,28.549052,77.1312437,,,,,0,,,0
5190,36843,,22.683081,75.930573,,"[\""2\"",\""1\""]",,,0,,,0
5191,36858,,,,,,,,0,,,0
5192,36864,,21.2275675,81.3440622,,,,,0,,,0
5193,36862,,23.0373716,72.6623495,,,,,0,,,0
5194,36878,,27.1695032,78.3963095,,,,,0,,,0
5195,36836,,28.4710811,77.0454144,,,,,0,,,0
5196,36892,,22.623634,70.9616056,,,,,0,,,0
5197,36930,,27.9860257,77.3755084,,"[\""2\""]",,,0,,,0
5198,36967,,,,,"[\""1\"",\""2\""]",,,0,,,0
5199,36971,,25.841202,86.1605477,,"[\""2\"",\""1\""]",,,0,,,0
5200,36973,,24.7316182,87.0799035,,"[\""1\"",\""2\""]",,,0,,,0
5201,36987,,21.054086,75.7773367,,,,,0,,,0
5202,36995,,21.5054794,86.9049608,,,,,0,,,0
5203,36997,,,,,"[\""1\"",\""2\""]",,,0,,,0
5204,37000,,28.5341088,77.2613794,,"[\""1\""]",,,0,,,0
5205,37008,,,,,,,,0,,,0
5206,37017,,,,,"[\""1\"",\""2\""]",,,0,,,0
5207,37040,,,,,"[\""1\"",\""2\"",\""3\"",\""4\""]",,,0,,,0
5208,37045,,22.4023678,72.6712894,,"[\""3\""]",,,0,,,0
5209,37051,,,,,"[\""2\""]",,,0,,,0
5210,37068,,24.5362477,81.3036946,,"[\""1\"",\""2\""]",,,0,,,0
5211,37100,,21.5605618,73.1084052,,"[\""1\"",\""2\""]",,,0,,,0
5212,37099,,,,,,,,0,,,0
5213,37118,,21.1635277,81.7774249,,"[\""1\"",\""2\"",\""3\"",\""4\""]",,,0,,,0
5214,37122,,,,,,,,0,,,0
5215,37132,,,,,,,,0,,,0
5216,37140,,,,,"[\""2\""]",,,0,,,0
5217,37137,"[\""37144\""]",,,,,,,0,,,0
5218,37133,"[\""37150\""]",,,,"[\""1\"",\""2\""]",,,0,,,0
5219,37166,,27.4758396,94.9199574,,"[\""1\"",\""2\""]",,,0,,,0
5220,37177,,,,,,,,0,,,0
5221,37185,,23.047903,72.5333075,,,,,0,,,0
5222,37187,,26.7324087,88.4175793,,,,,0,,,0
5223,37201,,,,,,,,0,,,0
5224,37210,,,,,"[\""1\""]",,,0,,,0
5225,37211,,,,,,,,0,,,0
5226,37223,,,,,,,,0,,,0
5227,37231,,,,,,,,0,,,0
5228,37238,,,,,"[\""1\""]",,,0,,,0
5229,37260,,,,,,,,0,,,0
5230,37276,,28.6370522,77.4683116,,,,,0,,,0
5231,37283,,28.6108623,77.0555459,,,,,0,,,0
5232,37300,,28.5040036,77.0748442,,,,,0,,,0
5233,37298,,30.3478138,78.0682909,,,,,0,,,0
5234,37329,,28.6619426,77.4326517,,,,,0,,,0
5235,37353,,28.4594965,77.0266383,,,,,0,,,0
5236,37354,,,,,"[\""1\""]",,,0,,,0
5237,37360,,21.1938475,81.3509416,,,,,0,,,0
5238,37363,,28.4650453,77.1007117,,,,,0,,,0
5239,37362,,19.8502643,75.3076904,,,,,0,,,0
5240,37355,"[\""37365\""]",28.5806799,77.3981016,,"[\""1\"",\""2\""]",,,0,,,0
5241,37368,,28.5121376,77.0477559,,,,,0,,,0
5242,37375,,28.5121376,77.0477559,,,,,0,,,0
5243,37304,,34.2734485,74.3074213,,,,,0,,,0
5244,37377,,28.4085198,76.9369384,,,,,0,,,0
5245,37384,,19.0610713,72.8254061,,,,,0,,,0
5246,37387,,28.4316859,77.0578855,,,,,0,,,0
5247,37388,,28.3732763,76.9729472,,,,,0,,,0
5248,37396,,28.4785131,77.0600442,,,,,0,,,0
5249,37402,"[\""37406\""]",29.1248191,77.5375794,,"[\""1\"",\""2\""]",,,0,,,0
5250,37407,,,,,,,,0,,,0
5251,37401,,18.5107442,73.9318861,,"[\""1\"",\""2\""]",,,0,,,0
5252,37425,,28.4817973,77.0643614,,,,,0,,,0
5253,37433,,,,,,,,0,,,0
5254,37434,,,,,,,,0,,,0
5255,37442,,28.4498494,77.0566887,,,,,0,,,0
5256,37464,,18.4526588,73.8261001,,"[\""4\"",\""1\"",\""2\""]",,,0,,,0
5257,37473,,22.4640941,70.0748763,,"[\""1\"",\""2\""]",,,0,,,0
5258,37483,,24.2585055,72.1906739,,,,,0,,,0
5259,37399,,18.0370942,77.2100761,,,,,0,,,0
5260,37493,,,,,,,,0,,,0
5261,37494,,25.292096,83.0799251,,"[\""2\"",\""1\""]",,,0,,,0
5262,37496,,15.263006,76.3972715,,"[\""3\"",\""1\"",\""4\"",\""2\""]",,,0,,,0
5263,37491,,,,,,,,0,,,0
5264,37502,,22.0808874,88.1459615,,,,,0,,,0
5265,37506,,28.9600155,77.7502617,,,,,0,,,0
5266,37512,,26.9064752,75.7044522,,"[\""2\"",\""1\""]",,,0,,,0
5267,37531,,17.4948508,78.4030633,,"[\""3\"",\""4\""]",,,0,,,0
5268,37530,,,,,,,,0,,,0
5269,37539,,22.6930471,75.8167878,,"[\""1\"",\""3\""]",,,0,,,0
5270,37547,,28.6865647,77.4216184,,"[\""1\""]",,,0,,,0
5271,37569,,,,,"[\""2\"",\""1\""]",,,0,,,0
5272,37572,,25.8351953,86.6837705,,"[\""2\""]",,,0,,,0
5273,37575,,22.6107,88.4001616,,,,,0,,,0
5274,37549,,,,,"[\""1\""]",,,0,,,0
5275,37583,,,,,,,,0,,,0
5276,37597,,23.3834644,87.0380661,,"[\""2\"",\""1\""]",,,0,,,0
5277,37608,,,,,,,,0,,,0
5278,37606,,,,,"[\""4\""]",,,0,,,0
5279,37612,,,,,"[\""1\""]",,,0,,,0
5280,37622,,21.2021607,72.7862568,,,,,0,,,0
5281,37626,,26.2294302,78.1799558,,"[\""1\"",\""2\""]",,,0,,,0
5282,37642,,23.1558718,72.5882865,,"[\""1\""]",,,0,,,0
5283,37647,,,,,,,,0,,,0
5284,37661,,,,,,,,0,,,0
5285,37666,,28.4805922,77.0662797,,,,,0,,,0
5286,37673,,28.8382736,77.7398211,,"[\""1\""]",,,0,,,0
5287,37683,,,,,,,,0,,,0
5288,37694,,,,,,,,0,,,0
5289,37698,,,,,,,,0,,,0
5290,37702,,21.1936642,72.83309,,,,,0,,,0
5291,37715,,23.0699171,72.635698,,"[\""1\""]",,,0,,,0
5292,37719,,17.3367504,78.411645,,"[\""2\""]",,,0,,,0
5293,37718,,28.4348171,77.1089412,,,,,0,,,0
5294,37735,,,,,,,,0,,,0
5295,37738,,28.4020188,77.0821851,,,,,0,,,0
5296,37742,,,,,,,,0,,,0
5297,37754,,28.3852948,77.0483554,,,,,0,,,0
5298,37751,,28.6820444,77.0675607,,,,,0,,,0
5299,37756,,28.4916812,77.094897,,,,,0,,,0
5300,37752,,28.4154983,77.002192,,,,,0,,,0
5301,37749,,28.4710811,77.0454144,,,,,0,,,0
5302,37775,,,,,,,,0,,,0
5303,37759,,28.4020188,77.0821851,,,,,0,,,0
5304,37787,,28.3732763,76.9729472,,,,,0,,,0
5305,37784,,28.4594965,77.0266383,,,,,0,,,0
5306,37789,,28.6360439,76.9649136,,"[\""4\""]",,,0,,,0
5307,37785,,28.4379091,77.0785479,,,,,0,,,0
5308,37795,,,,,,,,0,,,0
5309,37799,,31.6324476,74.8925023,,,,,0,,,0
5310,37812,,21.2370094,81.6638458,,"[\""1\""]",,,0,,,0
5311,37821,,28.9639003,75.9564843,,"[\""1\""]",,,0,,,0
5312,37822,,26.8624319,81.0278473,,,,,0,,,0
5313,37836,,28.4420427,77.0206538,,,,,0,,,0
5314,37840,,19.233389,72.9898907,,,,,0,,,0
5315,37860,"[\""37869\""]",23.208672,77.397708,,,,,0,,,0
5316,37873,,23.022505,72.5713621,,,,,0,,,0
5317,37877,,26.8466937,80.946166,,,,,0,,,0
5318,37875,,,,,"[\""1\"",\""2\""]",,,0,,,0
5319,37882,,26.8031477,75.8427301,,"[\""1\""]",,,0,,,0
5320,37889,,,,,"[\""1\""]",,,0,,,0
5321,37886,"[\""37896\""]",28.4991256,77.2382204,,"[\""1\""]",,,0,,,0
5322,37915,,20.8359978,81.4846559,,"[\""1\"",\""3\"",\""4\"",\""2\""]",,,0,,,0
5323,37916,,25.7956933,85.2088319,,,,,0,,,0
5324,37919,,,,,,,,0,,,0
5325,37921,,31.9400094,75.2479061,,,,,0,,,0
5326,37932,,25.1337123,82.5644195,,,,,0,,,0
5327,37938,,28.4794366,77.0175832,,,,,0,,,0
5328,37939,,,,,,,,0,,,0
5329,37943,,28.793229,77.0483355,,,,,0,,,0
5330,37949,,,,,,,,0,,,0
5331,26656,,28.4743879,77.5039904,,,"[\""19\"",\""88\""]",,0,,,0
5332,37952,,,,,"[\""1\"",\""2\""]",,,0,,,0
5333,37967,,,,,"[\""1\"",\""2\""]",,,0,,,0
5334,37977,,23.1257895,85.1297844,,,,,0,,,0
5335,37976,,,,,"[\""2\""]",,,0,,,0
5336,37983,,34.3963,74.6605365,,,,,0,,,0
5337,38015,,28.4320397,77.0686159,,,,,0,,,0
5338,38023,,,,,,,,0,,,0
5339,38027,,28.3903001,77.0751538,,,,,0,,,0
5340,38028,,28.4472372,77.0406147,,,,,0,,,0
5341,38030,,28.4020188,77.0821851,,,,,0,,,0
5342,38031,,28.5144929,77.0197325,,,,,0,,,0
5343,38034,,28.366322,76.9455815,,,,,0,,,0
5344,38032,,28.4219512,76.9571046,,,,,0,,,0
5345,38035,,28.4020188,77.0821851,,,,,0,,,0
5346,38037,,28.448479,77.0758733,,,,,0,,,0
5347,38039,,28.4472372,77.0406147,,,,,0,,,0
5348,30500,,26.9056155,75.720499,,,,,0,,,0
5349,38041,,28.4476911,77.0947785,,,,,0,,,0
5350,25330,,,,,,,,0,,,0
5351,38042,,28.448479,77.0758733,,,,,0,,,0
5352,38043,,28.3732763,76.9729472,,,,,0,,,0
5353,38044,,28.4710811,77.0454144,,,,,0,,,0
5354,38047,,28.5007088,77.0003067,,,,,0,,,0
5355,38048,,28.5121376,77.0477559,,,,,0,,,0
5356,38049,,28.5146969,77.0348848,,,,,0,,,0
5357,38050,,17.8054766,83.1961072,,,,,0,,,0
5358,38051,,28.4020255,76.9579036,,,,,0,,,0
5359,38052,,28.4244603,77.0991242,,,,,0,,,0
5360,38057,,28.4160281,76.9914395,,,,,0,,,0
5361,38058,,28.5121376,77.0477559,,,,,0,,,0
5362,38062,,28.3935416,76.9599852,,,,,0,,,0
5363,27244,,28.6139298,77.2088282,,,,,0,,,0
5364,38063,,28.507241,77.0640486,,,,,0,,,0
5365,38059,,28.4908258,77.0690091,,,,,0,,,0
5366,38060,,28.4817973,77.0643614,,,,,0,,,0
5367,38067,,28.5040036,77.0748442,,,,,0,,,0
5368,38064,,28.4320397,77.0686159,,,,,0,,,0
5369,38068,,28.3858823,77.0607728,,,,,0,,,0
5370,38066,,28.4420427,77.0206538,,,,,0,,,0
5371,38065,,28.4594965,77.0266383,,,,,0,,,0
5372,38078,,28.448479,77.0758733,,,,,0,,,0
5373,38079,,28.4244603,77.0991242,,,,,0,,,0
5374,38082,,28.5134376,77.0801899,,,,,0,,,0
5375,38084,,28.4020188,77.0821851,,,,,0,,,0
5376,38087,,28.4594965,77.0266383,,,,,0,,,0
5377,38089,,28.4938677,77.1037786,,,,,0,,,0
5378,38085,,28.4650453,77.1007117,,,,,0,,,0
5379,38092,,,,,,,,0,,,0
5380,38098,,28.4292431,77.1077539,,,,,0,,,0
5381,38097,,13.0644246,77.5054222,,"[\""3\""]",,,0,,,0
5382,38104,,28.4244603,77.0991242,,,,,0,,,0
5383,38105,,28.4938677,77.1037786,,,,,0,,,0
5384,38122,,,,,"[\""1\"",\""2\""]",,,0,,,0
5385,38124,,,,,"[\""1\"",\""2\""]",,,0,,,0
5386,38149,,16.6779928,74.2929885,,,,,0,,,0
5387,38155,,24.6696723,81.8810227,,,,,0,,,0
5388,38152,,34.0789375,74.4673125,,,,,0,,,0
5389,38179,,,,,,,,0,,,0
5390,38219,,,,,"[\""3\"",\""1\"",\""2\"",\""4\""]",,,0,,,0
5391,38221,,17.4400802,78.3489168,,,,,0,,,0
5392,38226,,22.8330615,70.8752535,,,,,0,,,0
5393,38229,,,,,,,,0,,,0
5394,38246,,34.101097,74.8090391,,,,,0,,,0
5395,38253,,30.900965,75.8572758,,"[\""1\"",\""2\""]",,,0,,,0
5396,38255,,28.4743879,77.5039904,,,,,0,,,0
5397,38256,,28.7390342,77.3141781,,,,,0,,,0
5398,38268,,25.2869862,82.8480697,,,,,0,,,0
5399,38293,,,,,,,,0,,,0
5400,38298,,34.1862262,74.674471,,,,,0,,,0
5401,38330,,,,,,,,0,,,0
5402,38347,,,,,,,,0,,,0
5403,38410,,23.4707709,87.3028558,,,,,0,,,0
5404,38411,,24.9538803,84.0142866,,"[\""2\""]",,,0,,,0
5405,38399,,,,,,,,0,,,0
5406,38417,"[\""38421\""]",30.9317974,76.8336029,,"[\""1\"",\""2\""]",,,0,,,0
5407,38425,,24.3956038,81.8825279,,"[\""1\"",\""3\"",\""2\"",\""4\""]",,,0,,,0
5408,38434,,28.4472372,77.0406147,,,,,0,,,0
5409,38441,,,,,,,,0,,,0
5410,38409,,23.2085375,77.4548455,,,,,0,,,0
5411,38463,,22.3507704,87.3388767,,"[\""1\"",\""2\"",\""3\"",\""4\""]",,,0,,,0
5412,38483,,28.448479,77.0758733,,,,,0,,,0
5413,38512,,,,,,,,0,,,0
5414,38520,,22.7201129,77.7233782,,,,,0,,,0
5415,38527,,28.5144929,77.0197325,,,,,0,,,0
5416,38525,,,,,,,,0,,,0
5417,38524,,28.4650453,77.1007117,,,,,0,,,0
5418,38533,,28.4594965,77.0266383,,,,,0,,,0
5419,38530,,28.3924859,77.0540907,,,,,0,,,0
5420,38543,,,,,,,,0,,,0
5421,38553,,28.4244603,77.0991242,,,,,0,,,0
5422,27624,,28.9863741,79.4094109,,"[\""1\"",\""2\""]",,,0,,,0
5423,38568,,28.3858823,77.0607728,,,,,0,,,0
5424,38569,,,,,"[\""1\"",\""2\""]",,,0,,,0
5425,38572,,18.5539311,73.9476257,,,,,0,,,0
5426,38588,,,,,,,,0,,,0
5427,38589,,28.7040592,77.1024902,,,,,0,,,0
5428,38593,"[\""2\""]",,,,,"[\""18\"",\""38829\""]",,0,,,0
5429,38599,,,,,,,,0,,,0
5430,38601,,,,,,,,0,,,0
5431,38603,,,,,,,,0,,,0
5432,38605,,,,,,,,0,,,0
5433,38606,,,,,,,,0,,,0
5434,38608,,,,,,,,0,,,0
5435,38609,,,,,,,,0,,,0
5436,38611,,,,,,,,0,,,0
5437,38613,,,,,,,,0,,,0
5438,38614,,,,,,,,0,,,0
5439,38615,,,,,,,,0,,,0
5440,38616,,,,,,,,0,,,0
5441,38617,,,,,,,,0,,,0
5442,38618,,,,,,,,0,,,0
5443,38621,,,,,,,,0,,,0
5444,38623,,,,,,,,0,,,0
5445,38624,,,,,"[\""2\""]",,,0,,,0
5446,38626,,22.2441975,68.9684562,,,,,0,,,0
5447,38627,,,,,,,,0,,,0
5448,38628,,,,,,,,0,,,0
5449,38630,,28.7040592,77.1024902,,"[\""4\""]","[\""5014\""]",,0,,,0
5450,38631,,,,,,,,0,,,0
5451,38632,,,,,,,,0,,,0
5452,38633,,,,,,,,0,,,0
5453,38634,,,,,"[\""2\""]",,,0,,,0
5454,38635,,,,,,,,0,,,0
5455,38636,,,,,,,,0,,,0
5456,38637,,,,,,,,0,,,0
5457,38638,,,,,,,,0,,,0
5458,38639,,,,,"[\""4\""]","[\""38637\""]",,0,,,0
5459,38640,,,,,,,,0,,,0
5460,38642,,,,,,,,0,,,0
5461,38643,,,,,,,,0,,,0
5462,38644,,,,,,,,0,,,0
5463,38645,,,,,,,,0,,,0
5464,38646,,,,,,,,0,,,0
5465,38647,,,,,"[\""2\""]",,,0,,,0
5466,38649,,,,,,,,0,,,0
5467,38650,,,,,"[\""2\"",\""4\""]",,,0,,,0
5468,38651,,,,,"[\""2\""]",,,0,,,0
5469,38652,,,,,,,,0,,,0
5470,38653,,,,,"[\""2\""]",,,0,,,0
5471,38654,,,,,"[\""2\""]",,,0,,,0
5472,38655,,,,,,,,0,,,0
5473,38657,,,,,,,,0,,,0
5474,38658,,,,,,,,0,,,0
5475,38660,,,,,,,,0,,,0
5476,38662,,,,,,,,0,,,0
5477,38665,,,,,,,,0,,,0
5478,38668,,,,,,,,0,,,0
5479,38669,,,,,"[\""2\""]",,,0,,,0
5480,38670,,,,,,,,0,,,0
5481,38671,,,,,,,,0,,,0
5482,38672,"[\""13\"",\""459\"",\""653\""]",,,,"[\""2\"",\""4\""]","[\""1\"",\""165\"",\""22042\"",\""3190\""]",,0,,,0
5483,38673,,,,,,,,0,,,0
5484,38674,,,,,,,,0,,,0
5485,38675,,,,,"[\""2\""]",,,0,,,0
5486,38676,,,,,"[\""2\""]",,,0,,,0
5487,38677,,,,,,,,0,,,0
5488,38678,,,,,,,,0,,,0
5489,38679,,,,,,,,0,,,0
5490,38684,,,,,,,,0,,,0
5491,38685,,,,,,,,0,,,0
5492,38686,,,,,,,,0,,,0
5493,38688,,,,,,,,0,,,0
5494,38689,,,,,,,,0,,,0
5495,38690,,,,,,,,0,,,0
5496,38692,,,,,,,,0,,,0
5497,38693,,,,,,,,0,,,0
5498,38694,,,,,,,,0,,,0
5499,38695,,,,,,,,0,,,0
5500,38696,,,,,,,,0,,,0
5501,38697,,,,,,,,0,,,0
5502,38698,,,,,,,,0,,,0
5503,38700,,,,,,,,0,,,0
5504,38703,,28.7040592,77.1024902,,"[\""2\""]",,,0,,,0
5507,38706,,,,,,,,0,,,0
5511,38710,,,,,,,,0,,,0
5512,38711,,,,,,,,0,,,0
5513,38712,,,,,,,,0,,,0
5514,38714,,,,,,,,0,,,0
5515,38715,,,,,,,,0,,,0
5516,38716,,,,,,,,0,,,0
5517,38719,,,,,,,,0,,,0
5518,38720,,,,,,,,0,,,0
5519,38721,,,,,,,,0,,,0
5520,38722,,,,,"[\""2\""]",,,0,,,0
5521,38732,,,,,,,,0,,,0
5522,38734,,,,,,,,0,,,0
5523,38736,,,,,,,,0,,,0
5524,38737,,,,,,,,0,,,0
5525,38738,,,,,,,,0,,,0
5526,38739,,,,,,,,0,,,0
5527,38740,,,,,,,,0,,,0
5528,38742,,,,,,,,0,,,0
5529,38743,,,,,,,,0,,,0
5530,38744,,,,,,,,0,,,0
5531,38745,,,,,,,,0,,,0
5532,38746,,,,,,,,0,,,0
5533,38747,,,,,,,,0,,,0
5534,38748,,,,,,,,0,,,0
5535,38749,,,,,,,,0,,,0
5536,38750,,,,,,,,0,,,0
5537,38751,,,,,,,,0,,,0
5538,38752,,,,,,,,0,,,0
5539,38753,,,,,,,,0,,,0
5540,38756,,,,,,,,0,,,0
5541,38757,,,,,,,,0,,,0
5542,38758,,,,,,,,0,,,0
5543,38759,,,,,,,,0,,,0
5544,38760,,,,,,,,0,,,0
5545,38761,,,,,,,,0,,,0
5546,38762,,,,,,,,0,,,0
5547,38763,,,,,,,,0,,,0
5548,38764,,,,,,,,0,,,0
5549,38765,,,,,,,,0,,,0
5550,38766,,,,,,,,0,,,0
5551,38767,,,,,,,,0,,,0
5552,38768,,,,,,,,0,,,0
5553,38769,,,,,,,,0,,,0
5554,38770,,,,,,,,0,,,0
5555,38771,,,,,,,,0,,,0
5556,38772,,,,,,,,0,,,0
5557,38773,,,,,,,,0,,,0
5558,38774,,,,,,,,0,,,0
5559,38775,,,,,,,,0,,,0
5560,38776,,,,,,,,0,,,0
5561,38777,,,,,,,,0,,,0
5562,38778,,,,,,,,0,,,0
5563,38779,,,,,,,,0,,,0
5564,38780,,,,,,,,0,,,0
5565,38781,,,,,,,,0,,,0
5566,38782,,,,,,,,0,,,0
5567,38783,,,,,,,,0,,,0
5568,38784,,,,,,,,0,,,0
5569,38785,,,,,,,,0,,,0
5570,38786,,,,,,,,0,,,0
5571,38787,,,,,,,,0,,,0
5572,38788,,,,,,,,0,,,0
5573,38789,,,,,,,,0,,,0
5574,38790,,,,,,,,0,,,0
5575,38791,,,,,,,,0,,,0
5576,38792,,,,,,,,0,,,0
5577,38794,,,,,,,,0,,,0
5578,38796,,,,,,,,0,,,0
5579,38797,,,,,,,,0,,,0
5580,38798,,,,,,,,0,,,0
5581,38799,,,,,,,,0,,,0
5582,38800,"[\""2\""]",,,,"[\""2\""]",,,0,,,0
5583,38801,,,,,,,,0,,,0
5584,38802,,,,,,,,0,,,0
5585,38803,,,,,,,,0,,,0
5586,38805,,,,,,,,0,,,0
5587,38807,,,,,,,,0,,,0
5588,38809,,,,,,,,0,,,0
5589,38814,,,,,,,,0,,,0
5590,38815,,,,,,,,0,,,0
5591,38816,,,,,,,,0,,,0
5592,38820,,,,,,,,0,,,0
5593,38821,,,,,,,,0,,,0
5594,38822,,,,,,,,0,,,0
5595,38823,,,,,,,,0,,,0
5596,38825,,,,,,,,0,,,0
5597,38828,,,,,,,,0,,,0
5598,38829,"[\""38827\""]",,,,"[\""1\""]",,,0,,,0
5599,38830,,,,,,,,0,,,0
5600,38831,,,,,,,,0,,,0
5601,38832,,,,,,,,0,,,0
5602,38833,,,,,,,,0,,,0
5603,38834,,,,,,,,0,,,0
5604,38835,,,,,,,,0,,,0
5605,38836,,,,,,,,0,,,0
5606,38837,,,,,,,,0,,,0
5607,38838,,,,,,,,0,,,0
5608,38839,,,,,,,,0,,,0
5609,38840,,,,,,,,0,,,0
5610,38841,,,,,,,,0,,,0
5611,38843,,,,,,,,0,,,0
5612,38845,,,,,"[\""2\""]",,,0,,,0
5613,38846,,,,,,,,0,,,0
5614,38847,,,,,,,,0,,,0
5615,38848,,,,,"[\""2\""]",,,0,,,0
5616,38850,,,,,,,,0,,,0
5617,38851,,,,,"[\""2\""]",,,0,,,0
5618,38853,,,,,,,,0,,,0
5619,38854,,,,,"[\""2\""]",,,0,,,0
5620,38855,,,,,,,,0,,,0
5621,38857,,,,,,,,0,,,0
5622,38858,,,,,,,,0,,,0
5623,38859,,,,,,,,0,,,0
5624,38860,"[\""39311\"",\""40070\"",\""3\"",\""2\"",\""40077\""]",28.6632331,77.0544456,,,"[\""134\"",\""38860\""]",,0,,,0
5625,38864,,,,,,,,0,,,0
5626,38865,,,,,,,,0,,,0
5627,38872,"[\""458\"",\""2\"",\""39256\""]",28.6820444,77.0675607,,,"[\""38860\""]",,0,,,0
5628,38876,,,,,,,,0,,,0
5629,38878,,,,,,,,0,,,0
5630,38880,,,,,,,,0,,,0
5631,38881,,,,,,,,0,,,0
5632,38862,,,,011 987654321,,,,0,,,0
5633,38885,,,,,,,,0,,,0
5634,38886,,,,,,,,0,,,0
5635,38887,,,,,,,,0,,,0
5636,38888,,,,,,"[\""26431\"",\""20438\"",\""9149\""]",,0,,,0
5637,38890,,,,,,,,0,,,0
5638,38891,,,,,,,,0,,,0
5639,38892,,,,,,,,0,,,0
5640,38893,,,,,,,,0,,,0
5641,38894,,,,,,,,0,,,0
5642,38895,,,,,,,,0,,,0
5643,38896,,,,,,,,0,,,0
5644,38897,,,,,,,,0,,,0
5645,38898,,,,,,,,0,,,0
5646,38899,,,,,,,,0,,,0
5647,38900,"[\""26133\""]",,,,,,,0,,,0
5648,38901,,,,,,,,0,,,0
5649,38903,,,,,,,,0,,,0
5650,38905,,,,,,,,0,,,0
5651,38906,,,,,,,,0,,,0
5652,38909,,,,,,"[\""33527\"",\""15912\"",\""9834\"",\""38352\""]",,0,,,0
5653,38910,,,,,,,,0,,,0
5654,38911,,,,,,,,0,,,0
5655,38912,,,,,,,,0,,,0
5656,38913,,,,,,,,0,,,0
5657,38914,,,,,,,,0,,,0
5658,38915,,,,,,,,0,,,0
5659,38916,,,,,,,,0,,,0
5660,38917,,,,,,,,0,,,0
5661,38918,,,,,,"[\""19\""]",,0,,,0
5662,38919,,,,,,,,0,,,0
5663,38920,,,,,,,,0,,,0
5664,38921,,,,,,,,0,,,0
5665,38923,,,,,,,,0,,,0
5666,38924,,,,,,,,0,,,0
5667,38925,,,,,,,,0,,,0
5668,38926,,,,,,,,0,,,0
5669,38927,,,,,,,,0,,,0
5670,38928,,,,,,,,0,,,0
5671,38929,,,,,,,,0,,,0
5672,38930,,,,,,,,0,,,0
5673,38931,,,,,,,,0,,,0
5674,38932,,,,,,,,0,,,0
5675,38933,,,,,,,,0,,,0
5676,38934,,,,,,,,0,,,0
5677,38935,,,,,,,,0,,,0
5678,38937,,,,,,,,0,,,0
5679,38938,,28.6619753,77.1241557,,,"[\""18\""]",,0,,,0
5680,38939,,,,,,,,0,,,0
5681,38941,,28.7004534,77.2591938,,,,,0,,,0
5682,38942,,,,,,,,0,,,0
5683,38943,,,,,,,,0,,,0
5684,38945,,,,,,,,0,,,0
5685,38947,,,,,,,,0,,,0
5686,38950,,,,,,,,0,,,0
5687,38951,,,,,,,,0,,,0
5688,38960,,,,,,,,0,,,0
5689,38888,,,,,,"[\""26431\"",\""20438\"",\""9149\""]",,0,,,0
5690,38889,,,,,,,,0,,,0
5691,38891,,,,,,,,0,,,0
5692,38893,,,,,,,,0,,,0
5693,38894,,,,,,,,0,,,0
5694,38897,,,,,,,,0,,,0
5695,38899,,,,,,,,0,,,0
5696,38900,,,,,,,,0,,,0
5697,38901,,,,,,,,0,,,0
5698,38903,,,,,,,,0,,,0
5699,38904,,,,,,,,0,,,0
5700,38905,,,,,,,,0,,,0
5701,38906,,,,,,,,0,,,0
5702,38908,,,,,,,,0,,,0
5703,38909,,,,,,"[\""33527\"",\""15912\"",\""9834\"",\""38352\""]",,0,,,0
5704,38910,,,,,,,,0,,,0
5705,38911,,,,,,,,0,,,0
5706,38912,,,,,,,,0,,,0
5707,38913,,,,,,,,0,,,0
5708,38914,,,,,,,,0,,,0
5709,38916,,,,,,,,0,,,0
5710,38917,,,,,,,,0,,,0
5711,38918,,,,,,"[\""19\""]",,0,,,0
5712,38919,,,,,,,,0,,,0
5713,38921,,,,,,,,0,,,0
5714,38922,,,,,,,,0,,,0
5715,38924,,,,,,,,0,,,0
5716,38926,,,,,,,,0,,,0
5717,38929,,,,,,,,0,,,0
5718,38930,,,,,,,,0,,,0
5719,38931,,,,,,,,0,,,0
5720,38680,,28.6619753,77.1241557,,,,,0,,,0
5721,38932,,,,,,,,0,,,0
5722,38933,,,,,,,,0,,,0
5723,38936,,,,,,,,0,,,0
5724,38938,,28.6619753,77.1241557,,,"[\""18\""]",,0,,,0
5725,38944,,,,,,,,0,,,0
5726,38946,,,,,,,,0,,,0
5727,38948,,,,,,,,0,,,0
5728,38949,,,,,,,,0,,,0
5729,38951,,,,,,,,0,,,0
5730,38952,,,,,,,,0,,,0
5731,38953,,,,,,,,0,,,0
5732,38954,,,,,,,,0,,,0
5733,38955,,,,,,,,0,,,0
5734,38956,,,,,,,,0,,,0
5735,38957,,,,,,,,0,,,0
5736,29366,,,,,,,,0,,,0
5737,38959,,,,,,,,0,,,0
5738,38960,,,,,,,,0,,,0
5739,38962,,,,,,,,0,,,0
5740,38964,,,,,,,,0,,,0
5741,38966,,,,,,,,0,,,0
5742,38969,,,,,,,,0,,,0
5743,38971,,,,,,,,0,,,0
5744,38973,,,,,,,,0,,,0
5745,38974,,,,,,,,0,,,0
5746,38976,,,,,,,,0,,,0
5747,38977,,,,,,,,0,,,0
5748,38978,,,,,,,,0,,,0
5749,38979,,,,,,,,0,,,0
5750,38983,,,,,,,,0,,,0
5751,38968,,28.7040592,77.1024902,,,,,0,,,0
5752,38985,"[\""38941\""]",28.7040592,77.1024902,,,,,0,,,0
5753,38986,,,,,,,,0,,,0
5754,38987,,,,,,,,0,,,0
5755,38988,,,,,,,,0,,,0
5756,38989,,,,,,,,0,,,0
5757,38990,,,,,,,,0,,,0
5758,38991,,,,,,,,0,,,0
5759,38992,,,,,,,,0,,,0
5760,38993,,,,,,,,0,,,0
5761,38994,,,,,,,,0,,,0
5762,38995,,,,,,,,0,,,0
5763,38996,,,,,,,,0,,,0
5764,38997,,,,,,,,0,,,0
5765,38998,,,,,,,,0,,,0
5766,39000,,,,,,,,0,,,0
5767,39001,"[\""2\""]",28.5355161,77.3910265,,"[\""2\"",\""4\""]","[\""32760\"",\""34313\"",\""33122\"",\""35556\""]",,0,,,0
5768,39003,,,,,,,,0,,,0
5769,39004,,,,,,,,0,,,0
5770,39005,,,,,,,,0,,,0
5771,39006,,,,,,,,0,,,0
5772,39007,,,,,,,,0,,,0
5773,39008,,,,,,,,0,,,0
5774,39009,,,,,,,,0,,,0
5775,39010,,,,,,,,0,,,0
5776,39011,,,,,,,,0,,,0
5777,39012,,,,,,,,0,,,0
5778,39014,,,,,,,,0,,,0
5779,39015,,,,,,,,0,,,0
5780,39016,,,,,,,,0,,,0
5781,39017,,,,,,,,0,,,0
5782,39018,,,,,,,,0,,,0
5783,39019,,,,,,,,0,,,0
5784,39020,,,,,,,,0,,,0
5785,39021,,,,,,,,0,,,0
5786,39022,,,,,,"[\""16072\"",\""28884\""]",,0,,,0
5787,39023,,,,,,,,0,,,0
5788,39024,,,,,,,,0,,,0
5789,39025,,,,,,,,0,,,0
5790,39026,,,,,,,,0,,,0
5791,39027,,,,,,,,0,,,0
5792,39028,,,,,,,,0,,,0
5793,39029,,,,,,,,0,,,0
5794,39013,,28.5355161,77.3910265,,,,,0,,,0
5795,39030,,,,,,,,0,,,0
5796,39031,,28.7040592,77.1024902,,,,,0,,,0
5797,39032,,,,,,,,0,,,0
5798,39033,,,,,,,,0,,,0
5799,39034,,,,,,,,0,,,0
5800,39035,,,,,,,,0,,,0
5801,39036,,,,,,,,0,,,0
5802,39037,,,,,,,,0,,,0
5803,39038,,,,,,,,0,,,0
5804,39039,,,,,,,,0,,,0
5805,39040,,,,,,,,0,,,0
5806,39041,,,,,,,,0,,,0
5807,39042,,,,,,,,0,,,0
5808,39043,,,,,,,,0,,,0
5809,39044,,,,,,,,0,,,0
5810,39045,,,,,,,,0,,,0
5811,39046,,,,,,,,0,,,0
5812,39049,,,,,,,,0,,,0
5813,39050,,,,,,,,0,,,0
5814,39051,,,,,,,,0,,,0
5815,38844,,,,,,,,0,,,0
5816,39053,,28.5355161,77.3910265,,,,,0,,,0
5817,39054,,,,,,,,0,,,0
5818,39055,,,,,,,,0,,,0
5819,39056,,,,,,,,0,,,0
5820,39057,,28.6820444,77.0675607,,,"[\""23012\""]",,0,,,0
5821,39066,,,,,,,,0,,,0
5822,39068,,,,,,,,0,,,0
5823,39069,,,,,,,,0,,,0
5824,39070,,,,,,,,0,,,0
5825,39071,,,,,,,,0,,,0
5826,39074,,,,,,,,0,,,0
5827,39075,,,,,,,,0,,,0
5828,39076,,,,,,,,0,,,0
5829,39077,,,,,,,,0,,,0
5830,39078,,,,,,,,0,,,0
5831,39072,,28.7382677,77.0822151,,,,,0,,,0
5832,39080,"[\""2\""]",,,,,,,0,,,0
5833,39082,,,,,,,,0,,,0
5834,39083,,,,,,,,0,,,0
5835,39084,,,,,,,,0,,,0
5836,39081,,28.7004534,77.2591938,,,,,0,,,0
5837,39085,,,,,,,,0,,,0
5838,39086,,,,,,,,0,,,0
5839,39087,,,,,,,,0,,,0
5840,39088,,,,,,,,0,,,0
5841,39089,,,,,,,,0,,,0
5842,39090,,,,,,,,0,,,0
5843,39091,,,,,,,,0,,,0
5844,39092,,,,,,,,0,,,0
5845,39093,,,,,,,,0,,,0
5846,39094,,,,,,,,0,,,0
5847,39095,,,,,,,,0,,,0
5848,39096,,,,,,,,0,,,0
5849,39097,,,,,,,,0,,,0
5850,39098,,,,,,,,0,,,0
5851,39099,,28.7040592,77.1024902,,,,,0,,,0
5852,38730,,22.2441975,68.9684562,,,,,0,,,0
5853,38556,,22.9320531,79.0584723,,,,,0,,,0
5854,38554,,23.0721129,72.6773863,,,,,0,,,0
5855,38526,,28.4472372,77.0406147,,,,,0,,,0
5856,38522,,28.4244603,77.0991242,,,,,0,,,0
5857,38471,,26.7335776,80.8760472,,,,,0,,,0
5858,38460,,29.5311499,73.447797,,,,,0,,,0
5859,38453,,22.6354841,75.813562,,,,,0,,,0
5860,38437,,23.6854339,86.9544491,,,,,0,,,0
5861,38373,,29.3909464,76.9635023,,,,,0,,,0
5862,38354,,26.2423461,78.182829,,,,,0,,,0
5863,38225,,22.8254728,86.2231479,,,,,0,,,0
5864,38223,,13.0101619,77.6061975,,,,,0,,,0
5865,38207,,12.9527663,77.6982038,,,,,0,,,0
5866,38204,,26.1286243,91.8012675,,,,,0,,,0
5867,38203,,26.4772996,80.3862209,,,,,0,,,0
5868,38150,,22.52561,88.391029,,,,,0,,,0
5869,38126,,22.4817281,88.4079965,,,,,0,,,0
5870,38096,,28.4794366,77.0175832,,,,,0,,,0
5871,38061,,28.3935416,76.9599852,,,,,0,,,0
5872,38046,,28.4244603,77.0991242,,,,,0,,,0
5873,38033,,28.4650453,77.1007117,,,,,0,,,0
5874,38017,,28.9546106,78.2647004,,,,,0,,,0
5875,37893,,28.5360975,77.2135344,,,,,0,,,0
5876,37862,,26.8947446,75.8301169,,,,,0,,,0
5877,37854,,21.8224775,70.4595551,,,,,0,,,0
5878,37853,,18.9581934,72.8320729,,,,,0,,,0
5879,37823,,25.1490097,75.8984154,,,,,0,,,0
5880,37746,,28.4948731,76.9844677,,,,,0,,,0
5881,37706,,26.2245147,73.0203723,,,,,0,,,0
5882,37692,,18.9924132,72.8547164,,,,,0,,,0
5883,37619,,25.3736092,82.9998777,,,,,0,,,0
5884,37604,,28.1206241,77.4458151,,,,,0,,,0
5885,37557,,28.6989703,77.1387225,,,,,0,,,0
5886,37498,,24.19211,72.4362852,,,,,0,,,0
5887,37446,,17.3947265,78.451538,,,,,0,,,0
5888,37444,,28.6139298,77.2088282,,,,,0,,,0
5889,37373,,28.4244603,77.0991242,,,,,0,,,0
5890,37302,,28.5355161,77.3910265,,,,,0,,,0
5891,37275,,26.683538,88.4270494,,,,,0,,,0
5892,37182,,28.6753147,75.0381198,,,,,0,,,0
5893,37174,,25.2837754,83.1155672,,,,,0,,,0
5894,37163,,30.7918466,76.6925221,,,,,0,,,0
5895,37135,,27.1541177,74.861994,,,,,0,,,0
5896,37072,,28.6318875,77.2934348,,,,,0,,,0
5897,37038,,25.2242588,77.6106512,,,,,0,,,0
5898,37025,,28.6030006,77.0204624,,,,,0,,,0
5899,36966,,26.9124336,75.7872709,,,,,0,,,0
5900,36952,,28.5355161,77.3910265,,,,,0,,,0
5901,36936,,17.6834554,75.8871229,,,,,0,,,0
5902,36850,,19.2195049,73.1252038,,,,,0,,,0
5903,36847,,23.022505,72.5713621,,,,,0,,,0
5904,36830,,27.1273857,84.4741603,,,,,0,,,0
5905,36807,,28.6492042,77.1015983,,,,,0,,,0
5906,36800,,12.9348912,80.2137124,,,,,0,,,0
5907,36757,,28.4938677,77.1037786,,,,,0,,,0
5908,36740,,29.1595819,76.2044549,,,,,0,,,0
5909,36700,,28.692436,77.30527,,,,,0,,,0
5910,36681,,23.8535774,73.7184924,,,,,0,,,0
5911,36679,,19.1901961,72.8723425,,,,,0,,,0
5912,36593,,28.2509665,75.0784932,,,,,0,,,0
5913,36592,,28.3520421,77.3368654,,,,,0,,,0
5914,36480,,28.4244603,77.0991242,,,,,0,,,0
5915,36452,,24.63666,73.6801092,,,,,0,,,0
5916,36424,,24.585445,73.712479,,,,,0,,,0
5917,36404,,28.6628741,77.1434831,,,,,0,,,0
5918,36349,,23.0548847,72.6754152,,,,,0,,,0
5919,36338,,25.2858561,82.4322347,,,,,0,,,0
5920,36330,,26.3324687,84.9167048,,,,,0,,,0
5921,36250,,24.6369926,87.9812231,,,,,0,,,0
5922,36244,,24.0290993,73.0434794,,,,,0,,,0
5923,36141,,26.4351976,80.2943445,,,,,0,,,0
5924,36094,,22.9048741,88.3964656,,,,,0,,,0
5925,36080,,20.2909962,85.8455788,,,,,0,,,0
5926,36045,,25.7771391,87.4752551,,,,,0,,,0
5927,36016,,27.9796711,76.3961899,,,,,0,,,0
5928,36003,,28.3673551,76.9859077,,,,,0,,,0
5929,35983,,20.9434607,72.9211286,,,,,0,,,0
5930,35908,,28.5678123,77.2616473,,,,,0,,,0
5931,35907,,24.0426098,82.5429325,,,,,0,,,0
5932,35899,,22.8251874,70.8490809,,,,,0,,,0
5933,35864,,21.6264236,73.0151984,,,,,0,,,0
5934,35862,,28.4386824,74.5044585,,,,,0,,,0
5935,35728,,25.9052945,74.6523312,,,,,0,,,0
5936,35708,,22.7612936,78.3491007,,,,,0,,,0
5937,35694,,28.4085198,76.9369384,,,,,0,,,0
5938,35692,,26.1107998,87.299025,,,,,0,,,0
5939,35689,,34.0786607,74.7658918,,,,,0,,,0
5940,35636,,21.2169105,72.8237084,,,,,0,,,0
5941,35629,,26.1914841,85.7324164,,,,,0,,,0
5942,35622,,28.4244603,77.0991242,,,,,0,,,0
5943,35613,,31.2831929,77.6987041,,,,,0,,,0
5944,35609,,25.9910832,79.4636207,,,,,0,,,0
5945,35606,,25.4626865,87.0744154,,,,,0,,,0
5946,35594,,28.4594965,77.0266383,,,,,0,,,0
5947,35562,,19.179274,72.8388532,,,,,0,,,0
5948,35440,,26.8423046,81.9671185,,,,,0,,,0
5949,35430,,23.017331,72.6135037,,,,,0,,,0
5950,35412,,22.5947151,88.3705486,,,,,0,,,0
5951,35319,,22.5743545,88.3628734,,,,,0,,,0
5952,35297,,22.867114,88.3674381,,,,,0,,,0
5953,35293,,25.3707993,86.4733903,,,,,0,,,0
5954,35276,,28.597689,77.3443062,,,,,0,,,0
5955,35254,,28.4086477,76.8793025,,,,,0,,,0
5956,35248,,28.7338232,77.2488862,,,,,0,,,0
5957,35085,,22.672715,88.3351657,,,,,0,,,0
5958,34995,,22.3472502,73.1937004,,,,,0,,,0
5959,34929,,23.097045,70.098748,,,,,0,,,0
5960,34926,,20.8931659,70.8506436,,,,,0,,,0
5961,34912,,23.022505,72.5713621,,,,,0,,,0
5962,34847,,30.7333148,76.7794179,,,,,0,,,0
5963,34830,,30.6415924,76.8334672,,,,,0,,,0
5964,34795,,28.433973,77.319064,,,,,0,,,0
5965,34775,,26.2154225,84.9375287,,,,,0,,,0
5966,34747,,28.6195574,77.0549901,,,,,0,,,0
5967,34742,,28.6377428,77.0469567,,,,,0,,,0
5968,34659,,23.3519473,77.2577571,,,,,0,,,0
5969,34654,,30.1829024,74.9267229,,,,,0,,,0
5970,34605,,27.21448,78.2340602,,,,,0,,,0
5971,34577,,22.7487815,75.8424709,,,,,0,,,0
5972,34556,,27.5598333,77.8281514,,,,,0,,,0
5973,34511,,28.6903993,76.9409355,,,,,0,,,0
5974,34498,,22.7046346,72.8769412,,,,,0,,,0
5975,34488,,23.022505,72.5713621,,,,,0,,,0
5976,34484,,21.7559041,79.8072611,,,,,0,,,0
5977,34472,,30.3164945,78.0321918,,,,,0,,,0
5978,34465,,30.900965,75.8572758,,,,,0,,,0
5979,34443,,25.4615392,78.6072432,,,,,0,,,0
5980,34395,,25.5935351,85.1739814,,,,,0,,,0
5981,34368,,22.2615272,88.0912974,,,,,0,,,0
5982,34350,,21.1595842,86.2463337,,,,,0,,,0
5983,34337,,-37.6370095,145.093983,,,,,0,,,0
5984,34327,,29.8113554,76.0377403,,,,,0,,,0
5985,34318,,23.0810145,72.5550792,,,,,0,,,0
5986,34309,,28.5245046,77.2605076,,,,,0,,,0
5987,34308,,28.4489896,76.8227916,,,,,0,,,0
5988,34297,,28.6551235,77.1574258,,,,,0,,,0
5989,34254,,25.6271327,85.0876628,,,,,0,,,0
5990,34211,,23.2418194,72.4929716,,,,,0,,,0
5991,34171,,27.9585762,80.7439971,,,,,0,,,0
5992,34163,,29.4456895,77.9060588,,,,,0,,,0
5993,34130,,22.5044652,88.3116771,,,,,0,,,0
5994,34129,,28.3924859,77.0540907,,,,,0,,,0
5995,34104,,27.4445342,78.4833526,,,,,0,,,0
5996,34090,,28.3924859,77.0540907,,,,,0,,,0
5997,34087,,28.5215112,77.2770491,,,,,0,,,0
5998,34044,,28.6715227,77.1141178,,,,,0,,,0
5999,33997,,20.8636322,77.7350824,,,,,0,,,0
6000,33981,,23.0151166,72.6700859,,,,,0,,,0
6001,33977,,25.8354808,85.7616152,,,,,0,,,0
6002,33933,,28.4486642,77.0114026,,,,,0,,,0
6003,33914,,18.7486902,73.8536951,,,,,0,,,0
6004,33911,,26.8466937,80.946166,,,,,0,,,0
6005,33901,,23.1144753,70.0138412,,,,,0,,,0
6006,33897,,25.5937003,85.1546589,,,,,0,,,0
6007,33864,,19.047399,73.0697805,,,,,0,,,0
6008,33846,,28.7939594,76.0493444,,,,,0,,,0
6009,33820,,22.3000395,73.2064994,,,,,0,,,0
6010,33764,,25.4396997,81.8190738,,,,,0,,,0
6011,33686,,22.8035617,69.7123715,,,,,0,,,0
6012,33655,,28.6868325,77.1264939,,,,,0,,,0
6013,33651,,28.4991256,77.2382204,,,,,0,,,0
6014,33622,,26.1636981,75.7843855,,,,,0,,,0
6015,33611,,23.789312,86.327934,,,,,0,,,0
6016,33599,,23.0975424,72.5479339,,,,,0,,,0
6017,33539,,28.4978101,77.0408185,,,,,0,,,0
6018,33532,,24.5834268,73.7258805,,,,,0,,,0
6019,33502,,28.4472372,77.0406147,,,,,0,,,0
6020,33484,,18.6782865,73.8950336,,,,,0,,,0
6021,33479,,26.9797677,84.8515804,,,,,0,,,0
6022,33400,,30.8861592,75.7983212,,,,,0,,,0
6023,33307,,28.7401054,77.3052117,,,,,0,,,0
6024,33280,,23.1755929,79.9521458,,,,,0,,,0
6025,33255,,25.6203057,85.1044912,,,,,0,,,0
6026,33244,,22.5753675,88.3330031,,,,,0,,,0
6027,33221,,26.9977452,75.777301,,,,,0,,,0
6028,33213,,28.4244603,77.0991242,,,,,0,,,0
6029,33210,,28.4177867,77.0627653,,,,,0,,,0
6030,33205,,28.4476911,77.0947785,,,,,0,,,0
6031,33167,,21.1817579,72.8194213,,,,,0,,,0
6032,33055,,28.6075627,77.3683319,,,,,0,,,0
6033,32972,,27.7283141,77.5820012,,,,,0,,,0
6034,32957,,25.6407717,81.7704991,,,,,0,,,0
6035,32923,,9.9409539,78.1394279,,,,,0,,,0
6036,32812,,30.3154372,78.0347346,,,,,0,,,0
6037,32801,,26.9927324,84.849459,,,,,0,,,0
6038,32760,,26.8379544,80.8765463,,,,,0,,,0
6039,32687,,12.9628669,77.577509,,,,,0,,,0
6040,32680,,31.3832213,76.3765753,,,,,0,,,0
6041,32660,,24.7793463,84.9746023,,,,,0,,,0
6042,32646,,18.5612864,73.7574159,,,,,0,,,0
6043,32628,,19.2856374,72.8691092,,,,,0,,,0
6044,32609,,25.5239589,85.0272437,,,,,0,,,0
6045,32606,,26.0556985,83.174688,,,,,0,,,0
6046,32592,,28.586053,77.0775145,,,,,0,,,0
6047,32570,,23.024574,72.5897134,,,,,0,,,0
6048,32569,,28.6389315,77.0866811,,,,,0,,,0
6049,32482,,26.150291,85.4130509,,,,,0,,,0
6050,32400,,28.5560208,77.2875059,,,,,0,,,0
6051,32383,,26.432465,80.2871828,,,,,0,,,0
6052,32355,,22.3135091,88.6606037,,,,,0,,,0
6053,32330,,21.2354219,78.9087247,,,,,0,,,0
6054,32313,,28.0168619,76.0609476,,,,,0,,,0
6055,32288,,22.9925063,72.661959,,,,,0,,,0
6056,32268,,28.4472372,77.0406147,,,,,0,,,0
6057,32241,,12.9197501,77.6103323,,,,,0,,,0
6058,32237,,22.6643869,75.8123567,,,,,0,,,0
6059,32224,,18.6039425,73.7799584,,,,,0,,,0
6060,32195,,31.8948652,-89.7554643,,,,,0,,,0
6061,32169,,27.2064151,78.0471051,,,,,0,,,0
6062,32154,,28.4961998,77.0070008,,,,,0,,,0
6063,32115,,22.5875003,88.3023634,,,,,0,,,0
6064,32102,,26.6985386,88.4537123,,,,,0,,,0
6065,32096,,21.5413268,77.9338846,,,,,0,,,0
6066,32058,,19.0992353,72.8980686,,,,,0,,,0
6067,31966,,28.1940231,76.6029704,,,,,0,,,0
6068,31903,,25.9213561,81.98802,,,,,0,,,0
6069,31886,,30.9661003,76.5230961,,,,,0,,,0
6070,31853,,28.605328,77.0919849,,,,,0,,,0
6071,31838,,20.1552691,72.7853281,,,,,0,,,0
6072,31826,,26.4311079,80.3414279,,,,,0,,,0
6073,31801,,28.4585631,77.3243535,,,,,0,,,0
6074,31768,,28.0312034,79.1321432,,,,,0,,,0
6075,31762,,27.6677612,77.9959906,,,,,0,,,0
6076,31709,,25.5940947,85.1375645,,,,,0,,,0
6077,31666,,28.4089123,77.3177894,,,,,0,,,0
6078,31629,,29.226983,77.9840731,,,,,0,,,0
6079,31610,,27.1241486,81.9729172,,,,,0,,,0
6080,31590,,23.8143235,75.4705207,,,,,0,,,0
6081,31528,,22.969774,72.618884,,,,,0,,,0
6082,31502,,28.2489801,77.854903,,,,,0,,,0
6083,31483,,23.0780652,88.2788636,,,,,0,,,0
6084,31435,,29.0969959,73.1379109,,,,,0,,,0
6085,31418,,21.1596657,79.0983254,,,,,0,,,0
6086,31407,,29.9374225,78.1436159,,,,,0,,,0
6087,31401,,28.4938697,77.1347907,,,,,0,,,0
6088,31310,,28.5929914,77.3051591,,,,,0,,,0
6089,31279,,26.2254206,78.2237609,,,,,0,,,0
6090,31266,,25.7859002,86.1217424,,,,,0,,,0
6091,31259,,28.561956,77.217707,,,,,0,,,0
6092,31186,,26.8466937,80.946166,,,,,0,,,0
6093,31086,,22.7113832,75.8773594,,,,,0,,,0
6094,31069,,28.4557574,77.6997328,,,,,0,,,0
6095,31029,,27.5758123,80.6684321,,,,,0,,,0
6096,30996,,30.6040941,75.293111,,,,,0,,,0
6097,30981,,25.5936794,85.1475383,,,,,0,,,0
6098,30963,,26.3834377,82.3845117,,,,,0,,,0
6099,30937,,26.8379544,80.8765463,,,,,0,,,0
6100,30931,,22.6308479,88.3709128,,,,,0,,,0
6101,30860,,23.2656227,77.4684046,,,,,0,,,0
6102,30856,,21.8106608,79.5069436,,,,,0,,,0
6103,30797,,25.6104354,85.1489576,,,,,0,,,0
6104,30669,,18.4628812,73.9115049,,,,,0,,,0
6105,30663,,25.6042655,85.2136929,,,,,0,,,0
6106,30623,,28.643794,77.234124,,,,,0,,,0
6107,30620,,26.4409676,80.3150107,,,,,0,,,0
6108,30614,,27.4924134,77.673673,,,,,0,,,0
6109,30521,,28.5810783,77.3556833,,,,,0,,,0
6110,30501,,28.4222734,76.9999298,,,,,0,,,0
6111,30483,,22.737272,75.8876226,,,,,0,,,0
6112,30440,,22.5475797,88.2855514,,,,,0,,,0
6113,30382,,26.9939532,77.9081752,,,,,0,,,0
6114,30305,,28.7077707,77.0298192,,,,,0,,,0
6115,30258,,29.4528437,77.255602,,,,,0,,,0
6116,30190,,23.884012,90.3883735,,,,,0,,,0
6117,30187,,28.6195574,77.0549901,,,,,0,,,0
6118,30181,,28.6803819,77.2611444,,,,,0,,,0
6119,30072,,18.5167921,73.8502546,,,,,0,,,0
6120,30059,,25.3245928,83.0149884,,,,,0,,,0
6121,30055,,26.4704651,80.2407399,,,,,0,,,0
6122,30021,,18.495306,73.9457787,,,,,0,,,0
6123,30017,,21.1274319,79.134011,,,,,0,,,0
6124,30010,,26.9170385,80.954327,,,,,0,,,0
6125,30008,,28.609173,77.4334756,,,,,0,,,0
6126,30002,,28.6124656,77.4193976,,,,,0,,,0
6127,29887,,22.5242228,88.4173644,,,,,0,,,0
6128,29872,,22.3760747,82.2973216,,,,,0,,,0
6129,29860,,22.4707019,70.05773,,,,,0,,,0
6130,29856,,30.7143101,76.7010571,,,,,0,,,0
6131,29846,,20.0136811,73.7409985,,,,,0,,,0
6132,29841,,28.6217627,77.0558233,,,,,0,,,0
6133,29822,,28.386492,76.9797876,,,,,0,,,0
6134,29820,,28.5237575,77.3028382,,,,,0,,,0
6135,29802,,26.2777015,72.991521,,,,,0,,,0
6136,29790,,22.6633059,75.6144841,,,,,0,,,0
6137,29771,,28.6941589,77.2645813,,,,,0,,,0
6138,29739,,23.4126563,85.4107123,,,,,0,,,0
6139,29697,,28.5148604,77.2678137,,,,,0,,,0
6140,29681,,23.2599333,77.412615,,,,,0,,,0
6141,29643,,28.6209681,77.3811702,,,,,0,,,0
6142,29614,,25.2138156,75.8647527,,,,,0,,,0
6143,29592,,28.5427174,77.0492504,,,,,0,,,0
6144,29588,,25.4595981,84.8307248,,,,,0,,,0
6145,29554,,28.6090126,76.9854526,,,,,0,,,0
6146,29534,,26.9124336,75.7872709,,,,,0,,,0
6147,29532,,28.5754899,77.2273691,,,,,0,,,0
6148,29515,,28.032663,76.8216396,,,,,0,,,0
6149,29490,,26.8996953,76.332411,,,,,0,,,0
6150,29476,,28.4770788,77.0600442,,,,,0,,,0
6151,29474,,26.733591,81.7919372,,,,,0,,,0
6152,29464,,28.3935416,76.9599852,,,,,0,,,0
6153,29446,,22.4511594,88.3475899,,,,,0,,,0
6154,29422,,28.7780401,79.4956974,,,,,0,,,0
6155,29375,,27.1819256,77.9377076,,,,,0,,,0
6156,29354,,26.3857782,81.791005,,,,,0,,,0
6157,29341,,28.6155722,77.3467996,,,,,0,,,0
6158,29324,,28.4594965,77.0266383,,,,,0,,,0
6159,29306,,28.7268173,77.2184103,,,,,0,,,0
6160,29261,,21.0553195,86.5223908,,,,,0,,,0
6161,29243,,26.7193084,77.0259344,,,,,0,,,0
6162,29236,,28.8386481,78.7733286,,,,,0,,,0
6163,29218,,23.0230814,72.6193453,,,,,0,,,0
6164,29196,,26.4498954,74.6399163,,,,,0,,,0
6165,29186,,25.2837754,83.1155672,,,,,0,,,0
6166,29178,,22.9972738,72.5329205,,,,,0,,,0
6167,29148,,21.2645746,72.9889242,,,,,0,,,0
6168,29128,,23.6442336,75.1303458,,,,,0,,,0
6169,29105,,26.2081404,72.9497336,,,,,0,,,0
6170,29101,,19.1919888,72.991269,,,,,0,,,0
6171,29094,,23.022505,72.5713621,,,,,0,,,0
6172,29077,,27.1953298,77.0909809,,,,,0,,,0
6173,29054,,28.709694,77.08068,,,,,0,,,0
6174,29039,,29.9837084,77.5606669,,,,,0,,,0
6175,29000,,26.8127442,80.9012798,,,,,0,,,0
6176,28992,,24.278393,80.9124026,,,,,0,,,0
6177,28987,,22.8051859,70.8297979,,,,,0,,,0
6178,28984,,25.1131622,75.8577528,,,,,0,,,0
6179,28979,,28.5962491,77.3396212,,,,,0,,,0
6180,28892,,22.4774856,88.2626894,,,,,0,,,0
6181,28808,,19.0774236,72.8667609,,,,,0,,,0
6182,28800,,27.1055175,78.5958909,,,,,0,,,0
6183,28792,,22.2726436,73.1877854,,,,,0,,,0
6184,28788,,27.3965071,80.1250479,,,,,0,,,0
6185,28763,,28.6352454,77.1174826,,,,,0,,,0
6186,28731,,28.496181,77.247874,,,,,0,,,0
6187,28712,,25.533294,87.5711578,,,,,0,,,0
6188,28697,,26.147609,85.4043722,,,,,0,,,0
6189,28683,,17.329731,76.8342957,,,,,0,,,0
6190,28657,,28.5110433,77.2288374,,,,,0,,,0
6191,28624,,28.406963,77.8498292,,,,,0,,,0
6192,28621,,23.9924669,85.3636758,,,,,0,,,0
6193,28618,,28.570317,77.3218196,,,,,0,,,0
6194,28587,,27.8979459,79.9017781,,,,,0,,,0
6195,28518,,30.9661003,76.5230961,,,,,0,,,0
6196,28463,,28.5925362,76.9938274,,,,,0,,,0
6197,28389,,17.3486913,78.4571054,,,,,0,,,0
6198,28364,,22.623634,70.9616056,,,,,0,,,0
6199,28354,,21.1820557,79.0859952,,,,,0,,,0
6200,28351,,30.7495753,76.6163555,,,,,0,,,0
6201,28319,,28.9975904,76.8994781,,,,,0,,,0
6202,28313,,22.8281224,86.2245144,,,,,0,,,0
6203,28305,,25.5818534,85.1528075,,,,,0,,,0
6204,28295,,22.5505029,75.7625071,,,,,0,,,0
6205,28288,,17.0719452,78.2010825,,,,,0,,,0
6206,28284,,26.4227288,80.3899507,,,,,0,,,0
6207,28267,,23.2135448,72.652813,,,,,0,,,0
6208,28266,,25.762436,82.4427769,,,,,0,,,0
6209,28262,,22.6396012,75.8490946,,,,,0,,,0
6210,28189,,28.9678239,77.7277708,,,,,0,,,0
6211,28113,,28.6275609,77.2784081,,,,,0,,,0
6212,28111,,28.4244603,77.0991242,,,,,0,,,0
6213,28081,,28.6393922,77.1377306,,,,,0,,,0
6214,28053,,28.4621309,77.5633748,,,,,0,,,0
6215,28037,,28.6130439,77.4572897,,,,,0,,,0
6216,28030,,12.9628669,77.577509,,,,,0,,,0
6217,28026,,24.2782861,87.2438865,,,,,0,,,0
6218,28025,,18.5978901,73.8141229,,,,,0,,,0
6219,28009,,30.3152836,76.842095,,,,,0,,,0
6220,27948,,28.679725,77.169487,,,,,0,,,0
6221,27926,,17.3722517,78.470832,,,,,0,,,0
6222,27925,,28.4557264,77.0188433,,,,,0,,,0
6223,27911,,26.4275236,80.3353368,,,,,0,,,0
6224,27898,,19.1869493,73.0440328,,,,,0,,,0
6225,27892,,21.1265732,79.1093456,,,,,0,,,0
6226,27814,,27.349503,92.278214,,,,,0,,,0
6227,27799,,19.0330488,73.0296625,,,,,0,,,0
6228,27778,,22.1039451,82.1187957,,,,,0,,,0
6229,27711,,21.7051358,72.9958748,,,,,0,,,0
6230,27697,,19.2403305,73.1305395,,,,,0,,,0
6231,27692,,23.6361787,86.1828047,,,,,0,,,0
6232,27688,,26.8466937,80.946166,,,,,0,,,0
6233,27656,,28.5040036,77.0748442,,,,,0,,,0
6234,27654,,28.4790935,77.0608447,,,,,0,,,0
6235,27610,,20.028744,73.7941759,,,,,0,,,0
6236,27595,,28.6296746,77.3177246,,,,,0,,,0
6237,27593,,31.1471305,75.3412179,,,,,0,,,0
6238,27590,,28.4743879,77.5039904,,,,,0,,,0
6239,27565,,25.3176452,82.9739144,,,,,0,,,0
6240,27536,,24.3181803,79.1235928,,,,,0,,,0
6241,27528,,28.491244,77.100885,,,,,0,,,0
6242,27525,,28.6524893,77.2233815,,,,,0,,,0
6243,27511,,22.9729348,76.3469014,,,,,0,,,0
6244,27509,,28.7618029,77.1815867,,,,,0,,,0
6245,27494,,22.6700938,88.3354998,,,,,0,,,0
6246,27452,,22.0250652,80.818401,,,,,0,,,0
6247,27349,,22.7812296,86.2685523,,,,,0,,,0
6248,27306,,28.70371,77.10047,,,,,0,,,0
6249,27288,,22.4311406,72.6446829,,,,,0,,,0
6250,27284,,28.4137251,77.0413003,,,,,0,,,0
6251,27261,,28.5736253,77.2559612,,,,,0,,,0
6252,27233,,28.4472372,77.0406147,,,,,0,,,0
6253,39079,,,,,,,,0,,,0
6254,39101,,,,,,,,0,,,0
6255,39102,,,,,,,,0,,,0
6256,39103,,,,,,,,0,,,0
6257,39104,,,,,,,,0,,,0
6258,39105,,,,,,,,0,,,0
6259,39106,,,,,,,,0,,,0
6260,39107,,,,,,,,0,,,0
6261,39108,,,,,,,,0,,,0
6262,39109,,,,,,,,0,,,0
6263,39110,,,,,,,,0,,,0
6264,39111,,,,,,,,0,,,0
6265,39112,,,,,,,,0,,,0
6266,39113,,,,,,,,0,,,0
6267,39114,,,,,,,,0,,,0
6268,39115,,,,,,,,0,,,0
6269,39116,,,,,,,,0,,,0
6270,39117,,,,,,,,0,,,0
6271,39118,,,,,,,,0,,,0
6272,39119,,,,,,,,0,,,0
6273,39120,,28.5355161,77.3910265,,,"[\""7464\""]",,0,,,0
6274,39121,,,,,,,,0,,,0
6275,39123,,,,,,,,0,,,0
6276,39122,,,,,,,,0,,,0
6277,39124,,,,,,,,0,,,0
6278,39125,,,,,,,,0,,,0
6279,39126,,,,,,,,0,,,0
6280,39127,,,,,,,,0,,,0
6281,39131,,,,,,,,0,,,0
6282,39132,,,,,,"[\""38860\""]",,0,,,0
6283,39133,,,,,,,,0,,,0
6284,39134,,,,,,,,0,,,0
6285,39135,,,,,,,,0,,,0
6286,39136,,,,,,,,0,,,0
6287,39137,,,,,,"[\""38872\""]",,0,,,0
6288,39138,,,,,,"[\""38872\""]",,0,,,0
6289,39139,,,,,,,,0,,,0
6290,39140,,,,,,,,0,,,0
6291,39141,,,,,,"[\""19338\""]",,0,,,0
6292,39142,,,,,,,,0,,,0
6293,39143,,,,,,,,0,,,0
6294,39144,,,,,,,,0,,,0
6295,39145,,,,,,,,0,,,0
6296,39146,,,,,,"[\""14987\""]",,0,,,0
6297,39147,,,,,,,,0,,,0
6298,39148,,,,,,,,0,,,0
6299,39149,,,,,,,,0,,,0
6300,39150,,,,,,"[\""10730\""]",,0,,,0
6301,39151,,,,,,,,0,,,0
6302,39152,,,,,,,,0,,,0
6303,39153,,,,,,,,0,,,0
6304,39154,,,,,,,,0,,,0
6305,39155,,,,,,,,0,,,0
6306,39156,,,,,,,,0,,,0
6307,39157,,,,,,"[\""10730\"",\""14987\""]",,0,,,0
6308,39159,,,,,,"[\""19338\""]",,0,,,0
6309,39160,,,,,,,,0,,,0
6310,39161,,,,,,,,0,,,0
6311,39162,,,,,,"[\""27693\"",\""26832\""]",,0,,,0
6312,39163,,,,,,,,0,,,0
6313,39164,,,,,,,,0,,,0
6314,39165,,,,,,"[\""27693\"",\""26832\""]",,0,,,0
6315,39166,,,,,,"[\""7464\"",\""9445\""]",,0,,,0
6316,39167,,,,,,,,0,,,0
6317,39168,,,,,,"[\""7464\"",\""9445\"",\""36168\"",\""21673\""]",,0,,,0
6318,39169,,,,,,"[\""38860\""]",,0,,,0
6319,39170,,,,,,,,0,,,0
6320,39171,,,,,,,,0,,,0
6321,39172,,,,,,,,0,,,0
6322,39173,,,,,,,,0,,,0
6323,39174,,,,,,,,0,,,0
6324,39175,,,,,,,,0,,,0
6325,39178,,,,,,,,0,,,0
6326,39179,,,,,,,,0,,,0
6327,39180,,,,,,,,0,,,0
6328,39181,,,,,,,,0,,,0
6329,39182,,,,,,,,0,,,0
6330,39183,,,,,,"[\""14987\"",\""10730\""]",,0,,,0
6331,39184,,,,,,,,0,,,0
6332,39185,,,,,,,,0,,,0
6333,39186,,,,,,"[\""27577\"",\""16902\"",\""25850\"",\""24131\""]",,0,,,0
6334,39187,,,,,"[\""2\"",\""4\""]",,,0,,,0
6335,39188,,,,,"[\""2\"",\""4\""]",,,0,,,0
6336,39189,,,,,,,,0,,,0
6337,39192,,,,,,,,0,,,0
6338,39194,,,,,,,,0,,,0
6339,39196,,,,,,,,0,,,0
6340,39198,,,,,,,,0,,,0
6341,39199,,,,,,,,0,,,0
6342,39200,,,,,,,,0,,,0
6343,39201,,,,,,,,0,,,0
6344,39202,,,,,,,,0,,,0
6345,39203,,,,,,,,0,,,0
6346,39204,,,,,,,,0,,,0
6347,39205,,,,,,,,0,,,0
6348,39206,,,,,,,,0,,,0
6349,39207,,,,,,,,0,,,0
6350,39208,,,,,,,,0,,,0
6351,39209,,,,,,"[\""18\""]",,0,,,0
6352,39210,,,,,,,,0,,,0
6353,39211,,,,,,"[\""18\"",\""11357\"",\""24546\""]",,0,,,0
6354,39212,,,,,,,,0,,,0
6355,39213,,,,,,,,0,,,0
6356,39214,,,,,,,,0,,,0
6357,39216,,,,,,,,0,,,0
6358,39218,,,,,,,,0,,,0
6359,39219,,,,,,,,0,,,0
6360,39220,,,,,,"[\""19\""]",,0,,,0
6361,39221,,,,,,,,0,,,0
6362,39222,,,,,,,,0,,,0
6363,39224,,,,,,,,0,,,0
6364,39225,,,,,,,,0,,,0
6365,39229,,,,,,,,0,,,0
6366,39232,,,,,,,,0,,,0
6367,39233,,,,,,,,0,,,0
6368,39234,,,,,,,,0,,,0
6369,39235,,,,,,,,0,,,0
6370,39236,,,,,,,,0,,,0
6371,39237,,,,,,,,0,,,0
6372,39239,,,,,,"[\""39314\"",\""34084\""]",,0,,,0
6373,39242,,,,,,,,0,,,0
6374,39243,,,,,,,,0,,,0
6375,39244,,,,,,"[\""28514\"",\""6067\""]",,0,,,0
6376,39245,,,,,,"[\""8697\"",\""23032\""]",,0,,,0
6377,39246,,,,,,"[\""38375\"",\""18112\""]",,0,,,0
6378,39247,,,,,,,,0,,,0
6379,39248,,,,,,"[\""14486\""]",,0,,,0
6380,39249,,,,,,,,0,,,0
6381,39250,,,,,,,,0,,,0
6382,39251,,,,,,,,0,,,0
6383,39252,,,,,,,,0,,,0
6384,39253,,,,,,,,0,,,0
6385,39254,,,,,,,,0,,,0
6386,39255,,,,,,,,0,,,0
6387,39257,,,,,,,,0,,,0
6388,39258,,,,,,,,0,,,0
6389,39259,,,,,,,,0,,,0
6390,39260,,,,,,,,0,,,0
6391,39261,,,,,,,,0,,,0
6392,39263,,,,,,,,0,,,0
6393,39264,,,,,,,,0,,,0
6394,39265,,,,,,,,0,,,0
6395,39267,,,,,,,,0,,,0
6396,39269,,,,,,,,0,,,0
6397,39270,,,,,,,,0,,,0
6398,39271,,,,,,,,0,,,0
6399,39273,,,,,,,,0,,,0
6400,39275,,,,,,,,0,,,0
6401,39277,,,,,"[\""4\""]","[\""30943\"",\""31818\"",\""17770\""]",,0,,,0
6402,39256,,28.6139298,77.2088282,,,,,1,,,0
6403,39278,,,,,,,,0,,,0
6404,39280,,,,,,"[\""19\""]",,0,,,0
6405,39281,,,,,,,,0,,,0
6406,39282,,,,,,,,0,,,0
6407,39283,,,,,,,,0,,,0
6408,39284,,,,,,,,0,,,0
6409,39285,,,,,,,,0,,,0
6410,39287,,,,,,,,0,,,0
6411,39288,,,,,,,,0,,,0
6412,39289,,,,,,,,0,,,0
6413,39291,,,,,,,,0,,,0
6414,39293,,,,,,,,0,,,0
6415,39303,,,,,,,,0,,,0
6416,39304,,,,,,,,0,,,0
6417,39307,,,,,,,,0,,,0
6418,39308,,,,,,,,0,,,0
6419,39313,,,,,,,,0,,,0
6420,39314,"[\""38941\""]",28.6957194,77.2609917,,,"[\""18\"",\""26504\"",\""11861\""]",,0,,,0
6421,39316,,,,,,,,0,,,0
6422,39317,,,,,,,,0,,,0
6423,39318,,,,,,,,0,,,0
6424,39320,,,,,,,,0,,,0
6425,39325,,,,,,,,0,,,0
6426,39326,,,,,,,,0,,,0
6427,39328,,28.6126638,77.3075117,,,,,0,,,0
6428,39329,,,,,,,,0,,,0
6429,39330,,,,,,,,0,,,0
6430,39331,,,,,"[\""2\"",\""4\""]",,,0,,,0
6431,39332,,,,,,,,0,,,0
6432,39333,,,,,,,,0,,,0
6433,39335,[],28.5355161,77.3910265,,,,,0,,,0
6434,39340,,,,,,,,0,,,0
6435,39341,,,,,,,,0,,,0
6436,39342,,,,,,,,0,,,0
6437,39343,,,,,,,,0,,,0
6438,39344,,,,,,,,0,,,0
6439,39345,,,,,,,,0,,,0
6440,39346,,28.6665205,77.1276085,,,,,0,,,0
6441,39347,,,,,,,,0,,,0
6442,39348,,,,,,,,0,,,0
6443,39349,,,,,,,,0,,,0
6444,39350,,,,,,,,0,,,0
6445,39351,,,,,,,,0,,,0
6446,39352,,,,,,,,0,,,0
6447,39353,"[\""2\""]",,,,"[\""4\""]","[\""17985\"",\""22113\"",\""25702\""]",,0,,,0
6448,39311,,,,,,,,0,,,0
6449,39354,,,,,,,,0,,,0
6450,39355,,,,,,,,0,,,0
6451,39357,,,,,,,,0,,,0
6452,39358,,,,,,,,0,,,0
6453,39362,,,,,,,,0,,,0
6454,39366,,,,,,,,0,,,0
6455,39367,,,,,,,,0,,,0
6456,39368,,,,,,,,0,,,0
6457,39369,,,,,,,,0,,,0
6458,39370,,,,,,,,0,,,0
6459,39371,,,,,,,,0,,,0
6460,39373,,,,,,,,0,,,0
6461,39374,,,,,,,,0,,,0
6462,39375,,,,,,,,0,,,0
6463,39377,,,,,,,,0,,,0
6464,39381,,,,,,,,0,,,0
6465,14651,,,,,,,parinaywadhwa.tech,0,,2026-04-02 07:19:40,0
6466,39388,,,,,,,,0,,,0
6467,39389,,,,,,,,0,,,0
6468,39390,,,,,,,,0,,,0
6469,39391,,,,,,,,0,,,0
6470,39392,,,,,,,,0,,,0
6471,39393,,,,,,,,0,,,0
6472,39394,,,,,,,,0,,,0
6473,39395,,,,,,,,0,,,0
6474,39397,,,,,,,,0,,,0
6475,39398,,,,,,,,0,,,0
6476,39400,,,,,,,,0,,,0
6477,39402,,,,,,,,0,,,0
6478,39404,,,,,,,,0,,,0
6479,39406,,,,,,,,0,,,0
6480,39408,,,,,,,,0,,,0
6485,39415,,,,,,,,0,,,0
6486,39416,,,,,,,,0,,,0
6489,39420,,,,,,,,0,,,0
7039,39976,,,,,,,,0,,,0
7040,653,,,,,,,,1,2026-04-02 07:20:46,2026-04-01 07:20:46,0
7041,39979,,,,,,,,0,,,0
7042,39984,,,,,,,,0,,,0
7043,39986,,,,,,,,0,,,0
7044,39988,,,,,,,,0,,,0
7045,39990,,,,,,,,0,,,0
7055,40001,,,,,,,,0,,,0
7074,40021,,,,,,,,0,,,0
7075,40022,,,,,,,,0,,,1
7076,40023,,,,,,,,0,,,1
7077,40024,,,,,,,,0,,,1
7078,40025,,,,,,,,0,,,1
7079,40026,,,,,,,,0,,,1
7080,40027,,,,,,,,0,,,1
7081,40028,,,,,,,,0,,,1
7082,40029,,,,,,,,0,,,1
7083,40030,,,,,,,,0,,,1
7089,40036,,,,,,,,0,,,0
7090,40038,,,,,,,,0,,,0
7091,40039,,,,,,,,0,,,0
7092,40040,,,,,,,,0,,,1
7093,40041,,,,,,,,0,,,1
7096,40045,,,,,,,,0,,,0
7097,40047,,,,,,,,0,,,0
7098,40049,,,,,,,,0,,,1
7099,40050,,,,,,,,0,,,1
7100,40051,,,,,,,,0,,,1
7101,40052,,,,,,,,0,,,1
7102,39286,,,,,,,,0,,,0
7103,40053,,28.5355161,77.3910265,,,,,0,,,0
7104,40055,,,,,,,,0,,,1
7105,40056,,,,,,,,0,,,1
7106,40057,,,,,,,,0,,,0
7107,40058,,,,,,,,0,,,0
7108,40054,,,,,,,,0,,,0
7109,40059,,,,,,,,0,,,0
7110,40061,,28.6820444,77.0675607,,,"[\""38860\""]",,0,,,0
7111,40063,,,,,,,,0,,,0
7112,40065,,,,,,,,0,,,0
7113,40068,,,,,,,,0,,,0
7114,40069,,,,,,,,0,,,0
7115,40071,,,,,,,,0,,,0
7116,40072,,,,,,,,0,,,0
7117,40075,,,,,,,,0,,,0
7118,40079,,,,,,,,0,,,0
7119,40081,,,,,,,,0,,,0
7120,40082,,,,,,,,0,,,0
7121,40083,,,,,,,,0,,,0
7122,40084,,,,,,,,0,,,0
7123,40085,,28.6055049,77.3769437,,,,,0,,,0
7124,40087,,,,,,,,0,,,0
7125,40088,,,,,,,,0,,,0
7126,39100,,,,,,,,0,,,0
7127,40096,,,,,,,,0,,,0
7128,40095,,28.6139298,77.2088282,,,,,0,,,0
7129,40109,,,,,,,,0,,,0
7130,40110,,,,,,,,0,,,0
7131,40111,,,,,,,,0,,,0
7132,40113,,,,,,,,0,,,0
7133,8545,"[\""7115\""]",28.4594965,77.0266383,,,,,0,,,0
7134,40114,,,,,,,,0,,,0
7135,40115,,,,,,,,0,,,0
7136,40116,,,,,"[\""2\""]",,,0,,,0
7137,40119,"[\""2\""]",28.5355161,77.3910265,,"[\""2\""]",,,0,,,0
7138,40108,,,,,,,,0,,,0
7139,40121,,,,,,,,0,,,0
7140,40122,,,,,,,,0,,,0
7141,40131,,,,,,,,0,,,0
7142,40132,,,,,,,,0,,,0
7143,40134,,,,,,,,0,,,0
7144,40135,,28.5355161,77.3910265,,,,,0,,,0
7145,40137,,28.627981,77.3648567,,,,,0,,,0
7146,40138,,,,,,,,0,,,0
7147,40139,,,,,,,,0,,,0
7148,40140,,,,,,,,0,,,0
7149,40141,,,,,,,,0,,,0
7150,40142,,,,,,,,0,,,0
7151,40143,,,,,,,,0,,,0
7152,40144,,,,,,,,0,,,0
7153,40145,,,,,,,,0,,,0
7154,40146,,,,,,,,0,,,0
7155,40147,,,,,,,,0,,,0
7156,40148,,,,,,,,0,,,0
7157,40149,,,,,,,,0,,,0
7158,40150,,,,,,,,0,,,0
7159,40151,,,,,,,,0,,,0
7160,40152,,,,,,,,0,,,0
7161,40153,,,,,,,,0,,,0
7162,40154,,,,,,,,0,,,0
7163,40155,,,,,,,,0,,,0
7164,40156,,,,,,,,0,,,0
7165,40157,,,,,,,,0,,,0
7166,40158,,,,,,,,0,,,0
7167,40159,,,,,,,,0,,,0
7168,40160,,,,,,,,0,,,0
7169,40161,,,,,,,,0,,,0
7170,40162,,,,,,,,0,,,0
7171,40163,,,,,,,,0,,,0
7172,40164,,,,,,,,0,,,0
7173,40165,,,,,,,,0,,,0
7174,40167,,,,,,,,0,,,0
7175,40168,,,,,,,,0,,,0
7176,40169,,,,,,,,0,,,0
7177,40170,,,,,,,,0,,,0
7178,40171,,,,,,,,0,,,0
7179,40172,,,,,,,,0,,,0
7180,40173,,,,,,,,0,,,0
7181,40174,,,,,,,,0,,,0
7182,40175,,,,,,,,0,,,0
7183,40176,,,,,,,,0,,,0
7184,40177,,,,,,,,0,,,0
7185,40178,,,,,,,,0,,,0
7186,40179,,,,,,,,0,,,0
7187,40180,,,,,,,,0,,,0
7188,40181,,,,,,,,0,,,0
7189,40182,,,,,,,,0,,,0
7190,40183,,,,,,,,0,,,0
7191,40184,,,,,,,,0,,,0
7192,40185,,,,,,,,0,,,0
7193,40186,,,,,,,,0,,,0
7194,40187,,,,,,,,0,,,0
7195,40188,,,,,,,,0,,,0
7196,40190,,33.93911,67.709953,,,,,0,,,0
7197,40191,,,,,,,,0,,,0
7198,40192,,,,,,,,0,,,0
7199,40193,,,,,,,,0,,,0
7200,40194,,,,,,,,0,,,0
7201,40195,,,,,,,,0,,,0
7202,40196,,,,,,,,0,,,0
7203,40197,,,,,,,,0,,,0
7204,40198,,,,,,,,0,,,0
7205,40201,,,,,,,,0,,,0
7206,40202,,,,,,,,0,,,0
7207,40203,,,,,,,,0,,,0
7208,40204,,,,,,,,0,,,0
7209,40205,,,,,,,,0,,,0
7210,40206,,,,,,,,0,,,0
7211,40207,,,,,,,,0,,,0
7212,40208,,,,,,,,0,,,0
7213,40209,,,,,,,,0,,,0
7214,40210,,,,,,,,0,,,0
7215,40211,,,,,,,,0,,,0
7216,40212,,,,,,,,0,,,0
7217,40213,,,,,,,,0,,,0
7218,40214,,,,,,,,0,,,0
7219,40215,,,,,,,,0,,,0
7220,40216,,,,,,,,0,,,0
7221,40217,,,,,,,,0,,,0
7222,40218,"[\""39013\""]",28.6683157,77.1365404,,"[\""4\""]",,,0,,,0
7223,40219,"[\""39256\""]",28.6139298,77.2088282,,"[\""2\""]",,,0,,,0
7224,40220,,,,,,,,0,,,0
7225,40221,,,,,,,,0,,,0
7226,40222,,,,,,,,0,,,0
7227,40223,,,,,,,,0,,,0
7228,40224,,,,,,,,0,,,0
7229,40225,,,,,,,,0,,,0
7230,40226,,,,,,,,0,,,0
7231,40227,,,,,,,,0,,,0
7232,40228,,,,,,,,0,,,0
7233,40229,,,,,,,,0,,,0
7234,39361,,,,,,,,0,,,0
7235,40230,,,,,,,,0,,,0
7236,40231,,,,,,,,0,,,0
7237,40232,,,,,,,,0,,,0
7238,40233,,,,,,,,0,,,0
7239,40235,,,,,,,,0,,,0
7240,40236,,,,,,,,0,,,0
7241,40237,,,,,,,,0,,,0
7242,40239,,,,,,,,0,,,0
7243,40240,,,,,,,,0,,,0
7244,40241,,,,,,,,0,,,0
7245,40244,,,,,,,,0,,,0
7246,40245,,,,,,,,0,,,0
7247,40255,,,,,,,,0,,,0
7248,40260,,,,,,,,0,,,0
7249,40261,,,,,,,,0,,,0
7250,40262,,,,,,,,0,,,0
7251,40263,,,,,,,,0,,,0
7252,40264,,,,,,,,0,,,0
7253,40265,,28.6139298,77.2088282,,,,,0,,,0
7254,40266,,,,,,,,0,,,0
7255,40267,,,,,,,,0,,,0
7256,40268,,,,,,,,0,,,0
7257,40269,,,,,,,,0,,,0
7258,40270,,,,,,,,0,,,0
7259,40271,,,,,,,,0,,,0
7260,40272,,,,,,,,0,,,0
7261,40273,,,,,,,,0,,,0
7262,40274,,,,,,,,0,,,0
7263,40275,,,,,,,,0,,,0
7264,40276,,,,,,,,0,,,0
7265,40277,,,,,,,,0,,,0
7266,40278,,,,,,,,0,,,0
7267,40279,,,,,,,,0,,,0
7268,40280,,,,,,,,0,,,0
7269,40281,,,,,,,,0,,,0
7270,40282,,,,,,,,0,,,0
7271,40283,,,,,,,,0,,,0
7272,40284,,,,,,,,0,,,0
7273,40285,,,,,,,,0,,,0
7274,40286,,,,,,,,0,,,0
7275,40287,,,,,,,,0,,,0
7276,40288,,,,,,,,0,,,0
7277,40289,,,,,,,,0,,,0
7278,40290,"[\""40292\""]",28.5102495,77.2985884,,"[\""4\""]",,,0,,,0
7279,40291,,,,,,,,0,,,0
7280,40294,,,,,,,,0,,,0
7281,40295,,18.5142377,73.9256948,,,,,0,,,0
7282,40296,,,,,,,,0,,,0
7283,40297,,,,,,,,0,,,0
7284,40299,,,,,,,,0,,,0
7285,40300,,,,,,,,0,,,0
7286,40301,,,,,,,,0,,,0
7287,40302,,,,,,,,0,,,0
7288,40303,,,,,,,,0,,,0
7289,40304,,,,,,,,0,,,0
7290,40305,,,,,,,,0,,,0
7291,40306,,,,,,,,0,,,0
7292,40307,,,,,,,,0,,,0
7293,40308,,,,,,,,0,,,0
7294,40309,,,,,,,,0,,,0
7295,40298,,,,,,,,0,,,0
7296,40310,,,,,,,,0,,,0
7297,40311,,,,,,,,0,,,0
7298,40312,,28.7040592,77.1024902,,,,,0,,,0
7299,40314,,,,,,,,0,,,0
7300,40315,,,,,,,,0,,,0
7301,40316,,,,,,,,0,,,0
7302,40313,,,,,,,,0,,,0
7303,40317,,,,,,,,0,,,0
7304,40319,,,,,,,,0,,,0
7305,40320,,,,,,,,0,,,0
7306,40321,,,,,,,,0,,,0
7307,40323,,,,,,,,0,,,0
7308,40189,,,,,,,,0,,,0
7309,40324,,,,,,,,0,,,0
7310,40325,,28.6820444,77.0675607,,,,,0,,,0
7311,40326,,,,,,,,0,,,0
7312,40327,,,,,,,,0,,,0
7313,40125,,,,,,,,0,,,0
7314,40329,,,,,,,,0,,,0
7315,40330,,,,,,,,0,,,0
7316,40331,,,,,,,,0,,,0
7317,40332,,,,,,,,0,,,0
7318,40333,,,,,,,,0,,,0
7319,40334,,,,,,,,0,,,0
7320,40335,,,,,,,,0,,,0
7321,40337,,,,,,,,0,,,0
7322,40339,,,,,,,,0,,,0
7323,40340,,,,,,,,0,,,0
7324,40341,,,,,,,,0,,,0
7325,40342,,,,,,,,0,,,0
7326,40343,,,,,,,,0,,,0
7327,40344,,,,,,,,0,,,0
7328,40345,,,,,,,,0,,,0
7329,40322,,,,,,,,0,,,0
7330,40336,,,,,,,,0,,,0
7331,40347,,,,,,,,0,,,0
7332,40348,,,,,,,,0,,,0
7333,40350,,,,,,,,0,,,0
7334,40351,,,,,,,,0,,,0
7335,40352,"[\""39256\""]",28.5729847,77.3249043,,,,,0,,,0
7336,40353,,,,,,,,0,,,0
7337,40354,,,,,,,,0,,,0
7338,40355,,,,,,,,0,,,0
7339,40357,,,,,,,,0,,,0
7340,40360,,,,,,,,0,,,0
7341,40361,,,,,,,,0,,,0
7342,40362,,,,,,,,0,,,0
7343,40364,,,,,,,,0,,,0
7344,40365,,,,,,,,0,,,0
7345,40366,,,,,,,,0,,,0
7346,40367,,,,,,,,0,,,0
7347,40368,,,,,,,,0,,,0
7348,40369,,,,,,,,0,,,0
7349,40370,,,,,,,,0,,,0
7350,40371,,,,,,,,0,,,0
7351,40372,,,,,,,,0,,,0
7352,40373,,,,,,,,0,,,0
7353,40374,,,,,,,,0,,,0
7354,40375,,,,,,,,0,,,0
7355,40377,,,,,,,,0,,,0
7356,40378,,,,,,"[\""38860\""]",,0,,,0
7357,40379,,,,,,,,0,,,0
7358,40380,,,,,,,,0,,,0
7359,40381,,,,,,"[\""38860\""]",,0,,,0
7360,40382,,,,,,"[\""38860\""]",,0,,,0
7361,40383,,,,,,"[\""38860\""]",,0,,,0
7362,40384,,,,,,,,0,,,0
7363,40385,,,,,,"[\""134\""]",,0,,,0
7364,40386,,,,,,,,0,,,0
7365,40387,,,,,,,,0,,,0
7366,39387,,,,,,,,0,,,0
7367,40200,,,,,,,,0,,,0
7368,40388,,,,,,"[\""39001\""]",,0,,,0
7369,40389,,,,,,,,0,,,0
7370,40390,,,,,,,,0,,,0
7371,40392,,,,,,,,0,,,0
7372,40393,,,,,,,,0,,,0
7373,40394,,,,,,,,0,,,0
7374,40395,,,,,,,,0,,,0
7375,40396,,,,,,,,0,,,0
7376,40397,,,,,,,,0,,,0
7377,40398,,,,,,,,0,,,0
7378,40399,,,,,,,,0,,,0
7379,40401,,,,,,,,0,,,0
7380,40402,,,,,,,,0,,,0
7381,40403,,,,,,,,0,,,0
7382,40406,,,,,,,,0,,,0
7383,40407,,,,,,,,0,,,0
7384,40408,,,,,,,,0,,,0
7385,40410,,,,,,,,0,,,0
7386,40411,,,,,,,,0,,,0
7387,40413,,,,,,,,0,,,0
7388,40415,,,,,,,,0,,,0
7389,40417,,,,,,,,0,,,0
7390,40418,,,,,,,,0,,,0
7391,40420,,,,,,,,0,,,0
7392,40422,,,,,,,,0,,,0
7393,40424,,,,,,,,0,,,0
7394,40425,,,,,,,,0,,,0
7395,40426,,,,,,,,0,,,0
7396,40427,,,,,,,,0,,,0
7397,40429,,,,,,,,0,,,0
7398,40430,,,,,,,,0,,,0
7399,40431,,,,,,,,0,,,0
7400,40433,,,,,,,,0,,,0
7401,40435,,,,,,,,0,,,0
7402,40438,,,,,,,,0,,,0
7403,40440,,,,,,,,0,,,0
7404,40441,,,,,,,,0,,,0
7405,40442,,,,,,,,0,,,0
7406,40443,,,,,,,,0,,,0
7407,40444,,,,,,,,0,,,0
7408,40445,,,,,,,,0,,,0
7409,40446,,,,,,,,0,,,0
7410,40447,,,,,,,,0,,,0
7411,40448,,,,,,,,0,,,0
7412,40449,,,,,,,,0,,,0
7413,40450,,,,,,,,0,,,0
7414,40405,,,,,,,,0,,,0
7415,40451,,,,,,,,0,,,0
7416,40452,,,,,,,,0,,,0
7417,40455,,,,,,,,0,,,0
7418,40456,,,,,,,,0,,,0
7419,40457,,,,,,,,0,,,0
7420,40458,,,,,,,,0,,,0
7421,40459,,,,,,,,0,,,0
7422,40460,,,,,,,,0,,,0
7423,40461,,,,,,,,0,,,0
7424,40464,,,,,,,,0,,,0
7425,40465,"[\""39072\""]",28.697923,77.0620007,,,,,0,,,0
7426,40466,,,,,,,,0,,,0
7427,40467,,,,,,,,0,,,0
7428,40468,,,,,"[\""4\""]","[\""134\"",\""38860\"",\""38872\""]",,0,,,0
7429,40469,,,,,,,,0,,,0
7430,40470,,,,,,,,0,,,0
7431,40471,,,,,,,,0,,,0
7432,40472,,,,,,,,0,,,0
7433,40473,,28.6706933,77.1284765,,,,,0,,,0
7434,40474,,,,,"[\""4\""]","[\""35577\"",\""33673\"",\""35537\"",\""36924\"",\""134\"",\""38872\""]",,0,,,0
7435,40475,,,,,"[\""4\""]","[\""38872\"",\""134\"",\""40290\"",\""18\""]",,0,,,0
7436,40476,,,,,,,,0,,,0
7437,40478,,,,,,,,0,,,0
7438,40480,,,,,,,,0,,,0
7439,40481,,,,,,,,0,,,0
7440,40482,,,,,,,,0,,,0
7441,40484,,,,,,,,0,,,0
7442,40485,,,,,,,,0,,,0
7443,40486,,,,,,,,0,,,0
7444,40487,,,,,,,,0,,,0
7445,40488,,,,,,"[\""39314\"",\""18\""]",,0,,,0
7446,40489,,,,,,"[\""39314\"",\""18\""]",,0,,,0
7447,40490,,,,,,,,0,,,0
7448,40491,,,,,,,,0,,,0
7449,40492,,,,,,,,0,,,0
7450,40493,,,,,,,,0,,,0
7451,40494,,,,,,,,0,,,0
7452,40496,,,,,"[\""4\""]","[\""38872\""]",,0,,,0
7453,40497,,,,,,,,0,,,0
7454,40498,,,,,,"[\""19\"",\""39314\""]",,0,,,0
7455,40499,,28.6683157,77.1365404,,,,,0,,,0
7456,40501,,,,,,,,0,,,0
7457,40502,,,,,,,,0,,,0
7458,40503,,,,,,,,0,,,0
7459,40507,,,,,,,,0,,,0
7460,40508,,,,,,,,0,,,0
7461,40509,,,,,,,,0,,,0
7462,40510,,,,,,,,0,,,0
7463,40511,,,,,,,,0,,,0
7464,40512,,,,,,,,0,,,0
7465,40513,,,,,,,,0,,,0
7466,40515,,,,,,,,0,,,0
7467,40517,,,,,,,,0,,,0
7468,40518,,,,,,,,0,,,0
7469,40520,,,,,,,,0,,,0
7470,40523,,,,,,,,0,,,0
7471,40522,,,,,,"[\""38872\"",\""134\""]",,0,,,0
7472,40525,,,,,,,,0,,,0
7473,40527,,,,,,"[\""37495\"",\""34954\""]",,0,,,0
7474,40528,,,,,,,,0,,,0
7475,40529,,,,,,,,0,,,0
7476,40530,,,,,,,,0,,,0
7477,40532,,,,,,,,0,,,0
7478,40534,"[\""39072\""]",28.661836,77.126639,,"[\""4\"",\""2\""]","[\""38872\""]",,0,,,0
7479,40538,,,,,,,,0,,,0
7480,40539,,,,,,,,0,,,0
7481,40540,,,,,,,,0,,,0
7482,40541,,,,,,,,0,,,0
7483,40542,,,,,,,,0,,,0
7484,40543,,,,,,,,0,,,0
7485,40544,,,,,,,,0,,,0
7486,40545,,,,,,,,0,,,0
7487,40546,,,,,,"[\""39226\"",\""39314\""]",,0,,,0
7488,40547,,,,,,"[\""33029\"",\""40394\""]",,0,,,0
7489,40548,,,,,,,,0,,,0
7490,40549,,,,,,"[\""37821\"",\""36688\""]",,0,,,0
7491,40550,,,,,,"[\""39314\""]",,0,,,0
7492,40551,,,,,,,,0,,,0
7493,40552,,,,,,,,0,,,0
7494,40553,,28.661836,77.126639,,"[\""4\""]","[\""38872\""]",,0,,,0
7495,40554,,28.661836,77.126639,,"[\""4\""]","[\""38872\""]",,0,,,0
7496,40555,,,,,,,,0,,,0
7497,40556,,,,,,,,0,,,0
7498,40557,,,,,,,,0,,,0
7499,40559,,,,,,,,0,,,0
7500,40558,,,,,,,,0,,,0
7501,40560,,,,,,,,0,,,0
7502,40561,,,,,,,,0,,,0
7503,40562,,,,,,,,0,,,0
7504,40563,,,,,"[\""2\"",\""4\""]","[\""37411\"",\""33099\"",\""37278\""]",,0,,,0
7505,40564,,,,,,"[\""19\"",\""39228\"",\""33135\"",\""33410\""]",,0,,,0
7506,40565,,,,,,,,0,,,0
7507,40566,,,,,,,,0,,,0
7508,40567,,,,,,,,0,,,0
7509,40568,,,,,,,,0,,,0
7510,40569,,,,,,,,0,,,0
7511,40570,,,,,,,,0,,,0
7512,40571,,,,,,,,0,,,0
7513,40572,,,,,"[\""2\"",\""4\""]",,,0,,,0
7514,40573,,,,,,,,0,,,0
7515,40574,,,,,,,,0,,,0
7516,40575,,,,,,,,0,,,0
7517,40576,,,,,,,,0,,,0
7518,40577,,,,,,,,0,,,0
7519,40578,,,,,,"[\""19\"",\""39228\"",\""33135\""]",,0,,,0
7520,40579,,,,,,,,0,,,0
7521,40580,,,,,,,,0,,,0
7522,40581,,,,,,,,0,,,0
7523,40582,,,,,,,,0,,,0
7524,40583,,,,,,,,0,,,0
7525,40584,,,,,,,,0,,,0
7526,40585,,,,,,,,0,,,0
7527,40586,,,,,,,,0,,,0
7528,40587,,,,,,,,0,,,0
7529,40588,,,,,,,,0,,,0
7530,40589,,,,,,,,0,,,0
7531,40590,,,,,,,,0,,,0
7532,40591,,,,,,,,0,,,0
7533,40592,,,,,,,,0,,,0
7534,40593,,,,,,,,0,,,0
7535,40594,,,,,,,,0,,,0
7536,40595,,,,,,,,0,,,0
7537,40596,,,,,,,,0,,,0
7538,40597,,,,,"[\""2\""]",,,0,,,0
7539,40598,,,,,"[\""2\"",\""4\""]","[\""36522\"",\""34627\"",\""36657\"",\""34036\""]",,0,,,0
7540,40599,,,,,,,,0,,,0
7541,40614,,,,,,,,0,,,0
7542,40616,,,,,,,,0,,,0
7543,40617,,,,,,,,0,,,0
7544,40618,,,,,,,,0,,,0
7545,40620,,,,,,,,0,,,0
7546,40621,,,,,,,,0,,,0
7547,40622,,,,,,,,0,,,0
7548,40624,,,,,,,,0,,,0
7549,40626,,,,,,,,0,,,0
7550,40628,,,,,,,,0,,,0
7551,40634,,,,,,,,0,,,0
7552,40642,,,,,,,,0,,,0
7553,40643,,,,,,,,0,,,0
7554,40644,,,,,,,,0,,,0
7555,40645,,,,,,,,0,,,0
7556,40646,,,,,,,,0,,,0
7557,40647,,,,,,,,0,,,0
7558,40648,,,,,,,,0,,,0
7559,40649,,,,,,,,0,,,0
7560,40652,,,,,,,,0,,,0
7561,40653,,,,,,,,0,,,0
7562,40654,,,,,,,,0,,,0
7563,40655,,,,,,,,0,,,0
7564,40656,,,,,,,,0,,,0
7565,40657,,,,,,,,0,,,0
7566,40659,,28.5991332,77.069398,,,"[\""134\"",\""33512\""]",,0,,,0
7567,40660,,,,,,,,0,,,0
7568,40661,,,,,,,,0,,,0
7569,40663,,,,,,,,0,,,0
7570,40664,,,,,,,,0,,,0
7571,40666,,,,,,,,0,,,0
7572,40668,,,,,,,,0,,,0
7573,40669,,,,,,,,0,,,0
7574,40670,,,,,,,,0,,,0
7575,40671,,,,,,,,0,,,0
7576,40672,,,,,,,,0,,,0
7577,40673,,,,,"[\""2\"",\""4\""]",,,0,,,0
7578,40674,,,,,,,,0,,,0
7579,40675,,,,,,,,0,,,0
7580,40676,,,,,,,,0,,,0
7581,40677,,,,,,,,0,,,0
7582,40680,,,,,,,,0,,,0
7583,40681,,,,,,"[\""34724\"",\""34035\""]",,0,,,0
7584,40682,,,,,,,,0,,,0
7585,40683,,,,,,,,0,,,0
7586,40684,,,,,,,,0,,,0
