id,user,language,verbal,written,status,is_deleted,create_date,modify_date
1,15,545,3,1,1,0,,2025-03-24 13:15:11
2,4,166,5,5,1,0,,2025-03-24 15:33:07
3,4,279,5,3,1,0,,2025-03-24 15:33:16
4,1,166,5,5,1,0,,2025-03-24 16:10:34
5,1,279,5,5,1,0,,2025-03-24 16:10:42
6,1,280,5,5,1,0,,2025-03-24 16:11:03
7,41,166,3,3,1,0,,2025-03-24 16:52:02
8,41,279,5,5,1,0,,2025-03-24 16:52:10
9,48,166,3,4,1,0,,2025-03-24 17:20:26
10,48,279,5,5,1,0,,2025-03-24 17:20:37
11,26,166,5,5,1,0,,2025-03-24 17:40:10
12,26,279,5,5,1,0,,2025-03-24 17:40:19
13,26,71,5,1,1,0,,2025-03-24 17:40:36
14,57,181,4,5,1,0,,2025-03-24 17:42:24
15,57,279,5,5,1,0,,2025-03-24 17:42:40
16,57,49,3,3,1,0,,2025-03-24 17:42:53
17,65,279,4,4,1,0,,2025-03-24 17:46:13
19,32,166,3,4,1,0,,2025-03-24 17:47:03
20,65,166,3,3,1,0,,2025-03-24 17:47:14
21,32,279,4,4,1,0,,2025-03-24 17:47:15
22,60,166,3,5,1,0,,2025-03-24 18:40:54
23,60,279,5,5,1,0,,2025-03-24 18:41:09
24,60,545,5,5,1,0,,2025-03-24 18:41:20
25,59,279,5,5,1,0,,2025-03-24 21:20:19
27,22,279,5,5,1,0,,2025-03-24 22:44:15
28,75,166,5,5,1,0,,2025-03-24 23:49:04
29,75,343,5,5,1,0,,2025-03-24 23:49:20
30,75,279,3,3,1,0,,2025-03-24 23:50:00
31,88,166,5,5,1,0,,2025-03-25 11:39:24
32,88,279,5,5,1,0,,2025-03-25 11:39:37
33,88,591,4,3,1,0,,2025-03-25 11:40:00
34,22,166,3,4,1,0,,2025-03-25 14:29:34
35,45,279,5,5,1,0,,2025-03-25 18:00:36
37,50,166,3,4,1,0,,2025-03-25 18:52:31
38,50,279,5,5,1,0,,2025-03-25 18:52:45
39,49,166,3,3,1,0,,2025-03-26 11:14:20
40,49,279,5,5,1,0,,2025-03-26 11:14:34
41,18,279,5,3,1,0,,2025-03-26 11:37:17
42,18,166,3,3,1,0,,2025-03-26 11:37:24
43,39,279,5,5,1,0,,2025-03-26 11:52:02
46,25,166,4,4,1,0,,2025-03-26 18:59:55
47,25,279,5,4,1,0,,2025-03-26 19:00:10
49,25,545,5,3,1,0,,2025-03-26 19:00:58
50,131,166,5,5,1,0,,2025-03-29 09:39:14
51,131,279,5,5,1,0,,2025-03-29 09:39:22
52,134,166,5,5,1,0,,2025-03-30 23:49:31
53,130,170,4,4,1,0,,2025-03-31 15:34:41
54,182,166,5,4,1,0,,2025-03-31 15:44:42
55,182,279,5,3,1,0,,2025-03-31 15:44:52
58,252,166,5,5,1,0,,2025-04-02 10:59:32
59,252,279,5,5,1,0,,2025-04-02 10:59:39
60,313,166,4,4,1,0,,2025-04-03 12:19:02
61,313,279,4,4,1,0,,2025-04-03 12:19:07
62,14,279,5,5,1,0,,2025-04-05 12:56:02
63,14,166,3,4,1,0,,2025-04-05 12:56:22
64,416,181,4,4,1,0,,2025-04-06 20:39:24
65,297,166,5,5,1,0,,2025-04-06 23:11:25
66,297,279,5,5,1,0,,2025-04-06 23:11:30
68,431,279,5,5,1,0,,2025-04-10 14:06:24
69,431,166,5,5,1,0,,2025-04-10 14:06:43
70,481,166,5,5,1,0,,2025-04-12 15:13:09
71,481,279,5,5,1,0,,2025-04-12 15:13:17
72,528,166,5,5,1,0,,2025-04-14 23:29:04
73,528,279,5,5,1,0,,2025-04-14 23:29:10
74,39,166,3,3,1,0,,2025-04-16 11:17:24
75,579,166,4,5,1,0,,2025-04-17 02:43:25
79,656,279,5,3,1,0,,2025-04-21 15:00:45
80,656,166,3,5,1,0,,2025-04-21 15:00:58
81,499,279,5,5,1,0,,2025-04-21 21:06:21
82,499,545,5,4,1,0,,2025-04-21 21:06:32
83,499,166,3,4,1,0,,2025-04-21 21:06:49
84,690,166,5,5,1,0,,2025-04-23 13:23:53
85,725,764,3,3,1,0,,2025-04-24 11:25:49
86,19,279,3,1,1,0,2026-06-12 13:03:27,2025-04-24 17:25:54
87,19,170,4,4,1,0,2026-06-12 13:03:26,2025-04-24 17:26:14
88,763,181,5,5,1,0,,2025-04-24 19:00:16
89,763,170,5,5,1,0,,2025-04-24 19:00:25
90,763,279,5,5,1,0,,2025-04-24 19:00:32
92,837,279,5,5,1,0,,2025-04-26 15:46:23
93,837,166,2,3,1,0,,2025-04-26 15:46:39
94,366,170,4,5,1,0,,2025-04-27 01:00:03
95,887,545,5,5,1,0,,2025-04-27 21:32:25
96,887,279,5,5,1,0,,2025-04-27 21:32:36
97,887,166,5,5,1,0,,2025-04-27 21:32:48
98,901,279,5,5,1,0,,2025-04-28 00:43:45
99,901,166,4,5,1,0,,2025-04-28 00:43:56
102,995,166,4,5,1,0,,2025-04-29 09:35:41
103,995,681,5,5,1,0,,2025-04-29 09:35:53
104,995,279,3,4,1,0,,2025-04-29 09:36:04
107,1009,170,3,4,1,0,,2025-04-29 12:06:46
108,1009,280,5,5,1,0,,2025-04-29 12:07:14
109,1017,166,5,5,1,0,,2025-04-29 13:19:04
110,1017,279,5,5,1,0,,2025-04-29 13:19:11
111,1135,279,5,5,1,0,,2025-05-01 12:46:25
112,1135,166,5,5,1,0,,2025-05-01 12:46:34
113,1135,258,4,4,1,0,,2025-05-01 12:46:46
114,1135,431,4,4,1,0,,2025-05-01 12:46:55
115,1175,166,4,4,1,0,,2025-05-02 11:00:38
116,1175,279,5,5,1,0,,2025-05-02 11:00:52
117,1175,444,5,5,1,0,,2025-05-02 11:01:03
118,1173,166,5,4,1,0,,2025-05-02 11:13:18
119,1173,279,5,4,1,0,,2025-05-02 11:13:30
120,1173,280,5,5,1,0,,2025-05-02 11:13:41
121,1173,444,5,5,1,0,,2025-05-02 11:13:49
122,1248,166,4,4,1,0,,2025-05-03 16:15:35
123,1248,279,4,4,1,0,,2025-05-03 16:15:45
124,1248,280,5,5,1,0,,2025-05-03 16:15:55
125,1309,166,5,5,1,0,,2025-05-04 21:41:55
126,1309,279,5,4,1,0,,2025-05-04 21:42:03
127,1379,431,5,5,1,0,,2025-05-05 14:11:46
128,1379,166,5,5,1,0,,2025-05-05 14:11:56
129,1379,170,5,5,1,0,,2025-05-05 14:12:05
130,1379,279,3,3,1,0,,2025-05-05 14:12:15
131,1379,674,3,1,1,0,,2025-05-05 14:12:23
132,1379,630,1,1,1,0,,2025-05-05 14:12:37
133,1379,330,2,1,1,0,,2025-05-05 14:12:46
134,724,170,4,4,1,0,,2025-05-05 14:47:51
135,724,279,4,4,1,0,,2025-05-05 14:48:04
136,1415,545,5,5,1,0,,2025-05-05 21:11:03
137,1415,279,5,5,1,0,,2025-05-05 21:11:16
138,1415,166,2,4,1,0,,2025-05-05 21:11:35
139,1415,71,2,2,1,0,,2025-05-05 21:11:59
140,1437,279,5,5,1,0,,2025-05-06 09:42:08
141,1437,280,5,5,1,0,,2025-05-06 09:42:15
142,1437,764,5,5,1,0,,2025-05-06 09:42:22
143,1437,166,4,5,1,0,,2025-05-06 09:42:30
144,1460,166,5,5,1,0,,2025-05-06 15:58:21
146,1482,444,5,5,1,0,,2025-05-07 13:04:41
147,1482,170,4,4,1,0,,2025-05-07 13:05:04
148,1482,279,4,4,1,0,,2025-05-07 13:05:15
149,854,166,5,5,1,0,,2025-05-07 21:16:42
150,854,681,5,3,1,0,,2025-05-07 21:17:03
151,854,279,4,2,1,0,,2025-05-07 21:17:16
152,1548,279,5,5,1,0,,2025-05-08 05:03:20
153,1548,166,5,5,1,0,,2025-05-08 05:03:34
154,1548,235,3,1,1,0,,2025-05-08 05:03:48
155,1568,280,5,5,1,0,,2025-05-08 12:47:41
156,1568,764,5,5,1,0,,2025-05-08 12:48:01
157,1567,279,5,5,1,0,,2025-05-08 15:21:29
158,1567,170,4,5,1,0,,2025-05-08 15:21:45
159,1589,166,4,5,1,0,,2025-05-08 22:01:36
160,1589,279,5,5,1,0,,2025-05-08 22:01:49
161,1619,166,4,5,1,0,,2025-05-09 18:01:42
162,1619,279,5,5,1,0,,2025-05-09 18:01:59
163,1624,166,5,5,1,0,,2025-05-09 21:13:37
164,1624,279,5,5,1,0,,2025-05-09 21:13:51
165,1624,280,5,5,1,0,,2025-05-09 21:14:03
166,1700,170,5,5,1,0,,2025-05-11 20:11:51
167,1700,279,5,5,1,0,,2025-05-11 20:12:02
168,1700,235,2,4,1,0,,2025-05-11 20:12:27
169,1727,166,4,4,1,0,,2025-05-12 09:56:43
170,1727,279,4,4,1,0,,2025-05-12 09:56:52
171,1749,444,5,5,1,0,,2025-05-12 18:56:51
172,1749,279,5,5,1,0,,2025-05-12 18:57:12
173,1749,280,5,5,1,0,,2025-05-12 18:57:28
174,1749,170,5,5,1,0,,2025-05-12 18:57:44
175,1749,259,4,3,1,0,,2025-05-12 18:58:19
176,1772,279,5,5,1,0,,2025-05-13 11:44:16
177,1772,166,3,5,1,0,,2025-05-13 11:44:28
179,1779,166,5,5,1,0,,2025-05-13 15:26:34
180,1827,166,4,4,1,0,,2025-05-14 11:40:31
181,1827,279,5,4,1,0,,2025-05-14 11:40:43
182,1827,721,5,4,1,0,,2025-05-14 11:40:56
183,1828,166,4,4,1,0,,2025-05-14 11:54:35
184,1828,279,4,4,1,0,,2025-05-14 11:54:45
185,1839,166,4,5,1,0,,2025-05-14 15:27:11
186,1839,279,5,4,1,0,,2025-05-14 15:27:26
187,1853,764,4,4,1,0,,2025-05-14 19:09:28
188,1926,279,5,5,1,0,,2025-05-15 22:41:53
189,1926,166,4,5,1,0,,2025-05-15 22:42:06
190,1938,170,5,5,1,0,,2025-05-16 09:57:44
191,1938,279,5,4,1,0,,2025-05-16 09:58:15
192,1938,42,5,2,1,0,,2025-05-16 09:58:42
193,1938,545,3,1,1,0,,2025-05-16 12:42:34
194,1982,279,5,4,1,0,,2025-05-17 02:07:39
195,1982,166,3,4,1,0,,2025-05-17 02:07:58
197,1130,681,5,5,1,0,,2025-05-17 16:31:33
198,1130,166,4,4,1,0,,2025-05-17 16:31:45
199,1130,279,3,3,1,0,,2025-05-17 16:31:53
200,2025,166,4,5,1,0,,2025-05-17 21:48:17
201,2025,279,5,5,1,0,,2025-05-17 21:48:32
202,2025,545,5,5,1,0,,2025-05-17 21:48:39
203,2034,166,5,5,1,0,,2025-05-18 07:04:49
204,2034,279,5,4,1,0,,2025-05-18 07:04:56
205,2034,444,5,5,1,0,,2025-05-18 07:05:09
206,2111,279,5,5,1,0,,2025-05-19 17:08:22
207,2111,166,4,5,1,0,,2025-05-19 17:08:34
208,2111,235,3,4,1,0,,2025-05-19 17:08:49
209,2111,114,4,2,1,0,,2025-05-19 17:09:08
210,2140,279,5,5,1,0,,2025-05-20 00:42:01
211,2140,166,5,5,1,0,,2025-05-20 00:42:09
212,2140,444,5,5,1,0,,2025-05-20 00:42:14
213,2140,330,3,1,1,0,,2025-05-20 00:42:29
214,2144,166,5,5,1,0,,2025-05-20 01:02:42
215,121,166,5,5,1,0,,2025-05-20 10:47:22
216,121,279,4,4,1,0,,2025-05-20 10:47:32
217,2179,166,4,5,1,0,,2025-05-20 16:51:59
218,2179,279,4,4,1,0,,2025-05-20 16:52:08
219,2189,279,5,5,1,0,,2025-05-20 19:32:58
220,2189,170,5,5,1,0,,2025-05-20 19:33:06
221,2189,444,5,5,1,0,,2025-05-20 19:33:12
222,2189,258,4,4,1,0,,2025-05-20 19:33:17
223,2189,422,5,2,1,0,,2025-05-20 19:33:27
224,2147,166,5,5,1,0,,2025-05-20 19:47:17
225,2147,279,5,5,1,0,,2025-05-20 19:47:26
226,2147,444,4,3,1,0,,2025-05-20 19:47:40
227,2147,258,4,1,1,0,,2025-05-20 19:48:12
228,2232,166,3,4,1,0,,2025-05-21 10:37:14
229,2232,279,5,5,1,0,,2025-05-21 10:37:27
231,2229,166,4,4,1,0,,2025-05-21 10:59:57
232,2229,279,5,5,1,0,,2025-05-21 11:00:08
233,2251,166,4,5,1,0,,2025-05-21 13:21:31
234,2251,279,5,5,1,0,,2025-05-21 13:21:46
235,2251,280,4,5,1,0,,2025-05-21 13:21:59
236,2252,166,5,5,1,0,,2025-05-21 13:29:42
237,2252,279,5,5,1,0,,2025-05-21 13:29:50
238,2262,279,5,5,1,0,,2025-05-21 14:42:26
239,2262,166,3,4,1,0,,2025-05-21 14:42:43
240,2264,280,5,5,1,0,,2025-05-21 16:29:13
241,2264,166,4,5,1,0,,2025-05-21 16:29:23
242,2264,279,5,5,1,0,,2025-05-21 16:29:34
243,2337,281,5,5,1,0,,2025-05-22 16:26:29
244,2355,3,5,4,1,0,,2025-05-22 18:56:32
245,2369,170,5,5,1,0,,2025-05-22 23:41:26
246,2369,280,5,5,1,0,,2025-05-22 23:41:40
247,2369,330,3,1,1,0,,2025-05-22 23:41:50
248,2369,444,3,4,1,0,,2025-05-22 23:42:00
249,2404,166,5,5,1,0,,2025-05-23 17:58:26
250,2404,279,5,5,1,0,,2025-05-23 17:58:37
251,2404,444,5,4,1,0,,2025-05-23 17:58:46
252,2565,279,5,5,1,0,,2025-05-26 10:20:57
253,2565,280,5,5,1,0,,2025-05-26 10:21:07
254,2565,166,3,5,1,0,,2025-05-26 10:21:17
255,2583,279,5,5,1,0,,2025-05-26 13:53:09
256,2583,166,5,5,1,0,,2025-05-26 13:53:26
257,2600,166,5,5,1,0,,2025-05-26 17:59:18
258,2600,330,5,5,1,0,,2025-05-26 17:59:29
259,2600,431,5,1,1,0,,2025-05-26 17:59:42
260,2600,279,4,3,1,0,,2025-05-26 17:59:58
261,2617,166,5,5,1,0,,2025-05-26 22:58:20
262,2617,279,5,5,1,0,,2025-05-26 22:58:47
263,2617,71,5,5,1,0,,2025-05-26 22:58:58
264,2617,258,5,5,1,0,,2025-05-26 22:59:11
265,2621,279,5,5,1,0,,2025-05-27 01:49:51
267,2662,279,5,5,1,0,,2025-05-28 12:15:47
268,2662,280,5,5,1,0,,2025-05-28 12:15:57
270,2662,545,5,5,1,0,,2025-05-28 12:16:30
271,2662,166,3,5,1,0,,2025-05-28 12:16:54
272,2673,170,4,4,1,0,,2025-05-28 17:23:36
273,2719,279,5,5,1,0,,2025-05-29 13:07:51
274,2719,280,5,5,1,0,,2025-05-29 13:08:05
275,2719,764,5,5,1,0,,2025-05-29 13:08:15
276,2719,166,4,5,1,0,,2025-05-29 13:08:35
277,2719,78,5,5,1,0,,2025-05-29 13:08:44
278,2721,170,5,5,1,0,,2025-05-29 13:32:51
279,2721,681,5,5,1,0,,2025-05-29 13:33:01
280,2721,279,5,5,1,0,,2025-05-29 13:33:13
281,2739,166,5,5,1,0,,2025-05-29 17:14:07
282,2739,279,5,5,1,0,,2025-05-29 17:14:19
283,2745,166,5,5,1,0,,2025-05-29 19:43:23
284,2745,279,5,5,1,0,,2025-05-29 19:43:31
285,2753,279,4,4,1,0,,2025-05-29 22:24:36
286,2753,280,4,4,1,0,,2025-05-29 22:24:43
287,2753,166,4,4,1,0,,2025-05-29 22:24:50
288,2753,269,5,3,1,0,,2025-05-29 22:25:01
289,2758,764,5,5,1,0,,2025-05-29 23:09:58
290,2791,279,5,4,1,0,,2025-05-30 11:21:35
291,2791,166,4,4,1,0,,2025-05-30 11:21:49
292,2795,170,5,5,1,0,,2025-05-30 12:25:57
293,2795,279,5,5,1,0,,2025-05-30 12:26:07
294,2795,182,5,5,1,0,,2025-05-30 12:26:24
296,2826,279,5,5,1,0,,2025-05-30 17:41:00
297,2826,166,5,5,1,0,,2025-05-30 17:41:11
298,2826,545,3,1,1,0,,2025-05-30 17:41:24
299,2828,166,5,5,1,0,,2025-05-30 18:02:40
300,2828,279,5,5,1,0,,2025-05-30 18:02:50
301,2859,764,4,4,1,0,,2025-05-31 12:20:28
302,2865,166,4,4,1,0,,2025-05-31 13:04:22
303,2865,279,5,5,1,0,,2025-05-31 13:04:49
304,2856,279,5,5,1,0,,2025-05-31 14:33:28
305,2856,166,4,4,1,0,,2025-05-31 14:33:49
306,2856,73,4,1,1,0,,2025-05-31 14:34:34
307,2896,279,5,5,1,0,,2025-06-01 13:25:19
308,2896,166,4,5,1,0,,2025-06-01 13:25:40
309,2896,721,5,5,1,0,,2025-06-01 13:25:54
310,2896,22,4,5,1,0,,2025-06-01 13:26:07
311,2896,71,5,3,1,0,,2025-06-01 13:26:23
312,2904,166,5,5,1,0,,2025-06-01 20:55:59
313,2904,279,5,5,1,0,,2025-06-01 20:56:11
314,2912,166,5,5,1,0,,2025-06-01 22:45:09
315,2912,279,5,5,1,0,,2025-06-01 22:45:22
316,2912,71,3,1,1,0,,2025-06-01 22:45:35
317,639,279,5,5,1,0,,2025-06-02 16:04:24
318,639,166,5,5,1,0,,2025-06-02 16:04:36
319,2670,166,3,3,1,0,2026-01-20 13:41:10,2025-06-02 18:03:46
320,2670,630,3,3,1,0,2026-01-20 13:41:10,2025-06-02 18:03:55
321,2670,279,3,3,1,0,2026-01-20 13:41:10,2025-06-02 18:04:05
322,2692,166,5,5,1,0,,2025-06-03 10:17:35
323,2692,279,5,5,1,0,,2025-06-03 10:17:47
325,3027,170,3,5,1,0,,2025-06-03 21:48:45
326,3027,444,5,5,1,0,,2025-06-03 21:48:56
327,3071,166,3,4,1,0,,2025-06-04 13:04:56
328,3083,166,4,4,1,0,,2025-06-04 15:17:35
329,3083,279,5,5,1,0,,2025-06-04 15:17:41
330,2936,279,5,5,1,0,,2025-06-04 16:28:45
331,2936,166,4,5,1,0,,2025-06-04 16:28:59
332,2936,78,5,4,1,0,,2025-06-04 16:29:18
333,2936,422,5,4,1,0,,2025-06-04 16:29:33
334,3142,279,5,5,1,0,,2025-06-05 13:19:22
335,3142,166,5,5,1,0,,2025-06-05 13:19:34
336,3146,764,4,4,1,0,,2025-06-05 14:54:33
337,3159,170,4,3,1,0,,2025-06-05 17:21:20
338,3159,279,5,5,1,0,,2025-06-05 17:21:42
339,3205,764,3,3,1,0,,2025-06-06 08:24:23
340,3210,166,5,5,1,0,,2025-06-06 09:45:26
341,3222,170,4,4,1,0,,2025-06-06 15:16:30
342,3225,73,4,3,1,0,,2025-06-06 17:26:34
343,3225,279,5,5,1,0,,2025-06-06 17:27:00
344,3225,170,3,4,1,0,,2025-06-06 17:27:43
345,3225,78,5,5,1,0,,2025-06-06 17:27:56
347,3243,280,5,5,1,0,,2025-06-06 20:11:55
348,3243,279,5,5,1,0,,2025-06-06 20:12:08
349,3243,170,4,4,1,0,,2025-06-06 20:12:34
350,3275,765,4,3,1,0,,2025-06-07 02:04:15
351,3389,279,5,4,1,0,,2025-06-08 17:58:25
352,3389,166,3,4,1,0,,2025-06-08 17:59:19
353,3395,166,5,5,1,0,,2025-06-08 19:48:08
354,3395,279,5,5,1,0,,2025-06-08 19:48:17
355,3395,616,5,1,1,0,,2025-06-08 19:48:27
356,3458,166,5,5,1,0,,2025-06-09 14:29:20
357,3458,279,5,3,1,0,,2025-06-09 14:29:39
358,3458,444,3,2,1,0,,2025-06-09 14:29:50
359,3458,722,5,1,1,0,,2025-06-09 14:30:13
360,3473,166,5,5,1,0,,2025-06-09 16:22:42
361,3473,279,5,5,1,0,,2025-06-09 16:22:51
363,3490,765,5,5,1,0,,2025-06-09 18:14:30
364,3490,555,5,5,1,0,,2025-06-09 18:14:58
365,3490,674,5,5,1,0,,2025-06-09 18:15:07
366,3507,279,5,5,1,0,,2025-06-09 20:42:28
367,3507,166,3,5,1,0,,2025-06-09 20:42:39
368,3507,280,4,5,1,0,,2025-06-09 20:42:50
369,3508,279,5,5,1,0,,2025-06-09 21:32:34
370,3508,170,4,4,1,0,,2025-06-09 21:32:48
374,3557,166,5,5,1,0,,2025-06-10 14:53:57
376,3557,721,5,5,1,0,,2025-06-10 14:54:21
377,3557,279,5,5,1,0,,2025-06-10 14:54:45
378,3584,279,5,5,1,0,,2025-06-10 21:19:08
379,3584,166,3,3,1,0,,2025-06-10 21:19:20
382,3629,170,5,5,1,0,,2025-06-11 09:40:13
383,3629,764,5,5,1,0,,2025-06-11 09:40:39
385,3638,170,3,4,1,0,,2025-06-11 11:20:05
386,3638,444,5,5,1,0,,2025-06-11 11:20:20
387,3638,764,5,5,1,0,,2025-06-11 11:20:38
388,3664,279,5,5,1,0,,2025-06-11 14:31:17
389,3664,166,3,4,1,0,,2025-06-11 14:31:30
390,3697,166,5,5,1,0,,2025-06-11 19:20:35
391,3697,764,5,5,1,0,,2025-06-11 19:21:11
392,3694,166,4,4,1,0,,2025-06-11 19:37:20
393,3694,279,5,5,1,0,,2025-06-11 19:37:40
394,3724,766,4,5,1,0,,2025-06-11 22:19:13
395,3463,170,4,5,1,0,,2025-06-12 12:32:33
396,3463,279,5,5,1,0,,2025-06-12 12:32:48
397,3779,166,5,5,1,0,,2025-06-12 14:03:40
398,3787,166,4,4,1,0,,2025-06-12 14:19:22
399,3787,681,5,4,1,0,,2025-06-12 14:19:31
400,3745,279,5,3,1,0,,2025-06-12 14:19:37
401,3787,279,5,5,1,0,,2025-06-12 14:19:39
402,3745,166,4,4,1,0,,2025-06-12 14:19:51
403,3787,721,5,1,1,0,,2025-06-12 14:19:51
404,3802,170,4,4,1,0,,2025-06-12 17:37:32
405,3806,279,5,4,1,0,,2025-06-12 19:40:18
406,3806,444,3,4,1,0,,2025-06-12 19:40:44
407,3806,166,3,4,1,0,,2025-06-12 19:41:07
408,3898,766,4,4,1,0,,2025-06-13 21:03:46
409,3898,279,5,5,1,0,,2025-06-13 21:03:57
410,3898,269,3,3,1,0,,2025-06-13 21:04:08
411,3911,279,5,5,1,0,,2025-06-14 01:03:55
412,3911,170,1,4,1,0,,2025-06-14 01:04:36
413,3943,166,4,5,1,0,,2025-06-14 15:02:13
414,3943,279,4,4,1,0,,2025-06-14 15:02:23
415,3943,71,4,4,1,0,,2025-06-14 15:02:33
416,3990,280,5,5,1,0,,2025-06-15 09:35:09
418,4005,279,5,5,1,0,,2025-06-15 14:38:40
419,4005,170,5,5,1,0,,2025-06-15 14:38:55
420,4019,764,5,5,1,0,,2025-06-15 19:51:20
421,4062,166,4,4,1,0,,2025-06-16 02:58:05
422,4062,279,4,4,1,0,,2025-06-16 02:58:17
423,4062,202,2,2,1,0,,2025-06-16 02:58:33
424,4062,444,5,5,1,0,,2025-06-16 02:58:41
425,4057,166,4,4,1,0,,2025-06-16 12:40:47
426,4057,279,4,4,1,0,,2025-06-16 12:40:59
427,4057,447,4,2,1,0,,2025-06-16 12:41:14
428,4091,280,5,5,1,0,,2025-06-16 13:01:34
429,4091,279,5,5,1,0,,2025-06-16 13:01:53
430,4091,166,2,5,1,0,,2025-06-16 13:02:10
431,4119,170,4,4,1,0,,2025-06-16 17:08:04
432,4210,170,4,5,1,0,,2025-06-17 13:55:34
433,4255,444,5,5,1,0,,2025-06-17 21:42:00
434,4255,279,5,5,1,0,,2025-06-17 21:42:08
435,4255,166,4,5,1,0,,2025-06-17 21:42:19
436,4200,166,5,5,1,0,,2025-06-17 22:28:51
437,4200,279,5,5,1,0,,2025-06-17 22:29:04
438,4200,681,5,5,1,0,,2025-06-17 22:29:15
439,4433,170,5,5,1,0,,2025-06-18 22:59:20
440,4433,681,5,5,1,0,,2025-06-18 22:59:40
441,4464,279,4,3,1,0,,2025-06-19 10:27:09
442,4464,170,4,4,1,0,,2025-06-19 10:27:30
443,4471,170,4,5,1,0,,2025-06-19 12:11:34
444,4471,681,5,4,1,0,,2025-06-19 12:11:44
445,4471,279,4,4,1,0,,2025-06-19 12:14:25
446,4474,166,5,5,1,0,,2025-06-19 12:41:04
447,4474,279,4,2,1,0,,2025-06-19 12:41:17
448,4474,681,5,4,1,0,,2025-06-19 12:41:25
449,4482,170,4,5,1,0,,2025-06-19 13:41:46
450,4482,444,5,5,1,0,,2025-06-19 13:41:59
451,4483,170,5,5,1,0,,2025-06-19 13:57:08
452,4483,279,5,4,1,0,,2025-06-19 13:57:44
453,4483,330,5,5,1,0,,2025-06-19 13:58:02
454,4483,444,5,4,1,0,,2025-06-19 13:58:14
455,4486,279,5,5,1,0,,2025-06-19 14:30:35
456,4486,166,3,5,1,0,,2025-06-19 14:30:58
457,4480,681,5,5,1,0,,2025-06-19 14:37:08
458,4480,279,5,5,1,0,,2025-06-19 14:37:31
459,4480,170,4,5,1,0,,2025-06-19 14:37:49
460,4480,674,3,1,1,0,,2025-06-19 14:38:06
466,4493,166,5,5,1,0,,2025-06-19 15:23:20
467,4493,279,5,3,1,0,,2025-06-19 15:23:38
468,4493,510,5,5,1,0,,2025-06-19 15:23:52
469,4509,166,4,5,1,0,,2025-06-19 17:06:36
470,4522,166,4,4,1,0,,2025-06-19 20:06:01
471,4441,170,4,4,1,0,,2025-06-20 00:00:21
472,4441,444,5,5,1,0,,2025-06-20 00:00:34
473,4568,166,3,4,1,0,,2025-06-20 01:13:50
474,4594,279,5,5,1,0,,2025-06-20 10:43:32
475,4594,280,5,5,1,0,,2025-06-20 10:43:40
476,4594,166,5,5,1,0,,2025-06-20 10:43:55
477,4598,279,5,3,1,0,,2025-06-20 11:29:55
478,4598,166,3,5,1,0,,2025-06-20 11:30:12
479,4598,280,5,5,1,0,,2025-06-20 11:30:22
480,4635,681,5,5,1,0,,2025-06-20 15:04:15
481,4635,166,5,5,1,0,,2025-06-20 15:04:24
482,4651,166,3,3,1,0,,2025-06-20 16:14:29
483,4651,279,5,3,1,0,,2025-06-20 16:14:39
484,4655,280,4,4,1,0,,2025-06-20 16:49:20
485,4652,166,4,4,1,0,,2025-06-20 16:55:18
486,4652,279,4,4,1,0,,2025-06-20 16:55:32
487,4652,202,2,3,1,0,,2025-06-20 16:55:45
488,4658,280,4,4,1,0,,2025-06-20 17:12:40
489,4716,170,5,5,1,0,,2025-06-21 01:10:25
490,4716,279,5,4,1,0,,2025-06-21 01:10:39
491,4716,280,5,5,1,0,,2025-06-21 01:10:47
492,4736,280,4,4,1,0,,2025-06-21 15:41:50
493,4738,280,3,4,1,0,,2025-06-21 15:48:54
494,4739,280,4,4,1,0,,2025-06-21 16:10:32
495,4745,280,4,5,1,0,,2025-06-21 17:47:14
496,4757,166,4,4,1,0,,2025-06-21 22:48:30
497,4757,279,4,4,1,0,,2025-06-21 22:48:42
498,4757,444,2,1,1,0,,2025-06-21 22:49:07
499,4729,166,4,5,1,0,,2025-06-21 22:58:01
500,4729,279,4,4,1,0,,2025-06-21 22:58:44
502,4780,764,5,5,1,0,,2025-06-22 00:49:30
503,4385,771,4,5,1,0,,2025-06-22 01:41:10
504,4820,279,5,5,1,0,,2025-06-22 10:59:05
505,4819,166,4,5,1,0,,2025-06-22 10:59:45
506,4819,279,5,5,1,0,,2025-06-22 11:00:05
507,4819,444,5,5,1,0,,2025-06-22 11:00:32
508,4836,166,4,3,1,0,,2025-06-22 14:00:04
509,4836,279,5,4,1,0,,2025-06-22 14:00:19
510,4836,444,4,3,1,0,,2025-06-22 14:00:32
511,4836,681,5,5,1,0,,2025-06-22 14:00:40
512,4899,772,5,5,1,0,,2025-06-22 19:46:15
513,4953,764,3,3,1,0,,2025-06-23 02:43:17
514,4995,280,3,4,1,0,,2025-06-23 13:11:24
515,5006,280,3,3,1,0,,2025-06-23 15:10:46
518,5030,166,3,4,1,0,,2025-06-23 19:15:25
519,5042,170,4,5,1,0,,2025-06-23 19:39:33
520,5042,279,5,4,1,0,,2025-06-23 19:39:42
521,5042,444,3,2,1,0,,2025-06-23 19:39:55
522,5041,166,4,4,1,0,,2025-06-23 21:30:09
523,5041,279,4,3,1,0,,2025-06-23 21:30:30
524,5041,258,5,1,1,0,,2025-06-23 21:30:55
525,5041,444,2,2,1,0,,2025-06-23 21:31:19
526,5064,166,5,5,1,0,,2025-06-23 21:53:27
527,5064,279,5,5,1,0,,2025-06-23 21:53:36
528,5064,444,5,5,1,0,,2025-06-23 21:53:45
529,5086,773,5,5,1,0,,2025-06-24 01:16:04
530,5096,279,4,4,1,0,,2025-06-24 10:53:51
531,5103,764,3,3,1,0,,2025-06-24 14:08:43
532,5168,431,4,1,1,0,,2025-06-24 22:31:40
533,5168,166,4,4,1,0,,2025-06-24 22:31:57
534,5168,279,4,4,1,0,,2025-06-24 22:32:07
535,5250,764,4,4,1,0,,2025-06-25 18:01:07
536,5255,166,4,4,1,0,,2025-06-25 18:46:45
537,5255,279,4,4,1,0,,2025-06-25 18:46:56
538,5258,279,5,5,1,0,,2025-06-25 19:17:14
539,5258,166,3,4,1,0,,2025-06-25 19:17:29
540,5351,280,4,4,1,0,,2025-06-26 14:43:44
541,5365,280,3,4,1,0,,2025-06-26 16:34:04
542,5397,774,5,3,1,0,,2025-06-26 20:31:20
543,5466,166,4,4,1,0,,2025-06-27 11:17:49
544,5477,764,4,3,1,0,,2025-06-27 13:10:33
545,5479,764,4,5,1,0,,2025-06-27 13:29:36
546,5482,280,4,4,1,0,,2025-06-27 14:14:37
547,5488,279,4,4,1,0,,2025-06-27 17:29:37
548,5488,166,3,4,1,0,,2025-06-27 17:29:49
549,5558,166,5,5,1,0,,2025-06-28 10:59:33
550,5563,764,4,4,1,0,,2025-06-28 11:04:19
551,5566,166,4,4,1,0,,2025-06-28 11:12:32
552,5566,279,3,4,1,0,,2025-06-28 11:12:58
553,5570,280,4,4,1,0,,2025-06-28 11:30:19
554,5570,166,4,3,1,0,,2025-06-28 11:30:42
555,5576,166,3,4,1,0,,2025-06-28 12:09:11
556,5582,764,4,4,1,0,2025-06-28 13:07:44,2025-06-28 13:07:21
557,5592,166,4,4,1,0,,2025-06-28 13:48:16
558,5590,280,4,4,1,0,,2025-06-28 13:52:43
559,5615,279,3,4,1,0,,2025-06-28 18:25:39
560,5615,444,5,5,1,0,,2025-06-28 18:26:01
561,5615,166,4,5,1,0,,2025-06-28 18:26:15
562,5751,166,5,5,1,0,,2025-06-29 21:35:38
563,5751,681,5,5,1,0,,2025-06-29 21:35:51
564,5751,279,5,5,1,0,,2025-06-29 21:36:02
565,5818,764,4,4,1,0,,2025-06-30 11:13:39
566,5831,280,4,4,1,0,2025-06-30 12:24:22,2025-06-30 12:23:59
567,5836,764,4,4,1,0,,2025-06-30 13:01:55
568,5845,764,4,4,1,0,,2025-06-30 14:32:54
569,5847,764,4,4,1,0,,2025-06-30 14:45:16
570,5853,764,5,5,1,0,,2025-06-30 15:21:46
571,5854,166,5,5,1,0,,2025-06-30 15:32:01
572,5854,279,5,5,1,0,,2025-06-30 15:32:11
573,5973,766,5,5,1,0,,2025-07-01 13:38:26
574,5973,280,5,5,1,0,,2025-07-01 13:38:38
575,5991,279,5,5,1,0,,2025-07-01 13:59:58
576,5991,166,2,5,1,0,,2025-07-01 14:00:15
577,5992,764,4,4,1,0,,2025-07-01 14:02:57
578,5998,764,4,4,1,0,,2025-07-01 14:34:31
579,6006,764,5,5,1,0,,2025-07-01 14:59:13
580,6007,764,5,5,1,0,,2025-07-01 15:05:29
581,6008,764,4,4,1,0,,2025-07-01 15:08:28
582,6012,764,4,4,1,0,,2025-07-01 15:11:57
583,6013,764,3,4,1,0,,2025-07-01 15:22:21
584,6033,279,5,4,1,0,,2025-07-01 17:38:00
585,6033,166,4,5,1,0,,2025-07-01 17:38:14
586,6033,444,3,4,1,0,,2025-07-01 17:38:34
587,6040,771,4,5,1,0,,2025-07-01 18:25:41
588,6047,166,5,5,1,0,,2025-07-01 19:02:19
589,6047,279,5,5,1,0,,2025-07-01 19:02:28
590,6047,681,5,5,1,0,,2025-07-01 19:02:36
591,6136,764,5,5,1,0,,2025-07-02 11:13:21
592,6141,764,4,4,1,0,,2025-07-02 11:39:45
593,6147,764,4,4,1,0,,2025-07-02 12:18:02
594,6162,764,4,4,1,0,,2025-07-02 14:48:04
595,6166,764,4,4,1,0,,2025-07-02 15:17:56
596,6168,280,5,5,1,0,,2025-07-02 16:35:43
597,6168,170,3,4,1,0,,2025-07-02 16:36:14
598,6184,764,3,4,1,0,,2025-07-02 16:52:08
599,6186,764,3,2,1,0,,2025-07-02 16:59:33
600,3920,279,5,4,1,0,,2025-07-03 05:49:27
601,3920,166,3,5,1,0,,2025-07-03 05:49:42
602,6259,764,4,4,1,0,,2025-07-03 11:57:00
603,6273,764,4,4,1,0,,2025-07-03 13:01:40
604,6275,764,4,4,1,0,,2025-07-03 13:13:01
605,6279,764,4,5,1,0,,2025-07-03 13:36:25
606,6285,764,3,3,1,0,,2025-07-03 14:17:30
607,6288,279,3,4,1,0,,2025-07-03 14:32:23
608,6302,166,5,5,1,0,,2025-07-03 16:09:41
609,6346,764,4,4,1,0,,2025-07-03 21:52:24
610,6326,166,4,4,1,0,,2025-07-03 21:59:51
611,6326,279,5,5,1,0,,2025-07-03 22:00:03
612,6326,722,5,5,1,0,,2025-07-03 22:00:14
613,6378,166,5,4,1,0,,2025-07-04 03:51:05
614,6378,279,5,4,1,0,,2025-07-04 03:51:22
615,6378,444,4,3,1,0,,2025-07-04 03:51:34
616,6414,764,3,4,1,0,,2025-07-04 12:27:00
617,6413,764,4,5,1,0,,2025-07-04 12:30:06
618,6416,764,3,4,1,0,,2025-07-04 12:45:30
619,6420,764,3,5,1,0,,2025-07-04 13:10:00
620,6423,764,3,4,1,0,,2025-07-04 13:18:49
621,6425,279,4,5,1,0,,2025-07-04 13:22:06
622,6442,279,4,5,1,0,,2025-07-04 15:34:03
623,6464,166,5,5,1,0,,2025-07-04 17:20:56
624,6464,279,5,5,1,0,,2025-07-04 17:21:06
625,6487,279,5,5,1,0,,2025-07-04 19:17:14
626,6487,444,5,5,1,0,,2025-07-04 19:17:24
627,6487,166,4,4,1,0,,2025-07-04 19:17:53
628,6487,259,5,5,1,0,,2025-07-04 19:18:02
629,6506,166,3,4,1,0,,2025-07-04 22:02:12
630,6506,279,5,4,1,0,,2025-07-04 22:02:26
631,6572,166,4,5,1,0,,2025-07-05 10:54:50
632,6572,279,5,5,1,0,,2025-07-05 10:54:58
633,6572,444,5,5,1,0,,2025-07-05 10:55:13
634,6564,166,5,5,1,0,,2025-07-05 11:41:47
635,6564,681,5,5,1,0,,2025-07-05 11:41:55
636,6564,279,5,5,1,0,,2025-07-05 11:42:03
637,6564,674,4,3,1,0,,2025-07-05 11:42:13
638,6500,279,5,5,1,0,,2025-07-05 12:57:24
639,6500,166,5,5,1,0,,2025-07-05 12:57:38
640,6610,279,4,4,1,0,,2025-07-05 16:35:58
641,6616,280,4,4,1,0,,2025-07-05 17:04:55
642,6617,764,4,3,1,0,,2025-07-05 17:18:28
643,6618,764,3,4,1,0,,2025-07-05 17:28:01
644,6664,170,5,5,1,0,,2025-07-06 14:05:14
645,6664,279,5,3,1,0,,2025-07-06 14:06:04
646,6722,170,3,3,1,0,,2025-07-06 15:10:14
647,6722,279,3,3,1,0,,2025-07-06 15:10:34
648,6722,681,3,1,1,0,,2025-07-06 15:10:51
650,6711,765,4,5,1,0,,2025-07-06 16:00:07
651,6763,280,5,5,1,0,,2025-07-06 20:35:32
652,6763,166,2,5,1,0,,2025-07-06 20:35:52
653,6807,166,5,5,1,0,,2025-07-07 02:24:46
654,6831,280,4,5,1,0,,2025-07-07 10:06:37
655,6132,170,5,5,1,0,,2025-07-07 10:29:31
656,6132,279,5,5,1,0,,2025-07-07 10:29:40
657,6132,444,5,5,1,0,,2025-07-07 10:29:54
658,6851,764,3,3,1,0,,2025-07-07 11:23:36
659,6853,764,3,3,1,0,,2025-07-07 11:28:35
660,6855,764,4,4,1,0,,2025-07-07 11:34:17
661,6856,764,5,4,1,0,,2025-07-07 11:39:19
662,6859,764,5,5,1,0,,2025-07-07 11:48:12
663,6861,764,4,5,1,0,,2025-07-07 11:54:19
664,6865,764,4,4,1,0,,2025-07-07 12:15:18
665,6884,764,4,5,1,0,,2025-07-07 14:05:43
666,6898,764,4,4,1,0,,2025-07-07 15:14:52
667,6904,764,4,4,1,0,,2025-07-07 15:37:03
668,6907,764,4,5,1,0,,2025-07-07 15:44:46
669,6330,170,3,4,1,0,,2025-07-07 16:35:11
670,6330,279,5,5,1,0,,2025-07-07 16:35:28
671,6928,764,4,5,1,0,,2025-07-07 18:27:41
672,6953,166,5,5,1,0,,2025-07-07 22:18:52
673,6953,279,5,5,1,0,,2025-07-07 22:19:02
674,6953,22,3,1,1,0,,2025-07-07 22:19:15
675,6953,775,3,3,1,0,,2025-07-07 22:19:34
676,6982,166,5,5,1,0,,2025-07-08 03:22:29
677,6982,279,5,5,1,0,,2025-07-08 03:22:41
678,7019,764,4,3,1,0,,2025-07-08 12:00:39
679,7021,764,3,5,1,0,,2025-07-08 12:07:29
680,7022,764,3,3,1,0,,2025-07-08 12:12:02
681,7023,764,4,4,1,0,,2025-07-08 12:15:24
682,7027,764,3,4,1,0,,2025-07-08 12:22:09
683,7030,764,4,4,1,0,,2025-07-08 12:37:26
684,7031,764,5,5,1,0,,2025-07-08 12:42:20
685,7038,279,5,4,1,0,,2025-07-08 13:42:11
686,7040,280,4,4,1,0,,2025-07-08 13:53:47
687,7046,764,4,5,1,0,,2025-07-08 14:20:29
688,7054,764,4,4,1,0,,2025-07-08 15:12:37
689,7070,166,5,5,1,0,,2025-07-08 17:16:50
690,7070,279,5,5,1,0,,2025-07-08 17:16:57
691,7072,764,4,4,1,0,,2025-07-08 17:39:22
692,7175,681,5,5,1,0,,2025-07-09 12:07:19
693,7175,166,5,5,1,0,,2025-07-09 12:07:28
694,7175,279,5,5,1,0,,2025-07-09 12:07:35
695,7191,166,4,4,1,0,,2025-07-09 13:34:50
696,7191,279,4,4,1,0,,2025-07-09 13:35:20
697,7234,444,5,5,1,0,,2025-07-09 18:53:32
698,7234,166,4,5,1,0,,2025-07-09 18:53:54
699,7234,279,4,5,1,0,,2025-07-09 18:54:07
701,7304,773,3,2,1,0,,2025-07-10 11:49:21
702,7308,764,4,4,1,0,,2025-07-10 12:21:43
703,7319,279,3,5,1,0,,2025-07-10 14:02:52
704,7320,764,4,4,1,0,,2025-07-10 14:05:37
705,7322,279,2,3,1,0,,2025-07-10 14:17:12
706,7323,764,4,5,1,0,,2025-07-10 14:31:09
707,7350,764,4,3,1,0,,2025-07-10 17:33:19
708,7357,170,5,5,1,0,,2025-07-10 18:07:07
709,7357,444,5,5,1,0,,2025-07-10 18:07:16
710,7357,279,5,5,1,0,,2025-07-10 18:07:25
711,7390,776,3,4,1,0,,2025-07-10 22:14:43
712,7411,166,5,5,1,0,,2025-07-11 00:41:14
713,7411,722,5,5,1,0,,2025-07-11 00:41:23
714,7411,681,5,5,1,0,,2025-07-11 00:41:37
715,7427,166,5,5,1,0,,2025-07-11 08:00:58
716,7427,279,5,5,1,0,,2025-07-11 08:01:06
717,7427,681,5,3,1,0,,2025-07-11 08:01:15
718,7163,166,3,5,1,0,,2025-07-11 12:18:38
719,7163,279,5,5,1,0,,2025-07-11 12:18:52
720,7463,764,4,5,1,0,,2025-07-11 13:29:54
721,7470,764,4,4,1,0,,2025-07-11 14:22:47
722,7475,279,5,5,1,0,,2025-07-11 14:35:42
723,7475,170,3,5,1,0,,2025-07-11 14:35:59
725,7483,764,4,4,1,0,,2025-07-11 15:32:32
726,7486,764,3,4,1,0,,2025-07-11 15:53:07
727,7488,764,3,4,1,0,,2025-07-11 15:57:55
728,7489,764,3,4,1,0,,2025-07-11 15:59:44
729,7493,764,4,4,1,0,,2025-07-11 16:04:39
730,7494,764,4,4,1,0,,2025-07-11 16:06:42
731,7492,764,4,5,1,0,,2025-07-11 16:08:35
732,7495,764,4,4,1,0,,2025-07-11 16:10:15
733,7496,764,4,4,1,0,,2025-07-11 16:15:05
734,7497,764,4,4,1,0,,2025-07-11 16:18:56
735,7543,166,4,4,1,0,,2025-07-11 23:37:13
736,7543,279,3,2,1,0,,2025-07-11 23:37:24
737,7543,681,4,3,1,0,,2025-07-11 23:37:33
738,7604,764,4,4,1,0,,2025-07-12 21:31:44
739,7609,166,4,5,1,0,2025-07-13 00:37:04,2025-07-13 00:33:35
740,7609,279,4,5,1,0,,2025-07-13 00:33:51
741,7619,166,3,3,1,0,,2025-07-13 21:44:02
742,7631,170,5,5,1,0,,2025-07-13 23:44:11
743,7631,771,5,5,1,0,,2025-07-13 23:44:25
744,7688,166,3,4,1,0,,2025-07-14 13:21:02
745,7688,279,5,5,1,0,,2025-07-14 13:21:12
746,7729,170,4,5,1,0,,2025-07-14 17:57:03
747,7729,279,5,5,1,0,,2025-07-14 17:57:29
748,7729,444,5,5,1,0,,2025-07-14 17:57:39
749,7733,764,3,4,1,0,,2025-07-14 18:12:07
750,7736,764,4,4,1,0,,2025-07-14 18:20:23
751,7738,764,4,5,1,0,,2025-07-14 18:23:05
752,7744,166,5,5,1,0,,2025-07-14 19:03:17
753,7744,279,5,5,1,0,,2025-07-14 19:03:25
754,7744,444,5,5,1,0,,2025-07-14 19:03:31
755,7760,764,4,3,1,0,,2025-07-14 20:08:28
756,7752,166,5,5,1,0,,2025-07-14 20:40:45
757,7752,279,5,5,1,0,,2025-07-14 20:40:58
758,7842,764,4,3,1,0,,2025-07-15 12:23:53
759,7848,764,4,4,1,0,,2025-07-15 12:48:11
760,7852,764,4,3,1,0,,2025-07-15 13:02:45
761,7855,764,3,4,1,0,,2025-07-15 13:05:35
762,7857,764,4,4,1,0,,2025-07-15 13:26:41
763,7876,764,3,3,1,0,,2025-07-15 15:19:59
764,7878,764,4,5,1,0,,2025-07-15 15:32:16
765,7883,764,4,4,1,0,,2025-07-15 15:48:56
766,7885,764,4,4,1,0,,2025-07-15 15:54:06
767,7881,166,5,5,1,0,,2025-07-15 15:59:10
768,7881,279,3,3,1,0,,2025-07-15 15:59:21
769,7881,431,5,5,1,0,,2025-07-15 15:59:27
770,7881,674,3,3,1,0,,2025-07-15 15:59:33
771,7881,235,2,2,1,0,,2025-07-15 15:59:42
772,7896,764,4,4,1,0,,2025-07-15 16:24:34
773,7921,279,5,5,1,0,,2025-07-16 09:30:43
774,7921,166,5,5,1,0,,2025-07-16 09:30:50
775,7929,764,4,4,1,0,,2025-07-16 12:33:56
776,7932,764,3,4,1,0,,2025-07-16 12:43:16
777,7933,764,4,5,1,0,,2025-07-16 12:49:50
778,7935,764,4,4,1,0,,2025-07-16 13:11:07
779,7936,764,4,5,1,0,,2025-07-16 13:55:48
780,7937,764,4,3,1,0,,2025-07-16 14:11:47
781,7938,764,4,4,1,0,,2025-07-16 14:40:21
782,7943,764,4,5,1,0,,2025-07-16 15:40:05
783,7942,166,4,4,1,0,,2025-07-16 15:43:33
784,7945,764,4,5,1,0,,2025-07-16 16:02:01
785,7955,166,4,5,1,0,,2025-07-16 21:26:04
786,7955,280,5,5,1,0,,2025-07-16 21:26:28
787,7955,279,5,5,1,0,,2025-07-16 21:26:40
788,7955,722,5,4,1,0,,2025-07-16 21:27:14
789,7961,166,3,5,1,0,,2025-07-17 06:20:55
790,7961,279,5,5,1,0,,2025-07-17 06:21:05
791,7969,764,4,4,1,0,,2025-07-17 12:00:05
792,7971,764,4,4,1,0,,2025-07-17 13:17:01
793,7972,764,4,5,1,0,,2025-07-17 13:44:25
794,7973,764,5,5,1,0,,2025-07-17 14:02:24
795,7974,764,4,4,1,0,,2025-07-17 14:09:35
796,7975,764,4,4,1,0,,2025-07-17 14:14:56
797,7978,764,4,4,1,0,,2025-07-17 15:13:52
798,7979,764,4,5,1,0,,2025-07-17 15:16:55
799,7982,764,3,4,1,0,,2025-07-17 15:54:37
800,7993,166,2,3,1,0,,2025-07-17 23:32:57
801,7993,444,4,4,1,0,,2025-07-17 23:33:15
802,7993,279,5,5,1,0,,2025-07-17 23:33:30
803,7993,721,5,5,1,0,,2025-07-17 23:33:42
804,8001,764,4,4,1,0,,2025-07-18 11:59:13
805,8003,764,4,5,1,0,,2025-07-18 12:14:17
806,8004,764,3,3,1,0,,2025-07-18 12:19:23
807,8005,764,4,4,1,0,,2025-07-18 12:41:56
808,8007,764,4,3,1,0,,2025-07-18 12:52:26
809,8008,764,4,4,1,0,,2025-07-18 13:53:31
810,8009,764,4,4,1,0,,2025-07-18 14:02:16
811,8010,764,4,4,1,0,,2025-07-18 14:39:11
812,8012,764,4,4,1,0,,2025-07-18 14:45:45
813,8011,764,3,3,1,0,,2025-07-18 14:47:59
814,8013,764,3,3,1,0,,2025-07-18 14:52:32
815,8014,764,4,4,1,0,,2025-07-18 14:57:01
816,8015,764,4,4,1,0,,2025-07-18 15:05:46
817,8016,764,4,3,1,0,2025-07-18 15:16:05,2025-07-18 15:15:36
818,8029,764,4,4,1,0,,2025-07-19 11:16:04
819,8030,764,4,4,1,0,,2025-07-19 12:57:45
820,8031,764,4,4,1,0,,2025-07-19 13:12:05
821,8032,764,4,5,1,0,,2025-07-19 13:46:03
822,8033,764,4,4,1,0,,2025-07-19 13:49:28
823,8034,764,4,3,1,0,,2025-07-19 14:06:25
824,8035,764,3,4,1,0,,2025-07-19 15:01:24
825,8036,764,4,3,1,0,,2025-07-19 15:13:00
826,8041,764,4,3,1,0,,2025-07-19 16:55:51
827,8052,279,5,5,1,0,,2025-07-19 22:28:56
828,8052,170,3,4,1,0,,2025-07-19 22:29:20
830,8057,681,5,5,1,0,,2025-07-19 23:10:34
831,8057,166,5,5,1,0,,2025-07-19 23:10:43
832,8057,279,5,1,1,0,,2025-07-19 23:10:56
833,8108,681,5,3,1,0,,2025-07-20 11:20:53
834,8108,279,5,3,1,0,,2025-07-20 11:21:13
835,8108,166,4,4,1,0,,2025-07-20 11:21:35
836,8120,166,5,5,1,0,,2025-07-20 12:47:31
837,8120,279,5,5,1,0,,2025-07-20 12:47:39
838,8120,444,5,5,1,0,,2025-07-20 12:47:51
839,8145,166,3,4,1,0,,2025-07-20 15:20:39
840,8145,279,5,5,1,0,,2025-07-20 15:21:02
841,8160,444,5,5,1,0,,2025-07-20 20:40:48
842,8160,166,4,5,1,0,,2025-07-20 20:41:01
843,8160,279,5,5,1,0,,2025-07-20 20:41:09
844,8201,166,5,5,1,0,,2025-07-21 07:27:42
845,8201,681,5,5,1,0,,2025-07-21 07:27:49
846,8201,330,5,5,1,0,,2025-07-21 07:27:56
847,8219,764,5,4,1,0,,2025-07-21 12:17:38
848,8220,764,4,5,1,0,,2025-07-21 12:25:39
849,8246,764,4,4,1,0,,2025-07-21 14:48:00
850,8250,764,3,4,1,0,,2025-07-21 15:09:43
851,8242,170,3,3,1,0,,2025-07-21 15:15:46
852,8242,279,4,4,1,0,,2025-07-21 15:18:35
853,8242,444,5,5,1,0,,2025-07-21 15:18:59
854,8259,681,5,5,1,0,,2025-07-21 19:07:54
855,8259,166,5,5,1,0,,2025-07-21 19:08:06
856,8259,279,4,4,1,0,,2025-07-21 19:08:23
857,8266,764,4,4,1,0,,2025-07-21 20:17:14
858,8267,764,3,4,1,0,,2025-07-21 20:18:34
859,8295,279,5,5,1,0,,2025-07-22 11:13:34
860,8295,166,1,5,1,0,,2025-07-22 11:13:47
861,8310,166,4,4,1,0,,2025-07-22 13:33:04
862,8310,444,5,5,1,0,,2025-07-22 13:33:20
863,8310,279,4,5,1,0,,2025-07-22 13:33:30
864,8312,279,5,4,1,0,,2025-07-22 14:02:05
865,8313,764,3,4,1,0,,2025-07-22 14:04:59
866,4613,764,4,4,1,0,,2025-07-22 14:32:18
867,8333,764,4,4,1,0,,2025-07-22 17:01:24
868,8302,166,4,4,1,0,,2025-07-22 17:24:57
869,8302,279,4,4,1,0,,2025-07-22 17:25:06
870,8302,444,5,4,1,0,,2025-07-22 17:25:19
871,8338,166,4,4,1,0,,2025-07-22 17:30:53
872,8341,764,4,4,1,0,,2025-07-22 17:42:48
873,8344,764,4,4,1,0,,2025-07-22 17:55:15
874,8348,764,4,4,1,0,,2025-07-22 18:16:02
875,8354,166,4,4,1,0,,2025-07-23 10:10:30
876,8413,279,5,5,1,0,,2025-07-23 10:34:39
877,8413,166,4,4,1,0,,2025-07-23 10:34:51
878,8413,269,4,4,1,0,,2025-07-23 10:35:00
879,8413,78,4,4,1,0,,2025-07-23 10:35:09
880,8418,764,4,4,1,0,,2025-07-23 11:31:47
881,8423,764,4,5,1,0,,2025-07-23 12:20:27
882,8424,764,4,4,1,0,,2025-07-23 12:25:56
883,8429,764,4,4,1,0,,2025-07-23 12:46:22
884,8436,764,4,4,1,0,,2025-07-23 13:16:36
885,8438,764,4,4,1,0,,2025-07-23 13:24:28
886,8439,764,4,4,1,0,,2025-07-23 14:14:23
887,8447,764,3,3,1,0,,2025-07-23 14:17:33
888,8449,764,3,4,1,0,,2025-07-23 14:28:02
889,8461,166,3,3,1,0,,2025-07-23 16:32:18
891,8461,279,5,4,1,0,,2025-07-23 16:32:50
892,8475,279,5,5,1,0,,2025-07-23 19:15:12
893,8475,166,4,5,1,0,,2025-07-23 19:15:24
894,8507,431,5,5,1,0,,2025-07-24 07:09:55
895,8507,674,4,2,1,0,,2025-07-24 07:10:11
896,8507,279,3,4,1,0,,2025-07-24 07:10:22
897,8507,166,4,5,1,0,,2025-07-24 07:10:36
898,8524,4,3,3,1,0,,2025-07-24 12:56:17
899,8524,764,4,3,1,0,,2025-07-24 12:56:30
900,8557,166,5,5,1,0,,2025-07-24 19:56:35
901,8557,279,5,4,1,0,,2025-07-24 19:56:47
902,8557,330,4,4,1,0,,2025-07-24 19:56:57
903,8633,166,3,5,1,0,,2025-07-25 15:56:59
904,8633,279,5,5,1,0,,2025-07-25 15:57:11
905,8633,280,5,5,1,0,,2025-07-25 15:57:23
906,8633,545,5,2,1,0,,2025-07-25 15:57:34
907,8664,166,5,5,1,0,,2025-07-26 21:37:38
908,8664,71,5,5,1,0,,2025-07-26 21:37:51
909,8664,279,5,5,1,0,,2025-07-26 21:38:03
910,8664,78,5,5,1,0,,2025-07-26 21:38:11
911,8683,764,4,5,1,0,,2025-07-28 11:39:23
912,8687,764,4,3,1,0,,2025-07-28 13:21:13
913,8691,764,4,4,1,0,,2025-07-28 13:59:53
914,8692,764,4,5,1,0,,2025-07-28 14:15:59
915,8693,764,4,4,1,0,,2025-07-28 14:26:42
916,8694,764,3,4,1,0,,2025-07-28 14:43:22
917,8698,764,4,4,1,0,,2025-07-28 15:17:05
918,8703,764,4,4,1,0,,2025-07-28 15:50:22
919,8707,764,5,4,1,0,,2025-07-28 16:33:18
920,8708,764,4,4,1,0,,2025-07-28 16:40:15
921,8710,764,4,4,1,0,,2025-07-28 16:43:29
922,8712,764,3,3,1,0,,2025-07-28 16:49:40
923,8715,764,4,5,1,0,,2025-07-28 17:03:32
924,8717,764,4,5,1,0,,2025-07-28 17:08:40
925,8778,681,5,5,1,0,,2025-07-29 00:22:25
926,8778,279,5,5,1,0,,2025-07-29 00:22:34
927,8778,170,5,5,1,0,,2025-07-29 00:22:45
928,8782,279,5,5,1,0,,2025-07-29 00:40:47
929,8782,181,4,5,1,0,,2025-07-29 00:41:01
930,8782,444,5,5,1,0,,2025-07-29 00:41:19
931,8837,764,3,4,1,0,,2025-07-29 13:25:10
932,8838,764,4,3,1,0,,2025-07-29 13:29:26
933,8845,166,4,4,1,0,,2025-07-29 15:08:09
934,8845,444,5,5,1,0,,2025-07-29 15:08:20
935,8845,279,4,4,1,0,,2025-07-29 15:08:44
936,8848,764,4,4,1,0,,2025-07-29 15:52:14
937,8849,764,3,3,1,0,,2025-07-29 15:57:17
938,8850,764,4,4,1,0,,2025-07-29 15:59:25
939,8851,764,4,4,1,0,,2025-07-29 16:04:09
940,8852,764,3,4,1,0,,2025-07-29 16:06:05
941,8854,764,4,4,1,0,,2025-07-29 16:11:48
942,8858,764,4,3,1,0,,2025-07-29 16:21:04
943,8867,764,3,5,1,0,,2025-07-29 17:42:17
944,8896,777,5,5,1,0,,2025-07-30 00:39:51
945,8928,166,3,5,1,0,,2025-07-30 03:19:57
946,8928,279,5,5,1,0,,2025-07-30 03:20:07
947,8963,764,4,3,1,0,,2025-07-30 11:11:16
948,8967,764,3,3,1,0,,2025-07-30 11:42:16
949,8976,764,3,3,1,0,,2025-07-30 12:33:52
950,8978,764,4,4,1,0,,2025-07-30 12:38:20
951,8990,674,5,5,1,0,,2025-07-30 14:10:03
952,8990,166,3,3,1,0,,2025-07-30 14:10:16
953,9008,773,5,4,1,0,,2025-07-30 17:13:12
954,9012,764,3,3,1,0,,2025-07-30 17:47:08
955,9028,166,3,5,1,0,,2025-07-30 23:09:11
956,9028,681,5,4,1,0,,2025-07-30 23:09:25
957,9028,279,4,4,1,0,,2025-07-30 23:09:39
958,9089,545,5,5,1,0,,2025-07-31 11:56:58
959,9089,279,5,5,1,0,,2025-07-31 11:57:10
960,9089,166,4,5,1,0,,2025-07-31 11:57:22
961,9090,764,4,4,1,0,,2025-07-31 12:03:30
962,9096,764,3,4,1,0,,2025-07-31 12:47:13
963,9097,764,3,4,1,0,,2025-07-31 12:55:38
964,9098,764,4,4,1,0,,2025-07-31 13:06:23
965,9087,166,4,5,1,0,,2025-07-31 13:07:34
966,9099,764,4,4,1,0,,2025-07-31 13:10:39
967,9101,764,4,4,1,0,,2025-07-31 13:16:06
968,9107,764,4,4,1,0,,2025-07-31 13:57:49
969,9111,764,3,4,1,0,,2025-07-31 15:06:23
970,9112,170,5,5,1,0,,2025-07-31 16:04:48
971,9112,279,5,5,1,0,,2025-07-31 16:05:11
972,9150,444,5,5,1,0,,2025-08-01 02:01:38
973,9150,279,5,5,1,0,,2025-08-01 02:01:52
974,9150,166,4,5,1,0,,2025-08-01 02:02:10
975,9180,764,4,4,1,0,,2025-08-01 11:41:47
976,9182,764,4,4,1,0,,2025-08-01 12:07:05
977,9198,764,4,3,1,0,,2025-08-01 13:58:27
978,9207,764,4,4,1,0,,2025-08-01 15:12:41
979,9210,764,3,3,1,0,,2025-08-01 15:20:06
980,9212,764,4,4,1,0,,2025-08-01 15:28:30
981,9213,764,4,3,1,0,,2025-08-01 15:30:37
982,9214,764,4,4,1,0,,2025-08-01 15:33:47
983,9215,764,4,4,1,0,,2025-08-01 15:37:30
984,9221,764,4,4,1,0,,2025-08-01 17:36:34
985,9225,166,4,4,1,0,,2025-08-01 17:53:09
986,9225,279,5,5,1,0,,2025-08-01 17:53:37
987,9263,279,5,5,1,0,,2025-08-01 23:04:08
988,9263,166,3,5,1,0,,2025-08-01 23:04:19
989,9263,72,5,2,1,0,,2025-08-01 23:04:30
990,9267,279,5,5,1,0,,2025-08-01 23:33:45
991,9267,166,4,4,1,0,,2025-08-01 23:34:17
992,9288,167,5,5,1,0,,2025-08-02 04:50:29
994,9288,259,5,5,1,0,,2025-08-02 04:51:14
995,9288,279,5,5,1,0,,2025-08-02 04:51:31
996,9303,166,4,5,1,0,,2025-08-02 10:53:54
997,9303,279,5,4,1,0,,2025-08-02 10:54:06
998,9311,166,4,5,1,0,,2025-08-02 12:17:02
999,9311,722,5,4,1,0,,2025-08-02 12:17:14
1000,9311,279,5,3,1,0,,2025-08-02 12:17:26
1001,9311,280,5,5,1,0,,2025-08-02 12:17:39
1002,9311,545,5,1,1,0,,2025-08-02 12:17:49
1003,9314,279,5,5,1,0,,2025-08-02 12:38:43
1004,9314,280,5,5,1,0,,2025-08-02 12:38:54
1005,9314,166,3,4,1,0,,2025-08-02 12:39:04
1006,9314,78,4,4,1,0,,2025-08-02 12:39:16
1007,9340,764,4,4,1,0,,2025-08-02 15:22:09
1008,9346,764,3,4,1,0,,2025-08-02 16:34:16
1009,9347,764,4,4,1,0,,2025-08-02 16:35:55
1010,9349,764,3,4,1,0,,2025-08-02 16:38:26
1011,9410,166,3,4,1,0,,2025-08-03 01:50:27
1012,9410,279,5,4,1,0,,2025-08-03 01:50:57
1013,9410,545,5,5,1,0,,2025-08-03 01:51:10
1014,9442,279,5,4,1,0,,2025-08-03 13:03:19
1015,9442,166,5,5,1,0,,2025-08-03 13:03:32
1016,9500,166,5,5,1,0,,2025-08-03 21:03:55
1017,9500,42,5,5,1,0,,2025-08-03 21:04:06
1018,9500,279,5,5,1,0,,2025-08-03 21:04:12
1019,9514,279,5,5,1,0,,2025-08-03 23:04:55
1020,9514,166,5,5,1,0,,2025-08-03 23:05:10
1021,9514,42,5,5,1,0,,2025-08-03 23:05:18
1023,9514,73,3,5,1,0,,2025-08-03 23:05:49
1025,9522,170,4,4,1,0,,2025-08-04 00:21:40
1026,9522,681,5,1,1,0,,2025-08-04 00:21:50
1027,9522,674,4,4,1,0,,2025-08-04 00:22:01
1028,9559,764,4,4,1,0,,2025-08-04 12:20:46
1029,9575,764,4,3,1,0,,2025-08-04 13:17:21
1030,9578,764,4,4,1,0,,2025-08-04 13:42:34
1031,9337,764,4,4,1,0,,2025-08-04 14:36:15
1032,9589,764,4,4,1,0,,2025-08-04 15:15:02
1033,9591,764,4,4,1,0,,2025-08-04 15:44:14
1034,9598,764,4,4,1,0,,2025-08-04 16:25:45
1035,9599,764,4,4,1,0,,2025-08-04 16:31:18
1036,9617,170,5,5,1,0,,2025-08-04 18:55:03
1037,9628,764,4,4,1,0,,2025-08-04 20:13:04
1039,9186,772,5,5,1,0,,2025-08-04 22:47:24
1040,9704,764,5,5,1,0,,2025-08-05 12:42:25
1041,9709,764,4,4,1,0,,2025-08-05 13:26:11
1042,9716,764,3,4,1,0,,2025-08-05 14:54:58
1043,9720,764,4,4,1,0,,2025-08-05 15:32:33
1044,9721,764,4,3,1,0,,2025-08-05 15:38:12
1045,9732,764,4,3,1,0,,2025-08-05 16:28:33
1046,9736,764,3,4,1,0,,2025-08-05 16:47:42
1047,9740,764,4,3,1,0,,2025-08-05 16:54:33
1048,9742,764,4,4,1,0,,2025-08-05 16:59:13
1049,9752,764,4,4,1,0,,2025-08-05 19:01:34
1051,9509,681,5,5,1,0,,2025-08-05 21:32:13
1052,9509,279,5,5,1,0,,2025-08-05 21:32:39
1053,9509,166,5,5,1,0,,2025-08-05 21:33:09
1054,9782,280,5,5,1,0,,2025-08-05 23:13:36
1055,9799,170,4,5,1,0,,2025-08-06 01:17:24
1056,9799,279,5,5,1,0,,2025-08-06 01:17:41
1057,9799,280,5,5,1,0,,2025-08-06 01:18:03
1058,9814,166,4,5,1,0,,2025-08-06 08:39:05
1059,9814,280,5,5,1,0,,2025-08-06 08:39:20
1060,9831,764,3,3,1,0,,2025-08-06 11:55:12
1061,9835,764,4,3,1,0,,2025-08-06 11:59:03
1062,9838,764,4,4,1,0,,2025-08-06 12:16:48
1063,9839,764,3,4,1,0,,2025-08-06 12:18:51
1064,9840,764,4,4,1,0,,2025-08-06 12:21:12
1065,9842,764,3,3,1,0,,2025-08-06 12:23:35
1066,9850,764,4,4,1,0,,2025-08-06 12:35:40
1067,9851,764,4,4,1,0,,2025-08-06 12:43:51
1068,9853,764,4,3,1,0,,2025-08-06 12:49:21
1069,9856,764,4,3,1,0,,2025-08-06 13:00:37
1070,9859,764,4,4,1,0,,2025-08-06 13:09:59
1071,9860,764,3,3,1,0,,2025-08-06 13:15:58
1072,9877,166,5,5,1,0,,2025-08-06 15:48:22
1073,9877,279,5,5,1,0,,2025-08-06 15:48:32
1074,53,170,4,4,1,0,,2025-08-06 16:11:54
1075,9889,764,4,4,1,0,,2025-08-06 18:07:03
1076,9896,166,4,4,1,0,,2025-08-06 19:07:21
1077,9896,279,5,4,1,0,,2025-08-06 19:07:30
1078,9897,674,5,5,1,0,,2025-08-06 19:40:49
1079,9897,166,4,5,1,0,,2025-08-06 19:40:58
1080,9897,681,2,1,1,0,,2025-08-06 19:41:13
1081,9963,764,4,4,1,0,,2025-08-07 11:51:27
1082,9966,764,4,3,1,0,,2025-08-07 12:20:27
1083,9967,764,4,4,1,0,,2025-08-07 12:26:17
1084,9969,765,4,4,1,0,,2025-08-07 12:29:32
1085,9976,764,3,4,1,0,,2025-08-07 13:01:31
1086,9980,764,4,4,1,0,,2025-08-07 13:30:11
1087,9981,764,4,4,1,0,,2025-08-07 13:46:19
1088,9982,764,4,4,1,0,,2025-08-07 13:51:41
1089,9986,764,3,4,1,0,,2025-08-07 14:25:30
1090,9995,166,4,4,1,0,,2025-08-07 15:52:44
1091,9995,279,5,4,1,0,,2025-08-07 15:53:25
1092,9995,431,1,1,1,0,,2025-08-07 15:53:39
1093,9995,674,4,1,1,0,,2025-08-07 15:54:08
1095,40,166,5,5,1,0,,2025-08-07 21:10:26
1096,40,279,5,5,1,0,,2025-08-07 21:10:34
1097,40,488,5,5,1,0,,2025-08-07 21:10:45
1098,40,545,5,5,1,0,,2025-08-07 21:11:02
1099,10086,764,3,3,1,0,,2025-08-08 13:45:42
1100,7863,279,5,5,1,0,,2025-08-08 13:51:10
1101,7863,166,4,5,1,0,,2025-08-08 13:51:26
1102,10087,764,4,3,1,0,,2025-08-08 14:04:20
1103,10091,764,4,4,1,0,,2025-08-08 14:26:07
1104,10098,166,2,5,1,0,,2025-08-08 17:12:39
1105,10098,279,4,5,1,0,,2025-08-08 17:14:26
1106,10098,71,3,2,1,0,,2025-08-08 17:14:50
1107,10098,42,5,5,1,0,,2025-08-08 17:15:02
1108,10112,166,4,5,1,0,,2025-08-08 20:07:57
1109,10112,721,5,4,1,0,,2025-08-08 20:08:13
1110,10112,279,5,5,1,0,,2025-08-08 20:08:29
1112,10144,166,2,5,1,0,2025-08-09 00:02:49,2025-08-09 00:02:34
1113,10144,280,5,5,1,0,,2025-08-09 00:03:18
1114,10144,545,4,1,1,0,,2025-08-09 00:03:38
1115,10193,42,5,5,1,0,,2025-08-09 17:23:23
1116,10193,279,4,3,1,0,,2025-08-09 17:23:36
1117,10198,1,5,5,1,0,,2025-08-09 18:49:01
1118,10236,166,5,5,1,0,,2025-08-10 08:58:46
1119,10236,545,5,5,1,0,,2025-08-10 08:58:56
1120,10236,279,5,5,1,0,,2025-08-10 08:59:04
1121,10186,279,5,5,1,0,,2025-08-11 09:17:49
1122,10186,166,5,5,1,0,,2025-08-11 09:18:10
1123,10186,444,5,5,1,0,,2025-08-11 09:18:26
1124,10328,764,4,4,1,0,,2025-08-11 09:56:49
1125,10330,764,4,4,1,0,,2025-08-11 09:58:35
1126,10331,764,4,4,1,0,,2025-08-11 10:00:44
1127,10346,764,4,4,1,0,,2025-08-11 13:09:39
1128,10347,764,4,4,1,0,,2025-08-11 13:30:35
1129,10353,764,3,4,1,0,,2025-08-11 14:07:52
1130,10354,764,4,4,1,0,,2025-08-11 14:13:49
1131,10355,764,4,4,1,0,,2025-08-11 14:17:02
1132,10363,764,4,4,1,0,,2025-08-11 14:59:36
1133,10368,166,5,5,1,0,,2025-08-11 16:19:15
1134,10368,764,5,5,1,0,,2025-08-11 16:19:33
1135,10373,545,5,3,1,0,,2025-08-11 17:06:50
1136,10373,279,5,5,1,0,,2025-08-11 17:06:59
1137,10373,166,2,5,1,0,,2025-08-11 17:07:11
1138,10408,764,4,4,1,0,,2025-08-11 21:20:15
1139,10409,764,4,4,1,0,,2025-08-11 21:26:52
1140,10412,764,4,4,1,0,,2025-08-11 21:35:12
1141,10414,279,5,5,1,0,,2025-08-11 21:59:22
1142,10414,181,4,5,1,0,,2025-08-11 21:59:49
1143,10414,545,4,1,1,0,,2025-08-11 22:00:03
1144,10421,764,4,4,1,0,,2025-08-11 22:34:38
1145,10467,764,4,4,1,0,,2025-08-12 12:58:56
1146,10469,764,4,3,1,0,,2025-08-12 13:01:17
1147,10471,764,5,4,1,0,,2025-08-12 13:06:15
1148,10473,764,4,5,1,0,,2025-08-12 13:11:48
1149,10474,764,4,5,1,0,,2025-08-12 13:14:04
1150,10475,764,5,4,1,0,,2025-08-12 13:24:44
1151,10478,764,4,4,1,0,,2025-08-12 13:49:38
1152,10480,764,4,4,1,0,,2025-08-12 14:02:24
1153,10488,764,4,5,1,0,,2025-08-12 14:31:14
1154,10507,170,3,4,1,0,,2025-08-12 17:53:38
1155,10529,166,4,5,1,0,,2025-08-12 21:03:25
1156,10529,279,5,5,1,0,,2025-08-12 21:03:36
1157,10534,764,4,5,1,0,,2025-08-12 21:04:15
1158,10535,764,5,4,1,0,,2025-08-12 21:08:18
1159,10536,764,3,3,1,0,,2025-08-12 21:23:59
1160,10547,170,5,5,1,0,,2025-08-12 22:17:27
1161,10547,279,5,4,1,0,,2025-08-12 22:17:42
1162,10547,444,5,4,1,0,,2025-08-12 22:17:57
1163,10548,279,5,5,1,0,,2025-08-12 22:31:10
1164,10584,170,5,5,1,0,,2025-08-13 10:07:49
1165,27,166,4,4,1,0,,2025-08-13 13:00:07
1166,27,279,5,5,1,0,,2025-08-13 13:00:17
1167,10612,764,4,4,1,0,,2025-08-13 14:04:43
1168,10619,764,5,4,1,0,,2025-08-13 14:41:13
1169,10622,764,3,3,1,0,,2025-08-13 15:24:38
1170,10624,764,4,3,1,0,,2025-08-13 15:38:20
1171,10626,764,3,3,1,0,,2025-08-13 15:46:27
1172,10634,279,5,5,1,0,,2025-08-13 19:05:10
1173,10634,545,5,5,1,0,,2025-08-13 19:05:30
1174,10669,764,4,3,1,0,,2025-08-13 21:40:28
1175,10671,764,4,4,1,0,,2025-08-13 21:46:18
1176,10673,764,4,4,1,0,,2025-08-13 21:59:22
1177,10675,764,4,4,1,0,,2025-08-13 22:01:55
1178,10680,764,4,4,1,0,,2025-08-13 22:22:37
1179,8251,166,4,5,1,0,,2025-08-13 23:27:37
1180,8251,279,5,5,1,0,,2025-08-13 23:27:46
1181,10771,170,5,5,1,0,,2025-08-14 20:49:46
1182,10771,279,5,5,1,0,,2025-08-14 20:50:01
1183,10801,170,3,5,1,0,,2025-08-15 00:54:28
1184,10808,279,5,5,1,0,,2025-08-15 07:49:53
1185,10808,280,5,5,1,0,,2025-08-15 07:50:00
1186,10808,166,4,5,1,0,,2025-08-15 07:50:09
1187,10820,166,5,5,1,0,,2025-08-15 09:19:40
1188,10820,279,5,5,1,0,,2025-08-15 09:19:50
1189,10820,431,5,5,1,0,,2025-08-15 09:20:00
1190,10820,674,5,1,1,0,,2025-08-15 09:20:13
1191,10843,170,5,5,1,0,,2025-08-15 16:55:08
1192,10854,166,5,5,1,0,,2025-08-15 20:16:15
1193,10854,279,5,5,1,0,,2025-08-15 20:16:26
1194,10884,764,4,4,1,0,,2025-08-16 00:07:26
1195,10884,280,5,5,1,0,,2025-08-16 00:07:43
1196,10901,674,5,5,1,0,,2025-08-16 07:39:45
1197,10901,166,4,5,1,0,,2025-08-16 07:40:15
1198,10901,279,5,3,1,0,,2025-08-16 07:40:52
1199,10901,431,2,1,1,0,,2025-08-16 07:41:25
1200,10901,22,2,1,1,0,,2025-08-16 07:42:05
1201,10948,166,3,3,1,0,,2025-08-16 18:15:49
1202,10977,279,4,5,1,0,,2025-08-16 22:54:59
1203,10977,166,3,2,1,0,,2025-08-16 22:55:13
1204,10977,71,1,1,1,0,,2025-08-16 22:55:29
1205,10998,73,4,4,1,0,,2025-08-17 03:28:49
1206,10998,170,4,4,1,0,,2025-08-17 03:29:07
1207,11010,258,5,5,1,0,,2025-08-17 10:16:09
1208,11010,279,4,5,1,0,,2025-08-17 10:16:20
1209,11010,170,4,5,1,0,,2025-08-17 10:16:31
1210,11043,170,4,5,1,0,,2025-08-17 16:10:18
1211,11043,279,5,5,1,0,,2025-08-17 16:10:34
1212,11043,545,3,1,1,0,,2025-08-17 16:10:51
1213,11073,182,5,5,1,0,,2025-08-17 23:02:12
1214,11073,330,5,5,1,0,,2025-08-17 23:02:53
1215,11117,166,4,4,1,0,,2025-08-18 10:12:02
1216,11117,279,4,3,1,0,,2025-08-18 10:12:22
1217,11117,42,5,4,1,0,,2025-08-18 10:12:51
1218,11117,71,5,3,1,0,,2025-08-18 10:13:17
1220,11240,279,5,5,1,0,,2025-08-19 15:59:07
1221,11291,545,5,5,1,0,,2025-08-20 08:26:17
1222,11295,279,5,5,1,0,,2025-08-20 09:59:52
1223,11295,166,4,5,1,0,,2025-08-20 10:00:06
1224,11301,71,5,5,1,0,,2025-08-20 10:35:00
1225,11301,166,5,5,1,0,,2025-08-20 10:35:10
1226,11301,279,1,1,1,0,,2025-08-20 10:35:21
1227,11309,764,4,4,1,0,,2025-08-20 11:20:40
1228,11311,764,4,4,1,0,,2025-08-20 11:29:05
1229,11316,764,4,4,1,0,,2025-08-20 11:52:32
1230,11317,764,4,5,1,0,,2025-08-20 11:55:07
1231,11315,170,4,4,1,0,,2025-08-20 12:13:15
1232,11315,279,5,3,1,0,,2025-08-20 12:13:30
1233,11322,764,4,4,1,0,,2025-08-20 12:19:08
1234,11325,764,4,4,1,0,,2025-08-20 12:35:58
1235,11326,764,4,4,1,0,,2025-08-20 12:50:11
1236,11332,764,4,4,1,0,,2025-08-20 13:36:26
1237,11333,764,5,5,1,0,,2025-08-20 13:46:35
1238,11335,764,4,5,1,0,,2025-08-20 13:52:29
1239,11342,764,3,4,1,0,,2025-08-20 15:38:15
1240,11366,279,5,2,1,0,,2025-08-20 19:07:08
1241,11366,166,2,4,1,0,,2025-08-20 19:07:30
1242,11375,764,4,5,1,0,,2025-08-20 20:30:25
1243,11386,764,4,4,1,0,,2025-08-20 21:36:01
1244,11384,166,5,5,1,0,,2025-08-20 22:15:50
1245,11384,72,5,5,1,0,,2025-08-20 22:16:09
1246,11384,279,5,3,1,0,,2025-08-20 22:16:23
1247,11438,764,4,5,1,0,,2025-08-21 14:16:00
1248,11445,764,4,4,1,0,,2025-08-21 15:00:27
1249,11447,764,4,5,1,0,,2025-08-21 15:03:35
1250,11451,764,4,4,1,0,,2025-08-21 15:09:55
1252,11414,776,3,3,1,0,,2025-08-21 15:10:46
1253,11452,764,4,4,1,0,,2025-08-21 15:14:17
1254,11453,764,4,4,1,0,,2025-08-21 15:16:37
1255,11455,764,4,4,1,0,,2025-08-21 15:18:55
1256,11459,764,4,4,1,0,,2025-08-21 15:40:35
1257,11460,764,4,4,1,0,,2025-08-21 15:42:55
1258,11472,764,3,3,1,0,,2025-08-21 16:47:20
1259,11498,166,5,5,1,0,,2025-08-21 21:30:05
1260,11498,279,5,5,1,0,,2025-08-21 21:30:33
1261,11516,280,3,4,1,0,,2025-08-21 23:57:57
1262,11516,166,3,3,1,0,,2025-08-21 23:58:15
1263,11516,765,4,4,1,0,,2025-08-21 23:58:33
1264,11565,764,4,4,1,0,,2025-08-22 12:11:19
1265,11567,764,3,3,1,0,,2025-08-22 12:13:47
1266,11573,764,4,4,1,0,,2025-08-22 13:43:51
1267,11576,764,4,4,1,0,,2025-08-22 14:16:39
1268,11577,764,4,4,1,0,,2025-08-22 14:33:44
1269,11579,764,5,5,1,0,,2025-08-22 14:38:27
1270,11590,764,4,4,1,0,,2025-08-22 18:02:08
1271,11591,764,4,4,1,0,,2025-08-22 20:08:24
1272,11598,764,4,4,1,0,,2025-08-22 20:13:32
1273,11601,764,4,4,1,0,,2025-08-22 20:49:38
1274,11659,764,4,4,1,0,,2025-08-23 10:51:50
1275,11666,764,4,4,1,0,,2025-08-23 12:02:11
1276,11673,764,5,5,1,0,,2025-08-23 12:16:00
1277,11677,764,5,5,1,0,,2025-08-23 12:19:20
1278,11679,764,5,5,1,0,,2025-08-23 12:32:28
1279,11692,764,4,4,1,0,,2025-08-23 14:01:48
1280,11710,764,5,4,1,0,,2025-08-23 17:49:15
1281,11723,764,5,5,1,0,,2025-08-23 19:42:38
1282,11719,166,4,5,1,0,,2025-08-23 19:54:36
1283,11719,279,5,5,1,0,,2025-08-23 19:54:48
1284,11901,166,3,5,1,0,,2025-08-25 13:44:57
1285,11901,279,5,5,1,0,,2025-08-25 13:45:07
1286,11908,279,5,5,1,0,,2025-08-25 15:05:28
1287,11908,78,5,3,1,0,,2025-08-25 15:05:46
1288,11908,166,3,5,1,0,,2025-08-25 15:06:03
1289,11936,166,5,5,1,0,,2025-08-25 22:32:55
1290,11936,279,5,5,1,0,,2025-08-25 22:33:05
1291,11936,71,5,5,1,0,,2025-08-25 22:33:15
1292,11725,764,4,4,1,0,,2025-08-26 11:55:54
1293,11972,764,4,5,1,0,,2025-08-26 13:08:19
1294,11976,764,4,3,1,0,,2025-08-26 13:18:31
1295,11979,764,4,4,1,0,,2025-08-26 13:40:51
1296,11981,764,4,4,1,0,,2025-08-26 13:47:21
1297,11982,764,4,3,1,0,,2025-08-26 13:53:26
1298,11983,764,4,4,1,0,,2025-08-26 13:59:52
1299,11985,764,4,5,1,0,,2025-08-26 14:12:06
1300,12002,764,4,4,1,0,,2025-08-26 16:23:25
1301,12023,279,5,5,1,0,,2025-08-26 19:18:42
1302,12023,166,2,5,1,0,,2025-08-26 19:18:54
1303,12023,444,3,1,1,0,,2025-08-26 19:19:10
1304,12160,279,5,5,1,0,,2025-08-27 12:47:00
1305,12168,764,5,4,1,0,,2025-08-27 13:13:29
1306,12192,166,3,5,1,0,,2025-08-27 16:54:47
1307,12192,545,5,4,1,0,,2025-08-27 16:54:58
1308,12192,279,5,5,1,0,,2025-08-27 16:55:07
1309,12228,764,4,4,1,0,,2025-08-27 20:11:11
1310,12230,764,4,4,1,0,,2025-08-27 20:37:27
1311,12242,764,4,4,1,0,,2025-08-27 21:18:55
1312,12248,166,4,4,1,0,,2025-08-27 22:28:21
1313,12248,279,5,3,1,0,,2025-08-27 22:28:34
1314,12248,444,5,3,1,0,,2025-08-27 22:28:50
1315,12257,764,4,4,1,0,,2025-08-27 23:18:12
1316,12277,280,5,5,1,0,,2025-08-28 01:36:00
1317,12277,166,4,2,1,0,,2025-08-28 01:36:14
1318,12295,166,4,4,1,0,,2025-08-28 07:05:27
1319,12342,764,4,4,1,0,,2025-08-28 11:18:07
1320,12350,764,5,5,1,0,,2025-08-28 11:46:43
1321,12359,764,4,5,1,0,,2025-08-28 12:20:11
1322,12362,764,4,4,1,0,,2025-08-28 12:27:24
1323,12364,764,4,4,1,0,,2025-08-28 12:43:09
1324,12371,764,4,4,1,0,,2025-08-28 12:55:20
1325,12372,764,4,4,1,0,,2025-08-28 13:05:33
1326,12376,764,4,4,1,0,,2025-08-28 13:29:13
1327,12377,166,3,4,1,0,,2025-08-28 13:47:28
1328,12379,764,4,3,1,0,,2025-08-28 13:47:38
1329,12386,764,4,5,1,0,,2025-08-28 14:13:58
1330,12382,766,5,5,1,0,,2025-08-28 14:15:50
1331,12382,71,5,5,1,0,,2025-08-28 14:15:56
1332,12382,279,5,2,1,0,,2025-08-28 14:16:07
1333,12431,166,5,5,1,0,,2025-08-28 18:57:57
1334,12431,279,5,5,1,0,,2025-08-28 18:58:05
1335,12431,764,5,5,1,0,,2025-08-28 18:58:22
1336,12463,772,5,5,1,0,,2025-08-28 23:23:56
1337,12520,764,4,4,1,0,,2025-08-29 11:29:45
1338,12528,765,4,5,1,0,,2025-08-29 12:35:44
1339,12534,764,4,4,1,0,,2025-08-29 12:59:11
1340,12529,764,5,4,1,0,,2025-08-29 13:03:43
1341,12538,764,4,4,1,0,,2025-08-29 13:10:31
1342,12540,764,4,3,1,0,,2025-08-29 13:14:31
1343,12539,764,5,4,1,0,,2025-08-29 13:16:43
1344,12542,764,5,5,1,0,,2025-08-29 13:31:58
1345,12546,764,4,3,1,0,,2025-08-29 14:08:30
1346,12631,166,4,4,1,0,,2025-08-29 22:23:21
1347,12631,279,4,4,1,0,,2025-08-29 22:23:30
1348,12631,258,5,5,1,0,,2025-08-29 22:23:38
1349,12661,166,1,5,1,0,,2025-08-30 08:57:53
1350,12685,764,4,4,1,0,,2025-08-30 11:06:43
1351,12687,764,4,4,1,0,,2025-08-30 11:10:49
1352,12692,764,4,3,1,0,,2025-08-30 11:20:10
1353,12689,764,5,4,1,0,,2025-08-30 11:24:01
1354,12694,764,5,4,1,0,,2025-08-30 11:30:41
1355,12697,764,4,4,1,0,,2025-08-30 11:40:57
1356,12702,764,3,4,1,0,,2025-08-30 11:46:35
1357,12708,764,5,4,1,0,,2025-08-30 12:20:51
1358,12711,764,3,4,1,0,,2025-08-30 12:24:11
1359,12714,764,4,4,1,0,,2025-08-30 12:34:10
1360,12718,764,4,4,1,0,,2025-08-30 12:39:43
1361,12721,764,4,4,1,0,,2025-08-30 12:47:04
1362,12716,166,4,4,1,0,,2025-08-30 12:50:59
1363,12716,444,5,5,1,0,,2025-08-30 12:51:06
1364,12716,279,5,5,1,0,,2025-08-30 12:51:16
1365,12728,764,4,4,1,0,,2025-08-30 13:08:38
1366,12730,170,4,5,1,0,,2025-08-30 13:16:14
1367,12730,279,5,4,1,0,,2025-08-30 13:16:36
1368,12781,765,5,5,1,0,,2025-08-30 17:20:34
1369,12796,166,5,5,1,0,,2025-08-30 19:27:00
1370,12796,170,5,5,1,0,,2025-08-30 19:27:20
1371,12796,169,5,5,1,0,,2025-08-30 19:27:28
1372,12796,279,5,5,1,0,,2025-08-30 19:27:39
1373,12796,280,5,5,1,0,,2025-08-30 19:27:47
1374,12796,764,5,5,1,0,,2025-08-30 19:27:55
1375,12796,772,5,5,1,0,,2025-08-30 19:28:18
1376,12808,279,5,5,1,0,,2025-08-30 19:49:03
1377,12808,166,5,5,1,0,,2025-08-30 19:49:35
1378,12808,444,5,5,1,0,,2025-08-30 19:50:39
1380,12860,279,5,3,1,0,,2025-08-31 03:35:04
1381,12860,280,5,5,1,0,,2025-08-31 03:35:11
1382,12860,166,5,5,1,0,,2025-08-31 03:35:22
1383,12860,722,5,4,1,0,,2025-08-31 03:35:35
1384,12957,166,5,5,1,0,,2025-08-31 18:21:13
1385,12957,279,5,5,1,0,,2025-08-31 18:21:23
1386,12957,681,5,1,1,0,,2025-08-31 18:21:44
1387,12957,330,4,1,1,0,,2025-08-31 18:21:57
1388,12957,355,3,1,1,0,,2025-08-31 18:22:13
1389,13017,170,4,4,1,0,,2025-09-01 00:42:09
1390,13017,279,4,4,1,0,,2025-09-01 00:42:21
1391,13024,764,5,5,1,0,,2025-09-01 01:29:11
1392,13020,279,5,5,1,0,,2025-09-01 01:36:11
1393,13026,279,5,5,1,0,,2025-09-01 01:38:12
1394,13026,166,3,4,1,0,,2025-09-01 01:38:30
1395,13042,766,5,5,1,0,,2025-09-01 08:12:10
1396,13042,764,5,5,1,0,,2025-09-01 08:13:16
1397,13050,166,4,4,1,0,,2025-09-01 09:25:42
1398,13086,764,4,4,1,0,,2025-09-01 12:05:11
1399,13104,764,5,5,1,0,,2025-09-01 13:19:31
1400,13105,279,4,4,1,0,,2025-09-01 13:36:12
1401,13105,170,2,4,1,0,,2025-09-01 13:36:23
1402,13105,258,3,4,1,0,,2025-09-01 13:36:31
1403,13103,166,5,5,1,0,,2025-09-01 13:44:22
1404,13103,71,5,4,1,0,,2025-09-01 13:44:30
1405,13103,279,5,4,1,0,,2025-09-01 13:44:37
1406,13103,280,5,5,1,0,,2025-09-01 13:44:45
1407,13103,722,4,4,1,0,,2025-09-01 13:44:56
1408,13110,764,5,5,1,0,,2025-09-01 13:52:29
1409,13109,764,5,4,1,0,,2025-09-01 13:55:32
1410,13118,764,5,4,1,0,,2025-09-01 15:15:28
1411,13128,764,4,4,1,0,,2025-09-01 15:44:37
1412,13126,764,4,4,1,0,,2025-09-01 15:51:11
1413,13143,764,4,3,1,0,,2025-09-01 17:14:32
1414,13147,764,4,4,1,0,,2025-09-01 17:35:49
1415,13149,764,4,4,1,0,,2025-09-01 17:46:32
1416,13193,170,5,5,1,0,,2025-09-01 23:05:48
1417,13193,771,5,5,1,0,,2025-09-01 23:06:20
1418,13304,764,5,5,1,0,,2025-09-02 12:17:39
1419,13309,764,4,4,1,0,2025-09-02 12:53:06,2025-09-02 12:52:26
1420,13315,166,4,5,1,0,,2025-09-02 13:29:16
1421,13315,279,5,5,1,0,,2025-09-02 13:29:25
1422,13315,444,5,5,1,0,,2025-09-02 13:29:34
1423,13315,721,5,5,1,0,,2025-09-02 13:29:47
1424,13319,764,4,4,1,0,,2025-09-02 14:01:47
1425,13318,764,4,4,1,0,,2025-09-02 14:04:56
1426,13325,764,4,4,1,0,,2025-09-02 15:00:40
1427,13333,764,4,4,1,0,,2025-09-02 15:11:23
1428,13335,764,5,4,1,0,,2025-09-02 15:14:21
1429,13336,764,4,4,1,0,,2025-09-02 15:17:17
1430,13342,764,4,4,1,0,,2025-09-02 16:11:09
1431,13347,764,5,4,1,0,,2025-09-02 16:42:57
1432,13353,764,5,5,1,0,,2025-09-02 16:50:19
1434,13410,170,4,4,1,0,,2025-09-02 22:07:57
1435,13410,279,5,5,1,0,,2025-09-02 22:08:11
1436,13410,280,5,5,1,0,,2025-09-02 22:08:19
1437,13410,771,5,5,1,0,,2025-09-02 22:08:28
1438,13410,444,5,5,1,0,,2025-09-02 22:08:45
1439,13410,356,5,5,1,0,,2025-09-02 22:08:56
1440,13410,355,5,5,1,0,,2025-09-02 22:09:07
1441,13410,259,3,3,1,0,,2025-09-02 22:09:28
1442,13410,73,3,3,1,0,,2025-09-02 22:09:38
1443,13410,545,3,2,1,0,,2025-09-02 22:09:48
1445,13483,279,5,5,1,0,,2025-09-03 07:51:48
1446,13483,170,1,5,1,0,,2025-09-03 07:52:18
1447,13495,170,5,5,1,0,,2025-09-03 10:13:05
1448,13495,279,5,5,1,0,,2025-09-03 10:13:26
1449,13514,279,5,5,1,0,,2025-09-03 10:29:51
1450,13514,166,4,4,1,0,,2025-09-03 10:30:17
1452,13514,444,4,4,1,0,,2025-09-03 10:31:25
1453,13523,279,5,5,1,0,,2025-09-03 11:30:23
1454,13523,166,2,2,1,0,,2025-09-03 11:30:42
1455,13530,764,4,4,1,0,,2025-09-03 11:33:50
1456,13540,764,4,4,1,0,,2025-09-03 11:59:08
1457,13539,764,4,4,1,0,,2025-09-03 12:01:03
1458,13543,166,2,3,1,0,,2025-09-03 12:12:30
1459,13543,279,4,4,1,0,,2025-09-03 12:12:44
1460,13547,764,4,4,1,0,,2025-09-03 12:17:35
1461,13545,765,4,4,1,0,,2025-09-03 12:18:42
1462,13567,764,4,3,1,0,,2025-09-03 13:51:06
1463,13574,764,4,4,1,0,,2025-09-03 14:25:09
1464,13583,764,4,4,1,0,,2025-09-03 15:20:38
1465,13586,764,4,4,1,0,,2025-09-03 15:28:58
1466,13588,764,4,4,1,0,,2025-09-03 15:37:27
1467,13593,764,4,4,1,0,,2025-09-03 15:53:47
1468,13609,776,5,5,1,0,,2025-09-03 18:57:11
1469,13674,166,4,4,1,0,,2025-09-04 01:11:31
1470,13674,279,4,4,1,0,,2025-09-04 01:11:42
1471,13674,444,4,4,1,0,,2025-09-04 01:11:54
1472,13685,279,5,5,1,0,,2025-09-04 04:10:11
1473,13685,170,1,5,1,0,,2025-09-04 04:10:33
1474,13685,722,1,3,1,0,,2025-09-04 04:10:52
1475,13712,764,4,4,1,0,,2025-09-04 12:00:38
1476,13713,279,5,5,1,0,,2025-09-04 12:06:19
1477,13723,764,3,4,1,0,,2025-09-04 12:41:38
1478,13741,166,5,5,1,0,,2025-09-04 17:17:22
1479,13741,681,5,5,1,0,,2025-09-04 17:17:31
1480,13741,279,5,5,1,0,,2025-09-04 17:17:37
1481,13741,674,4,2,1,0,,2025-09-04 17:17:44
1482,13759,166,5,5,1,0,,2025-09-04 19:55:21
1483,13759,279,5,5,1,0,,2025-09-04 19:55:28
1484,13837,166,2,2,1,0,,2025-09-05 09:59:38
1485,13837,279,4,3,1,0,,2025-09-05 09:59:51
1486,13837,258,5,5,1,0,,2025-09-05 10:00:01
1487,13853,764,4,4,1,0,,2025-09-05 11:36:19
1488,13852,764,4,4,1,0,,2025-09-05 11:40:23
1489,13857,764,4,4,1,0,,2025-09-05 11:48:10
1490,13863,764,4,4,1,0,,2025-09-05 12:13:17
1491,13871,764,4,4,1,0,,2025-09-05 13:13:42
1492,13873,764,5,5,1,0,,2025-09-05 13:30:42
1493,13875,764,3,4,1,0,,2025-09-05 13:45:44
1494,13897,764,4,4,1,0,,2025-09-05 15:46:57
1495,13933,166,5,5,1,0,,2025-09-05 21:09:14
1496,13933,279,5,5,1,0,,2025-09-05 21:09:25
1497,14011,764,4,4,1,0,,2025-09-06 12:53:15
1498,14010,764,5,5,1,0,,2025-09-06 12:55:39
1499,14016,764,5,4,1,0,,2025-09-06 13:11:39
1500,14015,764,4,5,1,0,,2025-09-06 13:15:08
1501,14018,764,4,4,1,0,,2025-09-06 13:25:25
1502,14019,764,4,4,1,0,,2025-09-06 13:34:26
1503,14021,764,4,4,1,0,,2025-09-06 13:54:19
1504,14023,764,4,4,1,0,,2025-09-06 13:56:45
1505,14024,764,5,4,1,0,,2025-09-06 13:59:21
1506,14028,764,4,4,1,0,,2025-09-06 14:12:59
1507,14035,764,5,5,1,0,,2025-09-06 14:58:06
1508,14037,764,4,4,1,0,,2025-09-06 15:02:19
1509,13087,279,5,2,1,0,,2025-09-06 16:40:13
1510,13087,166,3,4,1,0,,2025-09-06 16:40:30
1511,13087,258,5,5,1,0,,2025-09-06 16:40:40
1512,14052,764,5,5,1,0,,2025-09-06 16:57:18
1513,14055,279,5,5,1,0,,2025-09-06 17:05:26
1514,14055,166,5,5,1,0,,2025-09-06 17:05:38
1515,14100,765,3,4,1,0,,2025-09-06 22:57:53
1516,14126,279,5,5,1,0,,2025-09-07 07:19:51
1517,14126,166,4,5,1,0,,2025-09-07 07:20:01
1518,14133,166,4,5,1,0,,2025-09-07 08:54:49
1519,14133,170,5,5,1,0,,2025-09-07 08:55:02
1520,14133,279,5,5,1,0,,2025-09-07 08:55:12
1521,14133,280,5,5,1,0,,2025-09-07 08:55:22
1522,14138,170,4,5,1,0,,2025-09-07 09:18:50
1523,14185,280,5,5,1,0,,2025-09-07 15:26:51
1524,14185,166,4,5,1,0,,2025-09-07 15:27:01
1525,11492,279,5,5,1,0,,2025-09-07 18:52:10
1526,11492,280,5,5,1,0,,2025-09-07 18:52:25
1527,11492,166,4,4,1,0,,2025-09-07 18:52:39
1528,11492,721,4,3,1,0,,2025-09-07 18:52:59
1529,14287,764,5,5,1,0,,2025-09-07 20:56:51
1530,14319,166,4,5,1,0,,2025-09-07 22:52:47
1531,14319,279,5,5,1,0,,2025-09-07 22:53:04
1532,14319,280,5,5,1,0,,2025-09-07 22:53:29
1533,14345,166,3,5,1,0,,2025-09-08 08:27:49
1534,14345,545,5,5,1,0,,2025-09-08 08:27:57
1535,14345,269,5,5,1,0,,2025-09-08 08:28:04
1536,14345,279,5,5,1,0,,2025-09-08 08:28:13
1537,14392,764,5,4,1,0,,2025-09-08 12:32:42
1538,14413,764,5,5,1,0,,2025-09-08 13:20:53
1539,14421,279,5,5,1,0,,2025-09-08 13:41:17
1540,14421,166,4,5,1,0,,2025-09-08 13:41:28
1541,14421,722,5,5,1,0,,2025-09-08 13:41:42
1542,14422,764,4,4,1,0,,2025-09-08 13:48:08
1543,14424,764,4,4,1,0,,2025-09-08 13:53:12
1544,14446,764,4,4,1,0,,2025-09-08 16:14:35
1545,14456,764,5,4,1,0,,2025-09-08 16:43:14
1546,14459,765,4,4,1,0,,2025-09-08 17:01:10
1547,14458,764,4,4,1,0,,2025-09-08 17:03:18
1548,14460,764,4,4,1,0,,2025-09-08 17:13:05
1549,14461,764,4,4,1,0,,2025-09-08 17:26:05
1550,14541,258,5,5,1,0,,2025-09-09 01:31:53
1551,14541,279,5,5,1,0,,2025-09-09 01:32:05
1552,14541,166,5,5,1,0,,2025-09-09 01:32:18
1553,14587,279,5,5,1,0,,2025-09-09 09:08:53
1554,14587,166,1,5,1,0,,2025-09-09 09:09:06
1555,14587,78,5,5,1,0,,2025-09-09 09:09:15
1556,14594,166,3,5,1,0,,2025-09-09 09:22:56
1557,14594,279,5,5,1,0,,2025-09-09 09:23:10
1558,14637,764,4,4,1,0,,2025-09-09 11:41:10
1559,14665,764,4,4,1,0,,2025-09-09 13:02:05
1560,14668,764,4,4,1,0,,2025-09-09 13:13:39
1561,14671,764,4,4,1,0,,2025-09-09 13:21:18
1562,14674,764,4,4,1,0,,2025-09-09 13:26:55
1563,14677,764,4,5,1,0,,2025-09-09 13:40:55
1564,14679,764,4,4,1,0,,2025-09-09 13:46:33
1565,14702,166,3,4,1,0,,2025-09-09 15:52:06
1566,14702,279,5,5,1,0,,2025-09-09 15:52:24
1567,14702,545,3,1,1,0,,2025-09-09 15:52:49
1568,14715,764,5,5,1,0,,2025-09-09 16:01:32
1569,14720,764,5,5,1,0,,2025-09-09 16:20:36
1572,14811,771,5,5,1,0,,2025-09-09 21:37:05
1573,14892,279,5,3,1,0,,2025-09-10 02:32:50
1574,14892,166,3,4,1,0,,2025-09-10 02:33:09
1575,14903,764,4,5,1,0,,2025-09-10 06:03:17
1576,14913,258,5,5,1,0,,2025-09-10 07:37:33
1577,14913,279,5,5,1,0,,2025-09-10 07:37:41
1578,14913,166,5,5,1,0,,2025-09-10 07:37:56
1579,14655,166,3,3,1,0,,2025-09-10 10:03:50
1580,14655,279,4,4,1,0,,2025-09-10 10:04:03
1581,14655,545,4,4,1,0,,2025-09-10 10:04:13
1582,14747,279,5,5,1,0,,2025-09-10 10:17:58
1583,14747,166,4,5,1,0,,2025-09-10 10:18:14
1584,14747,280,5,5,1,0,,2025-09-10 10:18:24
1585,14969,764,4,4,1,0,,2025-09-10 11:38:55
1586,14975,764,4,4,1,0,,2025-09-10 11:53:55
1587,14978,764,4,4,1,0,,2025-09-10 11:57:17
1588,14980,764,4,3,1,0,,2025-09-10 12:00:22
1589,14982,764,3,4,1,0,,2025-09-10 12:03:07
1590,14984,764,4,4,1,0,,2025-09-10 12:06:18
1591,14987,764,4,4,1,0,,2025-09-10 12:09:03
1592,14976,764,4,4,1,0,,2025-09-10 12:11:13
1593,14988,764,4,5,1,0,,2025-09-10 12:13:22
1594,14989,771,4,3,1,0,,2025-09-10 12:16:01
1595,14992,764,5,5,1,0,,2025-09-10 12:21:03
1596,14995,343,5,5,1,0,,2025-09-10 12:42:24
1597,14995,279,5,5,1,0,,2025-09-10 12:42:42
1598,14995,166,5,5,1,0,,2025-09-10 12:42:56
1599,14995,42,5,1,1,0,,2025-09-10 12:43:06
1600,14996,764,4,4,1,0,,2025-09-10 12:46:07
1601,15045,166,4,5,1,0,,2025-09-10 15:27:00
1602,15045,279,5,5,1,0,,2025-09-10 15:27:10
1604,15060,280,4,4,1,0,,2025-09-10 16:35:18
1605,15060,166,3,3,1,0,,2025-09-10 16:35:26
1606,6018,166,4,5,1,0,,2025-09-10 16:46:16
1607,6018,279,5,5,1,0,,2025-09-10 16:46:30
1608,6018,545,5,5,1,0,,2025-09-10 16:46:50
1609,15107,166,4,5,1,0,,2025-09-10 19:43:01
1610,15107,279,5,5,1,0,,2025-09-10 19:43:08
1611,15107,545,5,5,1,0,,2025-09-10 19:43:16
1612,15107,78,5,5,1,0,,2025-09-10 19:43:22
1613,15161,235,3,2,1,0,,2025-09-10 22:51:12
1614,15161,166,5,5,1,0,,2025-09-10 22:51:21
1615,15259,764,4,4,1,0,,2025-09-11 11:38:29
1616,15265,764,4,5,1,0,,2025-09-11 11:46:09
1617,15271,764,4,4,1,0,,2025-09-11 12:06:15
1618,15295,764,4,4,1,0,,2025-09-11 13:53:45
1619,15305,764,4,3,1,0,,2025-09-11 14:19:08
1620,15303,764,4,3,1,0,,2025-09-11 14:19:51
1621,15308,764,4,4,1,0,,2025-09-11 14:24:30
1622,15320,764,4,4,1,0,,2025-09-11 14:54:35
1623,15339,764,3,3,1,0,,2025-09-11 16:19:52
1624,15343,764,4,4,1,0,,2025-09-11 16:30:09
1625,15340,258,5,5,1,0,,2025-09-11 16:32:16
1626,15340,279,5,4,1,0,,2025-09-11 16:32:27
1627,15340,166,5,5,1,0,,2025-09-11 16:32:41
1628,15355,764,4,4,1,0,,2025-09-11 16:56:41
1629,15362,776,4,5,1,0,,2025-09-11 17:20:45
1630,15383,764,4,5,1,0,,2025-09-11 18:00:21
1631,15428,764,4,5,1,0,,2025-09-11 20:59:43
1632,15448,279,5,5,1,0,,2025-09-11 21:29:35
1633,15448,170,5,5,1,0,,2025-09-11 21:30:06
1634,15448,259,5,5,1,0,,2025-09-11 21:30:38
1635,15479,174,5,5,1,0,,2025-09-11 22:48:32
1636,15568,764,4,4,1,0,,2025-09-12 11:08:02
1637,15569,764,4,4,1,0,,2025-09-12 11:11:22
1638,15572,764,4,4,1,0,,2025-09-12 11:21:26
1639,15574,764,4,4,1,0,,2025-09-12 11:27:39
1640,15580,764,4,4,1,0,,2025-09-12 11:37:57
1641,15571,279,5,5,1,0,,2025-09-12 11:40:49
1642,15571,280,5,5,1,0,,2025-09-12 11:41:01
1643,15571,166,3,4,1,0,,2025-09-12 11:41:20
1644,15582,764,4,4,1,0,,2025-09-12 11:43:04
1646,15581,764,5,4,1,0,,2025-09-12 11:52:19
1647,15598,764,4,4,1,0,,2025-09-12 13:02:06
1648,15602,764,4,4,1,0,,2025-09-12 13:16:27
1649,15607,764,5,4,1,0,,2025-09-12 13:30:29
1650,15618,166,3,4,1,0,,2025-09-12 14:37:19
1651,15618,279,5,5,1,0,,2025-09-12 14:37:34
1652,15660,258,5,5,1,0,,2025-09-12 18:05:02
1653,15683,166,2,1,1,0,,2025-09-12 20:08:07
1654,15683,279,3,2,1,0,,2025-09-12 20:08:17
1655,15703,764,4,4,1,0,,2025-09-12 21:26:39
1656,15609,764,4,4,1,0,,2025-09-12 21:30:16
1657,15772,170,4,5,1,0,,2025-09-13 02:25:43
1658,15772,279,5,5,1,0,,2025-09-13 02:26:08
1659,15820,279,5,3,1,0,,2025-09-13 10:17:25
1660,15820,170,4,4,1,0,,2025-09-13 10:17:44
1661,15845,764,4,4,1,0,,2025-09-13 11:26:01
1662,15843,764,4,4,1,0,,2025-09-13 11:32:43
1663,15892,764,4,4,1,0,,2025-09-13 13:41:58
1664,15897,764,3,4,1,0,,2025-09-13 14:00:05
1665,15904,764,4,4,1,0,,2025-09-13 14:06:31
1666,15907,764,4,4,1,0,,2025-09-13 14:13:48
1667,15910,764,4,4,1,0,2025-09-13 14:24:14,2025-09-13 14:18:09
1668,15937,279,4,4,1,0,,2025-09-13 15:55:10
1669,15937,166,2,3,1,0,,2025-09-13 15:55:35
1670,15962,170,3,5,1,0,,2025-09-13 16:50:49
1671,15962,279,5,5,1,0,,2025-09-13 16:51:02
1672,15982,170,5,5,1,0,,2025-09-13 17:46:05
1673,15982,279,5,5,1,0,,2025-09-13 17:46:21
1674,15984,166,5,5,1,0,,2025-09-13 17:57:50
1675,15984,279,5,5,1,0,,2025-09-13 17:57:58
1676,16013,166,4,4,1,0,,2025-09-13 20:10:45
1677,16013,279,4,4,1,0,,2025-09-13 20:11:00
1678,16013,258,4,4,1,0,,2025-09-13 20:11:11
1679,16111,279,5,4,1,0,,2025-09-14 01:17:40
1680,16111,166,5,5,1,0,,2025-09-14 01:17:50
1681,16111,78,5,1,1,0,,2025-09-14 01:18:04
1682,16121,279,5,5,1,0,,2025-09-14 01:23:54
1683,16121,170,3,5,1,0,,2025-09-14 01:24:08
1684,16197,166,5,5,1,0,,2025-09-14 11:49:44
1685,16197,279,5,5,1,0,,2025-09-14 11:49:52
1686,16247,279,3,4,1,0,,2025-09-14 13:54:03
1687,16351,166,2,3,1,0,,2025-09-14 19:13:25
1688,16351,279,5,4,1,0,,2025-09-14 19:13:53
1689,16371,73,5,5,1,0,,2025-09-14 20:02:09
1690,16371,279,5,5,1,0,,2025-09-14 20:02:23
1691,16371,280,5,5,1,0,,2025-09-14 20:02:32
1692,16371,170,5,5,1,0,,2025-09-14 20:02:45
1693,16404,170,5,5,1,0,,2025-09-14 21:49:57
1694,16404,444,5,5,1,0,,2025-09-14 21:50:36
1695,16404,279,5,5,1,0,,2025-09-14 21:50:55
1697,16416,765,4,4,1,0,,2025-09-14 22:00:52
1698,16439,166,5,5,1,0,,2025-09-14 22:41:07
1699,16439,279,5,5,1,0,,2025-09-14 22:41:16
1700,16439,422,5,5,1,0,,2025-09-14 22:41:23
1701,14644,166,4,5,1,0,,2025-09-14 23:08:58
1702,14644,279,5,5,1,0,,2025-09-14 23:09:11
1704,16605,771,5,5,1,0,,2025-09-15 11:26:06
1705,16616,764,4,4,1,0,,2025-09-15 11:44:54
1706,16620,764,4,4,1,0,,2025-09-15 11:51:42
1707,16639,764,4,3,1,0,,2025-09-15 12:13:00
1708,16640,764,5,5,1,0,,2025-09-15 12:17:57
1709,16630,279,5,5,1,0,,2025-09-15 13:07:21
1710,16630,166,5,5,1,0,,2025-09-15 13:07:35
1711,16630,431,5,5,1,0,,2025-09-15 13:07:45
1712,16663,764,4,3,1,0,,2025-09-15 13:16:27
1713,16666,764,4,4,1,0,,2025-09-15 13:19:06
1714,16700,764,5,5,1,0,,2025-09-15 15:43:20
1715,16704,166,2,3,1,0,,2025-09-15 16:23:13
1716,16704,279,4,4,1,0,,2025-09-15 16:23:43
1717,16704,258,5,5,1,0,,2025-09-15 16:23:53
1718,16723,764,5,5,1,0,,2025-09-15 16:42:13
1719,16725,764,4,4,1,0,,2025-09-15 16:55:26
1720,16728,764,5,5,1,0,,2025-09-15 17:00:31
1721,16727,279,5,5,1,0,,2025-09-15 17:30:11
1722,16727,166,4,5,1,0,,2025-09-15 17:30:30
1723,16785,764,4,4,1,0,,2025-09-15 21:11:28
1724,16874,780,5,5,1,0,,2025-09-16 01:08:43
1725,16865,166,5,5,1,0,,2025-09-16 10:01:46
1726,16865,279,5,5,1,0,,2025-09-16 10:01:57
1727,17020,764,4,4,1,0,,2025-09-16 13:27:53
1728,17065,764,5,4,1,0,,2025-09-16 15:53:05
1729,17075,764,5,5,1,0,,2025-09-16 16:11:22
1730,17088,764,5,5,1,0,,2025-09-16 16:49:55
1731,17093,764,4,4,1,0,,2025-09-16 16:57:40
1732,17096,764,4,4,1,0,,2025-09-16 17:01:30
1733,17103,764,4,4,1,0,,2025-09-16 17:11:04
1734,17105,764,5,4,1,0,,2025-09-16 17:17:08
1735,17107,764,5,5,1,0,,2025-09-16 17:19:01
1736,17108,764,4,4,1,0,,2025-09-16 17:22:07
1737,17172,166,4,5,1,0,,2025-09-16 22:06:29
1738,17172,279,5,5,1,0,,2025-09-16 22:06:40
1739,17172,71,5,2,1,0,,2025-09-16 22:06:52
1740,17227,772,4,5,1,0,,2025-09-16 22:14:37
1741,17245,766,5,5,1,0,,2025-09-16 22:20:01
1742,17245,279,5,5,1,0,,2025-09-16 22:20:23
1743,17245,488,5,5,1,0,,2025-09-16 22:20:35
1744,17245,229,5,5,1,0,,2025-09-16 22:21:12
1745,17229,279,4,5,1,0,,2025-09-16 23:56:50
1746,17229,166,4,5,1,0,,2025-09-16 23:57:09
1747,17229,721,4,5,1,0,,2025-09-16 23:57:31
1748,17279,279,5,5,1,0,,2025-09-17 00:52:29
1749,17279,166,4,5,1,0,,2025-09-17 00:52:50
1750,17279,772,5,5,1,0,,2025-09-17 00:53:07
1751,17303,444,5,5,1,0,,2025-09-17 07:59:18
1752,17303,279,5,5,1,0,,2025-09-17 07:59:34
1753,17303,166,2,1,1,0,,2025-09-17 07:59:52
1754,17374,764,4,4,1,0,,2025-09-17 12:24:23
1755,17417,764,5,4,1,0,,2025-09-17 14:35:36
1756,17421,764,4,5,1,0,,2025-09-17 14:44:50
1757,17426,764,4,5,1,0,,2025-09-17 15:02:43
1758,17435,764,5,4,1,0,,2025-09-17 15:13:58
1759,17458,764,5,5,1,0,,2025-09-17 15:59:20
1760,17447,166,4,5,1,0,,2025-09-17 16:02:37
1761,17447,279,5,5,1,0,,2025-09-17 16:02:48
1762,17461,765,4,4,1,0,,2025-09-17 16:02:55
1763,17447,258,5,5,1,0,,2025-09-17 16:03:02
1764,17447,443,5,5,1,0,,2025-09-17 16:03:13
1765,17464,764,4,4,1,0,,2025-09-17 16:09:24
1766,17486,764,4,3,1,0,,2025-09-17 16:45:54
1767,17494,764,4,5,1,0,,2025-09-17 16:59:55
1768,17534,166,4,4,1,0,,2025-09-17 19:28:00
1769,17534,279,5,4,1,0,,2025-09-17 19:28:13
1770,17551,330,5,2,1,0,,2025-09-17 20:05:15
1771,17551,166,4,4,1,0,,2025-09-17 20:05:36
1772,17551,279,4,4,1,0,,2025-09-17 20:05:50
1773,17551,764,4,4,1,0,,2025-09-17 20:06:07
1774,17567,764,4,4,1,0,,2025-09-17 21:05:10
1775,17754,764,5,5,1,0,,2025-09-18 11:25:55
1776,17765,764,4,4,1,0,,2025-09-18 12:17:01
1777,17771,764,4,4,1,0,,2025-09-18 12:30:35
1778,17774,764,4,5,1,0,,2025-09-18 12:36:27
1779,17778,764,5,4,1,0,,2025-09-18 12:43:30
1780,17780,764,4,4,1,0,,2025-09-18 12:54:04
1781,17789,764,5,5,1,0,,2025-09-18 13:12:04
1782,17788,764,5,5,1,0,,2025-09-18 13:13:53
1783,17823,764,4,4,1,0,,2025-09-18 14:52:01
1784,17861,764,4,4,1,0,,2025-09-18 16:02:08
1785,17856,764,4,4,1,0,,2025-09-18 16:03:44
1787,17844,781,5,5,1,0,,2025-09-18 16:10:42
1788,17898,764,4,4,1,0,,2025-09-18 17:24:15
1789,17959,166,4,5,1,0,,2025-09-18 20:01:59
1790,17959,330,5,5,1,0,,2025-09-18 20:05:13
1791,17959,681,5,3,1,0,,2025-09-18 20:05:27
1792,17959,279,3,2,1,0,,2025-09-18 20:05:42
1793,17971,166,5,5,1,0,,2025-09-18 20:30:59
1794,17982,280,5,4,1,0,,2025-09-18 20:43:58
1795,17982,166,2,4,1,0,,2025-09-18 20:45:00
1796,17995,764,4,4,1,0,,2025-09-18 21:05:44
1797,18064,166,5,5,1,0,,2025-09-19 07:08:03
1798,18064,279,5,5,1,0,,2025-09-19 07:08:13
1799,18064,71,3,1,1,0,,2025-09-19 07:08:23
1800,18155,764,4,4,1,0,,2025-09-19 11:30:11
1801,18163,764,4,5,1,0,,2025-09-19 11:51:31
1802,18166,764,5,4,1,0,,2025-09-19 12:00:51
1803,18170,764,5,4,1,0,,2025-09-19 12:05:13
1804,18172,764,5,5,1,0,,2025-09-19 12:13:37
1805,18167,764,5,5,1,0,,2025-09-19 12:18:11
1806,18178,764,4,4,1,0,,2025-09-19 12:23:15
1807,18195,166,3,4,1,0,,2025-09-19 13:22:30
1808,18195,279,5,3,1,0,,2025-09-19 13:22:48
1809,18195,444,5,3,1,0,,2025-09-19 13:23:15
1810,18217,764,4,5,1,0,,2025-09-19 14:13:14
1811,18221,764,4,4,1,0,,2025-09-19 14:18:54
1812,18225,764,4,5,1,0,,2025-09-19 14:30:15
1813,18232,166,4,4,1,0,,2025-09-19 14:45:01
1814,18237,279,5,5,1,0,,2025-09-19 15:12:23
1815,18237,166,4,5,1,0,,2025-09-19 15:12:40
1816,18270,764,5,4,1,0,,2025-09-19 16:39:41
1817,18266,764,5,5,1,0,,2025-09-19 16:43:37
1818,18381,764,5,5,1,0,,2025-09-20 01:45:15
1819,17703,269,4,5,1,0,,2025-09-20 11:44:55
1820,17703,279,5,5,1,0,2025-09-20 11:46:15,2025-09-20 11:45:23
1821,18477,166,5,5,1,0,,2025-09-20 12:06:38
1822,18477,258,5,5,1,0,,2025-09-20 12:07:20
1823,18477,279,5,5,1,0,,2025-09-20 12:07:32
1824,18485,279,5,5,1,0,,2025-09-20 12:37:04
1825,18485,166,3,4,1,0,,2025-09-20 12:37:35
1827,16812,279,4,5,1,0,,2025-09-20 13:14:43
1828,16812,166,4,5,1,0,,2025-09-20 13:15:03
1829,18574,279,5,5,1,0,,2025-09-20 17:08:47
1830,18574,280,5,5,1,0,,2025-09-20 17:08:56
1831,18574,166,3,5,1,0,,2025-09-20 17:09:06
1832,18591,166,4,4,1,0,,2025-09-20 18:24:43
1833,18591,279,5,5,1,0,,2025-09-20 18:24:57
1834,18626,166,5,5,1,0,,2025-09-20 19:49:48
1835,18702,764,3,5,1,0,,2025-09-21 00:30:00
1836,18652,166,5,5,1,0,,2025-09-21 10:20:14
1837,18652,279,5,5,1,0,,2025-09-21 10:20:28
1838,18652,42,5,5,1,0,,2025-09-21 10:20:41
1839,18652,71,5,5,1,0,,2025-09-21 10:21:14
1840,18780,166,4,5,1,0,,2025-09-21 11:33:16
1841,18780,279,5,5,1,0,,2025-09-21 11:33:26
1842,18788,166,3,3,1,0,,2025-09-21 11:47:04
1843,18788,279,5,3,1,0,,2025-09-21 11:47:13
1844,12131,279,5,5,1,0,,2025-09-21 12:43:19
1845,12131,166,3,5,1,0,,2025-09-21 12:43:39
1846,8702,166,5,5,1,0,,2025-09-21 13:16:53
1847,8702,279,5,5,1,0,,2025-09-21 13:17:01
1848,8702,280,5,5,1,0,,2025-09-21 13:17:11
1849,8702,258,5,5,1,0,,2025-09-21 13:17:20
1850,18816,279,5,5,1,0,,2025-09-21 13:38:57
1851,18816,166,3,5,1,0,,2025-09-21 13:39:09
1852,19101,764,5,5,1,0,,2025-09-22 11:05:14
1853,19108,166,5,5,1,0,,2025-09-22 11:24:15
1854,19108,279,5,4,1,0,,2025-09-22 11:24:36
1855,19137,764,4,5,1,0,,2025-09-22 12:23:58
1856,19133,764,4,5,1,0,,2025-09-22 12:35:06
1857,19155,764,5,5,1,0,,2025-09-22 12:54:44
1858,19145,166,5,4,1,0,,2025-09-22 13:10:53
1859,19145,279,5,5,1,0,,2025-09-22 13:11:04
1860,19145,73,5,1,1,0,,2025-09-22 13:11:24
1861,19165,764,4,4,1,0,,2025-09-22 13:13:02
1862,19168,764,4,4,1,0,,2025-09-22 13:17:35
1863,19172,764,4,4,1,0,,2025-09-22 13:21:39
1864,19166,764,4,4,1,0,,2025-09-22 13:26:13
1865,19190,764,4,4,1,0,,2025-09-22 13:57:19
1866,19169,279,5,4,1,0,,2025-09-22 14:33:14
1867,19169,170,3,4,1,0,,2025-09-22 14:33:49
1868,19193,279,5,5,1,0,,2025-09-22 14:41:09
1869,19193,166,1,5,1,0,,2025-09-22 14:41:30
1870,19240,764,5,4,1,0,,2025-09-22 16:11:39
1871,19286,772,2,3,1,0,,2025-09-22 18:55:31
1872,19325,779,4,4,1,0,,2025-09-22 21:05:21
1873,19345,764,5,5,1,0,,2025-09-22 21:55:41
1874,19382,166,3,4,1,0,,2025-09-22 23:12:46
1875,19382,279,5,5,1,0,,2025-09-22 23:12:58
1876,19422,170,5,5,1,0,,2025-09-23 01:06:20
1877,19422,279,5,4,1,0,,2025-09-23 01:06:36
1878,19422,73,5,2,1,0,,2025-09-23 01:07:02
1879,19422,444,4,4,1,0,,2025-09-23 01:07:20
1880,19483,764,4,4,1,0,,2025-09-23 11:17:29
1881,19482,764,3,3,1,0,,2025-09-23 11:21:11
1882,19507,764,3,5,1,0,,2025-09-23 12:11:48
1883,19516,764,4,4,1,0,,2025-09-23 12:29:23
1884,19517,764,5,5,1,0,,2025-09-23 12:32:25
1885,19521,764,4,5,1,0,,2025-09-23 12:49:23
1886,19528,764,4,4,1,0,,2025-09-23 13:00:18
1887,19538,764,4,4,1,0,,2025-09-23 13:33:19
1888,19577,764,4,4,1,0,,2025-09-23 14:52:16
1889,19571,776,4,5,1,0,,2025-09-23 15:01:01
1891,19597,764,4,4,1,0,,2025-09-23 15:42:54
1892,19612,764,4,4,1,0,,2025-09-23 16:29:10
1893,19619,764,4,4,1,0,,2025-09-23 16:41:46
1894,19613,764,4,4,1,0,,2025-09-23 16:46:02
1895,19718,71,5,5,1,0,,2025-09-23 22:43:08
1896,19716,279,5,5,1,0,,2025-09-23 23:08:51
1897,19716,166,3,4,1,0,,2025-09-23 23:09:22
1898,19675,764,4,4,1,0,,2025-09-24 11:25:49
1899,19872,764,5,5,1,0,,2025-09-24 11:30:15
1900,19879,764,5,5,1,0,,2025-09-24 11:39:36
1901,19892,170,4,5,1,0,,2025-09-24 12:36:29
1902,19892,279,5,5,1,0,,2025-09-24 12:36:42
1903,19912,764,4,4,1,0,,2025-09-24 13:21:00
1904,19915,764,4,4,1,0,,2025-09-24 13:30:00
1905,19921,764,4,4,1,0,,2025-09-24 13:40:02
1906,19906,764,4,4,1,0,,2025-09-24 13:52:20
1907,19953,764,4,4,1,0,,2025-09-24 15:31:33
1908,19973,71,5,5,1,0,,2025-09-24 16:40:45
1909,19973,166,3,4,1,0,,2025-09-24 16:41:12
1910,19985,764,3,3,1,0,,2025-09-24 17:00:33
1911,19989,764,4,4,1,0,,2025-09-24 17:02:43
1912,20051,166,3,4,1,0,,2025-09-24 20:53:01
1913,20051,721,5,5,1,0,,2025-09-24 20:53:11
1914,19994,764,4,4,1,0,,2025-09-24 21:47:27
1915,20203,764,4,4,1,0,,2025-09-25 10:47:28
1916,20200,764,4,4,1,0,,2025-09-25 10:52:13
1917,20201,764,4,4,1,0,,2025-09-25 10:54:58
1918,20223,764,4,4,1,0,,2025-09-25 12:09:34
1919,20229,166,4,4,1,0,,2025-09-25 12:54:08
1920,20229,279,5,5,1,0,,2025-09-25 12:54:18
1921,20252,764,5,5,1,0,,2025-09-25 13:32:15
1922,20261,764,4,4,1,0,,2025-09-25 13:36:27
1923,20264,764,3,4,1,0,,2025-09-25 13:40:24
1924,20278,764,4,4,1,0,,2025-09-25 14:40:16
1925,20289,764,4,3,1,0,,2025-09-25 15:10:26
1926,20275,166,5,5,1,0,,2025-09-25 15:12:11
1927,20275,279,5,5,1,0,,2025-09-25 15:12:23
1928,20300,764,4,4,1,0,,2025-09-25 15:56:16
1929,20401,764,5,5,1,0,,2025-09-25 21:10:55
1930,20403,764,5,4,1,0,,2025-09-25 22:20:09
1931,20460,279,5,5,1,0,,2025-09-26 01:10:23
1932,20460,166,5,5,1,0,,2025-09-26 01:10:32
1933,20460,674,4,1,1,0,,2025-09-26 01:10:42
1934,20483,166,4,5,1,0,,2025-09-26 07:11:11
1935,20603,166,4,5,1,0,,2025-09-26 13:56:38
1936,20603,279,5,5,1,0,,2025-09-26 13:56:46
1937,20603,280,5,5,1,0,,2025-09-26 13:56:56
1938,20623,764,4,4,1,0,,2025-09-26 14:32:00
1939,20548,170,4,4,1,0,,2025-09-26 14:56:57
1940,20548,279,5,5,1,0,,2025-09-26 14:57:17
1941,20548,280,5,5,1,0,,2025-09-26 14:57:51
1942,20548,444,5,5,1,0,,2025-09-26 14:57:59
1943,20548,771,4,4,1,0,,2025-09-26 14:58:11
1944,20625,764,4,4,1,0,,2025-09-26 15:08:15
1945,20630,764,4,4,1,0,,2025-09-26 15:23:08
1947,20640,280,5,5,1,0,,2025-09-26 15:24:57
1948,20649,764,5,4,1,0,,2025-09-26 15:33:57
1949,20651,764,4,5,1,0,,2025-09-26 15:37:07
1950,20657,764,3,3,1,0,,2025-09-26 16:22:53
1951,20681,764,4,5,1,0,,2025-09-26 16:58:29
1952,20707,166,5,5,1,0,,2025-09-26 18:20:12
1953,20712,166,1,5,1,0,,2025-09-26 18:31:29
1954,20712,279,5,5,1,0,,2025-09-26 18:31:51
1955,20708,166,5,5,1,0,,2025-09-26 18:40:22
1956,20725,764,4,4,1,0,,2025-09-26 18:54:12
1957,21103,280,5,5,1,0,,2025-09-28 09:45:29
1958,21103,279,5,5,1,0,,2025-09-28 09:45:39
1959,21103,166,2,5,1,0,,2025-09-28 09:46:25
1960,21103,111,5,5,1,0,,2025-09-28 09:46:51
1961,21131,279,5,5,1,0,,2025-09-28 10:31:42
1962,21131,166,4,5,1,0,,2025-09-28 10:31:59
1963,21227,166,4,5,1,0,,2025-09-28 14:44:12
1964,21227,279,5,5,1,0,,2025-09-28 14:44:23
1965,21271,166,4,4,1,0,,2025-09-28 16:29:07
1966,21271,279,5,5,1,0,,2025-09-28 16:29:14
1967,21271,258,3,1,1,0,,2025-09-28 16:29:27
1968,21271,555,5,1,1,0,,2025-09-28 16:29:37
1969,21465,166,3,5,1,0,,2025-09-29 02:17:30
1970,21465,279,5,5,1,0,,2025-09-29 02:17:36
1972,21486,772,5,5,1,0,,2025-09-29 06:59:58
1973,21486,42,5,5,1,0,,2025-09-29 07:00:15
1974,20728,764,4,4,1,0,,2025-09-29 11:14:53
1975,21439,166,4,5,1,0,,2025-09-29 11:28:43
1976,21439,279,5,5,1,0,,2025-09-29 11:28:50
1977,21439,444,4,2,1,0,,2025-09-29 11:29:00
1978,21439,330,3,4,1,0,,2025-09-29 11:29:15
1979,21560,764,4,3,1,0,,2025-09-29 11:34:05
1980,21579,279,5,5,1,0,,2025-09-29 12:08:59
1981,21579,166,3,5,1,0,,2025-09-29 12:09:14
1982,21589,764,4,4,1,0,,2025-09-29 12:50:42
1983,21593,166,4,4,1,0,,2025-09-29 12:58:03
1984,21593,279,5,5,1,0,,2025-09-29 12:58:24
1985,21547,166,4,4,1,0,,2025-09-29 13:15:51
1986,21547,279,5,5,1,0,,2025-09-29 13:16:03
1987,21609,764,4,4,1,0,,2025-09-29 13:30:52
1988,21614,764,4,5,1,0,,2025-09-29 13:33:43
1989,21612,764,4,4,1,0,,2025-09-29 13:38:01
1990,21624,764,4,3,1,0,,2025-09-29 14:04:11
1991,21629,764,4,4,1,0,,2025-09-29 14:23:29
1992,21649,166,4,4,1,0,,2025-09-29 15:28:57
1993,21649,674,5,5,1,0,,2025-09-29 15:29:05
1994,21652,764,4,4,1,0,,2025-09-29 16:17:31
1995,21689,764,4,4,1,0,,2025-09-29 16:32:42
1996,21709,764,3,5,1,0,,2025-09-29 17:25:46
1997,21750,166,3,2,1,0,,2025-09-29 19:12:51
1998,21749,279,5,5,1,0,,2025-09-29 19:27:50
1999,21749,170,5,5,1,0,,2025-09-29 19:27:58
2001,21768,166,5,5,1,0,,2025-09-29 20:01:10
2002,21798,166,3,4,1,0,,2025-09-29 21:27:15
2003,21798,279,5,5,1,0,,2025-09-29 21:27:23
2004,21828,674,5,5,1,0,,2025-09-29 22:19:02
2005,21884,166,4,4,1,0,,2025-09-30 01:48:27
2006,21884,279,5,5,1,0,,2025-09-30 01:48:39
2007,21904,279,5,5,1,0,,2025-09-30 07:42:44
2008,21904,166,4,5,1,0,,2025-09-30 07:43:00
2009,21984,764,4,4,1,0,,2025-09-30 11:29:29
2010,21994,764,4,4,1,0,,2025-09-30 11:51:55
2011,21998,764,4,4,1,0,,2025-09-30 12:05:14
2012,22011,764,4,4,1,0,,2025-09-30 12:39:11
2013,22007,764,4,4,1,0,,2025-09-30 12:42:09
2014,22033,280,4,4,1,0,,2025-09-30 13:42:40
2015,22033,166,3,5,1,0,,2025-09-30 13:43:01
2016,22037,279,5,5,1,0,,2025-09-30 13:43:49
2017,22037,170,4,4,1,0,,2025-09-30 13:44:12
2019,22042,170,3,3,1,0,,2025-09-30 14:04:36
2020,22042,280,5,5,1,0,,2025-09-30 14:04:54
2021,22042,313,1,1,1,0,,2025-09-30 14:05:06
2022,22059,764,4,4,1,0,,2025-09-30 14:42:13
2023,22058,764,4,4,1,0,,2025-09-30 14:44:22
2024,22082,764,4,4,1,0,,2025-09-30 16:51:54
2025,22126,779,4,4,1,0,,2025-10-01 11:38:31
2026,22128,764,4,3,1,0,,2025-10-01 11:40:49
2027,22152,764,4,4,1,0,,2025-10-01 13:06:35
2028,22161,764,3,4,1,0,,2025-10-01 14:33:41
2029,22163,764,4,4,1,0,,2025-10-01 14:40:51
2030,22164,764,4,4,1,0,,2025-10-01 14:57:32
2031,22170,764,3,4,1,0,,2025-10-01 15:11:52
2032,22200,764,3,4,1,0,,2025-10-01 16:40:03
2033,22204,764,4,4,1,0,,2025-10-01 16:43:21
2034,22220,166,5,5,1,0,,2025-10-01 18:24:28
2035,22264,764,4,4,1,0,,2025-10-01 23:06:42
2037,22361,78,5,5,1,0,,2025-10-02 08:42:43
2038,22361,279,5,5,1,0,,2025-10-02 08:43:02
2039,22361,166,5,5,1,0,,2025-10-02 08:43:27
2040,22521,166,5,5,1,0,,2025-10-02 16:16:45
2041,22521,279,5,5,1,0,,2025-10-02 16:16:58
2042,22521,78,5,5,1,0,,2025-10-02 16:17:05
2043,22576,764,5,5,1,0,,2025-10-02 19:23:14
2044,22604,166,4,5,1,0,,2025-10-02 21:02:58
2045,22604,279,5,5,1,0,,2025-10-02 21:03:11
2046,22643,279,5,5,1,0,,2025-10-02 23:04:30
2047,22643,166,5,5,1,0,,2025-10-02 23:04:38
2048,22643,721,5,5,1,0,,2025-10-02 23:04:49
2050,22893,166,4,4,1,0,,2025-10-03 16:19:18
2051,22893,279,5,2,1,0,,2025-10-03 16:19:29
2052,22893,545,5,1,1,0,,2025-10-03 16:19:40
2053,23071,78,5,5,1,0,,2025-10-04 00:10:48
2054,23071,279,5,5,1,0,,2025-10-04 00:11:01
2055,23071,166,3,5,1,0,,2025-10-04 00:11:16
2056,23079,166,5,5,1,0,,2025-10-04 00:52:39
2057,23079,279,5,5,1,0,,2025-10-04 00:52:53
2058,23116,166,4,5,1,0,,2025-10-04 05:54:00
2059,23128,279,5,5,1,0,,2025-10-04 08:22:45
2060,23128,170,1,5,1,0,,2025-10-04 08:23:11
2061,23049,166,2,4,1,0,,2025-10-04 09:48:17
2062,23049,279,5,4,1,0,,2025-10-04 09:48:28
2063,22760,166,5,5,1,0,,2025-10-04 10:40:31
2064,22760,279,5,5,1,0,,2025-10-04 10:40:44
2065,22760,545,5,5,1,0,,2025-10-04 10:40:54
2066,23166,764,5,4,1,0,,2025-10-04 11:25:10
2067,23162,764,3,3,1,0,,2025-10-04 11:27:48
2068,23175,764,4,4,1,0,,2025-10-04 12:05:43
2069,23184,764,4,4,1,0,,2025-10-04 13:07:43
2070,23183,764,4,4,1,0,,2025-10-04 13:09:42
2071,23210,764,4,5,1,0,,2025-10-04 15:00:00
2073,23218,764,5,5,1,0,,2025-10-04 15:13:17
2074,23212,166,5,5,1,0,,2025-10-04 15:15:52
2075,23212,279,5,5,1,0,,2025-10-04 15:16:01
2076,23212,363,5,5,1,0,,2025-10-04 15:16:16
2077,13491,166,4,5,1,0,,2025-10-04 17:39:53
2078,23251,764,4,4,1,0,,2025-10-04 17:45:27
2079,23254,764,4,4,1,0,,2025-10-04 17:53:16
2080,23257,764,4,4,1,0,,2025-10-04 17:58:55
2081,23419,166,5,5,1,0,,2025-10-05 09:27:18
2082,23419,279,5,5,1,0,,2025-10-05 09:27:31
2083,23441,279,4,5,1,0,,2025-10-05 10:58:40
2084,23441,766,3,4,1,0,,2025-10-05 10:59:03
2085,23450,182,4,4,1,0,,2025-10-05 12:27:01
2086,23450,279,5,5,1,0,,2025-10-05 12:27:19
2087,23570,166,3,5,1,0,,2025-10-05 19:05:06
2088,23570,765,5,5,1,0,,2025-10-05 19:05:19
2089,23644,279,5,5,1,0,,2025-10-06 09:14:15
2090,23644,258,5,5,1,0,,2025-10-06 09:14:24
2091,23644,444,4,4,1,0,,2025-10-06 09:14:33
2092,23644,166,3,3,1,0,,2025-10-06 09:14:41
2093,23768,764,5,5,1,0,,2025-10-06 11:22:34
2094,23771,166,3,5,1,0,,2025-10-06 11:40:13
2095,23771,279,5,5,1,0,,2025-10-06 11:40:22
2096,23771,630,2,3,1,0,,2025-10-06 11:40:34
2097,23781,764,4,4,1,0,,2025-10-06 12:00:20
2098,23799,764,3,3,1,0,,2025-10-06 12:50:57
2099,23813,764,4,4,1,0,,2025-10-06 13:14:28
2100,23840,764,4,4,1,0,,2025-10-06 14:14:19
2101,23807,764,4,4,1,0,,2025-10-06 14:15:41
2102,23863,764,4,5,1,0,,2025-10-06 14:58:43
2103,23875,764,4,4,1,0,,2025-10-06 15:26:27
2104,23885,764,4,5,1,0,,2025-10-06 15:37:32
2105,23893,764,4,4,1,0,,2025-10-06 15:52:22
2106,23998,166,5,5,1,0,,2025-10-06 20:26:11
2107,23998,279,5,5,1,0,,2025-10-06 20:26:23
2108,23929,764,4,4,1,0,,2025-10-06 21:40:04
2109,22267,166,4,4,1,0,,2025-10-06 21:42:47
2110,24063,764,4,3,1,0,,2025-10-06 21:43:28
2111,24071,764,4,5,1,0,,2025-10-06 21:49:09
2112,14631,166,5,5,1,0,,2025-10-06 23:29:12
2113,14631,279,5,5,1,0,,2025-10-06 23:29:19
2114,24188,279,5,5,1,0,,2025-10-07 08:14:58
2115,24188,166,3,5,1,0,,2025-10-07 08:15:07
2116,24272,71,5,4,1,0,,2025-10-07 11:22:15
2117,24272,166,5,5,1,0,,2025-10-07 11:22:27
2118,24272,279,5,5,1,0,,2025-10-07 11:22:36
2119,24285,764,5,4,1,0,,2025-10-07 11:35:42
2120,24304,170,3,4,1,0,,2025-10-07 12:23:35
2121,24304,783,5,5,1,0,,2025-10-07 12:23:54
2122,24295,313,3,3,1,0,,2025-10-07 12:29:15
2123,24295,166,4,5,1,0,,2025-10-07 12:29:27
2124,24295,279,5,5,1,0,,2025-10-07 12:29:36
2125,24295,71,4,1,1,0,,2025-10-07 12:29:54
2126,24315,764,4,4,1,0,,2025-10-07 12:37:32
2127,24320,764,4,4,1,0,,2025-10-07 12:45:21
2128,24334,764,5,4,1,0,,2025-10-07 13:06:38
2129,24346,764,4,4,1,0,,2025-10-07 13:51:27
2130,24355,764,4,4,1,0,,2025-10-07 14:08:41
2131,24359,279,5,5,1,0,,2025-10-07 14:15:46
2132,24358,764,4,4,1,0,,2025-10-07 14:24:44
2133,24368,764,4,3,1,0,,2025-10-07 14:34:06
2134,24374,764,4,4,1,0,,2025-10-07 14:41:53
2135,24376,764,4,4,1,0,,2025-10-07 14:50:50
2136,24377,764,4,4,1,0,,2025-10-07 14:52:12
2137,24386,166,4,5,1,0,,2025-10-07 15:03:26
2138,24386,279,5,5,1,0,,2025-10-07 15:03:39
2139,24386,269,5,5,1,0,,2025-10-07 15:03:48
2140,24463,166,4,5,1,0,,2025-10-07 18:27:37
2141,24463,279,5,4,1,0,,2025-10-07 18:27:52
2142,24463,280,5,5,1,0,,2025-10-07 18:28:03
2143,24534,510,5,5,1,0,,2025-10-07 20:18:00
2144,24545,166,2,5,1,0,,2025-10-07 21:01:13
2145,24562,259,5,5,1,0,,2025-10-07 21:10:44
2146,24562,279,5,5,1,0,,2025-10-07 21:11:00
2147,24562,170,4,4,1,0,,2025-10-07 21:11:15
2148,24648,166,4,5,1,0,,2025-10-07 23:50:34
2149,24648,279,5,5,1,0,,2025-10-07 23:50:53
2150,24648,280,5,5,1,0,,2025-10-07 23:50:59
2151,24714,764,4,4,1,0,,2025-10-08 13:25:02
2152,24715,784,4,4,1,0,,2025-10-08 13:37:16
2153,24716,764,4,4,1,0,,2025-10-08 13:47:58
2154,24726,764,4,4,1,0,,2025-10-08 14:24:54
2155,24745,764,4,4,1,0,,2025-10-08 15:07:09
2156,24743,764,4,4,1,0,,2025-10-08 15:24:28
2157,24770,764,4,4,1,0,,2025-10-08 15:48:52
2158,24794,764,4,4,1,0,,2025-10-08 16:38:17
2159,24793,764,4,4,1,0,,2025-10-08 16:40:32
2160,24797,764,3,4,1,0,,2025-10-08 16:50:28
2161,24963,166,5,5,1,0,,2025-10-08 22:07:46
2162,24963,279,5,5,1,0,,2025-10-08 22:07:55
2163,24963,510,5,5,1,0,,2025-10-08 22:08:11
2165,25114,279,5,5,1,0,,2025-10-09 10:26:41
2166,25114,258,5,5,1,0,,2025-10-09 10:26:50
2167,25114,166,4,4,1,0,,2025-10-09 10:27:03
2168,24978,764,4,4,1,0,,2025-10-09 10:44:57
2169,25119,764,3,3,1,0,,2025-10-09 10:54:27
2170,23501,166,4,5,1,0,,2025-10-09 11:07:23
2171,25129,764,4,5,1,0,,2025-10-09 11:15:28
2172,25135,779,4,4,1,0,,2025-10-09 11:26:34
2173,25135,764,4,4,1,0,,2025-10-09 11:28:04
2174,25138,764,4,5,1,0,,2025-10-09 11:38:46
2175,25147,764,5,5,1,0,,2025-10-09 12:19:09
2176,25148,764,4,4,1,0,,2025-10-09 12:21:00
2177,25159,764,4,4,1,0,,2025-10-09 13:08:33
2178,25162,764,4,4,1,0,,2025-10-09 13:13:44
2179,25169,764,4,4,1,0,,2025-10-09 13:32:09
2180,25172,764,4,4,1,0,,2025-10-09 13:35:14
2181,25173,764,3,4,1,0,,2025-10-09 13:39:09
2182,25170,764,4,4,1,0,,2025-10-09 13:43:42
2183,25213,166,5,5,1,0,,2025-10-09 16:03:39
2184,25213,279,5,2,1,0,,2025-10-09 16:03:53
2185,25213,71,5,5,1,0,,2025-10-09 16:04:08
2186,45,170,5,5,1,0,,2025-10-09 18:05:09
2187,23919,166,5,5,1,0,,2025-10-09 20:01:38
2188,23919,279,4,5,1,0,,2025-10-09 20:01:45
2189,20476,170,2,3,1,0,,2025-10-09 20:14:05
2190,20476,259,5,5,1,0,,2025-10-09 20:14:17
2191,20476,279,5,5,1,0,,2025-10-09 20:14:27
2192,25317,166,4,5,1,0,,2025-10-09 20:35:24
2193,25317,279,5,4,1,0,,2025-10-09 20:37:49
2194,25321,170,5,5,1,0,,2025-10-09 20:51:06
2195,25409,166,5,5,1,0,,2025-10-10 00:20:40
2196,25409,279,5,5,1,0,,2025-10-10 00:20:52
2197,25409,337,5,4,1,0,,2025-10-10 00:21:05
2198,25409,721,5,3,1,0,,2025-10-10 00:21:15
2199,25500,764,4,4,1,0,,2025-10-10 11:06:23
2200,25509,279,5,5,1,0,,2025-10-10 11:41:33
2201,25509,170,5,5,1,0,,2025-10-10 11:41:50
2202,25527,764,5,5,1,0,,2025-10-10 12:09:03
2203,25526,166,3,5,1,0,,2025-10-10 12:11:42
2204,25530,170,5,5,1,0,,2025-10-10 12:17:54
2205,25530,279,5,5,1,0,,2025-10-10 12:18:15
2206,25530,419,5,5,1,0,,2025-10-10 12:18:35
2207,25542,764,4,4,1,0,,2025-10-10 12:54:32
2208,25540,764,4,4,1,0,,2025-10-10 12:59:15
2209,25538,764,4,4,1,0,,2025-10-10 13:09:57
2210,25583,764,4,4,1,0,,2025-10-10 14:32:04
2211,25589,764,4,4,1,0,,2025-10-10 14:52:56
2212,25584,764,4,4,1,0,,2025-10-10 14:55:16
2213,25607,764,4,4,1,0,,2025-10-10 15:09:48
2214,25615,764,4,4,1,0,,2025-10-10 15:48:11
2215,25616,764,4,4,1,0,,2025-10-10 15:52:20
2216,25761,765,4,5,1,0,,2025-10-10 23:38:47
2217,25771,279,5,5,1,0,,2025-10-11 00:16:19
2218,25771,166,5,5,1,0,,2025-10-11 00:16:26
2219,25771,258,5,5,1,0,,2025-10-11 00:16:33
2220,25771,616,5,1,1,0,,2025-10-11 00:16:52
2221,25788,444,4,4,1,0,,2025-10-11 01:58:43
2222,25861,764,4,5,1,0,,2025-10-11 12:06:02
2223,25865,764,4,4,1,0,,2025-10-11 12:09:29
2224,25868,764,4,4,1,0,,2025-10-11 12:19:07
2225,25867,764,4,4,1,0,,2025-10-11 12:26:11
2226,25872,764,4,4,1,0,,2025-10-11 12:30:31
2227,25870,764,4,4,1,0,,2025-10-11 12:42:36
2228,25876,764,5,5,1,0,,2025-10-11 12:51:10
2229,25879,764,4,5,1,0,,2025-10-11 12:58:10
2230,25882,764,4,4,1,0,,2025-10-11 13:01:26
2231,25890,764,4,4,1,0,,2025-10-11 13:11:52
2232,25885,764,4,4,1,0,,2025-10-11 13:14:52
2233,25899,764,4,4,1,0,,2025-10-11 13:27:18
2234,25898,764,5,4,1,0,,2025-10-11 13:33:51
2235,25909,280,5,5,1,0,,2025-10-11 14:45:41
2236,25909,166,3,5,1,0,,2025-10-11 14:46:04
2237,25909,78,3,2,1,0,,2025-10-11 14:46:24
2238,25926,280,5,5,1,0,,2025-10-11 15:02:17
2239,25926,170,5,5,1,0,,2025-10-11 15:02:27
2240,26217,166,5,5,1,0,,2025-10-12 14:58:05
2241,26217,280,5,4,1,0,,2025-10-12 14:58:22
2242,26217,721,5,4,1,0,,2025-10-12 14:58:36
2243,26237,166,5,5,1,0,,2025-10-12 15:29:06
2244,26262,166,5,5,1,0,,2025-10-12 17:01:29
2245,26262,279,5,5,1,0,,2025-10-12 17:01:37
2246,26262,444,5,5,1,0,,2025-10-12 17:01:48
2247,26262,510,5,3,1,0,,2025-10-12 17:02:00
2248,26262,630,4,2,1,0,,2025-10-12 17:02:12
2249,26270,279,5,5,1,0,,2025-10-12 17:38:40
2250,26270,166,4,5,1,0,,2025-10-12 17:38:56
2251,26270,722,4,3,1,0,,2025-10-12 17:39:14
2252,26274,279,5,5,1,0,,2025-10-12 17:45:05
2253,26274,166,4,5,1,0,,2025-10-12 17:45:17
2254,26352,279,5,3,1,0,,2025-10-12 23:16:19
2255,26352,166,4,4,1,0,,2025-10-12 23:16:36
2256,26374,166,4,5,1,0,,2025-10-13 02:24:28
2257,26374,279,5,5,1,0,,2025-10-13 02:24:37
2258,26424,764,5,5,1,0,,2025-10-13 11:31:10
2259,26458,764,4,5,1,0,,2025-10-13 13:16:22
2260,26470,764,5,5,1,0,,2025-10-13 14:09:06
2261,26487,166,5,5,1,0,,2025-10-13 14:47:36
2262,26487,279,5,5,1,0,,2025-10-13 14:47:45
2263,26494,764,5,5,1,0,,2025-10-13 14:52:55
2264,26495,764,5,5,1,0,,2025-10-13 14:57:11
2265,26496,764,5,5,1,0,,2025-10-13 15:00:22
2266,26497,170,3,5,1,0,,2025-10-13 15:05:33
2267,26497,772,4,5,1,0,,2025-10-13 15:06:01
2268,26507,764,5,5,1,0,,2025-10-13 15:25:46
2269,26504,764,5,5,1,0,,2025-10-13 15:28:04
2270,26509,764,5,5,1,0,,2025-10-13 15:34:12
2271,26512,764,5,5,1,0,,2025-10-13 15:35:42
2272,26515,764,4,5,1,0,,2025-10-13 15:40:16
2273,26514,764,5,5,1,0,,2025-10-13 15:42:24
2274,26522,764,5,5,1,0,,2025-10-13 15:59:36
2275,26551,764,5,5,1,0,,2025-10-13 17:30:46
2276,26645,170,5,5,1,0,,2025-10-13 22:25:21
2277,26645,764,5,5,1,0,,2025-10-13 22:25:36
2278,26706,279,5,5,1,0,,2025-10-14 00:38:37
2279,26706,444,5,5,1,0,,2025-10-14 00:38:47
2280,26706,166,4,5,1,0,,2025-10-14 00:38:57
2281,26729,279,5,3,1,0,,2025-10-14 04:56:30
2282,26729,166,5,5,1,0,,2025-10-14 04:56:39
2283,26729,280,5,5,1,0,,2025-10-14 04:56:48
2284,26780,764,5,5,1,0,,2025-10-14 10:55:16
2285,26786,764,5,5,1,0,,2025-10-14 11:04:29
2286,26791,764,4,4,1,0,,2025-10-14 11:11:59
2287,26790,764,5,5,1,0,,2025-10-14 11:17:06
2288,26799,764,5,5,1,0,,2025-10-14 11:24:43
2289,26795,764,5,5,1,0,,2025-10-14 11:28:00
2290,26805,764,5,5,1,0,,2025-10-14 11:36:07
2291,26806,764,5,5,1,0,,2025-10-14 12:21:48
2292,26798,764,5,5,1,0,,2025-10-14 12:23:23
2293,26861,764,4,5,1,0,,2025-10-14 13:51:31
2294,26891,279,4,4,1,0,,2025-10-14 14:52:34
2295,26891,170,4,4,1,0,,2025-10-14 14:52:44
2296,26928,764,4,4,1,0,,2025-10-14 16:09:28
2297,26931,764,5,5,1,0,,2025-10-14 16:13:56
2298,26970,279,4,4,1,0,,2025-10-14 19:04:25
2299,26982,510,5,5,1,0,,2025-10-14 19:41:05
2300,26982,279,5,4,1,0,,2025-10-14 19:41:21
2301,26982,166,4,5,1,0,,2025-10-14 19:41:36
2302,27126,764,5,4,1,0,,2025-10-15 02:54:45
2303,27167,279,5,5,1,0,,2025-10-15 10:07:26
2304,27167,170,1,3,1,0,,2025-10-15 10:07:39
2305,24256,170,5,5,1,0,,2025-10-15 11:07:06
2306,24256,771,4,5,1,0,,2025-10-15 11:07:25
2307,27203,764,4,5,1,0,,2025-10-15 11:41:28
2308,27235,764,5,5,1,0,,2025-10-15 13:15:25
2309,27232,764,5,5,1,0,,2025-10-15 13:17:12
2310,27255,279,5,5,1,0,,2025-10-15 14:04:44
2311,27255,166,1,4,1,0,,2025-10-15 14:05:15
2312,27273,764,4,4,1,0,,2025-10-15 14:31:44
2313,27268,280,5,5,1,0,,2025-10-15 14:32:22
2314,27268,166,4,5,1,0,,2025-10-15 14:32:36
2315,27285,764,5,5,1,0,,2025-10-15 14:48:50
2316,27289,764,5,5,1,0,,2025-10-15 14:51:28
2317,27284,764,5,4,1,0,,2025-10-15 14:55:02
2318,27292,764,5,5,1,0,,2025-10-15 14:59:27
2319,27304,764,5,5,1,0,,2025-10-15 15:21:54
2320,27312,772,4,5,1,0,,2025-10-15 16:25:05
2321,27340,764,4,5,1,0,,2025-10-15 16:40:55
2322,27346,764,4,4,1,0,,2025-10-15 16:58:02
2323,27448,166,4,4,1,0,,2025-10-15 21:38:50
2324,27497,764,5,5,1,0,,2025-10-15 23:53:23
2325,27547,781,5,5,1,0,,2025-10-16 08:40:10
2326,27558,166,5,5,1,0,,2025-10-16 09:31:18
2327,27558,279,5,3,1,0,,2025-10-16 09:31:33
2328,27558,330,5,1,1,0,,2025-10-16 09:31:48
2329,27558,681,4,1,1,0,,2025-10-16 09:31:59
2330,27558,444,5,3,1,0,,2025-10-16 09:32:10
2331,27583,764,5,5,1,0,,2025-10-16 11:18:49
2332,27617,764,4,4,1,0,,2025-10-16 12:43:49
2333,27622,166,4,5,1,0,,2025-10-16 13:05:52
2334,27644,764,4,5,1,0,,2025-10-16 13:33:10
2335,27658,764,5,4,1,0,,2025-10-16 14:01:14
2336,27653,764,4,4,1,0,,2025-10-16 14:20:38
2337,27665,764,4,5,1,0,,2025-10-16 14:21:15
2338,27655,764,4,4,1,0,,2025-10-16 14:24:28
2339,27701,764,5,5,1,0,,2025-10-16 15:54:42
2340,27702,764,5,5,1,0,,2025-10-16 15:57:56
2341,27699,764,5,4,1,0,,2025-10-16 16:05:40
2342,27698,764,4,5,1,0,,2025-10-16 16:08:20
2343,27715,764,4,4,1,0,,2025-10-16 16:48:22
2344,27729,764,4,4,1,0,,2025-10-16 17:15:45
2345,27913,279,5,5,1,0,,2025-10-16 23:50:13
2346,27913,166,2,1,1,0,,2025-10-16 23:50:44
2347,27908,166,5,5,1,0,,2025-10-16 23:52:33
2348,27908,330,5,5,1,0,,2025-10-16 23:52:44
2349,27908,279,5,5,1,0,,2025-10-16 23:52:54
2350,27908,721,5,5,1,0,,2025-10-16 23:53:06
2351,27908,674,4,4,1,0,,2025-10-16 23:53:17
2352,27908,681,4,4,1,0,,2025-10-16 23:53:27
2353,27999,170,5,5,1,0,,2025-10-17 10:27:21
2354,28019,764,4,4,1,0,,2025-10-17 10:58:10
2355,28044,785,5,5,1,0,,2025-10-17 12:24:30
2356,28044,166,4,4,1,0,,2025-10-17 12:24:46
2357,28044,279,5,5,1,0,,2025-10-17 12:25:03
2358,28043,764,3,4,1,0,,2025-10-17 12:31:33
2359,28046,764,4,5,1,0,,2025-10-17 12:50:46
2360,28094,764,5,5,1,0,,2025-10-17 14:42:02
2361,28115,764,4,5,1,0,,2025-10-17 15:25:46
2362,28118,764,5,5,1,0,,2025-10-17 15:30:35
2363,28116,764,5,5,1,0,,2025-10-17 15:37:25
2364,28123,764,5,5,1,0,,2025-10-17 15:39:35
2365,28126,764,4,4,1,0,,2025-10-17 15:44:24
2366,28127,764,4,5,1,0,,2025-10-17 15:48:56
2367,28129,764,4,4,1,0,,2025-10-17 15:54:51
2368,28140,764,4,4,1,0,,2025-10-17 16:42:59
2369,28152,166,4,5,1,0,,2025-10-17 17:24:39
2370,28205,674,5,5,1,0,,2025-10-17 20:04:53
2371,28205,766,4,5,1,0,,2025-10-17 20:06:02
2372,28288,166,5,5,1,0,,2025-10-18 00:28:42
2373,28288,681,5,5,1,0,,2025-10-18 00:28:59
2374,28288,279,5,5,1,0,,2025-10-18 00:29:11
2375,28382,166,5,5,1,0,,2025-10-18 13:25:39
2376,28382,279,5,5,1,0,,2025-10-18 13:25:47
2377,28382,444,5,5,1,0,,2025-10-18 13:25:55
2378,28571,166,4,4,1,0,,2025-10-19 00:51:38
2379,28571,279,5,5,1,0,,2025-10-19 00:51:57
2380,28598,170,5,5,1,0,,2025-10-19 02:29:49
2381,28598,279,5,5,1,0,,2025-10-19 02:30:05
2382,28598,258,5,5,1,0,,2025-10-19 02:30:13
2383,28192,166,3,5,1,0,,2025-10-19 08:22:59
2384,28192,279,5,5,1,0,,2025-10-19 08:23:09
2385,28192,723,2,4,1,0,,2025-10-19 08:23:31
2387,28711,279,5,5,1,0,,2025-10-19 12:55:45
2388,28737,71,5,5,1,0,,2025-10-19 14:52:22
2389,28737,166,3,4,1,0,,2025-10-19 14:52:34
2390,28737,279,4,1,1,0,,2025-10-19 14:52:48
2391,28998,166,5,5,1,0,,2025-10-20 11:39:44
2392,28998,776,5,5,1,0,,2025-10-20 11:40:00
2393,29025,279,5,5,1,0,,2025-10-20 12:41:45
2394,29025,166,5,5,1,0,,2025-10-20 12:41:59
2395,29053,280,5,5,1,0,,2025-10-20 14:36:21
2396,29121,166,3,5,1,0,,2025-10-20 17:47:08
2397,29121,279,5,4,1,0,,2025-10-20 17:47:23
2398,29161,170,1,4,1,0,,2025-10-20 20:03:18
2399,29161,279,5,4,1,0,,2025-10-20 20:04:22
2400,29236,166,3,3,1,0,,2025-10-21 00:53:27
2401,29232,280,5,5,1,0,,2025-10-21 12:46:56
2402,29323,279,5,5,1,0,,2025-10-21 13:02:48
2403,29323,166,5,5,1,0,,2025-10-21 13:02:58
2404,29334,73,5,5,1,0,,2025-10-21 13:27:33
2405,28295,166,5,5,1,0,,2025-10-21 15:00:52
2406,28295,279,5,5,1,0,,2025-10-21 15:01:01
2407,29380,166,5,5,1,0,,2025-10-21 15:33:38
2408,29380,279,5,5,1,0,,2025-10-21 15:33:54
2410,29393,786,5,5,1,0,,2025-10-21 15:50:06
2411,29393,279,5,5,1,0,,2025-10-21 15:50:33
2412,29393,259,5,5,1,0,,2025-10-21 15:50:46
2413,29373,166,5,5,1,0,,2025-10-21 17:15:59
2414,29373,279,5,5,1,0,,2025-10-21 17:16:08
2415,29373,721,5,5,1,0,,2025-10-21 17:16:23
2416,29472,166,5,5,1,0,,2025-10-21 19:51:28
2417,29472,279,5,5,1,0,,2025-10-21 19:51:35
2418,29569,279,5,5,1,0,,2025-10-22 01:24:39
2419,29569,166,4,5,1,0,,2025-10-22 01:24:48
2420,29622,279,5,5,1,0,,2025-10-22 08:35:49
2421,29622,166,5,5,1,0,,2025-10-22 08:36:02
2422,29622,545,5,5,1,0,,2025-10-22 08:36:18
2423,29636,280,4,4,1,0,,2025-10-22 09:13:19
2424,29636,170,4,4,1,0,,2025-10-22 09:13:36
2425,29695,166,5,5,1,0,,2025-10-22 12:41:35
2426,29695,279,5,4,1,0,,2025-10-22 12:41:46
2427,29695,510,5,5,1,0,,2025-10-22 12:41:57
2428,29772,279,5,4,1,0,,2025-10-22 23:19:56
2429,30048,279,5,5,1,0,,2025-10-23 12:21:14
2430,30048,681,5,5,1,0,,2025-10-23 12:21:26
2431,30048,166,5,5,1,0,,2025-10-23 12:21:35
2432,30041,166,3,5,1,0,,2025-10-23 12:24:43
2433,30002,772,5,5,1,0,,2025-10-23 12:41:24
2434,30055,279,4,3,1,0,,2025-10-23 12:46:40
2435,30055,166,3,4,1,0,,2025-10-23 12:46:52
2436,30112,166,4,5,1,0,,2025-10-23 14:17:12
2437,30112,279,5,5,1,0,,2025-10-23 14:17:22
2438,30112,545,5,5,1,0,,2025-10-23 14:17:34
2439,30215,166,5,5,1,0,,2025-10-23 18:07:50
2440,30215,279,5,5,1,0,,2025-10-23 18:08:04
2441,30331,166,3,5,1,0,,2025-10-23 23:06:56
2442,30331,279,5,1,1,0,,2025-10-23 23:07:07
2443,30331,721,5,5,1,0,,2025-10-23 23:07:16
2444,30331,337,5,2,1,0,,2025-10-23 23:07:26
2445,30398,166,4,4,1,0,,2025-10-24 08:27:55
2446,30398,279,4,4,1,0,2025-10-24 08:28:56,2025-10-24 08:28:08
2447,27244,170,3,5,1,0,2025-11-14 15:21:47,2025-10-24 10:54:58
2448,30451,764,4,4,1,0,,2025-10-24 11:01:02
2449,30466,764,5,5,1,0,,2025-10-24 11:35:09
2450,30449,166,5,5,1,0,,2025-10-24 11:42:05
2451,30463,764,4,5,1,0,,2025-10-24 11:56:12
2452,30526,764,4,4,1,0,,2025-10-24 13:38:56
2453,30532,764,4,4,1,0,,2025-10-24 13:50:20
2454,30590,764,4,4,1,0,,2025-10-24 16:06:11
2455,30588,764,5,4,1,0,,2025-10-24 16:08:09
2456,30612,764,4,4,1,0,,2025-10-24 17:03:15
2457,30626,764,5,4,1,0,,2025-10-24 17:34:11
2458,30664,764,4,4,1,0,,2025-10-24 18:59:13
2459,30666,764,4,4,1,0,,2025-10-24 19:02:34
2460,30753,279,5,5,1,0,,2025-10-24 22:05:05
2461,30753,166,2,3,1,0,,2025-10-24 22:05:20
2462,30790,279,5,4,1,0,,2025-10-24 23:21:28
2463,30790,166,4,4,1,0,,2025-10-24 23:21:41
2464,9901,166,5,5,1,0,,2025-10-25 00:13:49
2465,30833,170,5,3,1,0,,2025-10-25 01:22:29
2466,30837,166,5,5,1,0,,2025-10-25 01:34:16
2467,30837,71,5,5,1,0,,2025-10-25 01:34:28
2468,30837,279,5,5,1,0,,2025-10-25 01:34:39
2469,30833,784,5,5,1,0,,2025-10-25 01:44:26
2470,30886,279,5,5,1,0,,2025-10-25 09:51:08
2471,30932,764,4,4,1,0,,2025-10-25 11:03:38
2472,30933,764,4,3,1,0,,2025-10-25 11:08:49
2473,30925,166,4,4,1,0,,2025-10-25 11:31:03
2474,30925,279,5,5,1,0,,2025-10-25 11:31:15
2476,26671,279,5,1,1,0,,2025-10-25 11:33:11
2477,26671,166,4,5,1,0,,2025-10-25 11:33:20
2478,30521,166,3,4,1,0,,2025-10-25 12:45:20
2479,30521,279,5,5,1,0,,2025-10-25 12:45:29
2480,30987,166,4,5,1,0,,2025-10-25 14:09:24
2481,30998,764,5,4,1,0,,2025-10-25 14:15:53
2482,31012,764,5,4,1,0,,2025-10-25 14:47:01
2483,31016,764,4,4,1,0,,2025-10-25 14:56:27
2484,31040,764,5,4,1,0,,2025-10-25 15:52:52
2485,31055,170,4,5,1,0,,2025-10-25 17:25:28
2486,31055,279,5,5,1,0,,2025-10-25 17:25:42
2487,31055,111,5,5,1,0,,2025-10-25 17:25:50
2488,30554,279,5,5,1,0,,2025-10-25 18:02:20
2489,30554,166,4,5,1,0,,2025-10-25 18:02:37
2490,31082,764,4,4,1,0,,2025-10-25 18:15:37
2491,31092,764,4,4,1,0,,2025-10-25 18:40:21
2492,31089,764,3,4,1,0,,2025-10-25 18:42:14
2493,31088,166,3,4,1,0,,2025-10-25 18:46:57
2494,31088,279,5,5,1,0,,2025-10-25 18:47:13
2495,31110,764,4,4,1,0,,2025-10-25 20:09:43
2496,29004,279,5,5,1,0,,2025-10-25 22:10:53
2497,29004,166,4,4,1,0,,2025-10-25 22:11:04
2498,31229,279,4,4,1,0,,2025-10-26 06:33:23
2499,31229,166,5,5,1,0,,2025-10-26 06:33:32
2500,31229,545,5,2,1,0,,2025-10-26 06:33:40
2501,31244,279,5,5,1,0,,2025-10-26 08:13:45
2502,31244,166,5,5,1,0,,2025-10-26 08:13:56
2503,31260,170,5,5,1,0,,2025-10-26 13:01:48
2504,31260,279,5,5,1,0,,2025-10-26 13:02:00
2505,31355,170,5,5,1,0,,2025-10-26 13:07:49
2506,31355,764,5,5,1,0,,2025-10-26 13:07:59
2507,31355,73,4,1,1,0,,2025-10-26 13:08:10
2508,31456,166,5,5,1,0,,2025-10-26 17:11:06
2509,31461,279,5,5,1,0,,2025-10-26 18:09:07
2510,31581,279,5,4,1,0,,2025-10-26 21:40:15
2511,31581,166,4,5,1,0,,2025-10-26 21:40:24
2512,31702,170,3,3,1,0,,2025-10-27 09:22:58
2513,31530,79,5,5,1,0,,2025-10-27 09:40:20
2514,31530,764,5,5,1,0,,2025-10-27 09:40:51
2515,31798,764,5,5,1,0,,2025-10-27 13:34:35
2516,31802,764,4,5,1,0,,2025-10-27 13:47:14
2517,31801,166,4,5,1,0,,2025-10-27 13:50:20
2518,31801,279,5,5,1,0,,2025-10-27 13:50:32
2519,31832,771,4,5,1,0,,2025-10-27 14:47:16
2520,31861,764,4,4,1,0,,2025-10-27 16:04:07
2521,31864,764,4,4,1,0,,2025-10-27 16:22:30
2522,31870,764,5,5,1,0,,2025-10-27 16:30:12
2523,31867,764,4,4,1,0,,2025-10-27 16:33:54
2524,31879,764,4,4,1,0,,2025-10-27 16:51:29
2525,31883,764,3,4,1,0,,2025-10-27 16:57:58
2526,31887,764,4,4,1,0,,2025-10-27 17:00:40
2527,31796,764,5,5,1,0,,2025-10-27 17:06:19
2528,31890,764,4,4,1,0,,2025-10-27 17:10:49
2529,31881,764,4,5,1,0,,2025-10-27 17:16:36
2530,31904,279,5,5,1,0,,2025-10-27 17:44:17
2531,31904,170,2,5,1,0,,2025-10-27 17:44:41
2532,20907,764,5,5,1,0,,2025-10-27 18:25:30
2533,32007,279,5,5,1,0,,2025-10-27 22:21:02
2534,32007,166,5,5,1,0,,2025-10-27 22:21:10
2535,32152,280,5,5,1,0,,2025-10-28 09:57:13
2536,32166,280,5,5,1,0,,2025-10-28 10:18:09
2537,32166,279,5,5,1,0,,2025-10-28 10:18:18
2538,32166,166,3,5,1,0,,2025-10-28 10:18:32
2541,32226,772,4,4,1,0,,2025-10-28 11:54:38
2542,32262,764,4,4,1,0,,2025-10-28 12:34:06
2543,32265,764,4,4,1,0,,2025-10-28 12:36:43
2544,32267,764,4,4,1,0,,2025-10-28 12:39:36
2545,32269,764,4,4,1,0,,2025-10-28 12:45:23
2546,32272,764,4,4,1,0,,2025-10-28 12:47:58
2547,32308,764,4,5,1,0,,2025-10-28 14:02:05
2548,32310,764,4,4,1,0,,2025-10-28 14:11:11
2549,32313,279,5,5,1,0,,2025-10-28 14:19:08
2550,32313,166,3,5,1,0,,2025-10-28 14:19:47
2551,32406,764,4,4,1,0,,2025-10-28 17:33:27
2552,32408,764,5,5,1,0,,2025-10-28 18:01:47
2553,32534,279,3,3,1,0,,2025-10-28 22:03:37
2554,32534,555,3,3,1,0,,2025-10-28 22:03:50
2555,32732,279,5,5,1,0,,2025-10-29 11:13:53
2556,32732,170,4,5,1,0,,2025-10-29 11:14:08
2557,32732,280,5,5,1,0,,2025-10-29 11:14:18
2558,32436,280,5,5,1,0,,2025-10-29 11:28:23
2559,32436,279,5,5,1,0,,2025-10-29 11:28:35
2560,32436,166,2,4,1,0,,2025-10-29 11:28:50
2561,32767,764,4,4,1,0,,2025-10-29 11:44:09
2562,32789,764,4,4,1,0,,2025-10-29 12:18:12
2564,32791,776,4,3,1,0,,2025-10-29 12:48:57
2565,32795,166,5,5,1,0,,2025-10-29 12:59:49
2566,32795,280,5,5,1,0,,2025-10-29 13:00:06
2567,32795,488,5,5,1,0,,2025-10-29 13:00:14
2568,32795,357,4,3,1,0,,2025-10-29 13:00:25
2569,32824,764,4,4,1,0,,2025-10-29 13:30:47
2570,32829,764,5,4,1,0,,2025-10-29 13:35:14
2571,32851,764,4,4,1,0,,2025-10-29 14:28:08
2572,32861,279,5,5,1,0,,2025-10-29 14:43:08
2573,32861,166,5,5,1,0,,2025-10-29 14:43:22
2574,32861,258,5,5,1,0,,2025-10-29 14:43:33
2575,32867,764,4,4,1,0,,2025-10-29 15:03:21
2576,32874,166,5,5,1,0,,2025-10-29 15:19:57
2577,32874,279,5,5,1,0,,2025-10-29 15:20:08
2578,32874,444,5,5,1,0,,2025-10-29 15:20:28
2579,32868,765,5,5,1,0,,2025-10-29 15:45:02
2580,32901,764,5,4,1,0,,2025-10-29 15:58:33
2581,32913,764,4,5,1,0,,2025-10-29 16:08:55
2582,32919,764,4,4,1,0,,2025-10-29 16:15:38
2583,32904,764,5,5,1,0,,2025-10-29 16:22:45
2584,32928,764,3,4,1,0,,2025-10-29 16:32:05
2585,32930,259,5,5,1,0,,2025-10-29 16:51:26
2586,32930,765,5,5,1,0,,2025-10-29 16:51:42
2587,32935,764,3,4,1,0,,2025-10-29 16:53:51
2588,33072,166,4,4,1,0,,2025-10-29 21:50:14
2589,33072,71,5,5,1,0,,2025-10-29 21:50:22
2590,33072,279,4,2,1,0,,2025-10-29 21:50:35
2591,33089,279,5,5,1,0,,2025-10-29 22:30:09
2592,33188,170,4,5,1,0,,2025-10-30 09:25:54
2593,33188,71,5,5,1,0,,2025-10-30 09:26:05
2594,33188,279,4,5,1,0,,2025-10-30 09:26:18
2595,33192,764,4,4,1,0,,2025-10-30 11:14:07
2596,33198,764,4,4,1,0,,2025-10-30 13:07:32
2597,33203,764,5,5,1,0,,2025-10-30 15:11:36
2598,33205,764,4,5,1,0,,2025-10-30 15:16:13
2599,33206,764,3,5,1,0,,2025-10-30 15:24:45
2600,33207,764,4,4,1,0,,2025-10-30 15:31:18
2601,33204,764,4,4,1,0,,2025-10-30 15:36:20
2602,33212,764,4,4,1,0,,2025-10-30 16:39:40
2603,33211,764,4,4,1,0,,2025-10-30 16:42:13
2604,33216,764,4,5,1,0,,2025-10-30 17:37:32
2605,5645,166,5,4,1,0,,2025-10-30 22:36:49
2606,5645,771,5,4,1,0,,2025-10-30 22:37:10
2607,33214,765,4,4,1,0,,2025-10-30 22:38:15
2608,33325,170,3,3,1,0,,2025-10-31 02:43:09
2609,33359,280,5,5,1,0,,2025-10-31 07:36:51
2610,33359,166,3,5,1,0,,2025-10-31 07:37:07
2611,33329,279,5,5,1,0,,2025-10-31 10:37:41
2612,33329,166,3,3,1,0,2025-10-31 10:39:16,2025-10-31 10:38:01
2613,33329,280,5,4,1,0,,2025-10-31 10:39:01
2614,33485,166,4,5,1,0,,2025-10-31 11:03:31
2615,33485,259,5,4,1,0,,2025-10-31 11:03:42
2616,33485,279,4,4,1,0,,2025-10-31 11:03:51
2617,33505,764,4,5,1,0,,2025-10-31 12:02:54
2618,33584,764,4,4,1,0,,2025-10-31 13:22:40
2619,33586,764,4,4,1,0,,2025-10-31 13:25:40
2620,33600,764,4,4,1,0,,2025-10-31 13:40:08
2621,33604,764,4,4,1,0,,2025-10-31 13:44:15
2622,33612,764,4,4,1,0,,2025-10-31 13:51:11
2623,33616,764,4,4,1,0,,2025-10-31 13:58:21
2624,33621,764,4,4,1,0,,2025-10-31 14:06:18
2625,33643,764,4,4,1,0,,2025-10-31 14:51:08
2626,33634,279,5,5,1,0,,2025-10-31 15:04:23
2627,33634,166,3,4,1,0,,2025-10-31 15:04:40
2628,33682,764,4,4,1,0,,2025-10-31 15:57:27
2629,33721,166,4,5,1,0,,2025-10-31 17:03:37
2630,33721,279,5,5,1,0,,2025-10-31 17:03:44
2632,33721,258,5,5,1,0,,2025-10-31 17:04:15
2633,33721,444,5,5,1,0,,2025-10-31 17:04:21
2634,33729,764,4,4,1,0,,2025-10-31 17:04:54
2635,33744,73,5,5,1,0,,2025-10-31 17:44:15
2636,33744,279,5,3,1,0,,2025-10-31 17:44:31
2637,33744,510,5,1,1,0,,2025-10-31 17:44:54
2638,33796,166,5,5,1,0,,2025-10-31 19:28:35
2639,33796,279,5,5,1,0,,2025-10-31 19:28:42
2640,34019,166,5,5,1,0,,2025-11-01 10:37:38
2641,34019,279,5,5,1,0,,2025-11-01 10:37:44
2642,34019,510,5,3,1,0,,2025-11-01 10:37:57
2643,34033,764,4,4,1,0,,2025-11-01 11:15:03
2644,34050,279,5,5,1,0,,2025-11-01 12:22:11
2645,34050,170,4,5,1,0,,2025-11-01 12:22:43
2646,34050,280,5,5,1,0,,2025-11-01 12:22:56
2647,34069,764,5,4,1,0,,2025-11-01 13:16:00
2648,34089,764,4,5,1,0,,2025-11-01 14:23:51
2649,34090,764,5,5,1,0,,2025-11-01 14:41:47
2650,34119,764,3,4,1,0,,2025-11-01 15:57:13
2651,34121,764,4,5,1,0,,2025-11-01 16:04:22
2652,34120,764,4,5,1,0,,2025-11-01 16:06:47
2653,34133,764,4,3,1,0,,2025-11-01 16:28:28
2654,34131,764,4,4,1,0,,2025-11-01 16:31:48
2656,34137,764,4,3,1,0,,2025-11-01 16:35:59
2657,34126,764,4,4,1,0,,2025-11-01 16:46:31
2658,34171,545,4,1,1,0,,2025-11-01 19:31:06
2659,34171,166,3,4,1,0,,2025-11-01 19:31:22
2660,34171,279,5,5,1,0,,2025-11-01 19:31:33
2661,34171,280,5,5,1,0,,2025-11-01 19:31:42
2662,34216,166,4,5,1,0,,2025-11-01 21:22:26
2663,34216,279,5,5,1,0,,2025-11-01 21:22:41
2664,34216,422,5,3,1,0,,2025-11-01 21:22:58
2665,34216,545,3,4,1,0,,2025-11-01 21:23:16
2666,34238,789,4,3,1,0,,2025-11-01 22:37:07
2667,34308,91,2,2,1,0,,2025-11-02 08:23:42
2668,34373,279,4,5,1,0,,2025-11-02 12:51:01
2669,34373,166,2,4,1,0,,2025-11-02 12:51:15
2670,34450,772,4,4,1,0,,2025-11-02 16:56:15
2671,34553,166,4,5,1,0,,2025-11-02 21:49:21
2672,34716,764,4,5,1,0,,2025-11-03 11:26:38
2673,34726,764,4,4,1,0,,2025-11-03 12:15:02
2674,34725,764,4,5,1,0,,2025-11-03 12:16:03
2675,34791,764,3,4,1,0,,2025-11-03 15:20:55
2676,34798,764,3,4,1,0,,2025-11-03 15:39:57
2677,34799,764,5,4,1,0,,2025-11-03 15:46:14
2678,34801,764,3,3,1,0,,2025-11-03 15:52:50
2679,34793,764,4,4,1,0,,2025-11-03 16:18:32
2680,34806,764,4,4,1,0,,2025-11-03 16:27:13
2681,34819,764,5,4,1,0,,2025-11-03 17:19:48
2683,34810,764,4,4,1,0,,2025-11-03 17:29:21
2684,34826,764,4,5,1,0,,2025-11-03 17:33:44
2685,34825,764,4,4,1,0,,2025-11-03 18:34:29
2686,34843,764,5,5,1,0,,2025-11-03 19:00:01
2687,34977,279,5,5,1,0,,2025-11-03 23:55:10
2688,34977,280,5,5,1,0,,2025-11-03 23:55:22
2689,34977,170,5,5,1,0,,2025-11-03 23:55:33
2690,24790,166,5,5,1,0,,2025-11-04 01:01:04
2691,24790,279,5,5,1,0,,2025-11-04 01:01:17
2692,35023,764,5,5,1,0,,2025-11-04 05:41:17
2693,34862,279,5,5,1,0,,2025-11-04 11:06:48
2694,34862,170,4,5,1,0,,2025-11-04 11:07:05
2695,34862,280,5,5,1,0,,2025-11-04 11:07:19
2696,35092,764,5,5,1,0,,2025-11-04 11:33:29
2697,35108,764,4,5,1,0,,2025-11-04 11:46:54
2698,35113,764,4,5,1,0,,2025-11-04 11:58:39
2699,35178,764,3,3,1,0,,2025-11-04 13:48:45
2700,35181,764,3,4,1,0,,2025-11-04 13:54:54
2701,35255,764,4,4,1,0,,2025-11-04 16:55:36
2702,35257,764,5,4,1,0,,2025-11-04 16:57:45
2703,35261,764,4,4,1,0,,2025-11-04 17:06:03
2704,35286,258,5,5,1,0,,2025-11-04 18:27:03
2705,35286,279,5,5,1,0,,2025-11-04 18:27:14
2706,35286,166,3,4,1,0,,2025-11-04 18:27:30
2707,35399,166,5,5,1,0,,2025-11-04 23:31:02
2708,35399,279,5,5,1,0,,2025-11-04 23:31:11
2709,35403,166,4,5,1,0,,2025-11-04 23:41:26
2710,35403,279,5,5,1,0,,2025-11-04 23:41:32
2711,35473,279,5,5,1,0,,2025-11-05 09:43:37
2712,35482,510,5,5,1,0,,2025-11-05 10:26:41
2713,35482,279,5,5,1,0,,2025-11-05 10:26:51
2714,35482,166,3,5,1,0,,2025-11-05 10:27:06
2715,35510,764,4,4,1,0,,2025-11-05 11:22:26
2716,35508,764,5,5,1,0,,2025-11-05 11:29:53
2717,35567,279,3,4,1,0,,2025-11-05 13:27:58
2718,35567,444,3,3,1,0,,2025-11-05 13:28:14
2719,35592,764,4,4,1,0,,2025-11-05 14:04:06
2720,35594,764,4,4,1,0,,2025-11-05 14:25:56
2721,35625,764,4,3,1,0,,2025-11-05 15:13:41
2722,35630,764,3,4,1,0,,2025-11-05 15:18:53
2723,35623,764,4,4,1,0,,2025-11-05 15:35:32
2724,35671,279,5,5,1,0,,2025-11-05 17:39:20
2725,35671,166,5,5,1,0,,2025-11-05 17:39:33
2726,35670,42,5,5,1,0,,2025-11-05 18:16:02
2727,35670,279,5,5,1,0,,2025-11-05 18:16:21
2728,35670,166,3,5,1,0,,2025-11-05 18:16:34
2729,35694,764,4,4,1,0,,2025-11-05 18:40:12
2730,35703,764,4,4,1,0,,2025-11-05 19:13:53
2731,9032,279,5,5,1,0,,2025-11-06 08:18:09
2732,9032,166,3,5,1,0,,2025-11-06 08:18:21
2733,9032,681,5,3,1,0,,2025-11-06 08:18:31
2734,9032,510,5,5,1,0,,2025-11-06 08:18:47
2735,35863,279,5,5,1,0,,2025-11-06 09:15:52
2736,35863,166,5,5,1,0,,2025-11-06 09:16:01
2737,35919,170,5,5,1,0,,2025-11-06 11:35:11
2738,35919,73,5,5,1,0,,2025-11-06 11:35:21
2739,35919,279,5,5,1,0,,2025-11-06 11:35:41
2740,35948,764,4,4,1,0,,2025-11-06 12:35:24
2741,35949,764,5,5,1,0,,2025-11-06 12:40:30
2742,35953,764,4,4,1,0,,2025-11-06 12:43:48
2743,35971,764,4,3,1,0,,2025-11-06 13:02:47
2744,35999,764,4,4,1,0,,2025-11-06 13:51:12
2745,36007,764,3,4,1,0,,2025-11-06 13:59:59
2746,36026,764,4,4,1,0,,2025-11-06 16:03:21
2747,36027,765,4,4,1,0,,2025-11-06 16:06:31
2748,36067,764,4,4,1,0,,2025-11-06 16:12:13
2749,36072,764,4,4,1,0,,2025-11-06 16:30:05
2750,36070,764,3,3,1,0,,2025-11-06 16:39:35
2751,36093,764,5,4,1,0,,2025-11-06 17:31:53
2752,36088,764,4,4,1,0,,2025-11-06 17:33:54
2753,36098,279,5,5,1,0,,2025-11-06 17:55:01
2754,36098,258,5,5,1,0,,2025-11-06 17:55:11
2755,36098,166,4,5,1,0,,2025-11-06 17:55:21
2756,36128,280,4,5,1,0,,2025-11-06 19:03:11
2757,36128,279,5,4,1,0,,2025-11-06 19:03:23
2758,36128,166,3,5,1,0,,2025-11-06 19:03:34
2759,36187,279,5,5,1,0,,2025-11-06 21:24:27
2760,36187,166,5,5,1,0,,2025-11-06 21:24:42
2761,36187,545,5,1,1,0,,2025-11-06 21:24:54
2762,36187,229,5,5,1,0,,2025-11-06 21:25:05
2763,36213,279,5,5,1,0,,2025-11-06 21:44:14
2764,36213,545,5,5,1,0,,2025-11-06 21:44:21
2765,36213,166,5,5,1,0,,2025-11-06 21:44:38
2766,36220,279,5,5,1,0,,2025-11-06 21:55:01
2767,36220,444,5,3,1,0,,2025-11-06 21:55:14
2768,36220,166,5,5,1,0,,2025-11-06 21:55:22
2769,36258,166,4,4,1,0,,2025-11-07 01:14:38
2770,36258,279,5,5,1,0,,2025-11-07 01:14:47
2771,36258,258,5,4,1,0,,2025-11-07 01:14:57
2772,36258,444,5,5,1,0,,2025-11-07 01:15:04
2773,36258,545,3,1,1,0,,2025-11-07 01:15:15
2774,36258,775,1,1,1,0,,2025-11-07 01:15:35
2775,36346,766,3,3,1,0,,2025-11-07 11:33:28
2776,36346,259,3,3,1,0,,2025-11-07 11:33:37
2777,36346,279,3,3,1,0,,2025-11-07 11:33:46
2778,36354,764,4,4,1,0,,2025-11-07 11:48:06
2779,36392,764,3,4,1,0,,2025-11-07 13:00:38
2780,36395,764,4,4,1,0,,2025-11-07 13:11:27
2781,36399,764,3,4,1,0,,2025-11-07 13:16:16
2782,36433,764,4,5,1,0,,2025-11-07 14:13:36
2783,36435,764,4,4,1,0,,2025-11-07 14:19:16
2784,36441,764,5,4,1,0,,2025-11-07 14:35:52
2785,36382,166,5,5,1,0,,2025-11-07 14:46:48
2786,36382,72,5,3,1,0,,2025-11-07 14:47:17
2787,36382,279,5,3,1,0,,2025-11-07 14:47:32
2788,36461,764,5,5,1,0,,2025-11-07 15:20:46
2789,36478,764,4,4,1,0,,2025-11-07 15:51:50
2790,36481,764,4,5,1,0,,2025-11-07 16:08:32
2791,36484,764,5,4,1,0,,2025-11-07 16:28:47
2792,36496,764,4,4,1,0,,2025-11-07 16:36:08
2793,36502,764,4,4,1,0,,2025-11-07 17:01:17
2794,36505,166,5,5,1,0,,2025-11-07 17:20:02
2795,36505,279,5,5,1,0,,2025-11-07 17:20:10
2796,36505,510,5,5,1,0,,2025-11-07 17:20:16
2797,36505,681,5,5,1,0,,2025-11-07 17:20:22
2798,36508,73,5,5,1,0,,2025-11-07 17:31:45
2799,36508,170,1,5,1,0,,2025-11-07 17:32:00
2800,36508,279,5,2,1,0,,2025-11-07 17:32:15
2801,36588,166,4,4,1,0,,2025-11-07 21:53:02
2802,36588,279,4,3,1,0,,2025-11-07 21:53:17
2803,36588,73,5,5,1,0,,2025-11-07 21:53:43
2804,36689,166,5,5,1,0,,2025-11-08 10:37:11
2805,36689,279,5,5,1,0,,2025-11-08 10:37:20
2806,36705,764,4,4,1,0,,2025-11-08 11:49:18
2807,36743,166,4,4,1,0,,2025-11-08 14:10:00
2808,36760,764,3,3,1,0,,2025-11-08 14:33:06
2809,36764,784,4,4,1,0,,2025-11-08 14:39:11
2810,36762,764,4,4,1,0,,2025-11-08 14:46:59
2811,36766,764,3,4,1,0,,2025-11-08 14:53:50
2812,36769,764,4,4,1,0,,2025-11-08 14:59:03
2813,36772,764,4,4,1,0,,2025-11-08 15:05:21
2814,36775,764,3,4,1,0,,2025-11-08 15:23:20
2815,36778,764,4,4,1,0,,2025-11-08 15:48:52
2816,36784,71,5,5,1,0,,2025-11-08 16:34:32
2817,36839,279,5,5,1,0,,2025-11-08 19:12:30
2818,36839,170,3,5,1,0,,2025-11-08 19:12:55
2819,36836,764,4,4,1,0,,2025-11-09 00:17:58
2820,36973,790,5,5,1,0,,2025-11-09 11:25:34
2821,36973,166,3,5,1,0,,2025-11-09 11:25:57
2822,37000,170,5,5,1,0,,2025-11-09 13:05:03
2823,37000,280,5,5,1,0,,2025-11-09 13:05:21
2824,37053,279,5,5,1,0,,2025-11-09 16:22:59
2825,37053,166,4,5,1,0,,2025-11-09 16:23:13
2826,37053,545,4,3,1,0,,2025-11-09 16:23:27
2827,37053,790,5,5,1,0,,2025-11-09 16:23:43
2828,37137,280,4,4,1,0,,2025-11-09 21:37:51
2829,37137,764,3,3,1,0,,2025-11-09 21:38:05
2830,37137,166,3,3,1,0,,2025-11-09 21:38:19
2831,37182,279,5,5,1,0,,2025-11-09 23:11:29
2832,37182,170,2,3,1,0,,2025-11-09 23:11:47
2833,37300,764,5,5,1,0,,2025-11-10 11:02:39
2834,37319,280,5,5,1,0,,2025-11-10 12:06:45
2835,37319,170,5,5,1,0,,2025-11-10 12:07:02
2836,37329,279,5,5,1,0,,2025-11-10 12:21:39
2837,37353,764,4,4,1,0,,2025-11-10 13:16:50
2838,37363,764,2,3,1,0,,2025-11-10 13:25:23
2839,37368,764,3,4,1,0,,2025-11-10 13:35:19
2841,37355,279,5,5,1,0,,2025-11-10 13:35:56
2842,37355,170,5,5,1,0,,2025-11-10 13:36:09
2843,37355,790,5,5,1,0,,2025-11-10 13:36:19
2844,37355,49,5,5,1,0,,2025-11-10 13:36:28
2845,37373,764,3,3,1,0,,2025-11-10 13:40:38
2846,37375,764,4,4,1,0,,2025-11-10 13:43:50
2847,37304,170,2,3,1,0,,2025-11-10 13:55:39
2848,37304,721,4,3,1,0,,2025-11-10 13:55:51
2849,37377,764,4,4,1,0,,2025-11-10 14:01:41
2850,37388,764,3,4,1,0,,2025-11-10 14:22:07
2851,37396,764,3,3,1,0,,2025-11-10 14:42:06
2852,37402,279,5,5,1,0,,2025-11-10 14:54:51
2853,37425,764,4,4,1,0,,2025-11-10 15:36:59
2854,37442,764,4,4,1,0,,2025-11-10 16:09:54
2855,37444,170,4,4,1,0,,2025-11-10 16:32:30
2856,37463,166,5,5,1,0,,2025-11-10 17:19:40
2857,37463,279,5,5,1,0,,2025-11-10 17:19:46
2858,37491,771,2,5,1,0,,2025-11-10 19:33:48
2859,37576,166,3,4,1,0,,2025-11-10 22:32:02
2860,37576,279,5,5,1,0,,2025-11-10 22:32:12
2861,37626,279,5,5,1,0,,2025-11-11 09:24:43
2862,37626,166,5,5,1,0,,2025-11-11 09:24:58
2863,37666,764,4,3,1,0,,2025-11-11 11:26:26
2864,37702,170,3,5,1,0,,2025-11-11 12:53:10
2865,37702,765,5,5,1,0,,2025-11-11 12:53:21
2866,37718,764,4,4,1,0,,2025-11-11 13:51:46
2867,37738,764,3,4,1,0,,2025-11-11 14:34:13
2868,37754,764,3,4,1,0,,2025-11-11 15:12:07
2869,37756,764,4,3,1,0,,2025-11-11 15:17:54
2870,37752,764,4,4,1,0,,2025-11-11 15:22:47
2871,37749,764,4,3,1,0,,2025-11-11 15:28:20
2872,37759,764,3,4,1,0,,2025-11-11 16:29:51
2873,37787,764,4,4,1,0,,2025-11-11 16:41:32
2874,37784,764,4,3,1,0,,2025-11-11 16:48:21
2875,37785,764,4,4,1,0,,2025-11-11 16:53:36
2876,37854,258,5,5,1,0,,2025-11-11 20:26:51
2877,37854,279,4,4,1,0,,2025-11-11 20:27:05
2878,37854,170,3,3,1,0,,2025-11-11 20:27:19
2879,37860,166,3,5,1,0,,2025-11-11 20:36:45
2880,37860,279,5,5,1,0,,2025-11-11 20:36:56
2881,37860,280,5,5,1,0,,2025-11-11 20:37:08
2882,37875,766,4,5,1,0,,2025-11-11 21:30:00
2883,37875,790,5,5,1,0,,2025-11-11 21:30:20
2884,37932,279,5,5,1,0,,2025-11-11 23:55:25
2885,37932,166,3,5,1,0,,2025-11-11 23:55:37
2886,37939,781,4,4,1,0,,2025-11-12 00:23:18
2888,37955,166,5,5,1,0,,2025-11-12 02:21:06
2889,37955,279,5,5,1,0,,2025-11-12 02:21:12
2890,37955,280,5,5,1,0,,2025-11-12 02:21:20
2891,37955,510,5,1,1,0,,2025-11-12 02:21:33
2892,38015,764,4,4,1,0,,2025-11-12 11:23:56
2893,38028,764,4,4,1,0,,2025-11-12 12:56:38
2894,38030,764,4,3,1,0,,2025-11-12 12:59:45
2895,38031,764,3,3,1,0,,2025-11-12 13:08:07
2896,38034,764,3,4,1,0,,2025-11-12 13:14:05
2897,38032,764,3,3,1,0,,2025-11-12 13:17:47
2898,38035,764,4,4,1,0,,2025-11-12 13:35:42
2899,37840,170,5,5,1,0,,2025-11-12 14:37:13
2900,37840,279,5,3,1,0,,2025-11-12 14:37:43
2901,37840,444,3,2,1,0,,2025-11-12 14:37:55
2902,38037,765,3,3,1,0,,2025-11-12 17:01:17
2903,38039,764,3,3,1,0,,2025-11-13 11:30:15
2904,38041,764,4,3,1,0,,2025-11-13 12:00:44
2905,37840,356,2,1,1,0,,2025-11-13 14:12:26
2906,37840,355,2,1,1,0,,2025-11-13 14:12:41
2907,38042,764,4,3,1,0,,2025-11-13 14:28:14
2908,38044,764,3,4,1,0,,2025-11-13 15:21:30
2909,38046,764,4,3,1,0,,2025-11-13 15:28:58
2910,38047,764,3,4,1,0,,2025-11-13 15:33:59
2911,38049,764,3,4,1,0,,2025-11-13 15:43:45
2912,38051,764,3,4,1,0,,2025-11-13 17:00:52
2913,38052,764,4,4,1,0,,2025-11-13 17:07:13
2914,38050,166,5,5,1,0,,2025-11-13 18:00:31
2915,38050,279,5,5,1,0,,2025-11-13 18:00:39
2916,38050,681,5,5,1,0,,2025-11-13 18:01:03
2917,38057,764,3,3,1,0,,2025-11-14 11:45:32
2918,38058,764,4,4,1,0,,2025-11-14 14:59:50
2919,38062,764,4,2,1,0,,2025-11-14 15:06:20
2921,38063,764,3,4,1,0,,2025-11-14 15:14:38
2922,27244,279,5,5,1,0,,2025-11-14 15:21:33
2923,38059,764,3,3,1,0,,2025-11-14 15:31:34
2924,38060,764,3,3,1,0,,2025-11-14 15:44:38
2925,38064,764,4,4,1,0,,2025-11-14 16:49:45
2926,38067,764,4,3,1,0,,2025-11-14 16:50:19
2927,38068,764,4,4,1,0,,2025-11-14 16:55:44
2928,38066,764,3,3,1,0,,2025-11-14 17:39:29
2929,38065,764,4,3,1,0,,2025-11-14 20:05:31
2930,38078,764,4,3,1,0,,2025-11-15 12:01:39
2931,38079,764,3,3,1,0,,2025-11-15 12:07:43
2932,38082,764,4,4,1,0,,2025-11-15 12:59:49
2933,38084,764,3,4,1,0,,2025-11-15 13:38:16
2934,38087,764,4,4,1,0,,2025-11-15 13:45:12
2935,38085,764,3,4,1,0,,2025-11-15 13:46:57
2936,38089,764,3,4,1,0,,2025-11-15 13:49:28
2937,38098,764,3,4,1,0,,2025-11-15 15:13:52
2939,38104,764,4,3,1,0,,2025-11-15 15:54:20
2940,38105,764,4,4,1,0,,2025-11-15 15:58:30
2941,38256,279,5,5,1,0,,2025-11-16 18:05:37
2942,38293,170,5,5,1,0,,2025-11-16 21:28:21
2943,38293,772,5,5,1,0,,2025-11-16 21:28:49
2944,38330,166,4,4,1,0,,2025-11-17 03:44:48
2945,38330,279,5,5,1,0,,2025-11-17 03:44:59
2946,38330,721,4,4,1,0,,2025-11-17 03:45:20
2947,38354,170,5,5,1,0,2025-11-17 07:54:13,2025-11-17 07:53:56
2948,38373,772,3,5,1,0,,2025-11-17 09:02:35
2949,38434,764,4,4,1,0,,2025-11-17 11:35:42
2950,38305,166,4,5,1,0,,2025-11-17 12:06:32
2951,38305,279,5,5,1,0,,2025-11-17 12:06:48
2952,38483,764,4,4,1,0,,2025-11-17 13:27:55
2953,38527,764,3,3,1,0,,2025-11-17 14:49:32
2954,38524,764,4,3,1,0,,2025-11-17 14:51:19
2955,38533,764,4,3,1,0,,2025-11-17 14:58:14
2956,38530,764,4,3,1,0,,2025-11-17 15:18:47
2957,38553,764,3,5,1,0,,2025-11-17 16:17:41
2958,38568,764,4,4,1,0,,2025-11-17 17:03:47
2959,38589,279,4,4,1,0,,2025-11-17 18:33:16
2960,38588,1,4,5,1,0,2025-11-18 11:19:07,2025-11-18 11:18:48
2961,38588,3,5,2,1,0,2025-11-18 11:19:07,2025-11-18 11:18:57
2962,38623,39,4,4,1,0,,2025-11-18 12:34:17
2964,38630,279,4,4,1,0,,2025-11-18 13:09:48
2966,38654,3,4,3,1,0,,2025-11-18 17:08:29
2969,38662,166,4,4,1,0,,2025-11-18 18:14:51
2970,38662,279,3,3,1,0,,2025-11-18 18:14:51
2979,38671,166,4,4,1,0,2025-11-19 13:48:39,2025-11-19 13:48:35
2980,38671,279,4,4,1,0,2025-11-19 13:48:40,2025-11-19 13:48:36
2981,38686,166,5,5,1,0,2025-11-19 15:08:10,2025-11-19 14:56:36
2982,38686,279,5,5,1,0,2025-11-19 15:08:10,2025-11-19 14:56:36
2985,38697,279,5,5,1,0,2025-11-24 11:09:56,2025-11-20 11:41:36
2988,38700,78,4,4,1,0,,2025-11-21 11:35:15
2989,38721,2,4,4,1,0,,2025-11-21 16:48:49
2990,38721,7,4,4,1,0,,2025-11-21 16:49:03
2996,5014,166,3,3,1,0,2025-12-18 18:48:26,2025-11-26 11:53:25
2997,5014,279,3,3,1,0,2025-12-18 18:48:27,2025-11-26 11:53:26
3001,26656,8,5,5,1,0,,2025-11-26 23:53:47
3002,38672,166,4,4,1,0,2025-11-28 13:06:09,2025-11-27 13:41:06
3003,38672,279,3,2,1,0,2025-11-28 13:06:10,2025-11-27 13:41:07
3004,38802,166,5,4,1,0,,2025-11-28 13:50:36
3005,38802,279,4,5,1,0,,2025-11-28 13:50:37
3008,38800,2,4,4,1,0,,2025-11-29 11:16:16
3009,38809,5,4,4,1,0,,2025-11-29 15:52:40
3010,134,5,0,3,1,0,,2025-12-01 17:12:48
3011,38845,280,4,3,1,0,,2025-12-02 11:31:35
3012,38851,2,3,3,1,0,,2025-12-02 16:07:36
3014,2670,18,3,3,1,0,2026-01-20 13:41:10,2025-12-06 13:43:37
3016,38860,2,4,4,1,0,2026-01-16 16:00:52,2025-12-16 18:10:37
3024,19,766,2,1,1,0,2026-06-12 13:03:26,2025-12-20 12:27:11
3026,38593,2,4,5,1,0,2025-12-20 13:11:26,2025-12-20 13:11:18
3027,38593,1,5,5,1,0,,2025-12-20 13:11:32
3028,38900,1,4,3,1,0,,2025-12-22 15:53:43
3029,2670,21,3,3,1,0,2026-01-20 13:41:10,2025-12-22 16:03:05
3031,2670,3,3,3,1,0,2026-01-20 13:41:09,2025-12-23 16:01:34
3032,2670,9,3,3,1,0,2026-01-20 13:41:10,2025-12-23 16:01:45
3033,38829,2,2,2,1,0,2026-02-27 10:55:19,2025-12-26 13:43:20
3034,38829,3,5,3,1,0,2026-02-27 10:55:19,2025-12-26 13:43:56
3039,38918,2,4,4,1,0,,2025-12-30 12:04:41
3042,38936,166,4,4,1,0,,2026-01-05 18:07:39
3043,2670,17,3,3,1,0,2026-01-20 13:41:10,2026-01-07 13:02:59
3044,38973,1,5,4,1,0,,2026-01-08 18:56:30
3045,38973,279,5,5,1,0,,2026-01-08 18:56:44
3046,38983,279,5,5,1,0,,2026-01-09 15:03:30
3049,39004,279,5,5,1,0,,2026-01-13 11:22:22
3050,39004,166,5,5,1,0,,2026-01-13 11:22:31
3052,39005,9,4,4,1,0,,2026-01-13 17:15:58
3055,39039,2,4,4,1,0,,2026-01-16 18:44:04
3056,39039,7,4,4,1,0,,2026-01-16 18:45:27
3061,2670,4,3,2,1,0,2026-01-21 13:10:00,2026-01-20 13:34:15
3062,39053,1,5,5,1,0,,2026-01-20 18:46:10
3063,39053,2,4,3,1,0,,2026-01-20 18:46:17
3064,2670,2,3,1,1,0,,2026-01-21 13:04:44
3066,39057,793,4,4,1,0,,2026-01-21 15:39:13
3067,38872,3,4,4,1,0,,2026-01-22 10:33:15
3068,39080,280,4,4,1,0,,2026-01-23 12:04:43
3069,39099,313,4,4,1,0,,2026-01-23 17:32:21
3070,39099,33,4,4,1,0,,2026-01-23 17:32:49
3072,39117,7,4,4,1,0,,2026-01-28 13:03:16
3073,39120,2,3,4,1,0,,2026-01-28 15:50:30
3074,39124,1,4,4,1,0,,2026-01-29 11:24:34
3075,39080,3,5,5,1,0,,2026-01-30 16:30:10
3076,39080,2,5,5,1,0,,2026-01-30 16:30:22
3077,39137,279,4,4,1,0,,2026-02-03 18:33:02
3079,2670,65,3,4,1,0,,2026-02-03 18:58:17
3080,39169,15,4,4,1,0,,2026-02-06 18:08:57
3083,39001,1,4,4,1,0,,2026-02-12 17:14:55
3084,39275,2,4,3,1,0,,2026-02-16 12:41:38
3085,38985,279,5,5,1,0,,2026-02-19 10:40:13
3086,639,1,4,1,1,0,2026-05-15 13:37:06,2026-02-23 12:28:16
3090,38872,2,3,3,1,0,,2026-03-06 16:23:18
3091,104,170,3,4,1,0,,2026-03-07 10:18:34
3092,39316,2,1,1,1,0,,2026-03-09 17:53:30
3093,39316,1,3,2,1,0,,2026-03-09 17:53:38
3094,39316,166,2,2,1,0,,2026-03-10 15:52:49
3096,39331,166,4,4,1,0,,2026-03-11 12:24:04
3098,39332,3,4,4,1,0,,2026-03-11 12:24:33
3100,39331,2,4,4,1,0,,2026-03-11 12:40:49
3101,39346,166,5,5,1,0,,2026-03-20 13:51:04
3102,39001,4,5,5,1,0,,2026-03-30 12:55:42
3103,39314,784,5,5,1,0,,2026-04-04 10:52:47
3105,40083,280,5,5,1,0,,2026-05-07 11:37:24
3106,40083,169,4,5,1,0,,2026-05-07 11:37:24
3107,639,235,3,2,1,0,,2026-05-15 13:37:27
3112,40119,166,4,5,1,0,,2026-05-26 17:14:55
3113,40119,279,5,5,1,0,,2026-05-26 17:15:17
3114,40135,1,4,4,1,0,,2026-05-27 15:40:27
3115,40135,2,5,5,1,0,,2026-05-27 15:40:32
3117,40159,5,1,4,1,0,,2026-06-03 13:36:48
3118,40159,279,5,5,1,0,,2026-06-03 13:36:59
3119,40159,166,3,2,1,0,,2026-06-03 13:37:07
3120,40219,166,4,4,1,0,,2026-06-05 12:06:27
3121,40218,280,5,5,1,0,,2026-06-05 14:59:52
3122,40218,166,4,5,1,0,,2026-06-05 15:00:28
3123,40290,2,3,1,1,0,2026-06-25 11:38:08,2026-06-09 16:09:33
3124,40312,170,3,5,1,0,,2026-06-10 13:00:20
3125,40312,279,5,5,1,0,,2026-06-10 13:00:41
3126,18,795,3,5,1,0,,2026-06-12 19:01:15
3127,40352,1,5,5,1,0,,2026-06-13 11:58:07
3128,40352,279,5,5,1,0,,2026-06-13 11:58:07
3129,40352,166,5,5,1,0,,2026-06-13 11:58:08
3130,40355,166,4,4,1,0,,2026-06-13 13:25:57
3131,40355,279,4,4,1,0,,2026-06-13 13:25:57
3132,40362,166,4,4,1,0,,2026-06-15 12:07:00
3133,40362,279,4,4,1,0,,2026-06-15 12:07:00
3134,40386,166,4,4,1,0,,2026-06-16 11:33:53
3135,40386,279,4,4,1,0,,2026-06-16 11:33:53
3136,40388,280,5,5,1,0,,2026-06-16 15:16:55
3137,40388,166,5,5,1,0,,2026-06-16 15:17:08
3138,40465,1,4,4,1,0,,2026-06-22 17:46:51
3143,40475,166,4,5,1,0,,2026-06-24 13:11:22
3144,40290,4,3,4,1,0,,2026-06-25 11:38:18
3145,40503,2,3,1,1,0,,2026-06-29 12:08:53
3146,40534,166,3,5,1,0,2026-07-01 16:53:52,2026-07-01 11:22:19
3147,40534,279,4,3,1,0,2026-07-01 16:53:52,2026-07-01 11:22:19
3148,40551,166,5,5,1,0,2026-07-01 18:21:00,2026-07-01 17:03:53
3149,40551,279,5,5,1,0,2026-07-01 18:21:00,2026-07-01 17:03:53
3150,40551,1,5,3,1,0,2026-07-01 18:20:59,2026-07-01 17:03:53
3151,40553,166,5,5,1,0,,2026-07-01 17:46:48
3152,40553,279,5,5,1,0,,2026-07-01 17:46:48
3153,40554,166,4,4,1,0,,2026-07-01 18:38:43
3154,40554,279,4,4,1,0,,2026-07-01 18:38:44
3155,40598,166,5,2,1,0,,2026-07-03 17:03:54
3156,40598,279,2,5,1,0,,2026-07-03 17:03:54
3161,40659,166,3,3,1,0,,2026-07-08 15:29:40
3162,40449,183,3,3,1,0,,2026-07-09 18:48:38
3163,40449,191,4,3,1,0,,2026-07-09 18:49:08
