id,user,university,course,course_type,state,city,not_applicable,starting_date,ending_date,ongoing,country,ishighest,certificate,status,created_by,is_deleted,create_date,modify_date
1,40471,21186,1233,1,4021,,0,2021-01-01,2024-12-23,1,101,0,,1,,1,2025-03-24 00:00:00,2026-06-23 15:09:10
2,38860,2,1236,1,4021,131679,0,2025-10-02,2026-03-04,1,101,0,,1,,1,2025-03-24 00:00:00,2026-03-27 00:00:00
3,38860,948,948,1,4021,154084,0,2025-12-01,2026-03-04,1,101,0,,1,,0,2025-03-24 00:00:00,2026-03-27 00:00:00
4,4,2703,1183,1,2464,,0,2014-09-24,2026-03-04,1,232,1,,1,,0,2025-03-24 00:00:00,2026-03-27 00:00:00
5,19,20254,1093,1,4021,58171,0,2009-02-08,2026-03-04,1,101,0,,1,,0,2025-03-24 00:00:00,2026-03-27 00:00:00
6,14,20245,1184,1,,,0,2020-03-01,2026-03-04,1,101,1,,1,,0,2025-03-24 00:00:00,2026-03-27 00:00:00
7,37,741,1185,1,4022,132005,0,2008-04-13,2026-03-04,1,101,0,,1,,0,2025-03-24 00:00:00,2026-03-27 00:00:00
8,22,830,1107,1,4016,133638,0,2010-04-14,2026-03-04,1,101,1,,1,,0,2025-03-24 00:00:00,2026-03-27 00:00:00
9,57,20246,1186,1,4022,132005,0,2012-08-07,2026-03-04,1,101,1,,1,,0,2025-03-24 00:00:00,2026-03-27 00:00:00
10,32,133,1187,1,4021,133210,0,2011-05-25,2026-03-04,1,101,1,,1,,0,2025-03-24 00:00:00,2026-03-27 00:00:00
11,48,20247,1188,1,4022,132384,0,1999-07-01,2026-03-04,1,101,0,,1,,0,2025-03-24 00:00:00,2026-03-27 00:00:00
12,26,133,1183,1,4021,154084,0,2003-07-01,2026-03-04,1,101,1,,1,,0,2025-03-24 00:00:00,2026-03-27 00:00:00
13,52,133,1187,2,,,0,1998-06-01,2026-03-04,1,,1,,1,,0,2025-03-24 00:00:00,2026-03-27 00:00:00
14,65,643,1216,2,,,0,2008-04-08,2026-03-04,1,,0,,1,,0,2025-03-24 00:00:00,2026-03-27 00:00:00
15,53,20667,1061,1,4021,133243,0,2010-02-24,2026-03-04,1,101,1,,1,,0,2025-03-24 00:00:00,2026-03-27 00:00:00
16,60,551,1192,2,,,0,2009-01-30,2026-03-04,1,,0,,1,,0,2025-03-24 00:00:00,2026-03-27 00:00:00
17,59,20282,1198,1,4022,133580,0,2012-04-16,2026-03-04,1,101,0,,1,,0,2025-03-24 00:00:00,2026-03-27 00:00:00
18,59,20253,1197,1,4022,133580,0,2014-03-24,2026-03-04,1,101,0,,1,,0,2025-03-24 00:00:00,2026-03-27 00:00:00
19,75,10891,1194,1,4006,133870,0,1966-03-24,2026-03-04,1,101,0,,1,,0,2025-03-24 00:00:00,2026-03-27 00:00:00
20,75,498,1195,1,4006,133870,0,1978-03-24,2026-03-04,1,101,1,,1,,0,2025-03-24 00:00:00,2026-03-27 00:00:00
21,79,269,1187,1,4029,132654,0,1986-03-01,2026-03-04,1,101,0,,1,,0,2025-03-25 00:00:00,2026-03-27 00:00:00
22,88,331,1199,1,4026,133872,0,2010-06-07,2026-03-04,1,101,0,,1,,0,2025-03-25 00:00:00,2026-03-27 00:00:00
23,30,16806,1042,2,4021,131679,0,2009-07-08,2026-03-04,1,101,1,,1,,0,2025-03-25 00:00:00,2026-03-27 00:00:00
24,45,20255,1201,1,4021,133210,0,2022-07-01,2026-03-04,1,101,0,,1,,0,2025-03-25 00:00:00,2026-03-27 00:00:00
25,45,20256,1187,1,4021,133210,0,2020-01-01,2026-03-04,1,101,1,,1,,0,2025-03-25 00:00:00,2026-03-27 00:00:00
26,50,133,1190,1,4021,131679,0,2012-02-01,2026-03-04,1,101,0,"uploads/document/1742966469_fca91ecb03ae806638d6.pdf,",1,,0,2025-03-25 00:00:00,2026-03-27 00:00:00
27,104,20257,1202,1,4007,131856,0,2023-08-16,2026-03-04,1,101,0,,1,,0,2025-03-26 00:00:00,2026-03-27 00:00:00
28,50,20260,1198,1,4021,131679,0,2010-04-01,2026-03-04,1,101,0,,1,,0,2025-03-26 00:00:00,2026-03-27 00:00:00
29,50,20260,1205,1,4021,131679,0,2008-04-01,2026-03-04,1,101,0,,1,,0,2025-03-26 00:00:00,2026-03-27 00:00:00
30,18,20245,1188,1,4021,131679,0,2015-06-26,2026-04-03,1,101,0,,1,,0,2025-03-26 00:00:00,2026-04-02 00:00:00
31,18,20261,1207,1,4021,1207,0,2017-01-26,2026-04-01,1,101,0,,1,,0,2025-03-26 00:00:00,2026-04-02 00:00:00
32,39,73,1210,1,4037,133386,0,2015-02-01,2026-03-04,1,101,1,,1,,0,2025-03-26 00:00:00,2026-03-27 00:00:00
33,29,20256,1088,1,4021,154093,0,2014-07-20,2026-03-04,1,101,0,,1,,0,2025-03-26 00:00:00,2026-03-27 00:00:00
34,29,215,1088,1,4007,133999,0,2019-07-22,2026-03-04,1,101,0,,1,,0,2025-03-26 00:00:00,2026-03-27 00:00:00
35,29,217,1211,1,4007,132106,0,2018-07-10,2026-03-04,1,101,0,,1,,0,2025-03-26 00:00:00,2026-03-27 00:00:00
36,38,1028,1212,1,4022,133230,0,2015-08-01,2026-03-04,1,101,1,,1,,0,2025-03-28 00:00:00,2026-03-27 00:00:00
37,131,1128,1213,1,4021,131679,0,2020-08-01,2026-03-04,1,101,0,,1,,0,2025-03-29 00:00:00,2026-03-27 00:00:00
38,131,1128,1214,1,4021,131679,0,2024-07-01,2026-03-04,1,101,1,,1,,0,2025-03-29 00:00:00,2026-03-27 00:00:00
39,134,20264,1194,1,4021,133165,0,2020-02-04,2026-03-04,1,101,0,,1,,1,2025-03-30 00:00:00,2026-03-27 00:00:00
40,1,730,1217,1,4021,131679,0,2016-04-30,2026-03-04,1,101,0,,1,,0,2025-03-30 00:00:00,2026-03-27 00:00:00
41,182,20265,1218,1,4007,57810,0,2016-08-01,2026-03-04,1,101,1,,1,,0,2025-03-31 00:00:00,2026-03-27 00:00:00
42,130,20266,1185,1,4021,133210,0,2018-08-01,2026-03-04,1,101,1,"uploads/document/1743415648_795e247f442a39774954.jpg,",1,,0,2025-03-31 00:00:00,2026-03-27 00:00:00
43,144,1177,1199,1,,,0,2020-07-10,2026-03-04,1,101,0,,1,,1,2025-04-01 00:00:00,2026-03-27 00:00:00
44,144,5796,1219,1,,,0,2018-04-01,2026-03-04,1,101,0,,1,,1,2025-04-01 00:00:00,2026-03-27 00:00:00
45,144,5796,1220,1,,,0,2016-04-01,2026-03-04,1,,0,,1,,1,2025-04-01 00:00:00,2026-03-27 00:00:00
46,6,121,1205,1,,,0,2009-06-01,2026-03-04,1,,0,,1,,0,2025-04-01 00:00:00,2026-03-27 00:00:00
47,211,20267,33,1,4008,,0,2022-06-16,2026-03-04,1,101,0,,1,,0,2025-04-01 00:00:00,2026-03-27 00:00:00
48,262,73,1221,1,4037,133386,0,2018-04-23,2026-03-04,1,101,1,,1,,0,2025-04-01 00:00:00,2026-03-27 00:00:00
49,252,590,1202,1,,,0,2015-08-02,2026-03-04,1,,1,,1,,0,2025-04-02 00:00:00,2026-03-27 00:00:00
50,313,20245,1188,1,4021,131679,0,2016-05-01,2026-03-04,1,101,0,"uploads/document/1745661630_7dbee35aa6cb9244e929.pdf,",1,,0,2025-04-03 00:00:00,2026-03-27 00:00:00
51,376,20268,1215,1,4022,132958,0,2014-05-01,2026-03-04,1,101,0,,1,,0,2025-04-05 00:00:00,2026-03-27 00:00:00
52,394,20256,1187,1,4021,154084,0,2008-07-01,2026-03-04,1,101,0,,1,,0,2025-04-05 00:00:00,2026-03-27 00:00:00
53,400,20256,1223,1,,,0,2022-12-25,2026-03-04,1,101,1,,1,,0,2025-04-05 00:00:00,2026-03-27 00:00:00
54,297,2704,1224,1,2503,,0,2013-09-06,2026-03-04,1,232,0,,1,,0,2025-04-06 00:00:00,2026-03-27 00:00:00
55,297,20270,99,1,1705,140142,0,2017-09-06,2026-03-04,1,107,1,,1,,0,2025-04-06 00:00:00,2026-03-27 00:00:00
56,431,20271,1187,1,4025,131715,0,2020-03-10,2026-03-04,1,101,1,,1,,0,2025-04-10 00:00:00,2026-03-27 00:00:00
57,455,20272,1219,1,4021,133210,0,2020-05-01,2026-03-04,1,101,0,,1,,0,2025-04-10 00:00:00,2026-03-27 00:00:00
58,455,20245,1225,1,4021,133210,0,2023-06-01,2026-03-04,1,101,0,,1,,0,2025-04-10 00:00:00,2026-03-27 00:00:00
59,134,20273,309,1,4021,,0,2021-02-02,2026-03-04,1,101,0,,1,,1,2025-04-11 00:00:00,2026-03-27 00:00:00
60,481,20274,1202,1,4022,57867,0,2010-07-12,2026-03-04,1,101,0,"uploads/document/1744450798_ff98fcad73934ba92597.jpeg,",1,,0,2025-04-12 00:00:00,2026-03-27 00:00:00
61,481,20275,1226,1,4022,,0,2022-11-26,2026-03-04,1,101,0,"uploads/document/1744450913_ec6247dec956ea01535a.pdf,",1,,1,2025-04-12 00:00:00,2026-03-27 00:00:00
62,481,20276,1226,1,4022,,0,2023-12-22,2026-03-04,1,101,0,,1,,1,2025-04-12 00:00:00,2026-03-27 00:00:00
63,514,328,1202,1,4026,132127,0,2021-12-27,2026-03-04,1,101,1,,1,,0,2025-04-14 00:00:00,2026-03-27 00:00:00
64,524,120,1185,1,4021,154094,0,2021-05-22,2026-03-04,1,101,1,,1,,0,2025-04-14 00:00:00,2026-03-27 00:00:00
66,637,20279,1229,1,4030,,0,2020-04-03,2026-03-04,1,101,0,,1,,0,2025-04-20 00:00:00,2026-03-27 00:00:00
67,637,1539,1203,2,,,0,2022-03-01,2026-03-04,1,,0,,1,,0,2025-04-20 00:00:00,2026-03-27 00:00:00
68,637,184,1230,2,,,0,2024-09-02,2026-03-04,1,,1,,1,,0,2025-04-20 00:00:00,2026-03-27 00:00:00
69,641,730,1225,2,,,0,2025-01-01,2026-03-04,1,,0,,1,,0,2025-04-21 00:00:00,2026-03-27 00:00:00
70,642,556,1202,1,4022,,0,2019-04-20,2026-03-04,1,101,1,,1,,0,2025-04-21 00:00:00,2026-03-27 00:00:00
71,656,482,1185,1,4008,133024,0,2023-07-25,2026-03-04,1,101,0,,1,,0,2025-04-21 00:00:00,2026-03-27 00:00:00
72,657,473,1206,1,4008,,0,2022-08-15,2026-03-04,1,101,0,,1,,0,2025-04-21 00:00:00,2026-03-27 00:00:00
73,499,20256,1228,2,,,0,2017-06-21,2026-03-04,1,,1,,1,,0,2025-04-21 00:00:00,2026-03-27 00:00:00
74,672,229,1199,1,4007,131853,0,2021-08-01,2026-03-04,1,101,1,,1,,0,2025-04-22 00:00:00,2026-03-27 00:00:00
75,672,20281,1232,1,4012,0,0,2019-06-01,2026-03-04,1,101,0,,1,,0,2025-04-22 00:00:00,2026-03-27 00:00:00
76,690,20269,33,1,4021,133210,0,2023-08-23,2026-03-04,1,101,0,,1,,0,2025-04-23 00:00:00,2026-03-27 00:00:00
77,690,20249,1187,1,4021,154094,0,2024-02-23,2026-03-04,1,101,0,,1,,0,2025-04-23 00:00:00,2026-03-27 00:00:00
79,725,8404,1219,1,4021,131679,0,2014-04-01,2026-03-04,1,101,0,,1,,0,2025-04-24 00:00:00,2026-03-27 00:00:00
80,725,224,1213,1,4007,131853,0,2015-09-01,2026-03-04,1,101,0,,1,,0,2025-04-24 00:00:00,2026-03-27 00:00:00
81,725,117,33,1,4021,154084,0,2023-01-17,2026-03-04,1,101,1,,1,,0,2025-04-24 00:00:00,2026-03-27 00:00:00
82,730,753,1233,1,4022,132941,0,2022-01-24,2026-03-04,1,101,1,,1,,0,2025-04-24 00:00:00,2026-03-27 00:00:00
83,728,133,1228,2,,,0,2022-12-27,2026-03-04,1,,0,,1,,0,2025-04-24 00:00:00,2026-03-27 00:00:00
84,763,2782,1055,1,2434,,0,2021-09-16,2026-03-04,1,232,0,,1,,0,2025-04-24 00:00:00,2026-03-27 00:00:00
85,763,398,1217,1,4039,57995,0,2018-06-18,2026-03-04,1,101,0,,1,,0,2025-04-24 00:00:00,2026-03-27 00:00:00
86,723,1239,1234,1,,,0,2023-08-02,2026-03-04,1,101,1,,1,,0,2025-04-25 00:00:00,2026-03-27 00:00:00
87,88,20283,1235,1,4021,133461,0,2009-03-25,2026-03-04,1,101,0,,1,,0,2025-04-25 00:00:00,2026-03-27 00:00:00
88,134,20410,1236,1,4021,134404,0,2010-08-05,2026-03-04,1,101,0,"uploads/document/1764589015_f20c24264efe2815207a.pdf,",1,,0,2025-04-26 00:00:00,2026-03-27 00:00:00
89,313,133,1219,1,4021,131679,0,2015-02-26,2026-03-04,1,101,0,"uploads/document/1745661604_8950c684923a4ef48d29.pdf,",1,,0,2025-04-26 00:00:00,2026-03-27 00:00:00
90,837,466,1219,1,4008,133024,0,2020-06-10,2026-03-04,1,101,1,,1,,0,2025-04-26 00:00:00,2026-03-27 00:00:00
91,366,243,1236,1,4007,57787,0,2023-04-26,2026-03-04,1,101,1,,1,,0,2025-04-27 00:00:00,2026-03-27 00:00:00
92,887,20256,1192,1,4021,154084,0,2018-08-01,2026-03-04,1,101,1,,1,,0,2025-04-27 00:00:00,2026-03-27 00:00:00
93,906,331,1233,1,4026,57848,0,2021-03-17,2026-03-04,1,101,0,,1,,0,2025-04-28 00:00:00,2026-03-27 00:00:00
94,906,20284,1237,1,4026,57848,0,2024-11-04,2026-03-04,1,101,0,,1,,0,2025-04-28 00:00:00,2026-03-27 00:00:00
96,984,20285,1238,1,4012,132132,0,2014-04-29,2026-03-04,1,101,0,,1,,0,2025-04-29 00:00:00,2026-03-27 00:00:00
97,995,1154,1202,1,4012,132132,0,2014-09-30,2026-03-04,1,101,1,,1,,0,2025-04-29 00:00:00,2026-03-27 00:00:00
99,1009,732,1233,1,4022,6082,0,2020-06-06,2026-03-04,1,101,1,"uploads/document/1745908546_cd7055a6f0226cc82e1a.jpg,",1,,0,2025-04-29 00:00:00,2026-03-27 00:00:00
100,1012,20286,1239,1,4008,0,0,2019-08-08,2026-03-04,1,101,1,"uploads/document/1745910228_085c6f531571a6a92d09.jpeg,",1,,0,2025-04-29 00:00:00,2026-03-27 00:00:00
101,1017,20256,33,1,4021,,0,2024-12-04,2026-03-04,1,101,0,"uploads/document/1745912850_e21ba09f2efc048035e3.pdf,",1,,0,2025-04-29 00:00:00,2026-03-27 00:00:00
102,1020,801,803,1,4022,,0,2010-04-06,2026-03-04,1,101,1,,1,,0,2025-04-29 00:00:00,2026-03-27 00:00:00
103,724,20287,1219,1,4021,134404,0,2002-04-01,2026-03-04,1,101,0,,1,,0,2025-04-30 00:00:00,2026-03-27 00:00:00
104,724,20256,1221,1,4021,131679,0,2015-06-01,2026-03-04,1,101,0,,1,,0,2025-04-30 00:00:00,2026-03-27 00:00:00
105,724,1128,1240,1,4021,134404,0,2019-01-08,2026-03-04,1,101,0,,1,,0,2025-04-30 00:00:00,2026-03-27 00:00:00
106,1135,200,1217,1,4030,57606,0,2022-08-01,2026-03-04,1,101,1,,1,,0,2025-05-01 00:00:00,2026-03-27 00:00:00
107,1175,469,1241,1,4008,133116,0,2019-08-08,2026-03-04,1,101,1,"uploads/document/1746164014_7d3a774cea162b3853c8.pdf,",1,,0,2025-05-02 00:00:00,2026-03-27 00:00:00
108,1173,20288,1188,1,4008,132359,0,2016-06-15,2026-03-04,1,101,0,,1,,0,2025-05-02 00:00:00,2026-03-27 00:00:00
109,1173,20267,1242,2,,,0,2021-02-01,2026-03-04,1,,0,,1,,0,2025-05-02 00:00:00,2026-03-27 00:00:00
110,1173,20289,33,1,4008,132359,0,2023-03-01,2026-03-04,1,101,0,,1,,0,2025-05-02 00:00:00,2026-03-27 00:00:00
111,1187,283,1188,1,4014,133448,0,2020-11-01,2026-03-04,1,101,1,,1,,0,2025-05-02 00:00:00,2026-03-27 00:00:00
112,1222,757,1233,1,4021,154084,0,2018-08-01,2026-03-04,1,101,1,,1,,0,2025-05-03 00:00:00,2026-03-27 00:00:00
113,1248,361,1215,1,4022,133230,0,2020-07-01,2026-03-04,1,101,1,,1,,0,2025-05-03 00:00:00,2026-03-27 00:00:00
114,1297,20290,1206,1,4017,57698,0,2012-05-14,2026-03-04,1,101,1,,1,,0,2025-05-04 00:00:00,2026-03-27 00:00:00
115,1309,12996,1205,1,4007,131853,0,2015-04-04,2026-03-04,1,101,0,,1,,0,2025-05-04 00:00:00,2026-03-27 00:00:00
116,1309,12996,1219,1,4007,131853,0,2017-04-01,2026-03-04,1,101,0,,1,,0,2025-05-04 00:00:00,2026-03-27 00:00:00
117,1309,20291,1243,1,4007,131853,0,2018-08-01,2026-03-04,1,101,0,,1,,0,2025-05-04 00:00:00,2026-03-27 00:00:00
118,1309,20292,30,1,4007,131853,0,2021-06-01,2026-03-04,1,101,0,,1,,0,2025-05-04 00:00:00,2026-03-27 00:00:00
119,1309,20293,49,1,4007,131853,0,2024-03-09,2026-03-04,1,101,0,,1,,0,2025-05-04 00:00:00,2026-03-27 00:00:00
120,1377,20294,1233,1,4022,131953,0,2022-09-05,2026-03-04,1,101,0,,1,,0,2025-05-05 00:00:00,2026-03-27 00:00:00
121,1379,304,1233,1,4026,57848,0,2021-09-08,2026-03-04,1,101,1,"uploads/document/1746433854_2779e81b2afd0a546096.pdf,",1,,0,2025-05-05 00:00:00,2026-03-27 00:00:00
122,1427,649,1206,1,4035,131841,0,2020-07-01,2026-03-04,1,101,0,,1,,0,2025-05-05 00:00:00,2026-03-27 00:00:00
123,1434,1128,1221,1,4007,57675,0,2015-05-01,2026-03-04,1,101,1,,1,,0,2025-05-06 00:00:00,2026-03-27 00:00:00
124,1437,595,1209,1,4007,131853,0,2011-07-06,2026-03-04,1,101,1,,1,,0,2025-05-06 00:00:00,2026-03-27 00:00:00
125,1460,20297,1248,1,4008,132359,0,2024-08-23,2026-03-04,1,101,0,,1,,0,2025-05-06 00:00:00,2026-03-27 00:00:00
126,1377,14471,1219,1,4022,57687,0,2020-04-06,2026-03-04,1,101,0,,1,,0,2025-05-07 00:00:00,2026-03-27 00:00:00
127,1377,14471,1220,1,4022,57687,0,2018-04-06,2026-03-04,1,101,0,,1,,0,2025-05-07 00:00:00,2026-03-27 00:00:00
128,854,20303,1236,1,4012,132132,0,2021-11-23,2026-03-04,1,101,1,,1,,0,2025-05-07 00:00:00,2026-03-27 00:00:00
129,1544,1028,1215,1,4022,0,0,2023-07-01,2026-03-04,1,101,1,,1,,0,2025-05-08 00:00:00,2026-03-27 00:00:00
130,1548,2572,1050,1,2438,,0,2018-01-08,2026-03-04,1,232,1,,1,,0,2025-05-08 00:00:00,2026-03-27 00:00:00
131,1551,696,1100,1,4035,131517,0,2017-05-08,2026-03-04,1,101,1,,1,,0,2025-05-08 00:00:00,2026-03-27 00:00:00
132,1589,661,1184,1,4035,131517,0,2020-04-02,2026-03-04,1,101,0,,1,,0,2025-05-08 00:00:00,2026-03-27 00:00:00
133,1589,381,1233,1,4025,132092,0,2017-04-01,2026-03-04,1,101,0,,1,,0,2025-05-08 00:00:00,2026-03-27 00:00:00
134,1619,1149,1190,1,4021,131679,0,1999-05-01,2026-03-04,1,101,1,,1,,0,2025-05-09 00:00:00,2026-03-27 00:00:00
135,1624,20304,1202,1,4022,0,0,2020-09-13,2026-03-04,1,101,0,,1,,0,2025-05-09 00:00:00,2026-03-27 00:00:00
136,1648,20135,1220,1,4853,142001,0,2020-04-10,2026-03-04,1,101,0,,1,,0,2025-05-10 00:00:00,2026-03-27 00:00:00
137,1648,20135,1219,1,4853,142001,0,2022-04-10,2026-03-04,1,101,0,,1,,0,2025-05-10 00:00:00,2026-03-27 00:00:00
138,1648,854,30,2,,,0,2023-07-10,2026-03-04,1,,1,,1,,0,2025-05-10 00:00:00,2026-03-27 00:00:00
139,1674,6132,1220,1,4022,131845,0,2017-07-10,2026-03-04,1,101,0,"uploads/document/1746932566_1667512eb9cb68d20c0a.jpg,",1,,0,2025-05-11 00:00:00,2026-03-27 00:00:00
140,1674,20305,1219,1,4022,131845,0,2019-07-19,2026-03-04,1,101,1,"uploads/document/1746932697_2ea7b4666065bb3985f3.jpg,",1,,0,2025-05-11 00:00:00,2026-03-27 00:00:00
141,1700,1239,1242,1,4008,133024,0,2023-07-20,2026-03-04,1,101,1,,1,,0,2025-05-11 00:00:00,2026-03-27 00:00:00
142,1709,714,1183,1,4012,85474,0,2021-10-11,2026-03-04,1,101,0,,1,,0,2025-05-11 00:00:00,2026-03-27 00:00:00
143,1727,544,1241,1,4031,0,0,2014-08-04,2026-03-04,1,101,0,,1,,0,2025-05-12 00:00:00,2026-03-27 00:00:00
144,134,1,948,1,4021,133126,0,2025-03-01,2026-03-04,1,101,0,,1,,1,2025-05-12 00:00:00,2026-03-27 00:00:00
145,1765,20307,1253,1,4015,132785,0,2015-07-01,2026-03-04,1,101,1,,1,,0,2025-05-13 00:00:00,2026-03-27 00:00:00
146,1769,226,1254,1,4022,133753,0,2022-05-13,2026-03-04,1,101,1,,1,,0,2025-05-13 00:00:00,2026-03-27 00:00:00
147,1779,543,1215,1,4015,0,0,2022-08-20,2026-03-04,1,101,0,,1,,0,2025-05-13 00:00:00,2026-03-27 00:00:00
148,1779,20308,1185,1,4037,0,0,2013-08-09,2026-03-04,1,101,0,,1,,0,2025-05-13 00:00:00,2026-03-27 00:00:00
149,1792,804,1213,1,4022,147429,0,2012-04-13,2026-03-04,1,101,0,,1,,0,2025-05-13 00:00:00,2026-03-27 00:00:00
150,1792,804,1213,1,4022,147429,0,2012-04-13,2026-03-04,1,101,0,"uploads/document/1747137131_171d51480a7567826e21.pdf,",1,,0,2025-05-13 00:00:00,2026-03-27 00:00:00
151,1792,804,1213,1,4022,147429,0,2012-04-13,2026-03-04,1,101,0,"uploads/document/1747137153_af9a321c9d69212afaec.pdf,",1,,0,2025-05-13 00:00:00,2026-03-27 00:00:00
152,1827,20309,1218,1,4021,133210,0,2018-08-14,2026-03-04,1,101,0,,1,,0,2025-05-14 00:00:00,2026-03-27 00:00:00
153,1827,120,1215,2,,,0,2024-06-14,2026-03-04,1,,1,,1,,0,2025-05-14 00:00:00,2026-03-27 00:00:00
154,1839,764,1184,1,4022,57867,0,2019-06-01,2026-03-04,1,101,0,,1,,0,2025-05-14 00:00:00,2026-03-27 00:00:00
155,1839,20247,1233,1,4022,134091,0,2016-07-01,2026-03-04,1,101,0,,1,,0,2025-05-14 00:00:00,2026-03-27 00:00:00
156,1853,753,1233,1,4022,132941,0,2022-05-14,2026-03-04,1,101,1,,1,,0,2025-05-14 00:00:00,2026-03-27 00:00:00
157,1855,20310,1236,1,4022,0,0,2021-05-20,2026-03-04,1,101,1,,1,,0,2025-05-14 00:00:00,2026-03-27 00:00:00
158,950,20311,1255,1,4022,132958,0,2013-07-01,2026-03-04,1,101,0,,1,,0,2025-05-14 00:00:00,2026-03-27 00:00:00
159,950,20311,1215,1,4022,132958,0,2018-07-01,2026-03-04,1,101,1,,1,,0,2025-05-14 00:00:00,2026-03-27 00:00:00
160,1878,20312,1219,1,4037,133386,0,2017-07-30,2026-03-04,1,101,0,,1,,0,2025-05-15 00:00:00,2026-03-27 00:00:00
161,1878,20313,1256,1,4037,133386,0,2022-08-30,2026-03-04,1,101,1,"uploads/document/1747250326_88a2750da466a793f5c0.pdf,",1,,0,2025-05-15 00:00:00,2026-03-27 00:00:00
162,1882,5208,1220,1,4021,,0,2013-05-14,2026-03-04,1,101,1,,1,,0,2025-05-15 00:00:00,2026-03-27 00:00:00
163,1926,216,1184,1,4007,132032,0,2023-07-01,2026-03-04,1,101,0,"uploads/document/1747328576_25fd403c752e360aaf7f.pdf,",1,,0,2025-05-15 00:00:00,2026-03-27 00:00:00
164,1926,214,1233,1,4007,132315,0,2020-07-01,2026-03-04,1,101,0,"uploads/document/1747328852_115bf3cff07d6b346ac7.pdf,",1,,0,2025-05-15 00:00:00,2026-03-27 00:00:00
165,1982,543,1184,2,,,0,2022-04-15,2026-03-04,1,,1,"uploads/document/1747427796_359f2f243a0482d5fafe.jpg,",1,,0,2025-05-17 00:00:00,2026-03-27 00:00:00
166,1987,20315,1185,1,4013,58000,0,2023-08-01,2026-03-04,1,101,1,,1,,0,2025-05-17 00:00:00,2026-03-27 00:00:00
167,2000,745,1202,1,4021,133210,0,2020-01-01,2026-03-04,1,101,1,,1,,0,2025-05-17 00:00:00,2026-03-27 00:00:00
168,1130,11,1238,1,4017,132808,0,2020-06-15,2026-03-04,1,101,1,"uploads/document/1747479492_6d8936002a7bbc2db6bf.jpg,",1,,0,2025-05-17 00:00:00,2026-03-27 00:00:00
169,2025,730,1184,1,,,0,2025-05-01,2026-03-04,1,,1,,1,,0,2025-05-17 00:00:00,2026-03-27 00:00:00
170,2034,466,1239,1,4008,132214,0,2020-06-18,2026-03-04,1,101,1,,1,,0,2025-05-18 00:00:00,2026-03-27 00:00:00
171,2055,20317,1238,1,4035,131517,0,2017-05-01,2026-03-04,1,101,0,"uploads/document/1747573166_91459a6b46b824cb8fb0.jpg,",1,,0,2025-05-18 00:00:00,2026-03-27 00:00:00
172,2055,695,53,1,4035,131515,0,2021-12-01,2026-03-04,1,101,0,"uploads/document/1747573360_885002ba0061f4b03c4e.jpg,",1,,0,2025-05-18 00:00:00,2026-03-27 00:00:00
173,2090,1028,1185,1,4021,154084,0,2019-06-19,2026-03-04,1,101,0,,1,,0,2025-05-19 00:00:00,2026-03-27 00:00:00
174,2090,942,1050,1,866,16662,0,2024-01-08,2026-03-04,1,39,1,,1,,0,2025-05-19 00:00:00,2026-03-27 00:00:00
175,2111,560,1223,1,4022,133051,0,2009-04-01,2026-03-04,1,101,1,,1,,0,2025-05-19 00:00:00,2026-03-27 00:00:00
176,2140,5059,1259,1,4008,133024,0,2019-12-31,2026-03-04,1,101,1,,1,,0,2025-05-20 00:00:00,2026-03-27 00:00:00
177,2144,482,1188,1,4008,133024,0,2018-07-15,2026-03-04,1,101,1,"uploads/document/1747683063_ef2d0e8c5d87414d2bf0.jpg,",1,,0,2025-05-20 00:00:00,2026-03-27 00:00:00
178,121,482,1260,1,4008,133024,0,2019-08-08,2026-03-04,1,101,1,,1,,0,2025-05-20 00:00:00,2026-03-27 00:00:00
179,2179,827,1185,1,4016,131676,0,2019-07-01,2026-03-04,1,101,0,,1,,0,2025-05-20 00:00:00,2026-03-27 00:00:00
180,2189,20318,1214,1,4008,133024,0,2022-08-12,2026-03-04,1,101,1,,1,,0,2025-05-20 00:00:00,2026-03-27 00:00:00
181,2232,91,1261,1,4040,57981,0,2021-09-28,2026-03-04,1,101,1,,1,,0,2025-05-21 00:00:00,2026-03-27 00:00:00
182,2229,20319,1221,2,,,0,2012-07-10,2026-03-04,1,,1,,1,,0,2025-05-21 00:00:00,2026-03-27 00:00:00
183,2252,20322,1236,1,4022,133230,0,2012-08-21,2026-03-04,1,101,1,,1,,0,2025-05-21 00:00:00,2026-03-27 00:00:00
184,2254,20323,1240,1,4022,133051,0,2021-07-01,2026-03-04,1,101,1,"uploads/document/1747815271_1978f3ba7497de04d911.jpg,",1,,0,2025-05-21 00:00:00,2026-03-27 00:00:00
185,2262,742,1233,1,4022,132384,0,2021-10-14,2026-03-04,1,101,1,,1,,0,2025-05-21 00:00:00,2026-03-27 00:00:00
186,2264,17905,1220,1,4022,133302,0,2012-04-01,2026-03-04,1,101,0,,1,,0,2025-05-21 00:00:00,2026-03-27 00:00:00
187,2264,17905,1219,1,4022,133302,0,2014-04-01,2026-03-04,1,101,0,,1,,0,2025-05-21 00:00:00,2026-03-27 00:00:00
188,2264,738,1187,1,4022,133302,0,2015-08-10,2026-03-04,1,101,0,,1,,0,2025-05-21 00:00:00,2026-03-27 00:00:00
189,2284,729,1213,1,4022,0,0,2018-08-16,2026-03-04,1,101,1,,1,,0,2025-05-21 00:00:00,2026-03-27 00:00:00
190,2306,473,1185,1,4008,133504,0,2015-06-01,2026-03-04,1,101,1,,1,,0,2025-05-21 00:00:00,2026-03-27 00:00:00
191,2325,410,1261,1,4039,132897,0,2021-01-01,2026-03-04,1,101,1,,1,,0,2025-05-22 00:00:00,2026-03-27 00:00:00
192,2326,788,1215,1,4022,147429,0,2013-04-01,2026-03-04,1,101,1,,1,,0,2025-05-22 00:00:00,2026-03-27 00:00:00
193,2337,20324,1220,1,4022,0,0,2020-07-01,2026-03-04,1,101,0,,1,,0,2025-05-22 00:00:00,2026-03-27 00:00:00
194,2337,20324,1198,1,,,0,2022-04-01,2026-03-04,1,101,0,,1,,0,2025-05-22 00:00:00,2026-03-27 00:00:00
195,2337,20325,1264,1,4022,0,0,2023-07-01,2026-03-04,1,101,1,,1,,0,2025-05-22 00:00:00,2026-03-27 00:00:00
196,2364,20326,1236,1,4022,133230,0,2021-11-11,2026-03-04,1,101,1,,1,,0,2025-05-22 00:00:00,2026-03-27 00:00:00
197,2369,20327,1205,1,4008,133024,0,2019-06-13,2026-03-04,1,101,0,,1,,0,2025-05-22 00:00:00,2026-03-27 00:00:00
198,2369,20328,1219,1,4008,133024,0,2021-06-15,2026-03-04,1,101,0,,1,,0,2025-05-22 00:00:00,2026-03-27 00:00:00
199,2369,20328,1266,1,4008,133024,0,2022-06-15,2026-03-04,1,101,1,,1,,0,2025-05-22 00:00:00,2026-03-27 00:00:00
200,2450,20329,1215,1,4026,132231,0,2022-10-24,2026-03-04,1,101,1,,1,,0,2025-05-24 00:00:00,2026-03-27 00:00:00
201,2496,20323,1240,1,4022,132958,0,2018-07-25,2026-03-04,1,101,0,,1,,0,2025-05-25 00:00:00,2026-03-27 00:00:00
202,2496,801,1215,2,,,0,2020-08-25,2026-03-04,1,,1,,1,,0,2025-05-25 00:00:00,2026-03-27 00:00:00
203,2546,742,1233,1,4022,0,0,2022-08-16,2026-03-04,1,101,1,,1,,0,2025-05-25 00:00:00,2026-03-27 00:00:00
204,2561,560,1255,1,4015,132031,0,2021-05-26,2026-03-04,1,101,0,"uploads/document/1748228635_bb3ad435f937fa2612a2.pdf,",1,,0,2025-05-26 00:00:00,2026-03-27 00:00:00
205,2565,20330,1220,1,4037,133386,0,2020-03-01,2026-03-04,1,101,0,,1,,0,2025-05-26 00:00:00,2026-03-27 00:00:00
206,2565,20330,1219,1,4037,133386,0,2022-03-01,2026-03-04,1,101,0,,1,,0,2025-05-26 00:00:00,2026-03-27 00:00:00
207,2583,20331,1267,1,4022,132941,0,2022-10-10,2026-03-04,1,101,0,,1,,0,2025-05-26 00:00:00,2026-03-27 00:00:00
208,2583,5,1221,1,4022,132941,0,2019-08-15,2026-03-04,1,101,0,,1,,0,2025-05-26 00:00:00,2026-03-27 00:00:00
209,2591,20332,1219,1,4007,131853,0,2002-07-01,2026-03-04,1,101,1,,1,,0,2025-05-26 00:00:00,2026-03-27 00:00:00
210,2600,5069,1238,1,4026,133053,0,2018-06-01,2026-03-04,1,101,1,,1,,0,2025-05-26 00:00:00,2026-03-27 00:00:00
211,2647,114,1183,1,4021,154084,0,2018-08-01,2026-03-04,1,101,0,,1,,0,2025-05-27 00:00:00,2026-03-27 00:00:00
212,2649,20333,1268,1,4022,132826,0,2017-05-27,2026-03-04,1,101,0,,1,,0,2025-05-27 00:00:00,2026-03-27 00:00:00
213,2649,744,1215,1,4022,131991,0,2020-11-12,2026-03-04,1,101,1,,1,,0,2025-05-27 00:00:00,2026-03-27 00:00:00
214,2662,20334,1233,1,4014,131908,0,2022-08-28,2026-03-04,1,101,0,,1,,0,2025-05-28 00:00:00,2026-03-27 00:00:00
215,2673,482,1202,1,4008,133024,0,2021-12-10,2026-03-04,1,101,1,"uploads/document/1748432915_3c60735691554d63b866.jpg,",1,,0,2025-05-28 00:00:00,2026-03-27 00:00:00
216,2682,361,1236,1,4022,57867,0,2019-08-18,2026-03-04,1,101,1,,1,,0,2025-05-28 00:00:00,2026-03-27 00:00:00
217,2703,482,1269,1,4008,131785,0,2009-03-02,2026-03-04,1,101,0,,1,,0,2025-05-29 00:00:00,2026-03-27 00:00:00
218,2703,20336,1270,1,4008,133024,0,2017-06-05,2026-03-04,1,101,0,,1,,0,2025-05-29 00:00:00,2026-03-27 00:00:00
219,2703,482,1240,1,4008,131785,0,2019-08-01,2026-03-04,1,101,1,,1,,0,2025-05-29 00:00:00,2026-03-27 00:00:00
220,2719,184,1236,1,4030,134310,0,2021-08-01,2026-03-04,1,101,1,,1,,0,2025-05-29 00:00:00,2026-03-27 00:00:00
221,2724,133,1228,2,,,0,2018-05-29,2026-03-04,1,,0,,1,,0,2025-05-29 00:00:00,2026-03-27 00:00:00
222,2724,20245,1084,2,,,0,2023-06-15,2026-03-04,1,,0,,1,,0,2025-05-29 00:00:00,2026-03-27 00:00:00
223,2725,649,1238,1,4022,131953,0,2004-10-01,2026-03-04,1,101,1,,1,,0,2025-05-29 00:00:00,2026-03-27 00:00:00
224,2727,5966,1221,1,4030,134096,0,2013-06-01,2026-03-04,1,101,0,,1,,0,2025-05-29 00:00:00,2026-03-27 00:00:00
225,2739,20245,1256,1,4021,131679,0,2021-08-29,2026-03-04,1,101,1,,1,,0,2025-05-29 00:00:00,2026-03-27 00:00:00
226,2745,20337,1271,1,4039,132166,0,2011-08-16,2026-03-04,1,101,1,,1,,0,2025-05-29 00:00:00,2026-03-27 00:00:00
227,2753,20338,1202,1,4007,133350,0,2022-09-03,2026-03-04,1,101,1,,1,,0,2025-05-29 00:00:00,2026-03-27 00:00:00
228,2758,222,1187,1,4007,132662,0,2018-06-15,2026-03-04,1,101,1,"uploads/document/1748540305_51bb80216800d3f979ed.jpg,",1,,0,2025-05-29 00:00:00,2026-03-27 00:00:00
229,2771,114,1233,1,4021,131679,0,2018-08-01,2026-03-04,1,101,1,,1,,0,2025-05-30 00:00:00,2026-03-27 00:00:00
230,2785,72,1240,1,4037,57915,0,2016-05-29,2026-03-04,1,101,1,,1,,0,2025-05-30 00:00:00,2026-03-27 00:00:00
231,2791,20340,1233,2,,,0,2021-06-04,2026-03-04,1,,1,,1,,0,2025-05-30 00:00:00,2026-03-27 00:00:00
232,2795,473,1093,1,4008,133177,0,2013-08-01,2026-03-04,1,101,1,,1,,0,2025-05-30 00:00:00,2026-03-27 00:00:00
233,2828,133,1274,1,4021,154094,0,2021-10-01,2026-03-04,1,101,1,,1,,0,2025-05-30 00:00:00,2026-03-27 00:00:00
234,2836,18,1233,1,4026,57933,0,2021-08-10,2026-03-04,1,101,1,"uploads/document/1748615091_43a066f2edbdfc5133f6.pdf,",1,,0,2025-05-30 00:00:00,2026-03-27 00:00:00
235,2859,20343,1276,1,4022,6082,0,2016-06-20,2026-03-04,1,101,1,,1,,0,2025-05-31 00:00:00,2026-03-27 00:00:00
236,2865,543,1215,1,4031,58190,0,2023-08-12,2026-03-04,1,101,1,,1,,0,2025-05-31 00:00:00,2026-03-27 00:00:00
237,2856,82,1187,1,4037,58009,0,2000-06-06,2026-03-04,1,101,1,,1,,0,2025-05-31 00:00:00,2026-03-27 00:00:00
238,2889,20345,1239,1,4008,57689,0,2019-08-01,2026-03-04,1,101,1,,1,,0,2025-06-01 00:00:00,2026-03-27 00:00:00
239,2896,1149,1192,1,4021,133210,0,2018-07-16,2026-03-04,1,101,0,,1,,0,2025-06-01 00:00:00,2026-03-27 00:00:00
240,2875,5190,1184,1,4026,57847,0,2023-11-01,2026-03-04,1,101,0,,1,,0,2025-06-01 00:00:00,2026-03-27 00:00:00
241,2875,732,1233,1,4022,6082,0,2020-08-01,2026-03-04,1,101,0,,1,,0,2025-06-01 00:00:00,2026-03-27 00:00:00
242,2901,20346,1277,1,4008,133943,0,2022-08-01,2026-03-04,1,101,1,,1,,0,2025-06-01 00:00:00,2026-03-27 00:00:00
243,2904,357,1215,1,,,0,2014-06-18,2026-03-04,1,,0,,1,,0,2025-06-01 00:00:00,2026-03-27 00:00:00
244,2904,304,1206,1,,,0,2010-08-24,2026-03-04,1,,0,,1,,0,2025-06-01 00:00:00,2026-03-27 00:00:00
245,2934,745,1255,1,4022,0,0,2021-11-02,2026-03-04,1,101,1,,1,,0,2025-06-02 00:00:00,2026-03-27 00:00:00
246,639,1128,1233,1,4021,134007,0,2021-01-01,2026-03-04,1,101,0,,1,,0,2025-06-02 00:00:00,2026-05-15 13:25:11
247,2670,5280,1219,1,4021,154084,0,2016-07-01,2026-03-04,1,101,0,"uploads/document/1748867157_293ebd97e7fe83d0cf78.jpg,",1,,0,2025-06-02 00:00:00,2026-03-27 00:00:00
248,2670,20347,1279,1,4021,154084,0,2017-03-01,2026-03-04,1,101,0,"uploads/document/1748866618_c30108db4786549d6ec7.jpg,",1,,0,2025-06-02 00:00:00,2026-03-27 00:00:00
249,2670,20348,1233,1,4021,154084,0,2019-07-02,2026-03-04,1,101,1,"uploads/document/46b6747c5177c354a04ebdf5687da0152e464fd7c1face7d6930e18daa38adb9.pdf,",1,,0,2025-06-02 00:00:00,2026-03-27 00:00:00
250,3004,20350,1281,2,,,0,2022-08-04,2026-03-04,1,,1,,1,,0,2025-06-03 00:00:00,2026-03-27 00:00:00
251,2891,304,1215,1,4026,57848,0,2010-06-11,2026-03-04,1,101,0,"uploads/document/1748944084_384d83f739d318666c85.jpg,",1,,0,2025-06-03 00:00:00,2026-03-27 00:00:00
252,2891,367,1282,1,4028,132383,0,2007-06-10,2026-03-04,1,101,0,"uploads/document/1748944168_59a8cad121683bf57efe.jpg,",1,,0,2025-06-03 00:00:00,2026-03-27 00:00:00
253,2891,9694,1219,1,4028,132383,0,2006-06-11,2026-03-04,1,101,0,"uploads/document/1748944314_865f9871598a2f8d97e6.jpg,",1,,0,2025-06-03 00:00:00,2026-03-27 00:00:00
254,2891,20260,1220,1,4028,132383,0,2004-04-03,2026-03-04,1,101,0,"uploads/document/1748944392_30eef027bd9906c79897.jpg,",1,,0,2025-06-03 00:00:00,2026-03-27 00:00:00
255,3015,215,1202,1,4007,133999,0,2019-09-03,2026-03-04,1,101,1,,1,,0,2025-06-03 00:00:00,2026-03-27 00:00:00
256,3027,482,1221,1,4008,133024,0,2019-08-01,2026-03-04,1,101,0,,1,,0,2025-06-03 00:00:00,2026-03-27 00:00:00
257,3030,741,1185,1,4022,132958,0,2022-09-05,2026-03-04,1,101,1,,1,,0,2025-06-03 00:00:00,2026-03-27 00:00:00
258,3071,114,1185,1,4021,131679,0,2019-08-01,2026-03-04,1,101,0,,1,,0,2025-06-04 00:00:00,2026-03-27 00:00:00
259,3071,1028,1215,1,4022,115211,0,2024-07-01,2026-03-04,1,101,1,,1,,0,2025-06-04 00:00:00,2026-03-27 00:00:00
260,3026,868,1283,1,4853,142001,0,2006-04-01,2026-03-04,1,101,0,,1,,0,2025-06-04 00:00:00,2026-03-27 00:00:00
261,3026,14404,1284,1,4853,142001,0,2003-04-01,2026-03-04,1,101,0,,1,,0,2025-06-04 00:00:00,2026-03-27 00:00:00
262,3026,7597,1285,1,4853,142001,0,2005-04-01,2026-03-04,1,101,0,,1,,0,2025-06-04 00:00:00,2026-03-27 00:00:00
263,3026,643,1215,2,,,0,2009-05-01,2026-03-04,1,,0,,1,,0,2025-06-04 00:00:00,2026-03-27 00:00:00
264,3088,92,1216,2,,,0,2011-01-01,2026-03-04,1,,0,,1,,0,2025-06-04 00:00:00,2026-03-27 00:00:00
265,3088,20351,1184,1,4030,57606,0,1992-01-01,2026-03-04,1,101,0,,1,,0,2025-06-04 00:00:00,2026-03-27 00:00:00
266,3088,156,1221,1,4030,57606,0,1991-04-01,2026-03-04,1,101,0,,1,,0,2025-06-04 00:00:00,2026-03-27 00:00:00
267,3097,20352,1240,1,4022,0,0,2023-06-04,2026-03-04,1,101,1,"uploads/document/1749040821_ad946ae28f0a9dc9923d.pdf,",1,,0,2025-06-04 00:00:00,2026-03-27 00:00:00
268,3109,1177,1255,1,4007,131853,0,2013-06-13,2026-03-04,1,101,1,"uploads/document/1749055436_f92774301f4e194614ca.pdf,",1,,0,2025-06-04 00:00:00,2026-03-27 00:00:00
269,3128,741,1288,1,4022,132958,0,2020-03-15,2026-03-04,1,101,0,,1,,0,2025-06-05 00:00:00,2026-03-27 00:00:00
270,3146,216,1215,1,4007,133980,0,2023-07-10,2026-03-04,1,101,0,,1,,0,2025-06-05 00:00:00,2026-03-27 00:00:00
271,3146,1026,1185,1,4039,132040,0,2020-06-05,2026-03-04,1,101,0,,1,,0,2025-06-05 00:00:00,2026-03-27 00:00:00
272,3093,317,1289,1,4026,57848,0,2021-08-02,2026-03-04,1,101,1,,1,,0,2025-06-05 00:00:00,2026-03-27 00:00:00
273,3159,20355,1215,1,4013,133769,0,2023-07-07,2026-03-04,1,101,0,,1,,0,2025-06-05 00:00:00,2026-03-27 00:00:00
274,3159,1177,1213,1,4007,131853,0,2018-07-02,2026-03-04,1,101,0,"uploads/document/1749124160_26091369291c6b357a9c.pdf,",1,,0,2025-06-05 00:00:00,2026-03-27 00:00:00
275,3205,805,1293,1,4022,132072,0,1985-06-06,2026-03-04,1,101,1,"uploads/document/1749179699_39f7e38bae5d8cdf6ed1.pdf,",1,,0,2025-06-06 00:00:00,2026-03-27 00:00:00
276,3222,5013,1255,1,4039,57995,0,2018-08-18,2026-03-04,1,101,1,,1,,0,2025-06-06 00:00:00,2026-03-27 00:00:00
277,3225,20359,1294,1,4025,131715,0,2016-06-06,2026-03-04,1,101,0,"uploads/document/1749206900_087290a335ae9d01b422.jpeg,",1,,0,2025-06-06 00:00:00,2026-03-27 00:00:00
278,3225,20360,1219,1,4853,141861,0,2014-06-17,2026-03-04,1,101,0,"uploads/document/1749207172_30f78d2dfa2d6ed998aa.jpeg,",1,,0,2025-06-06 00:00:00,2026-03-27 00:00:00
279,3225,20361,1220,1,4853,141861,0,2013-01-01,2026-03-04,1,101,0,"uploads/document/1749207302_da8f3ca6613d4d02052d.jpeg,",1,,0,2025-06-06 00:00:00,2026-03-27 00:00:00
280,3243,401,1209,1,4039,132040,0,2020-04-05,2026-03-04,1,101,1,,1,,0,2025-06-06 00:00:00,2026-03-27 00:00:00
281,3266,801,1215,1,4022,57601,0,2025-06-03,2026-03-04,1,101,1,,1,,0,2025-06-06 00:00:00,2026-03-27 00:00:00
282,3275,20363,1213,1,4008,57978,0,2024-03-18,2026-03-04,1,101,0,,1,,0,2025-06-07 00:00:00,2026-03-27 00:00:00
283,3305,20365,1296,1,4014,132201,0,2024-08-01,2026-03-04,1,101,1,,1,,0,2025-06-07 00:00:00,2026-03-27 00:00:00
284,3369,20366,1298,1,4033,133937,0,2022-08-01,2026-03-04,1,101,1,,1,,0,2025-06-08 00:00:00,2026-03-27 00:00:00
285,3369,20367,1299,1,4033,133937,0,2019-08-01,2026-03-04,1,101,0,,1,,0,2025-06-08 00:00:00,2026-03-27 00:00:00
286,3389,420,1300,1,4039,132166,0,2022-10-03,2026-03-04,1,101,0,,1,,0,2025-06-08 00:00:00,2026-03-27 00:00:00
287,3389,420,1301,1,4039,132166,0,2019-09-02,2026-03-04,1,101,0,,1,,0,2025-06-08 00:00:00,2026-03-27 00:00:00
288,3395,482,1276,1,4008,133024,0,2018-08-01,2026-03-04,1,101,1,,1,,0,2025-06-08 00:00:00,2026-03-27 00:00:00
289,3405,20368,1190,1,4039,134354,0,2021-06-08,2026-03-04,1,101,0,,1,,0,2025-06-08 00:00:00,2026-03-27 00:00:00
290,3405,20369,1302,1,,,0,2019-06-08,2026-03-04,1,101,1,,1,,0,2025-06-08 00:00:00,2026-03-27 00:00:00
291,3406,20370,1301,1,4022,132958,0,2021-08-12,2026-03-04,1,101,0,,1,,0,2025-06-08 00:00:00,2026-03-27 00:00:00
292,3406,103,1303,1,4022,133230,0,2024-07-25,2026-03-04,1,101,1,,1,,0,2025-06-08 00:00:00,2026-03-27 00:00:00
293,3412,225,1293,1,4007,133647,0,2022-10-01,2026-03-04,1,101,0,,1,,0,2025-06-08 00:00:00,2026-03-27 00:00:00
294,3424,20372,1300,1,,,0,2021-09-01,2026-03-04,1,101,1,,1,,0,2025-06-09 00:00:00,2026-03-27 00:00:00
295,3426,20372,1300,1,4039,,0,2021-09-01,2026-03-04,1,101,1,,1,,0,2025-06-09 00:00:00,2026-03-27 00:00:00
296,3445,20373,1185,1,3175,85521,0,2021-02-02,2026-03-04,1,167,1,,1,,0,2025-06-09 00:00:00,2026-03-27 00:00:00
297,3443,20374,1296,1,4022,,0,2021-06-02,2026-03-04,1,101,1,,1,,0,2025-06-09 00:00:00,2026-03-27 00:00:00
298,3449,556,1215,1,4015,133431,0,2023-08-01,2026-03-04,1,101,1,,1,,0,2025-06-09 00:00:00,2026-03-27 00:00:00
299,3458,482,1256,1,4008,133024,0,2023-07-01,2026-03-04,1,101,0,,1,,0,2025-06-09 00:00:00,2026-03-27 00:00:00
300,3458,482,1188,1,4008,133024,0,2020-03-01,2026-03-04,1,101,0,,1,,0,2025-06-09 00:00:00,2026-03-27 00:00:00
301,3469,20375,1215,1,4039,132166,0,2022-06-07,2026-03-04,1,101,1,"uploads/document/1749464775_327cc2fe7ba67029fe6f.pdf,",1,,0,2025-06-09 00:00:00,2026-03-27 00:00:00
302,3473,282,1233,1,4025,,0,2020-06-05,2026-03-04,1,101,0,,1,,0,2025-06-09 00:00:00,2026-03-27 00:00:00
303,3473,20376,1215,1,4022,,0,2023-07-01,2026-03-04,1,101,0,,1,,0,2025-06-09 00:00:00,2026-03-27 00:00:00
304,3479,20378,1215,1,4853,142001,0,2022-05-09,2026-03-04,1,101,1,,1,,0,2025-06-09 00:00:00,2026-03-27 00:00:00
305,3463,20247,1213,1,4022,132384,0,2019-02-07,2026-03-04,1,101,0,,1,,0,2025-06-09 00:00:00,2026-03-27 00:00:00
306,3507,407,1305,1,4039,0,0,2021-10-14,2026-03-04,1,101,0,,1,,0,2025-06-09 00:00:00,2026-03-27 00:00:00
307,3507,20379,33,1,4022,0,0,2024-10-10,2026-03-04,1,101,1,,1,,0,2025-06-09 00:00:00,2026-03-27 00:00:00
308,3508,637,1233,1,4014,57649,0,2006-07-01,2026-03-04,1,101,0,,1,,0,2025-06-09 00:00:00,2026-03-27 00:00:00
309,3508,620,1184,1,4014,57649,0,2009-07-01,2026-03-04,1,101,1,,1,,0,2025-06-09 00:00:00,2026-03-27 00:00:00
310,3514,20380,1092,1,4008,133504,0,2021-01-03,2026-03-04,1,101,1,,1,,0,2025-06-09 00:00:00,2026-03-27 00:00:00
311,3463,19889,1220,1,4022,132384,0,2014-05-05,2026-03-04,1,101,0,,1,,0,2025-06-10 00:00:00,2026-03-27 00:00:00
312,3463,19889,1219,1,4022,132384,0,2016-05-04,2026-03-04,1,101,0,,1,,0,2025-06-10 00:00:00,2026-03-27 00:00:00
313,3551,482,1187,1,,,0,2009-06-25,2026-03-04,1,101,0,,1,,0,2025-06-10 00:00:00,2026-03-27 00:00:00
314,3551,3343,1216,1,,,0,2024-03-01,2026-03-04,1,,1,,1,,0,2025-06-10 00:00:00,2026-03-27 00:00:00
315,3557,20381,1220,1,4012,132132,0,2010-06-22,2026-03-04,1,101,0,"uploads/document/1749546413_d256fddba559b894f23d.pdf,",1,,0,2025-06-10 00:00:00,2026-03-27 00:00:00
316,3557,20382,1219,1,4012,133377,0,2020-12-01,2026-03-04,1,101,0,"uploads/document/1749546575_5280341721e6b74466be.pdf,",1,,0,2025-06-10 00:00:00,2026-03-27 00:00:00
317,3557,714,1185,1,4012,132132,0,2022-10-01,2026-03-04,1,101,0,"uploads/document/1749546712_8e36fedc0177a7dcc5c2.pdf,",1,,0,2025-06-10 00:00:00,2026-03-27 00:00:00
318,3562,387,1306,1,4039,57995,0,2022-09-15,2026-03-04,1,101,1,,1,,0,2025-06-10 00:00:00,2026-03-27 00:00:00
319,3568,469,1007,1,4008,133116,0,2020-03-09,2026-03-04,1,101,1,"uploads/document/1749556040_ddbace4f55c0a4d2edeb.jpg,",1,,0,2025-06-10 00:00:00,2026-03-27 00:00:00
320,3577,801,1309,2,,,0,2024-07-01,2026-03-04,1,,0,,1,,0,2025-06-10 00:00:00,2026-03-27 00:00:00
321,3584,745,1215,1,4022,133051,0,2023-10-03,2026-03-04,1,101,0,,1,,0,2025-06-10 00:00:00,2026-03-27 00:00:00
322,3584,20384,1221,1,4022,133753,0,2020-08-08,2026-03-04,1,101,0,,1,,0,2025-06-10 00:00:00,2026-03-27 00:00:00
323,3592,20385,1219,1,4022,132976,0,2007-06-10,2026-03-04,1,101,1,,1,,0,2025-06-10 00:00:00,2026-03-27 00:00:00
324,3598,20386,1185,2,,,0,2025-06-10,2026-03-04,1,,1,,1,,0,2025-06-10 00:00:00,2026-03-27 00:00:00
325,3607,469,1202,1,4008,133116,0,2021-08-16,2026-03-04,1,101,0,,1,,0,2025-06-11 00:00:00,2026-03-27 00:00:00
326,3607,7783,1220,1,4025,131718,0,2018-04-16,2026-03-04,1,101,0,,1,,0,2025-06-11 00:00:00,2026-03-27 00:00:00
327,3607,20387,1219,1,4025,132540,0,2020-04-10,2026-03-04,1,101,0,,1,,0,2025-06-11 00:00:00,2026-03-27 00:00:00
328,3625,20388,1220,1,4008,131785,0,2021-06-01,2026-03-04,1,101,0,"uploads/document/1749611925_1781a529cd05de638eff.jpg,",1,,0,2025-06-11 00:00:00,2026-03-27 00:00:00
329,3625,20389,1092,1,4008,131785,0,2021-08-20,2026-03-04,1,101,1,"uploads/document/1749612066_c03c5451d98e7636867e.pdf,",1,,0,2025-06-11 00:00:00,2026-03-27 00:00:00
330,3638,20391,1220,1,4008,133145,0,2017-03-15,2026-03-04,1,101,0,,1,,0,2025-06-11 00:00:00,2026-03-27 00:00:00
331,3638,20392,1219,1,4008,133145,0,2019-02-04,2026-03-04,1,101,0,,1,,0,2025-06-11 00:00:00,2026-03-27 00:00:00
332,3638,20393,1154,1,4008,133145,0,2020-01-18,2026-03-04,1,101,1,"uploads/document/1749619965_32eec4bbee77f460fbdf.jpeg,",1,,0,2025-06-11 00:00:00,2026-03-27 00:00:00
333,3649,20246,1215,1,4022,0,0,2023-09-11,2026-03-04,1,101,1,"uploads/document/1749624009_b16a1f24b30388b92056.pdf,",1,,0,2025-06-11 00:00:00,2026-03-27 00:00:00
334,3664,20397,1300,1,4022,132665,0,2021-10-20,2026-03-04,1,101,1,,1,,0,2025-06-11 00:00:00,2026-03-27 00:00:00
335,3670,834,1216,1,4016,,0,2020-04-01,2026-03-04,1,101,1,"uploads/document/1749636436_ccd791be1aa821abe7e6.jpg,",1,,0,2025-06-11 00:00:00,2026-03-27 00:00:00
336,3675,620,1215,1,4014,132201,0,2022-08-07,2026-03-04,1,101,1,,1,,0,2025-06-11 00:00:00,2026-03-27 00:00:00
337,3679,391,1187,1,4039,131534,0,2000-07-01,2026-03-04,1,101,0,,1,,0,2025-06-11 00:00:00,2026-03-27 00:00:00
338,3679,391,1260,1,4039,131534,0,2002-07-01,2026-03-04,1,101,0,,1,,0,2025-06-11 00:00:00,2026-03-27 00:00:00
339,3679,643,1215,2,,,0,2009-07-01,2026-03-04,1,,1,,1,,0,2025-06-11 00:00:00,2026-03-27 00:00:00
340,3697,1274,1184,1,4022,131953,0,2023-06-11,2026-03-04,1,101,0,,1,,0,2025-06-11 00:00:00,2026-03-27 00:00:00
341,3694,444,1215,1,4008,133504,0,2019-07-11,2026-03-04,1,101,0,,1,,0,2025-06-11 00:00:00,2026-03-27 00:00:00
342,3694,331,1312,1,4026,57848,0,2012-07-11,2026-03-04,1,101,0,,1,,0,2025-06-11 00:00:00,2026-03-27 00:00:00
343,3697,20323,1233,1,4022,131953,0,2020-08-10,2026-03-04,1,101,0,,1,,0,2025-06-11 00:00:00,2026-03-27 00:00:00
344,3735,802,1233,1,4022,133001,0,2022-07-10,2026-03-04,1,101,1,,1,,0,2025-06-11 00:00:00,2026-03-27 00:00:00
345,3745,20247,1209,1,4022,132384,0,2004-06-01,2026-03-04,1,101,1,,1,,0,2025-06-12 00:00:00,2026-03-27 00:00:00
346,3766,435,1215,1,,,0,2016-03-31,2026-03-04,1,,0,,1,,0,2025-06-12 00:00:00,2026-03-27 00:00:00
347,3779,20398,1212,1,4022,,0,2018-08-12,2026-03-04,1,101,1,,1,,0,2025-06-12 00:00:00,2026-03-27 00:00:00
348,3787,715,1213,1,4012,132132,0,2022-06-12,2026-03-04,1,101,1,,1,,0,2025-06-12 00:00:00,2026-03-27 00:00:00
349,3790,576,1315,1,4014,57614,0,2013-06-01,2026-03-04,1,101,0,,1,,0,2025-06-12 00:00:00,2026-03-27 00:00:00
350,3790,576,1316,1,4014,57614,0,2016-06-01,2026-03-04,1,101,0,,1,,0,2025-06-12 00:00:00,2026-03-27 00:00:00
351,3790,1128,1317,2,,,0,2023-06-01,2026-03-04,1,,1,,1,,0,2025-06-12 00:00:00,2026-03-27 00:00:00
352,3802,20401,1317,1,4039,132040,0,2005-07-12,2026-03-04,1,101,1,,1,,0,2025-06-12 00:00:00,2026-03-27 00:00:00
353,3806,20402,1318,1,4008,133024,0,2017-08-07,2026-03-04,1,101,0,,1,,0,2025-06-12 00:00:00,2026-03-27 00:00:00
354,3806,20403,1319,1,4008,133024,0,2019-08-26,2026-03-04,1,101,1,,1,,0,2025-06-12 00:00:00,2026-03-27 00:00:00
355,91,20404,1289,1,4021,134007,0,2015-05-13,2026-03-04,1,101,1,,1,,0,2025-06-13 00:00:00,2026-03-27 00:00:00
356,3865,637,630,1,4014,132201,0,2020-06-01,2026-03-04,1,101,1,,1,,0,2025-06-13 00:00:00,2026-03-27 00:00:00
357,3943,473,1187,1,,,0,2020-07-01,2026-03-04,1,101,1,,1,,0,2025-06-14 00:00:00,2026-03-27 00:00:00
358,3979,184,1303,1,4030,134310,0,2021-06-05,2026-03-04,1,101,1,,1,,0,2025-06-15 00:00:00,2026-03-27 00:00:00
359,4005,427,1202,1,4039,132864,0,2021-10-01,2026-03-04,1,101,0,,1,,0,2025-06-15 00:00:00,2026-03-27 00:00:00
360,4005,20405,1219,1,4039,0,0,2020-06-15,2026-03-04,1,101,0,,1,,0,2025-06-15 00:00:00,2026-03-27 00:00:00
361,4005,20405,1220,1,4039,132864,0,2019-06-15,2026-03-04,1,101,0,,1,,0,2025-06-15 00:00:00,2026-03-27 00:00:00
362,4019,84,1323,1,4031,58190,0,2013-06-01,2026-03-04,1,101,1,,1,,0,2025-06-15 00:00:00,2026-03-27 00:00:00
363,4062,473,1175,1,4008,133780,0,2021-04-01,2026-03-04,1,101,0,,1,,0,2025-06-16 00:00:00,2026-03-27 00:00:00
364,4062,478,1325,1,4008,133504,0,2025-06-15,2026-03-04,1,101,1,,1,,0,2025-06-16 00:00:00,2026-03-27 00:00:00
365,4087,397,1326,1,4039,132040,0,2023-07-15,2026-03-04,1,101,1,"uploads/document/1750056593_fac5a3a3ee299466d8d9.pdf,",1,,0,2025-06-16 00:00:00,2026-03-27 00:00:00
366,134,20409,1327,1,4021,134404,0,2009-06-01,2026-03-04,1,101,0,,1,,0,2025-06-16 00:00:00,2026-03-27 00:00:00
367,4057,117,1328,1,4021,133210,0,2012-07-23,2026-03-04,1,101,0,,1,,0,2025-06-16 00:00:00,2026-03-27 00:00:00
368,4057,117,1215,1,4021,133210,0,2009-07-27,2026-03-04,1,101,0,,1,,0,2025-06-16 00:00:00,2026-03-27 00:00:00
369,4057,5,1184,1,4022,57601,0,1997-07-14,2026-03-04,1,101,0,,1,,0,2025-06-16 00:00:00,2026-03-27 00:00:00
370,4057,133,1329,1,4021,133210,0,1994-07-18,2026-03-04,1,101,0,,1,,0,2025-06-16 00:00:00,2026-03-27 00:00:00
371,4091,133,1330,1,,,0,2013-07-01,2026-03-04,1,,0,,1,,0,2025-06-16 00:00:00,2026-03-27 00:00:00
372,4091,1128,1214,1,,,0,2018-01-01,2026-03-04,1,,0,,1,,0,2025-06-16 00:00:00,2026-03-27 00:00:00
373,4108,20411,1233,1,4021,133210,0,2023-06-16,2026-03-04,1,101,1,,1,,0,2025-06-16 00:00:00,2026-03-27 00:00:00
374,4119,5,1312,1,4022,132941,0,2021-08-18,2026-03-04,1,101,1,"uploads/document/1750073640_8b8d99ea2ea25c365abf.pdf,",1,,0,2025-06-16 00:00:00,2026-03-27 00:00:00
375,4137,20414,1264,1,,,0,2024-06-29,2026-03-04,1,101,1,,1,,0,2025-06-16 00:00:00,2026-03-27 00:00:00
376,4148,18745,1184,1,4021,154094,0,2022-07-01,2026-03-04,1,101,0,,1,,0,2025-06-16 00:00:00,2026-03-27 00:00:00
377,4148,20245,1233,1,4021,154094,0,2017-07-01,2026-03-04,1,101,0,"uploads/document/1750094895_147246583054965b3149.pdf,",1,,0,2025-06-16 00:00:00,2026-03-27 00:00:00
378,3846,20415,1092,1,4008,133504,0,2013-06-01,2026-03-04,1,101,1,,1,,0,2025-06-16 00:00:00,2026-03-27 00:00:00
379,4152,5013,1061,1,4039,132166,0,2018-08-01,2026-03-04,1,101,1,,1,,0,2025-06-16 00:00:00,2026-03-27 00:00:00
380,4186,20416,1233,1,,,0,2023-06-30,2026-03-04,1,101,1,,1,,0,2025-06-17 00:00:00,2026-03-27 00:00:00
381,4255,20417,1298,1,4008,132359,0,2021-09-17,2026-03-04,1,101,1,,1,,0,2025-06-17 00:00:00,2026-03-27 00:00:00
382,4304,133,1334,1,,,0,2022-11-02,2026-03-04,1,101,1,,1,,0,2025-06-18 00:00:00,2026-03-27 00:00:00
383,4322,832,1185,1,4016,132058,0,2023-08-16,2026-03-04,1,101,1,,1,,0,2025-06-18 00:00:00,2026-03-27 00:00:00
384,4331,20418,1302,1,4039,132181,0,2021-06-01,2026-03-04,1,101,0,,1,,0,2025-06-18 00:00:00,2026-03-27 00:00:00
385,4331,18711,1213,1,4039,132181,0,2022-07-12,2026-03-04,1,101,1,,1,,0,2025-06-18 00:00:00,2026-03-27 00:00:00
386,4411,444,1184,1,4008,133504,0,2020-08-01,2026-03-04,1,101,1,,1,,0,2025-06-18 00:00:00,2026-03-27 00:00:00
387,4433,20422,1337,1,4017,134369,0,2023-04-01,2026-03-04,1,101,1,,1,,0,2025-06-18 00:00:00,2026-03-27 00:00:00
388,4464,801,1233,1,4022,132958,0,2021-08-01,2026-03-04,1,101,0,"uploads/document/1750308724_dc608e97cda5ab76a6ea.pdf,",1,,0,2025-06-19 00:00:00,2026-03-27 00:00:00
389,4464,801,1184,1,4022,132958,0,2024-08-01,2026-03-04,1,101,1,,1,,0,2025-06-19 00:00:00,2026-03-27 00:00:00
390,4471,20423,1338,1,4012,132132,0,2017-06-19,2026-03-04,1,101,1,,1,,0,2025-06-19 00:00:00,2026-03-27 00:00:00
391,4474,5025,1100,1,4012,133574,0,2016-06-06,2026-03-04,1,101,1,,1,,0,2025-06-19 00:00:00,2026-03-27 00:00:00
392,4483,345,1339,1,4026,132016,0,2020-08-01,2026-03-04,1,101,0,,1,,0,2025-06-19 00:00:00,2026-03-27 00:00:00
393,4483,20424,1188,1,4026,58154,0,2017-07-10,2026-03-04,1,101,0,,1,,0,2025-06-19 00:00:00,2026-03-27 00:00:00
394,4486,20425,1184,1,4040,131801,0,2022-11-09,2026-03-04,1,101,0,"uploads/document/1750321627_760a81afbb9beed8d0b4.pdf,",1,,0,2025-06-19 00:00:00,2026-03-27 00:00:00
395,4486,20426,1340,1,4040,131801,0,2019-08-08,2026-03-04,1,101,0,"uploads/document/1750321783_df0e3f3f9ebaf66246ad.pdf,",1,,0,2025-06-19 00:00:00,2026-03-27 00:00:00
396,4432,435,1202,1,4008,133504,0,2021-07-07,2026-03-04,1,101,1,,1,,0,2025-06-19 00:00:00,2026-03-27 00:00:00
397,4480,20427,1185,1,4026,57848,0,2003-06-19,2026-03-04,1,101,0,"uploads/document/1750323425_dc14a6b2f6ce80f5d685.jpeg,uploads/document/1750323425_61fb9dfd91049cdcef1f.jpeg,uploads/document/1750323425_b13694719f0afd837347.jpeg,",1,,0,2025-06-19 00:00:00,2026-03-27 00:00:00
398,4480,20428,1341,2,,,0,2022-09-01,2026-03-04,1,,0,"uploads/document/1750323652_9ed681dd0799b5b1f789.pdf,",1,,0,2025-06-19 00:00:00,2026-03-27 00:00:00
399,4493,5061,1326,1,4013,58000,0,2023-12-06,2026-03-04,1,101,1,,1,,0,2025-06-19 00:00:00,2026-03-27 00:00:00
400,4499,20429,1241,1,4008,132556,0,2018-03-01,2026-03-04,1,101,1,,1,,0,2025-06-19 00:00:00,2026-03-27 00:00:00
401,4480,20430,33,1,4026,57848,0,2017-03-04,2026-03-04,1,101,0,"uploads/document/1750356849_f379c17b857e3bc4e9fa.jpeg,",1,,0,2025-06-19 00:00:00,2026-03-27 00:00:00
402,4441,20267,509,1,4008,133353,0,2024-08-19,2026-03-04,1,101,1,,1,,0,2025-06-19 00:00:00,2026-03-27 00:00:00
403,4568,482,1312,1,,,0,2006-06-19,2026-03-04,1,101,1,,1,,0,2025-06-20 00:00:00,2026-03-27 00:00:00
404,4589,20431,501,1,4008,134396,0,2021-08-01,2026-03-04,1,101,1,,1,,0,2025-06-20 00:00:00,2026-03-27 00:00:00
405,4577,473,1342,1,4008,133504,0,2022-07-12,2026-03-04,1,101,1,,1,,0,2025-06-20 00:00:00,2026-03-27 00:00:00
406,4598,389,1345,1,4022,132384,0,2018-08-01,2026-03-04,1,101,1,"uploads/document/1750399058_4ccc29ee73b0eec7c058.pdf,",1,,0,2025-06-20 00:00:00,2026-03-27 00:00:00
407,4635,718,1101,1,4017,131627,0,2012-06-12,2026-03-04,1,101,0,,1,,0,2025-06-20 00:00:00,2026-03-27 00:00:00
408,4635,718,1194,1,4017,131627,0,2010-06-12,2026-03-04,1,101,0,,1,,0,2025-06-20 00:00:00,2026-03-27 00:00:00
409,4652,4752,1184,1,4022,0,0,2023-10-04,2026-03-04,1,101,1,,1,,0,2025-06-20 00:00:00,2026-03-27 00:00:00
410,4655,19889,1220,1,4022,132384,0,2014-05-16,2026-03-04,1,101,0,,1,,0,2025-06-20 00:00:00,2026-03-27 00:00:00
411,4655,19889,1198,1,4022,132384,0,2015-05-14,2026-03-04,1,101,1,,1,,0,2025-06-20 00:00:00,2026-03-27 00:00:00
412,4658,20247,1219,1,4022,6082,0,2012-06-20,2026-03-04,1,101,1,,1,,0,2025-06-20 00:00:00,2026-03-27 00:00:00
413,4682,744,1225,1,4022,131991,0,2018-07-01,2026-03-04,1,101,0,,1,,0,2025-06-20 00:00:00,2026-03-27 00:00:00
414,4682,20437,1349,1,4022,6082,0,2023-08-15,2026-03-04,1,101,1,,1,,0,2025-06-20 00:00:00,2026-03-27 00:00:00
415,4711,20440,1198,1,4021,154084,0,2021-06-20,2026-03-04,1,101,1,,1,,0,2025-06-21 00:00:00,2026-03-27 00:00:00
416,4716,20441,1184,1,4022,133230,0,2024-09-10,2026-03-04,1,101,0,,1,,0,2025-06-21 00:00:00,2026-03-27 00:00:00
417,4716,20442,1233,1,4022,133127,0,2021-09-10,2026-03-04,1,101,0,,1,,0,2025-06-21 00:00:00,2026-03-27 00:00:00
418,4716,19869,1198,1,4022,133127,0,2020-04-03,2026-03-04,1,101,0,,1,,0,2025-06-21 00:00:00,2026-03-27 00:00:00
419,4716,19869,1205,1,4022,133127,0,2018-04-03,2026-03-04,1,101,0,,1,,0,2025-06-21 00:00:00,2026-03-27 00:00:00
420,4736,20443,1219,1,4022,147473,0,2012-06-21,2026-03-04,1,101,1,,1,,0,2025-06-21 00:00:00,2026-03-27 00:00:00
421,4734,20444,1236,1,4008,133504,0,2019-07-20,2026-03-04,1,101,1,,1,,0,2025-06-21 00:00:00,2026-03-27 00:00:00
422,4738,15481,1219,1,4021,132032,0,2016-06-21,2026-03-04,1,101,1,,1,,0,2025-06-21 00:00:00,2026-03-27 00:00:00
423,4737,5438,1219,1,,,0,2021-03-18,2026-03-04,1,101,1,,1,,0,2025-06-21 00:00:00,2026-03-27 00:00:00
424,4739,11,1261,1,4039,132032,0,2021-05-06,2026-03-04,1,101,1,,1,,0,2025-06-21 00:00:00,2026-03-27 00:00:00
425,4729,389,1261,1,,,0,2020-08-14,2026-03-04,1,101,1,,1,,0,2025-06-21 00:00:00,2026-03-27 00:00:00
426,4743,271,1312,1,4016,131676,0,2015-07-15,2026-03-04,1,101,1,,1,,0,2025-06-21 00:00:00,2026-03-27 00:00:00
427,4713,473,1298,1,4008,133504,0,2021-11-21,2026-03-04,1,101,0,"uploads/document/1750509610_5d18f67159cede1c757a.pdf,",1,,0,2025-06-21 00:00:00,2026-03-27 00:00:00
428,4713,1190,1215,1,4014,132201,0,2025-06-02,2026-03-04,1,101,1,,1,,0,2025-06-21 00:00:00,2026-03-27 00:00:00
429,4749,13333,1220,1,4026,57922,0,2004-06-01,2026-03-04,1,101,0,,1,,0,2025-06-21 00:00:00,2026-03-27 00:00:00
430,4749,10995,1219,1,4026,57922,0,2015-06-01,2026-03-04,1,101,0,,1,,0,2025-06-21 00:00:00,2026-03-27 00:00:00
431,4757,20447,1353,1,4030,131900,0,2021-07-21,2026-03-04,1,101,1,,1,,0,2025-06-21 00:00:00,2026-03-27 00:00:00
432,4780,473,1354,1,4008,133504,0,2023-07-15,2026-03-04,1,101,1,,1,,0,2025-06-22 00:00:00,2026-03-27 00:00:00
433,4385,20448,1306,1,4008,57689,0,2019-08-07,2026-03-04,1,101,0,,1,,0,2025-06-22 00:00:00,2026-03-27 00:00:00
434,4820,133,1228,2,,,0,2022-06-15,2026-03-04,1,,1,"uploads/document/1750569878_a8124553bfa9ac485a16.pdf,",1,,0,2025-06-22 00:00:00,2026-03-27 00:00:00
435,4819,447,1219,1,4008,58192,0,2015-03-01,2026-03-04,1,101,1,"uploads/document/1750570068_f10bb3a363b553f97b26.jpg,",1,,0,2025-06-22 00:00:00,2026-03-27 00:00:00
436,4836,76,1198,1,4012,134451,0,2020-05-01,2026-03-04,1,101,0,,1,,0,2025-06-22 00:00:00,2026-03-27 00:00:00
437,4875,20449,1241,1,4020,133525,0,2020-11-28,2026-03-04,1,101,1,,1,,0,2025-06-22 00:00:00,2026-03-27 00:00:00
438,4950,20450,1355,1,4012,132132,0,2018-06-23,2026-03-04,1,101,1,,1,,0,2025-06-23 00:00:00,2026-03-27 00:00:00
439,4953,20451,1356,1,4008,0,0,2019-07-09,2026-03-04,1,101,1,,1,,0,2025-06-23 00:00:00,2026-03-27 00:00:00
440,4745,20247,1221,1,4022,132384,0,2019-04-09,2026-03-04,1,101,1,,1,,0,2025-06-23 00:00:00,2026-03-27 00:00:00
441,4996,361,1261,1,4022,132384,0,2020-08-11,2026-03-04,1,101,0,,1,,0,2025-06-23 00:00:00,2026-03-27 00:00:00
442,4996,20454,1358,1,4022,132384,0,2024-09-23,2026-03-04,1,101,1,,1,,0,2025-06-23 00:00:00,2026-03-27 00:00:00
443,4995,822,1198,1,4037,132032,0,2022-04-06,2026-03-04,1,101,1,,1,,0,2025-06-23 00:00:00,2026-03-27 00:00:00
444,5006,20247,1192,1,,,0,2023-06-23,2026-03-04,1,,1,,1,,0,2025-06-23 00:00:00,2026-03-27 00:00:00
445,5014,20455,1233,1,,,0,2022-09-23,2026-03-04,1,,0,"uploads/document/728addcc5748d5745eb86d2db11be1059436279e4c136e277da49754e05441a6.png,uploads/document/3e78134761eac8f383f47ad092088d67d5b1896a587600bfc6e679cdc04eabf4.pdf,/uploads/document/8d28cc9425a030067d86b282cc86301fca4a30aab6ece9b3e638f53cdda88b59.pdf,",1,,1,2025-06-23 00:00:00,2026-03-27 00:00:00
446,5014,20457,1198,1,4022,131692,0,2015-07-15,2026-03-04,1,101,0,"uploads/document/728addcc5748d5745eb86d2db11be1059436279e4c136e277da49754e05441a6.png,uploads/document/3e78134761eac8f383f47ad092088d67d5b1896a587600bfc6e679cdc04eabf4.pdf,/uploads/document/8d28cc9425a030067d86b282cc86301fca4a30aab6ece9b3e638f53cdda88b59.pdf,",1,,1,2025-06-23 00:00:00,2026-03-27 00:00:00
447,5014,20458,1220,1,4022,131692,0,2013-07-11,2026-03-04,1,101,0,"uploads/document/728addcc5748d5745eb86d2db11be1059436279e4c136e277da49754e05441a6.png,uploads/document/3e78134761eac8f383f47ad092088d67d5b1896a587600bfc6e679cdc04eabf4.pdf,/uploads/document/8d28cc9425a030067d86b282cc86301fca4a30aab6ece9b3e638f53cdda88b59.pdf,",1,,1,2025-06-23 00:00:00,2026-03-27 00:00:00
448,5030,133,1190,1,4021,131679,0,2017-04-01,2026-03-04,1,101,0,,1,,0,2025-06-23 00:00:00,2026-03-27 00:00:00
449,5030,20461,1364,1,4021,131679,0,2017-04-01,2026-03-04,1,101,0,,1,,0,2025-06-23 00:00:00,2026-03-27 00:00:00
450,5042,473,1216,1,4008,133504,0,2018-08-01,2026-03-04,1,101,1,,1,,0,2025-06-23 00:00:00,2026-03-27 00:00:00
451,4930,741,1183,1,4022,133230,0,2021-08-01,2026-03-04,1,101,1,,1,,0,2025-06-23 00:00:00,2026-03-27 00:00:00
452,5064,473,1298,1,4008,133504,0,2020-06-16,2026-03-04,1,101,1,,1,,0,2025-06-23 00:00:00,2026-03-27 00:00:00
453,5079,4954,1223,1,4040,131801,0,2023-03-24,2026-03-04,1,101,1,,1,,0,2025-06-24 00:00:00,2026-03-27 00:00:00
454,5086,20464,1219,1,4012,132132,0,2020-08-11,2026-03-04,1,101,1,"uploads/document/1750707710_5d4f202cd57c52909657.jpg,",1,,0,2025-06-24 00:00:00,2026-03-27 00:00:00
455,5096,20465,1220,1,4022,57764,0,1991-04-01,2026-03-04,1,101,1,,1,,0,2025-06-24 00:00:00,2026-03-27 00:00:00
456,5106,511,1122,1,,,0,2020-06-24,2026-03-04,1,101,1,,1,,0,2025-06-24 00:00:00,2026-03-27 00:00:00
457,5137,20466,1368,1,,,0,2017-06-24,2026-03-04,1,101,1,"uploads/document/1750772930_06471bd93107bc33c2a1.jpg,",1,,0,2025-06-24 00:00:00,2026-03-27 00:00:00
458,5168,20467,1269,1,4008,134267,0,2021-09-14,2026-03-04,1,101,1,,1,,0,2025-06-24 00:00:00,2026-03-27 00:00:00
459,5234,20468,1048,1,4008,134267,0,2023-06-01,2026-03-04,1,101,0,,1,,0,2025-06-25 00:00:00,2026-03-27 00:00:00
460,5234,20469,234,1,4008,134267,0,2019-06-25,2026-03-04,1,101,0,,1,,0,2025-06-25 00:00:00,2026-03-27 00:00:00
461,5250,668,1206,1,4022,132032,0,2020-04-08,2026-03-04,1,101,1,,1,,0,2025-06-25 00:00:00,2026-03-27 00:00:00
462,5255,20470,1306,1,4022,132384,0,2023-08-01,2026-03-04,1,101,1,,1,,0,2025-06-25 00:00:00,2026-03-27 00:00:00
463,5258,20471,1369,1,4022,132384,0,2018-07-01,2026-03-04,1,101,1,"uploads/document/1750859044_27619b0c7faab997227c.pdf,",1,,0,2025-06-25 00:00:00,2026-03-27 00:00:00
464,5294,20472,1312,1,4008,,0,2021-06-15,2026-03-04,1,101,1,"uploads/document/1750872933_4447232d2f6a511420c7.jpg,",1,,0,2025-06-25 00:00:00,2026-03-27 00:00:00
465,5298,482,1370,1,4008,133024,0,2022-06-25,2026-03-04,1,101,1,,1,,0,2025-06-25 00:00:00,2026-03-27 00:00:00
466,5361,637,1214,1,4014,132201,0,2024-04-01,2026-03-04,1,101,1,,1,,0,2025-06-26 00:00:00,2026-03-27 00:00:00
467,5365,12,1219,1,4024,132032,0,2015-04-01,2026-03-04,1,101,1,,1,,0,2025-06-26 00:00:00,2026-03-27 00:00:00
468,5455,7169,1371,1,4021,134404,0,2023-05-11,2026-03-04,1,101,0,,1,,0,2025-06-27 00:00:00,2026-03-27 00:00:00
469,5455,20473,1372,1,4021,134404,0,2022-06-27,2026-03-04,1,101,1,,1,,0,2025-06-27 00:00:00,2026-03-27 00:00:00
470,5474,20474,1198,1,4017,132032,0,2013-06-27,2026-03-04,1,101,0,,1,,0,2025-06-27 00:00:00,2026-03-27 00:00:00
471,5477,805,1219,1,4030,132032,0,2013-03-27,2026-03-04,1,101,1,,1,,0,2025-06-27 00:00:00,2026-03-27 00:00:00
472,5478,1,1219,1,4022,132032,0,2010-06-27,2026-03-04,1,101,1,,1,,0,2025-06-27 00:00:00,2026-03-27 00:00:00
473,5475,254,1261,1,4020,,0,2019-03-10,2026-03-04,1,101,1,,1,,0,2025-06-27 00:00:00,2026-03-27 00:00:00
474,5479,20475,1198,1,4021,132032,0,2020-06-27,2026-03-04,1,101,1,,1,,0,2025-06-27 00:00:00,2026-03-27 00:00:00
475,5482,20476,1220,1,4021,132032,0,2011-06-27,2026-03-04,1,101,1,,1,,0,2025-06-27 00:00:00,2026-03-27 00:00:00
476,5488,20252,1198,1,4022,133580,0,2008-04-01,2026-03-04,1,101,1,,1,,0,2025-06-27 00:00:00,2026-03-27 00:00:00
477,5491,775,1221,1,4022,,0,2010-04-01,2026-03-04,1,101,1,,1,,0,2025-06-27 00:00:00,2026-03-27 00:00:00
478,5499,17842,1219,1,4022,132384,0,2022-03-10,2026-03-04,1,101,1,,1,,0,2025-06-27 00:00:00,2026-03-27 00:00:00
479,5504,741,1233,1,4022,,0,2023-08-01,2026-03-04,1,101,1,,1,,0,2025-06-28 00:00:00,2026-03-27 00:00:00
480,5532,242,1354,1,4007,132032,0,2023-08-28,2026-03-04,1,101,0,,1,,0,2025-06-28 00:00:00,2026-03-27 00:00:00
481,5532,20477,1225,1,4031,58190,0,2020-08-28,2026-03-04,1,101,0,"uploads/document/1751078252_a766b74f876bca30b05c.pdf,",1,,0,2025-06-28 00:00:00,2026-03-27 00:00:00
482,5532,11741,1219,1,4007,131757,0,2018-03-28,2026-03-04,1,101,0,,1,,0,2025-06-28 00:00:00,2026-03-27 00:00:00
483,5528,482,1221,1,4008,133024,0,1995-06-28,2026-03-04,1,101,1,,1,,0,2025-06-28 00:00:00,2026-03-27 00:00:00
484,5503,20247,1373,1,4022,132384,0,2024-08-21,2026-03-04,1,101,1,,1,,0,2025-06-28 00:00:00,2026-03-27 00:00:00
485,5546,714,1061,1,4012,132132,0,2021-11-21,2026-03-04,1,101,1,,1,,0,2025-06-28 00:00:00,2026-03-27 00:00:00
486,5556,473,1374,1,4008,133504,0,2023-11-27,2026-03-04,1,101,0,,1,,0,2025-06-28 00:00:00,2026-03-27 00:00:00
487,5556,20478,1375,1,4008,133504,0,2020-08-21,2026-03-04,1,101,0,,1,,0,2025-06-28 00:00:00,2026-03-27 00:00:00
488,5558,20479,1277,1,4026,57848,0,2022-09-10,2026-03-04,1,101,1,,1,,0,2025-06-28 00:00:00,2026-03-27 00:00:00
489,5563,20480,1376,1,4022,132032,0,2015-06-28,2026-03-04,1,101,1,,1,,0,2025-06-28 00:00:00,2026-03-27 00:00:00
490,5557,472,1377,1,4008,133039,0,2015-07-16,2026-03-04,1,101,1,,1,,0,2025-06-28 00:00:00,2026-03-27 00:00:00
491,5559,20481,1061,1,4039,57995,0,2022-11-01,2026-03-04,1,101,1,,1,,0,2025-06-28 00:00:00,2026-03-27 00:00:00
492,5566,20322,1303,1,4022,132782,0,2015-06-28,2026-03-04,1,101,1,,1,,0,2025-06-28 00:00:00,2026-03-27 00:00:00
493,5569,801,1190,2,,,0,2023-03-28,2026-03-04,1,,1,,1,,0,2025-06-28 00:00:00,2026-03-27 00:00:00
494,5570,5,1219,1,4022,147473,0,2015-06-28,2026-03-04,1,101,1,,1,,0,2025-06-28 00:00:00,2026-03-27 00:00:00
495,134,3,948,1,4021,,0,2025-05-01,2026-03-04,1,101,0,,1,,1,2025-06-28 00:00:00,2026-03-27 00:00:00
496,5576,331,1198,1,1801,,0,2020-06-28,2026-03-04,1,102,1,,1,,0,2025-06-28 00:00:00,2026-03-27 00:00:00
497,5582,3,1198,1,4039,132032,0,2019-06-28,2026-03-04,1,101,1,,1,,0,2025-06-28 00:00:00,2026-03-27 00:00:00
498,5583,5,1219,1,4037,133052,0,2021-06-28,2026-03-04,1,101,0,,1,,0,2025-06-28 00:00:00,2026-03-27 00:00:00
499,5583,5,948,1,4037,133052,0,2023-02-10,2026-03-04,1,101,1,,1,,0,2025-06-28 00:00:00,2026-03-27 00:00:00
500,5592,4,948,1,4039,132032,0,2021-06-28,2026-03-04,1,101,1,,1,,0,2025-06-28 00:00:00,2026-03-27 00:00:00
501,5590,5,1220,1,4024,132032,0,2013-05-06,2026-03-04,1,101,1,,1,,0,2025-06-28 00:00:00,2026-03-27 00:00:00
502,5511,20482,1219,1,4008,147670,0,2017-06-15,2026-03-04,1,101,0,"uploads/document/1751099289_2a01acfddadcc3e958bd.pdf,",1,,0,2025-06-28 00:00:00,2026-03-27 00:00:00
503,5511,473,1209,1,4008,147670,0,2018-07-10,2026-03-04,1,101,0,"uploads/document/1751099420_bde7dfb1ebcffc71f1ea.pdf,",1,,0,2025-06-28 00:00:00,2026-03-27 00:00:00
504,5511,473,1184,1,4008,133504,0,2021-12-06,2026-03-04,1,101,1,"uploads/document/1751099622_7aa2544cfbb72667833a.pdf,",1,,0,2025-06-28 00:00:00,2026-03-27 00:00:00
505,5615,473,1241,1,4008,133780,0,2021-07-15,2026-03-04,1,101,1,,1,,0,2025-06-28 00:00:00,2026-03-27 00:00:00
506,5615,20482,1061,1,4008,147670,0,2019-06-15,2026-03-04,1,101,0,,1,,0,2025-06-28 00:00:00,2026-03-27 00:00:00
507,5637,20483,92,1,4021,154084,0,2015-12-12,2026-03-04,1,101,0,,1,,0,2025-06-28 00:00:00,2026-03-27 00:00:00
508,5646,473,1184,1,4008,133504,0,2023-07-30,2026-03-04,1,101,1,,1,,0,2025-06-28 00:00:00,2026-03-27 00:00:00
509,5685,20484,33,1,4021,133230,0,2024-09-01,2026-03-04,1,101,1,,1,,0,2025-06-29 00:00:00,2026-03-27 00:00:00
510,5689,20485,1340,1,4008,132556,0,2021-05-01,2026-03-04,1,101,1,"uploads/document/1751175670_9bedc3d3078a5246763b.pdf,",1,,0,2025-06-29 00:00:00,2026-03-27 00:00:00
511,5760,466,1239,1,4008,132214,0,2018-03-15,2026-03-04,1,101,1,,1,,0,2025-06-29 00:00:00,2026-03-27 00:00:00
512,5764,751,1185,1,4022,132005,0,2022-08-29,2026-03-04,1,101,0,,1,,0,2025-06-29 00:00:00,2026-03-27 00:00:00
513,5783,1,1215,1,4017,133088,0,2022-06-01,2026-03-04,1,101,1,,1,,0,2025-06-30 00:00:00,2026-03-27 00:00:00
514,5804,20486,1220,1,4021,133210,0,2019-04-10,2026-03-04,1,101,0,,1,,0,2025-06-30 00:00:00,2026-03-27 00:00:00
515,5804,20486,1219,1,4021,133210,0,2021-05-09,2026-03-04,1,101,0,,1,,0,2025-06-30 00:00:00,2026-03-27 00:00:00
516,5804,20269,33,1,4021,133210,0,2025-01-17,2026-03-04,1,101,0,,1,,0,2025-06-30 00:00:00,2026-03-27 00:00:00
517,5818,6,1198,1,4021,132032,0,2015-04-08,2026-03-04,1,101,1,,1,,0,2025-06-30 00:00:00,2026-03-27 00:00:00
518,5831,199,12,1,4021,132032,0,2021-06-30,2026-03-04,1,101,1,,1,,0,2025-06-30 00:00:00,2026-03-27 00:00:00
519,5836,22,1042,1,4021,132032,0,2023-04-01,2026-03-04,1,101,1,,1,,0,2025-06-30 00:00:00,2026-03-27 00:00:00
520,5838,345,1255,1,4026,132016,0,2020-08-01,2026-03-04,1,101,1,,1,,0,2025-06-30 00:00:00,2026-03-27 00:00:00
521,5845,5378,1198,1,4021,132032,0,2017-04-03,2026-03-04,1,101,1,,1,,0,2025-06-30 00:00:00,2026-03-27 00:00:00
522,5847,8858,1198,1,4022,132032,0,2015-04-02,2026-03-04,1,101,1,,1,,0,2025-06-30 00:00:00,2026-03-27 00:00:00
523,5821,219,1190,1,,,0,2023-06-30,2026-03-04,1,101,0,,1,,0,2025-06-30 00:00:00,2026-03-27 00:00:00
524,5853,5,1198,1,4021,132032,0,2010-03-04,2026-03-04,1,101,1,,1,,0,2025-06-30 00:00:00,2026-03-27 00:00:00
525,5866,20487,1185,1,4007,131853,0,2025-06-30,2026-03-04,1,101,1,,1,,0,2025-06-30 00:00:00,2026-03-27 00:00:00
526,5901,225,1213,1,4007,131853,0,2022-06-22,2026-03-04,1,101,1,,1,,0,2025-06-30 00:00:00,2026-03-27 00:00:00
527,134,8,729,1,4021,,0,2021-01-01,2026-03-04,1,101,0,,1,,1,2025-07-01 00:00:00,2026-03-27 00:00:00
528,5973,783,1215,1,4022,132005,0,2020-08-01,2026-03-04,1,101,1,"uploads/document/1751357051_bdf58b7f2cbec24e49e5.jpeg,",1,,0,2025-07-01 00:00:00,2026-03-27 00:00:00
529,5991,20488,1221,1,4022,133051,0,2018-05-01,2026-03-04,1,101,1,,1,,0,2025-07-01 00:00:00,2026-03-27 00:00:00
530,5992,3,1198,1,4039,132032,0,2018-07-01,2026-03-04,1,101,1,,1,,0,2025-07-01 00:00:00,2026-03-27 00:00:00
531,5998,14,1219,1,4021,132032,0,2019-05-02,2026-03-04,1,101,1,,1,,0,2025-07-01 00:00:00,2026-03-27 00:00:00
532,6006,10,948,1,4021,132032,0,2014-07-01,2026-03-04,1,101,1,,1,,0,2025-07-01 00:00:00,2026-03-27 00:00:00
533,6012,3,1198,1,4021,132032,0,2010-07-05,2026-03-04,1,101,1,,1,,0,2025-07-01 00:00:00,2026-03-27 00:00:00
534,6013,20489,1198,1,4021,132032,0,2013-07-01,2026-03-04,1,101,1,,1,,0,2025-07-01 00:00:00,2026-03-27 00:00:00
535,6018,563,1303,1,4015,132122,0,2016-01-14,2026-03-04,1,101,0,,1,,0,2025-07-01 00:00:00,2026-03-27 00:00:00
536,6033,470,1184,1,4008,133177,0,2022-09-19,2026-03-04,1,101,0,,1,,0,2025-07-01 00:00:00,2026-03-27 00:00:00
537,6033,1233,1210,1,4008,133504,0,2018-07-10,2026-03-04,1,101,0,"uploads/document/1751371406_9328e5cde7c1db76bc37.pdf,",1,,0,2025-07-01 00:00:00,2026-03-27 00:00:00
538,6033,13583,1220,1,4008,58005,0,2015-04-06,2026-03-04,1,101,0,"uploads/document/1751371539_5568f2f4909a8b090b57.jpg,",1,,0,2025-07-01 00:00:00,2026-03-27 00:00:00
539,6033,13583,1219,1,4008,58005,0,2017-04-03,2026-03-04,1,101,0,"uploads/document/1751371623_42fab3460096eb513081.pdf,",1,,0,2025-07-01 00:00:00,2026-03-27 00:00:00
540,6040,469,1379,1,4008,132100,0,2011-07-01,2026-03-04,1,101,0,"uploads/document/1751374387_61a11c1979122e7c1296.jpg,",1,,0,2025-07-01 00:00:00,2026-03-27 00:00:00
541,6047,20491,1300,1,4017,58021,0,2018-08-08,2026-03-04,1,101,1,,1,,0,2025-07-01 00:00:00,2026-03-27 00:00:00
542,6078,473,1094,1,4008,133504,0,2024-07-01,2026-03-04,1,101,1,,1,,0,2025-07-01 00:00:00,2026-03-27 00:00:00
543,6136,1,1198,1,4021,132032,0,2013-05-06,2026-03-04,1,101,1,,1,,0,2025-07-02 00:00:00,2026-03-27 00:00:00
544,6141,1,1220,1,4021,132032,0,2021-07-02,2026-03-04,1,101,1,,1,,0,2025-07-02 00:00:00,2026-03-27 00:00:00
545,6147,3,1198,1,4021,132032,0,2015-07-02,2026-03-04,1,101,1,,1,,0,2025-07-02 00:00:00,2026-03-27 00:00:00
546,6153,745,1380,1,4022,133913,0,2012-08-15,2026-03-04,1,101,0,,1,,0,2025-07-02 00:00:00,2026-03-27 00:00:00
547,6153,745,1381,1,4022,133913,0,2016-08-15,2026-03-04,1,101,0,,1,,0,2025-07-02 00:00:00,2026-03-27 00:00:00
548,6162,1,1198,1,4021,132032,0,2020-04-03,2026-03-04,1,101,1,,1,,0,2025-07-02 00:00:00,2026-03-27 00:00:00
549,6166,1,1219,1,4021,132032,0,2016-07-02,2026-03-04,1,101,1,,1,,0,2025-07-02 00:00:00,2026-03-27 00:00:00
550,6167,473,1298,1,4008,133177,0,2019-07-31,2026-03-04,1,101,1,,1,,0,2025-07-02 00:00:00,2026-03-27 00:00:00
551,6177,20493,1185,1,4016,131676,0,2023-08-01,2026-03-04,1,101,1,,1,,0,2025-07-02 00:00:00,2026-03-27 00:00:00
552,6168,20494,1367,1,4039,132040,0,2022-04-01,2026-03-04,1,101,0,"uploads/document/1751454034_2d16dde8327c781ad3e9.jpg,",1,,0,2025-07-02 00:00:00,2026-03-27 00:00:00
553,6168,20495,1220,1,4039,132040,0,2019-04-01,2026-03-04,1,101,0,"uploads/document/1751454159_b59dc800303ad1ec2b6d.jpg,",1,,0,2025-07-02 00:00:00,2026-03-27 00:00:00
554,6168,20496,1219,1,4039,132040,0,2021-04-01,2026-03-04,1,101,0,"uploads/document/1751454237_decd5f1a0809e14d3d90.jpg,",1,,0,2025-07-02 00:00:00,2026-03-27 00:00:00
555,6184,10,1122,1,4021,132032,0,2021-04-02,2026-03-04,1,101,1,,1,,0,2025-07-02 00:00:00,2026-03-27 00:00:00
556,6186,221,124,1,4021,132032,0,2013-05-06,2026-03-04,1,101,1,,1,,0,2025-07-02 00:00:00,2026-03-27 00:00:00
557,6203,20497,1210,1,4022,132958,0,2024-08-22,2026-03-04,1,101,1,,1,,0,2025-07-02 00:00:00,2026-03-27 00:00:00
558,3920,20499,1188,1,4022,57601,0,2016-08-01,2026-03-04,1,101,1,,1,,0,2025-07-03 00:00:00,2026-03-27 00:00:00
559,6247,5045,1276,1,4017,58021,0,2021-12-07,2026-03-04,1,101,0,,1,,0,2025-07-03 00:00:00,2026-03-27 00:00:00
560,6247,18806,1198,1,4017,133300,0,2019-05-01,2026-03-04,1,101,0,,1,,0,2025-07-03 00:00:00,2026-03-27 00:00:00
561,6247,6170,1205,1,4017,133300,0,2018-03-05,2026-03-04,1,101,0,,1,,0,2025-07-03 00:00:00,2026-03-27 00:00:00
562,6259,5,1198,1,4021,132032,0,2013-07-03,2026-03-04,1,101,1,,1,,0,2025-07-03 00:00:00,2026-03-27 00:00:00
563,6273,3,1219,1,4021,132032,0,2016-04-05,2026-03-04,1,101,1,,1,,0,2025-07-03 00:00:00,2026-03-27 00:00:00
564,6275,13,1220,1,4021,132032,0,2016-03-07,2026-03-04,1,101,1,,1,,0,2025-07-03 00:00:00,2026-03-27 00:00:00
565,6279,20500,1205,1,4021,132032,0,2018-05-07,2026-03-04,1,101,1,,1,,0,2025-07-03 00:00:00,2026-03-27 00:00:00
566,6285,20282,1198,1,4021,132032,0,2014-05-08,2026-03-04,1,101,1,,1,,0,2025-07-03 00:00:00,2026-03-27 00:00:00
567,6288,20501,1205,1,4021,132032,0,1987-04-06,2026-03-04,1,101,1,,1,,0,2025-07-03 00:00:00,2026-03-27 00:00:00
568,6302,802,1236,1,4022,133001,0,2022-08-22,2026-03-04,1,101,0,,1,,0,2025-07-03 00:00:00,2026-03-27 00:00:00
569,6302,6518,1205,1,4039,57721,0,2010-06-21,2026-03-04,1,101,0,,1,,0,2025-07-03 00:00:00,2026-03-27 00:00:00
570,6330,820,1326,1,4016,58020,0,2022-08-05,2026-03-04,1,101,0,,1,,0,2025-07-03 00:00:00,2026-03-27 00:00:00
571,6330,820,1373,1,4016,133123,0,2019-07-04,2026-03-04,1,101,0,"uploads/document/1751556314_d9730dcddaff0438f656.jpg,",1,,0,2025-07-03 00:00:00,2026-03-27 00:00:00
572,6330,20502,1219,1,4016,133123,0,2018-07-04,2026-03-04,1,101,0,"uploads/document/1751556401_f9fddf6f933e369d3cb1.jpg,",1,,0,2025-07-03 00:00:00,2026-03-27 00:00:00
573,6330,20502,1220,1,4016,133123,0,2016-07-05,2026-03-04,1,101,0,"uploads/document/1751556472_c665811b2189197113c4.jpg,",1,,0,2025-07-03 00:00:00,2026-03-27 00:00:00
574,6346,20247,1210,1,4022,132384,0,2019-04-05,2026-03-04,1,101,1,,1,,0,2025-07-03 00:00:00,2026-03-27 00:00:00
575,6326,469,1188,1,4008,133116,0,2021-10-12,2026-03-04,1,101,1,"uploads/document/1751559870_1ee2f565fe771c0edb5d.jpg,",1,,0,2025-07-03 00:00:00,2026-03-27 00:00:00
576,6378,20505,1300,1,4007,133999,0,2021-12-04,2026-03-04,1,101,1,,1,,0,2025-07-04 00:00:00,2026-03-27 00:00:00
577,6414,1,1219,1,4021,132032,0,2014-05-12,2026-03-04,1,101,1,,1,,0,2025-07-04 00:00:00,2026-03-27 00:00:00
578,6413,14,1221,1,4021,132032,0,2014-05-05,2026-03-04,1,101,1,,1,,0,2025-07-04 00:00:00,2026-03-27 00:00:00
579,6416,20506,1198,1,4021,132032,0,2015-05-06,2026-03-04,1,101,1,,1,,0,2025-07-04 00:00:00,2026-03-27 00:00:00
580,6417,20507,1219,1,4021,132032,0,2016-07-04,2026-03-04,1,101,1,,1,,0,2025-07-04 00:00:00,2026-03-27 00:00:00
581,6420,20501,1198,1,4021,132032,0,2013-04-08,2026-03-04,1,101,1,,1,,0,2025-07-04 00:00:00,2026-03-27 00:00:00
582,6423,20501,1198,1,4021,132032,0,2013-05-06,2026-03-04,1,101,1,,1,,0,2025-07-04 00:00:00,2026-03-27 00:00:00
583,6442,20501,1198,1,4021,132032,0,2013-03-06,2026-03-04,1,101,1,,1,,0,2025-07-04 00:00:00,2026-03-27 00:00:00
584,6453,20501,1198,1,4021,132032,0,2020-05-01,2026-03-04,1,101,1,,1,,0,2025-07-04 00:00:00,2026-03-27 00:00:00
585,6018,20508,1093,1,4015,132122,0,2013-06-01,2026-03-04,1,101,0,,1,,0,2025-07-04 00:00:00,2026-03-27 00:00:00
586,6464,5,1187,1,4022,57601,0,2022-08-09,2026-03-04,1,101,1,,1,,0,2025-07-04 00:00:00,2026-03-27 00:00:00
587,6032,836,1185,1,4022,131676,0,2020-07-14,2026-03-04,1,101,0,,1,,0,2025-07-04 00:00:00,2026-03-27 00:00:00
588,6032,836,1383,1,4016,131676,0,2023-08-10,2026-03-04,1,101,0,,1,,0,2025-07-04 00:00:00,2026-03-27 00:00:00
589,6032,16100,1302,1,4016,131676,0,2019-04-01,2026-03-04,1,101,0,,1,,0,2025-07-04 00:00:00,2026-03-27 00:00:00
590,6550,20257,1185,1,,,0,2022-09-20,2026-03-04,1,101,1,,1,,0,2025-07-05 00:00:00,2026-03-27 00:00:00
591,6571,20511,1100,1,4012,,0,2009-06-05,2026-03-04,1,101,1,,1,,0,2025-07-05 00:00:00,2026-03-27 00:00:00
592,6572,20512,1239,1,4008,133504,0,2021-12-13,2026-03-04,1,101,0,,1,,0,2025-07-05 00:00:00,2026-03-27 00:00:00
593,6572,20513,1219,1,4008,133504,0,2020-06-15,2026-03-04,1,101,0,"uploads/document/1751692730_1674777bd26e27cac799.pdf,",1,,0,2025-07-05 00:00:00,2026-03-27 00:00:00
594,6564,20514,1236,1,4012,132132,0,2020-07-07,2026-03-04,1,101,1,"uploads/document/1751695884_570700c899cc92b1c7ee.pdf,",1,,0,2025-07-05 00:00:00,2026-03-27 00:00:00
595,6500,20515,1385,1,4022,131929,0,2016-07-01,2026-03-04,1,101,1,,1,,0,2025-07-05 00:00:00,2026-03-27 00:00:00
596,6610,20501,1198,1,4021,132032,0,2011-03-03,2026-03-04,1,101,1,,1,,0,2025-07-05 00:00:00,2026-03-27 00:00:00
597,6616,20501,1198,1,4021,132032,0,2016-05-05,2026-03-04,1,101,1,,1,,0,2025-07-05 00:00:00,2026-03-27 00:00:00
598,6617,20501,1220,1,4021,132032,0,2010-05-01,2026-03-04,1,101,1,,1,,0,2025-07-05 00:00:00,2026-03-27 00:00:00
599,6618,20501,1220,1,4021,132032,0,2015-05-01,2026-03-04,1,101,1,,1,,0,2025-07-05 00:00:00,2026-03-27 00:00:00
600,6670,464,1255,1,4008,133504,0,2022-08-21,2026-03-04,1,101,0,,1,,0,2025-07-06 00:00:00,2026-03-27 00:00:00
601,6689,473,1298,1,4008,133504,0,2022-01-01,2026-03-04,1,101,0,"uploads/document/1751780071_ad7392c50ead0274e7ce.jpg,",1,,0,2025-07-06 00:00:00,2026-03-27 00:00:00
602,6689,20260,1220,1,,,0,2018-07-15,2026-03-04,1,101,0,"uploads/document/1751780281_e0c981ee017e266b53e7.pdf,",1,,0,2025-07-06 00:00:00,2026-03-27 00:00:00
603,6689,20482,1219,1,4008,133177,0,2020-08-05,2026-03-04,1,101,0,"uploads/document/1751780406_50be7d7a6ca5d05320fd.pdf,",1,,0,2025-07-06 00:00:00,2026-03-27 00:00:00
604,6710,20527,1255,1,4017,134187,0,2021-11-16,2026-03-04,1,101,1,,1,,0,2025-07-06 00:00:00,2026-03-27 00:00:00
605,6664,20528,1289,1,4026,57848,0,2024-08-21,2026-03-04,1,101,1,,1,,0,2025-07-06 00:00:00,2026-03-27 00:00:00
606,6711,20532,1354,1,4030,134310,0,2023-04-06,2026-03-04,1,101,0,,1,,0,2025-07-06 00:00:00,2026-03-27 00:00:00
607,6711,200,1221,1,4030,134310,0,2021-04-06,2026-03-04,1,101,0,"uploads/document/1751796004_c0605ceb35f572f13ba6.jpg,",1,,0,2025-07-06 00:00:00,2026-03-27 00:00:00
608,6722,5337,1410,1,4012,132957,0,2023-11-17,2026-03-04,1,101,0,,1,,0,2025-07-06 00:00:00,2026-03-27 00:00:00
609,6722,5337,1221,1,4012,132957,0,2020-12-08,2026-03-04,1,101,0,,1,,0,2025-07-06 00:00:00,2026-03-27 00:00:00
610,6730,20397,1236,1,4022,132782,0,2021-07-15,2026-03-04,1,101,1,,1,,0,2025-07-06 00:00:00,2026-03-27 00:00:00
611,6757,20533,1241,1,4035,133218,0,2022-09-14,2026-03-04,1,101,0,,1,,0,2025-07-06 00:00:00,2026-03-27 00:00:00
612,6763,133,1192,1,4021,133210,0,2023-07-06,2026-03-04,1,101,1,,1,,0,2025-07-06 00:00:00,2026-03-27 00:00:00
613,6789,821,1369,1,4016,133650,0,2010-08-17,2026-03-04,1,101,0,,1,,0,2025-07-06 00:00:00,2026-03-27 00:00:00
614,6789,20534,1412,1,4016,133650,0,2009-04-06,2026-03-04,1,101,0,,1,,0,2025-07-06 00:00:00,2026-03-27 00:00:00
615,6823,329,1413,1,4026,57847,0,2019-07-11,2026-03-04,1,101,1,,1,,0,2025-07-07 00:00:00,2026-03-27 00:00:00
616,6831,389,1300,1,4022,131992,0,2020-07-07,2026-03-04,1,101,1,,1,,0,2025-07-07 00:00:00,2026-03-27 00:00:00
617,6132,20535,1092,2,,,0,2007-06-01,2026-03-04,1,,0,"uploads/document/1751863514_c9582668b92d3f00f2e8.pdf,",1,,0,2025-07-07 00:00:00,2026-03-27 00:00:00
618,6132,20536,1092,1,4008,133024,0,2002-06-07,2026-03-04,1,101,0,"uploads/document/1751864542_be07ac39c9d77ccd4dde.pdf,",1,,0,2025-07-07 00:00:00,2026-03-27 00:00:00
619,6851,20247,124,1,4021,132032,0,2012-07-07,2026-03-04,1,101,1,,1,,0,2025-07-07 00:00:00,2026-03-27 00:00:00
620,6853,20537,1192,1,4021,132032,0,2021-09-11,2026-03-04,1,101,1,,1,,0,2025-07-07 00:00:00,2026-03-27 00:00:00
621,6855,20501,1198,1,4021,132032,0,2020-07-07,2026-03-04,1,101,1,,1,,0,2025-07-07 00:00:00,2026-03-27 00:00:00
622,6856,20247,149,1,4021,132032,0,2016-05-05,2026-03-04,1,101,1,,1,,0,2025-07-07 00:00:00,2026-03-27 00:00:00
623,6859,20501,56,1,4021,132032,0,2020-05-07,2026-03-04,1,101,1,,1,,0,2025-07-07 00:00:00,2026-03-27 00:00:00
624,6861,210,1198,1,4021,132032,0,2016-04-05,2026-03-04,1,101,1,,1,,0,2025-07-07 00:00:00,2026-03-27 00:00:00
625,6865,805,1210,1,4021,132032,0,2019-04-10,2026-03-04,1,101,1,,1,,0,2025-07-07 00:00:00,2026-03-27 00:00:00
626,6872,20538,1206,1,4037,133386,0,2021-06-01,2026-03-04,1,101,1,,1,,0,2025-07-07 00:00:00,2026-03-27 00:00:00
627,6878,802,1215,1,4022,133001,0,2019-08-07,2026-03-04,1,101,1,,1,,0,2025-07-07 00:00:00,2026-03-27 00:00:00
628,6884,20501,1219,1,4021,132032,0,2014-07-04,2026-03-04,1,101,1,,1,,0,2025-07-07 00:00:00,2026-03-27 00:00:00
629,6887,361,1236,1,4028,132558,0,2017-06-01,2026-03-04,1,101,1,,1,,0,2025-07-07 00:00:00,2026-03-27 00:00:00
630,6898,20501,1198,1,4021,132032,0,2015-05-01,2026-03-04,1,101,1,,1,,0,2025-07-07 00:00:00,2026-03-27 00:00:00
631,6904,20501,318,1,4021,132032,0,2021-05-06,2026-03-04,1,101,1,,1,,0,2025-07-07 00:00:00,2026-03-27 00:00:00
632,6907,251,1414,1,4020,132063,0,2017-05-15,2026-03-04,1,101,1,,1,,0,2025-07-07 00:00:00,2026-03-27 00:00:00
633,6909,20539,1415,1,4017,134227,0,2023-04-11,2026-03-04,1,101,1,,1,,0,2025-07-07 00:00:00,2026-03-27 00:00:00
634,6885,20549,1345,1,4035,133763,0,2013-06-03,2026-03-04,1,101,1,,1,,0,2025-07-07 00:00:00,2026-03-27 00:00:00
635,6928,20550,1221,1,4021,132032,0,2013-06-01,2026-03-04,1,101,1,,1,,0,2025-07-07 00:00:00,2026-03-27 00:00:00
636,6942,133,1427,2,,,0,2020-04-07,2026-03-04,1,,1,"uploads/document/1751899792_329dd4aa0c470a0c07c8.pdf,",1,,0,2025-07-07 00:00:00,2026-03-27 00:00:00
637,6953,637,1225,1,4014,132201,0,2000-07-07,2026-03-04,1,101,1,,1,,0,2025-07-07 00:00:00,2026-03-27 00:00:00
638,6982,714,1093,1,4012,132132,0,2020-07-07,2026-03-04,1,101,1,,1,,0,2025-07-08 00:00:00,2026-03-27 00:00:00
639,6756,817,1216,1,4014,132201,0,2005-08-16,2026-03-04,1,101,1,,1,,0,2025-07-08 00:00:00,2026-03-27 00:00:00
640,7019,20501,124,1,4021,132032,0,2011-04-06,2026-03-04,1,101,1,,1,,0,2025-07-08 00:00:00,2026-03-27 00:00:00
641,7021,20552,1206,1,4021,132032,0,2013-03-02,2026-03-04,1,101,1,,1,,0,2025-07-08 00:00:00,2026-03-27 00:00:00
642,7027,20501,1198,1,4021,132032,0,2014-07-08,2026-03-04,1,101,1,,1,,0,2025-07-08 00:00:00,2026-03-27 00:00:00
643,7030,107,1256,1,4021,132032,0,2023-05-12,2026-03-04,1,101,1,,1,,0,2025-07-08 00:00:00,2026-03-27 00:00:00
644,7031,20501,1198,1,4021,132032,0,2020-05-01,2026-03-04,1,101,1,,1,,0,2025-07-08 00:00:00,2026-03-27 00:00:00
645,7038,20501,1198,1,4021,132032,0,2015-04-03,2026-03-04,1,101,1,,1,,0,2025-07-08 00:00:00,2026-03-27 00:00:00
646,7040,5438,1219,1,4021,132032,0,2007-05-09,2026-03-04,1,101,1,,1,,0,2025-07-08 00:00:00,2026-03-27 00:00:00
647,7046,20501,1198,1,4021,132032,0,2015-05-08,2026-03-04,1,101,1,,1,,0,2025-07-08 00:00:00,2026-03-27 00:00:00
648,7054,20501,1198,1,4021,132032,0,2018-05-03,2026-03-04,1,101,1,,1,,0,2025-07-08 00:00:00,2026-03-27 00:00:00
649,7058,20553,1325,1,4014,,0,2022-12-14,2026-03-04,1,101,0,,1,,0,2025-07-08 00:00:00,2026-03-27 00:00:00
650,7058,133,1209,1,4021,,0,2019-08-01,2026-03-04,1,101,0,,1,,0,2025-07-08 00:00:00,2026-03-27 00:00:00
651,7070,20376,1184,1,4022,132005,0,2023-10-17,2026-03-04,1,101,1,,1,,0,2025-07-08 00:00:00,2026-03-27 00:00:00
652,7070,20376,1233,1,4022,132005,0,2019-08-16,2026-03-04,1,101,0,,1,,0,2025-07-08 00:00:00,2026-03-27 00:00:00
653,6810,5366,1198,1,4007,132032,0,2024-05-02,2026-03-04,1,101,1,,1,,0,2025-07-08 00:00:00,2026-03-27 00:00:00
654,5247,20554,1184,1,,,0,2007-07-01,2026-03-04,1,,1,,1,,0,2025-07-08 00:00:00,2026-03-27 00:00:00
655,7171,20257,1340,1,4007,132032,0,2022-07-06,2026-03-04,1,101,1,,1,,0,2025-07-09 00:00:00,2026-03-27 00:00:00
656,7191,473,1339,1,4008,133504,0,2023-07-09,2026-03-04,1,101,0,,1,,0,2025-07-09 00:00:00,2026-03-27 00:00:00
657,7191,473,1277,1,4008,133504,0,2020-07-09,2026-03-04,1,101,0,,1,,0,2025-07-09 00:00:00,2026-03-27 00:00:00
658,7234,473,326,1,4008,133177,0,2022-08-01,2026-03-04,1,101,1,,1,,0,2025-07-09 00:00:00,2026-03-27 00:00:00
659,7001,5,128,1,4017,133206,0,2015-05-27,2026-03-04,1,101,1,,1,,0,2025-07-09 00:00:00,2026-03-27 00:00:00
660,7274,714,1213,1,4012,132132,0,2019-06-10,2026-03-04,1,101,1,,1,,0,2025-07-10 00:00:00,2026-03-27 00:00:00
661,7304,1240,1218,1,4012,132464,0,2018-08-02,2026-03-04,1,101,1,"uploads/document/1752127030_2e994f9454e02b4034d5.pdf,",1,,0,2025-07-10 00:00:00,2026-03-27 00:00:00
662,7308,20555,1198,1,4021,132032,0,2015-05-07,2026-03-04,1,101,1,,1,,0,2025-07-10 00:00:00,2026-03-27 00:00:00
663,7320,20556,1198,1,4021,132032,0,2013-05-08,2026-03-04,1,101,1,,1,,0,2025-07-10 00:00:00,2026-03-27 00:00:00
664,7322,20557,1220,1,4039,133054,0,2013-05-07,2026-03-04,1,101,1,,1,,0,2025-07-10 00:00:00,2026-03-27 00:00:00
665,7329,473,1233,1,4008,133504,0,2021-09-30,2026-03-04,1,101,1,"uploads/document/1752141373_3f868716d0c2810438a3.pdf,",1,,0,2025-07-10 00:00:00,2026-03-27 00:00:00
666,7330,20559,1238,1,4017,133300,0,2015-06-30,2026-03-04,1,101,1,,1,,0,2025-07-10 00:00:00,2026-03-27 00:00:00
667,7390,20423,1051,1,4021,132032,0,2020-05-08,2026-03-04,1,101,1,,1,,0,2025-07-10 00:00:00,2026-03-27 00:00:00
668,7387,714,1281,1,4012,132132,0,2013-06-12,2026-03-04,1,101,0,,1,,0,2025-07-10 00:00:00,2026-03-27 00:00:00
669,7387,20560,1317,1,4012,132132,0,2016-07-02,2026-03-04,1,101,0,,1,,0,2025-07-10 00:00:00,2026-03-27 00:00:00
670,7387,20561,870,1,4012,132132,0,2024-05-02,2026-03-04,1,101,1,,1,,0,2025-07-10 00:00:00,2026-03-27 00:00:00
671,7411,20562,1185,1,4012,132132,0,2021-08-11,2026-03-04,1,101,1,,1,,0,2025-07-11 00:00:00,2026-03-27 00:00:00
672,7423,20564,1185,1,4012,132132,0,2016-07-13,2026-03-04,1,101,1,,1,,0,2025-07-11 00:00:00,2026-03-27 00:00:00
673,7427,5633,1429,1,4012,132132,0,2006-04-01,2026-03-04,1,101,0,,1,,0,2025-07-11 00:00:00,2026-03-27 00:00:00
674,7427,20565,1219,1,4012,132132,0,2014-06-01,2026-03-04,1,101,0,,1,,0,2025-07-11 00:00:00,2026-03-27 00:00:00
675,7427,714,1185,1,4012,132132,0,2016-06-01,2026-03-04,1,101,1,,1,,0,2025-07-11 00:00:00,2026-03-27 00:00:00
676,7163,20567,1061,1,4022,131806,0,2020-08-01,2026-03-04,1,101,0,,1,,0,2025-07-11 00:00:00,2026-03-27 00:00:00
677,7163,30,1061,1,4021,131679,0,2016-08-10,2026-03-04,1,101,0,,1,,0,2025-07-11 00:00:00,2026-03-27 00:00:00
678,7163,7891,1278,1,4021,133210,0,2014-08-21,2026-03-04,1,101,0,,1,,0,2025-07-11 00:00:00,2026-03-27 00:00:00
679,7463,806,1186,1,4021,132032,0,2019-05-08,2026-03-04,1,101,1,,1,,0,2025-07-11 00:00:00,2026-03-27 00:00:00
680,7471,133,1427,1,4026,57933,0,2019-07-01,2026-03-04,1,101,1,,1,,0,2025-07-11 00:00:00,2026-03-27 00:00:00
681,7483,20501,1198,1,4021,132032,0,2022-06-06,2026-03-04,1,101,1,,1,,0,2025-07-11 00:00:00,2026-03-27 00:00:00
682,7497,20568,1198,1,4021,132032,0,2020-05-05,2026-03-04,1,101,1,,1,,0,2025-07-11 00:00:00,2026-03-27 00:00:00
683,7494,20501,1198,1,4021,132032,0,2009-06-10,2026-03-04,1,101,1,,1,,0,2025-07-11 00:00:00,2026-03-27 00:00:00
684,7516,359,1239,1,4026,131729,0,2020-11-11,2026-03-04,1,101,1,,1,,0,2025-07-11 00:00:00,2026-03-27 00:00:00
685,7598,20569,1223,1,4014,134250,0,2016-07-12,2026-03-04,1,101,0,,1,,0,2025-07-12 00:00:00,2026-03-27 00:00:00
686,7603,20570,1241,1,4039,132166,0,2022-09-01,2026-03-04,1,101,1,,1,,0,2025-07-12 00:00:00,2026-03-27 00:00:00
687,7606,119,1236,1,4021,,0,2021-11-18,2026-03-04,1,101,0,"uploads/document/1752337426_86a4b72339f9e35893f9.pdf,",1,,0,2025-07-12 00:00:00,2026-03-27 00:00:00
688,7606,4795,1371,1,4021,,0,2019-04-14,2026-03-04,1,101,0,"uploads/document/1752337506_fa611c68cc438a8819f2.jpeg,",1,,0,2025-07-12 00:00:00,2026-03-27 00:00:00
689,7609,403,1184,1,4039,57995,0,2023-09-10,2026-03-04,1,101,1,"uploads/document/1752346972_11e6aee4cacff47d1b58.pdf,",1,,0,2025-07-13 00:00:00,2026-03-27 00:00:00
690,7610,20571,1433,1,4007,115211,0,2012-08-22,2026-03-04,1,101,1,,1,,0,2025-07-13 00:00:00,2026-03-27 00:00:00
691,7619,751,1303,1,4022,132005,0,2014-09-08,2026-03-04,1,101,1,,1,,0,2025-07-13 00:00:00,2026-03-27 00:00:00
692,7631,20572,1306,1,4008,133504,0,2018-07-09,2026-03-04,1,101,1,"uploads/document/1752430259_a0e0724aabf2087a37ee.pdf,",1,,0,2025-07-13 00:00:00,2026-03-27 00:00:00
693,7682,1128,1434,2,,,0,2021-06-03,2026-03-04,1,,0,"uploads/document/1752471141_323a1328b9f6fe194068.pdf,",1,,0,2025-07-14 00:00:00,2026-03-27 00:00:00
694,7682,5,1209,1,4022,57654,0,2017-07-05,2026-03-04,1,101,0,,1,,0,2025-07-14 00:00:00,2026-03-27 00:00:00
695,7687,20574,1435,1,4035,131774,0,2023-07-12,2026-03-04,1,101,1,,1,,0,2025-07-14 00:00:00,2026-03-27 00:00:00
696,7688,20575,1255,1,4022,132941,0,2022-08-01,2026-03-04,1,101,1,,1,,0,2025-07-14 00:00:00,2026-03-27 00:00:00
697,7729,440,1255,1,4008,57765,0,2021-12-20,2026-03-04,1,101,0,"uploads/document/1752495649_69f9e2d86b781ddd6b9a.pdf,",1,,0,2025-07-14 00:00:00,2026-03-27 00:00:00
698,7729,473,1381,1,4008,133504,0,2024-08-15,2026-03-04,1,101,1,,1,,0,2025-07-14 00:00:00,2026-03-27 00:00:00
699,7744,20576,1100,1,4008,57751,0,2018-08-01,2026-03-04,1,101,0,,1,,0,2025-07-14 00:00:00,2026-03-27 00:00:00
700,7744,20577,1219,1,4008,132412,0,2017-06-01,2026-03-04,1,101,0,,1,,0,2025-07-14 00:00:00,2026-03-27 00:00:00
701,7744,20578,1220,1,4008,132412,0,2015-07-01,2026-03-04,1,101,0,,1,,0,2025-07-14 00:00:00,2026-03-27 00:00:00
702,7760,361,1186,1,4022,132384,0,2022-04-12,2026-03-04,1,101,1,,1,,0,2025-07-14 00:00:00,2026-03-27 00:00:00
703,7752,527,1187,1,,,0,2016-06-01,2026-03-04,1,,0,,1,,0,2025-07-14 00:00:00,2026-03-27 00:00:00
704,7746,1309,1184,1,4007,131853,0,2022-08-10,2026-03-04,1,101,0,,1,,0,2025-07-15 00:00:00,2026-03-27 00:00:00
705,7746,230,1233,1,4007,133337,0,2017-08-16,2026-03-04,1,101,0,"uploads/document/1752546054_58521d593db892bc7390.jpg,",1,,0,2025-07-15 00:00:00,2026-03-27 00:00:00
706,7746,20580,1412,1,4037,132815,0,2015-07-01,2026-03-04,1,101,0,,1,,0,2025-07-15 00:00:00,2026-03-27 00:00:00
707,7746,20581,1205,1,4037,132815,0,2014-06-01,2026-03-04,1,101,0,,1,,0,2025-07-15 00:00:00,2026-03-27 00:00:00
708,7846,222,1225,1,,,0,2019-05-05,2026-03-04,1,101,0,,1,,0,2025-07-15 00:00:00,2026-03-27 00:00:00
709,7846,226,1215,2,,,0,2024-02-01,2026-03-04,1,,1,,1,,0,2025-07-15 00:00:00,2026-03-27 00:00:00
710,7848,20501,1198,1,4021,132032,0,2021-05-04,2026-03-04,1,101,1,,1,,0,2025-07-15 00:00:00,2026-03-27 00:00:00
711,7878,20582,1219,1,4021,132032,0,2020-04-07,2026-03-04,1,101,1,,1,,0,2025-07-15 00:00:00,2026-03-27 00:00:00
712,7881,20583,1219,1,4028,133050,0,2018-06-04,2026-03-04,1,101,0,,1,,0,2025-07-15 00:00:00,2026-03-27 00:00:00
713,7881,20584,1213,1,4028,133050,0,2020-08-03,2026-03-04,1,101,0,,1,,0,2025-07-15 00:00:00,2026-03-27 00:00:00
714,7881,7150,1220,1,4028,133050,0,2017-06-01,2026-03-04,1,101,0,,1,,0,2025-07-15 00:00:00,2026-03-27 00:00:00
715,7837,9065,1220,1,4022,57654,0,2019-04-01,2026-03-04,1,101,0,"uploads/document/1752590300_ec2da828f38e512eb904.pdf,",1,,0,2025-07-15 00:00:00,2026-03-27 00:00:00
716,7837,20585,1367,1,4022,132196,0,2020-08-01,2026-03-04,1,101,0,"uploads/document/1752591138_c7d0318e4d0a09a7f6e3.pdf,",1,,0,2025-07-15 00:00:00,2026-03-27 00:00:00
717,7837,416,1303,1,4022,132941,0,2023-09-01,2026-03-04,1,101,0,,1,,0,2025-07-15 00:00:00,2026-03-27 00:00:00
718,7837,20586,1437,2,,,0,2025-02-15,2026-03-04,1,,0,,1,,0,2025-07-15 00:00:00,2026-03-27 00:00:00
719,7837,20586,1331,1,4022,133230,0,2025-03-22,2026-03-04,1,101,0,,1,,0,2025-07-15 00:00:00,2026-03-27 00:00:00
720,7921,20587,1219,1,4022,57867,0,2022-04-01,2026-03-04,1,101,0,,1,,0,2025-07-16 00:00:00,2026-03-27 00:00:00
721,7921,20588,1220,1,4022,57867,0,2020-04-01,2026-03-04,1,101,0,,1,,0,2025-07-16 00:00:00,2026-03-27 00:00:00
722,7921,20589,1185,1,4022,57867,0,2023-08-01,2026-03-04,1,101,0,,1,,0,2025-07-16 00:00:00,2026-03-27 00:00:00
723,7922,282,1303,1,4025,132231,0,2021-11-26,2026-03-04,1,101,1,,1,,0,2025-07-16 00:00:00,2026-03-27 00:00:00
724,7932,114,57,1,4021,132032,0,2022-04-05,2026-03-04,1,101,1,,1,,0,2025-07-16 00:00:00,2026-03-27 00:00:00
725,7937,210,280,1,4021,132032,0,2024-05-07,2026-03-04,1,101,1,,1,,0,2025-07-16 00:00:00,2026-03-27 00:00:00
726,7942,11,1061,1,4017,134187,0,2021-12-15,2026-03-04,1,101,1,,1,,0,2025-07-16 00:00:00,2026-03-27 00:00:00
727,7953,20590,1317,1,4025,131963,0,2021-08-18,2026-03-04,1,101,1,,1,,0,2025-07-16 00:00:00,2026-03-27 00:00:00
728,7961,20500,1219,1,4007,131853,0,2023-03-01,2026-03-04,1,101,0,,1,,0,2025-07-17 00:00:00,2026-03-27 00:00:00
729,7966,20591,1438,1,1072,,0,2023-09-09,2026-03-04,1,105,1,"uploads/document/1752733255_5338248470881526ca22.jpg,",1,,0,2025-07-17 00:00:00,2026-03-27 00:00:00
730,7975,20568,1241,1,4021,58171,0,2023-04-04,2026-03-04,1,101,1,,1,,0,2025-07-17 00:00:00,2026-03-27 00:00:00
731,7979,20568,1198,1,4021,132032,0,2018-05-11,2026-03-04,1,101,1,,1,,0,2025-07-17 00:00:00,2026-03-27 00:00:00
732,7982,20322,44,1,,,0,2020-06-16,2026-03-04,1,101,1,,1,,0,2025-07-17 00:00:00,2026-03-27 00:00:00
733,8001,20593,1219,1,,,0,2000-05-10,2026-03-04,1,101,1,,1,,0,2025-07-18 00:00:00,2026-03-27 00:00:00
734,8019,20594,1442,1,,,0,2019-06-01,2026-03-04,1,101,0,,1,,0,2025-07-18 00:00:00,2026-03-27 00:00:00
735,8019,20595,1221,1,4853,142001,0,2015-05-01,2026-03-04,1,101,0,,1,,0,2025-07-18 00:00:00,2026-03-27 00:00:00
736,8019,20596,1219,1,4853,142001,0,2014-05-01,2026-03-04,1,101,0,,1,,0,2025-07-18 00:00:00,2026-03-27 00:00:00
737,8019,20597,1220,1,4853,142001,0,2012-05-01,2026-03-04,1,101,0,,1,,0,2025-07-18 00:00:00,2026-03-27 00:00:00
738,6422,5,81,1,4022,132005,0,2024-01-10,2026-03-04,1,101,0,,1,,0,2025-07-19 00:00:00,2026-03-27 00:00:00
739,8057,707,1213,1,4012,132132,0,2022-07-19,2026-03-04,1,101,1,,1,,0,2025-07-19 00:00:00,2026-03-27 00:00:00
740,8071,707,1377,1,4012,132132,0,2016-07-19,2026-03-04,1,101,1,,1,,0,2025-07-20 00:00:00,2026-03-27 00:00:00
741,8111,20599,1444,1,4012,132132,0,2022-08-29,2026-03-04,1,101,1,"uploads/document/1752991611_2861afa2da763b52a633.jpg,",1,,0,2025-07-20 00:00:00,2026-03-27 00:00:00
742,8120,434,1093,1,4008,133504,0,2016-06-20,2026-03-04,1,101,1,,1,,0,2025-07-20 00:00:00,2026-03-27 00:00:00
743,8144,714,1213,1,4012,132132,0,2013-06-01,2026-03-04,1,101,1,,1,,0,2025-07-20 00:00:00,2026-03-27 00:00:00
744,8145,361,1303,1,4022,,0,2022-07-20,2026-03-04,1,101,1,,1,,0,2025-07-20 00:00:00,2026-03-27 00:00:00
745,8160,473,1184,1,4008,133504,0,2023-08-17,2026-03-04,1,101,0,,1,,0,2025-07-20 00:00:00,2026-03-27 00:00:00
746,8160,473,1377,1,4008,133177,0,2020-08-03,2026-03-04,1,101,1,,1,,0,2025-07-20 00:00:00,2026-03-27 00:00:00
747,8201,20601,1241,1,4026,57848,0,2021-12-13,2026-03-04,1,101,1,,1,,0,2025-07-21 00:00:00,2026-03-27 00:00:00
748,8217,830,1300,1,4016,133650,0,2022-09-01,2026-03-04,1,101,1,,1,,0,2025-07-21 00:00:00,2026-03-27 00:00:00
749,8236,899,1445,1,866,16553,0,2022-01-10,2026-03-04,1,39,0,"uploads/document/1753087800_30dfb415ef8a33ef377f.pdf,",1,,0,2025-07-21 00:00:00,2026-03-27 00:00:00
750,8236,20602,1255,1,4007,132032,0,2011-05-16,2026-03-04,1,101,0,"uploads/document/1753087870_86117c59c84f616857ba.pdf,",1,,0,2025-07-21 00:00:00,2026-03-27 00:00:00
751,8242,20604,1306,1,4008,133504,0,2017-08-01,2026-03-04,1,101,1,,1,,0,2025-07-21 00:00:00,2026-03-27 00:00:00
752,8251,730,1300,1,4025,133606,0,2021-09-21,2026-03-04,1,101,0,"uploads/document/1753092912_49dad521f53fa9fdf4f9.pdf,",1,,0,2025-07-21 00:00:00,2026-03-27 00:00:00
753,8257,742,1448,1,4022,132384,0,2024-07-18,2026-03-04,1,101,1,,1,,0,2025-07-21 00:00:00,2026-03-27 00:00:00
754,8241,20608,1255,1,4022,132384,0,2022-09-22,2026-03-04,1,101,1,,1,,0,2025-07-21 00:00:00,2026-03-27 00:00:00
755,8258,20247,1449,1,4022,132384,0,2024-06-21,2026-03-04,1,101,1,,1,,0,2025-07-21 00:00:00,2026-03-27 00:00:00
756,8259,20609,1451,1,4012,132132,0,2011-08-10,2026-03-04,1,101,1,"uploads/document/1753105247_2d25c644f0f1c87d6c38.jpg,",1,,0,2025-07-21 00:00:00,2026-03-27 00:00:00
757,8263,214,1211,1,4021,132406,0,2023-08-01,2026-03-04,1,101,0,,1,,0,2025-07-21 00:00:00,2026-03-27 00:00:00
758,8263,20245,1240,1,4021,132406,0,2016-01-01,2026-03-04,1,101,0,,1,,0,2025-07-21 00:00:00,2026-03-27 00:00:00
759,8263,133,1221,1,4021,132406,0,2012-11-01,2026-03-04,1,101,0,,1,,0,2025-07-21 00:00:00,2026-03-27 00:00:00
760,8295,764,1202,1,4022,57867,0,2021-08-24,2026-03-04,1,101,1,"uploads/document/1753162984_57bc19316a11c992a7dc.pdf,",1,,0,2025-07-22 00:00:00,2026-03-27 00:00:00
761,8302,20286,1306,1,4008,133024,0,2021-07-15,2026-03-04,1,101,0,,1,,0,2025-07-22 00:00:00,2026-03-27 00:00:00
762,8310,440,1236,1,4008,132556,0,2023-06-01,2026-03-04,1,101,1,,1,,0,2025-07-22 00:00:00,2026-03-27 00:00:00
763,8313,20501,1198,1,4021,132032,0,2021-05-04,2026-03-04,1,101,1,,1,,0,2025-07-22 00:00:00,2026-03-27 00:00:00
764,8302,20614,1093,1,4008,133024,0,2018-06-04,2026-03-04,1,101,0,,1,,0,2025-07-22 00:00:00,2026-03-27 00:00:00
765,8339,133,1427,1,4021,131679,0,2022-05-22,2026-03-04,1,101,1,,1,,0,2025-07-22 00:00:00,2026-03-27 00:00:00
766,8347,473,1239,1,4008,133504,0,2022-08-31,2026-03-04,1,101,1,,1,,0,2025-07-22 00:00:00,2026-03-27 00:00:00
767,8359,156,1213,1,4030,57606,0,2018-06-11,2026-03-04,1,101,1,,1,,0,2025-07-22 00:00:00,2026-03-27 00:00:00
768,8354,20380,1236,1,4008,133877,0,2020-02-17,2026-03-04,1,101,1,"uploads/document/1753245570_608aaa0d8f16e7490ca2.jpeg,",1,,0,2025-07-23 00:00:00,2026-03-27 00:00:00
769,8413,745,1202,1,4022,131953,0,2021-11-15,2026-03-04,1,101,1,"uploads/document/1753246959_a12ffd9f4ec0620ef3a4.pdf,",1,,0,2025-07-23 00:00:00,2026-03-27 00:00:00
770,8423,54,1122,1,4021,132032,0,2023-05-16,2026-03-04,1,101,1,,1,,0,2025-07-23 00:00:00,2026-03-27 00:00:00
771,8447,20555,1198,1,4021,132032,0,2022-06-07,2026-03-04,1,101,1,,1,,0,2025-07-23 00:00:00,2026-03-27 00:00:00
772,8461,20331,1300,1,4022,131953,0,2021-11-16,2026-03-04,1,101,0,,1,,0,2025-07-23 00:00:00,2026-03-27 00:00:00
773,8461,19729,1220,1,4022,131953,0,2018-04-02,2026-03-04,1,101,0,"uploads/document/1753268292_4a8782e092651d7112bc.pdf,",1,,1,2025-07-23 00:00:00,2026-03-27 00:00:00
774,8461,19729,1219,1,4022,131953,0,2020-04-01,2026-03-04,1,101,0,"uploads/document/1753268263_69307163f45f2dcc59f9.pdf,",1,,0,2025-07-23 00:00:00,2026-03-27 00:00:00
775,8461,19729,1220,1,4022,131953,0,2018-04-02,2026-03-04,1,101,0,"uploads/document/1753268391_4003f1fb38af4adc27c5.pdf,",1,,0,2025-07-23 00:00:00,2026-03-27 00:00:00
776,8475,20615,1199,1,4008,133504,0,2024-02-15,2026-03-04,1,101,0,,1,,0,2025-07-23 00:00:00,2026-03-27 00:00:00
777,8504,133,1187,1,4021,133210,0,2014-04-10,2026-03-04,1,101,1,,1,,0,2025-07-24 00:00:00,2026-03-27 00:00:00
778,8532,20616,1093,1,4008,133504,0,2021-12-20,2026-03-04,1,101,1,,1,,0,2025-07-24 00:00:00,2026-03-27 00:00:00
779,8303,20384,1233,1,4022,132483,0,2020-10-15,2026-03-04,1,101,0,,1,,0,2025-07-24 00:00:00,2026-03-27 00:00:00
780,8303,114,1184,1,4021,133210,0,2023-10-10,2026-03-04,1,101,1,,1,,0,2025-07-24 00:00:00,2026-03-27 00:00:00
781,8550,4945,1219,1,4016,,0,2020-04-25,2026-03-04,1,101,1,,1,,0,2025-07-24 00:00:00,2026-03-27 00:00:00
782,8557,5060,1457,1,4026,57933,0,2021-12-21,2026-03-04,1,101,1,,1,,0,2025-07-24 00:00:00,2026-03-27 00:00:00
783,7742,20617,1219,1,4021,133210,0,2025-07-24,2026-03-04,1,101,1,,1,,0,2025-07-24 00:00:00,2026-03-27 00:00:00
784,8585,5238,1458,1,4007,131853,0,2022-07-03,2026-03-04,1,101,1,,1,,0,2025-07-24 00:00:00,2026-03-27 00:00:00
785,8633,7227,1220,1,4021,,0,2018-04-02,2026-03-04,1,101,0,"uploads/document/1753438908_a7216b1bef003e2ac829.pdf,",1,,0,2025-07-25 00:00:00,2026-03-27 00:00:00
786,8633,7227,1219,1,4021,,0,2020-04-01,2026-03-04,1,101,0,"uploads/document/1753438988_aadc7bbaca5b12eba039.pdf,",1,,0,2025-07-25 00:00:00,2026-03-27 00:00:00
787,8633,114,1233,1,4021,,0,2021-06-01,2026-03-04,1,101,0,,1,,0,2025-07-25 00:00:00,2026-03-27 00:00:00
788,8633,222,1184,1,4021,,0,2025-07-19,2026-03-04,1,101,0,,1,,0,2025-07-25 00:00:00,2026-03-27 00:00:00
789,8641,20619,1202,1,4022,132782,0,2021-10-04,2026-03-04,1,101,1,"uploads/document/1753447263_499db22f079f5873744e.pdf,",1,,0,2025-07-25 00:00:00,2026-03-27 00:00:00
790,8664,20623,1296,1,4008,133504,0,2023-07-26,2026-03-04,1,101,1,,1,,0,2025-07-26 00:00:00,2026-03-27 00:00:00
791,8674,20624,1215,1,4022,132941,0,2023-09-01,2026-03-04,1,101,1,,1,,0,2025-07-27 00:00:00,2026-03-27 00:00:00
792,8683,202,1198,1,4021,6082,0,2022-05-03,2026-03-04,1,101,1,,1,,0,2025-07-28 00:00:00,2026-03-27 00:00:00
793,8704,473,1340,1,4008,133504,0,2020-06-15,2026-03-04,1,101,0,,1,,0,2025-07-28 00:00:00,2026-03-27 00:00:00
794,8704,473,1435,1,4008,133504,0,2023-08-01,2026-03-04,1,101,0,,1,,0,2025-07-28 00:00:00,2026-03-27 00:00:00
795,8708,20501,1220,1,4021,132032,0,2013-05-08,2026-03-04,1,101,1,,1,,0,2025-07-28 00:00:00,2026-03-27 00:00:00
796,8747,473,1239,1,4008,133504,0,2019-08-08,2026-03-04,1,101,1,"uploads/document/1753716915_c6de3254f8f61aea7ecc.jpg,",1,,0,2025-07-28 00:00:00,2026-03-27 00:00:00
797,8778,312,1467,1,4026,133834,0,2023-08-28,2026-03-04,1,101,1,,1,,0,2025-07-29 00:00:00,2026-03-27 00:00:00
798,8815,474,1319,1,4008,132150,0,2019-08-19,2026-03-04,1,101,1,,1,,0,2025-07-29 00:00:00,2026-03-27 00:00:00
799,8841,20626,1205,1,4027,132039,0,2016-09-02,2026-03-04,1,101,1,,1,,0,2025-07-29 00:00:00,2026-03-27 00:00:00
800,6518,20626,1220,1,4027,132039,0,2017-01-03,2026-03-04,1,101,1,,1,,0,2025-07-29 00:00:00,2026-03-27 00:00:00
801,8908,20628,1241,1,4853,142001,0,2021-09-30,2026-03-04,1,101,1,"uploads/document/1753812774_53124880ef3321b5b21d.jpg,",1,,0,2025-07-29 00:00:00,2026-03-27 00:00:00
802,8896,133,1192,1,4021,131679,0,2024-07-29,2026-03-04,1,101,1,,1,,0,2025-07-30 00:00:00,2026-03-27 00:00:00
803,8926,20272,1192,1,4021,133210,0,2020-04-01,2026-03-04,1,101,1,,1,,0,2025-07-30 00:00:00,2026-03-27 00:00:00
804,8928,133,1208,1,4021,131679,0,2023-10-01,2026-03-04,1,101,1,,1,,0,2025-07-30 00:00:00,2026-03-27 00:00:00
805,8937,473,1469,1,4008,133504,0,2005-07-01,2026-03-04,1,101,1,,1,,0,2025-07-30 00:00:00,2026-03-27 00:00:00
806,8990,20629,1202,1,4035,134366,0,2018-09-10,2026-03-04,1,101,1,"uploads/document/1753864496_cdf2cb1e1b1b19274ae2.jpg,",1,,0,2025-07-30 00:00:00,2026-03-27 00:00:00
807,9027,20635,1221,1,4039,133853,0,2020-07-14,2026-03-04,1,101,1,,1,,0,2025-07-30 00:00:00,2026-03-27 00:00:00
808,9007,9303,1220,1,4030,57606,0,2002-03-10,2026-03-04,1,101,0,"uploads/document/1753883779_e0c5fed33c8c4f89bb72.jpg,",1,,0,2025-07-30 00:00:00,2026-03-27 00:00:00
809,9033,20636,1236,1,4015,132031,0,2014-06-01,2026-03-04,1,101,0,,1,,0,2025-07-30 00:00:00,2026-03-27 00:00:00
810,9089,5247,1219,1,4015,57882,0,2021-04-01,2026-03-04,1,101,0,"uploads/document/1753942923_35684a6887bae5ed52d1.pdf,",1,,0,2025-07-31 00:00:00,2026-03-27 00:00:00
811,9089,20637,1233,1,4015,57882,0,2022-09-01,2026-03-04,1,101,1,,1,,0,2025-07-31 00:00:00,2026-03-27 00:00:00
812,9111,20639,1198,1,4022,132384,0,2023-05-05,2026-03-04,1,101,1,,1,,0,2025-07-31 00:00:00,2026-03-27 00:00:00
813,9150,20616,1061,1,4008,133504,0,2002-06-01,2026-03-04,1,101,0,"uploads/document/1753991346_f989a3d0d883b97a5d21.pdf,",1,,0,2025-08-01 00:00:00,2026-03-27 00:00:00
814,9150,20616,1061,1,4008,133504,0,1999-06-01,2026-03-04,1,101,0,"uploads/document/1753991479_17bf01af214f18ac3501.pdf,",1,,0,2025-08-01 00:00:00,2026-03-27 00:00:00
815,9155,20641,1198,1,4022,132958,0,2021-04-01,2026-03-04,1,101,0,,1,,0,2025-08-01 00:00:00,2026-03-27 00:00:00
816,9155,20642,1473,1,4022,132142,0,2022-07-01,2026-03-04,1,101,1,,1,,0,2025-08-01 00:00:00,2026-03-27 00:00:00
817,9164,20643,1339,1,4039,57995,0,2025-08-01,2026-03-04,1,101,1,,1,,0,2025-08-01 00:00:00,2026-03-27 00:00:00
818,9257,715,1042,1,4012,132132,0,2019-08-01,2026-03-04,1,101,1,"uploads/document/1754066832_23e0a66aad7516363211.jpg,",1,,0,2025-08-01 00:00:00,2026-03-27 00:00:00
819,9263,133,1138,2,,,0,2021-08-01,2026-03-04,1,,0,,1,,0,2025-08-01 00:00:00,2026-03-27 00:00:00
820,9263,133,1434,2,,,0,2024-05-08,2026-03-04,1,,1,,1,,0,2025-08-01 00:00:00,2026-03-27 00:00:00
821,9267,20645,1303,1,4039,132181,0,2022-09-01,2026-03-04,1,101,1,,1,,0,2025-08-01 00:00:00,2026-03-27 00:00:00
822,9270,20646,1300,1,4022,131953,0,2020-06-01,2026-03-04,1,101,0,,1,,0,2025-08-01 00:00:00,2026-03-27 00:00:00
823,9270,20647,1219,1,4037,133749,0,2019-04-01,2026-03-04,1,101,0,,1,,0,2025-08-01 00:00:00,2026-03-27 00:00:00
824,9256,4935,1306,1,4022,131953,0,2022-11-01,2026-03-04,1,101,0,,1,,0,2025-08-02 00:00:00,2026-03-27 00:00:00
825,9256,20648,1433,1,4022,133001,0,2019-08-01,2026-03-04,1,101,0,,1,,0,2025-08-02 00:00:00,2026-03-27 00:00:00
826,8871,20649,1474,1,4021,133461,0,2024-11-28,2026-03-04,1,101,0,,1,,0,2025-08-02 00:00:00,2026-03-27 00:00:00
827,9303,20650,1202,1,4853,141934,0,2021-09-20,2026-03-04,1,101,1,,1,,0,2025-08-02 00:00:00,2026-03-27 00:00:00
828,9311,279,1475,1,4029,58139,0,2015-05-05,2026-03-04,1,101,0,"uploads/document/1754117177_9376510a00cb532a2e62.jpeg,",1,,0,2025-08-02 00:00:00,2026-03-27 00:00:00
829,9314,20256,1294,2,,,0,2016-06-12,2026-03-04,1,,1,,1,,0,2025-08-02 00:00:00,2026-03-27 00:00:00
830,9410,16150,1458,1,4021,134404,0,2022-08-24,2026-03-04,1,101,0,,1,,0,2025-08-03 00:00:00,2026-03-27 00:00:00
831,9410,20293,30,1,4021,134404,0,2025-01-03,2026-03-04,1,101,0,,1,,0,2025-08-03 00:00:00,2026-03-27 00:00:00
832,9452,557,1300,1,4015,133785,0,2016-07-01,2026-03-04,1,101,1,,1,,0,2025-08-03 00:00:00,2026-03-27 00:00:00
833,9442,1028,1223,1,4022,133230,0,2022-09-05,2026-03-04,1,101,1,"uploads/document/1754214576_ef5cf7707ac6546ba21a.pdf,",1,,0,2025-08-03 00:00:00,2026-03-27 00:00:00
834,9495,569,1303,1,4015,132980,0,2021-09-06,2026-03-04,1,101,1,,1,,0,2025-08-03 00:00:00,2026-03-27 00:00:00
835,9500,20653,1233,1,4027,133240,0,2021-08-01,2026-03-04,1,101,1,,1,,0,2025-08-03 00:00:00,2026-03-27 00:00:00
836,9514,15047,1220,1,4027,132742,0,2006-10-01,2026-03-04,1,101,0,"uploads/document/1754241781_94cacdfc6a5951f8f86b.pdf,",1,,0,2025-08-03 00:00:00,2026-03-27 00:00:00
837,9514,20654,1219,1,4027,132742,0,2011-08-01,2026-03-04,1,101,0,"uploads/document/1754241879_50ddabcb007e6a045493.pdf,",1,,0,2025-08-03 00:00:00,2026-03-27 00:00:00
838,9514,20655,1225,1,4027,132742,0,2013-08-01,2026-03-04,1,101,0,"uploads/document/1754242079_1860f976bafeba09f706.pdf,",1,,0,2025-08-03 00:00:00,2026-03-27 00:00:00
839,9514,46,1434,1,4027,132742,0,2016-09-20,2026-03-04,1,101,0,"uploads/document/1754242215_96af021c01fd65a8c757.pdf,",1,,0,2025-08-03 00:00:00,2026-03-27 00:00:00
840,9514,20656,1211,1,4027,132742,0,2019-09-20,2026-03-04,1,101,0,"uploads/document/1754242311_e85a761b4d254895d97d.pdf,",1,,0,2025-08-03 00:00:00,2026-03-27 00:00:00
841,9522,695,1061,1,,,0,2022-09-12,2026-03-04,1,,0,,1,,0,2025-08-04 00:00:00,2026-03-27 00:00:00
842,9522,1300,1061,1,,,0,2019-08-12,2026-03-04,1,,0,,1,,0,2025-08-04 00:00:00,2026-03-27 00:00:00
843,9572,20659,1242,1,4026,57847,0,2015-07-10,2026-03-04,1,101,1,,1,,0,2025-08-04 00:00:00,2026-03-27 00:00:00
844,9575,20247,33,1,4022,132384,0,2023-07-04,2026-03-04,1,101,1,,1,,0,2025-08-04 00:00:00,2026-03-27 00:00:00
845,9589,20501,1198,1,4021,132032,0,2023-09-02,2026-03-04,1,101,1,,1,,0,2025-08-04 00:00:00,2026-03-27 00:00:00
846,9599,20568,1198,1,4021,132032,0,2018-06-07,2026-03-04,1,101,1,,1,,0,2025-08-04 00:00:00,2026-03-27 00:00:00
847,9611,20660,626,1,1490,109063,0,2025-08-04,2026-03-04,1,218,1,"uploads/document/1754312514_47e051c2ef74b03281e7.jpeg,",1,,0,2025-08-04 00:00:00,2026-03-27 00:00:00
848,9617,20661,1190,2,,,0,2019-07-10,2026-03-04,1,,1,"uploads/document/1754313838_1e918b71e92a644ef960.pdf,",1,,0,2025-08-04 00:00:00,2026-03-27 00:00:00
849,9186,20662,1219,1,4039,132040,0,2013-07-04,2026-03-04,1,101,1,"uploads/document/1754327704_2fa213abce18b29aeb79.jpg,",1,,0,2025-08-04 00:00:00,2026-03-27 00:00:00
850,9716,20501,1198,1,4021,132032,0,2023-06-06,2026-03-04,1,101,1,,1,,0,2025-08-05 00:00:00,2026-03-27 00:00:00
851,9720,20501,1198,1,4021,132032,0,2022-06-07,2026-03-04,1,101,1,,1,,0,2025-08-05 00:00:00,2026-03-27 00:00:00
852,9732,1,92,1,4021,132032,0,2022-06-07,2026-03-04,1,101,1,,1,,0,2025-08-05 00:00:00,2026-03-27 00:00:00
853,9766,20663,1480,1,4016,132597,0,2010-08-05,2026-03-04,1,101,1,,1,,0,2025-08-05 00:00:00,2026-03-27 00:00:00
854,9509,20664,1219,1,4017,134187,0,1993-06-01,2026-03-04,1,101,1,"uploads/document/1754408874_08acdb8c47ed1415b9ed.pdf,",1,,0,2025-08-05 00:00:00,2026-03-27 00:00:00
855,9782,20260,1219,1,4021,134007,0,2015-04-06,2026-03-04,1,101,1,"uploads/document/1754415723_fe5ac4b538855d60860f.jpg,",1,,0,2025-08-05 00:00:00,2026-03-27 00:00:00
856,9799,6111,1220,1,4021,58171,0,2021-04-01,2026-03-04,1,101,0,,1,,0,2025-08-06 00:00:00,2026-03-27 00:00:00
857,9799,7789,1198,2,,,0,2025-06-01,2026-03-04,1,,1,,1,,0,2025-08-06 00:00:00,2026-03-27 00:00:00
858,9814,742,1188,1,4022,132384,0,2023-07-01,2026-03-04,1,101,1,"uploads/document/1754449347_ca2c009443eacb35acc4.pdf,",1,,0,2025-08-06 00:00:00,2026-03-27 00:00:00
859,9816,20272,1219,1,4021,134012,0,2021-08-06,2026-03-04,1,101,1,,1,,0,2025-08-06 00:00:00,2026-03-27 00:00:00
860,9836,20666,1255,1,4026,133586,0,2000-07-05,2026-03-04,1,101,1,,1,,0,2025-08-06 00:00:00,2026-03-27 00:00:00
861,9850,20247,124,1,4021,132032,0,2023-06-06,2026-03-04,1,101,1,,1,,0,2025-08-06 00:00:00,2026-03-27 00:00:00
862,9865,69,1221,1,4037,131605,0,2013-06-01,2026-03-04,1,101,1,,1,,0,2025-08-06 00:00:00,2026-03-27 00:00:00
863,3500,4970,1483,1,4021,131679,0,2017-08-01,2026-03-04,1,101,0,,1,,0,2025-08-06 00:00:00,2026-03-27 00:00:00
864,3500,20256,1215,1,4021,131679,0,2024-08-01,2026-03-04,1,101,1,,1,,0,2025-08-06 00:00:00,2026-03-27 00:00:00
865,9877,20661,1213,2,,,0,2021-08-06,2026-03-04,1,,1,,1,,0,2025-08-06 00:00:00,2026-03-27 00:00:00
866,9892,20668,1303,1,4008,133986,0,2022-11-01,2026-03-04,1,101,1,,1,,0,2025-08-06 00:00:00,2026-03-27 00:00:00
867,9897,649,1259,1,4035,131517,0,2021-09-27,2026-03-04,1,101,1,,1,,0,2025-08-06 00:00:00,2026-03-27 00:00:00
868,9906,20322,1236,1,4022,,0,2017-07-01,2026-03-04,1,101,1,,1,,0,2025-08-06 00:00:00,2026-03-27 00:00:00
869,9963,133,1219,1,4021,131679,0,2025-08-07,2026-03-04,1,101,1,,1,,0,2025-08-07 00:00:00,2026-03-27 00:00:00
870,9986,3,33,1,4021,132032,0,2022-06-03,2026-03-04,1,101,1,,1,,0,2025-08-07 00:00:00,2026-03-27 00:00:00
871,9988,714,1485,1,4012,132132,0,2019-08-17,2026-03-04,1,101,1,,1,,0,2025-08-07 00:00:00,2026-03-27 00:00:00
872,9995,20669,1205,1,4028,133322,0,2016-06-01,2026-03-04,1,101,0,,1,,0,2025-08-07 00:00:00,2026-03-27 00:00:00
873,9995,20669,1219,1,4028,133322,0,2018-06-01,2026-03-04,1,101,0,,1,,0,2025-08-07 00:00:00,2026-03-27 00:00:00
874,9995,651,1486,1,4035,131618,0,2019-06-24,2026-03-04,1,101,0,,1,,0,2025-08-07 00:00:00,2026-03-27 00:00:00
875,9995,20670,1487,1,4035,131618,0,2022-09-28,2026-03-04,1,101,1,,1,,0,2025-08-07 00:00:00,2026-03-27 00:00:00
876,40,133,1213,1,4021,154083,0,1998-06-10,2026-03-04,1,101,1,,1,,0,2025-08-07 00:00:00,2026-03-27 00:00:00
877,7863,20331,1300,1,4022,132142,0,2021-11-09,2026-03-04,1,101,1,,1,,0,2025-08-08 00:00:00,2026-03-27 00:00:00
878,10076,20671,1296,1,,,0,2011-03-01,2026-03-04,1,101,0,,1,,0,2025-08-08 00:00:00,2026-03-27 00:00:00
879,10098,20673,1194,1,4027,58081,0,2025-06-13,2026-03-04,1,101,1,,1,,0,2025-08-08 00:00:00,2026-03-27 00:00:00
880,10112,345,1185,1,4026,132016,0,2021-12-15,2026-03-04,1,101,1,"uploads/document/1754664603_9d57005d2008bbda8de9.jpg,",1,,0,2025-08-08 00:00:00,2026-03-27 00:00:00
881,10142,560,1215,1,4007,132032,0,2019-08-08,2026-03-04,1,101,1,,1,,0,2025-08-09 00:00:00,2026-03-27 00:00:00
882,10186,473,1241,1,4008,133504,0,2017-07-13,2026-03-04,1,101,1,,1,,0,2025-08-09 00:00:00,2026-03-27 00:00:00
883,10198,1251,1492,1,4027,132039,0,2025-07-28,2026-03-04,1,101,1,"uploads/document/1754745745_7917ec9eaa60851bea09.pdf,",1,,0,2025-08-09 00:00:00,2026-03-27 00:00:00
884,10225,5946,1220,1,4022,132042,0,2018-04-01,2026-03-04,1,101,0,"uploads/document/1754766547_d693d3639fe7f941ad3b.jpg,",1,,0,2025-08-10 00:00:00,2026-03-27 00:00:00
885,10225,9831,1219,1,4022,57951,0,2020-04-01,2026-03-04,1,101,0,"uploads/document/1754766626_932a195835d3d24a2f76.jpg,",1,,0,2025-08-10 00:00:00,2026-03-27 00:00:00
886,10225,20376,1303,1,4022,132005,0,2021-11-21,2026-03-04,1,101,1,"uploads/document/1754766835_24c66fb63f5a524a6ece.pdf,",1,,0,2025-08-10 00:00:00,2026-03-27 00:00:00
887,10236,20676,1493,1,4015,132785,0,2018-02-01,2026-03-04,1,101,0,,1,,0,2025-08-10 00:00:00,2026-03-27 00:00:00
888,10292,20677,1373,1,4027,58034,0,2021-08-10,2026-03-04,1,101,1,,1,,0,2025-08-10 00:00:00,2026-03-27 00:00:00
889,10303,133,1448,1,4021,154094,0,2022-07-11,2026-03-04,1,101,0,,1,,0,2025-08-11 00:00:00,2026-03-27 00:00:00
890,10303,20260,1494,1,4021,131821,0,2020-04-01,2026-03-04,1,101,0,,1,,0,2025-08-11 00:00:00,2026-03-27 00:00:00
891,10303,20260,1278,1,4021,131821,0,2018-04-01,2026-03-04,1,101,0,,1,,0,2025-08-11 00:00:00,2026-03-27 00:00:00
892,10306,11202,1496,1,4025,133044,0,2004-06-01,2026-03-04,1,101,0,,1,,0,2025-08-11 00:00:00,2026-03-27 00:00:00
893,10306,11202,1198,1,4025,133044,0,2006-06-01,2026-03-04,1,101,0,,1,,0,2025-08-11 00:00:00,2026-03-27 00:00:00
894,10306,20679,1255,1,4013,57823,0,2007-08-01,2026-03-04,1,101,0,,1,,0,2025-08-11 00:00:00,2026-03-27 00:00:00
895,10306,20680,1296,1,4013,58000,0,2014-08-01,2026-03-04,1,101,1,,1,,0,2025-08-11 00:00:00,2026-03-27 00:00:00
896,10346,1767,33,1,4021,132032,0,2019-06-12,2026-03-04,1,101,1,,1,,0,2025-08-11 00:00:00,2026-03-27 00:00:00
897,10355,20247,33,1,4022,132782,0,2020-07-03,2026-03-04,1,101,1,,1,,0,2025-08-11 00:00:00,2026-03-27 00:00:00
898,10358,340,1185,1,4026,57933,0,2022-09-11,2026-03-04,1,101,1,,1,,0,2025-08-11 00:00:00,2026-03-27 00:00:00
899,10368,1226,1317,1,4021,133210,0,2003-06-03,2026-03-04,1,101,0,,1,,0,2025-08-11 00:00:00,2026-03-27 00:00:00
900,10368,114,1185,1,4021,133210,0,1999-11-01,2026-03-04,1,101,0,,1,,0,2025-08-11 00:00:00,2026-03-27 00:00:00
901,10384,20682,1233,1,4007,132032,0,2010-05-11,2026-03-04,1,101,0,,1,,0,2025-08-11 00:00:00,2026-03-27 00:00:00
902,10409,210,33,1,4021,132032,0,2021-07-13,2026-03-04,1,101,1,,1,,0,2025-08-11 00:00:00,2026-03-27 00:00:00
903,10412,806,1198,1,4021,132032,0,2018-06-05,2026-03-04,1,101,1,,1,,0,2025-08-11 00:00:00,2026-03-27 00:00:00
904,10421,111,124,1,4037,133386,0,2022-06-07,2026-03-04,1,101,1,,1,,0,2025-08-11 00:00:00,2026-03-27 00:00:00
905,10446,305,1330,1,4026,57933,0,2025-08-12,2026-03-04,1,101,1,,1,,0,2025-08-12 00:00:00,2026-03-27 00:00:00
906,10471,20501,1198,1,4021,132032,0,2016-06-07,2026-03-04,1,101,1,,1,,0,2025-08-12 00:00:00,2026-03-27 00:00:00
907,10480,251,38,1,4021,132032,0,2021-06-08,2026-03-04,1,101,1,,1,,0,2025-08-12 00:00:00,2026-03-27 00:00:00
908,10488,20501,1198,1,4021,132032,0,2020-06-09,2026-03-04,1,101,1,,1,,0,2025-08-12 00:00:00,2026-03-27 00:00:00
909,10507,20683,1219,1,4027,132110,0,2016-05-10,2026-03-04,1,101,1,,1,,0,2025-08-12 00:00:00,2026-03-27 00:00:00
910,10454,311,1481,1,,,0,2011-06-06,2026-03-04,1,101,1,,1,,0,2025-08-12 00:00:00,2026-03-27 00:00:00
911,10529,20441,1236,1,4022,132005,0,2019-08-01,2026-03-04,1,101,1,,1,,0,2025-08-12 00:00:00,2026-03-27 00:00:00
912,10547,469,1213,1,4008,133116,0,2016-07-01,2026-03-04,1,101,0,,1,,0,2025-08-12 00:00:00,2026-03-27 00:00:00
913,10547,469,1214,1,4008,133116,0,2018-08-01,2026-03-04,1,101,0,,1,,0,2025-08-12 00:00:00,2026-03-27 00:00:00
914,10548,20684,1220,1,4025,132232,0,2018-03-06,2026-03-04,1,101,0,"uploads/document/1755017937_eb3984fb7c87c20c4a5e.jpg,",1,,0,2025-08-12 00:00:00,2026-03-27 00:00:00
915,10569,18680,1504,1,4021,131853,0,2012-07-15,2026-03-04,1,101,0,,1,,0,2025-08-13 00:00:00,2026-03-27 00:00:00
916,10569,18680,1505,1,4021,131853,0,2011-12-15,2026-03-04,1,101,0,,1,,0,2025-08-13 00:00:00,2026-03-27 00:00:00
917,10569,18672,1506,1,4021,131853,0,2008-07-15,2026-03-04,1,101,0,,1,,0,2025-08-13 00:00:00,2026-03-27 00:00:00
918,10569,905,1507,2,,,0,2021-11-01,2026-03-04,1,,0,,1,,1,2025-08-13 00:00:00,2026-03-27 00:00:00
919,10569,20685,1508,2,,,0,2023-04-01,2026-03-04,1,,0,,1,,1,2025-08-13 00:00:00,2026-03-27 00:00:00
920,10584,805,1509,1,4022,132782,0,2020-08-01,2026-03-04,1,101,0,,1,,0,2025-08-13 00:00:00,2026-03-27 00:00:00
921,10622,10288,1300,1,4022,132384,0,2021-08-10,2026-03-04,1,101,1,,1,,0,2025-08-13 00:00:00,2026-03-27 00:00:00
922,10634,20686,1510,1,4021,131679,0,2006-01-01,2026-03-04,1,101,0,,1,,0,2025-08-13 00:00:00,2026-03-27 00:00:00
923,10634,20686,1494,1,4021,131679,0,2007-04-01,2026-03-04,1,101,0,,1,,0,2025-08-13 00:00:00,2026-03-27 00:00:00
924,10634,20687,1256,1,4021,131679,0,2009-03-01,2026-03-04,1,101,1,,1,,0,2025-08-13 00:00:00,2026-03-27 00:00:00
925,10650,14131,1219,1,4007,132032,0,2024-08-13,2026-03-04,1,101,1,,1,,0,2025-08-13 00:00:00,2026-03-27 00:00:00
926,10671,210,26,1,4021,132032,0,2023-07-03,2026-03-04,1,101,1,,1,,0,2025-08-13 00:00:00,2026-03-27 00:00:00
927,10675,5301,1198,1,4021,132032,0,2018-06-01,2026-03-04,1,101,1,,1,,0,2025-08-13 00:00:00,2026-03-27 00:00:00
928,10687,15933,1219,1,4007,132032,0,2024-08-13,2026-03-04,1,101,1,,1,,0,2025-08-13 00:00:00,2026-03-27 00:00:00
929,8251,403,1511,1,4039,57995,0,2018-06-13,2026-03-04,1,101,0,,1,,0,2025-08-13 00:00:00,2026-03-27 00:00:00
930,10771,729,1214,1,4022,57640,0,2021-07-10,2026-03-04,1,101,0,"uploads/document/1755182989_553260e3917f746f5e7d.jpg,",1,,0,2025-08-14 00:00:00,2026-03-27 00:00:00
931,10771,804,1213,1,4022,57640,0,2018-07-10,2026-03-04,1,101,0,"uploads/document/1755183086_13e6a345bb68d8c64ec7.jpg,",1,,0,2025-08-14 00:00:00,2026-03-27 00:00:00
932,10771,12746,1198,1,4022,132976,0,2017-04-03,2026-03-04,1,101,0,"uploads/document/1755183861_2f66c04985a572fe3667.pdf,",1,,0,2025-08-14 00:00:00,2026-03-27 00:00:00
933,10771,14318,1205,1,4022,132976,0,2015-04-10,2026-03-04,1,101,0,"uploads/document/1755183940_8039386800a968d26a0d.pdf,",1,,0,2025-08-14 00:00:00,2026-03-27 00:00:00
934,10771,20688,1287,1,4022,132976,0,2023-12-05,2026-03-04,1,101,0,"uploads/document/1755184206_020ce21c26014e8a5c01.jpg,",1,,0,2025-08-14 00:00:00,2026-03-27 00:00:00
935,10801,18701,1213,2,,,0,2024-07-15,2026-03-04,1,,1,,1,,0,2025-08-15 00:00:00,2026-03-27 00:00:00
936,10807,741,1209,2,,,0,2023-08-15,2026-03-04,1,,1,,1,,0,2025-08-15 00:00:00,2026-03-27 00:00:00
937,10808,20260,1219,1,4021,131679,0,2023-05-01,2026-03-04,1,101,0,,1,,0,2025-08-15 00:00:00,2026-03-27 00:00:00
938,10808,20293,30,1,4021,131679,0,2024-11-01,2026-03-04,1,101,0,,1,,0,2025-08-15 00:00:00,2026-03-27 00:00:00
939,10843,20689,1215,1,4008,,0,2023-06-15,2026-03-04,1,101,1,,1,,0,2025-08-15 00:00:00,2026-03-27 00:00:00
940,10854,99,1354,1,,,0,2017-06-01,2026-03-04,1,101,1,,1,,0,2025-08-15 00:00:00,2026-03-27 00:00:00
941,10878,20690,1220,1,4027,132004,0,2014-08-15,2026-03-04,1,101,0,,1,,0,2025-08-15 00:00:00,2026-03-27 00:00:00
942,10884,20256,1213,2,,,0,2014-06-01,2026-03-04,1,,1,,1,,0,2025-08-15 00:00:00,2026-03-27 00:00:00
943,10901,20691,1512,1,4035,134341,0,2008-07-16,2026-03-04,1,101,1,,1,,0,2025-08-16 00:00:00,2026-03-27 00:00:00
944,10952,20692,1220,1,4022,132306,0,2020-05-11,2026-03-04,1,101,0,,1,,0,2025-08-16 00:00:00,2026-03-27 00:00:00
945,10948,543,1215,1,4015,132472,0,2023-08-16,2026-03-04,1,101,1,,1,,0,2025-08-16 00:00:00,2026-03-27 00:00:00
946,10975,47,1192,1,4027,132742,0,2023-08-16,2026-03-04,1,101,1,"uploads/document/1755363448_df8acfdaed2624aa8027.jpg,",1,,0,2025-08-16 00:00:00,2026-03-27 00:00:00
947,10977,5326,1220,1,4021,131679,0,2021-04-01,2026-03-04,1,101,0,,1,,0,2025-08-16 00:00:00,2026-03-27 00:00:00
948,10977,5326,1219,1,4021,131679,0,2023-04-01,2026-03-04,1,101,0,,1,,0,2025-08-16 00:00:00,2026-03-27 00:00:00
949,10977,133,1221,2,4021,131679,0,2024-09-01,2026-03-04,1,101,1,,1,,0,2025-08-16 00:00:00,2026-03-27 00:00:00
950,10998,868,1303,1,4853,142001,0,2022-09-01,2026-03-04,1,101,0,,1,,0,2025-08-17 00:00:00,2026-03-27 00:00:00
951,10998,868,1340,1,4853,142001,0,2019-06-01,2026-03-04,1,101,0,,1,,0,2025-08-17 00:00:00,2026-03-27 00:00:00
952,11010,193,1513,1,4030,133679,0,2023-02-11,2026-03-04,1,101,1,,1,,0,2025-08-17 00:00:00,2026-03-27 00:00:00
953,11046,4962,1100,1,4035,131841,0,2020-11-20,2026-03-04,1,101,0,,1,,0,2025-08-17 00:00:00,2026-03-27 00:00:00
954,11046,20693,1205,1,4035,133134,0,2017-06-15,2026-03-04,1,101,0,,1,,0,2025-08-17 00:00:00,2026-03-27 00:00:00
955,11046,20694,1198,1,4035,133134,0,2019-07-18,2026-03-04,1,101,0,,1,,0,2025-08-17 00:00:00,2026-03-27 00:00:00
956,11048,202,1212,1,4030,57606,0,2009-08-17,2026-03-04,1,101,1,,1,,0,2025-08-17 00:00:00,2026-03-27 00:00:00
957,11070,20695,1188,1,4027,132039,0,2018-08-01,2026-03-04,1,101,1,,1,,0,2025-08-17 00:00:00,2026-03-27 00:00:00
958,11089,661,1514,1,4035,131517,0,2017-07-04,2026-03-04,1,101,1,,1,,0,2025-08-18 00:00:00,2026-03-27 00:00:00
959,11117,20696,1233,1,4027,132039,0,2020-10-01,2026-03-04,1,101,1,,1,,0,2025-08-18 00:00:00,2026-03-27 00:00:00
960,11130,550,1328,1,4015,132980,0,2020-08-18,2026-03-04,1,101,1,"uploads/document/1755501558_bc5aaec204316d02be6e.pdf,",1,,0,2025-08-18 00:00:00,2026-03-27 00:00:00
961,11139,20698,1198,1,4022,131845,0,2024-04-01,2026-03-04,1,101,1,,1,,0,2025-08-18 00:00:00,2026-03-27 00:00:00
962,11166,20699,1433,1,4008,57765,0,2024-05-01,2026-03-04,1,101,0,,1,,0,2025-08-18 00:00:00,2026-03-27 00:00:00
963,11209,111,1180,1,4021,133165,0,2021-04-19,2026-03-04,1,101,1,"uploads/document/1755573154_b58e87c4c8fedb3088cd.jpg,uploads/document/1755573154_bfb3dbd06c3c8d4bd4b2.jpg,uploads/document/1755573154_10a0262e3d32b026f684.jpg,uploads/document/1755573154_4cad42a2dde20a80ca3c.jpg,uploads/document/1755573154_9d3e61bca05fda110f34.jpg,uploads/document/1755573154_118eced648b2aa3af998.jpg,uploads/document/1755573154_9c729779adf62acbf41f.jpg,uploads/document/1755573154_be63a5cacfa1776b0e0e.jpg,uploads/document/1755573154_9505cfb412cb065ba259.jpg,",1,,0,2025-08-19 00:00:00,2026-03-27 00:00:00
964,11232,43,1187,1,4027,133935,0,2019-06-01,2026-03-04,1,101,1,,1,,0,2025-08-19 00:00:00,2026-03-27 00:00:00
965,11266,4796,1198,1,4013,132578,0,2019-03-19,2026-03-04,1,101,0,,1,,0,2025-08-19 00:00:00,2026-03-27 00:00:00
966,11266,20702,1185,1,4017,134356,0,2021-10-19,2026-03-04,1,101,0,,1,,0,2025-08-19 00:00:00,2026-03-27 00:00:00
967,11290,20703,1516,1,4020,134279,0,2021-09-10,2026-03-04,1,101,1,,1,,0,2025-08-20 00:00:00,2026-03-27 00:00:00
968,11291,20272,1219,1,4015,57587,0,2023-04-01,2026-03-04,1,101,1,"uploads/document/1755658849_dfe3ffca02f1288825fd.pdf,",1,,0,2025-08-20 00:00:00,2026-03-27 00:00:00
969,11295,20473,1517,1,4021,131679,0,2021-06-20,2026-03-04,1,101,1,"uploads/document/1755663693_bc59f16aff1d3d3d4f76.jpeg,",1,,0,2025-08-20 00:00:00,2026-03-27 00:00:00
970,11301,869,1184,1,4853,142001,0,2023-08-14,2026-03-04,1,101,1,,1,,0,2025-08-20 00:00:00,2026-03-27 00:00:00
971,11309,114,92,1,4021,131679,0,2023-07-03,2026-03-04,1,101,1,,1,,0,2025-08-20 00:00:00,2026-03-27 00:00:00
972,11315,18740,1183,1,4007,132032,0,2020-01-01,2026-03-04,1,101,1,,1,,0,2025-08-20 00:00:00,2026-03-27 00:00:00
973,11322,20501,1198,1,4021,132032,0,2020-06-05,2026-03-04,1,101,1,,1,,0,2025-08-20 00:00:00,2026-03-27 00:00:00
974,11333,41,207,1,4021,132032,0,2023-07-06,2026-03-04,1,101,1,,1,,0,2025-08-20 00:00:00,2026-03-27 00:00:00
975,11335,5687,1233,1,4021,132032,0,2021-05-01,2026-03-04,1,101,1,,1,,0,2025-08-20 00:00:00,2026-03-27 00:00:00
976,8223,473,1184,1,4008,133504,0,2017-08-08,2026-03-04,1,101,1,,1,,0,2025-08-20 00:00:00,2026-03-27 00:00:00
977,11375,20247,1221,1,4022,132783,0,2021-06-02,2026-03-04,1,101,1,,1,,0,2025-08-20 00:00:00,2026-03-27 00:00:00
978,11386,20247,1192,1,4022,132384,0,2021-06-04,2026-03-04,1,101,1,,1,,0,2025-08-20 00:00:00,2026-03-27 00:00:00
979,11384,1294,1520,1,4022,131953,0,2012-08-17,2026-03-04,1,101,1,,1,,0,2025-08-20 00:00:00,2026-03-27 00:00:00
980,11414,776,1199,1,4022,133230,0,2015-07-01,2026-03-04,1,101,0,,1,,0,2025-08-21 00:00:00,2026-03-27 00:00:00
981,11424,20245,1190,2,,,0,2021-04-15,2026-03-04,1,,1,,1,,0,2025-08-21 00:00:00,2026-03-27 00:00:00
982,11438,20568,1198,1,4021,132032,0,2020-06-16,2026-03-04,1,101,1,,1,,0,2025-08-21 00:00:00,2026-03-27 00:00:00
983,11454,20705,1381,1,4007,133647,0,2020-08-21,2026-03-04,1,101,1,,1,,0,2025-08-21 00:00:00,2026-03-27 00:00:00
984,11467,1154,1061,1,4012,132132,0,2013-09-23,2026-03-04,1,101,0,,1,,0,2025-08-21 00:00:00,2026-03-27 00:00:00
985,10023,738,1221,1,4022,133302,0,2021-06-01,2026-03-04,1,101,0,,1,,0,2025-08-21 00:00:00,2026-03-27 00:00:00
986,11420,48,1523,1,4027,134134,0,2018-08-01,2026-03-04,1,101,0,"uploads/document/1755789185_3e61ddee377a82e2a935.pdf,",1,,0,2025-08-21 00:00:00,2026-03-27 00:00:00
987,11420,20707,1524,1,4027,134134,0,2018-08-01,2026-03-04,1,101,0,"uploads/document/1755789257_cd1d803b8171e99adf5a.pdf,",1,,0,2025-08-21 00:00:00,2026-03-27 00:00:00
988,11498,778,1190,1,4022,132142,0,2019-08-21,2026-03-04,1,101,1,,1,,0,2025-08-21 00:00:00,2026-03-27 00:00:00
989,11516,10674,1220,1,4030,134326,0,2014-06-10,2026-03-04,1,101,0,,1,,0,2025-08-21 00:00:00,2026-03-27 00:00:00
990,11516,8750,1219,1,4030,134326,0,2016-06-15,2026-03-04,1,101,0,,1,,0,2025-08-21 00:00:00,2026-03-27 00:00:00
991,11516,202,1187,1,4030,134326,0,2019-07-04,2026-03-04,1,101,1,,1,,0,2025-08-21 00:00:00,2026-03-27 00:00:00
992,11329,20709,1473,1,4853,142006,0,2023-08-28,2026-03-04,1,101,1,,1,,0,2025-08-22 00:00:00,2026-03-27 00:00:00
993,11573,11,1,1,4021,132032,0,2021-06-09,2026-03-04,1,101,1,,1,,0,2025-08-22 00:00:00,2026-03-27 00:00:00
994,11598,5,16,1,4016,134256,0,2021-06-08,2026-03-04,1,101,1,,1,,0,2025-08-22 00:00:00,2026-03-27 00:00:00
995,11604,225,1213,1,4007,131853,0,2022-07-01,2026-03-04,1,101,1,,1,,0,2025-08-22 00:00:00,2026-03-27 00:00:00
996,11618,20311,1236,1,4022,132384,0,2022-08-22,2026-03-04,1,101,1,,1,,0,2025-08-22 00:00:00,2026-03-27 00:00:00
997,11659,3,33,1,4021,132032,0,2022-06-07,2026-03-04,1,101,1,,1,,0,2025-08-23 00:00:00,2026-03-27 00:00:00
998,11666,20501,1221,1,4021,132032,0,2023-09-09,2026-03-04,1,101,1,,1,,0,2025-08-23 00:00:00,2026-03-27 00:00:00
999,11680,114,1085,1,4022,133230,0,2020-01-01,2026-03-04,1,101,0,,1,,0,2025-08-23 00:00:00,2026-03-27 00:00:00
1000,11719,751,1303,1,4007,131853,0,2022-10-01,2026-03-04,1,101,1,,1,,0,2025-08-23 00:00:00,2026-03-27 00:00:00
1001,11751,20415,1092,1,4015,57587,0,2012-08-06,2026-03-04,1,101,1,"uploads/document/1755987713_e84dbf16ca40893f27eb.jpeg,",1,,0,2025-08-24 00:00:00,2026-03-27 00:00:00
1002,11771,72,1208,1,4037,131654,0,2024-02-01,2026-03-04,1,101,1,,1,,0,2025-08-24 00:00:00,2026-03-27 00:00:00
1003,11747,255,1192,1,4020,133871,0,1998-05-01,2026-03-04,1,101,0,"uploads/document/1756013159_dcd2afd2e7f765ed48e7.pdf,",1,,0,2025-08-24 00:00:00,2026-03-27 00:00:00
1004,11747,20713,1530,1,4020,133871,0,2003-07-01,2026-03-04,1,101,0,"uploads/document/1756013274_58d22ed6da4f85c34c52.pdf,",1,,0,2025-08-24 00:00:00,2026-03-27 00:00:00
1005,11747,20714,1531,2,,,0,2008-03-01,2026-03-04,1,,0,"uploads/document/1756013499_7de298d01d96be45a020.pdf,",1,,0,2025-08-24 00:00:00,2026-03-27 00:00:00
1006,11809,20259,1532,1,4007,132032,0,2024-06-17,2026-03-04,1,101,1,"uploads/document/1756030669_f2d599e47bb8d538ca5b.pdf,",1,,0,2025-08-24 00:00:00,2026-03-27 00:00:00
1007,11835,20715,1533,1,4014,132201,0,2022-08-24,2026-03-04,1,101,0,,1,,0,2025-08-24 00:00:00,2026-03-27 00:00:00
1008,11836,20716,1187,1,4016,,0,2020-04-09,2026-03-04,1,101,1,"uploads/document/1756048929_5d88473f2aefaccab805.pdf,",1,,0,2025-08-24 00:00:00,2026-03-27 00:00:00
1009,11895,714,1534,1,4012,132132,0,2017-08-25,2026-03-04,1,101,1,"uploads/document/1756105836_a7af01366f0b3a48a78e.jpg,",1,,0,2025-08-25 00:00:00,2026-03-27 00:00:00
1010,11901,133,1535,1,4021,133210,0,2023-09-20,2026-03-04,1,101,0,,1,,0,2025-08-25 00:00:00,2026-03-27 00:00:00
1011,11908,83,1233,1,4037,131799,0,2021-07-08,2026-03-04,1,101,1,"uploads/document/1756113781_3c2a784e21a0e2fffa72.jpg,",1,,0,2025-08-25 00:00:00,2026-03-27 00:00:00
1012,11909,472,1293,1,4008,133515,0,2011-04-01,2026-03-04,1,101,1,,1,,0,2025-08-25 00:00:00,2026-03-27 00:00:00
1013,11910,304,1221,1,4026,57848,0,2022-09-01,2026-03-04,1,101,1,,1,,0,2025-08-25 00:00:00,2026-03-27 00:00:00
1014,11923,472,1536,1,4008,133504,0,2022-02-01,2026-03-04,1,101,1,,1,,0,2025-08-25 00:00:00,2026-03-27 00:00:00
1015,11943,279,1509,1,4029,134020,0,2003-01-01,2026-03-04,1,101,0,,1,,0,2025-08-26 00:00:00,2026-03-27 00:00:00
1016,11943,279,1478,1,4029,134020,0,2008-03-01,2026-03-04,1,101,1,,1,,0,2025-08-26 00:00:00,2026-03-27 00:00:00
1017,11950,654,1215,2,,,0,2008-06-02,2026-03-04,1,,0,,1,,0,2025-08-26 00:00:00,2026-03-27 00:00:00
1018,11950,20717,1255,1,4035,131618,0,1990-08-01,2026-03-04,1,101,0,,1,,0,2025-08-26 00:00:00,2026-03-27 00:00:00
1019,11984,20718,1223,1,4007,131853,0,2018-08-01,2026-03-04,1,101,0,,1,,0,2025-08-26 00:00:00,2026-03-27 00:00:00
1020,11984,20719,1190,1,,,0,2014-08-01,2026-03-04,1,101,0,,1,,0,2025-08-26 00:00:00,2026-03-27 00:00:00
1021,11990,20333,1192,1,4022,133792,0,2020-05-23,2026-03-04,1,101,1,,1,,0,2025-08-26 00:00:00,2026-03-27 00:00:00
1022,12007,305,1512,1,4026,57933,0,2007-06-01,2026-03-04,1,101,1,,1,,0,2025-08-26 00:00:00,2026-03-27 00:00:00
1023,12023,20720,1537,1,4008,133025,0,2017-06-01,2026-03-04,1,101,0,,1,,0,2025-08-26 00:00:00,2026-03-27 00:00:00
1024,12023,20721,1538,1,4008,133025,0,2018-07-07,2026-03-04,1,101,0,,1,,0,2025-08-26 00:00:00,2026-03-27 00:00:00
1025,12077,407,1221,1,4039,133820,0,2020-08-26,2026-03-04,1,101,1,,1,,0,2025-08-27 00:00:00,2026-03-27 00:00:00
1026,12158,442,1309,1,,,0,2024-06-15,2026-03-04,1,,1,,1,,0,2025-08-27 00:00:00,2026-03-27 00:00:00
1027,12160,20722,1219,1,4037,132744,0,2023-05-03,2026-03-04,1,101,1,"uploads/document/1756278954_100c4034a35210afadc8.jpg,",1,,0,2025-08-27 00:00:00,2026-03-27 00:00:00
1028,12192,18723,1221,1,4015,132979,0,2025-07-01,2026-03-04,1,101,1,,1,,0,2025-08-27 00:00:00,2026-03-27 00:00:00
1029,12211,830,1261,1,4037,133052,0,2021-10-21,2026-03-04,1,101,1,,1,,0,2025-08-27 00:00:00,2026-03-27 00:00:00
1030,12214,20245,1256,2,,,0,2019-06-01,2026-03-04,1,,1,,1,,0,2025-08-27 00:00:00,2026-03-27 00:00:00
1031,12230,118,1241,1,4021,154084,0,2021-06-08,2026-03-04,1,101,1,,1,,0,2025-08-27 00:00:00,2026-03-27 00:00:00
1032,12229,1087,1277,2,,,0,2012-05-10,2026-03-04,1,,1,,1,,0,2025-08-27 00:00:00,2026-03-27 00:00:00
1033,12248,1066,1354,2,,,0,2025-07-01,2026-03-04,1,,0,,1,,0,2025-08-27 00:00:00,2026-03-27 00:00:00
1034,12248,482,1269,1,4008,133025,0,2021-08-01,2026-03-04,1,101,0,,1,,0,2025-08-27 00:00:00,2026-03-27 00:00:00
1035,12265,20723,1539,1,,,0,1989-03-06,2026-03-04,1,101,1,,1,,0,2025-08-27 00:00:00,2026-03-27 00:00:00
1036,12277,20724,1300,1,,,0,2023-09-13,2026-03-04,1,,0,,1,,0,2025-08-28 00:00:00,2026-03-27 00:00:00
1037,12295,248,1092,1,4020,133985,0,2011-07-01,2026-03-04,1,101,1,"uploads/document/1756344484_aa9835968f28fb50cb95.jpg,",1,,0,2025-08-28 00:00:00,2026-03-27 00:00:00
1038,12304,388,1410,1,4039,132166,0,2023-09-01,2026-03-04,1,101,1,,1,,0,2025-08-28 00:00:00,2026-03-27 00:00:00
1039,12333,20725,1277,1,4030,57967,0,2020-08-28,2026-03-04,1,101,0,"uploads/document/1756357784_dcbc7fad8c1c0a513057.pdf,",1,,0,2025-08-28 00:00:00,2026-03-27 00:00:00
1040,12333,20726,1184,1,4030,57695,0,2023-08-28,2026-03-04,1,101,1,,1,,0,2025-08-28 00:00:00,2026-03-27 00:00:00
1041,12359,12968,33,1,4021,132032,0,2022-06-15,2026-03-04,1,101,1,,1,,0,2025-08-28 00:00:00,2026-03-27 00:00:00
1042,12362,20727,1198,1,4022,132782,0,2022-06-08,2026-03-04,1,101,1,,1,,0,2025-08-28 00:00:00,2026-03-27 00:00:00
1043,12364,20501,1198,1,4021,132032,0,2020-06-16,2026-03-04,1,101,1,,1,,0,2025-08-28 00:00:00,2026-03-27 00:00:00
1044,12372,5,207,1,4039,133054,0,2023-06-07,2026-03-04,1,101,1,,1,,0,2025-08-28 00:00:00,2026-03-27 00:00:00
1045,12382,20728,1202,1,4853,141861,0,2021-06-01,2026-03-04,1,101,1,"uploads/document/1756370644_80e0a394fd4e36969eb6.pdf,",1,,0,2025-08-28 00:00:00,2026-03-27 00:00:00
1046,12431,20729,1238,1,4026,57933,0,2021-09-29,2026-03-04,1,101,1,,1,,0,2025-08-28 00:00:00,2026-03-27 00:00:00
1047,12463,83,1509,1,4037,58100,0,2020-03-01,2026-03-04,1,101,1,,1,,0,2025-08-28 00:00:00,2026-03-27 00:00:00
1048,12520,5,1206,1,4022,147471,0,2016-05-07,2026-03-04,1,101,1,,1,,0,2025-08-29 00:00:00,2026-03-27 00:00:00
1049,12528,20501,1198,1,4022,131845,0,2023-06-06,2026-03-04,1,101,1,,1,,0,2025-08-29 00:00:00,2026-03-27 00:00:00
1050,12534,20731,1198,1,4022,132782,0,2021-07-14,2026-03-04,1,101,1,,1,,0,2025-08-29 00:00:00,2026-03-27 00:00:00
1051,11713,798,1185,1,4022,,0,2012-07-04,2026-03-04,1,101,0,,1,,0,2025-08-29 00:00:00,2026-03-27 00:00:00
1052,12539,20501,1219,1,4021,132032,0,2021-06-09,2026-03-04,1,101,1,,1,,0,2025-08-29 00:00:00,2026-03-27 00:00:00
1053,12581,143,1225,1,4030,57606,0,2021-08-01,2026-03-04,1,101,1,,1,,0,2025-08-29 00:00:00,2026-03-27 00:00:00
1054,12631,155,1385,1,4030,57606,0,2021-07-01,2026-03-04,1,101,1,"uploads/document/1756486265_a512c3d46078e8ee10cd.jpeg,",1,,0,2025-08-29 00:00:00,2026-03-27 00:00:00
1055,12647,20735,1219,1,4020,132702,0,2015-04-01,2026-03-04,1,101,0,,1,,0,2025-08-30 00:00:00,2026-03-27 00:00:00
1056,12647,255,1221,1,4020,132701,0,2016-06-01,2026-03-04,1,101,0,,1,,0,2025-08-30 00:00:00,2026-03-27 00:00:00
1057,12647,20733,1524,1,4020,132702,0,2021-01-01,2026-03-04,1,101,0,,1,,0,2025-08-30 00:00:00,2026-03-27 00:00:00
1058,12647,20734,595,1,4007,131853,0,2022-07-20,2026-03-04,1,101,0,,1,,0,2025-08-30 00:00:00,2026-03-27 00:00:00
1059,12661,20736,1219,1,4022,57828,0,2004-08-30,2026-03-04,1,101,1,,1,,0,2025-08-30 00:00:00,2026-03-27 00:00:00
1060,12669,20737,1042,1,4039,131532,0,2022-04-13,2026-03-04,1,101,1,"uploads/document/1756527377_e92b4364fdb6a1bd9922.jpg,uploads/document/1756527377_c6e016ffbdc9938a0fe3.jpg,",1,,0,2025-08-30 00:00:00,2026-03-27 00:00:00
1061,12694,3557,207,1,4039,132854,0,2023-06-06,2026-03-04,1,101,1,,1,,0,2025-08-30 00:00:00,2026-03-27 00:00:00
1062,12714,20568,1198,1,4021,132032,0,2022-06-08,2026-03-04,1,101,1,,1,,0,2025-08-30 00:00:00,2026-03-27 00:00:00
1063,12716,20276,13,2,,,0,2024-06-15,2026-03-04,1,,0,"uploads/document/1756538066_5c017dcc427b08783ff2.pdf,",1,,0,2025-08-30 00:00:00,2026-03-27 00:00:00
1064,12716,20389,1092,1,4008,131785,0,2018-08-06,2026-03-04,1,101,1,"uploads/document/1756538248_7eedbc76a164dcb3ad98.pdf,",1,,0,2025-08-30 00:00:00,2026-03-27 00:00:00
1065,12710,20676,1542,1,4021,133210,0,2019-01-23,2026-03-04,1,101,1,,1,,0,2025-08-30 00:00:00,2026-03-27 00:00:00
1066,12734,772,1438,1,4022,57867,0,2025-08-19,2026-03-04,1,101,1,,1,,0,2025-08-30 00:00:00,2026-03-27 00:00:00
1067,12785,482,1354,1,4008,133024,0,2025-08-30,2026-03-04,1,101,0,,1,,0,2025-08-30 00:00:00,2026-03-27 00:00:00
1068,12786,387,1233,1,4039,132166,0,2023-04-10,2026-03-04,1,101,1,"uploads/document/1756556688_12bba161bcfac67fd1ec.jpg,",1,,0,2025-08-30 00:00:00,2026-03-27 00:00:00
1069,12796,61,1233,1,4037,133005,0,2023-09-01,2026-03-04,1,101,1,"uploads/document/1756560704_c449b0f3f205ee914eb3.pdf,",1,,0,2025-08-30 00:00:00,2026-03-27 00:00:00
1070,12801,20245,1225,2,,,0,2023-06-01,2026-03-04,1,,1,,1,,0,2025-08-30 00:00:00,2026-03-27 00:00:00
1071,12808,473,1383,1,4008,133504,0,2022-12-14,2026-03-04,1,101,1,,1,,0,2025-08-30 00:00:00,2026-03-27 00:00:00
1072,12792,20741,1219,1,4021,58171,0,2019-04-01,2026-03-04,1,101,1,,1,,0,2025-08-30 00:00:00,2026-03-27 00:00:00
1073,12860,20742,1219,1,,,0,2025-07-01,2026-03-04,1,101,1,"uploads/document/1756591432_ffbbb3e00bec99685f95.pdf,",1,,0,2025-08-31 00:00:00,2026-03-27 00:00:00
1074,12913,775,1185,1,,,0,2021-07-15,2026-03-04,1,101,1,,1,,0,2025-08-31 00:00:00,2026-03-27 00:00:00
1075,12917,20743,1220,1,4014,134086,0,2015-04-01,2026-03-04,1,101,1,,1,,0,2025-08-31 00:00:00,2026-03-27 00:00:00
1076,12940,80,1192,1,4037,133678,0,2024-07-19,2026-03-04,1,101,1,,1,,0,2025-08-31 00:00:00,2026-03-27 00:00:00
1077,12957,134,1185,1,4009,134333,0,2018-07-09,2026-03-04,1,101,1,,1,,0,2025-08-31 00:00:00,2026-03-27 00:00:00
1078,12977,20323,1240,1,4022,133051,0,2014-08-01,2026-03-04,1,101,1,"uploads/document/1756655035_a32b6765d6df6d74f363.jpg,",1,,0,2025-08-31 00:00:00,2026-03-27 00:00:00
1079,12993,20744,1233,1,4008,133504,0,2022-08-01,2026-03-04,1,101,1,"uploads/document/1756659709_9ee9f63aaf0013232de4.jpg,",1,,0,2025-08-31 00:00:00,2026-03-27 00:00:00
1080,13005,156,1213,1,4030,57606,0,2023-06-30,2026-03-04,1,101,1,,1,,0,2025-08-31 00:00:00,2026-03-27 00:00:00
1081,13011,473,1240,1,4008,132359,0,2019-08-22,2026-03-04,1,101,1,"uploads/document/1756665546_bec35c24be4248a833d3.jpg,",1,,0,2025-09-01 00:00:00,2026-03-27 00:00:00
1082,13017,830,1238,1,4016,133394,0,2018-08-13,2026-03-04,1,101,1,,1,,0,2025-09-01 00:00:00,2026-03-27 00:00:00
1083,13026,20745,1219,1,4022,132748,0,2017-03-03,2026-03-04,1,101,1,"uploads/document/1756671040_945e06b09d1c0f77f74d.jpg,",1,,0,2025-09-01 00:00:00,2026-03-27 00:00:00
1084,13050,637,1240,1,4014,132201,0,2018-10-15,2026-03-04,1,101,0,,1,,0,2025-09-01 00:00:00,2026-03-27 00:00:00
1085,13103,843,1533,1,4853,141883,0,2021-08-31,2026-03-04,1,101,1,"uploads/document/1756714304_d5bf0fd166f7ad915dff.pdf,",1,,0,2025-09-01 00:00:00,2026-03-27 00:00:00
1086,13126,20568,1198,1,4021,132032,0,2022-07-05,2026-03-04,1,101,1,,1,,0,2025-09-01 00:00:00,2026-03-27 00:00:00
1087,13149,60,1208,1,4021,132032,0,2023-07-05,2026-03-04,1,101,1,,1,,0,2025-09-01 00:00:00,2026-03-27 00:00:00
1088,13162,20257,1306,1,4007,132032,0,2022-10-17,2026-03-04,1,101,1,,1,,0,2025-09-01 00:00:00,2026-03-27 00:00:00
1089,13176,442,1215,2,,,0,2024-07-10,2026-03-04,1,,1,,1,,0,2025-09-01 00:00:00,2026-03-27 00:00:00
1090,13179,20749,437,1,4037,133052,0,2022-09-01,2026-03-04,1,101,1,,1,,0,2025-09-01 00:00:00,2026-03-27 00:00:00
1091,13193,482,1190,1,4008,133024,0,2020-06-16,2026-03-04,1,101,0,,1,,0,2025-09-01 00:00:00,2026-03-27 00:00:00
1092,13268,20751,1220,1,4037,133767,0,2013-04-01,2026-03-04,1,101,0,,1,,0,2025-09-02 00:00:00,2026-03-27 00:00:00
1093,13268,20752,1219,1,4037,133767,0,2014-05-01,2026-03-04,1,101,0,,1,,0,2025-09-02 00:00:00,2026-03-27 00:00:00
1094,13268,203,1380,1,4007,131853,0,2016-05-01,2026-03-04,1,101,1,,1,,0,2025-09-02 00:00:00,2026-03-27 00:00:00
1095,13304,5301,1198,1,4021,132032,0,2020-07-10,2026-03-04,1,101,1,,1,,0,2025-09-02 00:00:00,2026-03-27 00:00:00
1096,13315,482,1213,1,4008,133353,0,2024-04-06,2026-03-04,1,101,1,,1,,0,2025-09-02 00:00:00,2026-03-27 00:00:00
1097,13326,20750,1220,1,4037,133052,0,2022-03-31,2026-03-04,1,101,0,,1,,0,2025-09-02 00:00:00,2026-03-27 00:00:00
1098,13326,20750,1219,1,4037,133052,0,2024-06-23,2026-03-04,1,101,0,,1,,0,2025-09-02 00:00:00,2026-03-27 00:00:00
1099,13331,20753,1233,1,4037,134089,0,2021-09-02,2026-03-04,1,101,1,"uploads/document/1756806925_49f57b316132ddc20088.pdf,",1,,0,2025-09-02 00:00:00,2026-03-27 00:00:00
1100,13342,210,33,1,4021,132032,0,2022-07-05,2026-03-04,1,101,1,,1,,0,2025-09-02 00:00:00,2026-03-27 00:00:00
1101,13410,20754,1184,1,4008,133024,0,2020-11-02,2026-03-04,1,101,1,,1,,0,2025-09-02 00:00:00,2026-03-27 00:00:00
1102,13465,20755,1338,1,4008,133024,0,2020-07-03,2026-03-04,1,101,1,,1,,0,2025-09-03 00:00:00,2026-03-27 00:00:00
1103,13483,789,1544,1,4022,57616,0,2013-07-01,2026-03-04,1,101,0,"uploads/document/1756866339_314f52bcd881101cd66a.pdf,",1,,0,2025-09-03 00:00:00,2026-03-27 00:00:00
1104,13483,1071,1225,1,4022,57616,0,2004-07-01,2026-03-04,1,101,0,"uploads/document/1756866468_e869e5b6fbb5fe19ff68.pdf,",1,,0,2025-09-03 00:00:00,2026-03-27 00:00:00
1105,13483,20731,1219,1,4022,57616,0,2002-07-01,2026-03-04,1,101,0,"uploads/document/1756866617_5976fab6439d494097cc.pdf,",1,,0,2025-09-03 00:00:00,2026-03-27 00:00:00
1106,13483,20731,1220,1,4022,57616,0,2000-07-01,2026-03-04,1,101,0,"uploads/document/1756866764_706a3190d883c2847313.pdf,",1,,0,2025-09-03 00:00:00,2026-03-27 00:00:00
1107,13495,20756,1545,1,4022,58138,0,2005-07-01,2026-03-04,1,101,0,,1,,0,2025-09-03 00:00:00,2026-03-27 00:00:00
1108,13495,20757,1233,1,4022,132782,0,2001-07-01,2026-03-04,1,101,0,,1,,0,2025-09-03 00:00:00,2026-03-27 00:00:00
1109,13357,20758,1546,1,4030,57606,0,2003-09-01,2026-03-04,1,101,1,,1,,0,2025-09-03 00:00:00,2026-03-27 00:00:00
1110,13543,20759,1220,1,4007,,0,2020-09-02,2026-03-04,1,101,0,,1,,0,2025-09-03 00:00:00,2026-03-27 00:00:00
1111,13543,20760,1219,1,4022,132722,0,2022-05-12,2026-03-04,1,101,0,,1,,0,2025-09-03 00:00:00,2026-03-27 00:00:00
1112,13543,20761,1197,1,4007,131853,0,2021-06-11,2026-03-04,1,101,0,,1,,1,2025-09-03 00:00:00,2026-03-27 00:00:00
1113,13545,1568,92,1,4021,132032,0,2022-07-06,2026-03-04,1,101,1,,1,,0,2025-09-03 00:00:00,2026-03-27 00:00:00
1114,13586,111,1215,1,4021,132032,0,2023-08-05,2026-03-04,1,101,1,,1,,0,2025-09-03 00:00:00,2026-03-27 00:00:00
1115,13602,805,1233,1,4022,134091,0,2021-09-01,2026-03-04,1,101,1,"uploads/document/1756900921_4f23fed5ce438cc62507.pdf,",1,,0,2025-09-03 00:00:00,2026-03-27 00:00:00
1116,13609,809,1450,1,4016,131676,0,2023-08-01,2026-03-04,1,101,0,,1,,0,2025-09-03 00:00:00,2026-03-27 00:00:00
1117,13609,20762,1547,1,4022,58035,0,2020-07-20,2026-03-04,1,101,0,"uploads/document/1756905932_1a62c19d22110aa9f555.jpg,",1,,0,2025-09-03 00:00:00,2026-03-27 00:00:00
1118,13652,576,368,1,4014,132593,0,2024-10-08,2026-03-04,1,101,1,"uploads/document/1756920571_531063238716aa51f291.jpg,",1,,0,2025-09-03 00:00:00,2026-03-27 00:00:00
1119,13671,3947,1184,1,4016,133650,0,2024-09-04,2026-03-04,1,101,1,,1,,0,2025-09-04 00:00:00,2026-03-27 00:00:00
1120,13674,5059,1184,1,4008,133025,0,2022-09-01,2026-03-04,1,101,0,,1,,0,2025-09-04 00:00:00,2026-03-27 00:00:00
1121,13674,20763,1312,1,4008,133025,0,2018-07-01,2026-03-04,1,101,0,,1,,0,2025-09-04 00:00:00,2026-03-27 00:00:00
1122,13704,266,1548,2,,,0,2024-09-15,2026-03-04,1,,1,,1,,0,2025-09-04 00:00:00,2026-03-27 00:00:00
1123,13707,4752,1303,1,4022,131953,0,2022-09-11,2026-03-04,1,101,1,,1,,0,2025-09-04 00:00:00,2026-03-27 00:00:00
1124,13713,20764,1198,1,4022,147566,0,2021-07-06,2026-03-04,1,101,1,,1,,0,2025-09-04 00:00:00,2026-03-27 00:00:00
1125,13720,741,1188,1,4022,132958,0,2015-09-07,2026-03-04,1,101,1,,1,,0,2025-09-04 00:00:00,2026-03-27 00:00:00
1126,13741,653,1202,1,4035,131517,0,2020-09-04,2026-03-04,1,101,1,"uploads/document/1756986287_739566de0cfa2a506e75.jpg,",1,,0,2025-09-04 00:00:00,2026-03-27 00:00:00
1127,13759,571,1236,1,4014,132201,0,2021-07-16,2026-03-04,1,101,1,,1,,0,2025-09-04 00:00:00,2026-03-27 00:00:00
1128,13795,836,1303,1,4016,58020,0,2019-08-05,2026-03-04,1,101,1,,1,,0,2025-09-04 00:00:00,2026-03-27 00:00:00
1129,13813,756,1199,1,4022,57687,0,2022-09-19,2026-03-04,1,101,0,,1,,0,2025-09-05 00:00:00,2026-03-27 00:00:00
1130,13837,159,1277,1,4030,133739,0,2022-07-17,2026-03-04,1,101,1,,1,,0,2025-09-05 00:00:00,2026-03-27 00:00:00
1131,13857,20568,1198,1,4021,132032,0,2022-11-12,2026-03-04,1,101,1,,1,,0,2025-09-05 00:00:00,2026-03-27 00:00:00
1132,13863,210,1210,1,4021,132032,0,2022-07-06,2026-03-04,1,101,1,,1,,0,2025-09-05 00:00:00,2026-03-27 00:00:00
1133,13871,805,207,1,4022,132782,0,2021-07-07,2026-03-04,1,101,1,,1,,0,2025-09-05 00:00:00,2026-03-27 00:00:00
1134,13873,401,1221,1,4039,132040,0,2014-06-25,2026-03-04,1,101,1,,1,,0,2025-09-05 00:00:00,2026-03-27 00:00:00
1135,13875,20501,1198,1,4021,132032,0,2022-07-05,2026-03-04,1,101,1,,1,,0,2025-09-05 00:00:00,2026-03-27 00:00:00
1136,13897,5,1221,1,4017,57698,0,2018-07-03,2026-03-04,1,101,1,,1,,0,2025-09-05 00:00:00,2026-03-27 00:00:00
1137,13906,155,1238,1,4030,57606,0,2008-08-11,2026-03-04,1,101,0,,1,,0,2025-09-05 00:00:00,2026-03-27 00:00:00
1138,13933,389,1300,1,4022,131953,0,2020-08-05,2026-03-04,1,101,1,,1,,0,2025-09-05 00:00:00,2026-03-27 00:00:00
1139,13965,5,1190,1,4037,134089,0,2023-09-06,2026-03-04,1,101,0,,1,,0,2025-09-06 00:00:00,2026-03-27 00:00:00
1140,13965,20766,1287,1,4037,134089,0,2023-09-06,2026-03-04,1,101,1,,1,,0,2025-09-06 00:00:00,2026-03-27 00:00:00
1141,14010,20767,1198,1,4021,132032,0,2022-07-05,2026-03-04,1,101,1,,1,,0,2025-09-06 00:00:00,2026-03-27 00:00:00
1142,14015,3,1206,1,4039,132854,0,2021-07-06,2026-03-04,1,101,1,,1,,0,2025-09-06 00:00:00,2026-03-27 00:00:00
1143,14019,210,1198,1,4021,132032,0,2020-06-12,2026-03-04,1,101,1,,1,,0,2025-09-06 00:00:00,2026-03-27 00:00:00
1144,14037,136,57,1,4022,133230,0,2021-06-08,2026-03-04,1,101,1,,1,,0,2025-09-06 00:00:00,2026-03-27 00:00:00
1145,14052,5,75,1,4021,154100,0,2023-07-03,2026-03-04,1,101,1,,1,,0,2025-09-06 00:00:00,2026-03-27 00:00:00
1146,14055,5003,1300,1,4007,131853,0,2022-09-06,2026-03-04,1,101,1,,1,,0,2025-09-06 00:00:00,2026-03-27 00:00:00
1147,13416,5020,1216,1,4012,132132,0,2009-09-06,2026-03-04,1,101,1,,1,,0,2025-09-06 00:00:00,2026-03-27 00:00:00
1148,14083,731,1303,1,4022,132782,0,2021-02-22,2026-03-04,1,101,1,,1,,0,2025-09-06 00:00:00,2026-03-27 00:00:00
1149,14100,20768,1550,1,4030,134069,0,2022-04-08,2026-03-04,1,101,1,"uploads/document/1757179547_9631707610aa89833e94.pdf,",1,,0,2025-09-06 00:00:00,2026-03-27 00:00:00
1150,14126,20770,1367,1,4022,131868,0,2022-09-01,2026-03-04,1,101,0,,1,,0,2025-09-07 00:00:00,2026-03-27 00:00:00
1151,14126,20771,1551,1,4022,131868,0,2021-07-02,2026-03-04,1,101,0,,1,,0,2025-09-07 00:00:00,2026-03-27 00:00:00
1152,14133,288,1233,1,4025,133606,0,2021-09-07,2026-03-04,1,101,0,,1,,0,2025-09-07 00:00:00,2026-03-27 00:00:00
1153,14185,20772,1296,1,4008,133504,0,2023-06-17,2026-03-04,1,101,1,,1,,0,2025-09-07 00:00:00,2026-03-27 00:00:00
1154,14200,420,1300,1,,,0,2021-08-12,2026-03-04,1,,0,,1,,0,2025-09-07 00:00:00,2026-03-27 00:00:00
1155,14207,20774,358,1,4026,58154,0,2025-03-03,2026-03-04,1,101,1,,1,,0,2025-09-07 00:00:00,2026-03-27 00:00:00
1156,14227,5247,1220,1,4007,,0,2017-04-01,2026-03-04,1,101,0,"uploads/document/1757247093_eada3f0c8024a93d74b4.pdf,",1,,0,2025-09-07 00:00:00,2026-03-27 00:00:00
1157,14227,5247,1219,1,4007,57810,0,2019-04-01,2026-03-04,1,101,0,"uploads/document/1757247165_737f01bc9e1f77ad8412.pdf,",1,,0,2025-09-07 00:00:00,2026-03-27 00:00:00
1158,14218,20257,1552,1,4007,132032,0,2020-06-01,2026-03-04,1,101,1,,1,,0,2025-09-07 00:00:00,2026-03-27 00:00:00
1159,11492,20775,1300,1,4022,57867,0,2020-09-24,2026-03-04,1,101,1,"uploads/document/1757251159_b5dcf70f3d09bb8a2d74.jpg,",1,,0,2025-09-07 00:00:00,2026-03-27 00:00:00
1160,14287,543,1184,1,4031,132980,0,2023-02-13,2026-03-04,1,101,0,,1,,1,2025-09-07 00:00:00,2026-03-27 00:00:00
1161,14287,1130,1233,1,4021,154094,0,2019-07-31,2026-03-04,1,101,0,,1,,0,2025-09-07 00:00:00,2026-03-27 00:00:00
1162,14287,543,1184,1,4031,132980,0,2022-12-14,2026-03-04,1,101,1,,1,,0,2025-09-07 00:00:00,2026-03-27 00:00:00
1163,14319,20397,1300,1,4022,132665,0,2021-09-05,2026-03-04,1,101,1,"uploads/document/1757265527_f5ae2c54e8112685c9bd.pdf,",1,,0,2025-09-07 00:00:00,2026-03-27 00:00:00
1164,14325,20750,1220,1,4037,132423,0,2013-04-10,2026-03-04,1,101,0,"uploads/document/1757270928_3d934ca83034e528fec3.jpg,",1,,0,2025-09-08 00:00:00,2026-03-27 00:00:00
1165,14325,20750,1219,1,4037,132423,0,2014-07-10,2026-03-04,1,101,0,"uploads/document/1757271181_338605597ca9dc6ecf20.jpg,",1,,0,2025-09-08 00:00:00,2026-03-27 00:00:00
1166,14325,62,1523,1,4037,132423,0,2016-08-02,2026-03-04,1,101,0,"uploads/document/1757271536_94c1b3783f5189004089.jpg,",1,,0,2025-09-08 00:00:00,2026-03-27 00:00:00
1167,14341,389,1553,1,4022,133230,0,2010-09-07,2026-03-04,1,101,1,,1,,0,2025-09-08 00:00:00,2026-03-27 00:00:00
1168,14345,20776,1213,1,4021,134007,0,2024-09-01,2026-03-04,1,101,1,,1,,0,2025-09-08 00:00:00,2026-03-27 00:00:00
1169,14371,1190,1233,2,,,0,2025-08-21,2026-03-04,1,,1,,1,,0,2025-09-08 00:00:00,2026-03-27 00:00:00
1170,14402,440,1553,1,4008,57765,0,2018-06-15,2026-03-04,1,101,1,,1,,0,2025-09-08 00:00:00,2026-03-27 00:00:00
1171,14413,681,1213,1,4017,134292,0,2020-07-08,2026-03-04,1,101,1,,1,,0,2025-09-08 00:00:00,2026-03-27 00:00:00
1172,14424,20777,1186,1,4021,154100,0,2021-06-08,2026-03-04,1,101,1,,1,,0,2025-09-08 00:00:00,2026-03-27 00:00:00
1173,14422,5687,1198,1,4021,132032,0,2022-06-07,2026-03-04,1,101,1,,1,,0,2025-09-08 00:00:00,2026-03-27 00:00:00
1174,14446,136,1185,1,4022,57607,0,2020-07-01,2026-03-04,1,101,1,,1,,0,2025-09-08 00:00:00,2026-03-27 00:00:00
1175,14465,156,1221,1,4030,57606,0,2010-06-30,2026-03-04,1,101,1,,1,,0,2025-09-08 00:00:00,2026-03-27 00:00:00
1176,14472,20778,1219,1,4037,133052,0,2021-02-02,2026-03-04,1,101,1,,1,,0,2025-09-08 00:00:00,2026-03-27 00:00:00
1177,14477,20779,1554,1,4022,133051,0,2012-09-08,2026-03-04,1,101,1,"uploads/document/1757344310_eae87199c2407d85d8f5.pdf,",1,,0,2025-09-08 00:00:00,2026-03-27 00:00:00
1178,14494,420,1300,1,4039,132181,0,2022-09-01,2026-03-04,1,101,0,,1,,0,2025-09-08 00:00:00,2026-03-27 00:00:00
1179,14494,420,1301,1,4039,133853,0,2019-09-01,2026-03-04,1,101,0,,1,,0,2025-09-08 00:00:00,2026-03-27 00:00:00
1180,14519,200,1214,1,4030,134310,0,2023-06-02,2026-03-04,1,101,1,"uploads/document/1757354280_8ebc686fc1df08232755.pdf,",1,,0,2025-09-08 00:00:00,2026-03-27 00:00:00
1181,14531,20245,1206,2,,,0,2023-07-23,2026-03-04,1,,1,,1,,0,2025-09-09 00:00:00,2026-03-27 00:00:00
1182,14533,20780,1554,1,4022,132196,0,2015-09-08,2026-03-04,1,101,0,,1,,0,2025-09-09 00:00:00,2026-03-27 00:00:00
1183,14541,20781,1220,1,4030,132670,0,2017-05-08,2026-03-04,1,101,0,,1,,0,2025-09-09 00:00:00,2026-03-27 00:00:00
1184,14541,20781,1219,1,4030,132670,0,2020-05-11,2026-03-04,1,101,0,,1,,0,2025-09-09 00:00:00,2026-03-27 00:00:00
1185,14541,193,1233,1,4030,132670,0,2021-08-18,2026-03-04,1,101,1,,1,,0,2025-09-09 00:00:00,2026-03-27 00:00:00
1186,14587,75,1233,1,4037,57739,0,2013-07-01,2026-03-04,1,101,1,"uploads/document/1757389022_650c4e83062dd27ef401.jpg,",1,,0,2025-09-09 00:00:00,2026-03-27 00:00:00
1187,14594,266,1215,2,,,0,2023-08-16,2026-03-04,1,,1,,1,,0,2025-09-09 00:00:00,2026-03-27 00:00:00
1188,14594,20311,1303,1,4022,134327,0,2019-08-01,2026-03-04,1,101,0,,1,,0,2025-09-09 00:00:00,2026-03-27 00:00:00
1189,14615,20782,1296,1,4030,132285,0,2022-08-09,2026-03-04,1,101,1,,1,,0,2025-09-09 00:00:00,2026-03-27 00:00:00
1190,14612,20783,1556,1,4020,133985,0,2011-05-12,2026-03-04,1,101,1,,1,,0,2025-09-09 00:00:00,2026-03-27 00:00:00
1191,14625,801,1190,2,,,0,2022-07-01,2026-03-04,1,,1,,1,,0,2025-09-09 00:00:00,2026-03-27 00:00:00
1192,14638,543,1241,1,4025,132092,0,2021-08-09,2026-03-04,1,101,1,,1,,0,2025-09-09 00:00:00,2026-03-27 00:00:00
1193,14665,5997,1198,1,4021,132032,0,2024-07-05,2026-03-04,1,101,1,,1,,0,2025-09-09 00:00:00,2026-03-27 00:00:00
1194,14668,5687,1219,1,4021,154100,0,2020-07-07,2026-03-04,1,101,1,,1,,0,2025-09-09 00:00:00,2026-03-27 00:00:00
1195,14706,133,1221,1,4021,142001,0,2004-06-10,2026-03-04,1,101,1,,1,,0,2025-09-09 00:00:00,2026-03-27 00:00:00
1196,14702,133,1221,1,4021,131679,0,2012-08-01,2026-03-04,1,101,1,,1,,0,2025-09-09 00:00:00,2026-03-27 00:00:00
1197,14802,439,1199,1,4008,57912,0,2021-06-15,2026-03-04,1,101,1,,1,,0,2025-09-09 00:00:00,2026-03-27 00:00:00
1198,14804,727,1225,1,4038,57600,0,2013-08-10,2026-03-04,1,101,1,,1,,0,2025-09-09 00:00:00,2026-03-27 00:00:00
1199,14811,20785,1219,1,4008,133504,0,2011-06-15,2026-03-04,1,101,0,,1,,0,2025-09-09 00:00:00,2026-03-27 00:00:00
1200,14811,20786,1557,1,4008,133504,0,2012-07-15,2026-03-04,1,101,1,,1,,0,2025-09-09 00:00:00,2026-03-27 00:00:00
1201,14831,1087,1300,1,4015,132980,0,2021-08-09,2026-03-04,1,101,1,"uploads/document/1757437328_867938e093a07638e796.pdf,",1,,0,2025-09-09 00:00:00,2026-03-27 00:00:00
1202,14790,20247,1190,1,4022,132384,0,2011-06-01,2026-03-04,1,101,1,,1,,0,2025-09-09 00:00:00,2026-03-27 00:00:00
1203,14856,43,1225,1,4027,132402,0,2020-09-09,2026-03-04,1,101,1,,1,,0,2025-09-09 00:00:00,2026-03-27 00:00:00
1204,14903,20661,1187,2,,,0,2019-07-01,2026-03-04,1,,1,,1,,0,2025-09-10 00:00:00,2026-03-27 00:00:00
1205,14913,156,1356,1,4030,57606,0,2012-06-01,2026-03-04,1,101,1,,1,,0,2025-09-10 00:00:00,2026-03-27 00:00:00
1206,14914,698,1185,1,4021,,0,2013-05-04,2026-03-04,1,101,1,,1,,0,2025-09-10 00:00:00,2026-03-27 00:00:00
1207,14747,611,1558,1,4014,132201,0,2022-08-10,2026-03-04,1,101,1,,1,,0,2025-09-10 00:00:00,2026-03-27 00:00:00
1208,14969,20568,1198,1,4021,132032,0,2020-07-01,2026-03-04,1,101,1,,1,,0,2025-09-10 00:00:00,2026-03-27 00:00:00
1209,14981,571,1449,1,4014,,0,2010-06-22,2026-03-04,1,101,0,,1,,0,2025-09-10 00:00:00,2026-03-27 00:00:00
1210,14981,571,1559,1,,,0,2013-06-21,2026-03-04,1,,0,,1,,0,2025-09-10 00:00:00,2026-03-27 00:00:00
1211,14981,571,1328,1,,,0,2015-07-12,2026-03-04,1,,1,,1,,0,2025-09-10 00:00:00,2026-03-27 00:00:00
1212,14985,225,1221,1,4007,124507,0,2020-08-01,2026-03-04,1,101,1,,1,,0,2025-09-10 00:00:00,2026-03-27 00:00:00
1213,14992,20568,1198,1,,,0,2020-06-09,2026-03-04,1,,0,,1,,0,2025-09-10 00:00:00,2026-03-27 00:00:00
1214,14995,42,1560,1,4027,132039,0,2017-08-01,2026-03-04,1,101,1,,1,,0,2025-09-10 00:00:00,2026-03-27 00:00:00
1215,14976,114,1221,1,4016,132597,0,2020-07-08,2026-03-04,1,101,1,,1,,0,2025-09-10 00:00:00,2026-03-27 00:00:00
1216,14996,20,238,1,4025,132680,0,2022-07-05,2026-03-04,1,101,1,,1,,0,2025-09-10 00:00:00,2026-03-27 00:00:00
1217,15022,20787,1563,1,4022,57865,0,2000-08-01,2026-03-04,1,101,0,,1,,0,2025-09-10 00:00:00,2026-03-27 00:00:00
1218,15022,741,1561,1,4022,57865,0,2004-04-02,2026-03-04,1,101,0,,1,,0,2025-09-10 00:00:00,2026-03-27 00:00:00
1219,15022,741,1192,2,,,0,2001-04-01,2026-03-04,1,,0,,1,,0,2025-09-10 00:00:00,2026-03-27 00:00:00
1220,15045,220,1202,1,4007,57810,0,2015-08-15,2026-03-04,1,101,1,"uploads/document/1757498405_9112b7d62da83e0fcd58.pdf,",1,,0,2025-09-10 00:00:00,2026-03-27 00:00:00
1221,15060,80,1233,1,4037,133386,0,2020-04-18,2026-03-04,1,101,1,,1,,0,2025-09-10 00:00:00,2026-03-27 00:00:00
1222,15107,20790,1236,1,4015,132469,0,2021-08-01,2026-03-04,1,101,1,,1,,0,2025-09-10 00:00:00,2026-03-27 00:00:00
1223,15143,193,1190,1,4030,133679,0,2021-03-01,2026-03-04,1,101,0,,1,,0,2025-09-10 00:00:00,2026-03-27 00:00:00
1224,8191,73,1565,1,4037,133386,0,2016-08-08,2026-03-04,1,101,0,,1,,0,2025-09-10 00:00:00,2026-03-27 00:00:00
1225,8191,20792,1198,1,4037,133386,0,2014-05-15,2026-03-04,1,101,0,,1,,0,2025-09-10 00:00:00,2026-03-27 00:00:00
1226,8191,10668,1205,1,4037,133386,0,2013-04-01,2026-03-04,1,101,0,,1,,0,2025-09-10 00:00:00,2026-03-27 00:00:00
1227,13825,20411,1233,1,4021,131679,0,2024-07-11,2026-03-04,1,101,1,,1,,0,2025-09-11 00:00:00,2026-03-27 00:00:00
1228,15202,225,1565,1,4007,133647,0,2016-06-08,2026-03-04,1,101,0,,1,,0,2025-09-11 00:00:00,2026-03-27 00:00:00
1229,15217,61,368,1,4037,133192,0,2012-06-07,2026-03-04,1,101,1,"uploads/document/1757559861_55680fe6d7d40997ccbd.jpg,",1,,0,2025-09-11 00:00:00,2026-03-27 00:00:00
1230,15244,300,1330,1,4025,57878,0,2014-06-01,2026-03-04,1,101,0,,1,,0,2025-09-11 00:00:00,2026-03-27 00:00:00
1231,15244,1190,1215,2,,,0,2023-08-14,2026-03-04,1,,0,,1,,0,2025-09-11 00:00:00,2026-03-27 00:00:00
1232,15244,20793,1566,2,,,0,2019-12-01,2026-03-04,1,,0,,1,,0,2025-09-11 00:00:00,2026-03-27 00:00:00
1233,15259,783,33,1,4022,133230,0,2021-07-08,2026-03-04,1,101,1,,1,,0,2025-09-11 00:00:00,2026-03-27 00:00:00
1234,15267,20794,1261,1,4008,133177,0,2021-08-10,2026-03-04,1,101,0,,1,,0,2025-09-11 00:00:00,2026-03-27 00:00:00
1235,15267,470,1567,1,4008,133177,0,2019-07-16,2026-03-04,1,101,0,,1,,0,2025-09-11 00:00:00,2026-03-27 00:00:00
1236,15320,9,1206,1,4039,132860,0,2019-11-02,2026-03-04,1,101,1,,1,,0,2025-09-11 00:00:00,2026-03-27 00:00:00
1237,15336,150,1215,1,4030,383235,0,2011-06-01,2026-03-04,1,101,0,,1,,0,2025-09-11 00:00:00,2026-03-27 00:00:00
1238,15340,20795,1184,1,4030,57606,0,2016-07-15,2026-03-04,1,101,1,,1,,0,2025-09-11 00:00:00,2026-03-27 00:00:00
1239,15349,222,1303,1,4007,,0,2014-03-03,2026-03-04,1,101,0,,1,,0,2025-09-11 00:00:00,2026-03-27 00:00:00
1240,15362,3,163,1,4010,134264,0,2021-07-07,2026-03-04,1,101,1,,1,,0,2025-09-11 00:00:00,2026-03-27 00:00:00
1241,15371,20796,1236,1,4017,134356,0,2016-09-11,2026-03-04,1,101,1,,1,,0,2025-09-11 00:00:00,2026-03-27 00:00:00
1242,15440,20247,1240,1,4022,57764,0,2023-09-11,2026-03-04,1,101,0,"uploads/document/1757605232_87d10cc0f7853f1121bb.jpg,uploads/document/1757605232_b6a0aaaf6288b4ad4c60.jpg,",1,,0,2025-09-11 00:00:00,2026-03-27 00:00:00
1243,15440,20736,1220,1,4022,57764,0,2015-09-07,2026-03-04,1,101,0,"uploads/document/1757605494_fb63853ba3da3b7d7bd3.jpg,",1,,0,2025-09-11 00:00:00,2026-03-27 00:00:00
1244,15448,140,1185,1,4030,154110,0,2019-06-14,2026-03-04,1,101,0,,1,,0,2025-09-11 00:00:00,2026-03-27 00:00:00
1245,15447,20279,1512,1,4030,57606,0,2023-07-01,2026-03-04,1,101,1,,1,,0,2025-09-11 00:00:00,2026-03-27 00:00:00
1246,15102,20797,1219,1,4030,132096,0,2019-04-01,2026-03-04,1,101,1,,1,,0,2025-09-11 00:00:00,2026-03-27 00:00:00
1247,15453,741,1233,1,,,0,2012-06-01,2026-03-04,1,,0,"uploads/document/1757607929_cb14183840032b886279.jpg,",1,,0,2025-09-11 00:00:00,2026-03-27 00:00:00
1248,15479,20474,1205,1,4007,57810,0,2018-04-01,2026-03-04,1,101,0,,1,,0,2025-09-11 00:00:00,2026-03-27 00:00:00
1249,15479,20787,1569,1,4007,57810,0,2019-04-01,2026-03-04,1,101,0,,1,,0,2025-09-11 00:00:00,2026-03-27 00:00:00
1250,15479,20500,1219,1,4007,57810,0,2021-04-01,2026-03-04,1,101,0,,1,,0,2025-09-11 00:00:00,2026-03-27 00:00:00
1251,15479,20411,1190,1,4021,154084,0,2024-04-01,2026-03-04,1,101,0,,1,,0,2025-09-11 00:00:00,2026-03-27 00:00:00
1252,15473,8580,1223,2,,,0,2013-05-08,2026-03-04,1,,1,,1,,0,2025-09-11 00:00:00,2026-03-27 00:00:00
1253,15499,420,1186,1,4039,57995,0,2021-08-20,2026-03-04,1,101,1,,1,,0,2025-09-11 00:00:00,2026-03-27 00:00:00
1254,15525,20736,1219,1,,,0,2025-09-11,2026-03-04,1,101,1,,1,,0,2025-09-12 00:00:00,2026-03-27 00:00:00
1255,15572,20501,1219,1,4021,132032,0,2019-07-03,2026-03-04,1,101,1,,1,,0,2025-09-12 00:00:00,2026-03-27 00:00:00
1256,15571,5,1188,1,4022,57601,0,2021-09-12,2026-03-04,1,101,0,,1,,0,2025-09-12 00:00:00,2026-03-27 00:00:00
1257,15574,1259,1236,1,4008,147812,0,2019-07-04,2026-03-04,1,101,1,,1,,0,2025-09-12 00:00:00,2026-03-27 00:00:00
1258,15571,20798,1473,1,4022,57601,0,2021-07-23,2026-03-04,1,101,0,,1,,0,2025-09-12 00:00:00,2026-03-27 00:00:00
1259,134,20262,1571,1,,,0,2025-09-02,2026-03-04,1,,0,,1,,1,2025-09-12 00:00:00,2026-03-27 00:00:00
1260,15602,6083,1198,1,4022,132644,0,2020-07-05,2026-03-04,1,101,1,,1,,0,2025-09-12 00:00:00,2026-03-27 00:00:00
1261,15607,20474,1219,1,4021,132032,0,2020-07-08,2026-03-04,1,101,1,,1,,0,2025-09-12 00:00:00,2026-03-27 00:00:00
1262,15660,20800,1220,1,4030,133536,0,2015-09-01,2026-03-04,1,101,1,,1,,0,2025-09-12 00:00:00,2026-03-27 00:00:00
1263,15683,20323,1233,1,4022,131953,0,2020-08-20,2026-03-04,1,101,0,,1,,0,2025-09-12 00:00:00,2026-03-27 00:00:00
1264,15683,745,1184,1,4022,131953,0,2024-10-06,2026-03-04,1,101,0,,1,,0,2025-09-12 00:00:00,2026-03-27 00:00:00
1265,15683,20259,1562,1,4022,131953,0,2023-08-26,2026-03-04,1,101,0,,1,,0,2025-09-12 00:00:00,2026-03-27 00:00:00
1266,15683,20801,1220,1,4022,131953,0,2017-04-12,2026-03-04,1,101,0,,1,,0,2025-09-12 00:00:00,2026-03-27 00:00:00
1267,15683,20802,1198,1,4022,131953,0,2019-04-04,2026-03-04,1,101,0,,1,,0,2025-09-12 00:00:00,2026-03-27 00:00:00
1268,15703,82,92,1,4016,57998,0,2021-07-02,2026-03-04,1,101,1,,1,,0,2025-09-12 00:00:00,2026-03-27 00:00:00
1269,15609,210,26,1,4021,132032,0,2021-06-10,2026-03-04,1,101,1,,1,,0,2025-09-12 00:00:00,2026-03-27 00:00:00
1270,15710,637,1225,1,4014,132201,0,2021-07-12,2026-03-04,1,101,0,,1,,0,2025-09-12 00:00:00,2026-03-27 00:00:00
1271,15710,18520,1220,1,4014,132201,0,2015-07-12,2026-03-04,1,101,0,,1,,0,2025-09-12 00:00:00,2026-03-27 00:00:00
1272,15710,18520,1219,1,4014,132201,0,2018-09-12,2026-03-04,1,101,0,,1,,0,2025-09-12 00:00:00,2026-03-27 00:00:00
1273,15744,4945,1219,1,4029,134020,0,2009-02-01,2026-03-04,1,101,0,,1,,0,2025-09-12 00:00:00,2026-03-27 00:00:00
1274,15744,20803,1572,1,4029,134020,0,2012-08-01,2026-03-04,1,101,0,,1,,0,2025-09-12 00:00:00,2026-03-27 00:00:00
1275,15772,20256,1225,1,4021,131679,0,2014-08-16,2026-03-04,1,101,1,,1,,0,2025-09-13 00:00:00,2026-03-27 00:00:00
1276,15784,20805,1573,1,4037,133386,0,2016-02-09,2026-03-04,1,101,1,,1,,0,2025-09-13 00:00:00,2026-03-27 00:00:00
1277,15643,20753,1225,1,,,0,2013-04-01,2026-03-04,1,,1,,1,,0,2025-09-13 00:00:00,2026-03-27 00:00:00
1278,15820,20737,1233,2,,,0,2025-09-13,2026-03-04,1,,1,,1,,0,2025-09-13 00:00:00,2026-03-27 00:00:00
1279,15843,210,1206,1,4021,132032,0,2018-07-01,2026-03-04,1,101,1,,1,,0,2025-09-13 00:00:00,2026-03-27 00:00:00
1280,15857,1185,1233,1,4039,57995,0,2022-07-20,2026-03-04,1,101,1,,1,,0,2025-09-13 00:00:00,2026-03-27 00:00:00
1281,15248,788,1092,1,4022,147429,0,2018-07-10,2026-03-04,1,101,1,"uploads/document/1757748491_597fd5e5c1a348b01dcc.pdf,",1,,0,2025-09-13 00:00:00,2026-03-27 00:00:00
1282,15895,133,1221,1,4021,131679,0,2022-06-01,2026-03-04,1,101,1,,1,,0,2025-09-13 00:00:00,2026-03-27 00:00:00
1283,15907,20501,1219,1,4021,132032,0,2021-06-09,2026-03-04,1,101,1,,1,,0,2025-09-13 00:00:00,2026-03-27 00:00:00
1284,15910,210,7,1,4021,132032,0,2020-07-08,2026-03-04,1,101,1,,1,,0,2025-09-13 00:00:00,2026-03-27 00:00:00
1285,15937,5,1190,1,4022,57601,0,2021-09-13,2026-03-04,1,101,1,"uploads/document/1757758911_f9f54d626be09a5920b2.jpg,",1,,0,2025-09-13 00:00:00,2026-03-27 00:00:00
1286,15962,20809,1576,1,4022,133867,0,2022-02-01,2026-03-04,1,101,1,,1,,0,2025-09-13 00:00:00,2026-03-27 00:00:00
1287,15984,20810,1456,1,4007,132266,0,2020-08-10,2026-03-04,1,101,1,,1,,0,2025-09-13 00:00:00,2026-03-27 00:00:00
1288,15990,639,1185,1,4014,132201,0,2020-07-13,2026-03-04,1,101,1,,1,,0,2025-09-13 00:00:00,2026-03-27 00:00:00
1289,16013,155,1580,1,4030,57967,0,2014-06-01,2026-03-04,1,101,0,,1,,0,2025-09-13 00:00:00,2026-03-27 00:00:00
1290,16013,20814,1581,1,4030,134310,0,2012-06-01,2026-03-04,1,101,0,,1,,0,2025-09-13 00:00:00,2026-03-27 00:00:00
1291,16007,20272,1198,1,4014,132066,0,2020-04-01,2026-03-04,1,101,0,,1,,0,2025-09-13 00:00:00,2026-03-27 00:00:00
1292,16007,1028,1221,2,,,0,2025-07-01,2026-03-04,1,,1,,1,,0,2025-09-13 00:00:00,2026-03-27 00:00:00
1293,16038,1244,1225,1,4014,57649,0,2022-07-02,2026-03-04,1,101,1,"uploads/document/1757774239_b6ed970cf8603e8dc8a7.jpg,",1,,0,2025-09-13 00:00:00,2026-03-27 00:00:00
1294,16111,20815,1236,1,4037,133386,0,2011-08-17,2026-03-04,1,101,1,,1,,0,2025-09-14 00:00:00,2026-03-27 00:00:00
1295,16116,388,1317,1,4039,132166,0,2023-08-10,2026-03-04,1,101,1,,1,,0,2025-09-14 00:00:00,2026-03-27 00:00:00
1296,16121,20570,1553,2,,,0,2022-09-13,2026-03-04,1,,1,,1,,0,2025-09-14 00:00:00,2026-03-27 00:00:00
1297,16161,794,1582,1,4022,132005,0,2016-08-14,2026-03-04,1,101,1,,1,,0,2025-09-14 00:00:00,2026-03-27 00:00:00
1298,16197,20249,1544,1,4021,131821,0,2013-09-14,2026-03-04,1,101,1,,1,,0,2025-09-14 00:00:00,2026-03-27 00:00:00
1299,16265,133,1427,2,,,0,2014-11-13,2026-03-04,1,,1,,1,,0,2025-09-14 00:00:00,2026-03-27 00:00:00
1300,16315,321,1213,1,4026,132127,0,2019-06-02,2026-03-04,1,101,0,,1,,0,2025-09-14 00:00:00,2026-03-27 00:00:00
1301,16315,304,33,2,,,0,2023-01-12,2026-03-04,1,,0,,1,,0,2025-09-14 00:00:00,2026-03-27 00:00:00
1302,16339,73,1208,1,4037,57933,0,1986-06-01,2026-03-04,1,101,1,,1,,0,2025-09-14 00:00:00,2026-03-27 00:00:00
1303,16351,709,1061,1,4012,85474,0,2021-08-01,2026-03-04,1,101,1,"uploads/document/1757857311_896f1683f164944f5423.jpg,",1,,0,2025-09-14 00:00:00,2026-03-27 00:00:00
1304,16371,20816,1220,1,4853,142003,0,2014-01-13,2026-03-04,1,101,1,,1,,0,2025-09-14 00:00:00,2026-03-27 00:00:00
1305,16391,123,106,1,4022,131953,0,2018-06-07,2026-03-04,1,101,1,,1,,0,2025-09-14 00:00:00,2026-03-27 00:00:00
1306,16397,61,1219,1,4037,133052,0,2022-03-01,2026-03-04,1,101,1,"uploads/document/1757864058_81464fa5f83861b1212f.pdf,",1,,0,2025-09-14 00:00:00,2026-03-27 00:00:00
1307,16439,753,1215,1,4022,132941,0,2022-05-01,2026-03-04,1,101,1,,1,,0,2025-09-14 00:00:00,2026-03-27 00:00:00
1308,16451,20818,1538,1,4008,133186,0,2001-06-01,2026-03-04,1,101,0,,1,,0,2025-09-14 00:00:00,2026-03-27 00:00:00
1309,16451,6471,1584,1,4008,133186,0,2003-06-01,2026-03-04,1,101,1,,1,,0,2025-09-14 00:00:00,2026-03-27 00:00:00
1310,16462,216,1303,1,4007,154107,0,2021-09-21,2026-03-04,1,101,1,"uploads/document/1757873452_47bb51cdd15fca3415c1.pdf,",1,,0,2025-09-14 00:00:00,2026-03-27 00:00:00
1311,16478,175,1561,1,4030,57606,0,2004-04-01,2026-03-04,1,101,0,,1,,0,2025-09-15 00:00:00,2026-03-27 00:00:00
1312,16610,20820,1585,1,4014,132285,0,2023-09-15,2026-03-04,1,101,1,,1,,0,2025-09-15 00:00:00,2026-03-27 00:00:00
1313,16640,20568,1198,1,4021,132032,0,2022-06-07,2026-03-04,1,101,1,,1,,0,2025-09-15 00:00:00,2026-03-27 00:00:00
1314,16659,733,1438,1,4022,134327,0,2022-11-20,2026-03-04,1,101,0,,1,,0,2025-09-15 00:00:00,2026-03-27 00:00:00
1315,16659,133,1188,1,4021,133210,0,2016-07-20,2026-03-04,1,101,0,,1,,0,2025-09-15 00:00:00,2026-03-27 00:00:00
1316,16630,340,1512,1,4026,57933,0,2022-09-07,2026-03-04,1,101,0,,1,,0,2025-09-15 00:00:00,2026-03-27 00:00:00
1317,16630,20821,1213,1,,,0,2018-06-04,2026-03-04,1,101,0,,1,,0,2025-09-15 00:00:00,2026-03-27 00:00:00
1318,16666,5,57,1,4016,132908,0,2020-07-08,2026-03-04,1,101,1,,1,,0,2025-09-15 00:00:00,2026-03-27 00:00:00
1319,16704,140,1233,1,4030,132317,0,2016-07-04,2026-03-04,1,101,1,,1,,0,2025-09-15 00:00:00,2026-03-27 00:00:00
1320,16728,20501,1198,1,4021,132032,0,2018-07-04,2026-03-04,1,101,1,,1,,0,2025-09-15 00:00:00,2026-03-27 00:00:00
1321,16727,20736,1220,1,4022,132384,0,1998-07-01,2026-03-04,1,101,0,,1,,0,2025-09-15 00:00:00,2026-03-27 00:00:00
1322,16727,20736,1198,1,4022,132384,0,2000-07-15,2026-03-04,1,101,0,,1,,0,2025-09-15 00:00:00,2026-03-27 00:00:00
1323,16727,742,1221,1,4022,132384,0,2003-07-01,2026-03-04,1,101,0,,1,,0,2025-09-15 00:00:00,2026-03-27 00:00:00
1324,16727,742,1561,2,,,0,2006-10-01,2026-03-04,1,,0,,1,,0,2025-09-15 00:00:00,2026-03-27 00:00:00
1325,16491,121,1185,1,4021,131679,0,2024-09-02,2026-03-04,1,101,0,,1,,0,2025-09-15 00:00:00,2026-03-27 00:00:00
1326,16491,20822,1586,1,4021,154084,0,2024-11-01,2026-03-04,1,101,0,,1,,0,2025-09-15 00:00:00,2026-03-27 00:00:00
1327,16785,82,1214,1,4037,57796,0,2020-06-05,2026-03-04,1,101,1,,1,,0,2025-09-15 00:00:00,2026-03-27 00:00:00
1328,16823,5238,1219,1,4014,132201,0,2013-07-01,2026-03-04,1,101,1,"uploads/document/1757956325_7b78eeead9cef4a3eada.jpg,",1,,0,2025-09-15 00:00:00,2026-03-27 00:00:00
1329,14644,20359,1535,1,4853,141861,0,2016-05-16,2026-03-04,1,101,0,,1,,0,2025-09-16 00:00:00,2026-03-27 00:00:00
1330,14644,20823,1219,1,4853,154115,0,2014-03-16,2026-03-04,1,101,0,,1,,0,2025-09-16 00:00:00,2026-03-27 00:00:00
1331,14644,20824,1220,1,4853,154115,0,2013-07-16,2026-03-04,1,101,0,,1,,0,2025-09-16 00:00:00,2026-03-27 00:00:00
1332,16931,20825,1208,1,4037,58029,0,2022-03-18,2026-03-04,1,101,1,,1,,0,2025-09-16 00:00:00,2026-03-27 00:00:00
1333,16865,427,1184,1,4039,132166,0,2022-08-17,2026-03-04,1,101,0,,1,,0,2025-09-16 00:00:00,2026-03-27 00:00:00
1334,16865,388,1340,1,4039,132166,0,2018-08-18,2026-03-04,1,101,0,,1,,0,2025-09-16 00:00:00,2026-03-27 00:00:00
1335,16988,440,1261,1,4008,147780,0,2021-02-02,2026-03-04,1,101,1,,1,,0,2025-09-16 00:00:00,2026-03-27 00:00:00
1336,17011,872,1206,1,,,0,1997-09-16,2026-03-04,1,,1,,1,,0,2025-09-16 00:00:00,2026-03-27 00:00:00
1337,17065,20777,1206,1,4021,132032,0,2021-07-07,2026-03-04,1,101,1,,1,,0,2025-09-16 00:00:00,2026-03-27 00:00:00
1338,17088,20568,1219,1,4021,132032,0,2020-07-07,2026-03-04,1,101,1,,1,,0,2025-09-16 00:00:00,2026-03-27 00:00:00
1339,17108,8907,1198,1,4022,133531,0,2019-07-04,2026-03-04,1,101,1,,1,,0,2025-09-16 00:00:00,2026-03-27 00:00:00
1340,17113,20482,1537,1,4008,133504,0,2003-03-29,2026-03-04,1,101,0,,1,,0,2025-09-16 00:00:00,2026-03-27 00:00:00
1341,17113,20482,1538,1,4008,133504,0,2006-02-28,2026-03-04,1,101,1,,1,,0,2025-09-16 00:00:00,2026-03-27 00:00:00
1342,17131,420,1255,1,4039,132241,0,2018-08-01,2026-03-04,1,101,1,"uploads/document/1758029836_0d8bc046482abb70d92f.jpg,",1,,0,2025-09-16 00:00:00,2026-03-27 00:00:00
1343,17172,797,1223,1,4022,132782,0,2023-08-10,2026-03-04,1,101,0,"uploads/document/1758039387_c2f7471118503fdbf046.pdf,",1,,0,2025-09-16 00:00:00,2026-03-27 00:00:00
1344,17172,20247,1221,1,4022,132782,0,2020-07-16,2026-03-04,1,101,0,,1,,0,2025-09-16 00:00:00,2026-03-27 00:00:00
1345,17172,5351,1219,1,4853,141934,0,2019-07-12,2026-03-04,1,101,0,,1,,0,2025-09-16 00:00:00,2026-03-27 00:00:00
1346,17172,5351,1220,1,4853,141934,0,2017-04-05,2026-03-04,1,101,0,,1,,0,2025-09-16 00:00:00,2026-03-27 00:00:00
1347,17229,801,1221,1,4022,132958,0,2019-08-01,2026-03-04,1,101,0,,1,,0,2025-09-16 00:00:00,2026-03-27 00:00:00
1348,17229,20826,263,1,4037,57730,0,2017-03-01,2026-03-04,1,101,0,,1,,0,2025-09-16 00:00:00,2026-03-27 00:00:00
1349,17279,20828,1590,1,4039,132166,0,2023-08-10,2026-03-04,1,101,1,,1,,0,2025-09-17 00:00:00,2026-03-27 00:00:00
1350,17303,20482,1220,1,4008,133025,0,2000-07-01,2026-03-04,1,101,1,"uploads/document/1758076032_710f70596181f74d3eb3.pdf,",1,,0,2025-09-17 00:00:00,2026-03-27 00:00:00
1351,17356,20829,1184,1,4030,132834,0,2008-06-02,2026-03-04,1,101,1,,1,,0,2025-09-17 00:00:00,2026-03-27 00:00:00
1352,17426,20568,1194,1,4021,132032,0,2020-11-01,2026-03-04,1,101,1,,1,,0,2025-09-17 00:00:00,2026-03-27 00:00:00
1353,17447,3966,1537,1,4030,134096,0,2019-06-06,2026-03-04,1,101,0,"uploads/document/1758104909_b209d95d206670f6347c.pdf,",1,,0,2025-09-17 00:00:00,2026-03-27 00:00:00
1354,17447,20830,1203,1,4030,134096,0,2021-08-10,2026-03-04,1,101,0,"uploads/document/1758105033_4f5885517cacb23afed3.pdf,",1,,0,2025-09-17 00:00:00,2026-03-27 00:00:00
1355,17464,210,1198,1,4021,132032,0,2021-06-09,2026-03-04,1,101,1,,1,,0,2025-09-17 00:00:00,2026-03-27 00:00:00
1356,17494,5,1215,1,4030,131925,0,2021-07-06,2026-03-04,1,101,1,,1,,0,2025-09-17 00:00:00,2026-03-27 00:00:00
1357,17506,20831,1219,1,4016,58182,0,2011-03-01,2026-03-04,1,101,0,"uploads/document/1758113049_da2f961af471e56da0f6.pdf,",1,,0,2025-09-17 00:00:00,2026-03-27 00:00:00
1358,17516,440,1300,1,4008,58192,0,2021-10-18,2026-03-04,1,101,1,,1,,0,2025-09-17 00:00:00,2026-03-27 00:00:00
1359,17524,20416,1221,1,4008,132412,0,2011-09-17,2026-03-04,1,101,1,,1,,0,2025-09-17 00:00:00,2026-03-27 00:00:00
1360,17534,20832,1184,1,4007,131853,0,2021-07-05,2026-03-04,1,101,1,,1,,0,2025-09-17 00:00:00,2026-03-27 00:00:00
1361,17551,482,1356,1,4008,134138,0,2019-06-15,2026-03-04,1,101,1,,1,,0,2025-09-17 00:00:00,2026-03-27 00:00:00
1362,17551,20482,1538,1,4008,134267,0,2016-06-15,2026-03-04,1,101,0,,1,,0,2025-09-17 00:00:00,2026-03-27 00:00:00
1363,17551,20482,1537,1,4008,134267,0,2014-06-16,2026-03-04,1,101,0,,1,,0,2025-09-17 00:00:00,2026-03-27 00:00:00
1364,17567,20777,1206,1,4021,132032,0,2021-07-07,2026-03-04,1,101,1,,1,,0,2025-09-17 00:00:00,2026-03-27 00:00:00
1365,17585,20661,1535,1,4021,133645,0,2023-08-20,2026-03-04,1,101,0,,1,,0,2025-09-17 00:00:00,2026-03-27 00:00:00
1366,17585,20833,1591,1,4021,133645,0,2023-09-01,2026-03-04,1,101,1,,1,,0,2025-09-17 00:00:00,2026-03-27 00:00:00
1367,17599,20834,1190,1,4014,132286,0,2017-07-28,2026-03-04,1,101,0,"uploads/document/1758128126_56c0dbe407031163c196.jpg,",1,,0,2025-09-17 00:00:00,2026-03-27 00:00:00
1368,17599,20835,1220,1,4014,57649,0,2013-07-01,2026-03-04,1,101,0,,1,,0,2025-09-17 00:00:00,2026-03-27 00:00:00
1369,17599,20836,1219,1,4014,57649,0,2015-07-01,2026-03-04,1,101,0,"uploads/document/1758128269_e4324fa1ad7c84a6e384.jpg,",1,,0,2025-09-17 00:00:00,2026-03-27 00:00:00
1370,17620,20532,1100,1,4030,134322,0,2016-08-17,2026-03-04,1,101,0,,1,,0,2025-09-17 00:00:00,2026-03-27 00:00:00
1371,12081,20837,1550,1,4025,131684,0,2001-09-17,2026-03-04,1,101,1,,1,,0,2025-09-17 00:00:00,2026-03-27 00:00:00
1372,17658,387,1223,1,4039,133820,0,2023-08-17,2026-03-04,1,101,1,,1,,0,2025-09-17 00:00:00,2026-03-27 00:00:00
1373,17691,754,1592,1,4022,57640,0,2017-07-01,2026-03-04,1,101,1,,1,,0,2025-09-18 00:00:00,2026-03-27 00:00:00
1374,17739,20838,1219,1,4008,133024,0,2020-06-15,2026-03-04,1,101,0,,1,,0,2025-09-18 00:00:00,2026-03-27 00:00:00
1375,17765,6494,1219,1,4021,154116,0,2019-07-11,2026-03-04,1,101,1,,1,,0,2025-09-18 00:00:00,2026-03-27 00:00:00
1376,17771,20568,1220,1,4021,132032,0,2017-07-01,2026-03-04,1,101,1,,1,,0,2025-09-18 00:00:00,2026-03-27 00:00:00
1377,17778,20736,1219,1,4022,132782,0,2022-07-07,2026-03-04,1,101,1,,1,,0,2025-09-18 00:00:00,2026-03-27 00:00:00
1378,17780,5,92,1,4014,133589,0,2018-08-10,2026-03-04,1,101,1,,1,,0,2025-09-18 00:00:00,2026-03-27 00:00:00
1379,17806,389,1369,1,4022,131953,0,2017-07-01,2026-03-04,1,101,1,,1,,0,2025-09-18 00:00:00,2026-03-27 00:00:00
1380,17844,482,1187,1,4008,133024,0,2009-06-01,2026-03-04,1,101,1,,1,,0,2025-09-18 00:00:00,2026-03-27 00:00:00
1381,17959,305,1225,1,4026,57933,0,2019-09-18,2026-03-04,1,101,1,"uploads/document/1758205882_cd6e50d64cee2f21b04d.pdf,",1,,0,2025-09-18 00:00:00,2026-03-27 00:00:00
1382,17971,304,1233,1,4026,57847,0,2022-07-21,2026-03-04,1,101,1,,1,,0,2025-09-18 00:00:00,2026-03-27 00:00:00
1383,13770,20841,1219,1,4022,133230,0,2025-09-07,2026-03-04,1,101,1,,1,,0,2025-09-18 00:00:00,2026-03-27 00:00:00
1384,17982,20247,1340,1,4022,132384,0,2024-05-01,2026-03-04,1,101,1,,1,,0,2025-09-18 00:00:00,2026-03-27 00:00:00
1385,17995,20568,1198,1,4021,132032,0,2022-07-06,2026-03-04,1,101,1,,1,,0,2025-09-18 00:00:00,2026-03-27 00:00:00
1386,18036,20843,1219,1,4014,132286,0,2023-05-18,2026-03-04,1,101,0,,1,,0,2025-09-18 00:00:00,2026-03-27 00:00:00
1387,18064,784,1303,1,4022,57677,0,2021-12-06,2026-03-04,1,101,1,"uploads/document/1758245622_af0bac3d8e21da1c6645.pdf,",1,,0,2025-09-19 00:00:00,2026-03-27 00:00:00
1388,18143,20716,1184,1,4016,132075,0,2023-07-10,2026-03-04,1,101,1,,1,,0,2025-09-19 00:00:00,2026-03-27 00:00:00
1389,18155,15933,1198,1,4021,132032,0,2021-06-02,2026-03-04,1,101,1,,1,,0,2025-09-19 00:00:00,2026-03-27 00:00:00
1390,18195,482,1595,1,4008,133024,0,2023-06-20,2026-03-04,1,101,0,,1,,0,2025-09-19 00:00:00,2026-03-27 00:00:00
1391,18195,5337,1302,1,4008,133024,0,2020-06-10,2026-03-04,1,101,0,,1,,0,2025-09-19 00:00:00,2026-03-27 00:00:00
1392,18221,20777,1219,1,4021,132032,0,2020-09-10,2026-03-04,1,101,1,,1,,0,2025-09-19 00:00:00,2026-03-27 00:00:00
1393,18225,5,1213,1,4021,132032,0,2018-07-06,2026-03-04,1,101,1,,1,,0,2025-09-19 00:00:00,2026-03-27 00:00:00
1394,18232,744,1221,1,4022,131992,0,2004-06-01,2026-03-04,1,101,1,,1,,0,2025-09-19 00:00:00,2026-03-27 00:00:00
1395,18237,20483,1596,1,4014,132201,0,2015-02-13,2026-03-04,1,101,0,,1,,0,2025-09-19 00:00:00,2026-03-27 00:00:00
1396,18237,637,1240,2,,,0,2021-06-10,2026-03-04,1,,0,,1,,0,2025-09-19 00:00:00,2026-03-27 00:00:00
1397,18237,637,1187,1,4014,132201,0,2015-06-01,2026-03-04,1,101,0,,1,,0,2025-09-19 00:00:00,2026-03-27 00:00:00
1398,18266,20552,1198,1,4021,132032,0,2017-07-05,2026-03-04,1,101,1,,1,,0,2025-09-19 00:00:00,2026-03-27 00:00:00
1399,18281,20842,1185,1,4007,131853,0,2021-09-19,2026-03-04,1,101,1,,1,,0,2025-09-19 00:00:00,2026-03-27 00:00:00
1400,18363,5215,1219,1,4021,131679,0,2020-03-01,2026-03-04,1,101,1,,1,,0,2025-09-20 00:00:00,2026-03-27 00:00:00
1401,18381,753,1303,1,4022,132941,0,2021-09-15,2026-03-04,1,101,1,,1,,0,2025-09-20 00:00:00,2026-03-27 00:00:00
1402,18435,20844,1597,1,4007,131853,0,2004-07-01,2026-03-04,1,101,0,,1,,0,2025-09-20 00:00:00,2026-03-27 00:00:00
1403,18435,20845,1220,1,4007,131853,0,1997-09-20,2026-03-04,1,101,1,,1,,0,2025-09-20 00:00:00,2026-03-27 00:00:00
1404,18477,20847,1433,1,4030,57695,0,2021-10-08,2026-03-04,1,101,0,,1,,0,2025-09-20 00:00:00,2026-03-27 00:00:00
1405,18477,20846,1345,1,4030,57972,0,2024-07-20,2026-03-04,1,101,0,,1,,0,2025-09-20 00:00:00,2026-03-27 00:00:00
1406,18476,359,1184,1,4026,134219,0,2007-05-06,2026-03-04,1,101,1,,1,,0,2025-09-20 00:00:00,2026-03-27 00:00:00
1407,18485,742,1210,1,,,0,2017-06-01,2026-03-04,1,101,1,"uploads/document/1758351908_4b981145f507749cd691.jpg,",1,,0,2025-09-20 00:00:00,2026-03-27 00:00:00
1408,16812,20848,1190,1,4022,133753,0,2011-03-20,2026-03-04,1,101,0,,1,,0,2025-09-20 00:00:00,2026-03-27 00:00:00
1409,18568,82,1221,1,4037,58009,0,2019-05-01,2026-03-04,1,101,1,,1,,0,2025-09-20 00:00:00,2026-03-27 00:00:00
1410,18574,429,1187,1,4022,57640,0,2013-01-01,2026-03-04,1,101,1,,1,,0,2025-09-20 00:00:00,2026-03-27 00:00:00
1411,18591,20849,1220,1,4007,131853,0,2021-04-01,2026-03-04,1,101,0,"uploads/document/1758372643_695e585f2a08fb6ffa48.jpg,",1,,0,2025-09-20 00:00:00,2026-03-27 00:00:00
1412,18591,20850,1598,1,4037,133052,0,2022-09-05,2026-03-04,1,101,1,"uploads/document/1758372838_8370e4384e93128066ad.jpg,",1,,0,2025-09-20 00:00:00,2026-03-27 00:00:00
1413,18596,709,1215,1,4012,132132,0,2021-07-31,2026-03-04,1,101,1,,1,,0,2025-09-20 00:00:00,2026-03-27 00:00:00
1414,18652,20677,1356,1,4027,132039,0,2017-06-01,2026-03-04,1,101,1,,1,,0,2025-09-20 00:00:00,2026-03-27 00:00:00
1415,18702,729,1550,1,,,0,2019-07-01,2026-03-04,1,,1,,1,,0,2025-09-21 00:00:00,2026-03-27 00:00:00
1416,18710,20736,1198,1,4022,57601,0,2020-03-01,2026-03-04,1,101,1,,1,,0,2025-09-21 00:00:00,2026-03-27 00:00:00
1417,18712,5338,1198,1,,,0,2018-03-01,2026-03-04,1,,0,,1,,0,2025-09-21 00:00:00,2026-03-27 00:00:00
1418,18780,482,1213,1,4008,131567,0,2014-06-10,2026-03-04,1,101,1,,1,,0,2025-09-21 00:00:00,2026-03-27 00:00:00
1419,12131,20853,1220,1,4039,131532,0,1999-07-03,2026-03-04,1,101,0,"uploads/document/1758436565_a5de7f70c270ae175ff6.jpg,",1,,0,2025-09-21 00:00:00,2026-03-27 00:00:00
1420,12131,20853,1219,1,4039,131532,0,2001-07-05,2026-03-04,1,101,0,"uploads/document/1758436684_c32e4df882a8dbf104a3.jpg,",1,,0,2025-09-21 00:00:00,2026-03-27 00:00:00
1421,12131,391,1221,1,4039,131532,0,2003-07-05,2026-03-04,1,101,0,"uploads/document/1758437409_034ff8d7191747a35a0b.jpg,",1,,0,2025-09-21 00:00:00,2026-03-27 00:00:00
1422,12131,407,1601,1,4039,133820,0,2006-08-15,2026-03-04,1,101,0,"uploads/document/1758437576_414245994e68b00a2fba.pdf,",1,,0,2025-09-21 00:00:00,2026-03-27 00:00:00
1423,12131,1185,1524,1,4039,131532,0,2011-07-05,2026-03-04,1,101,0,"uploads/document/1758437754_f3f3a81ad35545e66bda.jpg,",1,,0,2025-09-21 00:00:00,2026-03-27 00:00:00
1424,18809,20854,1092,1,4008,133504,0,1989-09-21,2026-03-04,1,101,1,,1,,0,2025-09-21 00:00:00,2026-03-27 00:00:00
1425,8702,482,1213,1,4008,133024,0,2012-06-14,2026-03-04,1,101,0,,1,,0,2025-09-21 00:00:00,2026-03-27 00:00:00
1426,8702,20855,33,1,4008,133024,0,2025-05-21,2026-03-04,1,101,0,,1,,0,2025-09-21 00:00:00,2026-03-27 00:00:00
1427,8702,20856,1602,1,4008,133024,0,2019-10-10,2026-03-04,1,101,1,,1,,0,2025-09-21 00:00:00,2026-03-27 00:00:00
1428,18814,1294,1220,1,4022,57654,0,2013-07-01,2026-03-04,1,101,0,,1,,0,2025-09-21 00:00:00,2026-03-27 00:00:00
1429,18814,806,1219,1,4022,57654,0,2015-07-16,2026-03-04,1,101,0,,1,,0,2025-09-21 00:00:00,2026-03-27 00:00:00
1430,18814,5,1203,1,4022,57654,0,2017-09-21,2026-03-04,1,101,1,,1,,0,2025-09-21 00:00:00,2026-03-27 00:00:00
1431,18816,20857,1550,2,,,0,2019-03-14,2026-03-04,1,,0,,1,,0,2025-09-21 00:00:00,2026-03-27 00:00:00
1432,18816,20858,1198,1,4037,57915,0,2006-06-06,2026-03-04,1,101,0,,1,,0,2025-09-21 00:00:00,2026-03-27 00:00:00
1433,18816,20859,1205,1,4037,57915,0,2005-01-05,2026-03-04,1,101,0,,1,,0,2025-09-21 00:00:00,2026-03-27 00:00:00
1434,18701,482,1603,1,4008,133024,0,1992-03-11,2026-03-04,1,101,1,,1,,0,2025-09-21 00:00:00,2026-03-27 00:00:00
1435,18969,20860,1219,1,4014,131669,0,2020-01-01,2026-03-04,1,101,1,"uploads/document/1758472864_a14e07c8ae0963f374f1.pdf,",1,,0,2025-09-21 00:00:00,2026-03-27 00:00:00
1436,19018,20861,1433,1,4007,154107,0,2020-06-10,2026-03-04,1,101,0,,1,,0,2025-09-22 00:00:00,2026-03-27 00:00:00
1437,19100,4757,1276,1,4030,134310,0,2021-09-01,2026-03-04,1,101,1,,1,,0,2025-09-22 00:00:00,2026-03-27 00:00:00
1438,19088,738,1213,1,4022,132306,0,2021-06-01,2026-03-04,1,101,0,,1,,0,2025-09-22 00:00:00,2026-03-27 00:00:00
1439,19088,20260,1219,1,4022,132306,0,2020-04-01,2026-03-04,1,101,0,,1,,0,2025-09-22 00:00:00,2026-03-27 00:00:00
1440,19088,20260,1220,1,4022,132306,0,2018-04-01,2026-03-04,1,101,0,,1,,0,2025-09-22 00:00:00,2026-03-27 00:00:00
1441,19088,738,1214,1,4022,132306,0,2025-09-04,2026-03-04,1,101,0,,1,,0,2025-09-22 00:00:00,2026-03-27 00:00:00
1442,19108,482,1213,1,4008,133025,0,1981-06-01,2026-03-04,1,101,1,,1,,0,2025-09-22 00:00:00,2026-03-27 00:00:00
1443,19137,5359,1219,1,4021,154093,0,2019-07-10,2026-03-04,1,101,1,,1,,0,2025-09-22 00:00:00,2026-03-27 00:00:00
1444,19133,14,1210,1,4021,132032,0,2019-07-06,2026-03-04,1,101,1,,1,,0,2025-09-22 00:00:00,2026-03-27 00:00:00
1445,19145,290,1214,1,4025,132231,0,2021-08-01,2026-03-04,1,101,1,"uploads/document/1758525698_211d91ad8216d0dc954e.jpg,",1,,0,2025-09-22 00:00:00,2026-03-27 00:00:00
1446,19157,20863,1198,1,4022,154122,0,2016-07-01,2026-03-04,1,101,1,,1,,0,2025-09-22 00:00:00,2026-03-27 00:00:00
1447,19172,20568,1219,1,4021,132032,0,2018-06-06,2026-03-04,1,101,1,,1,,0,2025-09-22 00:00:00,2026-03-27 00:00:00
1448,19166,14131,1206,1,4030,131888,0,2021-07-06,2026-03-04,1,101,1,,1,,0,2025-09-22 00:00:00,2026-03-27 00:00:00
1449,19169,15699,1220,1,4037,133386,0,2013-04-01,2026-03-04,1,101,0,,1,,0,2025-09-22 00:00:00,2026-03-27 00:00:00
1450,19169,20864,1219,1,4037,133621,0,2014-06-01,2026-03-04,1,101,0,,1,,0,2025-09-22 00:00:00,2026-03-27 00:00:00
1451,19169,20348,1300,1,4022,132005,0,2016-08-08,2026-03-04,1,101,0,,1,,0,2025-09-22 00:00:00,2026-03-27 00:00:00
1452,19190,15933,1198,1,4021,132032,0,2020-07-09,2026-03-04,1,101,1,,1,,0,2025-09-22 00:00:00,2026-03-27 00:00:00
1453,19189,420,1450,1,4039,57995,0,2014-09-22,2026-03-04,1,101,1,"uploads/document/1758530459_9367638b8f8174e68ffa.jpg,",1,,0,2025-09-22 00:00:00,2026-03-27 00:00:00
1454,19193,20736,1220,1,4022,134262,0,2019-05-01,2026-03-04,1,101,0,"uploads/document/1758531990_cb3dbd8dc2a9ee901394.jpg,",1,,0,2025-09-22 00:00:00,2026-03-27 00:00:00
1455,19193,20736,1219,1,4022,134262,0,2022-05-25,2026-03-04,1,101,1,"uploads/document/1758532101_e1411d919004f9dc05e9.jpg,",1,,0,2025-09-22 00:00:00,2026-03-27 00:00:00
1456,19229,775,1256,1,4022,,0,2016-07-04,2026-03-04,1,101,0,,1,,0,2025-09-22 00:00:00,2026-03-27 00:00:00
1457,19229,805,1187,1,4022,132783,0,2012-07-02,2026-03-04,1,101,0,,1,,0,2025-09-22 00:00:00,2026-03-27 00:00:00
1458,19259,20865,1236,1,4007,132266,0,2019-04-12,2026-03-04,1,101,1,,1,,0,2025-09-22 00:00:00,2026-03-27 00:00:00
1459,19295,20842,1523,1,4007,131853,0,2004-06-01,2026-03-04,1,101,0,,1,,0,2025-09-22 00:00:00,2026-03-27 00:00:00
1460,19295,20866,1314,1,,,0,2025-08-01,2026-03-04,1,,0,,1,,0,2025-09-22 00:00:00,2026-03-27 00:00:00
1461,19295,20866,199,1,,,0,2023-02-01,2026-03-04,1,,0,,1,,0,2025-09-22 00:00:00,2026-03-27 00:00:00
1462,19295,20866,1605,1,,,0,2023-01-02,2026-03-04,1,,0,,1,,0,2025-09-22 00:00:00,2026-03-27 00:00:00
1463,19295,20708,1287,1,,,0,2006-07-03,2026-03-04,1,,0,,1,,0,2025-09-22 00:00:00,2026-03-27 00:00:00
1464,19295,20867,1606,1,,,0,2008-06-02,2026-03-04,1,,0,,1,,0,2025-09-22 00:00:00,2026-03-27 00:00:00
1465,19295,20283,1607,1,,,0,2007-07-02,2026-03-04,1,,0,,1,,0,2025-09-22 00:00:00,2026-03-27 00:00:00
1466,19257,473,1239,1,4008,133177,0,2018-08-22,2026-03-04,1,101,1,,1,,0,2025-09-22 00:00:00,2026-03-27 00:00:00
1467,19345,62,1240,1,4037,133749,0,2023-02-02,2026-03-04,1,101,1,"uploads/document/1758558278_6fb8a77f5424956ff554.jpg,",1,,0,2025-09-22 00:00:00,2026-03-27 00:00:00
1468,19382,20868,1303,1,4039,132166,0,2022-07-15,2026-03-04,1,101,0,,1,,0,2025-09-22 00:00:00,2026-03-27 00:00:00
1469,19382,20869,1219,1,4007,132032,0,2021-07-14,2026-03-04,1,101,0,,1,,0,2025-09-22 00:00:00,2026-03-27 00:00:00
1470,19382,20869,1220,1,4007,132032,0,2019-07-10,2026-03-04,1,101,0,,1,,0,2025-09-22 00:00:00,2026-03-27 00:00:00
1471,19422,20482,1219,1,4008,133504,0,2013-07-01,2026-03-04,1,101,0,"uploads/document/1758570056_11e202ec01106445c8c6.pdf,",1,,0,2025-09-23 00:00:00,2026-03-27 00:00:00
1472,19422,20482,1220,1,4008,133504,0,2011-06-01,2026-03-04,1,101,0,"uploads/document/1758570145_4dad5a3c20916d901b2b.pdf,",1,,0,2025-09-23 00:00:00,2026-03-27 00:00:00
1473,19422,730,1190,2,,,0,2024-07-01,2026-03-04,1,,1,,1,,0,2025-09-23 00:00:00,2026-03-27 00:00:00
1474,19454,359,1059,1,4026,57956,0,2011-08-01,2026-03-04,1,101,1,,1,,0,2025-09-23 00:00:00,2026-03-27 00:00:00
1475,19480,20538,1206,1,4037,133262,0,2020-04-15,2026-03-04,1,101,1,"uploads/document/1758606063_26569314612325d933e9.pdf,",1,,0,2025-09-23 00:00:00,2026-03-27 00:00:00
1476,19483,5,1221,1,4039,132814,0,2020-07-07,2026-03-04,1,101,1,,1,,0,2025-09-23 00:00:00,2026-03-27 00:00:00
1477,19497,20871,1433,1,4022,133051,0,2010-05-01,2026-03-04,1,101,1,,1,,0,2025-09-23 00:00:00,2026-03-27 00:00:00
1478,19517,20568,309,1,4021,132032,0,2018-06-05,2026-03-04,1,101,1,,1,,0,2025-09-23 00:00:00,2026-03-27 00:00:00
1479,19562,20872,1094,2,,,0,2012-07-01,2026-03-04,1,,1,,1,,0,2025-09-23 00:00:00,2026-03-27 00:00:00
1480,19577,20568,1219,1,4021,132032,0,2019-07-09,2026-03-04,1,101,1,,1,,0,2025-09-23 00:00:00,2026-03-27 00:00:00
1481,19576,20873,1219,1,4037,57739,0,2008-09-23,2026-03-04,1,101,1,,1,,0,2025-09-23 00:00:00,2026-03-27 00:00:00
1482,19571,805,1233,1,4022,132782,0,2022-08-02,2026-03-04,1,101,1,"uploads/document/1758620068_421b9302f02dafde9509.pdf,",1,,0,2025-09-23 00:00:00,2026-03-27 00:00:00
1483,19613,195,1,1,4030,133315,0,2022-06-01,2026-03-04,1,101,1,,1,,0,2025-09-23 00:00:00,2026-03-27 00:00:00
1484,19633,20874,1209,1,,,0,2017-07-01,2026-03-04,1,101,1,,1,,0,2025-09-23 00:00:00,2026-03-27 00:00:00
1485,19651,5229,1220,1,4015,57686,0,2000-06-01,2026-03-04,1,101,0,,1,,0,2025-09-23 00:00:00,2026-03-27 00:00:00
1486,19651,5215,1219,1,4015,57686,0,2002-06-01,2026-03-04,1,101,0,,1,,0,2025-09-23 00:00:00,2026-03-27 00:00:00
1487,19651,551,1550,2,,,0,2005-07-31,2026-03-04,1,,1,,1,,0,2025-09-23 00:00:00,2026-03-27 00:00:00
1488,19716,20853,1220,1,4039,154127,0,1999-07-01,2026-03-04,1,101,0,,1,,0,2025-09-23 00:00:00,2026-03-27 00:00:00
1489,19716,20853,1219,1,4039,154127,0,2001-07-01,2026-03-04,1,101,0,,1,,0,2025-09-23 00:00:00,2026-03-27 00:00:00
1490,19716,37,1604,1,4039,154127,0,2005-08-01,2026-03-04,1,101,0,,1,,0,2025-09-23 00:00:00,2026-03-27 00:00:00
1491,19716,20245,1612,1,4039,57995,0,2012-07-13,2026-03-04,1,101,1,,1,,0,2025-09-23 00:00:00,2026-03-27 00:00:00
1492,19811,747,1240,1,4022,131981,0,2021-09-24,2026-03-04,1,101,1,"uploads/document/1758683698_8a06c9065219d80ebf1b.jpg,",1,,0,2025-09-24 00:00:00,2026-03-27 00:00:00
1493,19838,472,1225,1,4008,134427,0,2021-08-10,2026-03-04,1,101,1,"uploads/document/1758689152_1e439e647fc94300cace.pdf,",1,,0,2025-09-24 00:00:00,2026-03-27 00:00:00
1494,19863,775,1221,1,4022,134327,0,2018-07-12,2026-03-04,1,101,0,,1,,0,2025-09-24 00:00:00,2026-03-27 00:00:00
1495,19863,20876,1215,1,,,0,2023-09-10,2026-03-04,1,,1,,1,,0,2025-09-24 00:00:00,2026-03-27 00:00:00
1496,19879,5,4,1,4021,154123,0,2022-07-05,2026-03-04,1,101,1,,1,,0,2025-09-24 00:00:00,2026-03-27 00:00:00
1497,19921,14,8,1,4015,57791,0,2019-07-09,2026-03-04,1,101,1,,1,,0,2025-09-24 00:00:00,2026-03-27 00:00:00
1498,19906,20777,12,1,4030,132682,0,2021-07-06,2026-03-04,1,101,1,,1,,0,2025-09-24 00:00:00,2026-03-27 00:00:00
1499,19953,1,12,1,4030,134114,0,2019-07-09,2026-03-04,1,101,1,,1,,0,2025-09-24 00:00:00,2026-03-27 00:00:00
1500,19892,20877,1202,1,4039,57995,0,2022-09-15,2026-03-04,1,101,0,"uploads/document/1758711320_c681e940b2bdec38494b.pdf,",1,,0,2025-09-24 00:00:00,2026-03-27 00:00:00
1501,19892,5969,1219,1,4039,154128,0,2021-06-01,2026-03-04,1,101,0,"uploads/document/1758711561_b08e58ae241c7ab17a20.jpeg,",1,,0,2025-09-24 00:00:00,2026-03-27 00:00:00
1502,19892,5688,1220,1,4039,154128,0,2019-06-01,2026-03-04,1,101,0,"uploads/document/1758711725_8ecf817807a2f9a78760.jpeg,",1,,0,2025-09-24 00:00:00,2026-03-27 00:00:00
1503,19973,1225,1213,1,4853,142074,0,2017-07-01,2026-03-04,1,101,0,"uploads/document/1758712119_b98fc100908d77559890.jpg,",1,,0,2025-09-24 00:00:00,2026-03-27 00:00:00
1504,20012,20848,1214,1,4022,133051,0,2016-07-01,2026-03-04,1,101,1,,1,,0,2025-09-24 00:00:00,2026-03-27 00:00:00
1505,20013,6887,1219,1,4014,154129,0,2014-07-01,2026-03-04,1,101,1,,1,,0,2025-09-24 00:00:00,2026-03-27 00:00:00
1506,20051,20878,1496,1,3176,85527,0,2019-07-20,2026-03-04,1,167,0,,1,,0,2025-09-24 00:00:00,2026-03-27 00:00:00
1507,20051,20879,1198,1,3176,85572,0,2021-07-20,2026-03-04,1,167,0,,1,,0,2025-09-24 00:00:00,2026-03-27 00:00:00
1508,20051,20880,1613,1,3176,85572,0,2023-08-15,2026-03-04,1,167,0,,1,,0,2025-09-24 00:00:00,2026-03-27 00:00:00
1509,20179,643,1215,2,,,0,2014-08-01,2026-03-04,1,,0,,1,,0,2025-09-25 00:00:00,2026-03-27 00:00:00
1510,20179,133,1523,2,,,0,2007-08-01,2026-03-04,1,,0,,1,,0,2025-09-25 00:00:00,2026-03-27 00:00:00
1511,8066,474,1240,1,4008,147824,0,2025-07-01,2026-03-04,1,101,0,,1,,0,2025-09-25 00:00:00,2026-03-27 00:00:00
1512,8066,1308,1221,1,4008,147824,0,2022-06-01,2026-03-04,1,101,0,,1,,0,2025-09-25 00:00:00,2026-03-27 00:00:00
1513,8066,20881,1598,1,4008,147824,0,2017-09-01,2026-03-04,1,101,0,,1,,0,2025-09-25 00:00:00,2026-03-27 00:00:00
1514,20201,49,1210,1,4021,132032,0,2020-07-06,2026-03-04,1,101,1,,1,,0,2025-09-25 00:00:00,2026-03-27 00:00:00
1515,20223,1471,207,1,4022,132782,0,2019-07-09,2026-03-04,1,101,1,,1,,0,2025-09-25 00:00:00,2026-03-27 00:00:00
1516,20229,133,1585,1,4021,154084,0,2017-12-02,2026-03-04,1,101,0,,1,,0,2025-09-25 00:00:00,2026-03-27 00:00:00
1517,20229,20882,1219,1,4021,154084,0,2016-03-01,2026-03-04,1,101,0,,1,,0,2025-09-25 00:00:00,2026-03-27 00:00:00
1518,20229,20882,1220,1,4021,154084,0,2014-03-03,2026-03-04,1,101,0,,1,,0,2025-09-25 00:00:00,2026-03-27 00:00:00
1519,20275,643,1215,2,,,0,2025-04-01,2026-03-04,1,,0,,1,,0,2025-09-25 00:00:00,2026-03-27 00:00:00
1520,20275,20269,33,1,4022,133230,0,2024-05-28,2026-03-04,1,101,0,,1,,0,2025-09-25 00:00:00,2026-03-27 00:00:00
1521,20275,20883,1615,1,4022,132005,0,2021-01-01,2026-03-04,1,101,0,,1,,0,2025-09-25 00:00:00,2026-03-27 00:00:00
1522,20331,531,1208,1,,,0,2006-06-18,2026-03-04,1,101,1,,1,,0,2025-09-25 00:00:00,2026-03-27 00:00:00
1523,20345,482,1269,1,4008,131567,0,2021-08-25,2026-03-04,1,101,1,,1,,0,2025-09-25 00:00:00,2026-03-27 00:00:00
1524,20362,4963,1385,1,4013,132578,0,2023-09-25,2026-03-04,1,101,1,"uploads/document/1758809155_4bcb52b400ebc2819c29.pdf,uploads/document/1758809155_8a11d7b904060e3aa33c.pdf,uploads/document/1758809155_b012a428a129c351a8c4.pdf,uploads/document/1758809155_2ef8a360e4678befc807.pdf,",1,,0,2025-09-25 00:00:00,2026-03-27 00:00:00
1525,20393,20884,1550,1,4037,132744,0,2018-04-01,2026-03-04,1,101,1,,1,,0,2025-09-25 00:00:00,2026-03-27 00:00:00
1526,20403,20777,1190,1,4007,132032,0,2019-10-24,2026-03-04,1,101,1,,1,,0,2025-09-25 00:00:00,2026-03-27 00:00:00
1527,20428,20885,1198,1,4022,131953,0,2019-01-13,2026-03-04,1,101,1,,1,,0,2025-09-25 00:00:00,2026-03-27 00:00:00
1528,20460,20886,1239,1,4011,133490,0,2016-08-01,2026-03-04,1,101,1,,1,,0,2025-09-26 00:00:00,2026-03-27 00:00:00
1529,20483,20646,1300,1,4022,131953,0,2021-10-15,2026-03-04,1,101,1,,1,,0,2025-09-26 00:00:00,2026-03-27 00:00:00
1530,20520,20888,1206,1,4025,58076,0,2020-09-26,2026-03-04,1,101,1,"uploads/document/1758860175_0dc7858fe26844670194.jpg,",1,,0,2025-09-26 00:00:00,2026-03-27 00:00:00
1531,20551,20889,1238,1,4035,133763,0,2022-09-05,2026-03-04,1,101,0,,1,,0,2025-09-26 00:00:00,2026-03-27 00:00:00
1532,20551,20890,1238,1,4035,133763,0,2019-06-24,2026-03-04,1,101,0,,1,,0,2025-09-26 00:00:00,2026-03-27 00:00:00
1533,20603,9722,1220,1,4021,131821,0,2000-08-17,2026-03-04,1,101,0,,1,,0,2025-09-26 00:00:00,2026-03-27 00:00:00
1534,20603,5208,1219,1,4021,131821,0,2010-08-19,2026-03-04,1,101,0,,1,,0,2025-09-26 00:00:00,2026-03-27 00:00:00
1535,20603,20340,1233,1,4022,133230,0,2024-01-01,2026-03-04,1,101,1,,1,,0,2025-09-26 00:00:00,2026-03-27 00:00:00
1536,20622,20891,1187,1,4022,131876,0,2021-04-14,2026-03-04,1,101,0,,1,,0,2025-09-26 00:00:00,2026-03-27 00:00:00
1537,20548,20892,1239,1,4008,133024,0,2021-12-13,2026-03-04,1,101,0,,1,,0,2025-09-26 00:00:00,2026-03-27 00:00:00
1538,20548,20893,1538,1,4008,133024,0,2019-07-26,2026-03-04,1,101,0,,1,,0,2025-09-26 00:00:00,2026-03-27 00:00:00
1539,20548,20894,1537,1,4008,133024,0,2018-06-26,2026-03-04,1,101,0,,1,,0,2025-09-26 00:00:00,2026-03-27 00:00:00
1540,20657,20777,1210,1,4021,154133,0,2024-06-10,2026-03-04,1,101,1,,1,,0,2025-09-26 00:00:00,2026-03-27 00:00:00
1541,20707,20895,1219,1,4007,134211,0,2019-09-26,2026-03-04,1,101,1,,1,,0,2025-09-26 00:00:00,2026-03-27 00:00:00
1542,20713,20896,1213,1,4035,154134,0,2022-09-01,2026-03-04,1,101,1,,1,,0,2025-09-26 00:00:00,2026-03-27 00:00:00
1543,20712,753,1215,1,4022,132941,0,2021-08-10,2026-03-04,1,101,1,"uploads/document/1758891540_054c9404fbcc2a5dd86c.jpg,",1,,0,2025-09-26 00:00:00,2026-03-27 00:00:00
1544,20708,20331,1236,1,4022,134040,0,2019-06-22,2026-03-04,1,101,0,"uploads/document/1758893335_230502e37e98d5213807.jpg,",1,,0,2025-09-26 00:00:00,2026-03-27 00:00:00
1545,20708,20897,1198,1,4022,134040,0,2018-07-13,2026-03-04,1,101,0,,1,,0,2025-09-26 00:00:00,2026-03-27 00:00:00
1546,20708,11320,1205,1,4022,134040,0,2016-07-16,2026-03-04,1,101,0,"uploads/document/1758893572_bee81348342545f6a408.jpg,",1,,0,2025-09-26 00:00:00,2026-03-27 00:00:00
1547,20805,651,1199,1,4035,133301,0,2021-06-26,2026-03-04,1,101,1,,1,,0,2025-09-26 00:00:00,2026-03-27 00:00:00
1548,20835,805,1213,1,4022,57777,0,2020-09-26,2026-03-04,1,101,0,,1,,0,2025-09-27 00:00:00,2026-03-27 00:00:00
1549,20848,1128,1213,1,4021,131679,0,2022-08-31,2026-03-04,1,101,1,,1,,0,2025-09-27 00:00:00,2026-03-27 00:00:00
1550,20962,5208,1219,1,4021,154084,0,2014-04-01,2026-03-04,1,101,1,,1,,0,2025-09-27 00:00:00,2026-03-27 00:00:00
1551,21081,20750,1205,1,4037,154136,0,2012-02-10,2026-03-04,1,101,0,,1,,0,2025-09-28 00:00:00,2026-03-27 00:00:00
1552,21081,20750,1198,1,4037,154136,0,2013-09-27,2026-03-04,1,101,0,,1,,0,2025-09-28 00:00:00,2026-03-27 00:00:00
1553,21081,83,1585,1,4037,154136,0,2015-10-22,2026-03-04,1,101,0,,1,,0,2025-09-28 00:00:00,2026-03-27 00:00:00
1554,21081,20902,1287,1,4037,154136,0,2020-02-10,2026-03-04,1,101,1,,1,,0,2025-09-28 00:00:00,2026-03-27 00:00:00
1555,21103,20906,1621,1,4040,132581,0,2018-07-20,2026-03-04,1,101,0,,1,,0,2025-09-28 00:00:00,2026-03-27 00:00:00
1556,21103,627,1385,2,,,0,2024-07-17,2026-03-04,1,,0,,1,,0,2025-09-28 00:00:00,2026-03-27 00:00:00
1557,21103,1033,1225,1,4040,132581,0,2020-10-15,2026-03-04,1,101,0,,1,,0,2025-09-28 00:00:00,2026-03-27 00:00:00
1558,21124,20907,1184,2,,,0,2024-03-07,2026-03-04,1,,1,,1,,0,2025-09-28 00:00:00,2026-03-27 00:00:00
1559,21137,20848,1233,1,4022,132958,0,2018-07-01,2026-03-04,1,101,1,,1,,0,2025-09-28 00:00:00,2026-03-27 00:00:00
1560,21167,20908,1239,1,4039,132166,0,2013-07-01,2026-03-04,1,101,1,,1,,0,2025-09-28 00:00:00,2026-03-27 00:00:00
1561,21207,20909,1190,1,4022,131868,0,2024-04-01,2026-03-04,1,101,1,,1,,0,2025-09-28 00:00:00,2026-03-27 00:00:00
1562,21227,20910,1233,1,4014,132273,0,2016-08-01,2026-03-04,1,101,1,,1,,0,2025-09-28 00:00:00,2026-03-27 00:00:00
1563,21271,20911,1622,1,4030,57606,0,2018-06-01,2026-03-04,1,101,1,,1,,0,2025-09-28 00:00:00,2026-03-27 00:00:00
1564,21309,133,1190,2,,,0,2021-11-05,2026-03-04,1,,1,,1,,0,2025-09-28 00:00:00,2026-03-27 00:00:00
1565,17618,264,1615,1,4007,57988,0,2025-09-28,2026-03-04,1,101,1,"uploads/document/1759070371_c3bb561b6846698bf3a5.pdf,",1,,0,2025-09-28 00:00:00,2026-03-27 00:00:00
1566,21372,544,1623,1,4007,132340,0,2020-07-28,2026-03-04,1,101,1,,1,,0,2025-09-28 00:00:00,2026-03-27 00:00:00
1567,21431,18701,1624,1,4021,133210,0,2024-08-01,2026-03-04,1,101,1,,1,,0,2025-09-28 00:00:00,2026-03-27 00:00:00
1568,21486,20283,33,2,,,0,2025-07-14,2026-03-04,1,,1,,1,,0,2025-09-29 00:00:00,2026-03-27 00:00:00
1569,21413,827,1233,1,4016,131676,0,2022-08-08,2026-03-04,1,101,0,,1,,0,2025-09-29 00:00:00,2026-03-27 00:00:00
1570,21413,14216,1205,1,4022,132958,0,2019-04-01,2026-03-04,1,101,0,,1,,0,2025-09-29 00:00:00,2026-03-27 00:00:00
1571,21413,14216,1198,1,4022,132958,0,2021-04-01,2026-03-04,1,101,0,,1,,0,2025-09-29 00:00:00,2026-03-27 00:00:00
1572,21490,666,1277,1,4035,154141,0,2016-04-09,2026-03-04,1,101,0,,1,,0,2025-09-29 00:00:00,2026-03-27 00:00:00
1573,21547,20340,1184,2,,,0,2022-07-15,2026-03-04,1,,0,,1,,0,2025-09-29 00:00:00,2026-03-27 00:00:00
1574,21547,1128,1233,1,4021,131679,0,2017-08-17,2026-03-04,1,101,0,,1,,0,2025-09-29 00:00:00,2026-03-27 00:00:00
1575,21439,730,1233,2,,,0,2025-03-01,2026-03-04,1,,1,,1,,0,2025-09-29 00:00:00,2026-03-27 00:00:00
1576,21575,72,1225,1,4037,851129,0,2018-09-29,2026-03-04,1,101,1,,1,,0,2025-09-29 00:00:00,2026-03-27 00:00:00
1577,21589,20777,1340,1,4021,132032,0,2020-06-09,2026-03-04,1,101,1,,1,,0,2025-09-29 00:00:00,2026-03-27 00:00:00
1578,21611,170,1435,1,4030,57606,0,2013-06-01,2026-03-04,1,101,0,"uploads/document/1759133127_3a0a74bdb94df5399389.jpg,",1,,0,2025-09-29 00:00:00,2026-03-27 00:00:00
1579,21629,47,1206,1,4022,57654,0,2019-07-10,2026-03-04,1,101,1,,1,,0,2025-09-29 00:00:00,2026-03-27 00:00:00
1580,21643,156,1625,1,4030,57606,0,2023-06-26,2026-03-04,1,101,1,,1,,0,2025-09-29 00:00:00,2026-03-27 00:00:00
1581,21649,649,1241,1,4035,131517,0,2021-06-08,2026-03-04,1,101,1,,1,,0,2025-09-29 00:00:00,2026-03-27 00:00:00
1582,21647,20912,1186,1,4030,57606,0,2021-06-01,2026-03-04,1,101,1,"uploads/document/1759139944_a76699abf48c3297c121.jpg,uploads/document/1759139944_f897dac02057dcee83a3.jpg,",1,,0,2025-09-29 00:00:00,2026-03-27 00:00:00
1583,21652,20777,1219,1,4021,154145,0,2022-09-29,2026-03-04,1,101,1,,1,,0,2025-09-29 00:00:00,2026-03-27 00:00:00
1584,21611,170,1233,1,4030,131900,0,2010-06-01,2026-03-04,1,101,0,,1,,0,2025-09-29 00:00:00,2026-03-27 00:00:00
1585,21709,1767,33,1,4030,132329,0,2023-06-08,2026-03-04,1,101,1,,1,,0,2025-09-29 00:00:00,2026-03-27 00:00:00
1586,21749,543,1241,1,4015,132980,0,2021-11-22,2026-03-04,1,101,1,"uploads/document/1759154121_1ddfc31497a8eb45352d.pdf,",1,,0,2025-09-29 00:00:00,2026-03-27 00:00:00
1587,21768,745,1094,1,4022,57601,0,2021-10-11,2026-03-04,1,101,1,,1,,0,2025-09-29 00:00:00,2026-03-27 00:00:00
1588,21775,103,1221,1,4022,132782,0,2021-08-01,2026-03-04,1,101,1,,1,,0,2025-09-29 00:00:00,2026-03-27 00:00:00
1589,21798,121,1185,1,4037,133386,0,2022-07-01,2026-03-04,1,101,1,,1,,0,2025-09-29 00:00:00,2026-03-27 00:00:00
1590,21824,20848,1233,1,4022,132958,0,2022-08-22,2026-03-04,1,101,0,,1,,0,2025-09-29 00:00:00,2026-03-27 00:00:00
1591,21828,695,1317,1,4035,131517,0,2017-06-15,2026-03-04,1,101,1,,1,,0,2025-09-29 00:00:00,2026-03-27 00:00:00
1592,21840,20915,1628,1,4037,132138,0,2022-09-29,2026-03-04,1,101,1,,1,,0,2025-09-29 00:00:00,2026-03-27 00:00:00
1593,21837,20916,1537,1,4008,57765,0,2013-03-14,2026-03-04,1,101,0,"uploads/document/1759166099_ee56411c10ab3c828c4d.jpg,",1,,0,2025-09-29 00:00:00,2026-03-27 00:00:00
1594,21837,20917,1629,1,4008,57765,0,2015-06-13,2026-03-04,1,101,0,,1,,0,2025-09-29 00:00:00,2026-03-27 00:00:00
1595,21837,439,1379,1,4008,57765,0,2019-05-20,2026-03-04,1,101,0,,1,,0,2025-09-29 00:00:00,2026-03-27 00:00:00
1596,21884,616,1184,1,4014,132201,0,2023-08-08,2026-03-04,1,101,0,,1,,0,2025-09-30 00:00:00,2026-03-27 00:00:00
1597,21884,1048,1233,1,4014,132593,0,2016-08-10,2026-03-04,1,101,0,,1,,0,2025-09-30 00:00:00,2026-03-27 00:00:00
1598,21904,20918,1198,1,4022,132142,0,2017-04-30,2026-03-04,1,101,1,,1,,0,2025-09-30 00:00:00,2026-03-27 00:00:00
1599,21929,20919,1198,1,4020,133985,0,2014-09-30,2026-03-04,1,101,1,,1,,0,2025-09-30 00:00:00,2026-03-27 00:00:00
1600,21928,20731,1220,1,4022,58035,0,2016-06-09,2026-03-04,1,101,0,"uploads/document/1759204362_68bb5bb1b4451253b247.jpg,",1,,0,2025-09-30 00:00:00,2026-03-27 00:00:00
1601,21928,20731,1219,1,4022,58035,0,2018-04-27,2026-03-04,1,101,1,"uploads/document/1759204546_fd4489c37c93c83ed308.jpg,",1,,0,2025-09-30 00:00:00,2026-03-27 00:00:00
1602,21954,61,1225,1,4030,133029,0,2022-08-01,2026-03-04,1,101,0,,1,,0,2025-09-30 00:00:00,2026-03-27 00:00:00
1603,21984,5,263,1,4037,57816,0,2020-07-08,2026-03-04,1,101,1,,1,,0,2025-09-30 00:00:00,2026-03-27 00:00:00
1604,21994,20474,1219,1,4021,154145,0,2020-11-08,2026-03-04,1,101,1,,1,,0,2025-09-30 00:00:00,2026-03-27 00:00:00
1605,42,794,1109,1,4022,132005,0,2012-01-08,2026-03-04,1,101,1,"uploads/document/1759216382_2fd9766f26ee8c7eb42c.jpeg,",1,,0,2025-09-30 00:00:00,2026-03-27 00:00:00
1606,22033,397,1186,1,4037,154114,0,2021-09-18,2026-03-04,1,101,1,"uploads/document/1759219715_191de57b20b1f514695e.jpg,",1,,0,2025-09-30 00:00:00,2026-03-27 00:00:00
1607,22042,801,1184,2,,,0,2019-09-01,2026-03-04,1,,0,"uploads/document/1759221030_3e9833a0f6ca0c3eb195.pdf,",1,,0,2025-09-30 00:00:00,2026-03-27 00:00:00
1608,22042,20245,1509,2,,,0,2015-06-01,2026-03-04,1,,0,"uploads/document/1759221094_f1ba867e6c1cdbf396ea.pdf,",1,,0,2025-09-30 00:00:00,2026-03-27 00:00:00
1609,22037,745,1184,1,4022,132958,0,2019-07-01,2026-03-04,1,101,0,,1,,0,2025-09-30 00:00:00,2026-03-27 00:00:00
1610,22037,741,1233,1,4022,132958,0,2016-07-01,2026-03-04,1,101,0,,1,,0,2025-09-30 00:00:00,2026-03-27 00:00:00
1611,22126,20777,1210,1,4021,154147,0,2021-12-11,2026-03-04,1,101,1,,1,,0,2025-10-01 00:00:00,2026-03-27 00:00:00
1612,22170,20777,1221,1,4021,154147,0,2020-08-05,2026-03-04,1,101,1,,1,,0,2025-10-01 00:00:00,2026-03-27 00:00:00
1613,22204,5,92,1,4037,132451,0,2018-07-04,2026-03-04,1,101,1,,1,,0,2025-10-01 00:00:00,2026-03-27 00:00:00
1614,22205,775,1221,1,4022,134327,0,2013-08-20,2026-03-04,1,101,0,,1,,0,2025-10-01 00:00:00,2026-03-27 00:00:00
1615,22220,569,1184,1,4015,133384,0,2023-08-01,2026-03-04,1,101,0,,1,,0,2025-10-01 00:00:00,2026-03-27 00:00:00
1616,22220,814,1210,1,4016,132075,0,2019-08-01,2026-03-04,1,101,0,,1,,0,2025-10-01 00:00:00,2026-03-27 00:00:00
1617,22245,69,1585,1,4037,134076,0,2022-10-05,2026-03-04,1,101,1,,1,,0,2025-10-01 00:00:00,2026-03-27 00:00:00
1618,22339,20350,1187,1,4008,133116,0,2013-06-11,2026-03-04,1,101,0,,1,,0,2025-10-02 00:00:00,2026-03-27 00:00:00
1619,22361,373,1190,1,4022,57828,0,2015-07-01,2026-03-04,1,101,1,"uploads/document/1759374629_1d0761fc6ce73b064948.jpg,",1,,0,2025-10-02 00:00:00,2026-03-27 00:00:00
1620,22455,222,1523,1,4007,57675,0,2016-04-02,2026-03-04,1,101,1,,1,,0,2025-10-02 00:00:00,2026-03-27 00:00:00
1621,22510,20922,1300,1,4039,132166,0,2024-09-05,2026-03-04,1,101,1,,1,,0,2025-10-02 00:00:00,2026-03-27 00:00:00
1622,22521,20923,1186,1,4039,132040,0,2018-08-01,2026-03-04,1,101,1,,1,,0,2025-10-02 00:00:00,2026-03-27 00:00:00
1623,22604,20340,1512,2,,,0,2024-07-01,2026-03-04,1,,1,,1,,0,2025-10-02 00:00:00,2026-03-27 00:00:00
1624,22643,763,1339,1,4022,57828,0,2023-08-28,2026-03-04,1,101,1,,1,,0,2025-10-02 00:00:00,2026-03-27 00:00:00
1625,22667,257,1585,1,4020,,0,2016-07-01,2026-03-04,1,101,1,,1,,0,2025-10-03 00:00:00,2026-03-27 00:00:00
1626,22854,343,1340,1,4026,57922,0,2023-08-24,2026-03-04,1,101,1,,1,,0,2025-10-03 00:00:00,2026-03-27 00:00:00
1627,22859,20554,1184,1,4022,147552,0,2009-05-03,2026-03-04,1,101,1,,1,,0,2025-10-03 00:00:00,2026-03-27 00:00:00
1628,22864,532,1051,1,,,0,2018-03-22,2026-03-04,1,,0,,1,,0,2025-10-03 00:00:00,2026-03-27 00:00:00
1629,22893,101,1221,2,,,0,2013-09-01,2026-03-04,1,,1,,1,,0,2025-10-03 00:00:00,2026-03-27 00:00:00
1630,22963,20319,1631,1,4014,131614,0,2012-04-01,2026-03-04,1,101,0,,1,,0,2025-10-03 00:00:00,2026-03-27 00:00:00
1631,22977,20925,1242,1,4008,133504,0,2011-08-01,2026-03-04,1,101,0,,1,,0,2025-10-03 00:00:00,2026-03-27 00:00:00
1632,22977,763,1185,1,4022,132782,0,2008-07-01,2026-03-04,1,101,0,,1,,0,2025-10-03 00:00:00,2026-03-27 00:00:00
1633,23030,20322,1223,1,4022,,0,2009-07-01,2026-03-04,1,101,1,,1,,0,2025-10-03 00:00:00,2026-03-27 00:00:00
1634,23079,763,1233,1,4022,132782,0,2022-04-20,2026-03-04,1,101,0,"uploads/document/1759518411_c19fd2022f9f7b142e31.pdf,",1,,0,2025-10-04 00:00:00,2026-03-27 00:00:00
1635,23079,20926,1219,1,4022,154135,0,2020-03-25,2026-03-04,1,101,0,"uploads/document/1759518506_bee68e1ab038d0b4f3f0.pdf,",1,,0,2025-10-04 00:00:00,2026-03-27 00:00:00
1636,23110,543,1339,1,4015,132980,0,2021-08-01,2026-03-04,1,101,1,,1,,0,2025-10-04 00:00:00,2026-03-27 00:00:00
1637,23049,20848,1233,1,4021,154094,0,2024-10-25,2026-03-04,1,101,1,"uploads/document/1759551002_8ec1a3843cad0c5dd36d.jpg,",1,,0,2025-10-04 00:00:00,2026-03-27 00:00:00
1638,22760,20929,1215,1,4031,58190,0,2023-04-01,2026-03-04,1,101,0,,1,,0,2025-10-04 00:00:00,2026-03-27 00:00:00
1639,23162,20777,1210,1,4021,154147,0,2020-08-03,2026-03-04,1,101,1,,1,,0,2025-10-04 00:00:00,2026-03-27 00:00:00
1640,23183,14,1206,1,4007,132360,0,2020-08-05,2026-03-04,1,101,1,,1,,0,2025-10-04 00:00:00,2026-03-27 00:00:00
1641,23224,650,1216,2,,,0,2007-10-04,2026-03-04,1,,1,,1,,0,2025-10-04 00:00:00,2026-03-27 00:00:00
1642,13491,20931,1635,1,4008,133588,0,1984-07-01,2026-03-04,1,101,1,,1,,0,2025-10-04 00:00:00,2026-03-27 00:00:00
1643,23261,20932,1636,1,4007,154107,0,2021-05-01,2026-03-04,1,101,1,,1,,0,2025-10-04 00:00:00,2026-03-27 00:00:00
1644,23292,543,1560,1,4015,132980,0,2016-07-15,2026-03-04,1,101,1,,1,,0,2025-10-04 00:00:00,2026-03-27 00:00:00
1645,23312,20829,1221,1,4030,57606,0,2013-07-01,2026-03-04,1,101,0,,1,,0,2025-10-04 00:00:00,2026-03-27 00:00:00
1646,22933,20933,1637,1,4008,154155,0,2021-12-20,2026-03-04,1,101,1,"uploads/document/1759595802_f6eeaec34c1056a0fbc7.jpeg,",1,,0,2025-10-04 00:00:00,2026-03-27 00:00:00
1647,23441,20934,1447,1,4022,133316,0,2021-07-01,2026-03-04,1,101,1,,1,,0,2025-10-05 00:00:00,2026-03-27 00:00:00
1648,23447,184,1369,1,4030,134310,0,2022-08-01,2026-03-04,1,101,1,,1,,0,2025-10-05 00:00:00,2026-03-27 00:00:00
1649,23450,1309,1199,1,4007,131853,0,2020-09-03,2026-03-04,1,101,1,,1,,0,2025-10-05 00:00:00,2026-03-27 00:00:00
1650,23502,20937,1639,1,4026,,0,2015-10-05,2026-03-04,1,101,1,,1,,0,2025-10-05 00:00:00,2026-03-27 00:00:00
1651,23570,190,1597,1,4030,57695,0,2023-07-26,2026-03-04,1,101,1,,1,,0,2025-10-05 00:00:00,2026-03-27 00:00:00
1652,23602,20938,1219,1,4030,147649,0,2008-03-01,2026-03-04,1,101,1,"uploads/document/1759678220_01d5b41e8808033556e8.jpg,",1,,0,2025-10-05 00:00:00,2026-03-27 00:00:00
1653,23665,529,1216,1,4013,58000,0,2023-08-01,2026-03-04,1,101,1,,1,,0,2025-10-06 00:00:00,2026-03-27 00:00:00
1654,23672,793,53,1,4030,154157,0,2019-05-02,2026-03-04,1,101,1,,1,,0,2025-10-06 00:00:00,2026-03-27 00:00:00
1655,23644,156,1213,1,4030,154157,0,2007-04-01,2026-03-04,1,101,0,"uploads/document/1759721115_6afeb5f2f51a3b18b041.jpg,",1,,0,2025-10-06 00:00:00,2026-03-27 00:00:00
1656,23644,92,1524,2,,,0,2012-01-01,2026-03-04,1,,0,"uploads/document/1759721193_57fa9fbe5598a72dea33.jpg,",1,,0,2025-10-06 00:00:00,2026-03-27 00:00:00
1657,23644,20867,1606,1,4030,57606,0,2007-06-01,2026-03-04,1,101,0,"uploads/document/1759721266_f5e2a529f91d79c1ce81.jpg,",1,,0,2025-10-06 00:00:00,2026-03-27 00:00:00
1658,23768,61,1221,1,4037,57854,0,2019-07-10,2026-03-04,1,101,1,,1,,0,2025-10-06 00:00:00,2026-03-27 00:00:00
1659,23771,15689,1220,1,4037,133052,0,2014-10-06,2026-03-04,1,101,0,,1,,0,2025-10-06 00:00:00,2026-03-27 00:00:00
1660,23771,20939,1198,1,4037,133052,0,2016-04-10,2026-03-04,1,101,0,,1,,0,2025-10-06 00:00:00,2026-03-27 00:00:00
1661,23771,1028,1233,1,4022,132783,0,2021-09-04,2026-03-04,1,101,0,,1,,0,2025-10-06 00:00:00,2026-03-27 00:00:00
1662,23793,872,1225,1,4853,154142,0,1995-03-02,2026-03-04,1,101,1,,1,,0,2025-10-06 00:00:00,2026-03-27 00:00:00
1663,23805,643,1255,1,4034,131905,0,2010-08-02,2026-03-04,1,101,1,,1,,0,2025-10-06 00:00:00,2026-03-27 00:00:00
1664,23807,5,1219,1,4021,154147,0,2020-07-08,2026-03-04,1,101,1,,1,,0,2025-10-06 00:00:00,2026-03-27 00:00:00
1665,23867,20532,1223,1,4030,154158,0,2014-03-01,2026-03-04,1,101,1,,1,,0,2025-10-06 00:00:00,2026-03-27 00:00:00
1666,23948,20716,1188,1,4022,57601,0,2021-01-01,2026-03-04,1,101,1,,1,,0,2025-10-06 00:00:00,2026-03-27 00:00:00
1667,23945,742,1213,1,4022,132384,0,2016-06-06,2026-03-04,1,101,0,,1,,0,2025-10-06 00:00:00,2026-03-27 00:00:00
1668,23998,83,1188,1,4037,58039,0,2018-03-01,2026-03-04,1,101,1,,1,,0,2025-10-06 00:00:00,2026-03-27 00:00:00
1669,24051,2014,1219,1,4014,133466,0,2018-12-01,2026-03-04,1,101,1,,1,,0,2025-10-06 00:00:00,2026-03-27 00:00:00
1670,24059,801,263,1,4022,131953,0,2018-06-01,2026-03-04,1,101,1,,1,,0,2025-10-06 00:00:00,2026-03-27 00:00:00
1671,22267,99,12,1,4031,132032,0,2020-10-06,2026-03-04,1,101,1,,1,,0,2025-10-06 00:00:00,2026-03-27 00:00:00
1672,24101,20942,1092,1,4022,133580,0,2020-10-10,2026-03-04,1,101,1,,1,,0,2025-10-06 00:00:00,2026-03-27 00:00:00
1673,14631,20842,1354,1,4007,131853,0,2012-08-01,2026-03-04,1,101,0,,1,,0,2025-10-06 00:00:00,2026-03-27 00:00:00
1674,14631,5003,1381,1,4007,131853,0,2014-08-01,2026-03-04,1,101,0,,1,,0,2025-10-06 00:00:00,2026-03-27 00:00:00
1675,14631,20322,1306,1,4007,131853,0,2007-08-01,2026-03-04,1,101,0,,1,,0,2025-10-06 00:00:00,2026-03-27 00:00:00
1676,24152,1148,1215,1,4022,131953,0,2023-08-24,2026-03-04,1,101,1,,1,,0,2025-10-07 00:00:00,2026-03-27 00:00:00
1677,24166,20943,1296,1,4022,132005,0,2013-07-18,2026-03-04,1,101,0,"uploads/document/1759802962_5785c89f60a1982112b0.jpg,",1,,0,2025-10-07 00:00:00,2026-03-27 00:00:00
1678,24166,1158,1641,1,4013,58000,0,2007-08-22,2026-03-04,1,101,0,"uploads/document/1759803073_55b2ec386c79be73c054.jpg,",1,,0,2025-10-07 00:00:00,2026-03-27 00:00:00
1679,24166,20944,1642,1,4027,133935,0,2004-05-28,2026-03-04,1,101,0,"uploads/document/1759803181_4a58d603690b5a351cd7.jpg,",1,,0,2025-10-07 00:00:00,2026-03-27 00:00:00
1680,24188,1128,1233,2,,,0,2022-01-01,2026-03-04,1,,1,,1,,0,2025-10-07 00:00:00,2026-03-27 00:00:00
1681,24207,60,1255,1,4027,132039,0,2011-10-07,2026-03-04,1,101,1,,1,,0,2025-10-07 00:00:00,2026-03-27 00:00:00
1682,24210,775,1233,1,4022,,0,2016-06-01,2026-03-04,1,101,1,,1,,0,2025-10-07 00:00:00,2026-03-27 00:00:00
1683,24256,706,1584,1,4012,133964,0,2010-07-15,2026-03-04,1,101,1,,1,,0,2025-10-07 00:00:00,2026-03-27 00:00:00
1684,24272,5056,1202,1,4853,142001,0,2014-08-19,2026-03-04,1,101,1,,1,,0,2025-10-07 00:00:00,2026-03-27 00:00:00
1685,24285,800,1340,1,4016,132418,0,2020-07-07,2026-03-04,1,101,1,,1,,0,2025-10-07 00:00:00,2026-03-27 00:00:00
1686,24304,155,1184,1,4030,133679,0,2021-06-01,2026-03-04,1,101,1,,1,,0,2025-10-07 00:00:00,2026-03-27 00:00:00
1687,24295,133,1221,2,,,0,2025-09-21,2026-03-04,1,,1,,1,,0,2025-10-07 00:00:00,2026-03-27 00:00:00
1688,24295,20947,467,1,4021,131679,0,2024-07-15,2026-03-04,1,101,0,,1,,0,2025-10-07 00:00:00,2026-03-27 00:00:00
1689,24303,820,1214,1,4016,133123,0,2014-07-07,2026-03-04,1,101,1,,1,,0,2025-10-07 00:00:00,2026-03-27 00:00:00
1690,24358,20568,1221,1,4021,154147,0,2021-08-04,2026-03-04,1,101,1,,1,,0,2025-10-07 00:00:00,2026-03-27 00:00:00
1691,24371,20483,1596,2,,,0,2024-05-15,2026-03-04,1,,1,,1,,0,2025-10-07 00:00:00,2026-03-27 00:00:00
1692,24386,661,1299,1,4007,133999,0,2002-05-01,2026-03-04,1,101,1,,1,,0,2025-10-07 00:00:00,2026-03-27 00:00:00
1693,24459,20842,1225,1,4007,133999,0,2017-08-08,2026-03-04,1,101,0,,1,,0,2025-10-07 00:00:00,2026-03-27 00:00:00
1694,24463,20661,1448,1,4021,133645,0,2021-07-08,2026-03-04,1,101,1,,1,,0,2025-10-07 00:00:00,2026-03-27 00:00:00
1695,24534,511,1256,1,4013,58086,0,2014-03-01,2026-03-04,1,101,1,,1,,0,2025-10-07 00:00:00,2026-03-27 00:00:00
1696,24545,20736,1642,1,4022,131894,0,2005-07-01,2026-03-04,1,101,0,,1,,0,2025-10-07 00:00:00,2026-03-27 00:00:00
1697,24604,133,1192,2,,,0,2021-04-07,2026-03-04,1,,0,,1,,0,2025-10-07 00:00:00,2026-03-27 00:00:00
1698,24639,769,1283,1,4022,57601,0,2019-07-01,2026-03-04,1,101,0,,1,,0,2025-10-07 00:00:00,2026-03-27 00:00:00
1699,24639,401,1548,1,4039,132040,0,2022-08-26,2026-03-04,1,101,1,,1,,0,2025-10-07 00:00:00,2026-03-27 00:00:00
1700,24648,20948,1300,1,4022,132958,0,2014-08-14,2026-03-04,1,101,1,"uploads/document/1759861111_e60132584264e3a143e1.pdf,",1,,0,2025-10-07 00:00:00,2026-03-27 00:00:00
1701,8482,756,1233,1,4022,133001,0,2022-07-01,2026-03-04,1,101,1,,1,,0,2025-10-07 00:00:00,2026-03-27 00:00:00
1702,24663,20949,1580,1,4016,133716,0,2013-05-08,2026-03-04,1,101,1,"uploads/document/1759897335_8fe04a6bb9aa8bf7ade2.pdf,",1,,0,2025-10-08 00:00:00,2026-03-27 00:00:00
1703,24715,108,1210,1,4030,131899,0,2021-08-16,2026-03-04,1,101,1,,1,,0,2025-10-08 00:00:00,2026-03-27 00:00:00
1704,24722,20950,1215,1,4014,58134,0,2015-07-08,2026-03-04,1,101,1,,1,,0,2025-10-08 00:00:00,2026-03-27 00:00:00
1705,24743,20568,1219,1,4021,154147,0,2019-07-19,2026-03-04,1,101,1,,1,,0,2025-10-08 00:00:00,2026-03-27 00:00:00
1706,24765,222,1236,1,4007,133175,0,2012-10-08,2026-03-04,1,101,1,,1,,0,2025-10-08 00:00:00,2026-03-27 00:00:00
1707,24822,361,1303,1,4022,131953,0,2021-11-08,2026-03-04,1,101,0,,1,,0,2025-10-08 00:00:00,2026-03-27 00:00:00
1708,24835,5639,1219,1,4039,132467,0,2018-03-31,2026-03-04,1,101,1,,1,,0,2025-10-08 00:00:00,2026-03-27 00:00:00
1709,24944,20245,1213,2,,,0,2022-12-01,2026-03-04,1,,1,,1,,0,2025-10-08 00:00:00,2026-03-27 00:00:00
1710,24963,531,1646,1,4013,132209,0,2013-06-08,2026-03-04,1,101,0,,1,,0,2025-10-08 00:00:00,2026-03-27 00:00:00
1711,24982,637,1233,1,4014,132201,0,2023-07-01,2026-03-04,1,101,1,,1,,0,2025-10-08 00:00:00,2026-03-27 00:00:00
1712,24984,20952,1647,1,4008,133116,0,2015-08-10,2026-03-04,1,101,1,,1,,0,2025-10-08 00:00:00,2026-03-27 00:00:00
1713,24961,631,1215,1,4037,58009,0,2022-03-01,2026-03-04,1,101,1,,1,,0,2025-10-08 00:00:00,2026-03-27 00:00:00
1714,25010,1087,1553,1,4015,131859,0,2008-04-01,2026-03-04,1,101,1,"uploads/document/1759946918_50898c07508c6b3617a6.jpg,",1,,0,2025-10-08 00:00:00,2026-03-27 00:00:00
1715,25049,20953,1649,1,4030,154157,0,2022-06-14,2026-03-04,1,101,1,"uploads/document/1759954271_11b005faedab653ae46a.jpg,",1,,0,2025-10-09 00:00:00,2026-03-27 00:00:00
1716,25059,682,1061,1,4035,131517,0,2021-09-17,2026-03-04,1,101,1,,1,,0,2025-10-09 00:00:00,2026-03-27 00:00:00
1717,23501,20842,1585,1,4021,133210,0,2008-05-09,2026-03-04,1,101,1,"uploads/document/1759988170_f03a815754277659ffba.pdf,",1,,0,2025-10-09 00:00:00,2026-03-27 00:00:00
1718,25138,14131,1198,1,4021,154147,0,2020-12-05,2026-03-04,1,101,1,,1,,0,2025-10-09 00:00:00,2026-03-27 00:00:00
1719,25148,15242,1642,1,4015,132136,0,2018-07-03,2026-03-04,1,101,1,,1,,0,2025-10-09 00:00:00,2026-03-27 00:00:00
1720,25173,474,1214,1,4016,57643,0,2022-07-06,2026-03-04,1,101,1,,1,,0,2025-10-09 00:00:00,2026-03-27 00:00:00
1721,25204,420,1298,1,4039,132166,0,2006-07-01,2026-03-04,1,101,1,,1,,0,2025-10-09 00:00:00,2026-03-27 00:00:00
1722,25215,175,1650,1,4030,57972,0,2020-06-09,2026-03-04,1,101,1,,1,,0,2025-10-09 00:00:00,2026-03-27 00:00:00
1723,25273,482,1187,1,4008,57987,0,2021-06-09,2026-03-04,1,101,1,,1,,0,2025-10-09 00:00:00,2026-03-27 00:00:00
1724,25296,20956,1296,1,4853,142001,0,2012-06-01,2026-03-04,1,101,1,"uploads/document/1760019737_18eb6fe3a1727d00e0fe.jpg,",1,,0,2025-10-09 00:00:00,2026-03-27 00:00:00
1725,23919,800,1185,1,4016,133638,0,2023-06-01,2026-03-04,1,101,1,,1,,0,2025-10-09 00:00:00,2026-03-27 00:00:00
1726,20476,20887,1433,1,4030,133526,0,2018-08-01,2026-03-04,1,101,1,,1,,0,2025-10-09 00:00:00,2026-03-27 00:00:00
1727,25321,20871,1100,1,4022,132958,0,2018-07-19,2026-03-04,1,101,1,,1,,0,2025-10-09 00:00:00,2026-03-27 00:00:00
1728,25358,20957,1219,1,4030,133679,0,2018-05-01,2026-03-04,1,101,1,,1,,0,2025-10-09 00:00:00,2026-03-27 00:00:00
1729,25401,772,1238,1,4022,57867,0,2015-07-09,2026-03-04,1,101,1,,1,,0,2025-10-09 00:00:00,2026-03-27 00:00:00
1730,25409,20245,1654,1,4029,134020,0,2022-01-01,2026-03-04,1,101,0,"uploads/document/1760035769_4e443753d609968522bb.jpg,",1,,0,2025-10-10 00:00:00,2026-03-27 00:00:00
1731,25409,279,1185,1,4029,134020,0,2016-06-16,2026-03-04,1,101,0,,1,,0,2025-10-10 00:00:00,2026-03-27 00:00:00
1732,25449,20959,1301,1,4022,132782,0,2024-06-01,2026-03-04,1,101,0,,1,,0,2025-10-10 00:00:00,2026-03-27 00:00:00
1733,25449,20959,1303,1,4022,132782,0,2025-10-01,2026-03-04,1,101,1,,1,,0,2025-10-10 00:00:00,2026-03-27 00:00:00
1734,25500,20960,1340,1,4021,154084,0,2019-07-10,2026-03-04,1,101,1,,1,,0,2025-10-10 00:00:00,2026-03-27 00:00:00
1735,25509,20260,1642,1,4016,131676,0,1997-04-01,2026-03-04,1,101,0,,1,,0,2025-10-10 00:00:00,2026-03-27 00:00:00
1736,25509,271,1240,1,4016,131676,0,2004-07-01,2026-03-04,1,101,1,,1,,0,2025-10-10 00:00:00,2026-03-27 00:00:00
1737,25526,20961,1646,1,4007,132032,0,2021-04-08,2026-03-04,1,101,1,,1,,0,2025-10-10 00:00:00,2026-03-27 00:00:00
1738,25540,20568,1441,1,4021,154147,0,2018-07-03,2026-03-04,1,101,1,,1,,0,2025-10-10 00:00:00,2026-03-27 00:00:00
1739,25539,551,1535,1,4015,154163,0,2016-04-01,2026-03-04,1,101,0,"uploads/document/1760082180_0eac4cc0cd6927f15055.jpg,",1,,0,2025-10-10 00:00:00,2026-03-27 00:00:00
1740,25539,560,1655,1,4015,154163,0,2013-06-01,2026-03-04,1,101,0,,1,,0,2025-10-10 00:00:00,2026-03-27 00:00:00
1741,25602,83,1210,1,4037,57947,0,2005-06-01,2026-03-04,1,101,1,"uploads/document/1760089282_bc9ed56904d697919da5.pdf,",1,,0,2025-10-10 00:00:00,2026-03-27 00:00:00
1742,25616,1,1274,1,4022,147566,0,2022-07-06,2026-03-04,1,101,1,,1,,0,2025-10-10 00:00:00,2026-03-27 00:00:00
1743,25628,159,1656,1,4030,133376,0,2022-08-01,2026-03-04,1,101,0,,1,,0,2025-10-10 00:00:00,2026-03-27 00:00:00
1744,25655,1190,1303,1,4014,132201,0,2022-09-28,2026-03-04,1,101,1,,1,,0,2025-10-10 00:00:00,2026-03-27 00:00:00
1745,25727,830,1303,1,4016,131676,0,2020-11-10,2026-03-04,1,101,1,"uploads/document/1760116352_bc2bcc2dc2ac50c5c014.jpeg,",1,,0,2025-10-10 00:00:00,2026-03-27 00:00:00
1746,25732,62,1225,1,4037,133749,0,2015-04-01,2026-03-04,1,101,1,,1,,0,2025-10-10 00:00:00,2026-03-27 00:00:00
1747,25761,176,1184,1,4030,133679,0,2024-07-19,2026-03-04,1,101,1,,1,,0,2025-10-10 00:00:00,2026-03-27 00:00:00
1748,25771,202,1523,1,4030,134096,0,2013-07-01,2026-03-04,1,101,0,,1,,0,2025-10-11 00:00:00,2026-03-27 00:00:00
1749,25771,202,1349,1,4030,134096,0,2016-07-01,2026-03-04,1,101,1,,1,,0,2025-10-11 00:00:00,2026-03-27 00:00:00
1750,25870,20501,1220,1,4021,154147,0,2020-08-04,2026-03-04,1,101,1,,1,,0,2025-10-11 00:00:00,2026-03-27 00:00:00
1751,25876,3,1221,1,4039,132814,0,2020-07-07,2026-03-04,1,101,1,,1,,0,2025-10-11 00:00:00,2026-03-27 00:00:00
1752,25890,5,92,1,4030,131888,0,2021-08-03,2026-03-04,1,101,1,,1,,0,2025-10-11 00:00:00,2026-03-27 00:00:00
1753,25909,729,1544,1,4022,57640,0,2020-06-11,2026-03-04,1,101,1,"uploads/document/1760173907_2fd3e9c83065b44dd318.jpg,",1,,0,2025-10-11 00:00:00,2026-03-27 00:00:00
1754,25929,732,1303,1,4022,132782,0,2017-05-10,2026-03-04,1,101,1,"uploads/document/1760175799_f4411fdfd0eedae20347.pdf,",1,,0,2025-10-11 00:00:00,2026-03-27 00:00:00
1755,25928,597,1657,1,4014,154165,0,2018-04-01,2026-03-04,1,101,0,,1,,0,2025-10-11 00:00:00,2026-03-27 00:00:00
1756,25941,20247,1330,1,4022,154135,0,2021-05-01,2026-03-04,1,101,1,,1,,0,2025-10-11 00:00:00,2026-03-27 00:00:00
1757,25976,482,1658,1,4008,132359,0,2004-10-11,2026-03-04,1,101,1,,1,,0,2025-10-11 00:00:00,2026-03-27 00:00:00
1758,26044,20962,1642,1,4853,141934,0,2005-07-01,2026-03-04,1,101,1,,1,,0,2025-10-11 00:00:00,2026-03-27 00:00:00
1759,26071,775,1221,1,4022,134327,0,2019-07-04,2026-03-04,1,101,1,,1,,0,2025-10-12 00:00:00,2026-03-27 00:00:00
1760,26095,20311,1215,1,4022,131953,0,2018-06-12,2026-03-04,1,101,1,,1,,0,2025-10-12 00:00:00,2026-03-27 00:00:00
1761,26117,807,1233,1,4022,132252,0,2022-07-14,2026-03-04,1,101,0,,1,,0,2025-10-12 00:00:00,2026-03-27 00:00:00
1762,26117,20851,1599,2,,,0,2023-05-05,2026-03-04,1,,0,,1,,0,2025-10-12 00:00:00,2026-03-27 00:00:00
1763,26117,20964,1287,1,4021,154084,0,2021-07-27,2026-03-04,1,101,0,,1,,0,2025-10-12 00:00:00,2026-03-27 00:00:00
1764,26117,20731,1198,1,4022,132252,0,2019-06-23,2026-03-04,1,101,0,,1,,0,2025-10-12 00:00:00,2026-03-27 00:00:00
1765,26117,20731,1205,1,4022,132252,0,2017-04-04,2026-03-04,1,101,0,,1,,0,2025-10-12 00:00:00,2026-03-27 00:00:00
1766,26127,237,1261,1,4007,132194,0,2016-04-01,2026-03-04,1,101,1,,1,,0,2025-10-12 00:00:00,2026-03-27 00:00:00
1767,26158,698,1223,1,4022,132782,0,2010-07-01,2026-03-04,1,101,0,,1,,0,2025-10-12 00:00:00,2026-03-27 00:00:00
1768,26217,20247,1373,2,,,0,2023-07-25,2026-03-04,1,,1,,1,,0,2025-10-12 00:00:00,2026-03-27 00:00:00
1769,26262,482,1312,1,4008,132359,0,2007-07-26,2026-03-04,1,101,1,,1,,0,2025-10-12 00:00:00,2026-03-27 00:00:00
1770,26274,821,1675,1,4016,133650,0,2020-08-01,2026-03-04,1,101,1,,1,,0,2025-10-12 00:00:00,2026-03-27 00:00:00
1771,26286,156,1221,1,4030,154157,0,2012-05-15,2026-03-04,1,101,1,,1,,0,2025-10-12 00:00:00,2026-03-27 00:00:00
1772,26340,397,1202,1,4039,132040,0,2021-09-30,2026-03-04,1,101,1,,1,,0,2025-10-12 00:00:00,2026-03-27 00:00:00
1773,26352,20687,1427,2,,,0,2023-04-01,2026-03-04,1,,1,,1,,0,2025-10-12 00:00:00,2026-03-27 00:00:00
1774,26374,20970,1255,1,4014,132201,0,2014-08-04,2026-03-04,1,101,1,,1,,0,2025-10-13 00:00:00,2026-03-27 00:00:00
1775,26398,20971,1223,1,4037,133386,0,2023-07-03,2026-03-04,1,101,1,,1,,0,2025-10-13 00:00:00,2026-03-27 00:00:00
1776,26442,20331,1560,1,4022,57901,0,2022-07-01,2026-03-04,1,101,1,"uploads/document/1760339509_130435a3dfa875dc810d.pdf,",1,,0,2025-10-13 00:00:00,2026-03-27 00:00:00
1777,26457,751,1202,1,4022,132005,0,2021-09-14,2026-03-04,1,101,0,"uploads/document/1760342285_a4a4531620e4b2420af3.pdf,",1,,0,2025-10-13 00:00:00,2026-03-27 00:00:00
1778,26457,20918,1646,1,4022,154122,0,2020-04-01,2026-03-04,1,101,0,"uploads/document/1760342372_624ba9eb8cc8ed29a349.pdf,",1,,0,2025-10-13 00:00:00,2026-03-27 00:00:00
1779,26457,20918,1220,1,4022,154122,0,2018-04-01,2026-03-04,1,101,0,"uploads/document/1760342440_206ac8c5ac6f46027d1a.pdf,",1,,0,2025-10-13 00:00:00,2026-03-27 00:00:00
1780,26470,20568,1210,1,4021,132032,0,2023-07-04,2026-03-04,1,101,1,,1,,0,2025-10-13 00:00:00,2026-03-27 00:00:00
1781,26487,120,1186,1,4021,154084,0,2020-11-01,2026-03-04,1,101,1,"uploads/document/1760347032_c26671f9cf9a1316bed0.jpeg,",1,,0,2025-10-13 00:00:00,2026-03-27 00:00:00
1782,26497,744,1221,1,4022,131992,0,2007-08-01,2026-03-04,1,101,1,,1,,0,2025-10-13 00:00:00,2026-03-27 00:00:00
1783,26504,5687,1219,1,4021,154145,0,2020-01-12,2026-03-04,1,101,1,,1,,0,2025-10-13 00:00:00,2026-03-27 00:00:00
1784,26519,801,1512,1,4022,132142,0,2016-10-13,2026-03-04,1,101,1,"uploads/document/1760352806_f6e59f52ce12728f5951.jpg,",1,,1,2025-10-13 00:00:00,2026-03-27 00:00:00
1785,26551,800,1210,1,4016,132685,0,2022-07-06,2026-03-04,1,101,1,,1,,0,2025-10-13 00:00:00,2026-03-27 00:00:00
1786,26549,20482,1220,1,4008,133025,0,2000-06-01,2026-03-04,1,101,1,"uploads/document/1760357415_3e36af98a67ac6fd76c5.pdf,",1,,0,2025-10-13 00:00:00,2026-03-27 00:00:00
1787,26564,222,1213,1,4007,154132,0,2011-07-01,2026-03-04,1,101,1,,1,,0,2025-10-13 00:00:00,2026-03-27 00:00:00
1788,26583,20411,1213,1,4021,154094,0,2023-07-01,2026-03-04,1,101,1,,1,,0,2025-10-13 00:00:00,2026-03-27 00:00:00
1789,26592,389,1545,1,4022,132783,0,2020-06-13,2026-03-04,1,101,1,,1,,0,2025-10-13 00:00:00,2026-03-27 00:00:00
1790,26601,156,1221,1,4030,154157,0,2014-06-01,2026-03-04,1,101,1,,1,,0,2025-10-13 00:00:00,2026-03-27 00:00:00
1791,26645,20973,1220,1,4022,132782,0,2017-04-01,2026-03-04,1,101,0,,1,,0,2025-10-13 00:00:00,2026-03-27 00:00:00
1792,26645,20973,1645,1,4022,132782,0,2019-04-01,2026-03-04,1,101,0,,1,,0,2025-10-13 00:00:00,2026-03-27 00:00:00
1793,26645,20974,1677,1,4022,132782,0,2020-05-01,2026-03-04,1,101,0,,1,,0,2025-10-13 00:00:00,2026-03-27 00:00:00
1794,26651,20750,1220,1,4037,131932,0,2018-03-01,2026-03-04,1,101,0,"uploads/document/1760374985_a24816a73a3ac3e7c95f.jpg,",1,,0,2025-10-13 00:00:00,2026-03-27 00:00:00
1795,26651,20750,1219,1,4037,131932,0,2021-03-10,2026-03-04,1,101,1,"uploads/document/1760375089_a929790d1cf1453bee93.jpg,",1,,0,2025-10-13 00:00:00,2026-03-27 00:00:00
1796,26706,474,1509,1,4008,132556,0,2019-03-14,2026-03-04,1,101,0,,1,,0,2025-10-14 00:00:00,2026-03-27 00:00:00
1797,26706,1190,1317,2,,,0,2024-03-14,2026-03-04,1,,1,,1,,0,2025-10-14 00:00:00,2026-03-27 00:00:00
1798,26729,6113,1220,1,4016,131676,0,2015-04-14,2026-03-04,1,101,0,,1,,0,2025-10-14 00:00:00,2026-03-27 00:00:00
1799,26729,6113,1219,1,4016,131676,0,2017-04-14,2026-03-04,1,101,0,,1,,0,2025-10-14 00:00:00,2026-03-27 00:00:00
1800,26729,271,1213,1,4016,131676,0,2018-08-14,2026-03-04,1,101,0,,1,,0,2025-10-14 00:00:00,2026-03-27 00:00:00
1801,26729,195,1214,1,4016,131676,0,2021-09-14,2026-03-04,1,101,0,,1,,0,2025-10-14 00:00:00,2026-03-27 00:00:00
1802,26729,824,1215,1,4016,131676,0,2025-08-14,2026-03-04,1,101,1,,1,,0,2025-10-14 00:00:00,2026-03-27 00:00:00
1803,26668,20975,1221,1,4022,57601,0,2007-07-01,2026-03-04,1,101,1,,1,,0,2025-10-14 00:00:00,2026-03-27 00:00:00
1804,26795,1,20,1,4007,132141,0,2023-08-15,2026-03-04,1,101,1,,1,,0,2025-10-14 00:00:00,2026-03-27 00:00:00
1805,26798,210,1198,1,4021,154147,0,2021-07-14,2026-03-04,1,101,1,,1,,0,2025-10-14 00:00:00,2026-03-27 00:00:00
1806,26806,64,1210,1,4037,132337,0,2022-08-04,2026-03-04,1,101,1,,1,,0,2025-10-14 00:00:00,2026-03-27 00:00:00
1807,26861,20976,1198,1,4022,131849,0,2022-05-11,2026-03-04,1,101,1,,1,,0,2025-10-14 00:00:00,2026-03-27 00:00:00
1808,26866,415,1481,1,4039,132166,0,2023-07-07,2026-03-04,1,101,0,"uploads/document/1760430722_6a510d6a7cabff7ee12b.pdf,",1,,0,2025-10-14 00:00:00,2026-03-27 00:00:00
1809,26865,20977,1139,1,4021,57655,0,2024-06-01,2026-03-04,1,101,1,,1,,0,2025-10-14 00:00:00,2026-03-27 00:00:00
1810,26866,20978,1598,1,4039,133826,0,2017-05-10,2026-03-04,1,101,0,,1,,0,2025-10-14 00:00:00,2026-03-27 00:00:00
1811,26891,20376,1094,1,4022,132005,0,2022-11-14,2026-03-04,1,101,1,,1,,0,2025-10-14 00:00:00,2026-03-27 00:00:00
1812,26970,228,1300,1,4007,154107,0,2019-05-14,2026-03-04,1,101,1,,1,,0,2025-10-14 00:00:00,2026-03-27 00:00:00
1813,26982,527,1373,1,4013,57869,0,2007-06-01,2026-03-04,1,101,1,,1,,0,2025-10-14 00:00:00,2026-03-27 00:00:00
1814,26994,19864,1185,1,4026,57933,0,2022-09-09,2026-03-04,1,101,1,,1,,0,2025-10-14 00:00:00,2026-03-27 00:00:00
1815,22257,20979,1220,1,4021,131679,0,2017-04-03,2026-03-04,1,101,0,,1,,0,2025-10-14 00:00:00,2026-03-27 00:00:00
1816,22257,20979,1219,1,4021,131679,0,2019-04-01,2026-03-04,1,101,0,"uploads/document/1760453313_16cf48bd748c2eacce81.pdf,",1,,0,2025-10-14 00:00:00,2026-03-27 00:00:00
1817,22257,133,1678,2,,,0,2020-07-10,2026-03-04,1,,0,"uploads/document/1760453459_6038566d500fc892b216.pdf,",1,,0,2025-10-14 00:00:00,2026-03-27 00:00:00
1818,22257,20245,1679,2,,,0,2023-10-02,2026-03-04,1,,1,,1,,0,2025-10-14 00:00:00,2026-03-27 00:00:00
1819,27126,5321,1646,1,4039,132166,0,2016-06-15,2026-03-04,1,101,1,"uploads/document/1760476934_0bc9a8a8fe9794dc091b.jpeg,",1,,0,2025-10-15 00:00:00,2026-03-27 00:00:00
1820,22760,20929,1190,1,4031,58190,0,2020-05-01,2026-03-04,1,101,0,,1,,0,2025-10-15 00:00:00,2026-03-27 00:00:00
1821,27167,807,1192,1,4022,131940,0,2021-10-15,2026-03-04,1,101,1,"uploads/document/1760502942_0a65d07f345461143c06.pdf,",1,,0,2025-10-15 00:00:00,2026-03-27 00:00:00
1822,27199,271,1678,1,4031,58190,0,2011-07-01,2026-03-04,1,101,1,,1,,0,2025-10-15 00:00:00,2026-03-27 00:00:00
1823,27268,800,1585,1,4016,132075,0,2022-09-01,2026-03-04,1,101,1,"uploads/document/1760518886_5ecc1b56beb16ed9ef67.jpg,",1,,0,2025-10-15 00:00:00,2026-03-27 00:00:00
1824,27304,20777,1210,1,4021,154147,0,2023-08-08,2026-03-04,1,101,1,,1,,0,2025-10-15 00:00:00,2026-03-27 00:00:00
1825,27312,293,1213,1,4025,131922,0,2008-04-01,2026-03-04,1,101,1,,1,,0,2025-10-15 00:00:00,2026-03-27 00:00:00
1826,27340,20631,48,1,4021,154147,0,2021-08-03,2026-03-04,1,101,1,,1,,0,2025-10-15 00:00:00,2026-03-27 00:00:00
1827,27346,20568,1206,1,4021,132032,0,2020-07-07,2026-03-04,1,101,1,,1,,0,2025-10-15 00:00:00,2026-03-27 00:00:00
1828,27376,20981,1203,1,4016,131676,0,2021-01-11,2026-03-04,1,101,1,,1,,0,2025-10-15 00:00:00,2026-03-27 00:00:00
1829,27424,747,1373,1,4022,57616,0,2014-08-01,2026-03-04,1,101,1,,1,,0,2025-10-15 00:00:00,2026-03-27 00:00:00
1830,27497,20256,1187,1,4021,134404,0,2023-09-20,2026-03-04,1,101,1,,1,,0,2025-10-15 00:00:00,2026-03-27 00:00:00
1831,27504,20982,1220,1,4022,132430,0,2022-04-01,2026-03-04,1,101,0,,1,,0,2025-10-16 00:00:00,2026-03-27 00:00:00
1832,27349,290,1552,1,4025,132231,0,2020-08-08,2026-03-04,1,101,1,,1,,0,2025-10-16 00:00:00,2026-03-27 00:00:00
1833,27533,20983,1220,1,4037,132451,0,2022-02-01,2026-03-04,1,101,1,"uploads/document/1760575349_531251cfd1ec5ba77301.jpg,",1,,0,2025-10-16 00:00:00,2026-03-27 00:00:00
1834,27558,473,1187,1,4026,154169,0,1998-06-01,2026-03-04,1,101,1,,1,,0,2025-10-16 00:00:00,2026-03-27 00:00:00
1835,27583,20777,1221,1,4021,132032,0,2017-07-11,2026-03-04,1,101,1,,1,,0,2025-10-16 00:00:00,2026-03-27 00:00:00
1836,27593,422,1309,1,4039,132181,0,2020-07-01,2026-03-04,1,101,0,"uploads/document/1760597850_c8da200c734cec9bfdfb.pdf,",1,,0,2025-10-16 00:00:00,2026-03-27 00:00:00
1837,27632,20984,1513,1,4853,142001,0,2018-06-12,2026-03-04,1,101,0,,1,,0,2025-10-16 00:00:00,2026-03-27 00:00:00
1838,27644,5,166,1,4014,134240,0,2021-07-06,2026-03-04,1,101,1,,1,,0,2025-10-16 00:00:00,2026-03-27 00:00:00
1839,27631,20985,1680,1,,,0,2025-10-16,2026-03-04,1,,1,"uploads/document/1760602685_ddb363f5311d2eacbd8e.pdf,",1,,0,2025-10-16 00:00:00,2026-03-27 00:00:00
1840,27452,20853,1219,1,4039,57811,0,2019-07-01,2026-03-04,1,101,1,,1,,0,2025-10-16 00:00:00,2026-03-27 00:00:00
1841,27682,43,1642,1,4027,132039,0,2010-02-16,2026-03-04,1,101,0,,1,,0,2025-10-16 00:00:00,2026-03-27 00:00:00
1842,27736,20986,1544,1,4037,133386,0,2020-10-16,2026-03-04,1,101,1,"uploads/document/1760616499_629945981d0b9c2b9de9.jpg,",1,,0,2025-10-16 00:00:00,2026-03-27 00:00:00
1843,27735,20987,1302,1,4030,132978,0,2016-03-01,2026-03-04,1,101,1,,1,,0,2025-10-16 00:00:00,2026-03-27 00:00:00
1844,27789,172,1225,1,4026,131729,0,2013-06-15,2026-03-04,1,101,1,,1,,0,2025-10-16 00:00:00,2026-03-27 00:00:00
1845,27868,563,1681,1,4029,132633,0,2023-04-03,2026-03-04,1,101,1,,1,,0,2025-10-16 00:00:00,2026-03-27 00:00:00
1846,27913,20848,1240,1,4022,132958,0,2018-04-01,2026-03-04,1,101,1,,1,,0,2025-10-16 00:00:00,2026-03-27 00:00:00
1847,27914,1177,1560,1,4007,133647,0,2017-07-16,2026-03-04,1,101,0,,1,,0,2025-10-16 00:00:00,2026-03-27 00:00:00
1848,27908,12,1356,1,4026,57848,0,2013-07-01,2026-03-04,1,101,1,,1,,0,2025-10-16 00:00:00,2026-03-27 00:00:00
1849,27914,20990,33,1,4014,132201,0,2023-05-16,2026-03-04,1,101,1,,1,,0,2025-10-17 00:00:00,2026-03-27 00:00:00
1850,27531,20661,1682,1,4021,133210,0,2018-10-16,2026-03-04,1,101,1,"uploads/document/1760642541_11c4afd5822186dcd017.jpg,",1,,0,2025-10-17 00:00:00,2026-03-27 00:00:00
1851,27925,753,1552,2,,,0,2023-07-11,2026-03-04,1,,1,,1,,0,2025-10-17 00:00:00,2026-03-27 00:00:00
1852,27999,15315,1646,1,4039,134354,0,2020-11-10,2026-03-04,1,101,1,"uploads/document/1760677537_6810b1b00eff058d7627.pdf,",1,,0,2025-10-17 00:00:00,2026-03-27 00:00:00
1853,28019,1295,4,1,4022,132057,0,2021-05-04,2026-03-04,1,101,1,,1,,0,2025-10-17 00:00:00,2026-03-27 00:00:00
1854,28044,156,1185,1,4030,57606,0,2022-06-02,2026-03-04,1,101,1,,1,,0,2025-10-17 00:00:00,2026-03-27 00:00:00
1855,28025,473,1221,1,4008,147867,0,2014-08-01,2026-03-04,1,101,0,,1,,0,2025-10-17 00:00:00,2026-03-27 00:00:00
1856,28094,20777,1642,1,4021,132032,0,2020-07-07,2026-03-04,1,101,1,,1,,0,2025-10-17 00:00:00,2026-03-27 00:00:00
1857,28098,5688,1683,1,4016,132597,0,2022-12-01,2026-03-04,1,101,1,"uploads/document/1760692856_e97cb40de469845bb6af.jpg,",1,,0,2025-10-17 00:00:00,2026-03-27 00:00:00
1858,28053,20975,1221,1,,,0,2014-03-01,2026-03-04,1,,0,,1,,0,2025-10-17 00:00:00,2026-03-27 00:00:00
1859,28126,20777,1646,1,4021,132032,0,2020-10-17,2026-03-04,1,101,1,,1,,0,2025-10-17 00:00:00,2026-03-27 00:00:00
1860,28129,20568,1198,1,4021,154180,0,2020-07-07,2026-03-04,1,101,1,,1,,0,2025-10-17 00:00:00,2026-03-27 00:00:00
1861,28140,20736,1198,1,4021,132032,0,2018-07-04,2026-03-04,1,101,1,,1,,0,2025-10-17 00:00:00,2026-03-27 00:00:00
1862,28147,797,1300,1,4022,154122,0,2021-08-02,2026-03-04,1,101,1,"uploads/document/1760701155_395e72351a7e3579be03.jpg,",1,,0,2025-10-17 00:00:00,2026-03-27 00:00:00
1863,28152,20992,1190,1,4853,115211,0,2022-11-09,2026-03-04,1,101,1,,1,,0,2025-10-17 00:00:00,2026-03-27 00:00:00
1864,28234,729,1585,1,4007,131853,0,2019-08-17,2026-03-04,1,101,1,,1,,0,2025-10-17 00:00:00,2026-03-27 00:00:00
1865,28256,20993,1042,1,4039,132166,0,2020-04-17,2026-03-04,1,101,0,,1,,0,2025-10-17 00:00:00,2026-03-27 00:00:00
1866,28288,1062,1642,1,4012,85474,0,2005-10-29,2026-03-04,1,101,1,,1,,0,2025-10-18 00:00:00,2026-03-27 00:00:00
1867,28310,20994,1219,1,4022,131953,0,2016-04-01,2026-03-04,1,101,1,,1,,0,2025-10-18 00:00:00,2026-03-27 00:00:00
1868,28114,20860,1220,1,4014,57649,0,1998-04-01,2026-03-04,1,101,0,,1,,0,2025-10-18 00:00:00,2026-03-27 00:00:00
1869,28382,1308,1233,1,4008,133024,0,2021-07-01,2026-03-04,1,101,1,,1,,0,2025-10-18 00:00:00,2026-03-27 00:00:00
1870,28513,590,1185,1,4014,132201,0,2021-10-30,2026-03-04,1,101,1,,1,,0,2025-10-18 00:00:00,2026-03-27 00:00:00
1871,28553,200,1187,1,4030,134310,0,2022-08-18,2026-03-04,1,101,1,"uploads/document/1760806239_861acd09433a4bbdb069.pdf,",1,,0,2025-10-18 00:00:00,2026-03-27 00:00:00
1872,28571,615,1678,1,4014,134086,0,2021-06-01,2026-03-04,1,101,1,,1,,0,2025-10-19 00:00:00,2026-03-27 00:00:00
1873,28598,175,1312,1,4030,57972,0,2017-06-01,2026-03-04,1,101,1,"uploads/document/1760821016_5c9fb3312816e992d5ee.jpeg,",1,,0,2025-10-19 00:00:00,2026-03-27 00:00:00
1874,28192,20995,1220,1,4022,57803,0,2020-06-10,2026-03-04,1,101,0,"uploads/document/1760840689_3d9a06c26e556a746c69.jpg,",1,,0,2025-10-19 00:00:00,2026-03-27 00:00:00
1875,28192,20996,1219,1,4022,57803,0,2023-03-15,2026-03-04,1,101,0,"uploads/document/1760840859_aa2e136f06689a1aeabf.jpg,",1,,0,2025-10-19 00:00:00,2026-03-27 00:00:00
1876,28643,601,1221,1,4014,57614,0,2020-07-05,2026-03-04,1,101,1,"uploads/document/1760841956_7fc0d112bd3f643dca95.pdf,",1,,0,2025-10-19 00:00:00,2026-03-27 00:00:00
1877,28675,20999,1221,1,4026,132089,0,2015-06-01,2026-03-04,1,101,0,,1,,0,2025-10-19 00:00:00,2026-03-27 00:00:00
1878,28675,21000,1240,1,4026,132089,0,2018-06-01,2026-03-04,1,101,1,,1,,0,2025-10-19 00:00:00,2026-03-27 00:00:00
1879,28683,21001,1686,1,4026,154182,0,2023-05-01,2026-03-04,1,101,1,,1,,0,2025-10-19 00:00:00,2026-03-27 00:00:00
1880,28712,62,1552,1,4037,132423,0,2017-10-19,2026-03-04,1,101,1,,1,,0,2025-10-19 00:00:00,2026-03-27 00:00:00
1881,28711,20323,1646,1,4022,131953,0,2016-08-17,2026-03-04,1,101,1,"uploads/document/1760858460_a6a4589f9341e6f45828.jpg,",1,,0,2025-10-19 00:00:00,2026-03-27 00:00:00
1882,28737,21002,1302,1,4853,142001,0,2015-03-12,2026-03-04,1,101,1,,1,,0,2025-10-19 00:00:00,2026-03-27 00:00:00
1883,28743,20245,1688,1,4022,115211,0,2023-04-04,2026-03-04,1,101,1,,1,,0,2025-10-19 00:00:00,2026-03-27 00:00:00
1884,28784,133,1552,1,4021,154094,0,2012-07-24,2026-03-04,1,101,1,,1,,0,2025-10-19 00:00:00,2026-03-27 00:00:00
1885,28840,16039,1642,1,4021,154084,0,2017-04-01,2026-03-04,1,101,0,,1,,0,2025-10-19 00:00:00,2026-03-27 00:00:00
1886,28841,775,1585,1,4022,134327,0,2022-08-18,2026-03-04,1,101,1,,1,,0,2025-10-19 00:00:00,2026-03-27 00:00:00
1887,28854,20484,1340,1,4022,133230,0,2024-07-22,2026-03-04,1,101,1,,1,,0,2025-10-19 00:00:00,2026-03-27 00:00:00
1888,28987,21004,1094,2,,,0,2019-10-03,2026-03-04,1,,1,,1,,0,2025-10-20 00:00:00,2026-03-27 00:00:00
1889,29025,387,1215,1,4039,133633,0,2020-09-11,2026-03-04,1,101,1,,1,,0,2025-10-20 00:00:00,2026-03-27 00:00:00
1890,29053,408,1277,1,4039,57995,0,2006-06-01,2026-03-04,1,101,1,,1,,0,2025-10-20 00:00:00,2026-03-27 00:00:00
1891,29105,588,1689,1,4014,132286,0,2009-07-01,2026-03-04,1,101,0,,1,,0,2025-10-20 00:00:00,2026-03-27 00:00:00
1892,29136,1308,1585,1,,,0,2022-08-14,2026-03-04,1,,1,,1,,0,2025-10-20 00:00:00,2026-03-27 00:00:00
1893,29161,20918,1220,1,4022,57654,0,2016-05-11,2026-03-04,1,101,0,"uploads/document/1760970087_e235103dcf5dc4ddbdab.pdf,",1,,0,2025-10-20 00:00:00,2026-03-27 00:00:00
1894,29161,20918,1645,1,4022,57654,0,2018-06-10,2026-03-04,1,101,0,"uploads/document/1760970209_36d0961746e1fefadd78.pdf,",1,,0,2025-10-20 00:00:00,2026-03-27 00:00:00
1895,29161,20942,1385,1,4022,154173,0,2021-08-15,2026-03-04,1,101,1,"uploads/document/1760970579_2e3ea345aba0e214157a.jpg,",1,,0,2025-10-20 00:00:00,2026-03-27 00:00:00
1896,29173,714,1221,1,4012,132132,0,2008-07-01,2026-03-04,1,101,1,,1,,0,2025-10-20 00:00:00,2026-03-27 00:00:00
1897,29197,83,1550,1,4037,154114,0,2021-07-01,2026-03-04,1,101,0,,1,,0,2025-10-20 00:00:00,2026-03-27 00:00:00
1898,29197,20750,1646,1,4037,154114,0,2019-05-01,2026-03-04,1,101,0,,1,,0,2025-10-20 00:00:00,2026-03-27 00:00:00
1899,29197,83,1561,1,4037,57947,0,2024-08-29,2026-03-04,1,101,1,,1,,0,2025-10-20 00:00:00,2026-03-27 00:00:00
1900,29213,5,1225,1,4008,57765,0,2016-08-01,2026-03-04,1,101,1,,1,,0,2025-10-20 00:00:00,2026-03-27 00:00:00
1901,29232,805,1485,1,4022,132072,0,2022-01-01,2026-03-04,1,101,1,"uploads/document/1760987629_7a4592dd7c0fee838399.jpg,",1,,0,2025-10-21 00:00:00,2026-03-27 00:00:00
1902,29236,801,1202,1,4022,132958,0,2019-08-17,2026-03-04,1,101,1,,1,,0,2025-10-21 00:00:00,2026-03-27 00:00:00
1903,29323,397,1303,1,4039,132040,0,2021-07-01,2026-03-04,1,101,1,,1,,0,2025-10-21 00:00:00,2026-03-27 00:00:00
1904,29334,643,1690,1,4853,142088,0,2012-05-17,2026-03-04,1,101,1,"uploads/document/1761033376_958d706c9ba8031e07b4.jpg,",1,,0,2025-10-21 00:00:00,2026-03-27 00:00:00
1905,29347,868,1187,1,4853,154186,0,2003-10-21,2026-03-04,1,101,1,,1,,0,2025-10-21 00:00:00,2026-03-27 00:00:00
1906,28295,21005,1691,1,4021,,0,2012-07-27,2026-03-04,1,101,0,,1,,0,2025-10-21 00:00:00,2026-03-27 00:00:00
1907,28295,20245,1544,2,,,0,2016-07-01,2026-03-04,1,,1,,1,,0,2025-10-21 00:00:00,2026-03-27 00:00:00
1908,29353,640,1233,1,,,0,2012-05-01,2026-03-04,1,,1,"uploads/document/1761039367_c76191ccd9b916755a9a.jpg,",1,,0,2025-10-21 00:00:00,2026-03-27 00:00:00
1909,29380,21006,1182,1,4035,154151,0,2014-06-02,2026-03-04,1,101,1,,1,,0,2025-10-21 00:00:00,2026-03-27 00:00:00
1910,29373,301,1233,1,4025,133606,0,2019-01-21,2026-03-04,1,101,1,,1,,0,2025-10-21 00:00:00,2026-03-27 00:00:00
1911,29478,155,1094,1,4030,142126,0,2011-08-17,2026-03-04,1,101,1,,1,,0,2025-10-21 00:00:00,2026-03-27 00:00:00
1912,29508,20661,1544,1,4021,133210,0,2024-08-01,2026-03-04,1,101,1,,1,,0,2025-10-21 00:00:00,2026-03-27 00:00:00
1913,29501,20646,1693,1,4022,131953,0,2008-09-20,2026-03-04,1,101,0,,1,,0,2025-10-21 00:00:00,2026-03-27 00:00:00
1914,29501,21008,1694,1,4022,131953,0,2015-08-10,2026-03-04,1,101,0,,1,,0,2025-10-21 00:00:00,2026-03-27 00:00:00
1915,29501,21009,1695,1,4022,131953,0,2022-11-10,2026-03-04,1,101,1,,1,,0,2025-10-21 00:00:00,2026-03-27 00:00:00
1916,29536,387,1213,1,4039,57995,0,2009-07-01,2026-03-04,1,101,0,,1,,0,2025-10-21 00:00:00,2026-03-27 00:00:00
1917,29569,20331,1215,1,4022,57640,0,2024-08-01,2026-03-04,1,101,0,,1,,0,2025-10-22 00:00:00,2026-03-27 00:00:00
1918,29569,747,1209,1,4022,134040,0,2021-07-01,2026-03-04,1,101,0,,1,,0,2025-10-22 00:00:00,2026-03-27 00:00:00
1919,29569,20260,1198,1,4022,134040,0,2020-06-01,2026-03-04,1,101,0,,1,,0,2025-10-22 00:00:00,2026-03-27 00:00:00
1920,29569,20260,1205,1,4022,134038,0,2018-06-01,2026-03-04,1,101,0,,1,,0,2025-10-22 00:00:00,2026-03-27 00:00:00
1921,29636,20646,1697,1,4022,154190,0,2021-10-22,2026-03-04,1,101,1,"uploads/document/1761104448_354f533ad75cbf2259c8.pdf,",1,,0,2025-10-22 00:00:00,2026-03-27 00:00:00
1922,29654,1128,1190,1,4007,57988,0,2020-10-22,2026-03-04,1,101,1,"uploads/document/1761108971_b46e4f4e8c4eeb1c22dc.pdf,",1,,0,2025-10-22 00:00:00,2026-03-27 00:00:00
1923,29682,20245,1698,2,,,0,2024-07-01,2026-03-04,1,,1,,1,,0,2025-10-22 00:00:00,2026-03-27 00:00:00
1924,29695,531,1061,1,4013,58000,0,2015-04-22,2026-03-04,1,101,0,,1,,0,2025-10-22 00:00:00,2026-03-27 00:00:00
1925,29695,512,1337,1,4013,58000,0,2018-05-05,2026-03-04,1,101,1,,1,,0,2025-10-22 00:00:00,2026-03-27 00:00:00
1926,29695,21010,1645,1,4013,58000,0,2013-04-01,2026-03-04,1,101,0,,1,,0,2025-10-22 00:00:00,2026-03-27 00:00:00
1927,29938,21011,1184,1,4007,132032,0,2008-10-22,2026-03-04,1,101,1,,1,,0,2025-10-23 00:00:00,2026-03-27 00:00:00
1928,29958,1183,1699,1,4022,134136,0,2016-10-22,2026-03-04,1,101,0,,1,,0,2025-10-23 00:00:00,2026-03-27 00:00:00
1929,30010,1071,1185,1,4022,131851,0,2015-07-01,2026-03-04,1,101,1,,1,,0,2025-10-23 00:00:00,2026-03-27 00:00:00
1930,30021,21012,1221,1,4008,133504,0,2010-06-11,2026-03-04,1,101,1,"uploads/document/1761199876_9f422e8794d053d743a2.pdf,",1,,0,2025-10-23 00:00:00,2026-03-27 00:00:00
1931,30030,868,1550,1,4853,154192,0,2021-08-15,2026-03-04,1,101,1,,1,,0,2025-10-23 00:00:00,2026-03-27 00:00:00
1932,30002,21014,1699,1,4022,154135,0,2001-07-01,2026-03-04,1,101,0,"uploads/document/1761202510_e021ede2922072e721d9.jpeg,",1,,0,2025-10-23 00:00:00,2026-03-27 00:00:00
1933,30002,21013,1184,1,4022,132384,0,2005-07-01,2026-03-04,1,101,0,"uploads/document/1761201324_23f9f6482f5a914de4d0.jpeg,",1,,0,2025-10-23 00:00:00,2026-03-27 00:00:00
1934,30041,1071,1550,1,4022,57833,0,2006-07-01,2026-03-04,1,101,0,"uploads/document/1761201716_d832a9132a07e265c58a.jpg,",1,,0,2025-10-23 00:00:00,2026-03-27 00:00:00
1935,30048,714,1340,1,4012,132132,0,2003-03-23,2026-03-04,1,101,1,,1,,0,2025-10-23 00:00:00,2026-03-27 00:00:00
1936,30041,747,1524,1,4022,57833,0,2009-07-01,2026-03-04,1,101,1,"uploads/document/1761202317_c849c4982ac908903185.jpg,",1,,0,2025-10-23 00:00:00,2026-03-27 00:00:00
1937,30002,20731,1646,1,4022,132384,0,2000-07-01,2026-03-04,1,101,0,"uploads/document/1761202796_a971b9f1217302d10cd6.jpeg,",1,,0,2025-10-23 00:00:00,2026-03-27 00:00:00
1938,30055,21015,1604,1,4027,154193,0,2023-01-12,2026-03-04,1,101,0,"uploads/document/1761202930_88834b3cf5854dd5f455.jpg,",1,,0,2025-10-23 00:00:00,2026-03-27 00:00:00
1939,30002,21016,1220,1,4022,132384,0,1998-07-01,2026-03-04,1,101,0,"uploads/document/1761203117_42df49d0e2e8558e1194.jpeg,",1,,0,2025-10-23 00:00:00,2026-03-27 00:00:00
1940,30075,20323,1561,1,4014,132201,0,2022-07-05,2026-03-04,1,101,1,,1,,0,2025-10-23 00:00:00,2026-03-27 00:00:00
1941,30055,21017,1701,1,4027,154193,0,2021-02-08,2026-03-04,1,101,1,"uploads/document/1761203664_e83c7fff08c2747af4db.jpg,",1,,0,2025-10-23 00:00:00,2026-03-27 00:00:00
1942,25973,597,1185,1,4014,131908,0,2021-08-12,2026-03-04,1,101,0,"uploads/document/1761209051_b35bbf11352486ea4da2.pdf,",1,,0,2025-10-23 00:00:00,2026-03-27 00:00:00
1943,30112,560,1184,2,,,0,2010-08-08,2026-03-04,1,,1,,1,,0,2025-10-23 00:00:00,2026-03-27 00:00:00
1944,30215,561,1184,1,4015,132980,0,2012-08-11,2026-03-04,1,101,1,,1,,0,2025-10-23 00:00:00,2026-03-27 00:00:00
1945,30229,21019,1561,1,4014,57649,0,2022-10-23,2026-03-04,1,101,1,,1,,0,2025-10-23 00:00:00,2026-03-27 00:00:00
1946,30234,228,1185,1,4007,131853,0,2022-09-19,2026-03-04,1,101,1,"uploads/document/1761228508_f68f7373a029361b5601.pdf,",1,,0,2025-10-23 00:00:00,2026-03-27 00:00:00
1947,30263,21020,1233,1,4030,57606,0,2009-04-01,2026-03-04,1,101,0,,1,,0,2025-10-23 00:00:00,2026-03-27 00:00:00
1948,30263,170,1704,1,4030,57606,0,2012-06-01,2026-03-04,1,101,1,,1,,0,2025-10-23 00:00:00,2026-03-27 00:00:00
1949,30280,1087,1185,1,4015,132472,0,2022-04-23,2026-03-04,1,101,1,"uploads/document/1761233501_fe3200cab2519f28e670.jpeg,",1,,0,2025-10-23 00:00:00,2026-03-27 00:00:00
1950,28229,733,1256,1,4022,134327,0,2014-05-15,2026-03-04,1,101,0,,1,,0,2025-10-23 00:00:00,2026-03-27 00:00:00
1951,30331,493,1225,1,4010,154194,0,2013-07-01,2026-03-04,1,101,0,,1,,0,2025-10-23 00:00:00,2026-03-27 00:00:00
1952,30331,21021,1203,1,4029,58139,0,2017-06-06,2026-03-04,1,101,0,,1,,0,2025-10-23 00:00:00,2026-03-27 00:00:00
1953,30398,482,1705,1,4008,133024,0,2021-12-01,2026-03-04,1,101,0,,1,,0,2025-10-24 00:00:00,2026-03-27 00:00:00
1954,30398,21022,1312,1,4030,154157,0,2014-06-02,2026-03-04,1,101,0,,1,,0,2025-10-24 00:00:00,2026-03-27 00:00:00
1955,30437,778,1213,1,4022,131953,0,2020-07-01,2026-03-04,1,101,0,,1,,0,2025-10-24 00:00:00,2026-03-27 00:00:00
1956,30437,16584,1220,1,4022,131953,0,2017-07-01,2026-03-04,1,101,0,,1,,0,2025-10-24 00:00:00,2026-03-27 00:00:00
1957,30437,16584,1219,1,4022,131953,0,2019-07-01,2026-03-04,1,101,0,,1,,0,2025-10-24 00:00:00,2026-03-27 00:00:00
1958,30451,805,207,1,4022,132782,0,2022-07-13,2026-03-04,1,101,1,,1,,0,2025-10-24 00:00:00,2026-03-27 00:00:00
1959,30449,482,1256,1,4008,133024,0,2011-05-01,2026-03-04,1,101,1,"uploads/document/1761285913_0e4dc07765f8de6ae5e2.jpg,",1,,0,2025-10-24 00:00:00,2026-03-27 00:00:00
1960,30526,20764,1198,1,4021,154147,0,2021-07-07,2026-03-04,1,101,1,,1,,0,2025-10-24 00:00:00,2026-03-27 00:00:00
1961,30530,5,1544,1,4022,57601,0,2014-07-02,2026-03-04,1,101,1,,1,,0,2025-10-24 00:00:00,2026-03-27 00:00:00
1962,30588,92,1210,1,4008,147751,0,2018-06-05,2026-03-04,1,101,1,,1,,0,2025-10-24 00:00:00,2026-03-27 00:00:00
1963,30626,5,1192,1,4022,132782,0,2023-07-04,2026-03-04,1,101,1,,1,,0,2025-10-24 00:00:00,2026-03-27 00:00:00
1964,30688,560,1300,1,4015,132785,0,2008-08-01,2026-03-04,1,101,1,,1,,0,2025-10-24 00:00:00,2026-03-27 00:00:00
1965,30753,20384,1221,1,4022,58093,0,2020-05-01,2026-03-04,1,101,0,,1,,0,2025-10-24 00:00:00,2026-03-27 00:00:00
1966,30753,21024,1094,1,4022,58093,0,2024-07-01,2026-03-04,1,101,1,,1,,0,2025-10-24 00:00:00,2026-03-27 00:00:00
1967,30790,271,1221,1,4016,131676,0,2011-08-23,2026-03-04,1,101,1,"uploads/document/1761328197_a9f9909d8f9572d9e444.jpg,",1,,0,2025-10-24 00:00:00,2026-03-27 00:00:00
1968,9901,21025,1407,1,4021,133210,0,2024-09-01,2026-03-04,1,101,1,,1,,0,2025-10-25 00:00:00,2026-03-27 00:00:00
1969,30837,4955,1255,1,4853,142001,0,2013-09-01,2026-03-04,1,101,1,,1,,0,2025-10-25 00:00:00,2026-03-27 00:00:00
1970,30850,11981,1642,1,,,0,2013-06-25,2026-03-04,1,101,0,,1,,0,2025-10-25 00:00:00,2026-03-27 00:00:00
1971,30850,11981,1642,1,,,0,2013-06-25,2026-03-04,1,101,0,,1,,0,2025-10-25 00:00:00,2026-03-27 00:00:00
1972,30886,21026,1205,1,4037,57915,0,2015-04-01,2026-03-04,1,101,0,,1,,0,2025-10-25 00:00:00,2026-03-27 00:00:00
1973,30886,21026,1198,1,4037,57915,0,2016-04-30,2026-03-04,1,101,0,,1,,0,2025-10-25 00:00:00,2026-03-27 00:00:00
1974,30886,60,1185,1,4037,50859,0,2024-07-01,2026-03-04,1,101,0,,1,,0,2025-10-25 00:00:00,2026-03-27 00:00:00
1975,30899,20595,1615,1,4853,154196,0,2009-06-06,2026-03-04,1,101,0,,1,,0,2025-10-25 00:00:00,2026-03-27 00:00:00
1976,30899,20261,1706,1,,,0,2014-06-01,2026-03-04,1,,0,,1,,0,2025-10-25 00:00:00,2026-03-27 00:00:00
1977,30933,20731,1198,1,4022,132782,0,2020-07-14,2026-03-04,1,101,1,,1,,0,2025-10-25 00:00:00,2026-03-27 00:00:00
1978,26671,20245,1233,2,,,0,2025-07-15,2026-03-04,1,,0,,1,,0,2025-10-25 00:00:00,2026-03-27 00:00:00
1979,26671,21027,1249,2,,,0,2022-11-14,2026-03-04,1,,1,"uploads/document/1761371285_820c15a0919beb028ea5.jpg,",1,,0,2025-10-25 00:00:00,2026-03-27 00:00:00
1980,30925,20245,1260,2,,,0,2025-05-14,2026-03-04,1,,0,,1,,0,2025-10-25 00:00:00,2026-03-27 00:00:00
1981,30925,20687,1585,1,4021,154098,0,2018-08-21,2026-03-04,1,101,0,,1,,0,2025-10-25 00:00:00,2026-03-27 00:00:00
1982,30925,6111,1219,1,4021,154198,0,2017-05-10,2026-03-04,1,101,0,,1,,0,2025-10-25 00:00:00,2026-03-27 00:00:00
1983,165,729,1695,1,4022,57640,0,2021-06-01,2026-03-04,1,101,0,"uploads/document/1761374548_baee79d79fc6623a73e7.jpg,",1,,0,2025-10-25 00:00:00,2026-03-27 00:00:00
1984,165,744,1215,1,4022,57640,0,2010-06-15,2026-03-04,1,101,0,"uploads/document/1761374671_45f1ab07d33ee1334572.pdf,",1,,0,2025-10-25 00:00:00,2026-03-27 00:00:00
1985,165,805,1185,1,4022,147429,0,2004-06-01,2026-03-04,1,101,0,"uploads/document/1761374886_ffd79db9ea8fcd929089.pdf,",1,,0,2025-10-25 00:00:00,2026-03-27 00:00:00
1986,30987,20080,1219,1,4853,141966,0,2022-04-10,2026-03-04,1,101,1,,1,,0,2025-10-25 00:00:00,2026-03-27 00:00:00
1987,30989,836,1303,1,4016,131676,0,2020-09-01,2026-03-04,1,101,1,,1,,0,2025-10-25 00:00:00,2026-03-27 00:00:00
1988,31012,20731,1198,1,4022,132384,0,2018-07-03,2026-03-04,1,101,1,,1,,0,2025-10-25 00:00:00,2026-03-27 00:00:00
1989,31016,20731,1206,1,4021,154145,0,2019-07-10,2026-03-04,1,101,1,,1,,0,2025-10-25 00:00:00,2026-03-27 00:00:00
1990,30965,21032,1221,1,4014,132097,0,2001-07-01,2026-03-04,1,101,1,,1,,0,2025-10-25 00:00:00,2026-03-27 00:00:00
1991,31040,5,1210,1,4039,133054,0,2020-07-07,2026-03-04,1,101,1,,1,,0,2025-10-25 00:00:00,2026-03-27 00:00:00
1992,31055,20425,1241,1,4040,57981,0,2013-08-05,2026-03-04,1,101,0,"uploads/document/1761393014_1aa2b6499066808e4787.jpg,",1,,0,2025-10-25 00:00:00,2026-03-27 00:00:00
1993,31055,21033,1205,1,4040,57969,0,2010-07-01,2026-03-04,1,101,0,"uploads/document/1761393095_cf5b64bfcf2868266bf3.pdf,",1,,0,2025-10-25 00:00:00,2026-03-27 00:00:00
1994,31055,21033,1198,1,4040,57969,0,2012-07-01,2026-03-04,1,101,0,"uploads/document/1761393163_5e414cf4a0c23af5713e.pdf,",1,,0,2025-10-25 00:00:00,2026-03-27 00:00:00
1995,31054,21034,1556,1,4012,85474,0,2018-03-02,2026-03-04,1,101,1,,1,,0,2025-10-25 00:00:00,2026-03-27 00:00:00
1996,31067,217,1221,1,4007,132662,0,2019-10-25,2026-03-04,1,101,0,,1,,0,2025-10-25 00:00:00,2026-03-27 00:00:00
1997,30512,21035,1219,1,4020,132063,0,2017-04-01,2026-03-04,1,101,0,,1,,0,2025-10-25 00:00:00,2026-03-27 00:00:00
1998,30512,21036,1203,1,4020,132062,0,2018-08-01,2026-03-04,1,101,0,,1,,0,2025-10-25 00:00:00,2026-03-27 00:00:00
1999,30512,21037,1074,1,4020,132063,0,2021-09-01,2026-03-04,1,101,1,,1,,0,2025-10-25 00:00:00,2026-03-27 00:00:00
2000,30554,21038,1410,1,,,0,2024-08-12,2026-03-04,1,,1,,1,,0,2025-10-25 00:00:00,2026-03-27 00:00:00
2001,30512,21039,1205,1,4020,132062,0,2015-04-01,2026-03-04,1,101,0,,1,,0,2025-10-25 00:00:00,2026-03-27 00:00:00
2002,31082,20731,1198,1,4022,154135,0,2016-07-05,2026-03-04,1,101,1,,1,,0,2025-10-25 00:00:00,2026-03-27 00:00:00
2003,31088,21041,1213,1,4040,58055,0,2022-10-25,2026-03-04,1,101,1,"uploads/document/1761398903_4e13958d4cf33b5d42a0.jpg,",1,,0,2025-10-25 00:00:00,2026-03-27 00:00:00
2004,31110,61,1213,1,4037,132417,0,2019-07-09,2026-03-04,1,101,1,,1,,0,2025-10-25 00:00:00,2026-03-27 00:00:00
2005,29656,20687,1552,2,,,0,2020-12-29,2026-03-04,1,,1,,1,,0,2025-10-25 00:00:00,2026-03-27 00:00:00
2006,30148,738,1585,1,4022,132837,0,2018-07-01,2026-03-04,1,101,1,,1,,0,2025-10-25 00:00:00,2026-03-27 00:00:00
2007,28113,429,1615,1,4021,154084,0,2022-02-01,2026-03-04,1,101,1,,1,,0,2025-10-25 00:00:00,2026-03-27 00:00:00
2008,31159,21042,1710,1,4039,57995,0,2015-07-17,2026-03-04,1,101,1,,1,,0,2025-10-25 00:00:00,2026-03-27 00:00:00
2009,26667,420,1202,1,4039,57995,0,2011-07-01,2026-03-04,1,101,1,,1,,0,2025-10-26 00:00:00,2026-03-27 00:00:00
2010,31244,753,1512,1,4022,132941,0,2022-08-10,2026-03-04,1,101,0,"uploads/document/1761446347_3b8d40c800d082045eb6.pdf,",1,,0,2025-10-26 00:00:00,2026-03-27 00:00:00
2011,31244,753,1552,1,4022,132941,0,2019-08-12,2026-03-04,1,101,0,,1,,0,2025-10-26 00:00:00,2026-03-27 00:00:00
2012,31337,225,1373,1,4007,,0,2016-06-01,2026-03-04,1,101,1,,1,,0,2025-10-26 00:00:00,2026-03-27 00:00:00
2013,31346,21043,1302,1,4021,131679,0,2023-03-01,2026-03-04,1,101,1,,1,,0,2025-10-26 00:00:00,2026-03-27 00:00:00
2014,31353,21044,1711,1,4021,133210,0,2020-06-04,2026-03-04,1,101,0,,1,,0,2025-10-26 00:00:00,2026-03-27 00:00:00
2015,31353,21045,1517,1,4007,133647,0,2021-06-25,2026-03-04,1,101,0,,1,,0,2025-10-26 00:00:00,2026-03-27 00:00:00
2016,31260,730,1679,2,,,0,2023-08-01,2026-03-04,1,,1,,1,,0,2025-10-26 00:00:00,2026-03-27 00:00:00
2017,31456,21046,1209,1,4022,132958,0,2003-10-26,2026-03-04,1,101,1,,1,,0,2025-10-26 00:00:00,2026-03-27 00:00:00
2018,31459,21047,1539,1,4014,57964,0,2013-07-01,2026-03-04,1,101,0,,1,,0,2025-10-26 00:00:00,2026-03-27 00:00:00
2019,31459,590,1225,1,4014,57964,0,2010-07-01,2026-03-04,1,101,1,,1,,0,2025-10-26 00:00:00,2026-03-27 00:00:00
2020,31461,21048,1220,1,4020,132063,0,2015-04-01,2026-03-04,1,101,0,,1,,0,2025-10-26 00:00:00,2026-03-27 00:00:00
2021,31461,21048,1219,1,4020,132063,0,2017-04-01,2026-03-04,1,101,0,,1,,0,2025-10-26 00:00:00,2026-03-27 00:00:00
2022,31461,255,1192,1,4020,132063,0,2018-08-01,2026-03-04,1,101,0,,1,,0,2025-10-26 00:00:00,2026-03-27 00:00:00
2023,31471,20829,1712,1,4030,132045,0,2023-08-26,2026-03-04,1,101,1,,1,,0,2025-10-26 00:00:00,2026-03-27 00:00:00
2024,31510,590,1215,2,,,0,2019-07-01,2026-03-04,1,,1,,1,,0,2025-10-26 00:00:00,2026-03-27 00:00:00
2025,31535,72,1187,1,,,0,2019-05-26,2026-03-04,1,,1,,1,,0,2025-10-26 00:00:00,2026-03-27 00:00:00
2026,31575,747,1713,1,4021,154084,0,1992-10-01,2026-03-04,1,101,0,,1,,0,2025-10-26 00:00:00,2026-03-27 00:00:00
2027,31585,16487,1220,1,4030,154157,0,2020-04-01,2026-03-04,1,101,0,,1,,0,2025-10-26 00:00:00,2026-03-27 00:00:00
2028,31581,389,1261,1,4022,132782,0,2021-07-01,2026-03-04,1,101,1,"uploads/document/1761495246_c422e0c81abba3d25be4.pdf,",1,,0,2025-10-26 00:00:00,2026-03-27 00:00:00
2029,31586,738,368,2,,,0,2024-07-04,2026-03-04,1,,1,,1,,0,2025-10-26 00:00:00,2026-03-27 00:00:00
2030,31629,20848,1695,1,4022,132958,0,2022-10-25,2026-03-04,1,101,0,,1,,0,2025-10-26 00:00:00,2026-03-27 00:00:00
2031,31629,20848,1240,1,4022,132958,0,2020-10-26,2026-03-04,1,101,0,,1,,0,2025-10-26 00:00:00,2026-03-27 00:00:00
2032,31629,20848,1221,1,4022,132958,0,2017-10-26,2026-03-04,1,101,0,,1,,0,2025-10-26 00:00:00,2026-03-27 00:00:00
2033,31618,801,1206,2,,,0,2020-05-05,2026-03-04,1,,1,,1,,0,2025-10-27 00:00:00,2026-03-27 00:00:00
2034,31631,72,1550,1,4037,133052,0,2021-04-01,2026-03-04,1,101,1,"uploads/document/1761504782_bee2bae6a978eb14d7b2.pdf,",1,,0,2025-10-27 00:00:00,2026-03-27 00:00:00
2035,31674,21049,1642,1,4022,132782,0,2012-07-13,2026-03-04,1,101,1,,1,,0,2025-10-27 00:00:00,2026-03-27 00:00:00
2036,31702,21050,1215,1,4014,132201,0,2023-08-01,2026-03-04,1,101,1,,1,,0,2025-10-27 00:00:00,2026-03-27 00:00:00
2037,31530,20750,1220,1,4037,133386,0,2010-03-02,2026-03-04,1,101,1,"uploads/document/1761540278_85a09ca9878f517cf7c0.jpg,",1,,0,2025-10-27 00:00:00,2026-03-27 00:00:00
2038,31748,21051,1220,1,4022,132564,0,2021-07-01,2026-03-04,1,101,1,"uploads/document/1761546170_2184fddc46d6fbbc5bc5.jpg,",1,,0,2025-10-27 00:00:00,2026-03-27 00:00:00
2039,31732,225,1215,2,,,0,2008-07-01,2026-03-04,1,,0,,1,,0,2025-10-27 00:00:00,2026-03-27 00:00:00
2040,31732,225,1221,1,,,0,2002-07-01,2026-03-04,1,101,1,,1,,0,2025-10-27 00:00:00,2026-03-27 00:00:00
2041,31777,361,134,1,4022,132782,0,2020-10-01,2026-03-04,1,101,1,,1,,0,2025-10-27 00:00:00,2026-03-27 00:00:00
2042,31789,21052,1714,1,4035,131517,0,2005-08-17,2026-03-04,1,101,1,,1,,0,2025-10-27 00:00:00,2026-03-27 00:00:00
2043,31798,136,1210,1,4021,154145,0,2020-07-14,2026-03-04,1,101,1,,1,,0,2025-10-27 00:00:00,2026-03-27 00:00:00
2044,31801,1177,1300,1,4007,131853,0,2020-09-01,2026-03-04,1,101,0,,1,,0,2025-10-27 00:00:00,2026-03-27 00:00:00
2045,31802,212,75,1,4021,132032,0,2021-07-07,2026-03-04,1,101,1,,1,,0,2025-10-27 00:00:00,2026-03-27 00:00:00
2046,31811,300,1187,1,4025,131715,0,2007-05-01,2026-03-04,1,101,0,,1,,0,2025-10-27 00:00:00,2026-03-27 00:00:00
2047,31811,1160,1715,2,,,0,2014-04-01,2026-03-04,1,,1,,1,,0,2025-10-27 00:00:00,2026-03-27 00:00:00
2048,31840,21053,1187,1,4022,134285,0,2018-07-01,2026-03-04,1,101,1,,1,,0,2025-10-27 00:00:00,2026-03-27 00:00:00
2049,22556,20247,1209,1,4022,154135,0,2013-06-29,2026-03-04,1,101,1,,1,,0,2025-10-27 00:00:00,2026-03-27 00:00:00
2050,31876,21054,1552,1,4021,,0,2021-08-01,2026-03-04,1,101,0,,1,,0,2025-10-27 00:00:00,2026-03-27 00:00:00
2051,31890,20777,1206,1,4021,132032,0,2020-07-07,2026-03-04,1,101,1,,1,,0,2025-10-27 00:00:00,2026-03-27 00:00:00
2052,31906,156,1585,1,4030,154157,0,2012-06-27,2026-03-04,1,101,1,,1,,0,2025-10-27 00:00:00,2026-03-27 00:00:00
2053,30390,21055,1220,1,4016,133701,0,2008-07-01,2026-03-04,1,101,0,,1,,0,2025-10-27 00:00:00,2026-03-27 00:00:00
2054,30390,21055,1219,1,4016,133701,0,2010-07-01,2026-03-04,1,101,1,,1,,0,2025-10-27 00:00:00,2026-03-27 00:00:00
2055,31904,20860,1642,1,4014,131867,0,2018-06-01,2026-03-04,1,101,1,"uploads/document/1761569597_eb0d292e375789f8f12f.pdf,",1,,0,2025-10-27 00:00:00,2026-03-27 00:00:00
2056,30170,543,1184,2,,,0,2023-07-01,2026-03-04,1,,0,,1,,0,2025-10-27 00:00:00,2026-03-27 00:00:00
2057,30170,21056,1233,1,4015,147476,0,2019-07-01,2026-03-04,1,101,0,,1,,0,2025-10-27 00:00:00,2026-03-27 00:00:00
2058,31958,16,1202,1,4017,134187,0,2021-12-10,2026-03-04,1,101,1,,1,,0,2025-10-27 00:00:00,2026-03-27 00:00:00
2059,31983,1188,1717,1,4007,131853,0,2015-04-01,2026-03-04,1,101,1,,1,,0,2025-10-27 00:00:00,2026-03-27 00:00:00
2060,31988,69,1552,1,4037,841301,0,2005-06-01,2026-03-04,1,101,1,,1,,0,2025-10-27 00:00:00,2026-03-27 00:00:00
2061,32007,755,1450,1,4022,132384,0,2020-12-10,2026-03-04,1,101,1,,1,,0,2025-10-27 00:00:00,2026-03-27 00:00:00
2062,32066,5028,1512,1,4008,58192,0,2009-07-01,2026-03-04,1,101,1,,1,,0,2025-10-27 00:00:00,2026-03-27 00:00:00
2063,21460,20247,1221,1,4022,132384,0,2008-04-05,2026-03-04,1,101,0,,1,,0,2025-10-28 00:00:00,2026-03-27 00:00:00
2064,32096,21057,1642,1,4039,57942,0,2014-07-15,2026-03-04,1,101,0,,1,,0,2025-10-28 00:00:00,2026-03-27 00:00:00
2065,32096,21058,1220,1,4039,57942,0,2010-07-15,2026-03-04,1,101,0,,1,,0,2025-10-28 00:00:00,2026-03-27 00:00:00
2066,32152,20853,1220,1,4039,131532,0,2017-07-01,2026-03-04,1,101,0,"uploads/document/1761624530_88dbe67dcb59ad4ad869.jpg,",1,,0,2025-10-28 00:00:00,2026-03-27 00:00:00
2067,32152,20853,1219,1,4039,131532,0,2019-03-01,2026-03-04,1,101,0,"uploads/document/1761624695_77e31ba9bfe9c4ad6251.jpg,",1,,0,2025-10-28 00:00:00,2026-03-27 00:00:00
2068,32152,404,1192,1,4039,131532,0,2020-03-01,2026-03-04,1,101,1,"uploads/document/1761624974_ab3dc32cd1efae4347bf.jpg,",1,,0,2025-10-28 00:00:00,2026-03-27 00:00:00
2069,31846,140,1233,1,4030,132317,0,2021-06-01,2026-03-04,1,101,0,,1,,0,2025-10-28 00:00:00,2026-03-27 00:00:00
2070,31846,832,1184,1,4030,132317,0,2024-06-12,2026-03-04,1,101,1,,1,,0,2025-10-28 00:00:00,2026-03-27 00:00:00
2071,32226,61,1340,1,4037,133386,0,2016-07-05,2026-03-04,1,101,1,,1,,0,2025-10-28 00:00:00,2026-03-27 00:00:00
2072,32272,5,57,1,4026,132182,0,2021-07-06,2026-03-04,1,101,1,,1,,0,2025-10-28 00:00:00,2026-03-27 00:00:00
2073,32270,20874,1233,1,4014,57614,0,2011-07-10,2026-03-04,1,101,0,,1,,0,2025-10-28 00:00:00,2026-03-27 00:00:00
2074,32270,5,1349,1,4014,57614,0,2020-12-20,2026-03-04,1,101,0,,1,,0,2025-10-28 00:00:00,2026-03-27 00:00:00
2075,32313,630,1699,1,4007,133272,0,2012-10-28,2026-03-04,1,101,1,,1,,0,2025-10-28 00:00:00,2026-03-27 00:00:00
2076,32321,772,1688,1,4022,133705,0,2022-08-01,2026-03-04,1,101,0,"uploads/document/1761642508_16ded470fa868323f26d.pdf,",1,,0,2025-10-28 00:00:00,2026-03-27 00:00:00
2077,32321,21064,1646,1,4022,133705,0,2021-06-15,2026-03-04,1,101,0,,1,,0,2025-10-28 00:00:00,2026-03-27 00:00:00
2078,32321,21063,1220,1,4022,133705,0,2019-07-15,2026-03-04,1,101,0,"uploads/document/1761642985_036a46fcea3c67e2ec9b.jpg,",1,,0,2025-10-28 00:00:00,2026-03-27 00:00:00
2079,32321,20353,1577,1,4022,133705,0,2021-07-15,2026-03-04,1,101,0,"uploads/document/1761643282_198cbcbc851597b4f750.jpg,",1,,0,2025-10-28 00:00:00,2026-03-27 00:00:00
2080,32341,714,1187,1,4012,132132,0,2008-06-01,2026-03-04,1,101,1,,1,,0,2025-10-28 00:00:00,2026-03-27 00:00:00
2081,32348,257,1187,1,4020,133985,0,2018-05-25,2026-03-04,1,101,1,,1,,0,2025-10-28 00:00:00,2026-03-27 00:00:00
2082,32356,1060,1221,1,4039,132166,0,2010-06-01,2026-03-04,1,101,1,,1,,0,2025-10-28 00:00:00,2026-03-27 00:00:00
2083,32383,20736,1220,1,4022,154135,0,2011-06-28,2026-03-04,1,101,0,"uploads/document/1761650668_79756c6d7e33b00b8d7a.jpg,",1,,0,2025-10-28 00:00:00,2026-03-27 00:00:00
2084,32383,20736,1642,1,4022,154135,0,2013-08-28,2026-03-04,1,101,0,"uploads/document/1761651107_2b5d45592f60c1fe5535.jpg,",1,,0,2025-10-28 00:00:00,2026-03-27 00:00:00
2085,32383,20247,1699,1,4022,154135,0,2014-08-28,2026-03-04,1,101,0,,1,,0,2025-10-28 00:00:00,2026-03-27 00:00:00
2086,32383,21065,1326,1,4022,154135,0,2018-06-01,2026-03-04,1,101,0,"uploads/document/1761651705_fce16d4c5a75f2471cb9.pdf,",1,,0,2025-10-28 00:00:00,2026-03-27 00:00:00
2087,32383,20247,1695,1,4022,154205,0,2020-08-28,2026-03-04,1,101,0,"uploads/document/1761651888_c3c212f2ede7f606e1e4.jpg,",1,,0,2025-10-28 00:00:00,2026-03-27 00:00:00
2088,32383,21066,1650,1,4022,154135,0,2023-08-28,2026-03-04,1,101,0,"uploads/document/1761652201_4bac7d9edcb672e5400b.pdf,",1,,0,2025-10-28 00:00:00,2026-03-27 00:00:00
2089,32383,20483,1642,2,,,0,2025-01-29,2026-03-04,1,,1,"uploads/document/1761652899_aef78106eb0df0437cf9.pdf,",1,,0,2025-10-28 00:00:00,2026-03-27 00:00:00
2090,32408,20777,1210,1,4021,154147,0,2022-07-03,2026-03-04,1,101,1,,1,,0,2025-10-28 00:00:00,2026-03-27 00:00:00
2091,32440,20482,1302,1,4008,133024,0,2013-04-28,2026-03-04,1,101,0,"uploads/document/1761658529_a556322f52253e053293.jpeg,",1,,0,2025-10-28 00:00:00,2026-03-27 00:00:00
2092,32440,21067,1718,1,4008,133024,0,2016-08-01,2026-03-04,1,101,0,"uploads/document/1761658930_6b4f07e18b0384b1f88b.jpeg,",1,,0,2025-10-28 00:00:00,2026-03-27 00:00:00
2093,32436,8072,1188,1,4022,154135,0,2025-07-10,2026-03-04,1,101,0,,1,,0,2025-10-28 00:00:00,2026-03-27 00:00:00
2094,32436,20817,1719,2,,,0,2020-05-13,2026-03-04,1,,0,,1,,0,2025-10-28 00:00:00,2026-03-27 00:00:00
2095,32436,20965,376,2,,,0,2023-07-19,2026-03-04,1,,0,,1,,0,2025-10-28 00:00:00,2026-03-27 00:00:00
2096,32436,20400,50,2,,,0,2024-04-09,2026-03-04,1,,0,,1,,0,2025-10-28 00:00:00,2026-03-27 00:00:00
2097,32534,597,1240,1,4014,58156,0,2022-07-01,2026-03-04,1,101,1,,1,,0,2025-10-28 00:00:00,2026-03-27 00:00:00
2098,32511,20848,1185,1,4022,132958,0,2009-04-28,2026-03-04,1,101,1,,1,,0,2025-10-28 00:00:00,2026-03-27 00:00:00
2099,32559,309,1512,1,4026,57933,0,2023-12-18,2026-03-04,1,101,1,,1,,0,2025-10-28 00:00:00,2026-03-27 00:00:00
2100,32597,742,1561,1,4022,132378,0,2020-04-01,2026-03-04,1,101,1,,1,,0,2025-10-28 00:00:00,2026-03-27 00:00:00
2101,32703,20245,1233,1,4007,131853,0,2025-10-29,2026-03-04,1,101,1,,1,,0,2025-10-29 00:00:00,2026-03-27 00:00:00
2102,32734,143,1221,1,4030,57606,0,2016-11-16,2026-03-04,1,101,0,,1,,0,2025-10-29 00:00:00,2026-03-27 00:00:00
2103,32739,440,1303,1,4008,133815,0,2018-08-01,2026-03-04,1,101,1,,1,,0,2025-10-29 00:00:00,2026-03-27 00:00:00
2104,32732,20736,1205,1,4022,132313,0,2013-07-01,2026-03-04,1,101,0,,1,,0,2025-10-29 00:00:00,2026-03-27 00:00:00
2105,32732,20736,1646,1,4022,132313,0,2015-04-01,2026-03-04,1,101,0,,1,,0,2025-10-29 00:00:00,2026-03-27 00:00:00
2106,32732,21068,1641,1,4022,133051,0,2016-07-26,2026-03-04,1,101,1,,1,,0,2025-10-29 00:00:00,2026-03-27 00:00:00
2107,32789,3,14,1,4017,132189,0,2021-07-06,2026-03-04,1,101,1,,1,,0,2025-10-29 00:00:00,2026-03-27 00:00:00
2108,32795,5215,1720,1,4016,132058,0,2022-04-01,2026-03-04,1,101,1,,1,,0,2025-10-29 00:00:00,2026-03-27 00:00:00
2109,32847,597,1213,1,4014,58156,0,2007-06-14,2026-03-04,1,101,1,,1,,0,2025-10-29 00:00:00,2026-03-27 00:00:00
2110,32874,474,1206,1,4008,132412,0,1999-07-01,2026-03-04,1,101,1,,1,,0,2025-10-29 00:00:00,2026-03-27 00:00:00
2111,32898,511,1233,1,4013,58086,0,2022-07-15,2026-03-04,1,101,1,,1,,0,2025-10-29 00:00:00,2026-03-27 00:00:00
2112,32928,20777,1198,1,4021,154147,0,2020-08-04,2026-03-04,1,101,1,,1,,0,2025-10-29 00:00:00,2026-03-27 00:00:00
2113,32930,754,1221,1,4022,132976,0,2015-06-08,2026-03-04,1,101,1,,1,,0,2025-10-29 00:00:00,2026-03-27 00:00:00
2114,32935,20247,1206,1,4022,132385,0,2018-07-03,2026-03-04,1,101,1,,1,,0,2025-10-29 00:00:00,2026-03-27 00:00:00
2115,32952,20272,1642,1,4007,115211,0,2020-05-29,2026-03-04,1,101,1,,1,,0,2025-10-29 00:00:00,2026-03-27 00:00:00
2116,32956,21069,1642,1,4027,134134,0,2008-04-09,2026-03-04,1,101,0,,1,,0,2025-10-29 00:00:00,2026-03-27 00:00:00
2117,32956,21070,1197,1,4027,134134,0,2011-06-14,2026-03-04,1,101,0,,1,,0,2025-10-29 00:00:00,2026-03-27 00:00:00
2118,32956,21071,1287,1,4037,58100,0,2014-01-21,2026-03-04,1,101,1,,1,,0,2025-10-29 00:00:00,2026-03-27 00:00:00
2119,32972,21072,1233,1,4022,132941,0,2022-09-22,2026-03-04,1,101,1,,1,,0,2025-10-29 00:00:00,2026-03-27 00:00:00
2120,33055,21073,1721,1,4021,133230,0,2016-10-29,2026-03-04,1,101,1,,1,,0,2025-10-29 00:00:00,2026-03-27 00:00:00
2121,33072,863,1238,1,4853,142001,0,2016-06-01,2026-03-04,1,101,1,"uploads/document/1761754745_82513ab34efda80edda1.jpg,",1,,0,2025-10-29 00:00:00,2026-03-27 00:00:00
2122,33087,20532,1203,1,4030,154157,0,2013-08-01,2026-03-04,1,101,1,,1,,0,2025-10-29 00:00:00,2026-03-27 00:00:00
2123,33089,802,1185,1,4022,133001,0,2011-08-02,2026-03-04,1,101,1,,1,,0,2025-10-29 00:00:00,2026-03-27 00:00:00
2124,33168,99,1215,1,4014,132201,0,2023-09-15,2026-03-04,1,101,1,,1,,0,2025-10-30 00:00:00,2026-03-27 00:00:00
2125,33176,17307,1642,1,4030,132993,0,1998-10-01,2026-03-04,1,101,1,,1,,0,2025-10-30 00:00:00,2026-03-27 00:00:00
2126,33192,1,64,1,4039,132043,0,2020-07-14,2026-03-04,1,101,1,,1,,0,2025-10-30 00:00:00,2026-03-27 00:00:00
2127,33208,133,1550,1,4021,133234,0,2003-01-01,2026-03-04,1,101,1,,1,,0,2025-10-30 00:00:00,2026-03-27 00:00:00
2128,5645,601,1645,1,4008,133024,0,2007-06-11,2026-03-04,1,101,1,,1,,0,2025-10-30 00:00:00,2026-03-27 00:00:00
2129,33214,21078,1192,1,4021,154188,0,2018-07-10,2026-03-04,1,101,1,,1,,0,2025-10-30 00:00:00,2026-03-27 00:00:00
2130,33255,73,1512,1,4037,57766,0,2022-06-01,2026-03-04,1,101,1,,1,,0,2025-10-30 00:00:00,2026-03-27 00:00:00
2131,33264,18664,1225,1,4021,154094,0,1995-05-01,2026-03-04,1,101,1,"uploads/document/1761849370_9d46d2e89aced200c5b8.pdf,uploads/document/1761849370_595fe2fe2e5f55bc9369.pdf,",1,,0,2025-10-31 00:00:00,2026-03-27 00:00:00
2132,33323,21079,1205,1,4022,6082,0,2021-02-01,2026-03-04,1,101,0,,1,,0,2025-10-31 00:00:00,2026-03-27 00:00:00
2133,33323,21080,1198,1,4022,132782,0,2024-02-15,2026-03-04,1,101,0,,1,,0,2025-10-31 00:00:00,2026-03-27 00:00:00
2134,33323,21081,1221,1,4022,132782,0,2025-06-01,2026-03-04,1,101,1,,1,,0,2025-10-31 00:00:00,2026-03-27 00:00:00
2135,33325,133,1427,1,4021,154084,0,2024-05-01,2026-03-04,1,101,0,,1,,0,2025-10-31 00:00:00,2026-03-27 00:00:00
2136,33325,21082,1723,1,4021,154084,0,2024-08-27,2026-03-04,1,101,1,,1,,0,2025-10-31 00:00:00,2026-03-27 00:00:00
2137,33336,21083,1613,1,4035,154209,0,2012-06-16,2026-03-04,1,101,0,,1,,0,2025-10-31 00:00:00,2026-03-27 00:00:00
2138,33336,1284,1326,2,,,0,2018-10-18,2026-03-04,1,,0,,1,,0,2025-10-31 00:00:00,2026-03-27 00:00:00
2139,33340,21057,1219,1,4039,133922,0,2020-07-01,2026-03-04,1,101,0,,1,,0,2025-10-31 00:00:00,2026-03-27 00:00:00
2140,33340,1172,1523,1,4039,133922,0,2022-07-01,2026-03-04,1,101,1,,1,,0,2025-10-31 00:00:00,2026-03-27 00:00:00
2141,33354,202,1221,1,4030,57967,0,2015-06-01,2026-03-04,1,101,1,,1,,0,2025-10-31 00:00:00,2026-03-27 00:00:00
2142,33359,11880,1219,1,4022,57601,0,2023-02-02,2026-03-04,1,101,1,"uploads/document/1761876350_3090f39d01e6866b287f.jpg,",1,,0,2025-10-31 00:00:00,2026-03-27 00:00:00
2143,33329,20245,1679,1,4021,154084,0,2008-05-01,2026-03-04,1,101,1,,1,,0,2025-10-31 00:00:00,2026-03-27 00:00:00
2144,33413,21084,1629,1,4022,57764,0,1991-07-08,2026-03-04,1,101,0,"uploads/document/1761886495_bb91c55d62f7cd7ebf71.pdf,",1,,0,2025-10-31 00:00:00,2026-03-27 00:00:00
2145,33413,21085,1205,1,4022,57764,0,1983-07-07,2026-03-04,1,101,0,"uploads/document/1761886670_1ee90232ca4d3b1c2f90.pdf,",1,,0,2025-10-31 00:00:00,2026-03-27 00:00:00
2146,33485,21086,1188,1,4030,57606,0,2019-06-01,2026-03-04,1,101,1,"uploads/document/1761888724_c9412529a048c820cce9.pdf,",1,,0,2025-10-31 00:00:00,2026-03-27 00:00:00
2147,33584,20568,1198,1,4021,154147,0,2020-07-14,2026-03-04,1,101,1,,1,,0,2025-10-31 00:00:00,2026-03-27 00:00:00
2148,33586,20777,1210,1,4021,132032,0,2020-07-07,2026-03-04,1,101,1,,1,,0,2025-10-31 00:00:00,2026-03-27 00:00:00
2149,33604,20568,1198,1,4021,132032,0,2021-07-05,2026-03-04,1,101,1,,1,,0,2025-10-31 00:00:00,2026-03-27 00:00:00
2150,33612,20777,1213,1,4021,154147,0,2021-07-06,2026-03-04,1,101,1,,1,,0,2025-10-31 00:00:00,2026-03-27 00:00:00
2151,33616,2,1206,1,4015,131918,0,2019-07-09,2026-03-04,1,101,1,,1,,0,2025-10-31 00:00:00,2026-03-27 00:00:00
2152,33629,21087,105,1,4026,57933,0,2023-01-31,2026-03-04,1,101,1,,1,,0,2025-10-31 00:00:00,2026-03-27 00:00:00
2153,33634,5,1221,1,4022,,0,2021-07-25,2026-03-04,1,101,0,,1,,0,2025-10-31 00:00:00,2026-03-27 00:00:00
2154,33634,389,1724,1,,,0,2023-07-24,2026-03-04,1,101,0,,1,,0,2025-10-31 00:00:00,2026-03-27 00:00:00
2155,33661,300,1221,1,4025,133606,0,2005-04-28,2026-03-04,1,101,1,"uploads/document/1761904086_f461318178c796c94502.jpg,",1,,0,2025-10-31 00:00:00,2026-03-27 00:00:00
2156,33679,9480,1642,1,4021,154094,0,2009-01-01,2026-03-04,1,101,0,,1,,0,2025-10-31 00:00:00,2026-03-27 00:00:00
2157,33679,21088,1042,1,4021,154094,0,2011-01-01,2026-03-04,1,101,1,,1,,0,2025-10-31 00:00:00,2026-03-27 00:00:00
2158,33733,21089,1223,1,4026,57933,0,2006-06-01,2026-03-04,1,101,1,"uploads/document/1761910563_5335b474e8f7af167282.pdf,",1,,0,2025-10-31 00:00:00,2026-03-27 00:00:00
2159,33744,874,1190,1,4853,141995,0,2022-07-14,2026-03-04,1,101,0,,1,,0,2025-10-31 00:00:00,2026-03-27 00:00:00
2160,33788,754,1233,1,4022,,0,2023-07-01,2026-03-04,1,101,1,,1,,0,2025-10-31 00:00:00,2026-03-27 00:00:00
2161,33796,753,1303,1,4022,132941,0,2020-08-03,2026-03-04,1,101,0,,1,,0,2025-10-31 00:00:00,2026-03-27 00:00:00
2162,33796,8767,1646,1,4022,132941,0,2019-04-02,2026-03-04,1,101,0,,1,,0,2025-10-31 00:00:00,2026-03-27 00:00:00
2163,33800,741,1729,1,4022,131676,0,1998-10-31,2026-03-04,1,101,1,,1,,0,2025-10-31 00:00:00,2026-03-27 00:00:00
2164,33828,550,1580,1,4015,57904,0,2022-09-01,2026-03-04,1,101,1,,1,,0,2025-10-31 00:00:00,2026-03-27 00:00:00
2165,33599,155,1093,1,4030,133679,0,2016-09-01,2026-03-04,1,101,1,,1,,0,2025-10-31 00:00:00,2026-03-27 00:00:00
2166,33864,401,1221,1,4039,132040,0,2011-09-01,2026-03-04,1,101,1,,1,,0,2025-10-31 00:00:00,2026-03-27 00:00:00
2167,33933,21090,1264,1,4007,154107,0,2015-07-01,2026-03-04,1,101,1,,1,,0,2025-11-01 00:00:00,2026-03-27 00:00:00
2168,33954,756,1221,1,4022,133001,0,2025-07-01,2026-03-04,1,101,0,,1,,0,2025-11-01 00:00:00,2026-03-27 00:00:00
2169,33954,21091,1219,1,4022,133001,0,2024-04-01,2026-03-04,1,101,0,,1,,0,2025-11-01 00:00:00,2026-03-27 00:00:00
2170,33954,21091,1220,1,4022,133001,0,2022-04-01,2026-03-04,1,101,0,,1,,0,2025-11-01 00:00:00,2026-03-27 00:00:00
2171,34019,512,1216,1,4013,58000,0,2015-08-01,2026-03-04,1,101,1,,1,,0,2025-11-01 00:00:00,2026-03-27 00:00:00
2172,34037,527,1186,1,4853,142001,0,1987-06-01,2026-03-04,1,101,1,,1,,0,2025-11-01 00:00:00,2026-03-27 00:00:00
2173,34052,20532,1092,1,4030,57695,0,2023-08-16,2026-03-04,1,101,1,"uploads/document/1761979108_56b495018560e65b9e38.pdf,",1,,0,2025-11-01 00:00:00,2026-03-27 00:00:00
2174,34050,20247,1576,1,4022,154135,0,2007-06-20,2026-03-04,1,101,1,,1,,0,2025-11-01 00:00:00,2026-03-27 00:00:00
2175,34069,20777,1221,1,4021,154147,0,2019-08-06,2026-03-04,1,101,1,,1,,0,2025-11-01 00:00:00,2026-03-27 00:00:00
2176,34090,93,1356,1,4016,132484,0,2021-07-05,2026-03-04,1,101,1,,1,,0,2025-11-01 00:00:00,2026-03-27 00:00:00
2177,27488,620,1255,1,4014,134086,0,2010-07-01,2026-03-04,1,101,1,,1,,0,2025-11-01 00:00:00,2026-03-27 00:00:00
2178,34136,20777,1206,1,4021,154147,0,2018-08-01,2026-03-04,1,101,1,,1,,0,2025-11-01 00:00:00,2026-03-27 00:00:00
2179,34171,21092,1285,1,4022,154121,0,2016-04-01,2026-03-04,1,101,0,,1,,0,2025-11-01 00:00:00,2026-03-27 00:00:00
2180,34171,21092,1284,1,4022,154121,0,2013-04-03,2026-03-04,1,101,0,,1,,0,2025-11-01 00:00:00,2026-03-27 00:00:00
2181,34171,21093,1221,1,4022,132782,0,2021-05-05,2026-03-04,1,101,1,,1,,0,2025-11-01 00:00:00,2026-03-27 00:00:00
2182,17463,21094,1560,1,4022,57601,0,2023-06-01,2026-03-04,1,101,1,,1,,0,2025-11-01 00:00:00,2026-03-27 00:00:00
2183,34217,5047,1730,1,4853,142088,0,2022-08-15,2026-03-04,1,101,1,,1,,0,2025-11-01 00:00:00,2026-03-27 00:00:00
2184,34233,20841,1220,1,4014,132201,0,2024-03-13,2026-03-04,1,101,1,"uploads/document/1762016766_84ef3e8ce390fd1ebf74.jpg,",1,,0,2025-11-01 00:00:00,2026-03-27 00:00:00
2185,34308,21095,1219,1,4014,132692,0,2022-03-10,2026-03-04,1,101,1,,1,,0,2025-11-02 00:00:00,2026-03-27 00:00:00
2186,34354,21096,1220,1,4028,131840,0,2011-03-01,2026-03-04,1,101,0,,1,,0,2025-11-02 00:00:00,2026-03-27 00:00:00
2187,34354,21096,1219,1,4028,131840,0,2012-03-01,2026-03-04,1,101,0,,1,,0,2025-11-02 00:00:00,2026-03-27 00:00:00
2188,34354,21097,1604,1,4028,131840,0,2017-06-01,2026-03-04,1,101,0,,1,,0,2025-11-02 00:00:00,2026-03-27 00:00:00
2189,34354,21098,1233,1,4028,131840,0,2014-08-18,2026-03-04,1,101,1,,1,,0,2025-11-02 00:00:00,2026-03-27 00:00:00
2190,34373,20872,1233,2,,,0,2013-07-01,2026-03-04,1,,1,,1,,0,2025-11-02 00:00:00,2026-03-27 00:00:00
2191,34373,21099,1562,1,4022,154135,0,2013-11-02,2026-03-04,1,101,0,,1,,0,2025-11-02 00:00:00,2026-03-27 00:00:00
2192,34380,871,1732,1,,,0,2013-11-02,2026-03-04,1,101,1,,1,,0,2025-11-02 00:00:00,2026-03-27 00:00:00
2193,34388,874,1552,1,4853,142023,0,2020-07-04,2026-03-04,1,101,0,,1,,0,2025-11-02 00:00:00,2026-03-27 00:00:00
2194,34408,20666,1457,1,4026,133098,0,2020-11-30,2026-03-04,1,101,1,,1,,0,2025-11-02 00:00:00,2026-03-27 00:00:00
2195,34423,361,1261,1,4022,131953,0,2013-07-02,2026-03-04,1,101,1,,1,,0,2025-11-02 00:00:00,2026-03-27 00:00:00
2196,15228,392,1184,1,,,0,2020-07-31,2026-03-04,1,,1,,1,,0,2025-11-02 00:00:00,2026-03-27 00:00:00
2197,34450,1176,1233,1,4022,132782,0,2024-08-05,2026-03-04,1,101,1,,1,,0,2025-11-02 00:00:00,2026-03-27 00:00:00
2198,34498,21101,1694,1,4030,133106,0,2023-06-01,2026-03-04,1,101,1,,1,,0,2025-11-02 00:00:00,2026-03-27 00:00:00
2199,34527,48,1192,1,4027,133130,0,2019-08-01,2026-03-04,1,101,1,,1,,0,2025-11-02 00:00:00,2026-03-27 00:00:00
2200,34716,20247,1221,1,4022,132384,0,2020-08-04,2026-03-04,1,101,1,,1,,0,2025-11-03 00:00:00,2026-03-27 00:00:00
2201,34763,20538,1215,1,4037,133386,0,2022-01-03,2026-03-04,1,101,0,"uploads/document/1762158726_241ad3613dc7f198617b.jpg,",1,,1,2025-11-03 00:00:00,2026-03-27 00:00:00
2202,34763,20538,1233,1,4037,133386,0,2018-01-03,2026-03-04,1,101,0,"uploads/document/1762158987_0064198828654f05f484.jpg,",1,,1,2025-11-03 00:00:00,2026-03-27 00:00:00
2203,34798,20777,1210,1,4021,154147,0,2019-07-16,2026-03-04,1,101,1,,1,,0,2025-11-03 00:00:00,2026-03-27 00:00:00
2204,34801,111,57,1,4021,154084,0,2023-02-03,2026-03-04,1,101,1,,1,,0,2025-11-03 00:00:00,2026-03-27 00:00:00
2205,34815,473,1560,1,4008,133177,0,2014-08-11,2026-03-04,1,101,1,,1,,0,2025-11-03 00:00:00,2026-03-27 00:00:00
2206,34831,21103,1645,1,,,0,2012-03-01,2026-03-04,1,,0,,1,,0,2025-11-03 00:00:00,2026-03-27 00:00:00
2207,34843,133,1221,1,4021,154084,0,2008-11-03,2026-03-04,1,101,1,,1,,0,2025-11-03 00:00:00,2026-03-27 00:00:00
2208,34862,20595,1552,1,4853,141966,0,2021-08-01,2026-03-04,1,101,1,"uploads/document/1762179480_29a0eae5085de6f3d81d.pdf,",1,,0,2025-11-03 00:00:00,2026-03-27 00:00:00
2209,34874,188,1093,1,4030,133679,0,2020-03-03,2026-03-04,1,101,0,,1,,0,2025-11-03 00:00:00,2026-03-27 00:00:00
2210,34884,21104,1219,1,4022,57640,0,2018-04-01,2026-03-04,1,101,1,,1,,0,2025-11-03 00:00:00,2026-03-27 00:00:00
2211,34977,361,1236,1,4022,132782,0,2020-11-22,2026-03-04,1,101,1,,1,,0,2025-11-03 00:00:00,2026-03-27 00:00:00
2212,24790,17750,1496,1,4037,133386,0,2003-04-11,2026-03-04,1,101,0,,1,,0,2025-11-04 00:00:00,2026-03-27 00:00:00
2213,24790,20750,1198,1,4037,133386,0,2012-04-01,2026-03-04,1,101,0,,1,,0,2025-11-04 00:00:00,2026-03-27 00:00:00
2214,24790,20929,1233,1,4037,133386,0,2014-06-01,2026-03-04,1,101,0,,1,,0,2025-11-04 00:00:00,2026-03-27 00:00:00
2215,24790,21105,1734,1,4037,133386,0,2020-08-01,2026-03-04,1,101,1,,1,,0,2025-11-04 00:00:00,2026-03-27 00:00:00
2216,35023,20650,1094,1,4853,141907,0,2009-08-01,2026-03-04,1,101,1,"uploads/document/1762214459_0f3a386527496a586489.pdf,",1,,0,2025-11-04 00:00:00,2026-03-27 00:00:00
2217,35109,21107,1100,1,,,0,2001-06-08,2026-03-04,1,101,0,,1,,0,2025-11-04 00:00:00,2026-03-27 00:00:00
2218,35113,1,1312,1,4021,154147,0,2020-08-02,2026-03-04,1,101,1,,1,,0,2025-11-04 00:00:00,2026-03-27 00:00:00
2219,35177,730,1223,2,,,0,2006-01-01,2026-03-04,1,,1,,1,,0,2025-11-04 00:00:00,2026-03-27 00:00:00
2220,35219,11157,1219,1,4022,134327,0,2024-04-01,2026-03-04,1,101,1,,1,,0,2025-11-04 00:00:00,2026-03-27 00:00:00
2221,35239,1232,1215,1,4014,134249,0,2013-07-18,2026-03-04,1,101,1,,1,,0,2025-11-04 00:00:00,2026-03-27 00:00:00
2222,35245,868,1736,1,4853,142001,0,2011-04-14,2026-03-04,1,101,1,,1,,0,2025-11-04 00:00:00,2026-03-27 00:00:00
2223,35286,189,1223,1,4030,134284,0,2023-08-01,2026-03-04,1,101,1,,1,,0,2025-11-04 00:00:00,2026-03-27 00:00:00
2224,35278,745,1186,1,4022,132958,0,2011-07-02,2026-03-04,1,101,1,,1,,0,2025-11-04 00:00:00,2026-03-27 00:00:00
2225,35321,1239,1215,1,4008,,0,2025-08-01,2026-03-04,1,101,1,,1,,0,2025-11-04 00:00:00,2026-03-27 00:00:00
2226,35353,747,1221,1,4022,57616,0,2018-07-01,2026-03-04,1,101,1,,1,,0,2025-11-04 00:00:00,2026-03-27 00:00:00
2227,35375,20842,1233,1,4007,133647,0,2010-04-04,2026-03-04,1,101,0,,1,,0,2025-11-04 00:00:00,2026-03-27 00:00:00
2228,35375,5639,1642,1,4007,131968,0,2009-04-04,2026-03-04,1,101,0,,1,,0,2025-11-04 00:00:00,2026-03-27 00:00:00
2229,35375,5253,1220,1,4007,131968,0,2007-04-04,2026-03-04,1,101,0,,1,,0,2025-11-04 00:00:00,2026-03-27 00:00:00
2230,35397,20247,1733,1,4022,154135,0,2023-05-04,2026-03-04,1,101,1,,1,,0,2025-11-04 00:00:00,2026-03-27 00:00:00
2231,35415,21026,1198,1,4037,58100,0,2017-04-05,2026-03-04,1,101,0,,1,,0,2025-11-05 00:00:00,2026-03-27 00:00:00
2232,35415,60,1217,1,4037,133386,0,2020-11-01,2026-03-04,1,101,1,,1,,0,2025-11-05 00:00:00,2026-03-27 00:00:00
2233,35473,21108,1219,1,4008,133141,0,2023-06-15,2026-03-04,1,101,1,,1,,0,2025-11-05 00:00:00,2026-03-27 00:00:00
2234,35482,527,1277,1,4013,132687,0,2013-03-01,2026-03-04,1,101,1,"uploads/document/1762318559_d13c7712a6a99b8c6268.pdf,",1,,0,2025-11-05 00:00:00,2026-03-27 00:00:00
2235,35510,20777,1192,1,4021,154147,0,2017-06-06,2026-03-04,1,101,1,,1,,0,2025-11-05 00:00:00,2026-03-27 00:00:00
2236,35514,184,1203,1,4030,134310,0,2020-07-15,2026-03-04,1,101,1,,1,,0,2025-11-05 00:00:00,2026-03-27 00:00:00
2237,35552,494,1187,1,4006,133870,0,2009-09-01,2026-03-04,1,101,1,,1,,0,2025-11-05 00:00:00,2026-03-27 00:00:00
2238,35567,21109,1219,1,4008,154224,0,2013-06-10,2026-03-04,1,101,1,,1,,0,2025-11-05 00:00:00,2026-03-27 00:00:00
2239,35618,20247,1561,1,4022,132384,0,2022-11-05,2026-03-04,1,101,1,,1,,0,2025-11-05 00:00:00,2026-03-27 00:00:00
2240,35630,20777,1219,1,4021,154147,0,2020-05-05,2026-03-04,1,101,1,,1,,0,2025-11-05 00:00:00,2026-03-27 00:00:00
2241,35672,21110,1733,1,4014,131614,0,2022-07-05,2026-03-04,1,101,0,,1,,0,2025-11-05 00:00:00,2026-03-27 00:00:00
2242,35671,1259,1184,1,4021,154223,0,2012-01-08,2026-03-04,1,101,1,,1,,0,2025-11-05 00:00:00,2026-03-27 00:00:00
2243,35670,21111,1198,1,4027,131762,0,2018-02-22,2026-03-04,1,101,0,,1,,0,2025-11-05 00:00:00,2026-03-27 00:00:00
2244,35670,21112,1629,1,4027,132039,0,2020-03-09,2026-03-04,1,101,1,,1,,0,2025-11-05 00:00:00,2026-03-27 00:00:00
2245,35689,21113,1260,1,4029,134020,0,2022-12-03,2026-03-04,1,101,0,,1,,0,2025-11-05 00:00:00,2026-03-27 00:00:00
2246,35689,21114,1737,1,4029,134020,0,2019-11-05,2026-03-04,1,101,0,,1,,0,2025-11-05 00:00:00,2026-03-27 00:00:00
2247,35726,21115,1186,1,4017,134187,0,2021-02-12,2026-03-04,1,101,1,"uploads/document/1762356634_dae3a5c5fab37a5be0e0.jpg,",1,,0,2025-11-05 00:00:00,2026-03-27 00:00:00
2248,35759,21116,1184,1,4039,133633,0,2021-11-17,2026-03-04,1,101,1,"uploads/document/1762362543_d2e6068f9cedf2bbf93d.pdf,",1,,0,2025-11-05 00:00:00,2026-03-27 00:00:00
2249,8050,745,1199,1,4022,132005,0,2022-10-16,2026-03-04,1,101,0,,1,,0,2025-11-06 00:00:00,2026-03-27 00:00:00
2250,9032,21117,1580,1,4013,58086,0,2020-11-02,2026-03-04,1,101,1,"uploads/document/1762397141_b74fb120211c1bf97621.pdf,",1,,0,2025-11-06 00:00:00,2026-03-27 00:00:00
2251,35852,20527,1202,1,4017,131575,0,2019-08-01,2026-03-04,1,101,1,,1,,0,2025-11-06 00:00:00,2026-03-27 00:00:00
2252,35863,18722,1185,1,,,0,2022-10-06,2026-03-04,1,,0,,1,,0,2025-11-06 00:00:00,2026-03-27 00:00:00
2253,35833,401,1209,1,4039,132040,0,2004-03-01,2026-03-04,1,101,0,,1,,0,2025-11-06 00:00:00,2026-03-27 00:00:00
2254,35833,560,1223,1,4039,132040,0,2008-09-01,2026-03-04,1,101,0,,1,,0,2025-11-06 00:00:00,2026-03-27 00:00:00
2255,35876,21118,1092,1,4008,132214,0,2021-01-27,2026-03-04,1,101,1,,1,,0,2025-11-06 00:00:00,2026-03-27 00:00:00
2256,35919,870,1209,1,4853,142001,0,2012-07-18,2026-03-04,1,101,1,,1,,0,2025-11-06 00:00:00,2026-03-27 00:00:00
2257,35941,21119,1220,1,4026,57933,0,2022-04-19,2026-03-04,1,101,1,,1,,0,2025-11-06 00:00:00,2026-03-27 00:00:00
2258,35967,728,1585,1,4022,154173,0,2021-11-01,2026-03-04,1,101,1,,1,,0,2025-11-06 00:00:00,2026-03-27 00:00:00
2259,36007,20777,1206,1,4021,154147,0,2018-04-03,2026-03-04,1,101,1,,1,,0,2025-11-06 00:00:00,2026-03-27 00:00:00
2260,36038,387,1585,1,4039,57995,0,2021-01-01,2026-03-04,1,101,1,"uploads/document/1762422087_0760450e28dfbd94583e.jpg,",1,,0,2025-11-06 00:00:00,2026-03-27 00:00:00
2261,36045,20986,1550,1,4037,133512,0,2022-03-10,2026-03-04,1,101,0,,1,,0,2025-11-06 00:00:00,2026-03-27 00:00:00
2262,36056,21120,1433,1,4030,154157,0,2020-07-01,2026-03-04,1,101,1,"uploads/document/1762424795_437b9af162cec96e0ba1.pdf,",1,,0,2025-11-06 00:00:00,2026-03-27 00:00:00
2263,36070,20777,92,1,4021,154147,0,2019-09-03,2026-03-04,1,101,1,,1,,0,2025-11-06 00:00:00,2026-03-27 00:00:00
2264,36082,159,1233,1,4030,154218,0,2019-11-06,2026-03-04,1,101,1,,1,,0,2025-11-06 00:00:00,2026-03-27 00:00:00
2265,36098,14575,1205,1,4030,57606,0,2021-05-26,2026-03-04,1,101,1,,1,,0,2025-11-06 00:00:00,2026-03-27 00:00:00
2266,36104,21121,1642,1,4037,133648,0,2013-05-16,2026-03-04,1,101,1,,1,,0,2025-11-06 00:00:00,2026-03-27 00:00:00
2267,36094,1177,1223,1,4021,154094,0,2008-08-22,2026-03-04,1,101,1,,1,,0,2025-11-06 00:00:00,2026-03-27 00:00:00
2268,36094,867,1185,1,4853,141884,0,2006-02-02,2026-03-04,1,101,0,,1,,0,2025-11-06 00:00:00,2026-03-27 00:00:00
2269,36128,20245,1233,2,,,0,2021-11-01,2026-03-04,1,,0,,1,,0,2025-11-06 00:00:00,2026-03-27 00:00:00
2270,36159,101,1221,1,4040,133589,0,2017-05-06,2026-03-04,1,101,1,"uploads/document/1762439641_66f2df63b1abd2e4e00c.jpeg,",1,,0,2025-11-06 00:00:00,2026-03-27 00:00:00
2271,36187,21122,1220,1,4016,134027,0,2013-04-01,2026-03-04,1,101,0,,1,,0,2025-11-06 00:00:00,2026-03-27 00:00:00
2272,36187,21122,1642,1,4016,134027,0,2015-04-01,2026-03-04,1,101,0,,1,,0,2025-11-06 00:00:00,2026-03-27 00:00:00
2273,36187,21123,1109,1,4016,134027,0,2017-05-01,2026-03-04,1,101,0,"uploads/document/1762446187_10e98f4bdc7bf86c1655.jpg,",1,,0,2025-11-06 00:00:00,2026-03-27 00:00:00
2274,36187,101,1210,1,4040,131593,0,2020-01-01,2026-03-04,1,101,0,,1,,0,2025-11-06 00:00:00,2026-03-27 00:00:00
2275,31249,20661,1216,1,4021,154223,0,2023-10-01,2026-03-04,1,101,1,"uploads/document/1762445609_695b9a99948745e166f2.pdf,",1,,0,2025-11-06 00:00:00,2026-03-27 00:00:00
2276,36250,1225,1585,2,,,0,2019-06-01,2026-03-04,1,,1,,1,,0,2025-11-06 00:00:00,2026-03-27 00:00:00
2277,36258,184,1590,1,4030,134310,0,2023-06-17,2026-03-04,1,101,0,,1,,0,2025-11-07 00:00:00,2026-03-27 00:00:00
2278,36258,20821,1233,2,,,0,2019-07-01,2026-03-04,1,,0,,1,,0,2025-11-07 00:00:00,2026-03-27 00:00:00
2279,36321,469,1239,1,4008,,0,2019-08-01,2026-03-04,1,101,1,,1,,0,2025-11-07 00:00:00,2026-03-27 00:00:00
2280,36349,156,1233,1,4030,57606,0,2023-09-14,2026-03-04,1,101,1,,1,,0,2025-11-07 00:00:00,2026-03-27 00:00:00
2281,36354,20474,1198,1,4021,154180,0,2020-08-04,2026-03-04,1,101,1,,1,,0,2025-11-07 00:00:00,2026-03-27 00:00:00
2282,5014,21124,1301,1,4022,131992,0,2017-07-15,2026-03-04,1,101,0,"uploads/document/3e78134761eac8f383f47ad092088d67d5b1896a587600bfc6e679cdc04eabf4.pdf,uploads/document/8d28cc9425a030067d86b282cc86301fca4a30aab6ece9b3e638f53cdda88b59.pdf,",1,,0,2025-11-07 00:00:00,2026-03-27 00:00:00
2283,36384,801,1679,2,,,0,2022-07-07,2026-03-04,1,,1,,1,,0,2025-11-07 00:00:00,2026-03-27 00:00:00
2284,36382,868,1552,1,4853,154227,0,2018-05-01,2026-03-04,1,101,0,,1,,0,2025-11-07 00:00:00,2026-03-27 00:00:00
2285,36382,20175,1739,1,4853,141886,0,2017-03-01,2026-03-04,1,101,0,,1,,0,2025-11-07 00:00:00,2026-03-27 00:00:00
2286,28539,20247,1293,1,4022,147429,0,2015-07-01,2026-03-04,1,101,1,"uploads/document/1762504888_4b67cf9b27be360d41df.jpeg,",1,,0,2025-11-07 00:00:00,2026-03-27 00:00:00
2287,11658,643,1354,2,,,0,2017-04-01,2026-03-04,1,,1,,1,,0,2025-11-07 00:00:00,2026-03-27 00:00:00
2288,36449,21125,1740,1,4008,133025,0,2023-06-15,2026-03-04,1,101,1,,1,,0,2025-11-07 00:00:00,2026-03-27 00:00:00
2289,36478,20777,1206,1,4021,154147,0,2017-07-04,2026-03-04,1,101,1,,1,,0,2025-11-07 00:00:00,2026-03-27 00:00:00
2290,36503,20281,1646,1,4012,132132,0,2023-05-19,2026-03-04,1,101,0,,1,,0,2025-11-07 00:00:00,2026-03-27 00:00:00
2291,36505,512,1202,1,4013,133511,0,2017-06-05,2026-03-04,1,101,1,,1,,0,2025-11-07 00:00:00,2026-03-27 00:00:00
2292,36508,21126,1642,1,4853,141884,0,2010-02-01,2026-03-04,1,101,1,,1,,0,2025-11-07 00:00:00,2026-03-27 00:00:00
2293,36588,5024,1202,1,4853,142001,0,2021-06-14,2026-03-04,1,101,1,"uploads/document/1762532298_a50aaefa50324de0f6a3.pdf,",1,,0,2025-11-07 00:00:00,2026-03-27 00:00:00
2294,36611,20639,1302,1,4021,133210,0,2012-04-01,2026-03-04,1,101,1,,1,,0,2025-11-07 00:00:00,2026-03-27 00:00:00
2295,36689,556,1303,1,4015,133431,0,2021-08-01,2026-03-04,1,101,1,,1,,0,2025-11-08 00:00:00,2026-03-27 00:00:00
2296,10023,738,1623,1,4022,132279,0,2023-09-08,2026-03-04,1,101,0,,1,,0,2025-11-08 00:00:00,2026-03-27 00:00:00
2297,36705,20568,1739,1,4021,154147,0,2019-08-12,2026-03-04,1,101,1,,1,,0,2025-11-08 00:00:00,2026-03-27 00:00:00
2298,36745,21127,1202,1,4035,131517,0,2020-09-04,2026-03-04,1,101,1,,1,,0,2025-11-08 00:00:00,2026-03-27 00:00:00
2299,36743,18681,1741,1,,,0,2013-07-01,2026-03-04,1,,0,,1,,1,2025-11-08 00:00:00,2026-03-27 00:00:00
2300,36743,18681,1217,1,4021,154084,0,2013-07-01,2026-03-04,1,101,1,,1,,0,2025-11-08 00:00:00,2026-03-27 00:00:00
2301,36753,637,1213,1,4014,132201,0,2013-04-01,2026-03-04,1,101,0,,1,,0,2025-11-08 00:00:00,2026-03-27 00:00:00
2302,36753,637,1214,1,4014,132201,0,2016-04-01,2026-03-04,1,101,0,,1,,0,2025-11-08 00:00:00,2026-03-27 00:00:00
2303,36753,20860,1205,1,4014,132201,0,2010-01-01,2026-03-04,1,101,0,,1,,0,2025-11-08 00:00:00,2026-03-27 00:00:00
2304,36753,20860,1739,1,4014,132201,0,2012-01-01,2026-03-04,1,101,0,,1,,0,2025-11-08 00:00:00,2026-03-27 00:00:00
2305,36753,20799,1524,1,4014,132201,0,2013-01-01,2026-03-04,1,101,0,,1,,0,2025-11-08 00:00:00,2026-03-27 00:00:00
2306,36762,20736,1739,1,4022,132782,0,2021-04-04,2026-03-04,1,101,1,,1,,0,2025-11-08 00:00:00,2026-03-27 00:00:00
2307,36766,61,1210,1,4037,154221,0,2019-07-09,2026-03-04,1,101,1,,1,,0,2025-11-08 00:00:00,2026-03-27 00:00:00
2308,36775,806,207,1,4022,132697,0,2022-07-05,2026-03-04,1,101,1,,1,,0,2025-11-08 00:00:00,2026-03-27 00:00:00
2309,36778,112,280,1,4021,154084,0,2021-01-02,2026-03-04,1,101,1,,1,,0,2025-11-08 00:00:00,2026-03-27 00:00:00
2310,36784,874,1742,1,4853,142001,0,2012-05-06,2026-03-04,1,101,1,,1,,0,2025-11-08 00:00:00,2026-03-27 00:00:00
2311,36952,429,1233,1,4022,132958,0,2018-03-15,2026-03-04,1,101,0,,1,,0,2025-11-09 00:00:00,2026-03-27 00:00:00
2312,36952,754,1184,1,4022,133753,0,2021-07-15,2026-03-04,1,101,1,,1,,0,2025-11-09 00:00:00,2026-03-27 00:00:00
2313,36973,512,1100,1,4013,58000,0,2018-05-16,2026-03-04,1,101,1,,1,,0,2025-11-09 00:00:00,2026-03-27 00:00:00
2314,37000,745,1215,1,4022,132005,0,2021-10-09,2026-03-04,1,101,0,,1,,0,2025-11-09 00:00:00,2026-03-27 00:00:00
2315,37000,747,1233,1,4022,57616,0,2017-07-09,2026-03-04,1,101,1,,1,,0,2025-11-09 00:00:00,2026-03-27 00:00:00
2316,37016,20473,1301,1,4021,154094,0,2023-06-09,2026-03-04,1,101,0,,1,,0,2025-11-09 00:00:00,2026-03-27 00:00:00
2317,37041,21128,1233,1,4037,133512,0,2020-11-09,2026-03-04,1,101,0,,1,,0,2025-11-09 00:00:00,2026-03-27 00:00:00
2318,37041,21129,1642,1,4037,133512,0,2018-03-23,2026-03-04,1,101,0,"uploads/document/1762682456_a35c1c20e8e89725467f.jpg,",1,,0,2025-11-09 00:00:00,2026-03-27 00:00:00
2319,37053,801,1192,2,,,0,2019-06-09,2026-03-04,1,,1,,1,,0,2025-11-09 00:00:00,2026-03-27 00:00:00
2320,37132,133,1213,2,,,0,2023-08-25,2026-03-04,1,,1,,1,,0,2025-11-09 00:00:00,2026-03-27 00:00:00
2321,37137,20661,1187,1,4021,154116,0,2022-08-09,2026-03-04,1,101,1,,1,,0,2025-11-09 00:00:00,2026-03-27 00:00:00
2322,37266,20323,1561,1,,,0,2022-08-01,2026-03-04,1,,0,,1,,0,2025-11-10 00:00:00,2026-03-27 00:00:00
2323,37286,21130,1184,1,4013,154232,0,2022-10-16,2026-03-04,1,101,1,"uploads/document/1762755499_de5f17d05db9bdf436c4.pdf,",1,,0,2025-11-10 00:00:00,2026-03-27 00:00:00
2324,37329,20323,1192,1,4022,131953,0,2022-07-06,2026-03-04,1,101,1,,1,,0,2025-11-10 00:00:00,2026-03-27 00:00:00
2325,37355,747,1074,1,4022,131981,0,2018-08-09,2026-03-04,1,101,1,"uploads/document/1762761907_eba73d5f3b82f59556db.jpg,",1,,0,2025-11-10 00:00:00,2026-03-27 00:00:00
2326,37368,20474,1198,1,4021,154124,0,2018-09-04,2026-03-04,1,101,1,,1,,0,2025-11-10 00:00:00,2026-03-27 00:00:00
2327,37375,1028,1210,1,4022,132320,0,2016-09-07,2026-03-04,1,101,1,,1,,0,2025-11-10 00:00:00,2026-03-27 00:00:00
2328,37304,279,1192,1,4029,132654,0,2019-02-08,2026-03-04,1,101,1,,1,,0,2025-11-10 00:00:00,2026-03-27 00:00:00
2329,37396,20483,92,1,4016,132685,0,2019-05-07,2026-03-04,1,101,1,,1,,0,2025-11-10 00:00:00,2026-03-27 00:00:00
2330,37425,68,1240,1,4030,131888,0,2020-08-03,2026-03-04,1,101,1,,1,,0,2025-11-10 00:00:00,2026-03-27 00:00:00
2331,37442,20501,1198,1,4021,154147,0,2019-04-08,2026-03-04,1,101,1,,1,,0,2025-11-10 00:00:00,2026-03-27 00:00:00
2332,37444,796,1185,1,4021,131679,0,2011-04-01,2026-03-04,1,101,1,,1,,0,2025-11-10 00:00:00,2026-03-27 00:00:00
2333,37463,21131,1220,1,4020,133261,0,2017-03-01,2026-03-04,1,101,0,,1,,0,2025-11-10 00:00:00,2026-03-27 00:00:00
2334,37463,21132,1642,1,4020,133261,0,2019-03-01,2026-03-04,1,101,0,,1,,0,2025-11-10 00:00:00,2026-03-27 00:00:00
2335,37463,561,1697,1,4015,133384,0,2020-07-01,2026-03-04,1,101,1,,1,,0,2025-11-10 00:00:00,2026-03-27 00:00:00
2336,37491,19256,13,1,4008,132872,0,2009-07-01,2026-03-04,1,101,1,,1,,0,2025-11-10 00:00:00,2026-03-27 00:00:00
2337,37523,5,1642,1,4022,58093,0,2014-07-01,2026-03-04,1,101,0,,1,,0,2025-11-10 00:00:00,2026-03-27 00:00:00
2338,37557,20256,1213,1,4021,154084,0,2005-04-10,2026-03-04,1,101,0,"uploads/document/1762791198_db45f680d74a680d2972.jpeg,",1,,0,2025-11-10 00:00:00,2026-03-27 00:00:00
2339,37569,21133,1065,1,4022,131992,0,2011-06-10,2026-03-04,1,101,1,,1,,0,2025-11-10 00:00:00,2026-03-27 00:00:00
2340,37575,868,1441,1,4853,142001,0,2007-07-12,2026-03-04,1,101,1,"uploads/document/1762794491_7e88fb3aa004c9288836.pdf,",1,,0,2025-11-10 00:00:00,2026-03-27 00:00:00
2341,37583,20853,1642,1,4039,133618,0,2024-08-01,2026-03-04,1,101,1,,1,,0,2025-11-11 00:00:00,2026-03-27 00:00:00
2342,37593,21134,1219,1,4022,58093,0,2014-01-14,2026-03-04,1,101,1,,1,,0,2025-11-11 00:00:00,2026-03-27 00:00:00
2343,37626,21135,1185,1,4039,132040,0,2013-07-01,2026-03-04,1,101,1,,1,,0,2025-11-11 00:00:00,2026-03-27 00:00:00
2344,37666,60,1377,1,4021,154147,0,2021-03-08,2026-03-04,1,101,1,,1,,0,2025-11-11 00:00:00,2026-03-27 00:00:00
2345,37673,20942,1743,1,4022,132958,0,2014-12-15,2026-03-04,1,101,0,,1,,0,2025-11-11 00:00:00,2026-03-27 00:00:00
2346,37683,754,1615,1,4022,,0,2020-06-11,2026-03-04,1,101,0,,1,,0,2025-11-11 00:00:00,2026-03-27 00:00:00
2347,37698,156,1206,1,4030,132462,0,2022-06-11,2026-03-04,1,101,1,,1,,0,2025-11-11 00:00:00,2026-03-27 00:00:00
2348,37715,156,1523,1,4030,57606,0,2008-06-10,2026-03-04,1,101,0,,1,,0,2025-11-11 00:00:00,2026-03-27 00:00:00
2349,37702,21136,1538,1,4030,134096,0,2015-06-24,2026-03-04,1,101,1,,1,,0,2025-11-11 00:00:00,2026-03-27 00:00:00
2350,37718,60,1206,1,4021,154123,0,2022-07-04,2026-03-04,1,101,1,,1,,0,2025-11-11 00:00:00,2026-03-27 00:00:00
2351,33759,788,1739,1,4007,132032,0,2016-11-11,2026-03-04,1,101,1,,1,,0,2025-11-11 00:00:00,2026-03-27 00:00:00
2352,37784,5,263,1,4037,132337,0,2019-07-09,2026-03-04,1,101,1,,1,,0,2025-11-11 00:00:00,2026-03-27 00:00:00
2353,37787,21078,1192,1,4021,154147,0,2020-06-07,2026-03-04,1,101,1,,1,,0,2025-11-11 00:00:00,2026-03-27 00:00:00
2354,37854,21137,1277,1,4030,133679,0,2022-06-01,2026-03-04,1,101,1,,1,,0,2025-11-11 00:00:00,2026-03-27 00:00:00
2355,37860,1185,1184,1,4039,57995,0,2023-08-01,2026-03-04,1,101,0,,1,,0,2025-11-11 00:00:00,2026-03-27 00:00:00
2356,37860,387,1274,1,4039,57995,0,2020-08-01,2026-03-04,1,101,0,,1,,0,2025-11-11 00:00:00,2026-03-27 00:00:00
2357,37875,133,1585,2,,,0,2021-06-01,2026-03-04,1,,0,,1,,0,2025-11-11 00:00:00,2026-03-27 00:00:00
2358,37932,101,1215,1,4040,132976,0,2021-07-01,2026-03-04,1,101,1,,1,,0,2025-11-11 00:00:00,2026-03-27 00:00:00
2359,37939,472,1184,1,4008,57689,0,2023-08-01,2026-03-04,1,101,0,,1,,0,2025-11-12 00:00:00,2026-03-27 00:00:00
2360,37939,472,1233,1,4008,57689,0,2019-08-01,2026-03-04,1,101,0,,1,,0,2025-11-12 00:00:00,2026-03-27 00:00:00
2361,26656,543,1184,1,4022,133230,0,2022-06-12,2026-03-04,1,101,0,,1,,1,2025-11-12 00:00:00,2026-03-27 00:00:00
2362,37955,543,1202,1,4015,132472,0,2021-09-16,2026-03-04,1,101,1,,1,,0,2025-11-12 00:00:00,2026-03-27 00:00:00
2363,38015,14,48,1,4017,132189,0,2021-03-08,2026-03-04,1,101,1,,1,,0,2025-11-12 00:00:00,2026-03-27 00:00:00
2364,38035,20568,1210,1,4021,154147,0,2022-03-07,2026-03-04,1,101,1,,1,,0,2025-11-12 00:00:00,2026-03-27 00:00:00
2365,37840,1239,1256,2,,,0,2010-06-01,2026-03-04,1,,1,"uploads/document/1762938056_59979cf550bd7614b91d.pdf,",1,,0,2025-11-12 00:00:00,2026-03-27 00:00:00
2366,38037,20247,57,1,4022,132320,0,2020-05-06,2026-03-04,1,101,1,,1,,0,2025-11-12 00:00:00,2026-03-27 00:00:00
2367,38044,78,263,1,4037,133386,0,2021-03-08,2026-03-04,1,101,1,,1,,0,2025-11-13 00:00:00,2026-03-27 00:00:00
2368,38050,3,1434,2,,,0,2011-06-01,2026-03-04,1,,1,"uploads/document/1763033476_0268cd3abf8192a1022e.jpg,",1,,0,2025-11-13 00:00:00,2026-03-27 00:00:00
2369,38051,20282,1210,1,4022,133580,0,2017-07-06,2026-03-04,1,101,1,,1,,0,2025-11-13 00:00:00,2026-03-27 00:00:00
2370,27244,1072,1377,1,4022,132782,0,2017-07-05,2026-03-04,1,101,1,,1,,0,2025-11-14 00:00:00,2026-03-27 00:00:00
2371,38059,4602,1206,1,4021,154123,0,2020-05-07,2026-03-04,1,101,1,,1,,0,2025-11-14 00:00:00,2026-03-27 00:00:00
2372,38060,80,1210,1,4037,133386,0,2022-07-04,2026-03-04,1,101,1,,1,,0,2025-11-14 00:00:00,2026-03-27 00:00:00
2373,38078,20568,1198,1,4021,154188,0,2020-04-09,2026-03-04,1,101,1,,1,,0,2025-11-15 00:00:00,2026-03-27 00:00:00
2374,38089,20731,1206,1,4022,132320,0,2019-05-07,2026-03-04,1,101,1,,1,,0,2025-11-15 00:00:00,2026-03-27 00:00:00
2375,38098,20777,1213,1,4021,154147,0,2018-07-04,2026-03-04,1,101,1,,1,,0,2025-11-15 00:00:00,2026-03-27 00:00:00
2376,38105,5,1218,1,4022,132782,0,2021-08-03,2026-03-04,1,101,1,,1,,0,2025-11-15 00:00:00,2026-03-27 00:00:00
2377,24146,21140,1678,1,4022,154135,0,2020-08-15,2026-03-04,1,101,1,,1,,0,2025-11-15 00:00:00,2026-03-27 00:00:00
2378,38149,21141,1205,1,4008,132556,0,2011-06-15,2026-03-04,1,101,0,,1,,0,2025-11-15 00:00:00,2026-03-27 00:00:00
2379,38149,21142,1219,1,4008,132556,0,2014-06-01,2026-03-04,1,101,0,,1,,0,2025-11-15 00:00:00,2026-03-27 00:00:00
2380,38149,474,1225,1,4008,132556,0,2015-06-15,2026-03-04,1,101,0,,1,,0,2025-11-15 00:00:00,2026-03-27 00:00:00
2381,38149,21143,1746,1,4008,132556,0,2019-06-03,2026-03-04,1,101,0,"uploads/document/1763226379_07c05f5500f969695074.jpg,",1,,0,2025-11-15 00:00:00,2026-03-27 00:00:00
2382,38157,388,1185,1,4039,57995,0,2012-11-01,2026-03-04,1,101,1,,1,,0,2025-11-15 00:00:00,2026-03-27 00:00:00
2383,38152,279,1747,1,4029,134020,0,2016-07-01,2026-03-04,1,101,1,,1,,0,2025-11-16 00:00:00,2026-03-27 00:00:00
2384,38246,21144,1733,1,4029,134020,0,2012-02-01,2026-03-04,1,101,1,"uploads/document/1763293001_29a4ec14de2e9cc1b366.pdf,",1,,0,2025-11-16 00:00:00,2026-03-27 00:00:00
2385,38256,5,1209,1,4022,131876,0,2007-07-01,2026-03-04,1,101,1,"uploads/document/1763296446_5a6bf1e02a435eacdd84.jpg,",1,,0,2025-11-16 00:00:00,2026-03-27 00:00:00
2386,38293,378,1749,2,,,0,2006-11-17,2026-03-04,1,,1,"uploads/document/1763308623_ca056dff7be822b52b38.jpg,",1,,0,2025-11-16 00:00:00,2026-03-27 00:00:00
2387,38330,1301,1184,1,,,0,2025-07-28,2026-03-04,1,,0,,1,,0,2025-11-17 00:00:00,2026-03-27 00:00:00
2388,38343,20842,1585,1,4007,,0,2021-09-20,2026-03-04,1,101,1,"uploads/document/1763342290_a6d66c9f169ee835f0e8.jpg,",1,,0,2025-11-17 00:00:00,2026-03-27 00:00:00
2389,38354,401,1733,1,4039,132040,0,2021-04-03,2026-03-04,1,101,1,,1,,0,2025-11-17 00:00:00,2026-03-27 00:00:00
2390,38369,21146,1220,1,4040,57931,0,2009-06-15,2026-03-04,1,101,0,,1,,0,2025-11-17 00:00:00,2026-03-27 00:00:00
2391,38369,21146,1642,1,4040,57931,0,2011-06-15,2026-03-04,1,101,0,,1,,0,2025-11-17 00:00:00,2026-03-27 00:00:00
2392,38369,107,1185,1,4040,133590,0,2021-12-15,2026-03-04,1,101,0,,1,,0,2025-11-17 00:00:00,2026-03-27 00:00:00
2393,38399,643,1182,2,,,0,2012-11-17,2026-03-04,1,,1,,1,,0,2025-11-17 00:00:00,2026-03-27 00:00:00
2394,38417,21147,1215,1,4021,154223,0,2010-06-01,2026-03-04,1,101,0,,1,,0,2025-11-17 00:00:00,2026-03-27 00:00:00
2395,38417,21147,1185,1,4021,131679,0,2006-06-01,2026-03-04,1,101,0,,1,,0,2025-11-17 00:00:00,2026-03-27 00:00:00
2396,38434,5,1192,1,4020,132701,0,2020-04-08,2026-03-04,1,101,1,,1,,0,2025-11-17 00:00:00,2026-03-27 00:00:00
2397,38305,21068,1202,1,4022,132941,0,2021-07-30,2026-03-04,1,101,0,"uploads/document/1763361234_e241c4badf5bab648bfe.pdf,",1,,0,2025-11-17 00:00:00,2026-03-27 00:00:00
2398,38305,20260,1220,1,4022,132941,0,2018-05-01,2026-03-04,1,101,0,"uploads/document/1763361212_a4999ef20a809781aef5.pdf,",1,,0,2025-11-17 00:00:00,2026-03-27 00:00:00
2399,38305,20260,1646,1,4022,132941,0,2020-07-01,2026-03-04,1,101,0,"uploads/document/1763361324_5746f44d456f14ed8cc9.pdf,",1,,0,2025-11-17 00:00:00,2026-03-27 00:00:00
2400,38462,21151,1221,1,4016,133210,0,2020-04-17,2026-03-04,1,101,1,,1,,0,2025-11-17 00:00:00,2026-03-27 00:00:00
2401,38409,387,1255,1,4039,57995,0,2020-10-10,2026-03-04,1,101,0,,1,,0,2025-11-17 00:00:00,2026-03-27 00:00:00
2402,38483,111,1240,1,4021,154223,0,2019-05-07,2026-03-04,1,101,1,,1,,0,2025-11-17 00:00:00,2026-03-27 00:00:00
2403,38533,20777,1198,1,4021,132406,0,2019-08-05,2026-03-04,1,101,1,,1,,0,2025-11-17 00:00:00,2026-03-27 00:00:00
2404,38259,465,1296,1,4021,131679,0,2021-01-01,2026-03-04,1,101,0,,1,,0,2025-11-17 00:00:00,2026-03-27 00:00:00
2405,38259,1128,1214,1,,,0,2017-09-01,2026-03-04,1,101,0,,1,,0,2025-11-17 00:00:00,2026-03-27 00:00:00
2406,38259,133,1213,1,4021,131679,0,2014-08-01,2026-03-04,1,101,0,,1,,0,2025-11-17 00:00:00,2026-03-27 00:00:00
2407,38553,3,33,1,4015,132785,0,2020-05-04,2026-03-04,1,101,1,,1,,0,2025-11-17 00:00:00,2026-03-27 00:00:00
2408,38568,20269,1752,1,4021,132406,0,2021-02-06,2026-03-04,1,101,1,,1,,0,2025-11-17 00:00:00,2026-03-27 00:00:00
2409,38589,1,1219,1,4022,131692,0,2025-10-28,2026-03-04,1,101,0,,1,,0,2025-11-17 00:00:00,2026-03-27 00:00:00
2410,38588,20245,1206,1,4021,154098,0,2015-08-17,2026-03-04,1,101,1,,1,,0,2025-11-17 00:00:00,2026-03-27 00:00:00
2411,38593,9,1753,0,,,0,,2026-03-04,1,,0,,1,,1,2025-11-17 00:00:00,2026-03-27 00:00:00
2412,38599,6954,128,1,4021,131679,0,2025-09-18,2026-03-04,1,101,0,,1,,0,2025-11-17 00:00:00,2026-03-27 00:00:00
2413,38599,21152,1239,1,4027,57679,0,2021-12-01,2026-03-04,1,101,0,,1,,0,2025-11-17 00:00:00,2026-03-27 00:00:00
2414,38593,1,309,1,0,154239,0,2024-11-17,2026-03-04,1,0,0,,1,,1,2025-11-17 00:00:00,2026-03-27 00:00:00
2415,38611,21153,1236,1,4021,,0,2023-02-01,2026-03-04,1,101,0,,1,,0,2025-11-18 00:00:00,2026-03-27 00:00:00
2416,38593,2,309,1,0,154239,0,2024-11-18,2026-03-04,1,0,0,,1,,1,2025-11-18 00:00:00,2026-03-27 00:00:00
2417,38593,1,309,1,0,154239,0,2024-11-18,2026-03-04,1,0,0,,1,,1,2025-11-18 00:00:00,2026-03-27 00:00:00
2418,38593,2,1642,1,0,154239,0,2022-11-18,2026-03-04,1,0,0,,1,,1,2025-11-18 00:00:00,2026-03-27 00:00:00
2419,38617,616,1236,1,4021,,0,2022-02-02,2026-03-04,1,101,0,,1,,0,2025-11-18 00:00:00,2026-03-27 00:00:00
2420,38623,1,1754,0,,,0,,2026-03-04,1,,0,,1,,1,2025-11-18 00:00:00,2026-03-27 00:00:00
2421,38623,2,309,1,0,154242,0,2024-11-18,2026-03-04,1,0,1,,1,,0,2025-11-18 00:00:00,2026-03-27 00:00:00
2422,38626,3,1755,1,4021,131679,0,2014-07-18,2026-03-04,1,101,0,,1,,0,2025-11-18 00:00:00,2026-03-27 00:00:00
2423,38630,2,1042,1,4021,154228,0,2025-10-28,2026-03-04,1,101,0,,1,,0,2025-11-18 00:00:00,2026-03-27 00:00:00
2424,38632,1,1220,1,4021,,0,2024-01-31,2026-03-04,1,101,1,,1,,0,2025-11-18 00:00:00,2026-03-27 00:00:00
2425,38593,1,309,2,0,154242,0,2024-11-18,2026-03-04,1,0,0,,1,,1,2025-11-18 00:00:00,2026-03-27 00:00:00
2426,38593,3,1220,2,0,154242,0,2021-11-18,2026-03-04,1,0,0,,1,,1,2025-11-18 00:00:00,2026-03-27 00:00:00
2427,38635,1,1753,0,,,0,,2026-03-04,1,,0,,1,,0,2025-11-18 00:00:00,2026-03-27 00:00:00
2428,38593,3,1642,1,0,154243,0,2024-11-18,2026-03-04,1,0,0,,1,,1,2025-11-18 00:00:00,2026-03-27 00:00:00
2429,38649,3,309,2,4021,,0,2025-11-01,2026-03-04,1,101,1,,1,,0,2025-11-18 00:00:00,2026-03-27 00:00:00
2430,38651,2,309,1,4021,,0,2025-11-01,2026-03-04,1,101,0,,1,,0,2025-11-18 00:00:00,2026-03-27 00:00:00
2431,38652,2,1753,0,,,0,,2026-03-04,1,,1,,1,,0,2025-11-18 00:00:00,2026-03-27 00:00:00
2432,38654,1,1220,1,4024,,0,2025-11-05,2026-03-04,1,101,1,,1,,0,2025-11-18 00:00:00,2026-03-27 00:00:00
2433,38662,1,309,1,4021,,0,2025-10-29,2026-03-04,1,101,0,,1,,0,2025-11-18 00:00:00,2026-03-27 00:00:00
2434,38668,2,309,0,,,0,,2026-03-04,1,,0,,1,,0,2025-11-18 00:00:00,2026-03-27 00:00:00
2435,38665,2,1642,1,4021,,0,2025-11-02,2026-03-04,1,101,1,,1,,0,2025-11-18 00:00:00,2026-03-27 00:00:00
2436,38670,1,1220,1,4030,,0,2025-11-24,2026-03-04,1,101,1,,1,,0,2025-11-18 00:00:00,2026-03-27 00:00:00
2437,38593,3,1220,1,0,154246,0,2024-11-19,2026-03-04,1,0,0,,1,,1,2025-11-19 00:00:00,2026-03-27 00:00:00
2438,38593,2,309,2,0,154247,0,2021-11-19,2026-03-04,1,0,0,,1,,1,2025-11-19 00:00:00,2026-03-27 00:00:00
2439,38677,21154,1642,10,,,0,,2026-03-04,1,,1,,1,,0,2025-11-19 00:00:00,2026-03-27 00:00:00
2440,38671,21155,1756,1,,,0,2010-01-01,2026-03-04,1,,0,,1,,0,2025-11-19 00:00:00,2026-03-27 00:00:00
2441,38671,21155,1756,1,,,0,2010-01-01,2026-03-04,1,,0,,1,,0,2025-11-19 00:00:00,2026-03-27 00:00:00
2442,38671,20409,1757,1,,,0,2009-01-01,2026-03-04,1,,0,,1,,0,2025-11-19 00:00:00,2026-03-27 00:00:00
2443,38671,20409,1758,1,,,0,2007-01-01,2026-03-04,1,,0,,1,,0,2025-11-19 00:00:00,2026-03-27 00:00:00
2444,38684,2,1642,0,,,0,,2026-03-04,1,,1,,1,,0,2025-11-19 00:00:00,2026-03-27 00:00:00
2445,38686,21155,1756,1,,,0,2010-01-01,2026-03-04,1,,0,,1,,0,2025-11-19 00:00:00,2026-03-27 00:00:00
2446,38686,20409,1757,1,,,0,2009-01-01,2026-03-04,1,,0,,1,,0,2025-11-19 00:00:00,2026-03-27 00:00:00
2447,38686,21155,1756,1,,,0,2010-01-01,2026-03-04,1,,0,,1,,0,2025-11-19 00:00:00,2026-03-27 00:00:00
2448,38686,20409,1757,1,,,0,2009-01-01,2026-03-04,1,,0,,1,,0,2025-11-19 00:00:00,2026-03-27 00:00:00
2449,38686,20409,1758,1,,,0,2007-01-01,2026-03-04,1,,0,,1,,0,2025-11-19 00:00:00,2026-03-27 00:00:00
2450,38593,2,309,1,0,154248,0,2025-11-20,2026-03-04,1,0,0,,1,,1,2025-11-19 00:00:00,2026-03-27 00:00:00
2451,38593,1,1642,1,0,154249,0,2024-11-19,2026-03-04,1,0,0,,1,,1,2025-11-19 00:00:00,2026-03-27 00:00:00
2452,38593,2,309,2,,154248,0,2018-11-19,2026-03-04,1,0,0,,1,,1,2025-11-19 00:00:00,2026-03-27 00:00:00
2453,38688,1,1642,0,,,0,,2026-03-04,1,,1,,1,,0,2025-11-19 00:00:00,2026-03-27 00:00:00
2454,38593,2,1642,2,0,154250,0,2024-11-19,2026-03-04,1,0,0,,1,,1,2025-11-19 00:00:00,2026-03-27 00:00:00
2455,38593,3,1220,2,0,154250,0,2025-11-19,2026-03-04,1,0,0,,1,,1,2025-11-19 00:00:00,2026-03-27 00:00:00
2456,38690,1,1739,0,,,0,,2026-03-04,1,,1,,1,,0,2025-11-19 00:00:00,2026-03-27 00:00:00
2457,38689,21155,1756,1,,,0,2010-01-01,2026-03-04,1,,0,,1,,0,2025-11-19 00:00:00,2026-03-27 00:00:00
2458,38689,20409,1757,1,,,0,2009-01-01,2026-03-04,1,,0,,1,,0,2025-11-19 00:00:00,2026-03-27 00:00:00
2459,38689,20409,1758,1,,,0,2007-01-01,2026-03-04,1,,0,,1,,0,2025-11-19 00:00:00,2026-03-27 00:00:00
2460,38692,21154,1759,0,,,0,,2026-03-04,1,,0,,1,,0,2025-11-19 00:00:00,2026-03-27 00:00:00
2461,38593,1,1642,1,0,154251,0,2024-11-19,2026-03-04,1,0,0,,1,,1,2025-11-19 00:00:00,2026-03-27 00:00:00
2462,38693,1,1194,0,,,0,,2026-03-04,1,,1,,1,,0,2025-11-19 00:00:00,2026-03-27 00:00:00
2463,38694,5,1220,0,,,0,,2026-03-04,1,,1,,1,,0,2025-11-19 00:00:00,2026-03-27 00:00:00
2464,38697,113,1236,1,1911,,0,2020-05-05,2026-03-04,1,182,1,,1,,0,2025-11-19 00:00:00,2026-03-27 00:00:00
2465,38703,1,1233,1,4021,57655,0,0022-01-02,2026-03-04,1,101,0,,1,,0,2025-11-20 00:00:00,2026-03-27 00:00:00
2466,38704,5,1233,2,4021,58171,0,2025-11-04,2026-03-04,1,101,1,,1,,0,2025-11-20 00:00:00,2026-03-27 00:00:00
2467,38719,20359,1698,1,4853,141861,0,2016-07-06,2026-03-04,1,101,1,,1,,0,2025-11-21 00:00:00,2026-03-27 00:00:00
2468,26656,1,1642,1,0,154252,0,2025-11-12,2026-03-04,1,0,0,,1,,1,2025-11-21 00:00:00,2026-03-27 00:00:00
2469,38721,1,1642,1,0,154253,0,2025-11-21,2026-03-04,1,0,0,,1,,0,2025-11-21 00:00:00,2026-03-27 00:00:00
2470,26656,1,309,1,0,154254,0,2025-11-19,2026-03-04,1,0,0,,1,,1,2025-11-23 00:00:00,2026-03-27 00:00:00
2471,26656,3,696,1,0,154255,0,2025-11-18,2026-03-04,1,0,0,,1,,1,2025-11-23 00:00:00,2026-03-27 00:00:00
2472,26656,1,1642,1,4022,132782,0,2025-11-21,2026-03-04,1,101,0,,1,,1,2025-11-23 00:00:00,2026-03-27 00:00:00
2473,26656,1,309,1,4022,57590,0,2025-11-21,2026-03-04,1,101,0,,1,,1,2025-11-23 00:00:00,2026-03-27 00:00:00
2474,26656,1,309,2,4022,132782,0,2025-11-17,2026-03-04,1,101,0,,1,,1,2025-11-23 00:00:00,2026-03-27 00:00:00
2475,26656,1,1642,1,4017,134377,0,2025-11-16,2026-03-04,1,101,0,"uploads/document/1763908173_61e77d7cc21ffd53b881.png,",1,,1,2025-11-23 00:00:00,2026-03-27 00:00:00
2476,26656,2,1219,1,4017,131842,0,2025-11-23,2026-03-04,1,101,1,"uploads/document/1766080240_b34529ed14d66746b26f.pdf,",1,,0,2025-11-23 00:00:00,2026-03-27 00:00:00
2477,38732,1,1642,0,,,0,,2026-03-04,1,,0,,1,,0,2025-11-24 00:00:00,2026-03-27 00:00:00
2478,5014,5,1233,1,4021,154098,0,2021-11-10,2026-03-04,1,101,0,"uploads/document/728addcc5748d5745eb86d2db11be1059436279e4c136e277da49754e05441a6.png,uploads/document/3e78134761eac8f383f47ad092088d67d5b1896a587600bfc6e679cdc04eabf4.pdf,uploads/document/00abe01346394e02ab12fb76429d55451b586c9138485b116c9699747cc96020.png,uploads/document/728addcc5748d5745eb86d2db11be1059436279e4c136e277da49754e05441a6.png,uploads/document/0f3b3e73f1ec36f5d45b4523b558b8f7cdfce2ad88c4f57b3cb8bd039ccd7f63.png,",1,,0,2025-11-24 00:00:00,2026-03-27 00:00:00
2479,38734,1,1,1,4021,154228,0,2025-11-04,2026-03-04,1,101,0,,1,,0,2025-11-24 00:00:00,2026-03-27 00:00:00
2480,38734,1,1642,1,212,,0,2025-06-19,2026-03-04,1,7,0,"uploads/document/1763965178_86fe221d456107baa43a.pdf,",1,,0,2025-11-24 00:00:00,2026-03-27 00:00:00
2481,38736,21157,1762,0,,,0,,2026-03-04,1,,1,,1,,0,2025-11-24 00:00:00,2026-03-27 00:00:00
2482,38737,1,1762,0,,,0,,2026-03-04,1,,1,,1,,0,2025-11-24 00:00:00,2026-03-27 00:00:00
2483,38739,2,1642,1,3901,52,0,2025-10-30,2026-03-04,1,1,1,,1,,0,2025-11-24 00:00:00,2026-03-27 00:00:00
2484,38743,1,309,0,,,0,,2026-03-04,1,,0,,1,,0,2025-11-24 00:00:00,2026-03-27 00:00:00
2485,38743,1,309,0,,,0,,2026-03-04,1,,0,,1,,0,2025-11-24 00:00:00,2026-03-27 00:00:00
2486,38744,1,309,1,4021,,0,2025-11-01,2026-03-04,1,101,0,,1,,0,2025-11-24 00:00:00,2026-03-27 00:00:00
2487,38593,2,1220,1,3901,,0,2024-11-24,2026-03-04,1,1,0,,1,,1,2025-11-24 00:00:00,2026-03-27 00:00:00
2488,38746,1,309,0,,,0,,2026-03-04,1,,0,,1,,0,2025-11-24 00:00:00,2026-03-27 00:00:00
2489,38593,1,1739,1,3901,,0,2024-11-24,2026-03-04,1,1,0,,1,,1,2025-11-24 00:00:00,2026-03-27 00:00:00
2490,38752,1,1220,1,3901,52,0,2025-11-03,2026-03-04,1,1,0,,1,,0,2025-11-25 00:00:00,2026-03-27 00:00:00
2491,38757,1,1642,0,,,0,,2026-03-04,1,,1,,1,,0,2025-11-25 00:00:00,2026-03-27 00:00:00
2492,38758,1,1642,0,,,0,,2026-03-04,1,,0,,1,,0,2025-11-25 00:00:00,2026-03-27 00:00:00
2493,38760,2,1642,1,4021,,0,2025-11-05,2026-03-04,1,101,0,,1,,0,2025-11-25 00:00:00,2026-03-27 00:00:00
2494,38761,1,1642,0,,,0,,2026-03-04,1,,0,,1,,0,2025-11-25 00:00:00,2026-03-27 00:00:00
2495,38593,4,1219,1,3871,,0,2025-11-10,2026-03-04,1,1,0,,1,,1,2025-11-25 00:00:00,2026-03-27 00:00:00
2496,38593,2,1287,1,3901,68,0,2021-11-26,2026-03-04,1,1,0,,1,,1,2025-11-26 00:00:00,2026-03-27 00:00:00
2497,38593,1,1642,1,3901,52,0,2024-10-26,2026-03-04,1,1,0,"uploads/document/1764149619_1bc246908cfcf7f6ac06.pdf,",1,,1,2025-11-26 00:00:00,2026-03-27 00:00:00
2498,38593,1642,1642,1,3901,52,0,2024-11-27,2026-03-04,1,1,0,,1,,1,2025-11-27 00:00:00,2026-03-27 00:00:00
2499,38593,5,1220,1,3901,,0,2024-11-27,2026-03-04,1,1,0,,1,,1,2025-11-27 00:00:00,2026-03-27 00:00:00
2500,38672,21155,1756,1,,,0,2010-07-01,2026-03-04,1,,0,,1,,0,2025-11-27 00:00:00,2026-03-27 00:00:00
2501,38672,20409,1757,1,,,0,2009-07-01,2026-03-04,1,,0,,1,,0,2025-11-27 00:00:00,2026-03-27 00:00:00
2502,38672,20409,1758,1,,,0,2007-07-01,2026-03-04,1,,0,,1,,0,2025-11-27 00:00:00,2026-03-27 00:00:00
2503,38797,21158,1233,1,4021,58171,0,2022-01-01,2026-03-04,1,101,0,,1,,0,2025-11-28 00:00:00,2026-03-27 00:00:00
2504,38797,21159,1219,1,4021,134007,0,2016-01-01,2026-03-04,1,101,0,,1,,0,2025-11-28 00:00:00,2026-03-27 00:00:00
2505,38797,21159,1220,1,4021,134007,0,2014-01-01,2026-03-04,1,101,0,,1,,0,2025-11-28 00:00:00,2026-03-27 00:00:00
2506,38800,616,1236,1,4021,,0,2022-01-08,2026-03-04,1,101,0,,1,,0,2025-11-29 00:00:00,2026-03-27 00:00:00
2507,38800,20263,1236,1,4021,154258,0,2021-06-02,2026-03-04,1,101,0,,1,,0,2025-11-29 00:00:00,2026-03-27 00:00:00
2508,38809,6466,1220,1,4021,154084,0,2015-04-01,2026-03-04,1,101,0,,1,,0,2025-11-29 00:00:00,2026-03-27 00:00:00
2509,38809,7049,1220,1,4021,58171,0,2015-03-01,2026-03-04,1,101,0,,1,,0,2025-11-29 00:00:00,2026-03-27 00:00:00
2510,134,1,984,1,4021,57655,0,2025-10-01,2026-03-04,1,101,0,"uploads/document/1764589115_d4224a6532ccef296753.png,",1,,0,2025-12-01 00:00:00,2026-03-27 00:00:00
2511,38845,2,1756,1,4021,57655,0,2025-05-07,2026-03-04,1,101,0,"uploads/document/1764654709_ff0bfb79908b6d7acf75.pdf,",1,,0,2025-12-02 00:00:00,2026-03-27 00:00:00
2512,38854,1,1642,1,4021,154228,0,2025-11-12,2026-03-04,1,101,0,"uploads/document/1764677898_4a28b9f4efb1d9390df3.png,",1,,0,2025-12-02 00:00:00,2026-03-27 00:00:00
2513,38857,2,1219,1,4021,,0,2025-02-05,2026-03-04,1,101,0,,1,,0,2025-12-03 00:00:00,2026-03-27 00:00:00
2514,38858,2,1220,1,4021,,0,2025-12-02,2026-03-04,1,101,0,,1,,0,2025-12-03 00:00:00,2026-03-27 00:00:00
2515,38860,6,1770,1,4021,154164,0,2025-12-01,2026-03-04,1,101,0,,1,,1,2025-12-03 00:00:00,2026-03-27 00:00:00
2516,38593,1642,1642,1,4017,57593,0,2021-12-13,2026-03-04,1,101,0,"uploads/document/1765612550_3f335c3b088d055d4f26.pdf,",1,,1,2025-12-13 00:00:00,2026-03-27 00:00:00
2517,38881,10,69,1,4037,154136,0,2020-12-28,2026-03-04,1,101,1,,1,,0,2025-12-13 00:00:00,2026-03-27 00:00:00
2518,38829,20245,1312,1,4021,154098,0,2022-02-09,2026-03-04,1,101,0,,1,,0,2025-12-13 00:00:00,2026-03-27 00:00:00
2519,38888,1,1642,0,,,0,,2026-03-04,1,,1,,1,,0,2025-12-16 00:00:00,2026-03-27 00:00:00
2520,38860,948,948,1,4021,154258,0,2025-12-01,2026-03-04,1,101,0,,1,,0,2025-12-16 00:00:00,2026-03-27 00:00:00
2521,38890,1,1642,0,,,0,,2026-03-04,1,,0,,1,,0,2025-12-16 00:00:00,2026-03-27 00:00:00
2522,38593,1,1194,1,4022,147429,0,2021-12-17,2026-03-04,1,101,0,,1,,1,2025-12-17 00:00:00,2026-03-27 00:00:00
2523,38593,1,1194,1,4022,147429,0,2025-12-16,2026-03-04,1,101,0,,1,,1,2025-12-17 00:00:00,2026-03-27 00:00:00
2524,38593,1,1642,1,4022,147429,0,2025-12-17,2026-03-04,1,101,0,,1,,1,2025-12-17 00:00:00,2026-03-27 00:00:00
2525,38593,3,1642,1,4022,147429,0,2025-12-16,2026-03-04,1,101,0,,1,,1,2025-12-17 00:00:00,2026-03-27 00:00:00
2526,19,3,1219,1,3884,85,0,2025-12-03,2026-03-04,1,1,0,"uploads/document/1765958971_01a4730c761aad7d3dc5.png,",1,,1,2025-12-17 00:00:00,2026-03-27 00:00:00
2527,19,1,1220,1,5294,,0,2025-12-02,2026-03-04,1,2,0,,1,,1,2025-12-17 00:00:00,2026-03-27 00:00:00
2528,38593,1,1642,1,4022,147429,0,2021-12-17,2026-03-04,1,101,0,"uploads/document/1765962845_8664a261835c717c2aa5.pdf,",1,,1,2025-12-17 00:00:00,2026-03-27 00:00:00
2529,38593,2,1642,1,4022,147429,0,2025-12-16,2026-03-04,1,101,0,"uploads/document/1765963032_eab9eaa7286a34d18a89.png,",1,,0,2025-12-17 00:00:00,2026-03-27 00:00:00
2530,38860,2,1236,1,4021,154258,0,2025-10-02,2026-03-04,1,101,0,"uploads/document/1766038332_4d7d551f5c113d187544.pdf,",1,,0,2025-12-18 00:00:00,2026-03-27 00:00:00
2531,38896,1,1219,0,,,0,,2026-03-04,1,,0,,1,,0,2025-12-18 00:00:00,2026-03-27 00:00:00
2532,5014,5,1233,1,,,0,2021-11-10,2026-03-04,1,,0,"uploads/document/3e78134761eac8f383f47ad092088d67d5b1896a587600bfc6e679cdc04eabf4.pdf,uploads/document/8d28cc9425a030067d86b282cc86301fca4a30aab6ece9b3e638f53cdda88b59.pdf,",1,,0,2025-12-18 00:00:00,2026-03-27 00:00:00
2533,38860,1,1642,1,4021,57909,0,2022-02-02,2026-03-04,1,101,0,,1,,1,2025-12-19 00:00:00,2026-03-27 00:00:00
2534,38901,1,1642,0,,,0,,2026-03-04,1,,0,,1,,1,2025-12-20 00:00:00,2026-03-27 00:00:00
2535,38901,1,1642,1,4022,147429,0,2025-12-01,2026-03-04,1,101,0,"uploads/document/1766211785_b7484edc1727289dd7ac.pdf,",1,,0,2025-12-20 00:00:00,2026-03-27 00:00:00
2536,38900,1,1642,1,4021,57655,0,2025-12-10,2026-03-04,1,101,0,"uploads/document/1766232687_c078a4c0af1892239832.pdf,",1,,0,2025-12-20 00:00:00,2026-03-27 00:00:00
2537,38903,1,1642,1,4022,132782,0,2024-06-18,2026-03-04,1,101,0,,1,,0,2025-12-21 00:00:00,2026-03-27 00:00:00
2538,38593,2,1194,2,3871,72,0,2025-12-22,2026-03-04,1,1,0,,1,,0,2025-12-22 00:00:00,2026-03-27 00:00:00
2539,38910,1,309,1,4017,57620,0,2025-12-06,2026-03-04,1,101,1,,1,,0,2025-12-22 00:00:00,2026-03-27 00:00:00
2540,38917,1,1642,0,,,0,,2026-03-04,1,,1,,1,,0,2025-12-23 00:00:00,2026-03-27 00:00:00
2541,38918,1,1642,0,,,0,,2026-03-04,1,,0,,1,,1,2025-12-23 00:00:00,2026-03-27 00:00:00
2542,38919,1,1642,0,,,0,,2026-03-04,1,,0,,1,,0,2025-12-23 00:00:00,2026-03-27 00:00:00
2543,38925,1,1642,0,,,0,,2026-03-04,1,,1,,1,,0,2025-12-23 00:00:00,2026-03-27 00:00:00
2544,38926,3,1220,0,,,0,,2026-03-04,1,,1,,1,,0,2025-12-23 00:00:00,2026-03-27 00:00:00
2545,38927,1,1642,1,4022,147429,0,2025-12-08,2026-03-04,1,101,0,"uploads/document/1766489951_67cad747f412f1cf5d93.pdf,",1,,0,2025-12-23 00:00:00,2026-03-27 00:00:00
2546,38928,1,1220,0,,,0,,2026-03-04,1,,0,,1,,0,2025-12-23 00:00:00,2026-03-27 00:00:00
2547,38929,1,1194,0,,,0,,2026-03-04,1,,0,,1,,0,2025-12-23 00:00:00,2026-03-27 00:00:00
2548,38930,1,1194,0,,,0,,2026-03-04,1,,0,,1,,0,2025-12-23 00:00:00,2026-03-27 00:00:00
2549,38931,1,1194,0,,,0,,2026-03-04,1,,0,,1,,0,2025-12-23 00:00:00,2026-03-27 00:00:00
2550,38942,13,1220,0,,,0,,2026-03-04,1,,1,,1,,0,2025-12-24 00:00:00,2026-03-27 00:00:00
2551,38950,1,1642,0,,,0,,2026-03-04,1,,1,,1,,0,2025-12-24 00:00:00,2026-03-27 00:00:00
2552,38951,1,1642,0,4027,57679,0,,2026-03-04,1,101,0,,1,,0,2025-12-24 00:00:00,2026-03-27 00:00:00
2553,38904,1,309,0,,,0,,2026-03-04,1,,0,,1,,0,2025-12-26 00:00:00,2026-03-27 00:00:00
2554,38905,2,1642,0,,,0,,2026-03-04,1,,0,,1,,0,2025-12-26 00:00:00,2026-03-27 00:00:00
2555,38912,1,1220,0,,,0,,2026-03-04,1,,0,,1,,0,2025-12-28 00:00:00,2026-03-27 00:00:00
2556,38918,2,1642,1,4021,57655,0,2025-12-01,2026-03-04,1,101,0,"uploads/document/1767076276_cafe9209703184a1b085.pdf,",1,,1,2025-12-30 00:00:00,2026-03-27 00:00:00
2557,38918,2,1220,1,4021,57655,0,2025-12-02,2026-03-04,1,101,0,"uploads/document/1767076334_f279c882e73d69f5ce89.pdf,",1,,0,2025-12-30 00:00:00,2026-03-27 00:00:00
2558,38918,4,1220,1,4021,57655,0,2025-12-01,2026-03-04,1,101,0,"uploads/document/1767076394_1a29d33186ea097ed537.pdf,",1,,0,2025-12-30 00:00:00,2026-03-27 00:00:00
2559,5014,10,1233,1,,,0,2025-12-05,2026-03-04,1,,0,"uploads/document/3e78134761eac8f383f47ad092088d67d5b1896a587600bfc6e679cdc04eabf4.pdf,",1,,0,2025-12-30 00:00:00,2026-03-27 00:00:00
2560,38932,1,1739,1,4037,154136,0,2025-12-09,2026-03-04,1,101,1,,1,,0,2025-12-31 00:00:00,2026-03-27 00:00:00
2561,38933,3,1194,2,4037,154136,0,2025-12-08,2026-03-04,1,101,0,,1,,0,2025-12-31 00:00:00,2026-03-27 00:00:00
2562,38938,1,1642,1,4021,,0,2026-01-06,2026-03-04,1,101,0,"uploads/document/6afde3008b6246e26aa9b411c5f5be817eac62b2cf82c69ab44192ab8371d5a9.pdf,",1,,0,2026-01-05 00:00:00,2026-03-27 00:00:00
2563,38593,21160,1766,1,0,154261,0,2026-01-01,2026-03-04,1,0,0,,1,,1,2026-01-05 00:00:00,2026-03-27 00:00:00
2564,38593,21162,1768,1,0,154263,0,2026-01-01,2026-03-04,1,101,0,,1,,1,2026-01-05 00:00:00,2026-03-27 00:00:00
2565,38872,2,1220,1,4021,,0,2026-01-01,2026-03-04,1,101,0,"uploads/document/ac5998bc3968d69719a0c5cc5c417e2c886d485c04509c751d8d378a08fac678.pdf,",1,,0,2026-01-06 00:00:00,2026-06-22 17:50:22
2566,38948,1,1642,0,,,0,,2026-03-04,1,,1,,1,,0,2026-01-08 00:00:00,2026-03-27 00:00:00
2567,38952,1,1642,0,,,0,,2026-03-04,1,,1,,1,,0,2026-01-08 00:00:00,2026-03-27 00:00:00
2568,38953,1,1642,0,,,0,,2026-03-04,1,,1,,1,,0,2026-01-08 00:00:00,2026-03-27 00:00:00
2569,38954,1,1220,0,,,0,,2026-03-04,1,,0,,1,,0,2026-01-08 00:00:00,2026-03-27 00:00:00
2570,38956,1,1220,0,,,0,,2026-03-04,1,,0,,1,,0,2026-01-08 00:00:00,2026-03-27 00:00:00
2571,38959,1,1642,0,,,0,,2026-03-04,1,,0,,1,,0,2026-01-08 00:00:00,2026-03-27 00:00:00
2572,38971,1,1220,1,4017,134452,0,2026-01-08,2026-03-04,1,101,0,,1,,0,2026-01-08 00:00:00,2026-03-27 00:00:00
2573,38971,3,1194,1,3871,72,0,2026-01-08,2026-03-04,1,1,0,,1,,0,2026-01-08 00:00:00,2026-03-27 00:00:00
2574,38987,3,1642,0,,,0,,2026-03-04,1,,0,,1,,0,2026-01-09 00:00:00,2026-03-27 00:00:00
2575,38985,1,1642,1,3871,72,0,2026-01-03,2026-03-04,1,1,0,,1,,0,2026-01-10 00:00:00,2026-03-27 00:00:00
2576,38996,2,309,0,,,0,,2026-03-04,1,,0,,1,,0,2026-01-10 00:00:00,2026-03-27 00:00:00
2577,38997,1,309,0,,,0,,2026-03-04,1,,0,,1,,0,2026-01-10 00:00:00,2026-03-27 00:00:00
2578,38998,1,309,0,,,0,,2026-03-04,1,,1,,1,,0,2026-01-10 00:00:00,2026-03-27 00:00:00
2579,39001,2,1642,1,4023,57837,0,2026-01-31,2026-03-04,1,101,0,"uploads/document/09365dcc9e549fe38c8df7ccaa9812a3ceec58a2cd4d79b952b1670cd461cdf2.png,",1,,1,2026-01-12 00:00:00,2026-03-27 00:00:00
2580,39003,2,1642,1,3871,,0,2026-01-01,2026-03-04,1,1,1,,1,,0,2026-01-13 00:00:00,2026-03-27 00:00:00
2581,39004,5,1642,1,4024,57708,0,2026-01-01,2026-03-04,1,101,1,,1,,0,2026-01-13 00:00:00,2026-03-27 00:00:00
2582,39005,4,948,0,,,0,,2026-03-04,1,,0,,1,,0,2026-01-13 00:00:00,2026-03-27 00:00:00
2583,39005,2,1645,1,4021,57655,0,2025-12-10,2026-03-04,1,101,0,"https://ccpl-s3.s3.ap-south-1.amazonaws.com/uploads/document/9a951f31da3157bbe508022fd3548adb9de533bd9e4b101c22a3e441023cccd5.pdf,",1,,0,2026-01-13 00:00:00,2026-03-27 00:00:00
2584,39005,2,1642,1,4021,154228,0,2026-01-14,2026-03-04,1,101,0,,1,,0,2026-01-13 00:00:00,2026-03-27 00:00:00
2585,39001,2,1194,1,3875,54,0,2021-02-04,2026-03-04,1,1,0,,1,,1,2026-01-13 00:00:00,2026-03-27 00:00:00
2586,39010,1,1642,0,,,0,,2026-03-04,1,,0,,1,,0,2026-01-14 00:00:00,2026-03-27 00:00:00
2587,39011,1,309,0,,,0,,2026-03-04,1,,0,,1,,0,2026-01-14 00:00:00,2026-03-27 00:00:00
2588,39012,1,309,0,,,0,,2026-03-04,1,,0,,1,,0,2026-01-14 00:00:00,2026-03-27 00:00:00
2589,39015,1,309,0,,,0,,2026-03-04,1,,1,,1,,0,2026-01-14 00:00:00,2026-03-27 00:00:00
2590,39016,1,309,0,,,0,,2026-03-04,1,,0,,1,,0,2026-01-14 00:00:00,2026-03-27 00:00:00
2591,39018,1,309,0,,,0,,2026-03-04,1,,0,,1,,0,2026-01-14 00:00:00,2026-03-27 00:00:00
2592,39019,1,1642,0,,,0,,2026-03-04,1,,0,,1,,0,2026-01-14 00:00:00,2026-03-27 00:00:00
2593,39020,1,309,0,,,0,,2026-03-04,1,,0,,1,,0,2026-01-14 00:00:00,2026-03-27 00:00:00
2594,39021,1,1642,0,,,0,,2026-03-04,1,,0,,1,,0,2026-01-14 00:00:00,2026-03-27 00:00:00
2595,39022,1,1642,0,,,0,,2026-03-04,1,,0,,1,,0,2026-01-14 00:00:00,2026-03-27 00:00:00
2596,39024,8455,1185,1,4037,154136,0,2025-12-29,2026-03-04,1,101,0,,1,,0,2026-01-14 00:00:00,2026-03-27 00:00:00
2597,39030,2,1642,0,,,0,,2026-03-04,1,,1,,1,,0,2026-01-15 00:00:00,2026-03-27 00:00:00
2598,39031,3,1220,0,,,0,,2026-03-04,1,,1,,1,,0,2026-01-15 00:00:00,2026-03-27 00:00:00
2599,39034,1,309,0,,,0,,2026-03-04,1,,0,,1,,0,2026-01-15 00:00:00,2026-03-27 00:00:00
2600,39035,1,309,0,,,0,,2026-03-04,1,,0,,1,,0,2026-01-15 00:00:00,2026-03-27 00:00:00
2601,39036,1,309,0,4023,133482,0,2026-01-01,2026-03-04,1,101,0,,1,,0,2026-01-15 00:00:00,2026-03-27 00:00:00
2602,38860,1,1642,1,4017,154260,0,2025-12-03,2026-03-04,1,101,0,,1,,0,2026-01-15 00:00:00,2026-03-27 00:00:00
2603,39038,1,1642,0,,,0,,2026-03-04,1,,0,,1,,0,2026-01-15 00:00:00,2026-03-27 00:00:00
2604,39039,2,948,1,4021,57655,0,2025-11-01,2026-03-04,1,101,0,,1,,0,2026-01-16 00:00:00,2026-03-27 00:00:00
2605,39046,3,309,1,4022,132782,0,2026-01-15,2026-03-04,1,101,0,,1,,1,2026-01-17 00:00:00,2026-03-27 00:00:00
2606,39046,1,309,1,4023,57837,0,2026-01-06,2026-03-04,1,101,0,,1,,0,2026-01-17 00:00:00,2026-03-27 00:00:00
2607,39053,1,1220,1,4017,134452,0,2026-01-20,2026-03-04,1,101,0,,1,,0,2026-01-20 00:00:00,2026-03-27 00:00:00
2608,39053,4,1194,1,4024,58151,0,2026-01-01,2026-03-04,1,101,0,,1,,0,2026-01-20 00:00:00,2026-03-27 00:00:00
2609,39054,1,1642,0,,,0,,2026-03-04,1,,1,,1,,1,2026-01-21 00:00:00,2026-03-27 00:00:00
2610,39055,2,1642,0,,,0,,2026-03-04,1,,0,,1,,0,2026-01-21 00:00:00,2026-03-27 00:00:00
2611,39057,21165,1773,1,4021,,0,2025-12-03,2026-03-04,1,101,1,"uploads/document/9a951f31da3157bbe508022fd3548adb9de533bd9e4b101c22a3e441023cccd5.pdf,",1,,0,2026-01-21 00:00:00,2026-03-27 00:00:00
2612,39080,1,1194,1,4021,57655,0,2024-05-02,2026-03-04,1,101,0,"uploads/document/fd6b91ef16cfbcfe0b2903fa6d3a0bad579fe3df462ae289feab4b8af2dc3fe5.pdf,",1,,1,2026-01-23 00:00:00,2026-03-27 00:00:00
2613,39082,2,1642,0,,,0,,2026-03-04,1,,1,,1,,0,2026-01-23 00:00:00,2026-03-27 00:00:00
2614,39083,1,1642,0,,,0,,2026-03-04,1,,1,,1,,0,2026-01-23 00:00:00,2026-03-27 00:00:00
2615,39084,1,309,0,,,0,,2026-03-04,1,,1,,1,,0,2026-01-23 00:00:00,2026-03-27 00:00:00
2616,39085,1,309,0,,,0,,2026-03-04,1,,1,,1,,0,2026-01-23 00:00:00,2026-03-27 00:00:00
2617,39096,3,1220,0,,,0,,2026-03-04,1,,0,,1,,0,2026-01-23 00:00:00,2026-03-27 00:00:00
2618,39099,1,948,1,4021,,0,2025-01-01,2026-03-04,1,101,1,"uploads/document/9a951f31da3157bbe508022fd3548adb9de533bd9e4b101c22a3e441023cccd5.pdf,",1,,0,2026-01-23 00:00:00,2026-03-27 00:00:00
2619,39117,3,424,1,4021,57909,0,2025-10-01,2026-03-04,1,101,0,"uploads/document/6afde3008b6246e26aa9b411c5f5be817eac62b2cf82c69ab44192ab8371d5a9.pdf,",1,,0,2026-01-28 00:00:00,2026-03-27 00:00:00
2620,39120,1,1220,1,4023,154279,0,2026-01-02,2026-03-04,1,101,0,,1,,0,2026-01-28 00:00:00,2026-03-27 00:00:00
2621,39123,4,1219,1,4021,58171,0,2026-01-02,2026-03-04,1,101,1,,1,,0,2026-01-28 00:00:00,2026-03-27 00:00:00
2622,39124,1,1642,1,4023,57837,0,2026-01-01,2026-03-04,1,101,0,,1,,0,2026-01-29 00:00:00,2026-03-27 00:00:00
2623,38985,3,309,1,4027,57820,0,2026-01-07,2026-03-04,1,101,1,"uploads/document/7b15d74abe6cb78688642a35cfa3c7bbe1d5afd5aed0f9420c06fcff5c2d1acb.pdf,",1,,0,2026-01-29 00:00:00,2026-03-27 00:00:00
2624,39142,1,1642,0,,,0,,2026-03-04,1,,0,,1,,0,2026-02-03 00:00:00,2026-03-27 00:00:00
2625,39148,1,1642,0,,,0,,2026-03-04,1,,0,,1,,0,2026-02-03 00:00:00,2026-03-27 00:00:00
2626,39137,1,1194,1,4021,57655,0,2026-02-04,2026-03-04,1,101,0,"uploads/document/6afde3008b6246e26aa9b411c5f5be817eac62b2cf82c69ab44192ab8371d5a9.pdf,",1,,0,2026-02-03 00:00:00,2026-03-27 00:00:00
2627,39167,1,1642,1,4023,57837,0,2026-02-05,2026-03-04,1,101,0,"uploads/document/97fa8e2f2e9684d7aeab3c542637c11ba2b1f93b9d3d6d0da123ca93568fa11e.pdf,",1,,0,2026-02-05 00:00:00,2026-03-27 00:00:00
2628,39169,21167,1774,1,4021,,0,2025-12-03,2026-03-04,1,101,0,"uploads/document/6afde3008b6246e26aa9b411c5f5be817eac62b2cf82c69ab44192ab8371d5a9.pdf,",1,,0,2026-02-06 00:00:00,2026-03-27 00:00:00
2629,39201,1,309,1,4021,,0,2026-02-01,2026-03-04,1,101,0,,1,,0,2026-02-09 00:00:00,2026-03-27 00:00:00
2630,39203,2,1642,1,4021,,0,2026-02-01,2026-03-04,1,101,0,,1,,0,2026-02-09 00:00:00,2026-03-27 00:00:00
2631,39210,1,309,1,4023,57837,0,2026-02-09,2026-03-04,1,101,1,,1,,0,2026-02-09 00:00:00,2026-03-27 00:00:00
2632,39216,1,1739,1,4021,,0,2026-02-01,2026-03-04,1,101,0,,1,,0,2026-02-10 00:00:00,2026-03-27 00:00:00
2633,39001,1,309,1,4023,57837,0,2018-02-12,2026-03-04,1,101,0,,1,,1,2026-02-12 00:00:00,2026-03-27 00:00:00
2634,39001,1,1642,1,4023,57837,0,2018-02-12,2026-03-04,1,101,0,,1,,1,2026-02-12 00:00:00,2026-03-27 00:00:00
2635,39259,1,309,1,4021,,0,2026-02-07,2026-03-04,1,101,1,,1,,0,2026-02-14 00:00:00,2026-03-27 00:00:00
2636,39278,3,1220,1,4021,,0,2026-02-11,2026-03-04,1,101,1,,1,,0,2026-02-16 00:00:00,2026-03-27 00:00:00
2637,39293,1,309,1,4023,154278,0,2026-02-02,2026-03-04,1,101,0,,1,,0,2026-02-21 00:00:00,2026-03-27 00:00:00
2638,38829,21155,1756,1,,,0,2010-07-01,2026-03-04,1,,0,,1,,0,2026-02-27 00:00:00,2026-03-27 00:00:00
2639,38829,20409,1757,1,,,0,2009-07-01,2026-03-04,1,,0,,1,,0,2026-02-27 00:00:00,2026-03-27 00:00:00
2640,38829,20409,1758,1,,,0,2007-07-01,2026-03-04,1,,0,,1,,0,2026-02-27 00:00:00,2026-03-27 00:00:00
2641,38829,21169,1776,1,4021,,0,2026-02-05,2026-03-04,1,101,0,,1,,0,2026-02-27 00:00:00,2026-03-27 00:00:00
2642,38829,21155,1756,1,,,0,2010-07-01,2026-03-04,1,,0,,1,,0,2026-02-27 00:00:00,2026-03-27 00:00:00
2643,38829,20409,1757,1,,,0,2009-07-01,2026-03-04,1,,0,,1,,0,2026-02-27 00:00:00,2026-03-27 00:00:00
2644,38829,20409,1758,1,,,0,2007-07-01,2026-03-04,1,,0,,1,,0,2026-02-27 00:00:00,2026-03-27 00:00:00
2645,38829,21169,1777,1,4021,,0,2026-02-05,2026-03-04,1,101,0,,1,,0,2026-02-27 00:00:00,2026-03-27 00:00:00
2646,38829,3,1642,1,,,0,2026-02-11,2026-03-04,1,,0,,1,,0,2026-02-27 00:00:00,2026-03-27 00:00:00
2647,38829,2,1642,1,,,0,2023-02-07,2026-03-04,1,,0,,1,,0,2026-02-27 00:00:00,2026-03-27 00:00:00
2648,38829,2,1642,1,,,0,2026-02-04,2026-03-04,1,,0,,1,,0,2026-02-27 00:00:00,2026-03-27 00:00:00
2649,39313,1,1642,1,4021,57655,0,2026-03-01,2026-03-04,1,101,1,,1,,0,2026-03-03 00:00:00,2026-03-27 00:00:00
2650,39314,1,309,1,4021,133236,0,2026-03-03,2026-03-04,1,101,0,,1,,1,2026-03-03 00:00:00,2026-06-04 16:05:08
2651,39316,2,1642,1,4021,,0,2026-03-06,2026-03-04,1,101,0,,1,,0,2026-03-03 00:00:00,2026-03-27 00:00:00
2652,39316,21170,1277,1,4021,154228,0,2026-03-04,2026-03-04,1,101,1,"uploads/document/b8dd7e3c987128958b4f8116833d238c48bdf593d2065bce61bb13b6c223478a.pdf,",1,,0,2026-03-09 00:00:00,2026-03-27 00:00:00
2653,639,1,1642,1,4009,57638,0,2026-03-14,2026-03-04,1,101,0,"uploads/document/ef88691576d9656a368e5652a333f412c77da6b4ee723d0c4f134af67c957c3f.pdf,uploads/document/ef88691576d9656a368e5652a333f412c77da6b4ee723d0c4f134af67c957c3f.pdf,uploads/document/b8dd7e3c987128958b4f8116833d238c48bdf593d2065bce61bb13b6c223478a.pdf,uploads/document/ef88691576d9656a368e5652a333f412c77da6b4ee723d0c4f134af67c957c3f.pdf,uploads/document/b8dd7e3c987128958b4f8116833d238c48bdf593d2065bce61bb13b6c223478a.pdf,",1,,1,2026-03-10 00:00:00,2026-03-27 00:00:00
2654,639,1,1220,1,4017,57620,0,2026-03-04,2026-03-04,1,101,0,"uploads/document/ef88691576d9656a368e5652a333f412c77da6b4ee723d0c4f134af67c957c3f.pdf,uploads/document/ef88691576d9656a368e5652a333f412c77da6b4ee723d0c4f134af67c957c3f.pdf,",1,,1,2026-03-10 00:00:00,2026-03-27 00:00:00
2655,639,2,1220,1,4023,133213,0,2026-03-06,2026-03-04,1,101,0,"uploads/document/ef88691576d9656a368e5652a333f412c77da6b4ee723d0c4f134af67c957c3f.pdf,uploads/document/b8dd7e3c987128958b4f8116833d238c48bdf593d2065bce61bb13b6c223478a.pdf,",1,,1,2026-03-10 00:00:00,2026-05-15 13:23:40
2656,39335,20257,1107,1,4022,132944,0,2023-07-15,2027-07-30,1,101,0,,1,,0,2026-03-10 00:00:00,2026-04-02 00:00:00
2657,39353,1,1220,1,,,0,2026-03-05,2026-03-04,1,,0,,1,,0,2026-03-17 00:00:00,2026-03-27 00:00:00
2658,39353,1,1642,1,4023,154260,0,2026-03-04,2026-03-04,1,101,0,,1,,1,2026-03-17 00:00:00,2026-03-27 00:00:00
2659,39353,2,309,1,4021,154228,0,2026-03-05,2026-03-04,1,101,1,"uploads/document/ef88691576d9656a368e5652a333f412c77da6b4ee723d0c4f134af67c957c3f.pdf,uploads/document/ef88691576d9656a368e5652a333f412c77da6b4ee723d0c4f134af67c957c3f.pdf,",1,,1,2026-03-17 00:00:00,2026-03-27 00:00:00
2660,39355,20245,1190,1,4021,133461,0,2022-03-18,2026-03-04,1,101,1,,1,,0,2026-03-18 00:00:00,2026-03-27 00:00:00
2661,39370,10,1664,0,,,0,,2026-03-04,1,,1,,1,,0,2026-03-21 00:00:00,2026-03-27 00:00:00
2662,39373,9,1772,0,,,0,,2026-03-04,1,,1,,1,,0,2026-03-21 00:00:00,2026-03-27 00:00:00
2663,39374,21171,309,0,,,0,,2026-03-04,1,,0,,1,,0,2026-03-21 00:00:00,2026-03-27 00:00:00
2664,19,5,1194,1,4021,,0,2025-12-09,2026-03-04,1,101,0,,1,,0,2026-03-25 00:00:00,2026-03-27 00:00:00
2665,19,3,1194,1,4024,57708,0,2023-02-08,2026-03-27,0,101,0,,1,,0,2026-03-27 00:00:00,2026-06-15 12:10:10
2666,18,2,1642,1,4021,,0,2026-03-30,2026-04-01,1,101,0,,1,,0,2026-04-02 00:00:00,2026-04-02 00:00:00
2667,39001,1,1642,1,4022,154323,0,2026-04-02,2026-07-04,1,101,0,,1,,0,2026-04-02 00:00:00,2026-04-02 00:00:00
2668,5014,3,2,2,4022,3223,0,2024-02-20,2024-10-22,0,101,1,,1,,0,2026-04-04 00:00:00,2026-04-04 00:00:00
2669,19,1,1642,1,4023,154280,0,2026-04-02,2026-04-30,1,101,0,,1,,0,2026-04-04 00:00:00,2026-06-29 11:29:59
2670,19,1,1787,1,4024,58151,0,2026-02-12,2026-04-18,1,101,0,,1,,0,2026-04-04 10:47:52,2026-06-29 11:29:59
2671,40083,20257,1300,1,4022,131929,0,2023-07-15,2027-06-08,0,101,0,,1,,1,2026-05-07 10:56:30,2026-05-07 12:46:41
2672,40083,20257,1300,1,,,0,2023-07-15,2027-06-08,1,,0,,1,,1,2026-05-07 11:34:53,2026-05-07 12:46:51
2673,40083,20257,1300,1,,,0,2023-07-15,2027-06-08,1,,0,,1,,0,2026-05-07 11:35:02,2026-05-07 11:35:02
2674,639,2,105,1,1531,30994,0,2026-05-01,2026-05-30,1,59,1,"uploads/document/ef88691576d9656a368e5652a333f412c77da6b4ee723d0c4f134af67c957c3f.pdf,",1,,0,2026-05-15 13:34:45,2026-05-15 13:34:45
2675,40110,21172,1255,1,4021,,0,2026-05-01,2026-05-18,0,101,1,,1,,0,2026-05-18 14:52:01,2026-05-18 14:52:01
2676,40111,1,1255,1,4021,,0,2020-02-18,2024-02-18,0,101,1,,1,,0,2026-05-18 14:56:06,2026-05-18 14:56:06
2677,40114,21172,1255,1,4021,,0,2026-03-06,2026-05-15,0,101,1,,1,,0,2026-05-19 16:31:26,2026-05-19 16:31:26
2678,40115,2,1194,1,4021,57655,0,2026-05-01,2026-05-30,1,101,0,,1,,0,2026-05-19 16:55:51,2026-05-19 16:55:51
2679,40119,814,1184,1,4022,132075,0,2021-07-07,2023-07-11,0,101,0,,1,,0,2026-05-26 12:31:41,2026-05-27 18:42:04
2680,40135,1,1642,1,4023,57837,0,2018-03-27,2026-05-27,0,101,0,,1,,0,2026-05-27 15:39:52,2026-05-27 15:39:52
2681,40119,4935,1233,1,4022,,0,2018-06-06,2021-07-06,0,101,0,,1,,0,2026-05-27 18:42:04,2026-05-28 15:43:54
2682,40140,217,1255,1,4021,,0,2026-05-01,2026-05-31,1,101,1,,1,,0,2026-05-29 14:43:39,2026-05-29 14:43:39
2683,40146,114,1220,2,4021,,0,2026-05-15,2026-05-31,1,101,0,,1,,0,2026-05-30 12:00:14,2026-05-30 12:00:14
2684,40147,4,1220,1,4021,,0,2026-05-14,2026-05-31,0,101,0,,1,,0,2026-05-30 12:24:26,2026-05-30 12:24:26
2685,40148,2,1220,1,4021,,0,2026-05-01,2026-05-31,1,101,0,,1,,0,2026-05-30 13:07:46,2026-05-30 13:07:46
2686,40165,3,309,1,4021,,0,2026-06-11,2026-06-28,0,101,0,,1,,0,2026-06-01 11:45:42,2026-06-01 11:45:42
2687,40172,2,309,2,4021,,0,2026-06-02,2026-07-10,1,101,0,,1,,0,2026-06-01 17:27:44,2026-06-01 17:27:44
2688,40159,113,345,1,4021,154373,0,2026-06-01,2026-06-25,1,101,1,"uploads/document/930fd2be659ce8cd7fd653da028d3952fe3853434344c3a26132c7774407f0d3.pdf,",1,,0,2026-06-01 18:58:40,2026-06-01 18:58:40
2689,39314,1,309,1,4023,57837,0,2026-06-01,2026-10-31,1,101,1,"uploads/document/7b15d74abe6cb78688642a35cfa3c7bbe1d5afd5aed0f9420c06fcff5c2d1acb.pdf,",1,,0,2026-06-04 16:05:08,2026-06-04 16:05:08
2690,40219,20455,1233,1,4037,57661,0,2021-06-03,2025-06-24,0,101,1,,1,,0,2026-06-05 12:04:48,2026-06-05 12:05:29
2691,40218,28,28,1,4017,57849,0,2018-02-05,2022-05-05,0,101,1,,1,,0,2026-06-05 14:54:46,2026-06-05 14:54:46
2692,40222,1,309,1,4023,154278,0,2025-06-05,2026-06-06,1,101,0,,1,,0,2026-06-05 16:56:23,2026-06-05 16:56:23
2693,40228,2,1194,1,4021,,0,2026-12-30,2027-12-31,0,101,0,,1,,0,2026-06-06 01:24:59,2026-06-06 01:24:59
2694,40235,1,1220,1,4021,,0,2026-06-04,2026-06-09,1,101,0,,1,,0,2026-06-06 12:32:29,2026-06-06 12:32:29
2695,40265,3,1233,1,4021,,0,2026-05-31,2026-06-25,1,101,0,,1,,1,2026-06-08 11:53:32,2026-07-09 17:55:07
2696,40279,4,128,1,4021,,0,2026-01-01,2026-06-30,1,101,0,,1,,0,2026-06-09 11:59:55,2026-06-09 11:59:55
2697,40289,21175,1450,1,4021,,0,2026-05-01,2028-10-17,1,101,0,,1,,0,2026-06-09 15:24:40,2026-06-09 15:43:25
2698,40290,2,1277,1,4021,154376,0,2021-01-01,2024-12-30,1,101,0,,1,,0,2026-06-09 15:37:51,2026-07-01 13:45:32
2699,40289,21176,1756,1,,,0,2010-07-01,2014-06-30,1,,0,,1,,0,2026-06-09 15:43:26,2026-06-09 15:43:26
2700,40289,21177,1757,1,,,0,2009-07-01,2010-06-30,1,,0,,1,,0,2026-06-09 15:43:26,2026-06-09 15:43:26
2701,40289,21177,1758,1,,,0,2007-07-01,2008-06-30,1,,0,,1,,0,2026-06-09 15:43:26,2026-06-09 15:43:26
2702,40312,21,824,1,4020,154238,0,2018-12-10,2021-07-10,0,101,1,,1,,0,2026-06-10 15:00:48,2026-06-10 15:00:48
2703,40119,238,1328,1,4022,154377,0,2022-01-12,2026-06-10,0,101,0,,1,,0,2026-06-11 15:01:07,2026-06-11 15:01:07
2704,40329,2,1642,0,,,0,,,0,,1,,1,,1,2026-06-12 11:03:02,2026-06-12 13:44:01
2705,40331,21175,1236,1,4021,,0,2024-02-01,2026-07-31,1,101,0,,1,,0,2026-06-12 12:22:43,2026-06-12 12:46:15
2706,40332,21178,1780,1,4021,,0,2026-06-03,2026-06-12,1,101,0,,1,,0,2026-06-12 12:43:36,2026-06-12 12:43:36
2707,40333,3,309,1,4021,,0,2026-06-10,2026-06-27,0,101,0,,1,,0,2026-06-12 12:45:33,2026-06-12 12:45:33
2708,40331,21176,1756,1,,,0,2010-07-01,2014-06-30,1,,0,,1,,0,2026-06-12 12:46:16,2026-06-12 12:46:16
2709,40331,21177,1757,1,,,0,2009-07-01,2010-06-30,1,,0,,1,,0,2026-06-12 12:46:16,2026-06-12 12:46:16
2710,40331,21177,1758,1,,,0,2007-07-01,2008-06-30,1,,0,,1,,0,2026-06-12 12:46:16,2026-06-12 12:46:16
2711,40334,1,1220,1,4021,,0,2026-06-09,2026-06-16,0,101,0,,1,,0,2026-06-12 12:57:42,2026-06-12 12:57:42
2712,40335,3,1220,1,4021,,0,2026-06-01,2026-06-28,0,101,0,,1,,0,2026-06-12 13:12:32,2026-06-12 13:12:32
2713,40340,3,1220,1,4021,,0,2026-06-01,2026-06-28,0,101,0,,1,,0,2026-06-12 16:38:35,2026-06-12 16:38:35
2714,40351,4,1781,1,4021,,0,2026-06-01,2026-06-28,0,101,0,,1,,0,2026-06-13 11:07:56,2026-06-13 11:07:56
2715,40352,114,1300,1,4007,154380,0,2026-01-01,2026-06-20,0,101,0,,1,,0,2026-06-13 11:38:43,2026-06-13 11:57:27
2716,40352,21179,1782,1,,,0,2026-06-01,2026-06-13,1,,0,,1,,0,2026-06-13 11:57:28,2026-06-13 12:12:22
2717,40352,21180,1783,1,,,0,2022-01-01,2022-01-14,1,,0,,1,,0,2026-06-13 11:57:28,2026-06-13 11:57:28
2718,40354,3,1194,1,4007,,0,2025-12-29,2027-12-31,0,101,0,,1,,0,2026-06-13 12:03:57,2026-06-13 12:03:57
2719,40355,21176,1756,1,,,0,2010-07-01,2014-06-30,1,,0,,1,,0,2026-06-13 13:24:05,2026-06-13 13:24:05
2720,40355,21177,1757,1,,,0,2009-07-01,2010-06-30,1,,0,,1,,0,2026-06-13 13:24:05,2026-06-13 13:24:05
2721,40355,21177,1758,1,,,0,2007-07-01,2008-06-30,1,,0,,1,,0,2026-06-13 13:24:05,2026-06-13 13:24:05
2722,40357,2,1542,1,4021,,0,2026-06-01,2026-10-23,1,101,0,,1,,0,2026-06-13 16:07:49,2026-06-13 16:22:06
2723,40360,2,1642,1,4021,,0,2026-06-01,2026-06-25,0,101,0,,1,,0,2026-06-13 16:25:12,2026-06-13 16:25:12
2724,40362,21176,1693,1,4021,,0,2026-06-03,2029-03-16,1,101,0,,1,,0,2026-06-15 11:58:16,2026-06-15 12:06:22
2725,40362,21176,1756,1,4021,,0,2010-07-01,2014-06-30,1,101,0,,1,,0,2026-06-15 12:06:22,2026-06-15 12:17:05
2726,40362,21177,1757,1,4021,,0,2009-07-01,2010-06-30,1,101,0,,1,,0,2026-06-15 12:06:22,2026-06-15 12:18:10
2727,40362,21177,1758,1,,,0,2007-07-01,2008-06-30,1,,0,,1,,0,2026-06-15 12:06:22,2026-06-15 12:06:22
2728,19,2,1194,1,5289,154272,0,2026-06-02,2026-06-27,1,2,0,,1,,0,2026-06-15 12:10:10,2026-06-29 11:29:58
2729,40364,2,1642,1,4021,,0,2026-06-03,2026-06-27,0,101,1,,1,,0,2026-06-15 14:57:28,2026-06-15 14:57:28
2730,40365,20,1642,2,4021,,0,2026-06-01,2026-06-17,,101,0,,1,,0,2026-06-15 14:59:47,2026-06-15 14:59:47
2731,40279,2,309,1,3901,,0,2024-12-30,2026-06-05,0,1,0,,1,,0,2026-06-15 15:01:26,2026-06-15 15:01:26
2732,40366,2,1441,1,4021,,0,2026-06-01,2026-06-26,,101,1,,1,,0,2026-06-15 15:02:22,2026-06-15 15:02:22
2733,40367,2,1219,1,4021,,0,2026-06-03,2026-06-25,,101,1,,1,,0,2026-06-15 15:12:08,2026-06-15 15:12:08
2734,40368,5,1642,1,4021,,0,2026-06-10,2026-06-25,1,101,1,,1,,0,2026-06-15 15:16:00,2026-06-15 15:17:05
2735,40386,21176,1756,1,4021,,0,2010-07-01,2014-06-30,1,101,0,,1,,0,2026-06-16 11:33:27,2026-06-16 11:33:27
2736,40386,21177,1757,1,,,0,2009-07-01,2010-06-30,1,101,0,,1,,0,2026-06-16 11:33:27,2026-06-16 11:33:27
2737,40386,21177,1758,1,,,0,2007-07-01,2008-06-30,1,101,0,,1,,0,2026-06-16 11:33:28,2026-06-16 11:33:28
2738,40388,1,1236,1,4021,154258,0,2026-06-02,2026-06-30,1,101,1,,1,,0,2026-06-16 15:11:22,2026-06-16 15:11:22
2739,40406,1,309,0,,,0,,,0,,1,,1,,0,2026-06-16 18:09:50,2026-06-16 18:09:50
2740,40440,2,1664,1,4021,154386,0,2026-06-01,2026-06-28,1,101,1,,1,,0,2026-06-18 11:01:14,2026-06-18 11:01:14
2741,40448,4,1642,1,4021,154387,0,2026-06-01,2026-06-14,1,101,0,,1,,0,2026-06-18 15:25:45,2026-06-18 15:25:45
2742,40449,2,1642,1,4021,,0,2026-06-19,2026-07-01,1,101,0,,1,,0,2026-06-18 15:34:01,2026-06-18 15:34:01
2743,40450,4,1220,1,4021,,0,2026-06-04,2026-06-25,1,101,0,,1,,0,2026-06-18 18:32:13,2026-06-18 18:32:13
2744,40119,21181,1233,1,3875,154382,0,2025-09-01,2026-06-19,1,1,0,,1,,0,2026-06-19 11:48:18,2026-06-19 11:48:18
2745,40119,21182,1784,1,4017,154376,0,2026-06-01,2026-06-30,1,101,0,,1,,0,2026-06-19 12:42:19,2026-06-19 12:42:19
2746,40265,21183,1233,1,4027,154390,0,2022-06-18,2025-12-15,1,101,0,,1,,1,2026-06-19 13:30:26,2026-07-09 17:55:01
2747,40452,21184,1233,1,4022,154382,0,2020-01-01,2022-02-04,1,101,0,,1,,0,2026-06-19 16:05:09,2026-06-19 16:05:09
2748,40119,177,1785,1,4037,154376,0,2026-04-01,2028-12-20,1,101,0,,1,,0,2026-06-20 13:23:15,2026-06-20 15:59:47
2749,40119,1,1642,1,4029,154395,0,2026-06-04,2026-06-25,1,101,0,,1,,0,2026-06-20 16:00:22,2026-06-20 16:04:47
2750,40119,2,1739,1,1032,,0,2026-06-01,2026-06-24,1,101,0,,1,,1,2026-06-20 16:33:45,2026-06-20 16:39:01
2751,40119,3,1220,1,4021,,0,2026-06-03,2026-06-30,1,101,0,,1,,1,2026-06-20 16:39:35,2026-06-20 16:40:23
2752,40119,3,1220,1,3901,154396,0,2026-06-05,2026-06-29,1,1,0,,1,,1,2026-06-20 16:40:41,2026-06-20 16:41:10
2753,40290,2,309,1,3529,154397,0,2026-05-31,2026-06-30,1,101,0,,1,,1,2026-06-20 16:48:07,2026-06-20 16:48:17
2754,40465,21175,1236,1,4021,,0,2026-06-02,2026-10-30,1,101,0,"uploads/document/ac5998bc3968d69719a0c5cc5c417e2c886d485c04509c751d8d378a08fac678.pdf,uploads/document/fd6b91ef16cfbcfe0b2903fa6d3a0bad579fe3df462ae289feab4b8af2dc3fe5.pdf,uploads/document/679583e518fdad767ce6a2472fa575a38d283aa86e1137820db3dcfa4b0a7dcb.png,",1,,0,2026-06-22 17:49:34,2026-06-22 17:49:34
2755,40469,21185,1786,1,4021,,0,2026-06-03,2026-06-05,1,101,0,,1,,1,2026-06-23 12:25:18,2026-06-23 12:25:52
2756,40471,21186,1233,1,4021,,0,2021-01-01,2024-12-23,1,101,0,,1,,1,2026-06-23 13:01:04,2026-06-23 15:18:09
2757,39001,1,1220,1,4023,154277,0,2025-06-23,2026-06-23,0,101,0,,1,,0,2026-06-23 14:50:33,2026-06-23 14:50:33
2758,40471,21186,1233,1,,,0,2021-01-01,2024-12-23,1,,0,,1,,1,2026-06-23 15:04:22,2026-06-23 15:18:13
2759,40471,21186,1233,1,,,0,2021-01-01,2024-12-23,1,,0,,1,,1,2026-06-23 15:09:09,2026-06-23 15:18:17
2760,40471,21186,1233,1,,,0,2021-01-01,2024-12-23,1,,0,,1,,1,2026-06-23 15:11:31,2026-06-23 15:18:21
2761,40471,21186,1233,1,,,0,2021-01-01,2024-12-23,1,,0,,1,,1,2026-06-23 15:11:31,2026-06-23 15:18:25
2762,40471,21186,1233,1,,,0,2021-01-01,2024-12-23,1,,0,,1,,1,2026-06-23 15:11:31,2026-06-23 15:18:30
2763,40471,3,1219,1,,,0,2026-06-04,,1,,0,,1,,0,2026-06-23 15:33:40,2026-06-23 15:41:45
2764,40471,21186,1233,1,4021,154228,0,2021-01-01,2024-12-21,1,101,0,,1,,0,2026-06-23 15:41:45,2026-06-23 15:41:45
2765,40475,21186,1233,1,4021,154228,0,2021-01-01,2024-12-21,1,101,0,,1,,0,2026-06-24 13:10:38,2026-06-24 13:10:38
2766,40499,21176,1236,1,4021,,0,2026-06-03,2026-07-31,1,101,1,"uploads/document/c61523c01f2e5ad73048a7a68fc68bc02d746d1e0317a6c95bc188470995c584.png,uploads/document/07c0369e861931dae94950a05f3e343fe994f4d8540c974617f1e06453ff1427.png,",1,,0,2026-06-29 11:43:57,2026-06-29 11:43:57
2767,40502,21176,1756,2,,,0,2010-07-01,2014-06-30,1,,0,,1,,0,2026-06-29 11:44:03,2026-06-29 11:44:03
2768,40502,21177,1757,2,,,0,2009-07-01,2010-06-30,1,,0,,1,,0,2026-06-29 11:44:04,2026-06-29 11:44:04
2769,40502,21177,1758,2,,,0,2007-07-01,2008-06-30,1,,0,,1,,0,2026-06-29 11:44:05,2026-06-29 11:44:05
2770,40290,1,1642,1,,,0,2026-06-03,,1,,0,,1,,0,2026-06-29 12:02:59,2026-07-01 13:45:32
2771,40503,2,1642,1,4021,,0,2026-06-03,2026-06-05,1,101,1,,1,,0,2026-06-29 12:06:37,2026-06-29 12:06:37
2772,40534,21176,1756,1,4021,,0,2010-07-01,2014-06-30,1,101,0,,1,,0,2026-07-01 11:21:45,2026-07-01 11:21:45
2773,40534,21177,1757,1,,,0,2009-07-01,2010-06-30,1,101,0,,1,,0,2026-07-01 11:21:45,2026-07-01 11:21:45
2774,40534,21177,1758,1,,,0,2007-07-01,2008-06-30,1,101,0,,1,,0,2026-07-01 11:21:45,2026-07-01 11:21:45
2775,40538,1,309,1,4023,154278,0,2026-07-01,2026-07-02,0,101,1,"uploads/document/cd2ac9eaab31f22511a9da39b36d25e393df0cb888f3efa67e40280071c46bf1.pdf,",1,,0,2026-07-01 12:42:21,2026-07-01 12:42:21
2776,40290,2,309,1,4021,,0,2026-06-19,,1,101,0,,1,,0,2026-07-01 13:45:33,2026-07-01 13:45:33
2777,40548,3,1642,0,,,0,,,0,,1,,1,,0,2026-07-01 15:51:09,2026-07-01 15:51:09
2778,40551,3,1220,1,4021,,0,2026-07-01,2026-07-16,1,101,0,,1,,0,2026-07-01 17:01:59,2026-07-01 17:03:27
2779,40551,21176,1756,2,,,0,2010-07-01,2014-06-30,1,,0,,1,,0,2026-07-01 17:03:28,2026-07-01 17:03:28
2780,40551,21177,1757,2,,,0,2009-07-01,2010-06-30,1,,0,,1,,0,2026-07-01 17:03:28,2026-07-01 17:03:28
2781,40551,21177,1758,2,,,0,2007-07-01,2008-06-30,1,,0,,1,,0,2026-07-01 17:03:28,2026-07-01 17:03:28
2782,40553,21176,1756,1,4021,,0,2010-07-01,2014-06-30,1,101,0,,1,,0,2026-07-01 17:42:52,2026-07-01 17:42:52
2783,40553,21177,1757,2,,,0,2009-07-01,2010-06-30,1,,0,,1,,0,2026-07-01 17:42:55,2026-07-01 17:42:55
2784,40553,21177,1758,2,,,0,2007-07-01,2008-06-30,1,,0,,1,,0,2026-07-01 17:42:59,2026-07-01 17:42:59
2785,40554,21176,1756,1,4021,,0,2010-07-01,2014-06-30,1,101,0,,1,,0,2026-07-01 18:37:52,2026-07-01 18:37:52
2786,40554,21177,1757,2,,,0,2009-07-01,2010-06-30,1,,0,,1,,0,2026-07-01 18:37:53,2026-07-01 18:37:53
2787,40554,21177,1758,2,,,0,2007-07-01,2008-06-30,1,,0,,1,,0,2026-07-01 18:37:53,2026-07-01 18:37:53
2788,40556,1,1642,0,,,0,,,0,,1,,1,,0,2026-07-02 10:51:56,2026-07-02 10:51:56
2789,40559,1,1642,1,4021,,0,2025-07-02,2026-07-02,1,101,1,,1,,0,2026-07-02 11:05:14,2026-07-02 11:05:14
2790,40560,1,1194,1,4021,,0,2025-07-02,2026-07-02,1,101,1,,1,,0,2026-07-02 11:15:01,2026-07-02 11:15:01
2791,40561,1,1642,0,,,0,,,0,,1,,1,,0,2026-07-02 11:36:05,2026-07-02 11:36:05
2792,40562,1,1642,0,,,0,2025-07-02,2026-07-31,1,,1,,1,,0,2026-07-02 11:58:10,2026-07-02 11:58:10
2793,40566,1,309,1,4021,,0,2025-09-02,2026-07-01,1,101,1,,1,,0,2026-07-02 17:00:01,2026-07-02 17:00:01
2794,40567,1,1642,0,,,0,2021-07-02,2026-07-03,1,,1,,1,,0,2026-07-02 17:02:34,2026-07-02 17:02:34
2795,40574,1,309,0,,,0,2025-07-02,,1,,1,,1,,0,2026-07-02 18:06:02,2026-07-02 18:06:02
2796,40577,1,1194,0,,,0,2022-07-03,2026-07-04,1,,1,,1,,0,2026-07-03 10:40:07,2026-07-03 10:40:07
2797,40579,1,1642,0,,,0,2025-07-03,2026-07-03,1,,1,,1,,0,2026-07-03 11:06:37,2026-07-03 11:06:37
2798,40586,1,309,0,,,0,2025-07-03,,1,,1,,1,,0,2026-07-03 12:36:46,2026-07-03 12:36:46
2799,40589,1,309,0,,,0,2025-07-03,,1,,1,,1,,0,2026-07-03 15:10:53,2026-07-03 15:10:53
2800,40594,1,309,0,,,0,2025-07-03,2026-07-04,1,,1,,1,,0,2026-07-03 15:52:27,2026-07-03 15:52:27
2801,40622,2,309,2,4021,,0,2026-07-08,2026-07-22,1,101,0,,1,,0,2026-07-04 13:49:07,2026-07-04 13:49:07
2802,40648,1,1220,1,4021,,0,2026-07-08,2026-07-23,1,101,1,,1,,0,2026-07-07 15:19:37,2026-07-07 15:19:37
2803,40649,3,1194,2,4021,,0,2026-06-30,2026-07-24,1,101,1,,1,,0,2026-07-07 15:23:11,2026-07-07 15:23:11
2804,40655,1,1642,0,,,0,2025-07-07,,1,,1,,1,,0,2026-07-07 18:28:26,2026-07-07 18:28:26
2815,40659,21176,1756,2,,,0,2010-07-01,2014-06-30,0,,0,,1,,0,2026-07-08 15:07:22,2026-07-08 15:07:22
2816,40659,21177,1757,2,,,0,2009-07-01,2010-06-30,0,,0,,1,,0,2026-07-08 15:07:22,2026-07-08 15:07:22
2817,40659,21177,1758,2,,,0,2007-07-01,2008-06-30,0,,0,,1,,0,2026-07-08 15:07:23,2026-07-08 15:07:23
2818,40659,2,1220,1,4023,154280,0,2026-07-01,2026-07-31,1,101,1,,1,,0,2026-07-08 15:39:48,2026-07-08 15:47:04
2819,40449,28,1783,1,3871,108,0,2022-02-09,2024-06-11,0,1,1,,1,,1,2026-07-09 13:05:54,2026-07-09 13:07:55
2820,40265,21176,1756,2,,,0,2010-07-01,2014-06-30,1,,0,,1,,0,2026-07-09 17:56:03,2026-07-09 17:56:03
2821,40265,21177,1757,2,,,0,2009-07-01,2010-06-30,1,,0,,1,,0,2026-07-09 17:56:03,2026-07-09 17:56:03
2822,40265,21177,1758,2,,,0,2007-07-01,2008-06-30,1,,0,,1,,0,2026-07-09 17:56:03,2026-07-09 17:56:03
2823,40674,1,309,0,,,0,2025-07-10,2026-07-30,0,,1,,1,,0,2026-07-10 15:16:53,2026-07-10 15:16:53
2824,40682,1,1760,1,4021,154094,0,2026-07-14,2026-07-22,1,101,1,,1,,0,2026-07-11 18:09:35,2026-07-11 18:09:35
2825,40684,1,309,1,4021,154094,0,2026-07-01,2026-07-09,0,101,1,,1,,0,2026-07-13 14:37:38,2026-07-13 14:37:38
