id,sender,receiver,message,doc,type,link,redirect,is_viewed,slug,is_deleted,create_date,modify_date
1,1,2,Diya Seth followed you!,,,/dashboard/company/requests?tab=follow,,1,,1,2025-03-24 12:15:32,2025-03-24 12:15:32
2,4,2,Rudraksh Narula has sent an approval for the experience,,,/dashboard/company/employments,,1,,1,2025-03-24 12:22:36,2025-03-24 12:22:36
3,2,4,"Rudraksh Narula, your experience as Ceo at Collar Check Pvt. Ltd. has accepted!",,employment,/dashboard/user/employment,,0,,1,2025-03-24 12:23:15,2025-03-24 12:23:15
4,4,2,Rudraksh Narula send a salary/designation request to you!,,,/dashboard/company/employments,,1,,1,2025-03-24 12:54:07,2025-03-24 12:54:07
5,4,2,Rudraksh Narula send a salary/designation request to you!,,,/dashboard/company/employments,,1,,1,2025-03-24 12:54:28,2025-03-24 12:54:28
6,19,2,rakesh maurya has sent an approval for the experience,,,/dashboard/company/employments,,1,,1,2025-03-24 13:23:21,2025-03-24 13:23:21
7,30,31,PAWAN KUMAR has sent an approval for the experience,,,/dashboard/company/employments,,0,,0,2025-03-24 14:05:12,2025-03-24 14:05:12
8,22,3,Ashish Mishra has sent an approval for the experience,,,/dashboard/company/employments,,0,,0,2025-03-24 14:20:24,2025-03-24 14:20:24
9,1,35,Diya Seth has sent an approval for the experience,,,/dashboard/company/employments,,0,,0,2025-03-24 14:30:01,2025-03-24 14:30:01
10,1,35,Diya Seth has sent an approval for the experience,,,/dashboard/company/employments,,0,,0,2025-03-24 14:30:24,2025-03-24 14:30:24
11,22,3,Ashish Mishra has sent an approval for the experience,,,/dashboard/company/employments,,0,,0,2025-03-24 14:41:27,2025-03-24 14:41:27
12,4,2,"Hi, Collar Check Pvt. Ltd. you got a review from Rudraksh Narula",,,/dashboard/company/reviews,,1,,1,2025-03-24 15:41:39,
13,44,47,VAISAKH Odamvalappil Tharammal has sent an approval for the experience,,,/dashboard/company/employments,,0,,0,2025-03-24 16:44:04,2025-03-24 16:44:04
14,41,5,Nishant Saxena has sent an approval for the experience,,,/dashboard/company/employments,,0,,0,2025-03-24 16:56:26,2025-03-24 16:56:26
15,41,56,Nishant Saxena has sent an approval for the experience,,,/dashboard/company/employments,,0,,0,2025-03-24 16:58:43,2025-03-24 16:58:43
16,41,58,Nishant Saxena has sent an approval for the experience,,,/dashboard/company/employments,,0,,0,2025-03-24 17:02:04,2025-03-24 17:02:04
17,42,5,Ravi Ranjan Kumar Mehta has sent an approval for the experience,,,/dashboard/company/employments,,0,,0,2025-03-24 17:02:08,2025-03-24 17:02:08
18,45,5,Garima Wadhwa has sent an approval for the experience,,,/dashboard/company/employments,,0,,0,2025-03-24 17:02:39,2025-03-24 17:02:39
19,41,56,Nishant Saxena has sent an approval for the experience,,,/dashboard/company/employments,,0,,0,2025-03-24 17:03:26,2025-03-24 17:03:26
20,41,56,Nishant Saxena has sent an approval for the experience,,,/dashboard/company/employments,,0,,0,2025-03-24 17:03:50,2025-03-24 17:03:50
21,48,3,Deepak Mishra has sent an approval for the experience,,,/dashboard/company/employments,,0,,0,2025-03-24 17:06:19,2025-03-24 17:06:19
22,42,5,Ravi Ranjan Kumar Mehta has sent an approval for the experience,,,/dashboard/company/employments,,0,,0,2025-03-24 17:06:29,2025-03-24 17:06:29
23,32,3,Pawan Basist has sent an approval for the experience,,,/dashboard/company/employments,,0,,0,2025-03-24 17:07:14,2025-03-24 17:07:14
24,45,27,Garima Wadhwa Request to follow you!,,,/dashboard/user/requests?tab=follow,,0,,0,2025-03-24 17:10:43,2025-03-24 17:10:43
25,45,5,Garima Wadhwa followed you!,,,/dashboard/company/requests?tab=follow,,0,,0,2025-03-24 17:11:18,2025-03-24 17:11:18
26,32,62,Pawan Basist has sent an approval for the experience,,,/dashboard/company/employments,,0,,0,2025-03-24 17:11:55,2025-03-24 17:11:55
27,51,5,Shakshi Rana has sent an approval for the experience,,,/dashboard/company/employments,,0,,0,2025-03-24 17:12:50,2025-03-24 17:12:50
28,48,64,Deepak Mishra has sent an approval for the experience,,,/dashboard/company/employments,,0,,0,2025-03-24 17:13:43,2025-03-24 17:13:43
29,26,3,Sonali Batra has sent an approval for the experience,,,/dashboard/company/employments,,0,,0,2025-03-24 17:13:56,2025-03-24 17:13:56
30,32,66,Pawan Basist has sent an approval for the experience,,,/dashboard/company/employments,,0,,0,2025-03-24 17:16:50,2025-03-24 17:16:50
31,48,67,Deepak Mishra has sent an approval for the experience,,,/dashboard/company/employments,,0,,0,2025-03-24 17:17:00,2025-03-24 17:17:00
32,40,3,Banita Bhola has sent an approval for the experience,,,/dashboard/company/employments,,0,,0,2025-03-24 17:17:54,2025-03-24 17:17:54
33,63,3,Manmeet Kaur has sent an approval for the experience,,,/dashboard/company/employments,,0,,0,2025-03-24 17:19:23,2025-03-24 17:19:23
34,3,40,"Banita Bhola, your experience as Talent Recruiter at MED FRESHE PRIVATE LTD has accepted!",,employment,/dashboard/user/employment,,0,,0,2025-03-24 17:19:25,2025-03-24 17:19:25
35,57,5,Prinshu Tripathi has sent an approval for the experience,,,/dashboard/company/employments,,0,,0,2025-03-24 17:21:53,2025-03-24 17:21:53
36,57,5,Prinshu Tripathi has sent an approval for the experience,,,/dashboard/company/employments,,0,,0,2025-03-24 17:22:44,2025-03-24 17:22:44
37,57,5,Prinshu Tripathi has sent an approval for the experience,,,/dashboard/company/employments,,0,,0,2025-03-24 17:23:21,2025-03-24 17:23:21
38,57,5,Prinshu Tripathi has sent an approval for the experience,,,/dashboard/company/employments,,0,,0,2025-03-24 17:24:40,2025-03-24 17:24:40
39,63,3,Manmeet Kaur has sent an approval for the experience,,,/dashboard/company/employments,,0,,0,2025-03-24 17:25:30,2025-03-24 17:25:30
40,14,2,Rohit Kumar has sent an approval for the experience,,,/dashboard/company/employments,,1,,1,2025-03-24 17:26:06,2025-03-24 17:26:06
41,57,5,Prinshu Tripathi has sent an approval for the experience,,,/dashboard/company/employments,,0,,0,2025-03-24 17:26:28,2025-03-24 17:26:28
42,57,5,Prinshu Tripathi has sent an approval for the experience,,,/dashboard/company/employments,,0,,0,2025-03-24 17:27:45,2025-03-24 17:27:45
43,32,60,Pawan  Request to follow you!,,,/dashboard/user/requests?tab=follow,,1,,0,2025-03-24 17:29:33,2025-03-24 17:29:33
44,57,5,Prinshu Tripathi has sent an approval for the experience,,,/dashboard/company/employments,,0,,0,2025-03-24 17:29:37,2025-03-24 17:29:37
45,32,33,Pawan  Request to follow you!,,,/dashboard/user/requests?tab=follow,,1,,0,2025-03-24 17:29:57,2025-03-24 17:29:57
46,57,5,Prinshu Tripathi has sent an approval for the experience,,,/dashboard/company/employments,,0,,0,2025-03-24 17:30:08,2025-03-24 17:30:08
47,32,65,Pawan  Request to follow you!,,,/dashboard/user/requests?tab=follow,,0,,0,2025-03-24 17:30:16,2025-03-24 17:30:16
48,32,25,Pawan  Request to follow you!,,,/dashboard/user/requests?tab=follow,,1,,0,2025-03-24 17:30:41,2025-03-24 17:30:41
49,57,5,Prinshu Tripathi has sent an approval for the experience,,,/dashboard/company/employments,,0,,0,2025-03-24 17:30:56,2025-03-24 17:30:56
50,32,22,Pawan  Request to follow you!,,,/dashboard/user/requests?tab=follow,,1,,0,2025-03-24 17:31:12,2025-03-24 17:31:12
51,32,63,Pawan  Request to follow you!,,,/dashboard/user/requests?tab=follow,,0,,0,2025-03-24 17:31:24,2025-03-24 17:31:24
52,32,55,Pawan  Request to follow you!,,,/dashboard/user/requests?tab=follow,,1,,0,2025-03-24 17:32:03,2025-03-24 17:32:03
53,14,2,Rohit Kumar has sent an approval for the experience,,,/dashboard/company/employments,,1,,1,2025-03-24 17:32:18,2025-03-24 17:32:18
54,57,5,Prinshu Tripathi has sent an approval for the experience,,,/dashboard/company/employments,,0,,0,2025-03-24 17:32:23,2025-03-24 17:32:23
55,57,5,Prinshu Tripathi has sent an approval for the experience,,,/dashboard/company/employments,,0,,0,2025-03-24 17:34:37,2025-03-24 17:34:37
56,18,5,Kartik Mehra has sent an approval for the experience,,,/dashboard/company/employments,,0,,0,2025-03-24 17:34:49,2025-03-24 17:34:49
57,18,5,Kartik Mehra has sent an approval for the experience,,,/dashboard/company/employments,,0,,0,2025-03-24 17:35:40,2025-03-24 17:35:40
58,57,5,Prinshu Tripathi has sent an approval for the experience,,,/dashboard/company/employments,,0,,0,2025-03-24 17:35:50,2025-03-24 17:35:50
59,49,68,Dharmendra Kumar has sent an approval for the experience,,,/dashboard/company/employments,,0,,0,2025-03-24 17:36:03,2025-03-24 17:36:03
60,14,2,Rohit Kumar has sent an approval for the experience,,,/dashboard/company/employments,,1,,1,2025-03-24 17:36:36,2025-03-24 17:36:36
61,65,32,"HARISH BATHLA, Accepted your request!",,,/employee/harish-bathla-cce212522,,0,,1,2025-03-24 17:39:17,2025-03-24 17:39:17
62,48,49,Deepak Mishra Request to follow you!,,,/dashboard/user/requests?tab=follow,,0,,1,2025-03-24 17:39:52,2025-03-24 17:39:52
63,60,69,Gurpreet Kaur has sent an approval for the experience,,,/dashboard/company/employments,,0,,0,2025-03-24 17:40:48,2025-03-24 17:40:48
64,60,70,Gurpreet Kaur has sent an approval for the experience,,,/dashboard/company/employments,,0,,0,2025-03-24 17:43:47,2025-03-24 17:43:47
65,65,3,HARISH BATHLA has sent an approval for the experience,,,/dashboard/company/employments,,0,,0,2025-03-24 17:45:06,2025-03-24 17:45:06
66,49,48,"Dharmendra Kumar, Accepted your request!",,,/employee/dharmendra-kumar-cce823370,,0,,0,2025-03-24 17:47:12,2025-03-24 17:47:12
67,49,48,Dharmendra Kumar Request to follow you!,,,/dashboard/user/requests?tab=follow,,1,,0,2025-03-24 17:47:47,2025-03-24 17:47:47
68,60,71,Gurpreet Kaur has sent an approval for the experience,,,/dashboard/company/employments,,0,,0,2025-03-24 17:49:33,2025-03-24 17:49:33
69,48,49,"Deepak Mishra, Accepted your request!",,,/employee/deepak-mishra-cce967199,,0,,1,2025-03-24 17:50:58,2025-03-24 17:50:58
70,48,53,Deepak Mishra Request to follow you!,,,/dashboard/user/requests?tab=follow,,1,,0,2025-03-24 17:51:10,2025-03-24 17:51:10
71,48,65,Deepak Mishra Request to follow you!,,,/dashboard/user/requests?tab=follow,,0,,0,2025-03-24 17:51:53,2025-03-24 17:51:53
72,60,72,Gurpreet Kaur has sent an approval for the experience,,,/dashboard/company/employments,,0,,0,2025-03-24 17:52:26,2025-03-24 17:52:26
73,49,68,Dharmendra Kumar has sent an approval for the experience,,,/dashboard/company/employments,,0,,0,2025-03-24 17:52:30,2025-03-24 17:52:30
74,53,48,"Sunil Kumar, Accepted your request!",,,/employee/sunil-kumar-cce611500,,0,,0,2025-03-24 17:53:12,2025-03-24 17:53:12
75,65,48,"HARISH BATHLA, Accepted your request!",,,/employee/harish-bathla-cce212522,,1,,0,2025-03-24 17:53:35,2025-03-24 17:53:35
76,49,68,Dharmendra Kumar has sent an approval for the experience,,,/dashboard/company/employments,,0,,0,2025-03-24 17:55:30,2025-03-24 17:55:30
77,49,73,Dharmendra Kumar has sent an approval for the experience,,,/dashboard/company/employments,,0,,0,2025-03-24 17:57:52,2025-03-24 17:57:52
78,60,3,Gurpreet Kaur has sent an approval for the experience,,,/dashboard/company/employments,,0,,0,2025-03-24 17:59:49,2025-03-24 17:59:49
79,49,68,Dharmendra Kumar has sent an approval for the experience,,,/dashboard/company/employments,,0,,0,2025-03-24 18:00:00,2025-03-24 18:00:00
80,60,32,"Gurpreet Kaur, Accepted your request!",,,/employee/gurpreet-kaur-cce099303,,0,,1,2025-03-24 18:00:16,2025-03-24 18:00:16
81,53,74,Sunil Kumar has sent an approval for the experience,,,/dashboard/company/employments,,0,,0,2025-03-24 18:03:16,2025-03-24 18:03:16
82,3,48,"Hi, Deepak Mishra your employment have been updated by MED FRESHE PRIVATE LTD",,employment,/dashboard/user/employment,,1,,0,2025-03-24 18:04:08,2025-03-24 18:04:08
83,53,74,Sunil Kumar has sent an approval for the experience,,,/dashboard/company/employments,,0,,0,2025-03-24 18:06:40,2025-03-24 18:06:40
84,53,48,Sunil Kumar Request to follow you!,,,/dashboard/user/requests?tab=follow,,0,,1,2025-03-24 18:07:13,2025-03-24 18:07:13
85,60,32,Gurpreet Kaur Request to follow you!,,,/dashboard/user/requests?tab=follow,,1,,1,2025-03-24 18:08:13,2025-03-24 18:08:13
86,3,22,"Hi, Ashish Mishra your employment have been updated by MED FRESHE PRIVATE LTD",,employment,/dashboard/user/employment,,1,,0,2025-03-24 18:08:57,2025-03-24 18:08:57
87,60,65,Gurpreet Kaur Request to follow you!,,,/dashboard/user/requests?tab=follow,,0,,0,2025-03-24 18:09:06,2025-03-24 18:09:06
88,65,60,"Harish Bathla, Accepted your request!",,,/employee/harish-bathla-cce212522,,1,,0,2025-03-24 18:09:27,2025-03-24 18:09:27
89,48,53,"Deepak Mishra, Accepted your request!",,,/employee/deepak-mishra-cce967199,,1,,0,2025-03-24 18:09:32,2025-03-24 18:09:32
90,60,41,Gurpreet Kaur Request to follow you!,,,/dashboard/user/requests?tab=follow,,0,,1,2025-03-24 18:09:37,2025-03-24 18:09:37
91,60,3,Gurpreet Kaur followed you!,,,/dashboard/company/requests?tab=follow,,0,,0,2025-03-24 18:09:52,2025-03-24 18:09:52
92,60,5,Gurpreet Kaur followed you!,,,/dashboard/company/requests?tab=follow,,0,,0,2025-03-24 18:10:00,2025-03-24 18:10:00
93,65,3,Harish Bathla followed you!,,,/dashboard/company/requests?tab=follow,,0,,0,2025-03-24 18:10:25,2025-03-24 18:10:25
94,48,3,Deepak Mishra send a salary/designation request to you!,,,/dashboard/company/employments,,0,,0,2025-03-24 18:13:41,2025-03-24 18:13:41
95,32,60,"Pawan Basist, Accepted your request!",,,/employee/pawan-basist-cce349373,,1,,0,2025-03-24 18:17:56,2025-03-24 18:17:56
96,3,32,"Pawan , your experience as Deputy Manager Service at MED FRESHE PRIVATE LTD has accepted!",,employment,/dashboard/user/employment,,1,,1,2025-03-24 18:43:34,2025-03-24 18:43:34
97,3,60,"Hi, Gurpreet Kaur your employment have been updated by MED FRESHE PRIVATE LTD",,employment,/dashboard/user/employment,,1,,0,2025-03-24 18:44:31,2025-03-24 18:44:31
98,65,3,Harish Bathla has sent an approval for the experience,,,/dashboard/company/employments,,0,,0,2025-03-24 18:51:22,2025-03-24 18:51:22
99,65,3,Harish Bathla has sent an approval for the experience,,,/dashboard/company/employments,,0,,0,2025-03-24 18:53:35,2025-03-24 18:53:35
100,3,65,"Harish Bathla, your experience as Service coordinator at MED FRESHE PRIVATE LTD has accepted!",,employment,/dashboard/user/employment,,0,,0,2025-03-24 18:53:59,2025-03-24 18:53:59
101,76,3,PREETI CHAUDHARY has sent an approval for the experience,,,/dashboard/company/employments,,1,,0,2025-03-24 19:02:25,2025-03-24 19:02:25
102,41,60,"Nishant Saxena, Accepted your request!",,,/employee/nishant-saxena-cce568867,,1,,0,2025-03-24 20:48:43,2025-03-24 20:48:43
103,1,1,Diya Seth Request to follow you!,,,/dashboard/user/requests?tab=follow,,0,,1,2025-03-24 20:54:30,2025-03-24 20:54:30
104,22,32,"Ashish Mishra, Accepted your request!",,,/employee/ashish-mishra-cce794768,,0,,1,2025-03-24 22:32:20,2025-03-24 22:32:20
105,22,32,Ashish Mishra Request to follow you!,,,/dashboard/user/requests?tab=follow,,1,,1,2025-03-24 23:00:16,2025-03-24 23:00:16
106,75,3,Donlang Phira has sent an approval for the experience,,,/dashboard/company/employments,,1,,0,2025-03-24 23:43:33,2025-03-24 23:43:33
107,18,5,Kartik Mehra has sent an approval for the experience,,,/dashboard/company/employments,,0,,0,2025-03-25 07:13:25,2025-03-25 07:13:25
108,59,5,Satyendra Kumar has sent an approval for the experience,,,/dashboard/company/employments,,0,,0,2025-03-25 07:43:38,2025-03-25 07:43:38
109,79,89,Ravinder Kumar Jalali has sent an approval for the experience,,,/dashboard/company/employments,,0,,0,2025-03-25 11:39:56,2025-03-25 11:39:56
110,19,2,Vikas Kumar has sent an approval for the experience,,,/dashboard/company/employments,,1,,1,2025-03-25 11:48:17,2025-03-25 11:48:17
111,1,1,"Diya Seth, Accepted your request!",,,/employee/diya-seth-cce127113,,0,,1,2025-03-25 11:49:14,2025-03-25 11:49:14
112,19,2,Vikas Kumar has sent an approval for the experience,,,/dashboard/company/employments,,1,,1,2025-03-25 12:11:07,2025-03-25 12:11:07
113,19,2,Vikas Kumar has sent an approval for the experience,,,/dashboard/company/employments,,1,,1,2025-03-25 13:19:40,2025-03-25 13:19:40
114,19,2,Rakesh Dev has sent an approval for the experience,,,/dashboard/company/employments,,1,,1,2025-03-25 13:34:43,2025-03-25 13:34:43
115,19,2,Rakesh Dev has sent an approval for the experience,,,/dashboard/company/employments,,1,,1,2025-03-25 13:49:10,2025-03-25 13:49:10
116,88,2,Nik Davis has sent an approval for the experience,,,/dashboard/company/employments,,1,,1,2025-03-25 15:20:40,2025-03-25 15:20:40
117,88,14,Nik Davis Request to follow you!,,,/dashboard/user/requests?tab=follow,,1,,0,2025-03-25 15:29:03,2025-03-25 15:29:03
118,88,19,Nik Davis Request to follow you!,,,/dashboard/user/requests?tab=follow,,1,,1,2025-03-25 15:30:02,2025-03-25 15:30:02
119,14,13,Rohit Kumar has sent an approval for the experience,,,/dashboard/company/employments,,1,,1,2025-03-25 16:10:57,2025-03-25 16:10:57
120,14,13,Rohit Kumar followed you!,,,/dashboard/company/requests?tab=follow,,1,,1,2025-03-25 16:12:11,2025-03-25 16:12:11
121,4,5,Rudraksh Narula has sent an approval for the experience,,,/dashboard/company/employments,,0,,0,2025-03-25 17:05:55,2025-03-25 17:05:55
122,4,3,Rudraksh Narula has sent an approval for the experience,,,/dashboard/company/employments,,1,,0,2025-03-25 17:06:46,2025-03-25 17:06:46
123,3,4,"Rudraksh Narula, your experience as Director at MED FRESHE PRIVATE LTD has accepted!",,employment,/dashboard/user/employment,,0,,0,2025-03-25 17:14:46,2025-03-25 17:14:46
124,3,75,"Donlang Phira, your experience as Executive director at MED FRESHE PRIVATE LTD has accepted!",,employment,/dashboard/user/employment,,0,,0,2025-03-25 17:15:41,2025-03-25 17:15:41
125,3,26,"Hi, SONALI BATRA your employment have been updated by MED FRESHE PRIVATE LTD",,employment,/dashboard/user/employment,,0,,1,2025-03-25 17:17:47,2025-03-25 17:17:47
126,3,49,"Hi, Dharmendra Kumar your employment have been updated by MED FRESHE PRIVATE LTD",,employment,/dashboard/user/employment,,0,,1,2025-03-25 17:22:06,2025-03-25 17:22:06
127,3,76,"Hi, PREETI CHAUDHARY your employment have been updated by MED FRESHE PRIVATE LTD",,employment,/dashboard/user/employment,,0,,0,2025-03-25 17:24:34,2025-03-25 17:24:34
128,25,32,"Palak Anand, Accepted your request!",,,/employee/palak-anand-cce647275,,0,,1,2025-03-25 17:34:55,2025-03-25 17:34:55
129,14,2,Rohit Kumar has sent an approval for the experience,,,/dashboard/company/employments,,1,,1,2025-03-25 17:39:04,2025-03-25 17:39:04
130,49,3,"Hi, MED FRESHE PRIVATE LTD you got a review from Dharmendra Kumar",,,/dashboard/company/reviews,,0,,0,2025-03-25 17:43:57,
131,14,2,Rohit Kumar has sent an approval for the experience,,,/dashboard/company/employments,,1,,1,2025-03-25 17:45:26,2025-03-25 17:45:26
132,49,3,"Hi, MED FRESHE PRIVATE LTD you got a review from Dharmendra Kumar",,,/dashboard/company/reviews,,0,,0,2025-03-25 17:51:32,
133,49,3,"Hi, MED FRESHE PRIVATE LTD you got a review from Dharmendra Kumar",,,/dashboard/company/reviews,,1,,0,2025-03-25 17:52:34,
134,45,5,Garima Wadhwa has sent an approval for the experience,,,/dashboard/company/employments,,0,,0,2025-03-25 17:54:52,2025-03-25 17:54:52
135,13,14,"Rohit Kumar, your experience as Ceo at InnoTech Solutions has accepted!",,employment,/dashboard/user/employment,,1,,0,2025-03-25 17:54:56,2025-03-25 17:54:56
136,45,5,Garima Wadhwa has sent an approval for the experience,,,/dashboard/company/employments,,0,,0,2025-03-25 17:56:10,2025-03-25 17:56:10
137,14,13,"Hi, InnoTech Solutions you got a review from Rohit Kumar",,,/dashboard/company/reviews,,0,,1,2025-03-25 17:56:39,
138,14,13,"Hi, InnoTech Solutions you got a review from Rohit Kumar",,,/dashboard/company/reviews,,0,,1,2025-03-25 17:57:00,
139,2,4,"Hi, Rudraksh Narula you got a review from Collar Check Pvt. Ltd.",,employment,/dashboard/user/employment,,0,,0,2025-03-25 17:57:18,
140,14,13,"Hi, InnoTech Solutions you got a review from Rohit Kumar",,,/dashboard/company/reviews,,1,,1,2025-03-25 17:58:24,
141,5,4,"Rudraksh Narula, your experience as Director at NARULA EXPORTS has accepted!",,employment,/dashboard/user/employment,,0,,0,2025-03-25 17:58:59,2025-03-25 17:58:59
142,5,18,"Hi, Kartik Mehra your employment have been updated by NARULA EXPORTS",,employment,/dashboard/user/employment,,1,,1,2025-03-25 18:01:51,2025-03-25 18:01:51
143,5,59,"Hi, Satyendra Kumar your employment have been updated by NARULA EXPORTS",,employment,/dashboard/user/employment,,1,,1,2025-03-25 18:02:55,2025-03-25 18:02:55
144,5,57,"Hi, Prinshu Tripathi your employment have been updated by NARULA EXPORTS",,employment,/dashboard/user/employment,,1,,0,2025-03-25 18:03:20,2025-03-25 18:03:20
145,5,51,"Hi, Shakshi Rana your employment have been updated by NARULA EXPORTS",,employment,/dashboard/user/employment,,0,,1,2025-03-25 18:04:23,2025-03-25 18:04:23
146,5,45,"Hi, Garima Wadhwa your employment have been updated by NARULA EXPORTS",,employment,/dashboard/user/employment,,1,,0,2025-03-25 18:04:46,2025-03-25 18:04:46
147,5,42,"Hi, Ravi Ranjan Kumar Mehta your employment have been updated by NARULA EXPORTS",,employment,/dashboard/user/employment,,1,,1,2025-03-25 18:05:24,2025-03-25 18:05:24
148,5,41,"Hi, Nishant Saxena your employment have been updated by NARULA EXPORTS",,employment,/dashboard/user/employment,,1,,1,2025-03-25 18:05:58,2025-03-25 18:05:58
149,25,31,Palak Anand has sent an approval for the experience,,,/dashboard/company/employments,,0,,0,2025-03-25 18:10:41,2025-03-25 18:10:41
150,25,46,Palak Anand has sent an approval for the experience,,,/dashboard/company/employments,,0,,0,2025-03-25 18:16:38,2025-03-25 18:16:38
151,46,25,"Palak Anand, your experience as Executive at Greenvac Solutions Pvt Ltd has accepted!",,employment,/dashboard/user/employment,,0,,0,2025-03-25 18:17:00,2025-03-25 18:17:00
152,3,49,"Hi, Dharmendra Kumar your reveiw has been updated by MED FRESHE PRIVATE LTD",,employment,/dashboard/user/employment,,0,,1,2025-03-25 18:20:24,
153,27,5,Sapna Singh has sent an approval for the experience,,,/dashboard/company/employments,,0,,0,2025-03-25 18:24:50,2025-03-25 18:24:50
154,27,5,Sapna Singh has sent an approval for the experience,,,/dashboard/company/employments,,0,,0,2025-03-25 18:25:46,2025-03-25 18:25:46
155,50,95,Pawan Kumar has sent an approval for the experience,,,/dashboard/company/employments,,0,,0,2025-03-25 18:27:01,2025-03-25 18:27:01
156,32,22,"Pawan , Accepted your request!",,,/employee/pawan-basist-cce349373,,1,,0,2025-03-25 18:27:58,2025-03-25 18:27:58
157,50,96,Pawan Kumar has sent an approval for the experience,,,/dashboard/company/employments,,0,,0,2025-03-25 18:29:42,2025-03-25 18:29:42
158,50,95,Pawan Kumar has sent an approval for the experience,,,/dashboard/company/employments,,0,,0,2025-03-25 18:30:04,2025-03-25 18:30:04
159,27,45,"Sapna Singh, Accepted your request!",,,/employee/sapna-singh-cce614873,,1,,0,2025-03-25 18:30:30,2025-03-25 18:30:30
160,30,46,PAWAN KUMAR has sent an approval for the experience,,,/dashboard/company/employments,,0,,0,2025-03-25 18:31:04,2025-03-25 18:31:04
161,92,18,"Hi, Kartik Mehra you have a new employment added by Silva Nest",,employment,/dashboard/user/employment,,1,,1,2025-03-25 18:32:16,2025-03-25 18:32:16
162,25,46,"Hi, Greenvac Solutions Pvt Ltd you got a review from Palak Anand",,,/dashboard/company/reviews,,0,,0,2025-03-25 18:33:39,
163,46,30,"PAWAN KUMAR, your experience as Clerk at Greenvac Solutions Pvt Ltd has accepted!",,employment,/dashboard/user/employment,,1,,0,2025-03-25 18:34:07,2025-03-25 18:34:07
164,46,25,"Hi, Palak Anand your reveiw has been updated by Greenvac Solutions Pvt Ltd",,employment,/dashboard/user/employment,,0,,1,2025-03-25 18:34:23,
165,50,5,Pawan Kumar has sent an approval for the experience,,,/dashboard/company/employments,,0,,0,2025-03-25 18:35:47,2025-03-25 18:35:47
166,52,5,Sangeeta P. has sent an approval for the experience,,,/dashboard/company/employments,,0,,0,2025-03-25 18:37:30,2025-03-25 18:37:30
167,30,5,PAWAN KUMAR has sent an approval for the experience,,,/dashboard/company/employments,,0,,0,2025-03-25 18:40:16,2025-03-25 18:40:16
168,92,18,"Hi, Kartik Mehra you have a new employment added by Silva Nest",,employment,/dashboard/user/employment,,1,,1,2025-03-25 18:44:44,2025-03-25 18:44:44
169,42,5,Ravi Ranjan Kumar Mehta send a salary/designation request to you!,,,/dashboard/company/employments,,0,,0,2025-03-25 18:51:19,2025-03-25 18:51:19
170,18,92,Kartik Mehra has sent an approval for the experience,,,/dashboard/company/employments,,1,,0,2025-03-25 18:54:37,2025-03-25 18:54:37
171,92,18,"Hi, Kartik Mehra your employment have been updated by Silva Nest",,employment,/dashboard/user/employment,,1,,1,2025-03-25 18:55:17,2025-03-25 18:55:17
172,25,99,Palak Anand has sent an approval for the experience,,,/dashboard/company/employments,,0,,0,2025-03-25 18:57:59,2025-03-25 18:57:59
173,92,18,"Hi, Kartik Mehra you have a new employment added by Silva Nest",,employment,/dashboard/user/employment,,1,,1,2025-03-25 19:01:24,2025-03-25 19:01:24
174,98,3,Rohit Kumar has sent an approval for the experience,,,/dashboard/company/employments,,1,,0,2025-03-25 19:12:58,2025-03-25 19:12:58
175,43,5,Bittoo Kumar has sent an approval for the experience,,,/dashboard/company/employments,,0,,0,2025-03-25 19:13:11,2025-03-25 19:13:11
176,94,5,Santosh Kumar has sent an approval for the experience,,,/dashboard/company/employments,,0,,0,2025-03-25 19:13:46,2025-03-25 19:13:46
177,3,49,"Dear , Dharmendra Kumar, MED FRESHE PRIVATE LTD has submitted a request to view your salary. Please review and take the necessary action.",,,/dashboard/user/requests?tab=salary,,0,,1,2025-03-26 10:32:09,2025-03-26 10:32:09
178,3,49,"Hi, Dharmendra Kumar your reveiw has been updated by MED FRESHE PRIVATE LTD",,employment,/dashboard/user/employment,,0,,1,2025-03-26 10:32:57,
179,50,95,Pawan Kumar has sent an approval for the experience,,,/dashboard/company/employments,,0,,0,2025-03-26 10:37:41,2025-03-26 10:37:41
180,25,60,Palak Anand Request to follow you!,,,/dashboard/user/requests?tab=follow,,0,,0,2025-03-26 10:39:46,2025-03-26 10:39:46
181,25,27,Palak Anand Request to follow you!,,,/dashboard/user/requests?tab=follow,,0,,0,2025-03-26 10:40:00,2025-03-26 10:40:00
182,49,3,"Hi, MED FRESHE PRIVATE LTD you got a review from Dharmendra Kumar",,,/dashboard/company/reviews,,0,,0,2025-03-26 10:40:45,
183,19,104,RM Dev Request to follow you!,,,/dashboard/user/requests?tab=follow,,0,,0,2025-03-26 10:44:08,2025-03-26 10:44:08
184,49,3,"Hi, MED FRESHE PRIVATE LTD you got a review from Dharmendra Kumar",,,/dashboard/company/reviews,,1,,0,2025-03-26 10:45:42,
185,3,49,"Hi, Dharmendra Kumar your reveiw has been updated by MED FRESHE PRIVATE LTD",,employment,/dashboard/user/employment,,0,,1,2025-03-26 10:47:28,
186,3,49,"Hi, Dharmendra Kumar your reveiw has been updated by MED FRESHE PRIVATE LTD",,employment,/dashboard/user/employment,,0,,1,2025-03-26 10:50:18,
187,25,46,Palak Anand followed you!,,,/dashboard/company/requests?tab=follow,,0,,0,2025-03-26 10:51:20,2025-03-26 10:51:20
188,49,68,Dharmendra Kumar has sent an approval for the experience,,,/dashboard/company/employments,,0,,0,2025-03-26 11:08:58,2025-03-26 11:08:58
189,49,68,Dharmendra Kumar has sent an approval for the experience,,,/dashboard/company/employments,,0,,0,2025-03-26 11:11:46,2025-03-26 11:11:46
190,49,68,Dharmendra Kumar has sent an approval for the experience,,,/dashboard/company/employments,,0,,0,2025-03-26 11:12:39,2025-03-26 11:12:39
191,39,5,Ravi Pandey has sent an approval for the experience,,,/dashboard/company/employments,,0,,0,2025-03-26 11:47:19,2025-03-26 11:47:19
192,18,2,Kartik Mehra has sent an approval for the experience,,,/dashboard/company/employments,,1,,1,2025-03-26 12:00:12,2025-03-26 12:00:12
193,14,2,Mohit Kumar has sent an approval for the experience,,,/dashboard/company/employments,,1,,1,2025-03-26 12:05:40,2025-03-26 12:05:40
194,14,13,Mohit Kumar send a salary/designation request to you!,,,/dashboard/company/employments,,1,,1,2025-03-26 12:06:10,2025-03-26 12:06:10
195,18,14,Kartik Mehra Request to follow you!,,,/dashboard/user/requests?tab=follow,,1,,0,2025-03-26 12:10:26,2025-03-26 12:10:26
196,14,18,"Mohit Kumar, Accepted your request!",,,/employee/rohit-kumar-cce121212,,1,,1,2025-03-26 12:11:38,2025-03-26 12:11:38
197,18,2,Kartik Mehra followed you!,,,/dashboard/company/requests?tab=follow,,1,,1,2025-03-26 13:00:08,2025-03-26 13:00:08
198,57,5,Prinshu Tripathi send a salary/designation request to you!,,,/dashboard/company/employments,,0,,0,2025-03-26 13:13:26,2025-03-26 13:13:26
199,57,5,Prinshu Tripathi send a salary/designation request to you!,,,/dashboard/company/employments,,0,,0,2025-03-26 13:13:47,2025-03-26 13:13:47
200,57,5,Prinshu Tripathi send a salary/designation request to you!,,,/dashboard/company/employments,,0,,0,2025-03-26 13:14:50,2025-03-26 13:14:50
201,107,109,shruti mohan has sent an approval for the experience,,,/dashboard/company/employments,,0,,0,2025-03-26 13:16:37,2025-03-26 13:16:37
202,107,110,shruti mohan has sent an approval for the experience,,,/dashboard/company/employments,,0,,0,2025-03-26 13:19:29,2025-03-26 13:19:29
203,51,57,Shakshi Rana Request to follow you!,,,/dashboard/user/requests?tab=follow,,1,,0,2025-03-26 13:20:40,2025-03-26 13:20:40
204,57,51,"Prinshu Tripathi, Accepted your request!",,,/employee/prinshu-tripathi-cce626888,,0,,0,2025-03-26 13:21:21,2025-03-26 13:21:21
205,107,110,shruti mohan has sent an approval for the experience,,,/dashboard/company/employments,,0,,0,2025-03-26 13:23:45,2025-03-26 13:23:45
206,4,108,Rudraksh Narula has sent an approval for the experience,,,/dashboard/company/employments,,0,,0,2025-03-26 13:32:22,2025-03-26 13:32:22
207,107,108,shruti mohan has sent an approval for the experience,,,/dashboard/company/employments,,0,,0,2025-03-26 13:33:07,2025-03-26 13:33:07
208,108,4,"Rudraksh Narula, your experience as Manager at NA has accepted!",,employment,/dashboard/user/employment,,0,,0,2025-03-26 13:33:14,2025-03-26 13:33:14
209,4,108,"Hi, NA you got a review from Rudraksh Narula",,,/dashboard/company/reviews,,0,,0,2025-03-26 13:34:23,
210,4,108,Rudraksh Narula has sent an approval for the experience,,,/dashboard/company/employments,,0,,0,2025-03-26 13:37:16,2025-03-26 13:37:16
211,108,4,"Rudraksh Narula, your experience as Vp sales at NA has accepted!",,employment,/dashboard/user/employment,,0,,0,2025-03-26 13:37:45,2025-03-26 13:37:45
212,4,108,"Hi, NA you got a review from Rudraksh Narula",,,/dashboard/company/reviews,,0,,0,2025-03-26 13:38:27,
213,108,4,"Hi, Rudraksh Narula your reveiw has been updated by NA",,employment,/dashboard/user/employment,,0,,0,2025-03-26 13:39:16,
214,45,51,Garima Wadhwa Request to follow you!,,,/dashboard/user/requests?tab=follow,,1,,0,2025-03-26 15:04:41,2025-03-26 15:04:41
215,113,114,Vernika Dhoundiyal has sent an approval for the experience,,,/dashboard/company/employments,,0,,0,2025-03-26 19:00:26,2025-03-26 19:00:26
216,116,4,RT  Request to follow you!,,,/dashboard/user/requests?tab=follow,,0,,0,2025-03-27 00:10:29,2025-03-27 00:10:29
217,4,116,Rudraksh Narula has sent an approval for the experience,,,/dashboard/company/employments,,0,,0,2025-03-27 00:14:16,2025-03-27 00:14:16
218,116,4,"Hi, Rudraksh Narula your employment have been updated by RT",,employment,/dashboard/user/employment,,0,,0,2025-03-27 00:15:05,2025-03-27 00:15:05
219,4,116,"Hi, RT you got a review from Rudraksh Narula",,,/dashboard/company/reviews,,0,,0,2025-03-27 00:16:41,
220,4,116,"Rudraksh Narula, Accepted your request!",,,/employee/rudraksh-narula,,0,,0,2025-03-27 00:35:16,2025-03-27 00:35:16
221,4,116,Rudraksh Narula has sent an approval for the experience,,,/dashboard/company/employments,,0,,0,2025-03-27 00:55:34,2025-03-27 00:55:34
222,116,4,"Rudraksh Narula, your experience as Ceo at RT has accepted!",,employment,/dashboard/user/employment,,0,,0,2025-03-27 01:00:20,2025-03-27 01:00:20
223,4,116,Rudraksh Narula send a leave request to you!,,,/dashboard/company/employments,,0,,0,2025-03-27 01:00:41,2025-03-27 01:00:41
224,51,45,"Shakshi Rana, Accepted your request!",,,/employee/shakshi-rana-cce337872,,1,,0,2025-03-27 13:11:58,2025-03-27 13:11:58
225,6,92,sahil  followed you!,,,/dashboard/company/requests?tab=follow,,0,,0,2025-03-27 15:12:45,2025-03-27 15:12:45
226,92,6,"Hi, sahil  you have a new employment added by Silva Nest",,employment,/dashboard/user/employment,,1,,0,2025-03-27 15:56:26,2025-03-27 15:56:26
227,92,6,Silva Nest  Request to follow you!,,,/dashboard/user/requests?tab=follow,,1,,0,2025-03-27 15:57:41,2025-03-27 15:57:41
228,92,6,"Dear , sahil , Silva Nest has submitted a request to view your salary. Please review and take the necessary action.",,,/dashboard/user/requests?tab=salary,,1,,0,2025-03-27 16:23:48,2025-03-27 16:23:48
229,92,6,"Hi, sahil  you got a review from Silva Nest",,employment,/dashboard/user/employment,,1,,0,2025-03-27 17:03:02,
230,6,92,"sahil , Accepted your request!",,,/employee/sahil-ahmed,,0,,0,2025-03-27 17:05:51,2025-03-27 17:05:51
231,6,92,"User, sahil  has accepted your profile view request",,,/employee/sahil-ahmed,,1,,0,2025-03-27 17:07:59,2025-03-27 17:07:59
232,4,116,Rudraksh Narula send a salary/designation request to you!,,,/dashboard/company/employments,,0,,0,2025-03-27 17:43:46,2025-03-27 17:43:46
233,4,116,Rudraksh Narula has sent an approval for the experience,,,/dashboard/company/employments,,0,,0,2025-03-27 17:45:00,2025-03-27 17:45:00
234,4,116,Rudraksh Narula has sent an approval for the experience,,,/dashboard/company/employments,,0,,0,2025-03-27 17:46:01,2025-03-27 17:46:01
235,4,116,Rudraksh Narula has sent an approval for the experience,,,/dashboard/company/employments,,0,,0,2025-03-27 17:46:39,2025-03-27 17:46:39
236,4,116,Rudraksh Narula send a salary/designation request to you!,,,/dashboard/company/employments,,0,,0,2025-03-27 17:47:08,2025-03-27 17:47:08
237,4,116,Rudraksh Narula has sent an approval for the experience,,,/dashboard/company/employments,,0,,0,2025-03-27 17:48:42,2025-03-27 17:48:42
238,116,4,"Rudraksh Narula, your experience as Ceo at RT has accepted!",,employment,/dashboard/user/employment,,0,,0,2025-03-27 17:49:33,2025-03-27 17:49:33
239,4,116,"Hi, RT you got a review from Rudraksh Narula",,,/dashboard/company/reviews,,0,,0,2025-03-27 17:50:10,
240,116,4,"Hi, Rudraksh Narula you have a new employment added by RT",,employment,/dashboard/user/employment,,1,,0,2025-03-27 18:17:00,2025-03-27 18:17:00
241,4,14,Rudraksh Narula Request to follow you!,,,/dashboard/user/requests?tab=follow,,1,,0,2025-03-27 18:20:15,2025-03-27 18:20:15
242,38,123,Rachael Tuli has sent an approval for the experience,,,/dashboard/company/employments,,0,,0,2025-03-28 22:14:42,2025-03-28 22:14:42
243,38,1,Rachael Tuli Request to follow you!,,,/dashboard/user/requests?tab=follow,,0,,1,2025-03-28 22:15:40,2025-03-28 22:15:40
244,19,13,Rakesh Dev has sent an approval for the experience,,,/dashboard/company/employments,,0,,1,2025-03-29 11:22:21,2025-03-29 11:22:21
15432,38872,40265,Avinash Malhotra one Request to follow you!,,,/dashboard/user/requests?tab=follow,follow-request-user,1,,0,2026-06-09 15:42:03,2026-06-09 15:42:03
15433,40289,40292,Ruchika yadav has sent an approval for the experience,,,/dashboard/company/employments,cmp-emp-req-pending,0,,0,2026-06-09 15:43:04,2026-06-09 15:43:04
15434,40289,39073,Ruchika yadav has sent an approval for the experience,,,/dashboard/company/employments,cmp-emp-req-pending,1,,0,2026-06-09 15:43:04,2026-06-09 15:43:04
15435,40289,40293,Ruchika yadav has sent an approval for the experience,,,/dashboard/company/employments,cmp-emp-req-pending,0,,0,2026-06-09 15:43:05,2026-06-09 15:43:05
15436,40289,38691,Ruchika yadav has sent an approval for the experience,,,/dashboard/company/employments,cmp-emp-req-pending,0,,0,2026-06-09 15:43:05,2026-06-09 15:43:05
15437,40290,2,Yash sharma has sent an approval for the experience,,,/dashboard/company/employments,cmp-emp-req-pending,0,,0,2026-06-09 15:50:56,2026-06-09 15:50:56
15438,40265,38872,"khushi kumari, Accepted your request!",,,/employee/khushi-kumari-cce205890,user-profile,0,khushi-kumari-cce205890,0,2026-06-09 15:54:58,2026-06-09 15:54:58
15439,39256,40265,"khushi kumari, a new role has been assigned to you at SP HUMANS PRIVATE LIMITED.",,,/dashboard/user/my-companies,my-company,0,,0,2026-06-09 15:58:52,2026-06-09 15:58:52
15440,39311,38860,"Avinash Malhotra, a new role has been assigned to you at Quick pvt ltd.",,,/dashboard/user/my-companies,my-company,0,,0,2026-06-09 16:11:46,2026-06-09 16:11:46
15441,40265,39256,khushi kumari followed you!,,,/dashboard/company/connections,follow-request-company,1,,1,2026-06-09 16:49:04,2026-06-09 16:49:04
15442,39256,40279,"Prashant Sharma, a new role has been assigned to you at SP HUMANS PRIVATE LIMITED.",,,/dashboard/user/my-companies,my-company,1,,0,2026-06-09 17:43:52,2026-06-09 17:43:52
15443,39256,39001,"Vivek Kumar Yadav, a new role has been assigned to you at SP HUMANS PRIVATE LIMITED.",,,/dashboard/user/my-companies,my-company,0,,0,2026-06-09 18:04:12,2026-06-09 18:04:12
15444,40279,39256,Prashant Sharma has sent an approval for the experience,,,/dashboard/company/employments,cmp-emp-req-pending,0,,1,2026-06-09 18:34:55,2026-06-09 18:34:55
15445,39256,40279,"Prashant Sharma, your experience as Producer at SP HUMANS PRIVATE LIMITED has accepted!",,employment,/dashboard/user/employment,profile,0,,0,2026-06-09 18:35:44,2026-06-09 18:35:44
15446,40083,39256,Gaurav Maurya followed you!,,,/dashboard/company/connections,follow-request-company,1,,1,2026-06-09 18:51:55,2026-06-09 18:51:55
15447,40083,39001,"Gaurav Maurya, Accepted your request!",,,/employee/gaurav-maurya-cce061607,user-profile,0,gaurav-maurya-cce061607,0,2026-06-09 18:52:10,2026-06-09 18:52:10
15448,40083,27244,"Gaurav Maurya, Accepted your request!",,,/employee/gaurav-maurya-cce061607,user-profile,0,gaurav-maurya-cce061607,0,2026-06-09 18:52:11,2026-06-09 18:52:11
15449,39072,40265,"khushboo kumari, a new role has been assigned to you at RMSI Pvt Ltd fghfg.",,,/dashboard/user/my-companies,my-company,0,,0,2026-06-10 11:39:48,2026-06-10 11:39:48
15450,39072,40290,"Yash Sharma, a new role has been assigned to you at RMSI Pvt Ltd fghfg.",,,/dashboard/user/my-companies,my-company,0,,1,2026-06-10 11:41:30,2026-06-10 11:41:30
15451,39072,39001,"Vivek Kumar Yadav, a new role has been assigned to you at RMSI Pvt Ltd fghfg.",,,/dashboard/user/my-companies,my-company,0,,0,2026-06-10 11:44:34,2026-06-10 11:44:34
15452,39072,38829,"Kartik Mehra, a new role has been assigned to you at RMSI Pvt Ltd fghfg.",,,/dashboard/user/my-companies,my-company,0,,0,2026-06-10 11:45:11,2026-06-10 11:45:11
15453,39072,38860,"Avinash Malhotra, a new role has been assigned to you at RMSI Pvt Ltd fghfg.",,,/dashboard/user/my-companies,my-company,0,,0,2026-06-10 11:45:37,2026-06-10 11:45:37
15454,39072,38860,"Avinash Malhotra, a new role has been assigned to you at RMSI Pvt Ltd fghfg.",,,/dashboard/user/my-companies,my-company,1,,0,2026-06-10 11:46:07,2026-06-10 11:46:07
15455,39072,38860,"Avinash Malhotra, a new role has been assigned to you at RMSI Pvt Ltd fghfg.",,,/dashboard/user/my-companies,my-company,0,,0,2026-06-10 11:51:40,2026-06-10 11:51:40
15456,39072,34627,You have been added as a collaborator by RMSI Pvt Ltd fghfg to view the job post,,,/dashboard/user/jobs-collaboration,,0,,0,2026-06-10 11:52:05,2026-06-10 11:52:05
15457,39072,36570,You have been added as a collaborator by RMSI Pvt Ltd fghfg to view the job post,,,/dashboard/user/jobs-collaboration,,0,,0,2026-06-10 11:52:05,2026-06-10 11:52:05
15458,40083,40279,Gaurav Maurya Request to follow you!,,,/dashboard/user/requests?tab=follow,follow-request-user,0,,0,2026-06-10 11:59:27,2026-06-10 11:59:27
15459,40279,40083,"Prashant Sharma, Accepted your request!",,,/employee/prashant-sharma-cce186380,user-profile,1,prashant-sharma-cce186380,0,2026-06-10 11:59:40,2026-06-10 11:59:40
15460,40083,40279,Gaurav Maurya Request to follow you!,,,/dashboard/user/requests?tab=follow,follow-request-user,0,,0,2026-06-10 12:00:00,2026-06-10 12:00:00
15461,40279,40083,"Prashant Sharma, Accepted your request!",,,/employee/prashant-sharma-cce186380,user-profile,0,prashant-sharma-cce186380,0,2026-06-10 12:01:03,2026-06-10 12:01:03
15462,40279,40083,Prashant Sharma Request to follow you!,,,/dashboard/user/requests?tab=follow,follow-request-user,1,,0,2026-06-10 12:01:12,2026-06-10 12:01:12
15463,40083,40279,"Gaurav Maurya, Accepted your request!",,,/employee/gaurav-maurya-cce061607,user-profile,0,gaurav-maurya-cce061607,0,2026-06-10 12:01:29,2026-06-10 12:01:29
15464,39072,38860,"Avinash Malhotra, a new role has been assigned to you at RMSI Pvt Ltd fghfg.",,,/dashboard/user/my-companies,my-company,0,,0,2026-06-10 12:02:18,2026-06-10 12:02:18
15465,39072,35595,You have been added as a collaborator by RMSI Pvt Ltd fghfg to view the job post,,,/dashboard/user/jobs-collaboration,,0,,0,2026-06-10 12:07:40,2026-06-10 12:07:40
15466,39072,34177,You have been added as a collaborator by RMSI Pvt Ltd fghfg to view the job post,,,/dashboard/user/jobs-collaboration,,0,,0,2026-06-10 12:07:41,2026-06-10 12:07:41
15467,39072,34404,You have been added as a collaborator by RMSI Pvt Ltd fghfg to view the job post,,,/dashboard/user/jobs-collaboration,,0,,0,2026-06-10 12:22:39,2026-06-10 12:22:39
15468,39072,38860,"Avinash Malhotra, a new role has been assigned to you at RMSI Pvt Ltd fghfg.",,,/dashboard/user/my-companies,my-company,1,,0,2026-06-10 13:00:00,2026-06-10 13:00:00
15469,39072,40265,"khushboo kumari, a new role has been assigned to you at RMSI Pvt Ltd fghfg.",,,/dashboard/user/my-companies,my-company,0,,0,2026-06-10 13:02:57,2026-06-10 13:02:57
15470,40312,39013,"Hi Zenith Digital Marketing, you have received a request to verify user employment.",,,/dashboard/company/employments,cmp-emp-req-pending,1,,0,2026-06-10 13:05:33,2026-06-10 13:05:33
15471,39072,39001,"Vivek Kumar Yadav, a new role has been assigned to you at RMSI Pvt Ltd fghfg.",,,/dashboard/user/my-companies,my-company,0,,0,2026-06-10 13:08:31,2026-06-10 13:08:31
15472,39072,40265,"khushboo kumari, a new role has been assigned to you at RMSI Pvt Ltd fghfg.",,,/dashboard/user/my-companies,my-company,0,,0,2026-06-10 13:08:39,2026-06-10 13:08:39
15473,39072,38860,"Avinash Malhotra, a new role has been assigned to you at RMSI Pvt Ltd fghfg.",,,/dashboard/user/my-companies,my-company,0,,0,2026-06-10 13:09:17,2026-06-10 13:09:17
15474,39072,38872,"Avinash Malhotra one, a new role has been assigned to you at RMSI Pvt Ltd fghfg.",,,/dashboard/user/my-companies,my-company,0,,0,2026-06-10 13:09:41,2026-06-10 13:09:41
15475,39072,38872,"Avinash Malhotra one, a new role has been assigned to you at RMSI Pvt Ltd fghfg.",,,/dashboard/user/my-companies,my-company,0,,0,2026-06-10 13:09:54,2026-06-10 13:09:54
15476,39072,39388,"Kawaljeet Singh, a new role has been assigned to you at RMSI Pvt Ltd fghfg.",,,/dashboard/user/my-companies,my-company,0,,0,2026-06-10 13:10:04,2026-06-10 13:10:04
15477,39072,38860,"Avinash Malhotra, a new role has been assigned to you at RMSI Pvt Ltd fghfg.",,,/dashboard/user/my-companies,my-company,0,,0,2026-06-10 13:10:11,2026-06-10 13:10:11
15478,39072,38872,"Avinash Malhotra one, a new role has been assigned to you at RMSI Pvt Ltd fghfg.",,,/dashboard/user/my-companies,my-company,0,,0,2026-06-10 13:15:09,2026-06-10 13:15:09
15479,40137,40290,"Yash Sharma, a new role has been assigned to you at Fluper Pvt. Ltd..",,,/dashboard/user/my-companies,my-company,0,,1,2026-06-10 13:18:36,2026-06-10 13:18:36
15480,40312,39013,Ashok Chaudhary followed you!,,,/dashboard/company/connections,follow-request-company,0,,0,2026-06-10 13:21:41,2026-06-10 13:21:41
15481,39072,38860,"Avinash Malhotra, a new role has been assigned to you at RMSI Pvt Ltd fghfg.",,,/dashboard/user/my-companies,my-company,1,,1,2026-06-10 13:25:19,2026-06-10 13:25:19
15482,39013,40312,"Ashok Chaudhary, a new role has been assigned to you at Zenith Digital Marketing.",,,/dashboard/user/my-companies,my-company,0,,0,2026-06-10 14:45:34,2026-06-10 14:45:34
15483,39072,39388,"Kawaljeet Singh, a new role has been assigned to you at RMSI Pvt Ltd fghfg.",,,/dashboard/user/my-companies,my-company,0,,0,2026-06-10 14:52:56,2026-06-10 14:52:56
15484,39013,40312,"Hi, Ashok Chaudhary your employment have been updated by Zenith Digital Marketing",,employment,/dashboard/user/employment,profile,0,,0,2026-06-10 14:53:02,2026-06-10 14:53:02
15485,39013,40312,"Hi, Ashok Chaudhary you got a review from Zenith Digital Marketing",,employment,/dashboard/user/employment,profile,0,,0,2026-06-10 14:53:56,
15486,39072,40265,"khushboo kumari, a new role has been assigned to you at RMSI Pvt Ltd fghfg.",,,/dashboard/user/my-companies,my-company,0,,0,2026-06-10 14:54:18,2026-06-10 14:54:18
15487,40218,40085,"Aman Chaudhary, Accepted your request!",,,/employee/aman-chaudhary-cce429521,user-profile,0,aman-chaudhary-cce429521,0,2026-06-10 15:06:15,2026-06-10 15:06:15
15488,39072,39314,"Hi, Rohan Prajapati you got a review from RMSI Pvt Ltd fghfg",,employment,/dashboard/user/employment,profile,0,,0,2026-06-10 15:22:38,
15489,38860,39001,"Dear , Vivek Kumar Yadav, Avinash has submitted a request to view your salary. Please review and take the necessary action.",,,/dashboard/user/requests?tab=salary,user-salary-request,0,,0,2026-06-10 15:26:36,2026-06-10 15:26:36
15490,39072,39314,"Rohan Prajapati, a new role has been assigned to you at RMSI Pvt Ltd fghfg.",,,/dashboard/user/my-companies,my-company,0,,0,2026-06-10 15:36:03,2026-06-10 15:36:03
15491,38860,39314,"Hi, Rohan Prajapati you got a review from RMSI Pvt Ltd fghfg",,employment,/dashboard/user/employment,user-profile,0,,0,2026-06-10 15:42:25,
15492,39072,6,"Hi, Sahil Ahmad you have a new employment added by RMSI Pvt Ltd fghfg",,employment,/dashboard/user/employment,profile,0,,0,2026-06-10 15:50:21,2026-06-10 15:50:21
15493,38872,2,Avinash Malhotra one has sent an approval for the experience,,,/dashboard/company/employments,cmp-emp-req-pending,0,,0,2026-06-10 16:55:11,2026-06-10 16:55:11
15494,38872,39256,Avinash Malhotra one has sent an approval for the experience,,,/dashboard/company/employments,cmp-emp-req-pending,1,,1,2026-06-10 16:57:26,2026-06-10 16:57:26
15495,39256,38872,"Avinash Malhotra one, your experience as Dealer at SP HUMANS PRIVATE LIMITED has accepted!",,employment,/dashboard/user/employment,profile,0,,0,2026-06-10 16:58:09,2026-06-10 16:58:09
15496,39072,39314,"Hi, Rohan Prajapati your reveiw has been updated by RMSI Pvt Ltd fghfg",,employment,/dashboard/user/employment,profile,0,,0,2026-06-10 16:59:39,
15497,39072,39314,"Hi, Rohan Prajapati your reveiw has been updated by RMSI Pvt Ltd fghfg",,employment,/dashboard/user/employment,profile,0,,0,2026-06-10 17:05:45,
15498,39072,39314,"Hi, Rohan Prajapati your reveiw has been updated by RMSI Pvt Ltd fghfg",,employment,/dashboard/user/employment,profile,0,,0,2026-06-10 17:07:04,
15499,38860,39311,Avinash Malhotra has sent an approval for the experience,,,/dashboard/company/employments,cmp-emp-req-pending,1,,0,2026-06-10 17:12:36,2026-06-10 17:12:36
15500,38860,3,Avinash Malhotra has sent an approval for the experience,,,/dashboard/company/employments,cmp-emp-req-pending,0,,0,2026-06-10 17:13:10,2026-06-10 17:13:10
15501,38860,39256,"Hi SP HUMANS PRIVATE LIMITED, you have received a request to verify user employment.",,,/dashboard/company/employments,cmp-emp-req-pending,0,,1,2026-06-10 17:14:20,2026-06-10 17:14:20
15502,38872,39256,"Hi, SP HUMANS PRIVATE LIMITED you got a review from Avinash Malhotra one",,,/dashboard/company/reviews,company-reviews,0,,1,2026-06-10 17:16:43,
15503,38872,39256,"Hi, SP HUMANS PRIVATE LIMITED you got a review from Avinash Malhotra one",,,/dashboard/company/reviews,company-reviews,0,,1,2026-06-10 17:22:00,
15504,38872,39256,"Hi, SP HUMANS PRIVATE LIMITED you got a review from Avinash Malhotra one",,,/dashboard/company/reviews,company-reviews,0,,1,2026-06-10 17:22:33,
15505,38872,39256,"Hi, SP HUMANS PRIVATE LIMITED you got a review from Avinash Malhotra one",,,/dashboard/company/reviews,company-reviews,1,,1,2026-06-10 17:23:36,
15506,39001,39256,"Hi, SP HUMANS PRIVATE LIMITED you got a review from Vivek Kumar Yadav",,,/dashboard/company/reviews,company-reviews,0,,1,2026-06-10 18:04:08,
15507,39001,39256,"Hi, SP HUMANS PRIVATE LIMITED you got a review from Vivek Kumar Yadav",,,/dashboard/company/reviews,company-reviews,0,,1,2026-06-10 18:05:53,
15508,39001,39256,"Hi, SP HUMANS PRIVATE LIMITED you got a review from Vivek Kumar Yadav",,,/dashboard/company/reviews,company-reviews,0,,1,2026-06-10 18:08:24,
15509,39314,39072,"Hi, RMSI Pvt Ltd fghfg you got a review from Rohan Prajapati",,,/dashboard/company/reviews,company-reviews,1,,0,2026-06-10 18:12:53,
15510,39001,39256,"Hi, SP HUMANS PRIVATE LIMITED you got a review from Vivek Kumar Yadav",,,/dashboard/company/reviews,company-reviews,0,,1,2026-06-10 18:17:12,
15511,39001,39256,"Hi, SP HUMANS PRIVATE LIMITED you got a review from Vivek Kumar Yadav",,,/dashboard/company/reviews,company-reviews,0,,1,2026-06-10 18:26:37,
15512,39001,13,Vivek Kumar Yadav has sent an approval for the experience,,,/dashboard/company/employments,cmp-emp-req-pending,0,,0,2026-06-10 18:28:24,2026-06-10 18:28:24
15513,40326,19,You have been added as a collaborator by Fashion Global Pvt Ltd to view the job post,,,/dashboard/user/jobs-collaboration,,0,,1,2026-06-11 11:00:47,2026-06-11 11:00:47
15514,40326,38872,You have been added as a collaborator by Fashion Global Pvt Ltd to view the job post,,,/dashboard/user/jobs-collaboration,,0,,1,2026-06-11 11:01:42,2026-06-11 11:01:42
15515,39314,39256,"Hi, SP HUMANS PRIVATE LIMITED you got a review from Rohan Prajapati",,,/dashboard/company/reviews,company-reviews,0,,1,2026-06-11 11:02:52,
15516,40265,39256,khushboo kumari send a salary verification request to you!,,,/dashboard/company/employments?tab=3,cmp-emp-req-pending,0,,1,2026-06-11 11:13:53,2026-06-11 11:13:53
15517,39314,39256,"Hi, SP HUMANS PRIVATE LIMITED you got a review from Rohan Prajapati",,,/dashboard/company/reviews,company-reviews,0,,1,2026-06-11 11:15:42,
15518,39314,39340,"Hi, GAURAV pvt limited you got a review from Rohan Prajapati",,,/dashboard/company/reviews,company-reviews,0,,0,2026-06-11 11:28:58,
15519,39314,39340,"Hi, GAURAV pvt limited you got a review from Rohan Prajapati",,,/dashboard/company/reviews,company-reviews,0,,0,2026-06-11 11:29:13,
15520,39001,39256,"Hi, SP HUMANS PRIVATE LIMITED you got a review from Vivek Kumar Yadav",,,/dashboard/company/reviews,company-reviews,0,,1,2026-06-11 12:32:18,
15521,40325,39072,kritika Rajput has sent an approval for the experience,,,/dashboard/company/employments,cmp-emp-req-pending,0,,0,2026-06-11 12:38:33,2026-06-11 12:38:33
15522,40325,39072,"Hi RMSI Pvt Ltd fghfg, you have received a request to verify user employment.",,,/dashboard/company/employments,cmp-emp-req-pending,1,,0,2026-06-11 12:42:46,2026-06-11 12:42:46
15523,39072,40325,"Hi, kritika Rajput your employment have been updated by RMSI Pvt Ltd fghfg",,employment,/dashboard/user/employment,profile,1,,0,2026-06-11 12:44:04,2026-06-11 12:44:04
15524,39072,40138,"Ruchika Dahiya, your experience as  at RMSI Pvt Ltd fghfg has accepted!",,employment,/dashboard/user/employment,profile,0,,0,2026-06-11 12:44:55,2026-06-11 12:44:55
15525,39072,40144,"Hi, Hrithik Yadav your employment have been updated by RMSI Pvt Ltd fghfg",,employment,/dashboard/user/employment,profile,0,,0,2026-06-11 12:48:05,2026-06-11 12:48:05
15526,39013,40218,You have been added as a collaborator by Zenith Digital Marketing to view the job post,,,/dashboard/user/jobs-collaboration,,0,,0,2026-06-11 12:54:55,2026-06-11 12:54:55
15527,40325,39072,"Hi, RMSI Pvt Ltd fghfg you got a review from kritika Rajput",,,/dashboard/company/reviews,company-reviews,0,,0,2026-06-11 12:58:21,
15528,40325,39072,"Hi, RMSI Pvt Ltd fghfg you got a review from kritika Rajput",,,/dashboard/company/reviews,company-reviews,0,,0,2026-06-11 13:10:04,
15529,40325,39072,kritika Rajput has sent an approval for the experience,,,/dashboard/company/employments,cmp-emp-req-pending,1,,0,2026-06-11 13:10:51,2026-06-11 13:10:51
15530,40325,39072,"Hi, RMSI Pvt Ltd fghfg you got a review from kritika Rajput",,,/dashboard/company/reviews,company-reviews,1,,1,2026-06-11 13:11:25,
15531,40265,39256,"Hi SP HUMANS PRIVATE LIMITED, you have received a request to verify user employment.",,,/dashboard/company/employments,cmp-emp-req-pending,1,,1,2026-06-11 13:32:12,2026-06-11 13:32:12
15532,39256,40265,"khushboo kumari, your experience as Software support at SP HUMANS PRIVATE LIMITED has accepted!",,employment,/dashboard/user/employment,profile,0,,0,2026-06-11 13:32:29,2026-06-11 13:32:29
15533,39072,40325,"Hi, kritika Rajput your reveiw has been updated by RMSI Pvt Ltd fghfg",,employment,/dashboard/user/employment,profile,0,,0,2026-06-11 13:41:53,
15534,39072,40325,"Hi, kritika Rajput your reveiw has been updated by RMSI Pvt Ltd fghfg",,employment,/dashboard/user/employment,profile,0,,0,2026-06-11 13:42:00,
15535,40265,39256,"Hi SP HUMANS PRIVATE LIMITED, you have received a request to verify user employment.",,,/dashboard/company/employments,cmp-emp-req-pending,0,,1,2026-06-11 13:42:07,2026-06-11 13:42:07
15536,39072,40325,"Hi, kritika Rajput your reveiw has been updated by RMSI Pvt Ltd fghfg",,employment,/dashboard/user/employment,profile,0,,0,2026-06-11 13:42:08,
15537,39256,40265,"khushboo kumari, your experience as Software support at SP HUMANS PRIVATE LIMITED has accepted!",,employment,/dashboard/user/employment,profile,0,,0,2026-06-11 13:42:41,2026-06-11 13:42:41
15538,40265,39256,"Hi SP HUMANS PRIVATE LIMITED, you have received a request to verify user employment.",,,/dashboard/company/employments,cmp-emp-req-pending,0,,1,2026-06-11 13:43:31,2026-06-11 13:43:31
15539,39256,40265,"khushboo kumari, your experience as Software support at SP HUMANS PRIVATE LIMITED has accepted!",,employment,/dashboard/user/employment,profile,0,,0,2026-06-11 13:43:47,2026-06-11 13:43:47
15540,39256,38860,"Hi, Avinash Malhotra your employment have been updated by SP HUMANS PRIVATE LIMITED",,employment,/dashboard/user/employment,profile,0,,1,2026-06-11 15:19:11,2026-06-11 15:19:11
15541,38872,40328,Avinash Malhotra one has sent an approval for the experience,,,/dashboard/company/employments,cmp-emp-req-pending,0,,0,2026-06-11 15:47:55,2026-06-11 15:47:55
15542,38860,40325,Avinash Malhotra Request to follow you!,,,/dashboard/user/requests?tab=follow,follow-request-user,1,,0,2026-06-11 15:54:08,2026-06-11 15:54:08
15543,40325,38860,"kritika Rajput, Accepted your request!",,,/employee/kritika-rajput-cce817429,user-profile,1,kritika-rajput-cce817429,1,2026-06-11 15:54:22,2026-06-11 15:54:22
15544,40085,40119,varttika ung Request to follow you!,,,/dashboard/user/requests?tab=follow,follow-request-user,0,,1,2026-06-11 16:09:41,2026-06-11 16:09:41
15545,39314,39314,"Hi, Rohan Prajapati your reveiw has been updated by SP HUMANS PRIVATE LIMITED",,employment,/dashboard/user/employment,profile,0,,0,2026-06-11 16:32:33,
15546,38872,18,"User, Avinash Malhotra one has accepted your profile view request",,,/employee/avinash-malhotra-cce806252,user-profile,0,avinash-malhotra-cce806252,1,2026-06-11 16:34:11,2026-06-11 16:34:11
15547,39314,39314,"Hi, Rohan Prajapati your reveiw has been updated by SP HUMANS PRIVATE LIMITED",,employment,/dashboard/user/employment,profile,0,,0,2026-06-11 16:43:00,
15548,38872,18,"User, Avinash Malhotra one has accepted your profile view request",,,/employee/avinash-malhotra-cce806252,user-profile,0,avinash-malhotra-cce806252,1,2026-06-11 16:47:59,2026-06-11 16:47:59
15549,40325,40326,kritika Rajput followed you!,,,/dashboard/company/connections,follow-request-company,0,,0,2026-06-11 16:48:39,2026-06-11 16:48:39
15550,39314,39314,"Hi, Rohan Prajapati your reveiw has been updated by SP HUMANS PRIVATE LIMITED",,employment,/dashboard/user/employment,profile,0,,0,2026-06-11 16:51:31,
15551,39314,39314,"Hi, Rohan Prajapati your reveiw has been updated by SP HUMANS PRIVATE LIMITED",,employment,/dashboard/user/employment,profile,0,,0,2026-06-11 16:52:25,
15552,39256,39239,"Naman Mathur, a new role has been assigned to you at SP HUMANS PRIVATE LIMITED.",,,/dashboard/user/my-companies,my-company,0,,0,2026-06-11 16:58:34,2026-06-11 16:58:34
15553,39239,39256,"Hi, SP HUMANS PRIVATE LIMITED you got a review from Naman Mathur",,,/dashboard/company/reviews,company-reviews,1,,1,2026-06-11 17:01:15,
15554,39239,39256,"Hi, SP HUMANS PRIVATE LIMITED you got a review from Naman Mathur",,,/dashboard/company/reviews,company-reviews,0,,1,2026-06-11 17:02:04,
15555,39239,39239,"Hi, Naman Mathur your reveiw has been updated by SP HUMANS PRIVATE LIMITED",,employment,/dashboard/user/employment,profile,0,,0,2026-06-11 17:11:37,
15556,39239,39239,"Hi, Naman Mathur your reveiw has been updated by SP HUMANS PRIVATE LIMITED",,employment,/dashboard/user/employment,profile,0,,0,2026-06-11 17:12:19,
15557,40325,39072,"Hi, RMSI Pvt Ltd fghfg you got a review from kritika Rajput",,,/dashboard/company/reviews,company-reviews,0,,1,2026-06-11 17:25:43,
15558,40119,40085,"User, Anshika sharma has accepted your profile view request",,,/employee/anshika-sharma-cce131784,user-profile,0,anshika-sharma-cce131784,0,2026-06-11 17:29:53,2026-06-11 17:29:53
15559,40119,40085,"User, Anshika sharma has accepted your profile view request",,,/employee/anshika-sharma-cce131784,user-profile,0,anshika-sharma-cce131784,0,2026-06-11 17:30:11,2026-06-11 17:30:11
15560,39072,40325,"kritika Rajput, a new role has been assigned to you at RMSI Pvt Ltd fghfg.",,,/dashboard/user/my-companies,my-company,0,,0,2026-06-11 17:30:20,2026-06-11 17:30:20
15561,39072,38872,"Avinash Malhotra one, a new role has been assigned to you at RMSI Pvt Ltd fghfg.",,,/dashboard/user/my-companies,my-company,0,,1,2026-06-11 17:31:23,2026-06-11 17:31:23
15562,39072,38872,"Avinash Malhotra one, a new role has been assigned to you at RMSI Pvt Ltd fghfg.",,,/dashboard/user/my-companies,my-company,0,,1,2026-06-11 17:31:40,2026-06-11 17:31:40
15563,39072,40265,"khushboo kumari, a new role has been assigned to you at RMSI Pvt Ltd fghfg.",,,/dashboard/user/my-companies,my-company,0,,0,2026-06-11 17:32:59,2026-06-11 17:32:59
15564,39072,40265,"khushboo kumari, a new role has been assigned to you at RMSI Pvt Ltd fghfg.",,,/dashboard/user/my-companies,my-company,0,,0,2026-06-11 17:33:08,2026-06-11 17:33:08
15565,39072,40325,"kritika Rajput, a new role has been assigned to you at RMSI Pvt Ltd fghfg.",,,/dashboard/user/my-companies,my-company,0,,0,2026-06-11 17:33:45,2026-06-11 17:33:45
15566,39072,40325,"kritika Rajput, a new role has been assigned to you at RMSI Pvt Ltd fghfg.",,,/dashboard/user/my-companies,my-company,0,,0,2026-06-11 17:34:00,2026-06-11 17:34:00
15567,19,39256,Rakesh Maurya has sent an approval for the experience,,,/dashboard/company/employments,cmp-emp-req-pending,0,,1,2026-06-11 17:47:55,2026-06-11 17:47:55
15568,39256,19,"Rakesh Maurya, your experience as Inventory control at SP HUMANS PRIVATE LIMITED has accepted!",,employment,/dashboard/user/employment,profile,0,,1,2026-06-11 17:48:18,2026-06-11 17:48:18
15569,19,39256,"Hi, SP HUMANS PRIVATE LIMITED you got a review from Rakesh Maurya",,,/dashboard/company/reviews,company-reviews,0,,1,2026-06-11 17:49:14,
15570,40325,39072,"Hi, RMSI Pvt Ltd fghfg you got a review from kritika Rajput",,,/dashboard/company/reviews,company-reviews,0,,1,2026-06-11 17:53:15,
15571,40325,19,"Dear , Rakesh Maurya, kritika has submitted a request to view your salary. Please review and take the necessary action.",,,/dashboard/user/requests?tab=salary,user-salary-request,0,,1,2026-06-11 18:00:54,2026-06-11 18:00:54
15572,39239,39239,"Hi, Naman Mathur your reveiw has been updated by SP HUMANS PRIVATE LIMITED",,employment,/dashboard/user/employment,profile,0,,0,2026-06-11 18:02:37,
15573,39239,39256,"Hi, SP HUMANS PRIVATE LIMITED you got a review from Naman Mathur",,,/dashboard/company/reviews,company-reviews,0,,1,2026-06-11 18:19:05,
15574,19,39256,"Hi, SP HUMANS PRIVATE LIMITED you got a review from Rakesh Maurya",,,/dashboard/company/reviews,company-reviews,0,,1,2026-06-11 18:23:22,
15575,19,39256,"Hi, SP HUMANS PRIVATE LIMITED you got a review from Rakesh Maurya",,,/dashboard/company/reviews,company-reviews,0,,1,2026-06-11 18:23:49,
15576,19,39256,"Hi, SP HUMANS PRIVATE LIMITED you got a review from Rakesh Maurya",,,/dashboard/company/reviews,company-reviews,0,,1,2026-06-11 18:25:58,
15577,39256,19,"Hi, Rakesh Maurya your reveiw has been updated by SP HUMANS PRIVATE LIMITED",,employment,/dashboard/user/employment,profile,0,,1,2026-06-11 18:26:09,
15578,40085,40119,varttika ung Request to follow you!,,,/dashboard/user/requests?tab=follow,follow-request-user,0,,1,2026-06-11 18:34:34,2026-06-11 18:34:34
15579,40119,40085,"Anshika sharma, Accepted your request!",,,/employee/anshika-sharma-cce131784,user-profile,0,anshika-sharma-cce131784,0,2026-06-11 18:36:00,2026-06-11 18:36:00
15580,19,39256,"Hi, SP HUMANS PRIVATE LIMITED you got a review from Rakesh Maurya",,,/dashboard/company/reviews,company-reviews,0,,1,2026-06-11 18:47:35,
15581,40279,39256,"Hi, SP HUMANS PRIVATE LIMITED you got a review from Prashant Sharma",,,/dashboard/company/reviews,company-reviews,0,,1,2026-06-11 18:49:27,
15582,39239,38872,"Hi, Avinash Malhotra one you got a review from SP HUMANS PRIVATE LIMITED",,employment,/dashboard/user/employment,profile,0,,0,2026-06-11 19:09:40,
15583,39314,40141,Rohan Prajapati has sent an approval for the experience,,,/dashboard/company/employments,cmp-emp-req-pending,0,,0,2026-06-12 11:17:04,2026-06-12 11:17:04
15584,39239,39256,Naman Mathur has sent an approval for the experience,,,/dashboard/company/employments,cmp-emp-req-pending,0,,1,2026-06-12 11:20:09,2026-06-12 11:20:09
15585,40290,39001,Yash Sharma Request to follow you!,,,/dashboard/user/requests?tab=follow,follow-request-user,0,,0,2026-06-12 11:47:32,2026-06-12 11:47:32
15586,40290,38860,Yash Sharma Request to follow you!,,,/dashboard/user/requests?tab=follow,follow-request-user,1,,0,2026-06-12 11:47:41,2026-06-12 11:47:41
15587,40290,38872,Yash Sharma Request to follow you!,,,/dashboard/user/requests?tab=follow,follow-request-user,0,,0,2026-06-12 11:47:41,2026-06-12 11:47:41
15588,40290,40325,Yash Sharma Request to follow you!,,,/dashboard/user/requests?tab=follow,follow-request-user,0,,0,2026-06-12 11:47:42,2026-06-12 11:47:42
15589,40290,39001,Yash Sharma Request to follow you!,,,/dashboard/user/requests?tab=follow,follow-request-user,0,,0,2026-06-12 11:47:44,2026-06-12 11:47:44
15590,40290,39001,Yash Sharma Request to follow you!,,,/dashboard/user/requests?tab=follow,follow-request-user,0,,0,2026-06-12 11:47:47,2026-06-12 11:47:47
15591,40290,39001,Yash Sharma Request to follow you!,,,/dashboard/user/requests?tab=follow,follow-request-user,0,,0,2026-06-12 11:47:49,2026-06-12 11:47:49
15592,19,39256,"Hi, SP HUMANS PRIVATE LIMITED you got a review from Rakesh Maurya",,,/dashboard/company/reviews,company-reviews,0,,1,2026-06-12 12:11:59,
15593,39256,19,"Hi, Rakesh Maurya your reveiw has been updated by SP HUMANS PRIVATE LIMITED",,employment,/dashboard/user/employment,profile,0,,1,2026-06-12 12:49:54,
15594,39256,40290,"Yash Sharma, a new role has been assigned to you at SP HUMANS PRIVATE LIMITED.",,,/dashboard/user/my-companies,my-company,0,,1,2026-06-12 12:51:13,2026-06-12 12:51:13
15595,40331,39072,Anshika Rajput has sent an approval for the experience,,,/dashboard/company/employments,cmp-emp-req-pending,1,,0,2026-06-12 12:59:06,2026-06-12 12:59:06
15596,40331,39072,"Hi RMSI Pvt Ltd fghfg, you have received a request to verify user employment.",,,/dashboard/company/employments,cmp-emp-req-pending,1,,0,2026-06-12 12:59:11,2026-06-12 12:59:11
15597,39072,40323,Your employment request for the Qa analyst position at RMSI Pvt Ltd fghfg has been rejected.,,employment,/dashboard/user/employment,profile,0,,0,2026-06-12 13:18:26,2026-06-12 13:18:26
15598,39072,40331,"Anshika Rajput, your experience as Qa engineer at RMSI Pvt Ltd fghfg has accepted!",,employment,/dashboard/user/employment,profile,1,,0,2026-06-12 13:18:33,2026-06-12 13:18:33
15599,40331,39072,"Hi, RMSI Pvt Ltd fghfg you got a review from Anshika Rajput",,,/dashboard/company/reviews,company-reviews,0,,1,2026-06-12 13:28:14,
15600,19,39256,"Hi, SP HUMANS PRIVATE LIMITED you got a review from Rakesh Maurya",,,/dashboard/company/reviews,company-reviews,0,,1,2026-06-12 13:37:34,
15601,19,39256,"Hi, SP HUMANS PRIVATE LIMITED you got a review from Rakesh Maurya",,,/dashboard/company/reviews,company-reviews,1,,1,2026-06-12 13:38:02,
15602,38872,40331,"Dear , Anshika Rajput, Avinash has submitted a request to view your salary. Please review and take the necessary action.",,,/dashboard/user/requests?tab=salary,user-salary-request,1,,0,2026-06-12 13:38:06,2026-06-12 13:38:06
15603,40331,38872,"User, Anshika Rajput has accepted your profile view request",,,/employee/anshika-rajput-cce641707,user-profile,0,anshika-rajput-cce641707,1,2026-06-12 13:39:50,2026-06-12 13:39:50
15604,40085,40119,varttika ung Request to follow you!,,,/dashboard/user/requests?tab=follow,follow-request-user,0,,1,2026-06-12 15:04:55,2026-06-12 15:04:55
15605,19,38860,"Dear , Avinash Malhotra, Rakesh has submitted a request to view your salary. Please review and take the necessary action.",,,/dashboard/user/requests?tab=salary,user-salary-request,1,,0,2026-06-12 15:16:03,2026-06-12 15:16:03
15606,38860,19,"User, Avinash Malhotra has accepted your profile view request",,,/employee/avinash-malhotra-cce036439,user-profile,0,avinash-malhotra-cce036439,1,2026-06-12 15:16:21,2026-06-12 15:16:21
15607,40290,40279,Yash Sharma Request to follow you!,,,/dashboard/user/requests?tab=follow,follow-request-user,0,,0,2026-06-12 16:15:26,2026-06-12 16:15:26
15608,40290,40265,Yash Sharma Request to follow you!,,,/dashboard/user/requests?tab=follow,follow-request-user,0,,0,2026-06-12 16:15:27,2026-06-12 16:15:27
15609,40290,40265,Yash Sharma Request to follow you!,,,/dashboard/user/requests?tab=follow,follow-request-user,0,,0,2026-06-12 16:15:28,2026-06-12 16:15:28
15610,40290,40279,Yash Sharma Request to follow you!,,,/dashboard/user/requests?tab=follow,follow-request-user,0,,0,2026-06-12 16:15:29,2026-06-12 16:15:29
15611,40290,40279,Yash Sharma Request to follow you!,,,/dashboard/user/requests?tab=follow,follow-request-user,0,,0,2026-06-12 16:15:30,2026-06-12 16:15:30
15612,40290,40279,Yash Sharma Request to follow you!,,,/dashboard/user/requests?tab=follow,follow-request-user,0,,0,2026-06-12 16:15:33,2026-06-12 16:15:33
15613,38860,40331,Avinash Malhotra Request to follow you!,,,/dashboard/user/requests?tab=follow,follow-request-user,0,,1,2026-06-12 16:16:19,2026-06-12 16:16:19
15614,38860,40336,Avinash Malhotra followed you!,,,/dashboard/company/connections,follow-request-company,1,,1,2026-06-12 16:16:43,2026-06-12 16:16:43
15615,40290,40279,Yash Sharma Request to follow you!,,,/dashboard/user/requests?tab=follow,follow-request-user,0,,0,2026-06-12 16:16:44,2026-06-12 16:16:44
15616,40290,40279,Yash Sharma Request to follow you!,,,/dashboard/user/requests?tab=follow,follow-request-user,0,,0,2026-06-12 16:16:48,2026-06-12 16:16:48
15617,40290,40279,Yash Sharma Request to follow you!,,,/dashboard/user/requests?tab=follow,follow-request-user,0,,0,2026-06-12 16:17:02,2026-06-12 16:17:02
15618,40290,40279,Yash Sharma Request to follow you!,,,/dashboard/user/requests?tab=follow,follow-request-user,0,,0,2026-06-12 16:17:04,2026-06-12 16:17:04
15619,40290,40279,Yash Sharma Request to follow you!,,,/dashboard/user/requests?tab=follow,follow-request-user,0,,0,2026-06-12 16:17:05,2026-06-12 16:17:05
15620,40290,40279,Yash Sharma Request to follow you!,,,/dashboard/user/requests?tab=follow,follow-request-user,0,,0,2026-06-12 16:17:06,2026-06-12 16:17:06
15621,40290,40279,Yash Sharma Request to follow you!,,,/dashboard/user/requests?tab=follow,follow-request-user,0,,0,2026-06-12 16:17:08,2026-06-12 16:17:08
15622,40290,40279,Yash Sharma Request to follow you!,,,/dashboard/user/requests?tab=follow,follow-request-user,0,,0,2026-06-12 16:17:08,2026-06-12 16:17:08
15623,40290,40279,Yash Sharma Request to follow you!,,,/dashboard/user/requests?tab=follow,follow-request-user,0,,0,2026-06-12 16:17:13,2026-06-12 16:17:13
15624,40290,40279,Yash Sharma Request to follow you!,,,/dashboard/user/requests?tab=follow,follow-request-user,0,,0,2026-06-12 16:17:20,2026-06-12 16:17:20
15625,40290,40279,Yash Sharma Request to follow you!,,,/dashboard/user/requests?tab=follow,follow-request-user,0,,0,2026-06-12 16:17:29,2026-06-12 16:17:29
15626,40290,39239,Yash Sharma Request to follow you!,,,/dashboard/user/requests?tab=follow,follow-request-user,0,,0,2026-06-12 16:18:11,2026-06-12 16:18:11
15627,40290,39239,Yash Sharma Request to follow you!,,,/dashboard/user/requests?tab=follow,follow-request-user,0,,0,2026-06-12 16:18:13,2026-06-12 16:18:13
15628,40290,39239,Yash Sharma Request to follow you!,,,/dashboard/user/requests?tab=follow,follow-request-user,0,,0,2026-06-12 16:18:18,2026-06-12 16:18:18
15629,40290,39239,Yash Sharma Request to follow you!,,,/dashboard/user/requests?tab=follow,follow-request-user,0,,0,2026-06-12 16:18:34,2026-06-12 16:18:34
15630,40290,39001,Yash Sharma Request to follow you!,,,/dashboard/user/requests?tab=follow,follow-request-user,0,,0,2026-06-12 16:48:53,2026-06-12 16:48:53
15631,40290,38872,Yash Sharma Request to follow you!,,,/dashboard/user/requests?tab=follow,follow-request-user,0,,0,2026-06-12 16:48:59,2026-06-12 16:48:59
15632,40290,39256,Yash Sharma followed you!,,,/dashboard/company/connections,follow-request-company,1,,1,2026-06-12 17:05:55,2026-06-12 17:05:55
15633,40290,103,Yash Sharma Request to follow you!,,,/dashboard/user/requests?tab=follow,follow-request-user,0,,0,2026-06-12 17:09:28,2026-06-12 17:09:28
15634,40290,40083,Yash Sharma Request to follow you!,,,/dashboard/user/requests?tab=follow,follow-request-user,0,,0,2026-06-12 17:09:46,2026-06-12 17:09:46
15635,40290,40219,Yash Sharma Request to follow you!,,,/dashboard/user/requests?tab=follow,follow-request-user,0,,0,2026-06-12 17:11:53,2026-06-12 17:11:53
15636,39256,40219,SP HUMANS PRIVATE LIMITED  Request to follow you!,,,/dashboard/user/requests?tab=follow,follow-request-user,0,,0,2026-06-12 17:15:31,2026-06-12 17:15:31
15637,40331,39072,"Hi RMSI Pvt Ltd fghfg, you have received a request to verify your company domain.",,,/dashboard/company/my-domains,company-my-domains,1,,0,2026-06-12 17:32:56,2026-06-12 17:32:56
15638,39314,39340,"Hi, GAURAV pvt limited you got a review from Rohan Prajapati",,,/dashboard/company/reviews,company-reviews,0,,0,2026-06-12 17:52:54,
15639,40279,39256,"Hi, SP HUMANS PRIVATE LIMITED you got a review from Prashant Sharma",,,/dashboard/company/reviews,company-reviews,1,,1,2026-06-12 18:05:42,
15640,40279,3,Prashant Sharma has sent an approval for the experience,,,/dashboard/company/employments,cmp-emp-req-pending,0,,0,2026-06-12 18:07:44,2026-06-12 18:07:44
15641,40279,40327,Prashant Sharma has sent an approval for the experience,,,/dashboard/company/employments,cmp-emp-req-pending,0,,0,2026-06-12 18:10:03,2026-06-12 18:10:03
15642,40279,40290,"Prashant Sharma, has declined your follow request",,,/employee/prashant-sharma-cce186380,user-profile,0,prashant-sharma-cce186380,0,2026-06-12 18:20:42,2026-06-12 18:20:42
15643,40290,38918,Yash Sharma Request to follow you!,,,/dashboard/user/requests?tab=follow,follow-request-user,0,,0,2026-06-13 11:24:18,2026-06-13 11:24:18
15644,40290,39005,Yash Sharma Request to follow you!,,,/dashboard/user/requests?tab=follow,follow-request-user,0,,0,2026-06-13 11:24:22,2026-06-13 11:24:22
15645,40290,40228,Yash Sharma Request to follow you!,,,/dashboard/user/requests?tab=follow,follow-request-user,0,,0,2026-06-13 11:24:23,2026-06-13 11:24:23
15646,40290,40228,Yash Sharma Request to follow you!,,,/dashboard/user/requests?tab=follow,follow-request-user,0,,0,2026-06-13 11:24:25,2026-06-13 11:24:25
15647,40290,39005,Yash Sharma Request to follow you!,,,/dashboard/user/requests?tab=follow,follow-request-user,0,,0,2026-06-13 11:24:28,2026-06-13 11:24:28
15648,40290,39005,Yash Sharma Request to follow you!,,,/dashboard/user/requests?tab=follow,follow-request-user,0,,0,2026-06-13 11:24:33,2026-06-13 11:24:33
15649,40290,38918,Yash Sharma Request to follow you!,,,/dashboard/user/requests?tab=follow,follow-request-user,0,,0,2026-06-13 11:24:37,2026-06-13 11:24:37
15650,39314,39256,"Hi SP HUMANS PRIVATE LIMITED, you have received a request to verify your company domain.",,,/dashboard/company/my-domains,company-my-domains,1,,1,2026-06-13 12:23:41,2026-06-13 12:23:41
15651,40279,40352,Prashant Sharma Request to follow you!,,,/dashboard/user/requests?tab=follow,follow-request-user,0,,0,2026-06-13 12:38:43,2026-06-13 12:38:43
15652,39256,40352,"raj singh, a new role has been assigned to you at SP HUMANS PRIVATE LIMITED.",,,/dashboard/user/my-companies,my-company,0,,0,2026-06-13 12:39:39,2026-06-13 12:39:39
15653,40352,39256,raj singh has sent an approval for the experience,,,/dashboard/company/employments,cmp-emp-req-pending,1,,1,2026-06-13 12:47:03,2026-06-13 12:47:03
15654,40352,39256,"Hi SP HUMANS PRIVATE LIMITED, you have received a request to verify user employment.",,,/dashboard/company/employments,cmp-emp-req-pending,1,,1,2026-06-13 12:52:03,2026-06-13 12:52:03
15655,40352,39256,"Hi SP HUMANS PRIVATE LIMITED, you have received a request to verify user employment.",,,/dashboard/company/employments,cmp-emp-req-pending,1,,1,2026-06-13 12:52:18,2026-06-13 12:52:18
15656,39256,40352,"raj singh, your experience as Fiscal manager at SP HUMANS PRIVATE LIMITED has accepted!",,employment,/dashboard/user/employment,profile,0,,0,2026-06-13 12:53:34,2026-06-13 12:53:34
15657,40352,40279,"raj singh, Accepted your request!",,,/employee/raj-singh-cce142173,user-profile,0,raj-singh-cce142173,0,2026-06-13 12:55:00,2026-06-13 12:55:00
15658,39256,39239,Your employment request for the Commercial coordinator position at SP HUMANS PRIVATE LIMITED has been rejected.,,employment,/dashboard/user/employment,profile,0,,0,2026-06-13 12:56:58,2026-06-13 12:56:58
15659,40355,40356,ganesh pathak has sent an approval for the experience,,,/dashboard/company/employments,cmp-emp-req-pending,0,,0,2026-06-13 13:21:50,2026-06-13 13:21:50
15660,40355,40292,ganesh pathak has sent an approval for the experience,,,/dashboard/company/employments,cmp-emp-req-pending,0,,0,2026-06-13 13:21:50,2026-06-13 13:21:50
15661,40355,39073,ganesh pathak has sent an approval for the experience,,,/dashboard/company/employments,cmp-emp-req-pending,0,,0,2026-06-13 13:21:50,2026-06-13 13:21:50
15662,40355,40293,ganesh pathak has sent an approval for the experience,,,/dashboard/company/employments,cmp-emp-req-pending,0,,0,2026-06-13 13:21:51,2026-06-13 13:21:51
15663,40355,38691,ganesh pathak has sent an approval for the experience,,,/dashboard/company/employments,cmp-emp-req-pending,0,,0,2026-06-13 13:21:51,2026-06-13 13:21:51
15664,40355,40356,ganesh pathak has sent an approval for the experience,,,/dashboard/company/employments,cmp-emp-req-pending,0,,0,2026-06-13 13:23:38,2026-06-13 13:23:38
15665,40355,39073,"Hi RMSI Pvt Ltd, you have received a request to verify user employment.",,,/dashboard/company/employments,cmp-emp-req-pending,1,,0,2026-06-13 13:26:19,2026-06-13 13:26:19
15666,40355,39072,ganesh pathak has sent an approval for the experience,,,/dashboard/company/employments,cmp-emp-req-pending,1,,0,2026-06-13 13:37:59,2026-06-13 13:37:59
15667,40355,39072,"Hi RMSI Pvt Ltd fghfg, you have received a request to verify user employment.",,,/dashboard/company/employments,cmp-emp-req-pending,1,,0,2026-06-13 13:38:07,2026-06-13 13:38:07
15668,39072,40355,"ganesh pathak, your experience as Qa engineer at RMSI Pvt Ltd fghfg has accepted!",,employment,/dashboard/user/employment,profile,0,,0,2026-06-13 13:38:43,2026-06-13 13:38:43
15669,40355,39072,"Hi, RMSI Pvt Ltd fghfg you got a review from ganesh pathak",,,/dashboard/company/reviews,company-reviews,1,,0,2026-06-13 13:41:14,
15670,40279,40352,Prashant Sharma Request to follow you!,,,/dashboard/user/requests?tab=follow,follow-request-user,0,,0,2026-06-13 14:21:21,2026-06-13 14:21:21
15671,40352,40279,"raj singh, Accepted your request!",,,/employee/raj-singh-cce142173,user-profile,0,raj-singh-cce142173,0,2026-06-13 14:21:31,2026-06-13 14:21:31
15672,40290,40352,"Hi, raj singh you got a review from SP HUMANS PRIVATE LIMITED",,employment,/dashboard/user/employment,user-profile,0,,0,2026-06-13 15:03:12,
15673,38860,40355,"Dear , ganesh pathak, Avinash has submitted a request to view your salary. Please review and take the necessary action.",,,/dashboard/user/requests?tab=salary,user-salary-request,1,,0,2026-06-13 15:04:02,2026-06-13 15:04:02
15674,40355,38860,"User, ganesh pathak has accepted your profile view request",,,/employee/ganesh-pathak-cce537978,user-profile,0,ganesh-pathak-cce537978,0,2026-06-13 15:04:39,2026-06-13 15:04:39
15675,39072,40355,"Hi, ganesh pathak your reveiw has been updated by RMSI Pvt Ltd fghfg",,employment,/dashboard/user/employment,profile,1,,0,2026-06-13 15:06:55,
15676,18,40095,"Hi, Yash Enterprise you got a review from Kartik Mehra",,,/dashboard/company/reviews,company-reviews,0,,0,2026-06-13 15:24:37,
15677,40290,35415,Yash Sharma Request to follow you!,,,/dashboard/user/requests?tab=follow,follow-request-user,0,,0,2026-06-13 15:39:41,2026-06-13 15:39:41
15678,40290,35415,Yash Sharma Request to follow you!,,,/dashboard/user/requests?tab=follow,follow-request-user,0,,0,2026-06-13 15:39:43,2026-06-13 15:39:43
15679,40290,39072,Yash Sharma followed you!,,,/dashboard/company/connections,follow-request-company,1,,0,2026-06-13 15:44:31,2026-06-13 15:44:31
15680,40357,40272,name last has sent an approval for the experience,,,/dashboard/company/employments,cmp-emp-req-pending,0,,0,2026-06-13 16:16:12,2026-06-13 16:16:12
15681,40357,40358,name last has sent an approval for the experience,,,/dashboard/company/employments,cmp-emp-req-pending,0,,0,2026-06-13 16:16:48,2026-06-13 16:16:48
15682,40357,40359,name last has sent an approval for the experience,,,/dashboard/company/employments,cmp-emp-req-pending,0,,0,2026-06-13 16:18:01,2026-06-13 16:18:01
15683,39256,40360,"dsd sdf, a new role has been assigned to you at SP HUMANS PRIVATE LIMITED.",,,/dashboard/user/my-companies,my-company,0,,0,2026-06-13 16:36:26,2026-06-13 16:36:26
15684,40355,39072,"Hi, RMSI Pvt Ltd fghfg you got a review from ganesh pathak",,,/dashboard/company/reviews,company-reviews,1,,0,2026-06-13 16:39:39,
15685,40355,39072,"Hi, RMSI Pvt Ltd fghfg you got a review from ganesh pathak",,,/dashboard/company/reviews,company-reviews,0,,0,2026-06-13 17:05:56,
15686,39072,18,You have been added as a collaborator by RMSI Pvt Ltd fghfg to view the job post,,,/dashboard/user/jobs-collaboration,,0,,1,2026-06-13 17:26:20,2026-06-13 17:26:20
15687,19,39256,"Hi SP HUMANS PRIVATE LIMITED, you have received a request to verify your company domain.",,,/dashboard/company/my-domains,company-my-domains,1,,1,2026-06-15 13:01:12,2026-06-15 13:01:12
15688,19,39256,"Hi SP HUMANS PRIVATE LIMITED, you have received a request to verify your company domain.",,,/dashboard/company/my-domains,company-my-domains,1,,1,2026-06-15 13:12:04,2026-06-15 13:12:04
15689,19,39364,"Hi TEST T, you have received a request to verify your company domain.",,,/dashboard/company/my-domains,company-my-domains,0,,0,2026-06-15 13:12:46,2026-06-15 13:12:46
15690,19,40108,"Hi Software info tech, you have received a request to verify user employment.",,,/dashboard/company/employments,cmp-emp-req-pending,0,,0,2026-06-15 13:13:17,2026-06-15 13:13:17
15691,19,39256,Rakesh Maurya send a salary verification request to you!,,,/dashboard/company/employments?tab=3,cmp-emp-req-pending,1,,1,2026-06-15 13:13:57,2026-06-15 13:13:57
15692,40279,39311,Prashant Sharma has sent an approval for the experience,,,/dashboard/company/employments,cmp-emp-req-pending,0,,0,2026-06-15 14:58:10,2026-06-15 14:58:10
15693,40279,39311,Prashant Sharma has sent an approval for the experience,,,/dashboard/company/employments,cmp-emp-req-pending,0,,0,2026-06-15 15:00:08,2026-06-15 15:00:08
15694,40349,40290,"Yash Sharma, a new role has been assigned to you at velocitai.",,,/dashboard/user/my-companies,my-company,0,,0,2026-06-15 18:35:59,2026-06-15 18:35:59
15695,40137,134,You have been added as a collaborator by Fluper Pvt. Ltd. to view the job post,,,/dashboard/user/jobs-collaboration,,0,,0,2026-06-16 11:15:59,2026-06-16 11:15:59
15696,40137,38860,You have been added as a collaborator by Fluper Pvt. Ltd. to view the job post,,,/dashboard/user/jobs-collaboration,,1,,0,2026-06-16 11:17:11,2026-06-16 11:17:11
15697,40085,40119,varttika ung Request to follow you!,,,/dashboard/user/requests?tab=follow,follow-request-user,1,,1,2026-06-16 11:32:29,2026-06-16 11:32:29
15698,40290,18,"Dear , Kartik Mehra, Yash has submitted a request to view your salary. Please review and take the necessary action.",,,/dashboard/user/requests?tab=salary,user-salary-request,0,,1,2026-06-16 12:10:38,2026-06-16 12:10:38
15699,40388,39072,"Hi RMSI Pvt Ltd fghfg, you have received a request to verify user employment.",,,/dashboard/company/employments,cmp-emp-req-pending,0,,0,2026-06-16 12:56:04,2026-06-16 12:56:04
15700,40388,39072,"Hi RMSI Pvt Ltd fghfg, you have received a request to verify user employment.",,,/dashboard/company/employments,cmp-emp-req-pending,1,,0,2026-06-16 12:57:14,2026-06-16 12:57:14
15701,39072,40388,"Raju Pathak, your experience as QA at RMSI Pvt Ltd fghfg has accepted!",,employment,/dashboard/user/employment,profile,0,,0,2026-06-16 12:57:46,2026-06-16 12:57:46
15702,39001,39256,"Hi SP HUMANS PRIVATE LIMITED, you have received a request to verify your company domain.",,,/dashboard/company/my-domains,company-my-domains,1,,1,2026-06-16 13:07:40,2026-06-16 13:07:40
15703,39001,39072,"Hi RMSI Pvt Ltd fghfg, you have received a request to verify your company domain.",,,/dashboard/company/my-domains,company-my-domains,1,,0,2026-06-16 13:32:20,2026-06-16 13:32:20
15704,40388,39072,"Hi, RMSI Pvt Ltd fghfg you got a review from Raju Pathak",,,/dashboard/company/reviews,company-reviews,1,,0,2026-06-16 13:33:36,
15705,39072,40388,"Hi, Raju Pathak your reveiw has been updated by RMSI Pvt Ltd fghfg",,employment,/dashboard/user/employment,profile,0,,1,2026-06-16 13:35:32,
15706,38860,40388,"Dear , Raju Pathak, Avinash has submitted a request to view your salary. Please review and take the necessary action.",,,/dashboard/user/requests?tab=salary,user-salary-request,1,,0,2026-06-16 13:37:23,2026-06-16 13:37:23
15707,40388,38860,"User, Raju Pathak has accepted your profile view request",,,/employee/raju-pathak-cce037132,user-profile,0,raju-pathak-cce037132,0,2026-06-16 13:37:47,2026-06-16 13:37:47
15708,40388,39072,"Hi, RMSI Pvt Ltd fghfg you got a review from Raju Pathak",,,/dashboard/company/reviews,company-reviews,0,,1,2026-06-16 13:38:45,
15709,40386,40388,abi rajput Request to follow you!,,,/dashboard/user/requests?tab=follow,follow-request-user,1,,0,2026-06-16 15:17:56,2026-06-16 15:17:56
15710,40388,40386,"Raju Pathak, Accepted your request!",,,/employee/raju-pathak-cce037132,user-profile,0,raju-pathak-cce037132,0,2026-06-16 15:18:11,2026-06-16 15:18:11
15711,39001,40391,Vivek Kumar Yadav has sent an approval for the experience,,,/dashboard/company/employments,cmp-emp-req-pending,0,,0,2026-06-16 15:40:42,2026-06-16 15:40:42
15712,40290,2,Yash Sharma has sent an approval for the experience,,,/dashboard/company/employments,cmp-emp-req-pending,0,,0,2026-06-16 16:11:35,2026-06-16 16:11:35
15713,39072,40386,"abi rajput, a new role has been assigned to you at RMSI Pvt Ltd fghfg.",,,/dashboard/user/my-companies,my-company,0,,0,2026-06-16 16:54:33,2026-06-16 16:54:33
15714,39072,40386,"abi rajput, a new role has been assigned to you at RMSI Pvt Ltd fghfg.",,,/dashboard/user/my-companies,my-company,0,,0,2026-06-16 16:54:58,2026-06-16 16:54:58
15715,88,208,Nisarg Kumar has sent an approval for the experience,,,/dashboard/company/employments,cmp-emp-req-pending,0,,0,2026-06-16 17:08:56,2026-06-16 17:08:56
15716,40349,40085,You have been added as a collaborator by velocitai to view the job post,,,/dashboard/user/jobs-collaboration,,0,,0,2026-06-17 10:29:33,2026-06-17 10:29:33
15717,40312,40218,Ashok Chaudhary Request to follow you!,,,/dashboard/user/requests?tab=follow,follow-request-user,1,,0,2026-06-17 10:33:34,2026-06-17 10:33:34
15718,40349,40085,"Hi, varttika ung you have a new employment added by velocitai",,employment,/dashboard/user/employment,profile,0,,0,2026-06-17 10:46:37,2026-06-17 10:46:37
15719,40218,40312,"Aman Chaudhary, Accepted your request!",,,/employee/aman-chaudhary-cce429521,user-profile,0,aman-chaudhary-cce429521,0,2026-06-17 10:46:58,2026-06-17 10:46:58
15720,40085,40349,varttika ung followed you!,,,/dashboard/company/connections,follow-request-company,1,,1,2026-06-17 11:35:39,2026-06-17 11:35:39
15721,40218,39013,"Hi Zenith Digital Marketing, you have received a request to verify your company domain.",,,/dashboard/company/my-domains,company-my-domains,0,,0,2026-06-17 15:19:06,2026-06-17 15:19:06
15722,39314,40067,"Hi Gaurav Pvt Ltd, you have received a request to verify user employment.",,,/dashboard/company/employments,cmp-emp-req-pending,0,,0,2026-06-17 15:28:46,2026-06-17 15:28:46
15723,39314,39013,Rohan Prajapati has sent an approval for the experience,,,/dashboard/company/employments,cmp-emp-req-pending,0,,0,2026-06-17 15:30:48,2026-06-17 15:30:48
15724,39314,39013,"Hi Zenith Digital Marketing, you have received a request to verify user employment.",,,/dashboard/company/employments,cmp-emp-req-pending,0,,0,2026-06-17 15:31:32,2026-06-17 15:31:32
15725,39314,39013,"Hi Zenith Digital Marketing, you have received a request to verify your company domain.",,,/dashboard/company/my-domains,company-my-domains,0,,0,2026-06-17 15:31:38,2026-06-17 15:31:38
15726,39314,39013,"Hi Zenith Digital Marketing, you have received a request to verify user employment.",,,/dashboard/company/employments,cmp-emp-req-pending,0,,0,2026-06-17 15:32:04,2026-06-17 15:32:04
15727,40349,134,You have been added as a collaborator by velocitai to view the job post,,,/dashboard/user/jobs-collaboration,,0,,0,2026-06-17 15:48:48,2026-06-17 15:48:48
15728,40439,134,You have been added as a collaborator by Fashion to view the job post,,,/dashboard/user/jobs-collaboration,,0,,0,2026-06-17 17:03:00,2026-06-17 17:03:00
15729,18,40095,"Hi Yash Enterprise, you have received a request to verify user employment.",,,/dashboard/company/employments,cmp-emp-req-pending,0,,0,2026-06-17 17:27:11,2026-06-17 17:27:11
15730,18,40095,"Hi Yash Enterprise, you have received a request to verify user employment.",,,/dashboard/company/employments,cmp-emp-req-pending,0,,0,2026-06-17 17:27:48,2026-06-17 17:27:48
15731,18,14,Kartik Mehra Request to follow you!,,,/dashboard/user/requests?tab=follow,follow-request-user,0,,0,2026-06-17 18:32:11,2026-06-17 18:32:11
15732,40119,37593,Anshika sharma Request to follow you!,,,/dashboard/user/requests?tab=follow,follow-request-user,0,,0,2026-06-18 11:31:03,2026-06-18 11:31:03
15733,40119,38256,Anshika sharma Request to follow you!,,,/dashboard/user/requests?tab=follow,follow-request-user,0,,0,2026-06-18 11:31:03,2026-06-18 11:31:03
15734,40119,33055,Anshika sharma Request to follow you!,,,/dashboard/user/requests?tab=follow,follow-request-user,0,,0,2026-06-18 11:31:04,2026-06-18 11:31:04
15735,40119,36689,Anshika sharma Request to follow you!,,,/dashboard/user/requests?tab=follow,follow-request-user,0,,0,2026-06-18 11:31:04,2026-06-18 11:31:04
15736,40119,40397,Anshika sharma Request to follow you!,,,/dashboard/user/requests?tab=follow,follow-request-user,0,,0,2026-06-18 11:31:06,2026-06-18 11:31:06
15737,40119,40079,Anshika sharma Request to follow you!,,,/dashboard/user/requests?tab=follow,follow-request-user,0,,0,2026-06-18 11:31:13,2026-06-18 11:31:13
15738,40119,37593,Anshika sharma Request to follow you!,,,/dashboard/user/requests?tab=follow,follow-request-user,0,,0,2026-06-18 11:31:13,2026-06-18 11:31:13
15739,40119,38256,Anshika sharma Request to follow you!,,,/dashboard/user/requests?tab=follow,follow-request-user,0,,0,2026-06-18 11:31:14,2026-06-18 11:31:14
15740,40119,33055,Anshika sharma Request to follow you!,,,/dashboard/user/requests?tab=follow,follow-request-user,0,,0,2026-06-18 11:31:15,2026-06-18 11:31:15
15741,40119,36689,Anshika sharma Request to follow you!,,,/dashboard/user/requests?tab=follow,follow-request-user,0,,0,2026-06-18 11:31:18,2026-06-18 11:31:18
15742,40119,40290,Anshika sharma Request to follow you!,,,/dashboard/user/requests?tab=follow,follow-request-user,0,,0,2026-06-18 11:39:26,2026-06-18 11:39:26
15743,40119,40279,Anshika sharma Request to follow you!,,,/dashboard/user/requests?tab=follow,follow-request-user,0,,0,2026-06-18 11:39:27,2026-06-18 11:39:27
15744,40119,40279,Anshika sharma Request to follow you!,,,/dashboard/user/requests?tab=follow,follow-request-user,0,,0,2026-06-18 11:39:29,2026-06-18 11:39:29
15745,40119,38860,Anshika sharma Request to follow you!,,,/dashboard/user/requests?tab=follow,follow-request-user,0,,0,2026-06-18 11:39:30,2026-06-18 11:39:30
15746,40119,40290,Anshika sharma Request to follow you!,,,/dashboard/user/requests?tab=follow,follow-request-user,0,,0,2026-06-18 11:39:30,2026-06-18 11:39:30
15747,40119,38872,Anshika sharma Request to follow you!,,,/dashboard/user/requests?tab=follow,follow-request-user,0,,0,2026-06-18 11:39:31,2026-06-18 11:39:31
15748,40119,40407,Anshika sharma Request to follow you!,,,/dashboard/user/requests?tab=follow,follow-request-user,0,,0,2026-06-18 11:39:42,2026-06-18 11:39:42
15749,40119,40406,Anshika sharma Request to follow you!,,,/dashboard/user/requests?tab=follow,follow-request-user,0,,0,2026-06-18 11:39:43,2026-06-18 11:39:43
15750,40119,40402,Anshika sharma Request to follow you!,,,/dashboard/user/requests?tab=follow,follow-request-user,0,,0,2026-06-18 11:39:44,2026-06-18 11:39:44
15751,40119,40401,Anshika sharma Request to follow you!,,,/dashboard/user/requests?tab=follow,follow-request-user,0,,0,2026-06-18 11:39:45,2026-06-18 11:39:45
15752,40119,40398,Anshika sharma Request to follow you!,,,/dashboard/user/requests?tab=follow,follow-request-user,0,,0,2026-06-18 11:39:46,2026-06-18 11:39:46
15753,40119,40388,Anshika sharma Request to follow you!,,,/dashboard/user/requests?tab=follow,follow-request-user,0,,0,2026-06-18 11:39:47,2026-06-18 11:39:47
15754,40119,40385,Anshika sharma Request to follow you!,,,/dashboard/user/requests?tab=follow,follow-request-user,0,,0,2026-06-18 11:39:48,2026-06-18 11:39:48
15755,40119,40386,Anshika sharma Request to follow you!,,,/dashboard/user/requests?tab=follow,follow-request-user,0,,0,2026-06-18 11:39:49,2026-06-18 11:39:49
15756,40119,38872,Anshika sharma Request to follow you!,,,/dashboard/user/requests?tab=follow,follow-request-user,0,,0,2026-06-18 11:40:00,2026-06-18 11:40:00
15757,40119,40279,Anshika sharma Request to follow you!,,,/dashboard/user/requests?tab=follow,follow-request-user,0,,0,2026-06-18 11:40:03,2026-06-18 11:40:03
15758,40119,40406,Anshika sharma Request to follow you!,,,/dashboard/user/requests?tab=follow,follow-request-user,0,,0,2026-06-18 11:40:04,2026-06-18 11:40:04
15759,40119,40407,Anshika sharma Request to follow you!,,,/dashboard/user/requests?tab=follow,follow-request-user,0,,0,2026-06-18 11:40:06,2026-06-18 11:40:06
15760,40119,40401,Anshika sharma Request to follow you!,,,/dashboard/user/requests?tab=follow,follow-request-user,0,,0,2026-06-18 11:40:07,2026-06-18 11:40:07
15761,40119,40402,Anshika sharma Request to follow you!,,,/dashboard/user/requests?tab=follow,follow-request-user,0,,0,2026-06-18 11:40:08,2026-06-18 11:40:08
15762,40119,39275,Anshika sharma Request to follow you!,,,/dashboard/user/requests?tab=follow,follow-request-user,0,,0,2026-06-18 11:40:11,2026-06-18 11:40:11
15763,40119,134,Anshika sharma Request to follow you!,,,/dashboard/user/requests?tab=follow,follow-request-user,0,,0,2026-06-18 11:40:11,2026-06-18 11:40:11
15764,40119,40388,Anshika sharma Request to follow you!,,,/dashboard/user/requests?tab=follow,follow-request-user,0,,0,2026-06-18 11:40:11,2026-06-18 11:40:11
15765,40119,40398,Anshika sharma Request to follow you!,,,/dashboard/user/requests?tab=follow,follow-request-user,0,,0,2026-06-18 11:40:12,2026-06-18 11:40:12
15766,40119,40386,Anshika sharma Request to follow you!,,,/dashboard/user/requests?tab=follow,follow-request-user,0,,0,2026-06-18 11:40:14,2026-06-18 11:40:14
15767,40119,40385,Anshika sharma Request to follow you!,,,/dashboard/user/requests?tab=follow,follow-request-user,0,,0,2026-06-18 11:40:14,2026-06-18 11:40:14
15768,40119,38860,Anshika sharma Request to follow you!,,,/dashboard/user/requests?tab=follow,follow-request-user,0,,0,2026-06-18 11:40:49,2026-06-18 11:40:49
15769,40119,40381,Anshika sharma Request to follow you!,,,/dashboard/user/requests?tab=follow,follow-request-user,0,,0,2026-06-18 11:42:03,2026-06-18 11:42:03
15770,39256,39314,You have been added as a collaborator by SP HUMANS PRIVATE LIMITED to view the job post,,,/dashboard/user/jobs-collaboration,,0,,0,2026-06-18 12:30:19,2026-06-18 12:30:19
15771,39256,39314,You have been added as a collaborator by SP HUMANS PRIVATE LIMITED to view the job post,,,/dashboard/user/jobs-collaboration,,0,,0,2026-06-18 12:30:53,2026-06-18 12:30:53
15772,39256,40440,"sanjay kumar, a new role has been assigned to you at SP HUMANS PRIVATE LIMITED.",,,/dashboard/user/my-companies,my-company,0,,0,2026-06-18 12:54:13,2026-06-18 12:54:13
15773,40440,39256,sanjay kumar has sent an approval for the experience,,,/dashboard/company/employments,cmp-emp-req-pending,0,,1,2026-06-18 12:55:12,2026-06-18 12:55:12
15774,39256,40440,"sanjay kumar, your experience as Wellness coach at SP HUMANS PRIVATE LIMITED has accepted!",,employment,/dashboard/user/employment,profile,0,,0,2026-06-18 12:55:37,2026-06-18 12:55:37
15775,40440,39256,sanjay kumar has sent an approval for the experience,,,/dashboard/company/employments,cmp-emp-req-pending,1,,1,2026-06-18 12:56:54,2026-06-18 12:56:54
15776,40440,39256,sanjay kumar send a salary verification request to you!,,,/dashboard/company/employments?tab=3,cmp-emp-req-pending,0,,1,2026-06-18 12:58:17,2026-06-18 12:58:17
15777,40279,39256,Prashant Sharma send a salary/designation request to you!,,,/dashboard/company/employments,cmp-emp-req-update,0,,1,2026-06-18 13:01:56,2026-06-18 13:01:56
15778,40279,40440,"Dear , sanjay kumar, Prashant has submitted a request to view your salary. Please review and take the necessary action.",,,/dashboard/user/requests?tab=salary,user-salary-request,0,,0,2026-06-18 13:19:30,2026-06-18 13:19:30
15779,40440,40279,"Dear , Prashant Sharma, sanjay has submitted a request to view your salary. Please review and take the necessary action.",,,/dashboard/user/requests?tab=salary,user-salary-request,0,,0,2026-06-18 13:21:35,2026-06-18 13:21:35
15780,39256,40449,You have been added as a collaborator by SP HUMANS PRIVATE LIMITED to view the job post,,,/dashboard/user/jobs-collaboration,,1,,0,2026-06-18 15:36:36,2026-06-18 15:36:36
15781,40398,19,Kartik Mehra Request to follow you!,,,/dashboard/user/requests?tab=follow,follow-request-user,1,,1,2026-06-18 15:37:59,2026-06-18 15:37:59
15782,40119,19,"Dear , Rakesh Maurya, Anshika has submitted a request to view your salary. Please review and take the necessary action.",,,/dashboard/user/requests?tab=salary,user-salary-request,1,,1,2026-06-18 16:40:37,2026-06-18 16:40:37
15783,39001,2,"Hi, Collar Check Pvt. Ltd. you got a review from Vivek Kumar Yadav",,,/dashboard/company/reviews,company-reviews,0,,0,2026-06-18 16:54:27,
15784,40085,40405,varttika ung followed you!,,,/dashboard/company/connections,follow-request-company,0,,1,2026-06-19 12:09:42,2026-06-19 12:09:42
15785,40137,40265,You have been added as a collaborator by Fluper Pvt. Ltd. to view the job post,,,/dashboard/user/jobs-collaboration,,0,,1,2026-06-19 12:45:28,2026-06-19 12:45:28
15786,40449,18,Shubham Kumar Request to follow you!,,,/dashboard/user/requests?tab=follow,follow-request-user,0,,0,2026-06-19 15:38:57,2026-06-19 15:38:57
15787,18,39256,"Hi, SP HUMANS PRIVATE LIMITED you got a review from Kartik Mehra",,,/dashboard/company/reviews,company-reviews,0,,1,2026-06-19 15:54:07,
15788,40452,40453,Kashish Tyagi has sent an approval for the experience,,,/dashboard/company/employments,cmp-emp-req-pending,0,,0,2026-06-19 16:03:06,2026-06-19 16:03:06
15789,40137,18,"Hi, Kartik Mehra you have a new employment added by Fluper Pvt. Ltd.",,employment,/dashboard/user/employment,profile,0,,0,2026-06-19 16:05:37,2026-06-19 16:05:37
15790,39256,18,"Hi, Kartik Mehra you have a new employment added by SP HUMANS PRIVATE LIMITED",,employment,/dashboard/user/employment,profile,0,,0,2026-06-19 16:07:10,2026-06-19 16:07:10
15791,18,40095,"Hi, Yash Enterprise you got a review from Kartik Mehra",,,/dashboard/company/reviews,company-reviews,0,,0,2026-06-19 16:25:02,
15792,18,40095,"Hi, Yash Enterprise you got a review from Kartik Mehra",,,/dashboard/company/reviews,company-reviews,0,,0,2026-06-19 16:25:29,
15793,18,40095,"Hi, Yash Enterprise you got a review from Kartik Mehra",,,/dashboard/company/reviews,company-reviews,0,,0,2026-06-19 16:31:04,
15794,40290,39256,Yash Sharma has sent an approval for the experience,,,/dashboard/company/employments,cmp-emp-req-pending,0,,1,2026-06-19 16:38:10,2026-06-19 16:38:10
15795,39256,40290,"Yash Sharma, your experience as Web developer at SP HUMANS PRIVATE LIMITED has accepted!",,employment,/dashboard/user/employment,profile,0,,0,2026-06-19 16:38:55,2026-06-19 16:38:55
15796,40290,39256,"Hi, SP HUMANS PRIVATE LIMITED you got a review from Yash Sharma",,,/dashboard/company/reviews,company-reviews,1,,1,2026-06-19 16:39:31,
15797,40290,39256,"Hi, SP HUMANS PRIVATE LIMITED you got a review from Yash Sharma",,,/dashboard/company/reviews,company-reviews,1,,1,2026-06-19 16:40:05,
15798,38860,39256,"Hi SP HUMANS PRIVATE LIMITED, you have received a request to verify your company domain.",,,/dashboard/company/my-domains,company-my-domains,0,,1,2026-06-20 11:10:35,2026-06-20 11:10:35
15799,40279,39311,"Hi, Quick pvt ltd you got a review from Prashant Sharma",,,/dashboard/company/reviews,company-reviews,1,,0,2026-06-20 11:27:52,
15800,40279,39311,"Hi, Quick pvt ltd you got a review from Prashant Sharma",,,/dashboard/company/reviews,company-reviews,1,,0,2026-06-20 11:28:07,
15801,39314,38872,"Hi, Avinash Malhotra one you got a review from SP HUMANS PRIVATE LIMITED",,employment,/dashboard/user/employment,profile,0,,0,2026-06-20 12:34:28,
15802,39072,40381,"Raju Shrivastav, your experience as Qa engineer at RMSI Pvt Ltd fghfg has accepted!",,employment,/dashboard/user/employment,profile,0,,0,2026-06-20 15:39:44,2026-06-20 15:39:44
15803,39072,40388,"Hi, Raju Pathak you got a review from RMSI Pvt Ltd fghfg",,employment,/dashboard/user/employment,profile,0,,0,2026-06-20 15:58:38,
15804,39314,40388,"Hi, Raju Pathak you got a review from RMSI Pvt Ltd fghfg",,employment,/dashboard/user/employment,profile,0,,0,2026-06-20 16:00:41,
15805,38860,40381,"Hi, Raju Shrivastav you got a review from RMSI Pvt Ltd fghfg",,employment,/dashboard/user/employment,user-profile,0,,0,2026-06-20 16:40:49,
15806,39001,39256,"Hi SP HUMANS PRIVATE LIMITED, you have received a request to verify your company domain.",,,/dashboard/company/my-domains,company-my-domains,0,,1,2026-06-22 13:10:09,2026-06-22 13:10:09
15807,39001,39256,"Hi SP HUMANS PRIVATE LIMITED, you have received a request to verify your company domain.",,,/dashboard/company/my-domains,company-my-domains,0,,1,2026-06-22 13:14:50,2026-06-22 13:14:50
15808,40085,40119,varttika ung Request to follow you!,,,/dashboard/user/requests?tab=follow,follow-request-user,1,,1,2026-06-22 14:42:00,2026-06-22 14:42:00
15809,40085,40133,varttika ung followed you!,,,/dashboard/company/connections,follow-request-company,0,,0,2026-06-22 14:42:22,2026-06-22 14:42:22
15810,40085,40349,varttika ung followed you!,,,/dashboard/company/connections,follow-request-company,1,,0,2026-06-22 14:43:07,2026-06-22 14:43:07
15811,39001,39256,"Hi SP HUMANS PRIVATE LIMITED, you have received a request to verify your company domain.",,,/dashboard/company/my-domains,company-my-domains,0,,1,2026-06-22 14:53:38,2026-06-22 14:53:38
15812,38872,2,"Hi Collar Check Pvt. Ltd., you have received a request to verify user employment.",,,/dashboard/company/employments,cmp-emp-req-pending,0,,0,2026-06-22 15:23:39,2026-06-22 15:23:39
15813,40085,40119,varttika ung Request to follow you!,,,/dashboard/user/requests?tab=follow,follow-request-user,1,,0,2026-06-22 15:51:24,2026-06-22 15:51:24
15814,40465,39072,kusum gupta has sent an approval for the experience,,,/dashboard/company/employments,cmp-emp-req-pending,0,,1,2026-06-22 15:59:59,2026-06-22 15:59:59
15815,40465,39072,kusum gupta has sent an approval for the experience,,,/dashboard/company/employments,cmp-emp-req-pending,0,,0,2026-06-22 16:00:53,2026-06-22 16:00:53
15816,40465,39072,"Hi RMSI Pvt Ltd fghfg, you have received a request to verify user employment.",,,/dashboard/company/employments,cmp-emp-req-pending,0,,0,2026-06-22 16:38:33,2026-06-22 16:38:33
15817,39072,40465,"kusum gupta, your experience as QA at RMSI Pvt Ltd fghfg has accepted!",,employment,/dashboard/user/employment,profile,0,,0,2026-06-22 16:40:19,2026-06-22 16:40:19
15818,40467,39072,"Hi RMSI Pvt Ltd fghfg, you have received a request to verify user employment.",,,/dashboard/company/employments,cmp-emp-req-pending,0,,0,2026-06-22 16:40:40,2026-06-22 16:40:40
15819,39072,40467,"raku singh, your experience as QA at RMSI Pvt Ltd fghfg has accepted!",,employment,/dashboard/user/employment,profile,0,,0,2026-06-22 16:40:57,2026-06-22 16:40:57
15820,40465,39072,"Hi, RMSI Pvt Ltd fghfg you got a review from kusum gupta",,,/dashboard/company/reviews,company-reviews,0,,0,2026-06-22 16:42:46,
15821,40465,39072,"Hi, RMSI Pvt Ltd fghfg you got a review from kusum gupta",,,/dashboard/company/reviews,company-reviews,1,,0,2026-06-22 16:43:35,
15822,38872,40465,"Dear , kusum gupta, Avinash has submitted a request to view your salary. Please review and take the necessary action.",,,/dashboard/user/requests?tab=salary,user-salary-request,0,,0,2026-06-22 16:44:42,2026-06-22 16:44:42
15823,39072,40465,"Hi, kusum gupta your reveiw has been updated by RMSI Pvt Ltd fghfg",,employment,/dashboard/user/employment,profile,0,,0,2026-06-22 16:46:02,
15824,39072,40465,"Hi, kusum gupta your reveiw has been updated by RMSI Pvt Ltd fghfg",,employment,/dashboard/user/employment,profile,0,,0,2026-06-22 16:46:11,
15825,40465,38872,"User, kusum gupta has accepted your profile view request",,,/employee/kusum-gupta-cce083161,user-profile,0,kusum-gupta-cce083161,0,2026-06-22 16:47:15,2026-06-22 16:47:15
15826,40465,39072,"Hi, RMSI Pvt Ltd fghfg you got a review from kusum gupta",,,/dashboard/company/reviews,company-reviews,1,,0,2026-06-22 16:49:43,
15827,40465,38872,"User, kusum gupta has accepted your profile view request",,,/employee/kusum-gupta-cce083161,user-profile,0,kusum-gupta-cce083161,0,2026-06-22 16:50:11,2026-06-22 16:50:11
15828,40465,38872,"User, kusum gupta has accepted your profile view request",,,/employee/kusum-gupta-cce083161,user-profile,0,kusum-gupta-cce083161,0,2026-06-22 16:50:34,2026-06-22 16:50:34
15829,39072,40465,"Hi, kusum gupta your reveiw has been updated by RMSI Pvt Ltd fghfg",,employment,/dashboard/user/employment,profile,1,,0,2026-06-22 16:51:39,
15830,38872,40465,Avinash Malhotra one Request to follow you!,,,/dashboard/user/requests?tab=follow,follow-request-user,1,,0,2026-06-22 17:05:25,2026-06-22 17:05:25
15831,19,40136,Rakesh Maurya has sent an approval for the experience,,,/dashboard/company/employments,cmp-emp-req-pending,0,,0,2026-06-22 17:05:29,2026-06-22 17:05:29
15832,19,39256,"Hi, SP HUMANS PRIVATE LIMITED you got a review from Rakesh Maurya",,,/dashboard/company/reviews,company-reviews,0,,0,2026-06-22 17:05:44,
15833,40465,39072,"Hi RMSI Pvt Ltd fghfg, you have received a request to verify your company domain.",,,/dashboard/company/my-domains,company-my-domains,0,,0,2026-06-22 17:45:10,2026-06-22 17:45:10
15834,19,39256,"Hi, SP HUMANS PRIVATE LIMITED you got a review from Rakesh Maurya",,,/dashboard/company/reviews,company-reviews,1,,0,2026-06-22 18:05:14,
15835,39340,39314,You have been added as a collaborator by GAURAV pvt limited to view the job post,,,/dashboard/user/jobs-collaboration,,0,,0,2026-06-23 11:02:50,2026-06-23 11:02:50
15836,19,134,"Dear , Avinash Singh, Rakesh has submitted a request to view your salary. Please review and take the necessary action.",,,/dashboard/user/requests?tab=salary,user-salary-request,0,,0,2026-06-23 11:40:10,2026-06-23 11:40:10
15837,40468,39072,Vivek Raju has sent an approval for the experience,,,/dashboard/company/employments,cmp-emp-req-pending,1,,0,2026-06-23 12:04:23,2026-06-23 12:04:23
15838,40468,39072,Vivek Raju has sent an approval for the experience,,,/dashboard/company/employments,cmp-emp-req-pending,1,,0,2026-06-23 12:04:38,2026-06-23 12:04:38
15839,39072,40325,"kritika Rajput, a new role has been assigned to you at RMSI Pvt Ltd fghfg.",,,/dashboard/user/my-companies,my-company,0,,0,2026-06-23 13:01:04,2026-06-23 13:01:04
15840,39072,40325,"kritika Rajput, a new role has been assigned to you at RMSI Pvt Ltd fghfg.",,,/dashboard/user/my-companies,my-company,0,,0,2026-06-23 13:01:14,2026-06-23 13:01:14
15841,39072,40468,"Vivek Raju, a new role has been assigned to you at RMSI Pvt Ltd fghfg.",,,/dashboard/user/my-companies,my-company,0,,0,2026-06-23 13:03:47,2026-06-23 13:03:47
15842,39072,40468,"Vivek Raju, a new role has been assigned to you at RMSI Pvt Ltd fghfg.",,,/dashboard/user/my-companies,my-company,0,,0,2026-06-23 13:23:48,2026-06-23 13:23:48
15843,39072,40467,"Hi, raku singh you got a review from RMSI Pvt Ltd fghfg",,employment,/dashboard/user/employment,profile,0,,0,2026-06-23 13:25:05,
15844,40471,39327,Yash sharma has sent an approval for the experience,,,/dashboard/company/employments,cmp-emp-req-pending,0,,0,2026-06-23 14:59:23,2026-06-23 14:59:23
15845,40471,39327,Yash sharma has sent an approval for the experience,,,/dashboard/company/employments,cmp-emp-req-pending,0,,0,2026-06-23 14:59:59,2026-06-23 14:59:59
15846,40471,40292,Yash sharma has sent an approval for the experience,,,/dashboard/company/employments,cmp-emp-req-pending,0,,0,2026-06-23 15:00:00,2026-06-23 15:00:00
15847,39072,40388,"Hi, Raju Pathak your reveiw has been updated by RMSI Pvt Ltd fghfg",,employment,/dashboard/user/employment,profile,0,,0,2026-06-23 15:05:41,
15848,38860,18,"Dear , Kartik Mehra, Avinash has submitted a request to view your salary. Please review and take the necessary action.",,,/dashboard/user/requests?tab=salary,user-salary-request,0,,0,2026-06-23 15:11:28,2026-06-23 15:11:28
15849,19,39256,Rakesh Maurya followed you!,,,/dashboard/company/connections,follow-request-company,0,,0,2026-06-23 15:51:10,2026-06-23 15:51:10
15850,39314,39256,Rohan Prajapati has sent an approval for the experience,,,/dashboard/company/employments,cmp-emp-req-pending,0,,0,2026-06-23 16:51:17,2026-06-23 16:51:17
15851,40472,40452,kanishka Tyagi Request to follow you!,,,/dashboard/user/requests?tab=follow,follow-request-user,0,,0,2026-06-23 17:20:30,2026-06-23 17:20:30
15852,40290,39256,"Hi, SP HUMANS PRIVATE LIMITED you got a review from Yash Sharma",,,/dashboard/company/reviews,company-reviews,0,,0,2026-06-23 17:43:40,
15853,40290,39256,"Hi, SP HUMANS PRIVATE LIMITED you got a review from Yash Sharma",,,/dashboard/company/reviews,company-reviews,0,,0,2026-06-23 17:43:44,
15854,40290,39256,"Hi, SP HUMANS PRIVATE LIMITED you got a review from Yash Sharma",,,/dashboard/company/reviews,company-reviews,0,,0,2026-06-23 17:43:51,
15855,40471,40290,"Dear , Yash Sharma, Yash has submitted a request to view your salary. Please review and take the necessary action.",,,/dashboard/user/requests?tab=salary,user-salary-request,0,,0,2026-06-23 17:47:13,2026-06-23 17:47:13
15856,40290,40471,"User, Yash Sharma has accepted your profile view request",,,/employee/yash-sharma-cce096125,user-profile,1,yash-sharma-cce096125,0,2026-06-23 17:47:27,2026-06-23 17:47:27
15857,40290,39256,"Hi, SP HUMANS PRIVATE LIMITED you got a review from Yash Sharma",,,/dashboard/company/reviews,company-reviews,0,,0,2026-06-23 17:51:32,
15858,40290,39256,"Hi, SP HUMANS PRIVATE LIMITED you got a review from Yash Sharma",,,/dashboard/company/reviews,company-reviews,0,,0,2026-06-23 17:51:45,
15859,39256,40290,"Hi, Yash Sharma your reveiw has been updated by SP HUMANS PRIVATE LIMITED",,employment,/dashboard/user/employment,profile,0,,0,2026-06-23 17:52:56,
15860,39256,40290,"Hi, Yash Sharma your reveiw has been updated by SP HUMANS PRIVATE LIMITED",,employment,/dashboard/user/employment,profile,0,,0,2026-06-23 17:52:58,
15861,39256,40290,"Hi, Yash Sharma your reveiw has been updated by SP HUMANS PRIVATE LIMITED",,employment,/dashboard/user/employment,profile,1,,0,2026-06-23 17:53:00,
15862,40312,39013,Ashok Chaudhary followed you!,,,/dashboard/company/connections,follow-request-company,0,,0,2026-06-24 10:35:31,2026-06-24 10:35:31
15863,39001,39426,"Hi Hamdard Laboratories India ( Medicine Division), you have received a request to verify user employment.",,,/dashboard/company/employments,cmp-emp-req-pending,0,,0,2026-06-24 10:58:34,2026-06-24 10:58:34
15864,40119,2,"Hi Collar Check Pvt. Ltd., you have received a request to verify user employment.",,,/dashboard/company/employments,cmp-emp-req-pending,0,,0,2026-06-24 11:43:08,2026-06-24 11:43:08
15865,40119,134,"Dear , Avinash Singh, Anshika has submitted a request to view your salary. Please review and take the necessary action.",,,/dashboard/user/requests?tab=salary,user-salary-request,0,,0,2026-06-24 11:48:50,2026-06-24 11:48:50
15866,38872,40473,Avinash Malhotra one followed you!,,,/dashboard/company/connections,follow-request-company,0,,0,2026-06-24 12:12:47,2026-06-24 12:12:47
15867,39256,39001,You have been added as a collaborator by SP HUMANS PRIVATE LIMITED to view the job post,,,/dashboard/user/jobs-collaboration,,0,,0,2026-06-24 12:14:54,2026-06-24 12:14:54
15868,38872,40473,Avinash Malhotra one followed you!,,,/dashboard/company/connections,follow-request-company,0,,0,2026-06-24 12:15:09,2026-06-24 12:15:09
15869,40473,38872,"Hi, Avinash Malhotra one you have a new employment added by Fashion IT",,employment,/dashboard/user/employment,profile,0,,0,2026-06-24 12:19:00,2026-06-24 12:19:00
15870,40473,38860,"Hi, Avinash Malhotra you have a new employment added by Fashion IT",,employment,/dashboard/user/employment,profile,0,,0,2026-06-24 12:19:55,2026-06-24 12:19:55
15871,40473,38872,You have been added as a collaborator by Fashion IT to view the job post,,,/dashboard/user/jobs-collaboration,,0,,0,2026-06-24 12:41:27,2026-06-24 12:41:27
15872,39001,39256,"Hi SP HUMANS PRIVATE LIMITED, you have received a request to verify your company domain.",,,/dashboard/company/my-domains,company-my-domains,0,,0,2026-06-24 12:44:37,2026-06-24 12:44:37
15873,40119,40473,Anshika sharma followed you!,,,/dashboard/company/connections,follow-request-company,0,,0,2026-06-24 12:56:12,2026-06-24 12:56:12
15874,40085,40119,varttika ung Request to follow you!,,,/dashboard/user/requests?tab=follow,follow-request-user,1,,0,2026-06-24 13:06:57,2026-06-24 13:06:57
15875,40085,40137,varttika ung followed you!,,,/dashboard/company/connections,follow-request-company,0,,0,2026-06-24 13:07:17,2026-06-24 13:07:17
15876,40475,39327,Yash sharma has sent an approval for the experience,,,/dashboard/company/employments,cmp-emp-req-pending,0,,0,2026-06-24 13:09:52,2026-06-24 13:09:52
15877,40085,40463,varttika ung followed you!,,,/dashboard/company/connections,follow-request-company,0,,0,2026-06-24 13:27:09,2026-06-24 13:27:09
15878,40119,40475,Anshika sharma Request to follow you!,,,/dashboard/user/requests?tab=follow,follow-request-user,0,,0,2026-06-24 13:32:00,2026-06-24 13:32:00
15879,40119,40475,Anshika sharma Request to follow you!,,,/dashboard/user/requests?tab=follow,follow-request-user,0,,0,2026-06-24 13:32:03,2026-06-24 13:32:03
15880,40473,40265,"khushboo kumari, a new role has been assigned to you at Fashion IT.",,,/dashboard/user/my-companies,my-company,0,,0,2026-06-24 13:38:56,2026-06-24 13:38:56
15881,40473,38872,"Avinash Malhotra one, a new role has been assigned to you at Fashion IT.",,,/dashboard/user/my-companies,my-company,0,,0,2026-06-24 13:39:12,2026-06-24 13:39:12
15882,40473,18,"Kartik Mehra, a new role has been assigned to you at Fashion IT.",,,/dashboard/user/my-companies,my-company,0,,0,2026-06-24 13:39:26,2026-06-24 13:39:26
15883,40473,40471,"Yash sharma, a new role has been assigned to you at Fashion IT.",,,/dashboard/user/my-companies,my-company,0,,0,2026-06-24 13:45:42,2026-06-24 13:45:42
15884,38872,40473,"Hi, Fashion IT you got a review from Avinash Malhotra one",,,/dashboard/company/reviews,company-reviews,1,,0,2026-06-24 14:42:55,
15885,40473,38872,"Hi, Avinash Malhotra one your reveiw has been updated by Fashion IT",,employment,/dashboard/user/employment,profile,0,,0,2026-06-24 14:43:23,
15886,39072,38872,"Avinash Malhotra one, a new role has been assigned to you at RMSI Pvt Ltd fghfg.",,,/dashboard/user/my-companies,my-company,0,,0,2026-06-24 14:44:30,2026-06-24 14:44:30
15887,39072,40325,"kritika Rajput, a new role has been assigned to you at RMSI Pvt Ltd fghfg.",,,/dashboard/user/my-companies,my-company,0,,0,2026-06-24 14:44:38,2026-06-24 14:44:38
15888,39072,40290,"Yash Sharma, a new role has been assigned to you at RMSI Pvt Ltd fghfg.",,,/dashboard/user/my-companies,my-company,0,,0,2026-06-24 14:44:49,2026-06-24 14:44:49
15889,40119,40133,"Hi 91 mobiles, you have received a request to verify user employment.",,,/dashboard/company/employments,cmp-emp-req-pending,0,,0,2026-06-24 15:25:21,2026-06-24 15:25:21
15890,40290,39072,Yash Sharma has sent an approval for the experience,,,/dashboard/company/employments,cmp-emp-req-pending,0,,0,2026-06-24 15:28:35,2026-06-24 15:28:35
15891,40265,19,khushboo kumari Request to follow you!,,,/dashboard/user/requests?tab=follow,follow-request-user,0,,0,2026-06-24 16:26:40,2026-06-24 16:26:40
15892,40265,134,khushboo kumari Request to follow you!,,,/dashboard/user/requests?tab=follow,follow-request-user,0,,0,2026-06-24 16:27:04,2026-06-24 16:27:04
15893,40473,34982,"Hi, Khushi  you have a new employment added by Fashion IT",,employment,/dashboard/user/employment,profile,0,,0,2026-06-24 16:56:09,2026-06-24 16:56:09
15894,39072,36039,"Hi, Mansi Sharma you have a new employment added by RMSI Pvt Ltd fghfg",,employment,/dashboard/user/employment,profile,0,,0,2026-06-24 18:32:02,2026-06-24 18:32:02
15895,39072,37848,"Hi, Ajay kumar Jha you have a new employment added by RMSI Pvt Ltd fghfg",,employment,/dashboard/user/employment,profile,0,,0,2026-06-24 18:33:03,2026-06-24 18:33:03
15896,39072,40290,"Yash Sharma, a new role has been assigned to you at RMSI Pvt Ltd fghfg.",,,/dashboard/user/my-companies,my-company,0,,0,2026-06-24 19:02:48,2026-06-24 19:02:48
15897,39072,38860,"Avinash Malhotra, a new role has been assigned to you at RMSI Pvt Ltd fghfg.",,,/dashboard/user/my-companies,my-company,0,,0,2026-06-24 19:02:57,2026-06-24 19:02:57
15898,38860,39256,Avinash Malhotra has sent an approval for the experience,,,/dashboard/company/employments,cmp-emp-req-pending,0,,0,2026-06-25 11:33:33,2026-06-25 11:33:33
15899,38860,39256,Avinash Malhotra has sent an approval for the experience,,,/dashboard/company/employments,cmp-emp-req-pending,0,,0,2026-06-25 11:34:01,2026-06-25 11:34:01
15900,38860,40070,"Hi Rehabilitation world Pvt Ltd, you have received a request to verify user employment.",,,/dashboard/company/employments,cmp-emp-req-pending,0,,0,2026-06-25 12:34:42,2026-06-25 12:34:42
15901,38860,26656,"Avinashaa Malhotra, Accepted your request!",,,/employee/avinash-malhotra-cce036439,user-profile,0,avinash-malhotra-cce036439,0,2026-06-25 12:36:01,2026-06-25 12:36:01
15902,38860,39072,Avinasha Malhotra has sent an approval for the experience,,,/dashboard/company/employments,cmp-emp-req-pending,0,,0,2026-06-25 14:48:24,2026-06-25 14:48:24
15903,18,39262,"Hi Collar Check Pvt. Ltd., you have received a request to verify your company domain.",,,/dashboard/company/my-domains,company-my-domains,0,,0,2026-06-25 15:06:01,2026-06-25 15:06:01
15904,18,39262,"Hi Collar Check Pvt. Ltd., you have received a request to verify your company domain.",,,/dashboard/company/my-domains,company-my-domains,0,,0,2026-06-25 15:06:06,2026-06-25 15:06:06
15905,38860,40077,"Hi Fashion Nakshu Pvt, you have received a request to verify your company domain.",,,/dashboard/company/my-domains,company-my-domains,0,,0,2026-06-25 15:09:07,2026-06-25 15:09:07
15906,38860,40077,"Hi Fashion Nakshu Pvt, you have received a request to verify your company domain.",,,/dashboard/company/my-domains,company-my-domains,0,,0,2026-06-25 15:09:13,2026-06-25 15:09:13
15907,38860,40077,"Hi Fashion Nakshu Pvt, you have received a request to verify your company domain.",,,/dashboard/company/my-domains,company-my-domains,0,,0,2026-06-25 15:09:23,2026-06-25 15:09:23
15908,38860,40077,"Hi Fashion Nakshu Pvt, you have received a request to verify your company domain.",,,/dashboard/company/my-domains,company-my-domains,0,,0,2026-06-25 15:09:32,2026-06-25 15:09:32
15909,38860,40077,"Hi Fashion Nakshu Pvt, you have received a request to verify your company domain.",,,/dashboard/company/my-domains,company-my-domains,0,,0,2026-06-25 15:10:41,2026-06-25 15:10:41
15910,38860,2,"Hi Collar Check Pvt. Ltd., you have received a request to verify your company domain.",,,/dashboard/company/my-domains,company-my-domains,0,,0,2026-06-25 15:17:04,2026-06-25 15:17:04
15911,38860,39072,"Hi RMSI Pvt Ltd fghfg, you have received a request to verify user employment.",,,/dashboard/company/employments,cmp-emp-req-pending,1,,0,2026-06-25 15:37:06,2026-06-25 15:37:06
15912,39072,38860,"Avinasha Malhotra, your experience as QA SDET at RMSI Pvt Ltd fghfg has accepted!",,employment,/dashboard/user/employment,profile,0,,0,2026-06-25 15:54:22,2026-06-25 15:54:22
15913,38860,40473,"Hi Fashion IT, you have received a request to verify user employment.",,,/dashboard/company/employments,cmp-emp-req-pending,1,,0,2026-06-25 17:29:46,2026-06-25 17:29:46
15914,38860,40473,"Hi Fashion IT, you have received a request to verify user employment.",,,/dashboard/company/employments,cmp-emp-req-pending,0,,0,2026-06-25 17:45:59,2026-06-25 17:45:59
15915,40473,38860,"Avinasha Malhotra, your experience as IT at Fashion IT has accepted!",,employment,/dashboard/user/employment,profile,0,,0,2026-06-25 17:46:08,2026-06-25 17:46:08
15916,38860,40473,"Hi, Fashion IT you got a review from Avinasha Malhotra",,,/dashboard/company/reviews,company-reviews,0,,0,2026-06-25 17:47:05,
15917,38860,40473,"Hi, Fashion IT you got a review from Avinasha Malhotra",,,/dashboard/company/reviews,company-reviews,1,,0,2026-06-25 17:48:18,
15918,40473,38860,"Hi, Avinasha Malhotra your reveiw has been updated by Fashion IT",,employment,/dashboard/user/employment,profile,0,,0,2026-06-25 17:54:08,
15919,40473,38860,"Hi, Avinasha Malhotra your reveiw has been updated by Fashion IT",,employment,/dashboard/user/employment,profile,0,,0,2026-06-25 17:54:23,
15920,18,40137,"Hi Fluper Pvt. Ltd., you have received a request to verify your company domain.",,,/dashboard/company/my-domains,company-my-domains,0,,0,2026-06-25 18:19:29,2026-06-25 18:19:29
15921,40290,39256,Yash Sharma send a leave request to you!,,,/dashboard/company/employments?tab=3,cmp-emp-req-pending,0,,0,2026-06-26 10:58:03,2026-06-26 10:58:03
15922,40290,39256,Yash Sharma send a leave request to you!,,,/dashboard/company/employments?tab=3,cmp-emp-req-pending,0,,0,2026-06-26 10:58:23,2026-06-26 10:58:23
15923,40290,39256,Yash Sharma send a leave request to you!,,,/dashboard/company/employments?tab=3,cmp-emp-req-pending,0,,0,2026-06-26 10:58:34,2026-06-26 10:58:34
15924,40290,18,"Hi, Kartik Mehra you got a review from SP HUMANS PRIVATE LIMITED",,employment,/dashboard/user/employment,user-profile,0,,0,2026-06-26 11:00:40,
15925,18,40095,Kartik Mehra send a salary/designation request to you!,,,/dashboard/company/employments,cmp-emp-req-update,0,,0,2026-06-26 11:08:55,2026-06-26 11:08:55
15926,18,40095,Kartik Mehra send a salary/designation request to you!,,,/dashboard/company/employments,cmp-emp-req-update,0,,0,2026-06-26 11:10:05,2026-06-26 11:10:05
15927,18,40095,Kartik Mehra send a leave request to you!,,,/dashboard/company/employments?tab=3,cmp-emp-req-pending,0,,0,2026-06-26 11:11:51,2026-06-26 11:11:51
15928,18,40095,Kartik Mehra send a salary/designation request to you!,,,/dashboard/company/employments,cmp-emp-req-update,0,,0,2026-06-26 11:12:05,2026-06-26 11:12:05
15929,18,40095,Kartik Mehra send a salary/designation request to you!,,,/dashboard/company/employments,cmp-emp-req-update,0,,0,2026-06-26 11:12:20,2026-06-26 11:12:20
15930,18,40095,Kartik Mehra send a leave request to you!,,,/dashboard/company/employments?tab=3,cmp-emp-req-pending,0,,0,2026-06-26 11:12:25,2026-06-26 11:12:25
15931,40473,38872,"Hi, Avinash Malhotra one you have a new employment added by Fashion IT",,employment,/dashboard/user/employment,profile,1,,0,2026-06-26 11:21:30,2026-06-26 11:21:30
15932,39072,38872,"Hi, Avinash Malhotra one you have a new employment added by RMSI Pvt Ltd fghfg",,employment,/dashboard/user/employment,profile,0,,0,2026-06-26 11:24:04,2026-06-26 11:24:04
15933,38872,39072,"Hi, RMSI Pvt Ltd fghfg you got a review from Avinash Malhotra one",,,/dashboard/company/reviews,company-reviews,1,,0,2026-06-26 11:29:14,
15934,40290,39072,"Hi RMSI Pvt Ltd fghfg, you have received a request to verify your company domain.",,,/dashboard/company/my-domains,company-my-domains,1,,0,2026-06-26 12:32:21,2026-06-26 12:32:21
15935,40290,39072,"Hi RMSI Pvt Ltd fghfg, you have received a request to verify user employment.",,,/dashboard/company/employments,cmp-emp-req-pending,1,,0,2026-06-26 12:32:21,2026-06-26 12:32:21
15936,39072,38860,"Avinasha Malhotra, a new role has been assigned to you at RMSI Pvt Ltd fghfg.",,,/dashboard/user/my-companies,my-company,0,,0,2026-06-26 13:37:59,2026-06-26 13:37:59
15937,39072,40325,"kritika Rajput, a new role has been assigned to you at RMSI Pvt Ltd fghfg.",,,/dashboard/user/my-companies,my-company,0,,0,2026-06-26 13:39:55,2026-06-26 13:39:55
15938,39072,40325,"kritika Rajput, a new role has been assigned to you at RMSI Pvt Ltd fghfg.",,,/dashboard/user/my-companies,my-company,0,,0,2026-06-26 13:40:04,2026-06-26 13:40:04
15939,40119,40133,"Hi 91 mobiles, you have received a request to verify user employment.",,,/dashboard/company/employments,cmp-emp-req-pending,0,,0,2026-06-26 14:36:49,2026-06-26 14:36:49
15940,40119,40133,"Hi 91 mobiles, you have received a request to verify user employment.",,,/dashboard/company/employments,cmp-emp-req-pending,0,,0,2026-06-26 14:40:33,2026-06-26 14:40:33
15941,40119,40295,Anshika sharma has sent an approval for the experience,,,/dashboard/company/employments,cmp-emp-req-pending,0,,0,2026-06-26 15:45:42,2026-06-26 15:45:42
15942,40119,40295,"Hi Happiest Minds Pvt Ltd, you have received a request to verify user employment.",,,/dashboard/company/employments,cmp-emp-req-pending,0,,0,2026-06-26 15:45:49,2026-06-26 15:45:49
15943,40119,40295,"Hi Happiest Minds Pvt Ltd, you have received a request to verify user employment.",,,/dashboard/company/employments,cmp-emp-req-pending,0,,0,2026-06-26 15:46:23,2026-06-26 15:46:23
15944,40496,39072,raklu singh has sent an approval for the experience,,,/dashboard/company/employments,cmp-emp-req-pending,1,,0,2026-06-26 16:40:53,2026-06-26 16:40:53
15945,40496,40292,raklu singh has sent an approval for the experience,,,/dashboard/company/employments,cmp-emp-req-pending,0,,0,2026-06-26 16:40:54,2026-06-26 16:40:54
15946,38860,40473,Avinasha Malhotra has sent an approval for the experience,,,/dashboard/company/employments,cmp-emp-req-pending,0,,0,2026-06-26 17:10:59,2026-06-26 17:10:59
15947,38860,40136,Avinasha Malhotra has sent an approval for the experience,,,/dashboard/company/employments,cmp-emp-req-pending,0,,0,2026-06-26 17:11:00,2026-06-26 17:11:00
15948,38860,40137,Avinasha Malhotra has sent an approval for the experience,,,/dashboard/company/employments,cmp-emp-req-pending,0,,0,2026-06-26 17:11:00,2026-06-26 17:11:00
15949,38860,3,Avinasha Malhotra has sent an approval for the experience,,,/dashboard/company/employments,cmp-emp-req-pending,0,,0,2026-06-26 17:11:01,2026-06-26 17:11:01
15950,38860,39262,Avinasha Malhotra has sent an approval for the experience,,,/dashboard/company/employments,cmp-emp-req-pending,0,,0,2026-06-26 17:11:01,2026-06-26 17:11:01
15951,38860,39072,Avinasha Malhotra has sent an approval for the experience,,,/dashboard/company/employments,cmp-emp-req-pending,1,,0,2026-06-26 17:11:02,2026-06-26 17:11:02
15952,38860,40070,Avinasha Malhotra has sent an approval for the experience,,,/dashboard/company/employments,cmp-emp-req-pending,0,,0,2026-06-26 17:11:02,2026-06-26 17:11:02
15953,38860,40077,Avinasha Malhotra has sent an approval for the experience,,,/dashboard/company/employments,cmp-emp-req-pending,0,,0,2026-06-26 17:11:03,2026-06-26 17:11:03
15954,38860,40473,Avinasha Malhotra has sent an approval for the experience,,,/dashboard/company/employments,cmp-emp-req-pending,0,,0,2026-06-26 17:13:45,2026-06-26 17:13:45
15955,38860,40136,Avinasha Malhotra has sent an approval for the experience,,,/dashboard/company/employments,cmp-emp-req-pending,0,,0,2026-06-26 17:13:45,2026-06-26 17:13:45
15956,38860,40137,Avinasha Malhotra has sent an approval for the experience,,,/dashboard/company/employments,cmp-emp-req-pending,0,,0,2026-06-26 17:13:46,2026-06-26 17:13:46
15957,38860,3,Avinasha Malhotra has sent an approval for the experience,,,/dashboard/company/employments,cmp-emp-req-pending,0,,0,2026-06-26 17:13:46,2026-06-26 17:13:46
15958,38860,39072,Avinasha Malhotra has sent an approval for the experience,,,/dashboard/company/employments,cmp-emp-req-pending,1,,0,2026-06-26 17:13:46,2026-06-26 17:13:46
15959,38860,39262,Avinasha Malhotra has sent an approval for the experience,,,/dashboard/company/employments,cmp-emp-req-pending,0,,0,2026-06-26 17:13:46,2026-06-26 17:13:46
15960,38860,40070,Avinasha Malhotra has sent an approval for the experience,,,/dashboard/company/employments,cmp-emp-req-pending,0,,0,2026-06-26 17:13:47,2026-06-26 17:13:47
15961,38860,40077,Avinasha Malhotra has sent an approval for the experience,,,/dashboard/company/employments,cmp-emp-req-pending,0,,0,2026-06-26 17:13:47,2026-06-26 17:13:47
15962,40498,40313,Rakesh Maurya has sent an approval for the experience,,,/dashboard/company/employments,cmp-emp-req-pending,0,,0,2026-06-26 18:34:14,2026-06-26 18:34:14
15963,40498,40313,Rakesh Maurya has sent an approval for the experience,,,/dashboard/company/employments,cmp-emp-req-pending,0,,0,2026-06-26 18:34:45,2026-06-26 18:34:45
15964,38860,19,"User, Avinasha Malhotra has accepted your profile view request",,,/employee/avinash-malhotra-cce036439,user-profile,0,avinash-malhotra-cce036439,0,2026-06-29 10:54:09,2026-06-29 10:54:09
15965,38860,19,"User, Avinasha Malhotra has accepted your profile view request",,,/employee/avinash-malhotra-cce036439,user-profile,0,avinash-malhotra-cce036439,0,2026-06-29 10:54:21,2026-06-29 10:54:21
15966,38860,19,"User, Avinasha Malhotra has accepted your profile view request",,,/employee/avinash-malhotra-cce036439,user-profile,0,avinash-malhotra-cce036439,0,2026-06-29 10:55:29,2026-06-29 10:55:29
15967,19,40136,Rakesh Maurya has sent an approval for the experience,,,/dashboard/company/employments,cmp-emp-req-pending,0,,0,2026-06-29 11:29:15,2026-06-29 11:29:15
15968,19,39364,Rakesh Maurya has sent an approval for the experience,,,/dashboard/company/employments,cmp-emp-req-pending,0,,0,2026-06-29 11:29:15,2026-06-29 11:29:15
15969,38872,40085,"Avinash Malhotra one, Accepted your request!",,,/employee/avinash-malhotra-cce806252,user-profile,0,avinash-malhotra-cce806252,0,2026-06-29 11:39:30,2026-06-29 11:39:30
15970,38860,40085,"Avinasha Malhotra, Accepted your request!",,,/employee/avinash-malhotra-cce036439,user-profile,0,avinash-malhotra-cce036439,0,2026-06-29 11:39:42,2026-06-29 11:39:42
15971,40290,39072,Yash Sharma has sent an approval for the experience,,,/dashboard/company/employments,cmp-emp-req-pending,0,,0,2026-06-29 12:02:38,2026-06-29 12:02:38
15972,40290,39262,Yash Sharma has sent an approval for the experience,,,/dashboard/company/employments,cmp-emp-req-pending,0,,0,2026-06-29 12:02:39,2026-06-29 12:02:39
15973,40503,39072,Kartik Mehra has sent an approval for the experience,,,/dashboard/company/employments,cmp-emp-req-pending,0,,0,2026-06-29 12:07:40,2026-06-29 12:07:40
15974,38860,40504,Avinasha Malhotra has sent an approval for the experience,,,/dashboard/company/employments,cmp-emp-req-pending,0,,0,2026-06-29 12:15:36,2026-06-29 12:15:36
15975,40499,39072,Avi Rajput has sent an approval for the experience,,,/dashboard/company/employments,cmp-emp-req-pending,0,,0,2026-06-29 12:17:15,2026-06-29 12:17:15
15976,40290,40119,"Yash Sharma, Accepted your request!",,,/employee/yash-sharma-cce096125,user-profile,0,yash-sharma-cce096125,0,2026-06-29 12:21:20,2026-06-29 12:21:20
15977,40290,40471,"User, Yash Sharma has accepted your profile view request",,,/employee/yash-sharma-cce096125,user-profile,0,yash-sharma-cce096125,0,2026-06-29 12:21:32,2026-06-29 12:21:32
15978,40290,40471,"User, Yash Sharma has accepted your profile view request",,,/employee/yash-sharma-cce096125,user-profile,0,yash-sharma-cce096125,0,2026-06-29 12:21:38,2026-06-29 12:21:38
15979,40290,40471,"User, Yash Sharma has accepted your profile view request",,,/employee/yash-sharma-cce096125,user-profile,0,yash-sharma-cce096125,0,2026-06-29 12:21:47,2026-06-29 12:21:47
15980,40290,40471,"User, Yash Sharma has accepted your profile view request",,,/employee/yash-sharma-cce096125,user-profile,0,yash-sharma-cce096125,0,2026-06-29 12:21:52,2026-06-29 12:21:52
15981,40290,40471,"User, Yash Sharma has accepted your profile view request",,,/employee/yash-sharma-cce096125,user-profile,0,yash-sharma-cce096125,0,2026-06-29 12:23:53,2026-06-29 12:23:53
15982,40290,40471,"User, Yash Sharma has accepted your profile view request",,,/employee/yash-sharma-cce096125,user-profile,0,yash-sharma-cce096125,0,2026-06-29 12:25:59,2026-06-29 12:25:59
15983,40290,40471,"User, Yash Sharma has accepted your profile view request",,,/employee/yash-sharma-cce096125,user-profile,0,yash-sharma-cce096125,0,2026-06-29 12:26:46,2026-06-29 12:26:46
15984,40290,40471,"User, Yash Sharma has accepted your profile view request",,,/employee/yash-sharma-cce096125,user-profile,0,yash-sharma-cce096125,0,2026-06-29 12:27:04,2026-06-29 12:27:04
15985,40290,40471,"User, Yash Sharma has accepted your profile view request",,,/employee/yash-sharma-cce096125,user-profile,0,yash-sharma-cce096125,0,2026-06-29 12:27:40,2026-06-29 12:27:40
15986,40290,40471,"User, Yash Sharma has accepted your profile view request",,,/employee/yash-sharma-cce096125,user-profile,0,yash-sharma-cce096125,0,2026-06-29 12:28:27,2026-06-29 12:28:27
15987,40290,40471,"User, Yash Sharma has accepted your profile view request",,,/employee/yash-sharma-cce096125,user-profile,0,yash-sharma-cce096125,0,2026-06-29 12:29:57,2026-06-29 12:29:57
15988,40290,40471,"User, Yash Sharma has accepted your profile view request",,,/employee/yash-sharma-cce096125,user-profile,0,yash-sharma-cce096125,0,2026-06-29 12:31:01,2026-06-29 12:31:01
15989,40290,40471,"User, Yash Sharma has accepted your profile view request",,,/employee/yash-sharma-cce096125,user-profile,0,yash-sharma-cce096125,0,2026-06-29 12:31:21,2026-06-29 12:31:21
15990,40290,40471,"User, Yash Sharma has accepted your profile view request",,,/employee/yash-sharma-cce096125,user-profile,0,yash-sharma-cce096125,0,2026-06-29 12:32:08,2026-06-29 12:32:08
15991,40290,40471,"User, Yash Sharma has accepted your profile view request",,,/employee/yash-sharma-cce096125,user-profile,0,yash-sharma-cce096125,0,2026-06-29 12:32:19,2026-06-29 12:32:19
15992,40290,40471,"User, Yash Sharma has accepted your profile view request",,,/employee/yash-sharma-cce096125,user-profile,0,yash-sharma-cce096125,0,2026-06-29 12:33:35,2026-06-29 12:33:35
15993,40290,40471,"User, Yash Sharma has accepted your profile view request",,,/employee/yash-sharma-cce096125,user-profile,0,yash-sharma-cce096125,0,2026-06-29 12:33:59,2026-06-29 12:33:59
15994,40290,40471,"User, Yash Sharma has accepted your profile view request",,,/employee/yash-sharma-cce096125,user-profile,0,yash-sharma-cce096125,0,2026-06-29 12:37:06,2026-06-29 12:37:06
15995,38872,40499,"Dear , Avi Rajput, Avinash has submitted a request to view your salary. Please review and take the necessary action.",,,/dashboard/user/requests?tab=salary,user-salary-request,1,,0,2026-06-29 12:40:09,2026-06-29 12:40:09
15996,40499,38872,"User, Avi Rajput has accepted your profile view request",,,/employee/avi-rajput-cce585808,user-profile,0,avi-rajput-cce585808,0,2026-06-29 12:42:19,2026-06-29 12:42:19
15997,40290,39262,"Hi Collar Check Pvt. Ltd., you have received a request to verify your company domain.",,,/dashboard/company/my-domains,company-my-domains,0,,0,2026-06-29 12:45:17,2026-06-29 12:45:17
15998,40290,39262,"Hi Collar Check Pvt. Ltd., you have received a request to verify your company domain.",,,/dashboard/company/my-domains,company-my-domains,0,,0,2026-06-29 12:45:53,2026-06-29 12:45:53
15999,40290,39262,"Hi Collar Check Pvt. Ltd., you have received a request to verify your company domain.",,,/dashboard/company/my-domains,company-my-domains,0,,0,2026-06-29 12:46:30,2026-06-29 12:46:30
16000,40290,39262,"Hi Collar Check Pvt. Ltd., you have received a request to verify user employment.",,,/dashboard/company/employments,cmp-emp-req-pending,0,,0,2026-06-29 12:46:31,2026-06-29 12:46:31
16001,38872,40290,"Avinash Malhotra one, Accepted your request!",,,/employee/avinash-malhotra-cce806252,user-profile,0,avinash-malhotra-cce806252,0,2026-06-29 13:03:45,2026-06-29 13:03:45
16002,39072,134,"Avinash Singh, a new role has been assigned to you at RMSI Pvt Ltd fghfg.",,,/dashboard/user/my-companies,my-company,0,,0,2026-06-29 14:32:57,2026-06-29 14:32:57
16003,39072,134,"Avinash Singh, a new role has been assigned to you at RMSI Pvt Ltd fghfg.",,,/dashboard/user/my-companies,my-company,0,,0,2026-06-29 14:33:28,2026-06-29 14:33:28
16004,40507,3,Vivek kumar has sent an approval for the experience,,,/dashboard/company/employments,cmp-emp-req-pending,0,,0,2026-06-29 14:36:43,2026-06-29 14:36:43
16005,40473,19,"Hi, Rakesh Maurya you have a new employment added by Fashion IT",,employment,/dashboard/user/employment,profile,0,,0,2026-06-29 14:42:51,2026-06-29 14:42:51
16006,40507,39072,Vivek kumar has sent an approval for the experience,,,/dashboard/company/employments,cmp-emp-req-pending,0,,0,2026-06-29 14:46:12,2026-06-29 14:46:12
16007,40505,38872,"Hi, Avinash Malhotra one you have a new employment added by Kartik supplier pvt ltd",,employment,/dashboard/user/employment,profile,1,,0,2026-06-29 14:46:27,2026-06-29 14:46:27
16008,40505,38872,"Hi, Avinash Malhotra one you have a new employment added by Kartik supplier pvt ltd",,employment,/dashboard/user/employment,profile,0,,0,2026-06-29 15:49:24,2026-06-29 15:49:24
16009,40505,134,You have been added as a collaborator by Kartik supplier pvt ltd to view the job post,,,/dashboard/user/jobs-collaboration,,0,,0,2026-06-29 15:55:12,2026-06-29 15:55:12
16010,40505,38872,"Avinash Malhotra one, a new role has been assigned to you at Kartik supplier pvt ltd.",,,/dashboard/user/my-companies,my-company,0,,0,2026-06-29 16:39:07,2026-06-29 16:39:07
16011,38872,40473,Avinash Malhotra one send a leave request to you!,,,/dashboard/company/employments?tab=3,cmp-emp-req-pending,1,,0,2026-06-29 16:58:33,2026-06-29 16:58:33
16012,40473,40499,"Hi, Avi Rajput you have a new employment added by Fashion IT",,employment,/dashboard/user/employment,profile,0,,0,2026-06-29 18:08:10,2026-06-29 18:08:10
16013,38872,39256,Avinash Malhotra one followed you!,,,/dashboard/company/connections,follow-request-company,0,,0,2026-06-29 18:18:26,2026-06-29 18:18:26
16014,38860,40473,Avinasha Malhotra followed you!,,,/dashboard/company/connections,follow-request-company,0,,0,2026-06-29 18:22:01,2026-06-29 18:22:01
16015,40499,40473,Avi Rajput followed you!,,,/dashboard/company/connections,follow-request-company,0,,0,2026-06-29 18:22:25,2026-06-29 18:22:25
16016,40312,40218,Ashok Chaudhary Request to follow you!,,,/dashboard/user/requests?tab=follow,follow-request-user,0,,0,2026-06-29 18:24:51,2026-06-29 18:24:51
16017,40473,38918,"Hi, avinash singh you have a new employment added by Fashion IT",,employment,/dashboard/user/employment,profile,0,,0,2026-06-29 18:30:07,2026-06-29 18:30:07
16018,40290,34173,Yash Sharma Request to follow you!,,,/dashboard/user/requests?tab=follow,follow-request-user,0,,0,2026-06-30 11:23:18,2026-06-30 11:23:18
16019,40290,34173,Yash Sharma Request to follow you!,,,/dashboard/user/requests?tab=follow,follow-request-user,0,,0,2026-06-30 11:23:27,2026-06-30 11:23:27
16020,40499,39072,Avi Rajput followed you!,,,/dashboard/company/connections,follow-request-company,0,,0,2026-06-30 11:36:34,2026-06-30 11:36:34
16021,38872,39072,Avinash Malhotra one followed you!,,,/dashboard/company/connections,follow-request-company,0,,0,2026-06-30 11:37:06,2026-06-30 11:37:06
16022,39072,40499,"Avi Rajput, a new role has been assigned to you at RMSI Pvt Ltd fghfg.",,,/dashboard/user/my-companies,my-company,0,,0,2026-06-30 11:40:10,2026-06-30 11:40:10
16023,38872,39072,Avinash Malhotra one followed you!,,,/dashboard/company/connections,follow-request-company,0,,0,2026-06-30 12:16:11,2026-06-30 12:16:11
16024,38872,40499,Avinash Malhotra one Request to follow you!,,,/dashboard/user/requests?tab=follow,follow-request-user,1,,0,2026-06-30 12:16:40,2026-06-30 12:16:40
16025,40290,40471,"User, Yash Sharma has accepted your profile view request",,,/employee/yash-sharma-cce096125,user-profile,0,yash-sharma-cce096125,0,2026-06-30 12:38:56,2026-06-30 12:38:56
16026,40499,40473,Avi Rajput has sent an approval for the experience,,,/dashboard/company/employments,cmp-emp-req-pending,0,,0,2026-06-30 12:43:34,2026-06-30 12:43:34
16027,40499,39072,Avi Rajput has sent an approval for the experience,,,/dashboard/company/employments,cmp-emp-req-pending,0,,0,2026-06-30 12:43:35,2026-06-30 12:43:35
16028,40499,40500,Avi Rajput has sent an approval for the experience,,,/dashboard/company/employments,cmp-emp-req-pending,0,,0,2026-06-30 12:43:35,2026-06-30 12:43:35
16029,40449,39256,Shubham Kumar has sent an approval for the experience,,,/dashboard/company/employments,cmp-emp-req-pending,0,,0,2026-06-30 13:17:59,2026-06-30 13:17:59
16030,40524,33905,You have been added as a collaborator by fsfs to view the job post,,,/dashboard/user/jobs-collaboration,,0,,0,2026-06-30 15:13:58,2026-06-30 15:13:58
16031,40524,40482,You have been added as a collaborator by fsfs to view the job post,,,/dashboard/user/jobs-collaboration,,0,,0,2026-06-30 15:13:58,2026-06-30 15:13:58
16032,40515,39256,Vivek Kumar has sent an approval for the experience,,,/dashboard/company/employments,cmp-emp-req-pending,0,,0,2026-06-30 15:42:12,2026-06-30 15:42:12
16033,39256,40515,"Vivek Kumar, your experience as Commercial trainee at SP HUMANS PRIVATE LIMITED has accepted!",,employment,/dashboard/user/employment,profile,0,,0,2026-06-30 15:47:48,2026-06-30 15:47:48
16034,39256,40515,"Vivek Kumar, a new role has been assigned to you at SP HUMANS PRIVATE LIMITED.",,,/dashboard/user/my-companies,my-company,0,,0,2026-06-30 15:51:28,2026-06-30 15:51:28
16035,40473,40265,"Hi, khushboo kumari you have a new employment added by Fashion IT",,employment,/dashboard/user/employment,profile,0,,0,2026-06-30 15:53:16,2026-06-30 15:53:16
16036,40499,38872,"User, Avi Rajput has accepted your profile view request",,,/employee/avi-rajput-cce585808,user-profile,0,avi-rajput-cce585808,0,2026-06-30 16:21:23,2026-06-30 16:21:23
16037,38872,40499,"Dear , Avi Rajput, Avinash has submitted a request to view your salary. Please review and take the necessary action.",,,/dashboard/user/requests?tab=salary,user-salary-request,0,,0,2026-06-30 16:21:47,2026-06-30 16:21:47
16038,39072,38872,You have been added as a collaborator by RMSI Pvt Ltd fghfg to view the job post,,,/dashboard/user/jobs-collaboration,,0,,0,2026-06-30 16:54:50,2026-06-30 16:54:50
16039,40499,39072,"Hi RMSI Pvt Ltd fghfg, you have received a request to verify your company domain.",,,/dashboard/company/my-domains,company-my-domains,0,,0,2026-06-30 17:16:02,2026-06-30 17:16:02
16040,40505,38872,"Hi, Avinash Malhotra one you have a new employment added by Kartik supplier pvt ltd",,employment,/dashboard/user/employment,profile,0,,0,2026-06-30 17:56:19,2026-06-30 17:56:19
16041,39256,88,You have been added as a collaborator by SP HUMANS PRIVATE LIMITED to view the job post,,,/dashboard/user/jobs-collaboration,,0,,0,2026-06-30 18:01:04,2026-06-30 18:01:04
16042,40499,38872,"Dear , Avinash Malhotra one, Avi has submitted a request to view your salary. Please review and take the necessary action.",,,/dashboard/user/requests?tab=salary,user-salary-request,1,,0,2026-06-30 18:39:03,2026-06-30 18:39:03
16043,38872,40499,"User, Avinash Malhotra one has accepted your profile view request",,,/employee/avinash-malhotra-cce806252,user-profile,1,avinash-malhotra-cce806252,0,2026-06-30 18:40:24,2026-06-30 18:40:24
16044,38860,40290,"Dear , Yash Sharma, Avinasha has submitted a request to view your salary. Please review and take the necessary action.",,,/dashboard/user/requests?tab=salary,user-salary-request,0,,0,2026-06-30 18:47:13,2026-06-30 18:47:13
16045,38860,40290,"Dear , Yash Sharma, Avinasha has submitted a request to view your salary. Please review and take the necessary action.",,,/dashboard/user/requests?tab=salary,user-salary-request,0,,0,2026-06-30 18:49:13,2026-06-30 18:49:13
16046,38860,40290,"Dear , Yash Sharma, Avinasha has submitted a request to view your salary. Please review and take the necessary action.",,,/dashboard/user/requests?tab=salary,user-salary-request,0,,0,2026-06-30 18:49:44,2026-06-30 18:49:44
16047,40290,38860,"User, Yash Sharma has accepted your profile view request",,,/employee/yash-sharma-cce096125,user-profile,0,yash-sharma-cce096125,0,2026-06-30 18:51:32,2026-06-30 18:51:32
16048,40531,38872,You have been added as a collaborator by Sparx pvt Ltd to view the job post,,,/dashboard/user/jobs-collaboration,,0,,0,2026-07-01 11:10:22,2026-07-01 11:10:22
16049,40534,39072,varnika gupta has sent an approval for the experience,,,/dashboard/company/employments,cmp-emp-req-pending,0,,0,2026-07-01 11:20:24,2026-07-01 11:20:24
16050,40534,40292,varnika gupta has sent an approval for the experience,,,/dashboard/company/employments,cmp-emp-req-pending,0,,0,2026-07-01 11:20:25,2026-07-01 11:20:25
16051,40534,39073,varnika gupta has sent an approval for the experience,,,/dashboard/company/employments,cmp-emp-req-pending,0,,0,2026-07-01 11:20:26,2026-07-01 11:20:26
16052,40534,40293,varnika gupta has sent an approval for the experience,,,/dashboard/company/employments,cmp-emp-req-pending,0,,0,2026-07-01 11:20:26,2026-07-01 11:20:26
16053,40265,40473,khushboo kumari has sent an approval for the experience,,,/dashboard/company/employments,cmp-emp-req-pending,0,,0,2026-07-01 11:32:17,2026-07-01 11:32:17
16054,40265,40136,khushboo kumari has sent an approval for the experience,,,/dashboard/company/employments,cmp-emp-req-pending,0,,0,2026-07-01 11:32:20,2026-07-01 11:32:20
16055,40265,40535,khushboo kumari has sent an approval for the experience,,,/dashboard/company/employments,cmp-emp-req-pending,0,,0,2026-07-01 11:32:21,2026-07-01 11:32:21
16056,40265,40292,khushboo kumari has sent an approval for the experience,,,/dashboard/company/employments,cmp-emp-req-pending,0,,0,2026-07-01 11:32:22,2026-07-01 11:32:22
16057,40265,40536,khushboo kumari has sent an approval for the experience,,,/dashboard/company/employments,cmp-emp-req-pending,0,,0,2026-07-01 11:32:23,2026-07-01 11:32:23
16058,40265,40473,khushboo kumari has sent an approval for the experience,,,/dashboard/company/employments,cmp-emp-req-pending,0,,0,2026-07-01 11:35:10,2026-07-01 11:35:10
16059,40265,40136,khushboo kumari has sent an approval for the experience,,,/dashboard/company/employments,cmp-emp-req-pending,0,,0,2026-07-01 11:35:11,2026-07-01 11:35:11
16060,40265,40536,khushboo kumari has sent an approval for the experience,,,/dashboard/company/employments,cmp-emp-req-pending,0,,0,2026-07-01 11:35:11,2026-07-01 11:35:11
16061,40265,40535,khushboo kumari has sent an approval for the experience,,,/dashboard/company/employments,cmp-emp-req-pending,0,,0,2026-07-01 11:35:11,2026-07-01 11:35:11
16062,40265,40292,khushboo kumari has sent an approval for the experience,,,/dashboard/company/employments,cmp-emp-req-pending,0,,0,2026-07-01 11:35:12,2026-07-01 11:35:12
16063,40265,40535,khushboo kumari has sent an approval for the experience,,,/dashboard/company/employments,cmp-emp-req-pending,0,,0,2026-07-01 11:42:43,2026-07-01 11:42:43
16064,40265,40292,khushboo kumari has sent an approval for the experience,,,/dashboard/company/employments,cmp-emp-req-pending,0,,0,2026-07-01 11:42:44,2026-07-01 11:42:44
16065,40265,40536,khushboo kumari has sent an approval for the experience,,,/dashboard/company/employments,cmp-emp-req-pending,0,,0,2026-07-01 11:42:45,2026-07-01 11:42:45
16066,39256,39314,You have been added as a collaborator by SP HUMANS PRIVATE LIMITED to view the job post,,,/dashboard/user/jobs-collaboration,,0,,0,2026-07-01 12:21:24,2026-07-01 12:21:24
16067,39256,39001,You have been added as a collaborator by SP HUMANS PRIVATE LIMITED to view the job post,,,/dashboard/user/jobs-collaboration,,0,,0,2026-07-01 12:21:24,2026-07-01 12:21:24
16068,39256,19,You have been added as a collaborator by SP HUMANS PRIVATE LIMITED to view the job post,,,/dashboard/user/jobs-collaboration,,0,,0,2026-07-01 12:21:28,2026-07-01 12:21:28
16069,40506,40534,"Hi, varnika gupta you have a new employment added by Kartik manufacture Pvt Ltd",,employment,/dashboard/user/employment,profile,0,,0,2026-07-01 12:38:59,2026-07-01 12:38:59
16070,40534,39072,"Hi RMSI Pvt Ltd fghfg, you have received a request to verify user employment.",,,/dashboard/company/employments,cmp-emp-req-pending,0,,0,2026-07-01 12:56:00,2026-07-01 12:56:00
16071,40265,40539,khushboo kumari has sent an approval for the experience,,,/dashboard/company/employments,cmp-emp-req-pending,0,,0,2026-07-01 13:09:28,2026-07-01 13:09:28
16072,40505,40290,"Yash Sharma, a new role has been assigned to you at Kartik supplier pvt ltd.",,,/dashboard/user/my-companies,my-company,0,,0,2026-07-01 13:11:04,2026-07-01 13:11:04
16073,40473,40534,"varnika gupta, a new role has been assigned to you at Fashion IT.",,,/dashboard/user/my-companies,my-company,0,,0,2026-07-01 13:25:47,2026-07-01 13:25:47
16074,40473,40534,"Hi, varnika gupta you have a new employment added by Fashion IT",,employment,/dashboard/user/employment,profile,0,,0,2026-07-01 13:26:30,2026-07-01 13:26:30
16075,40534,40473,varnika gupta has sent an approval for the experience,,,/dashboard/company/employments,cmp-emp-req-pending,0,,0,2026-07-01 13:30:35,2026-07-01 13:30:35
16076,40290,39072,Yash Sharma has sent an approval for the experience,,,/dashboard/company/employments,cmp-emp-req-pending,0,,0,2026-07-01 13:44:27,2026-07-01 13:44:27
16077,40290,39262,Yash Sharma has sent an approval for the experience,,,/dashboard/company/employments,cmp-emp-req-pending,0,,0,2026-07-01 13:44:27,2026-07-01 13:44:27
16078,40290,39072,Yash Sharma has sent an approval for the experience,,,/dashboard/company/employments,cmp-emp-req-pending,0,,0,2026-07-01 13:46:14,2026-07-01 13:46:14
16079,40290,39262,Yash Sharma has sent an approval for the experience,,,/dashboard/company/employments,cmp-emp-req-pending,0,,0,2026-07-01 13:46:14,2026-07-01 13:46:14
16080,40290,39387,Yash Sharma has sent an approval for the experience,,,/dashboard/company/employments,cmp-emp-req-pending,0,,0,2026-07-01 13:46:15,2026-07-01 13:46:15
16081,40290,40292,Yash Sharma has sent an approval for the experience,,,/dashboard/company/employments,cmp-emp-req-pending,0,,0,2026-07-01 14:38:34,2026-07-01 14:38:34
16082,40290,39073,Yash Sharma has sent an approval for the experience,,,/dashboard/company/employments,cmp-emp-req-pending,0,,0,2026-07-01 14:38:34,2026-07-01 14:38:34
16083,40290,40293,Yash Sharma has sent an approval for the experience,,,/dashboard/company/employments,cmp-emp-req-pending,0,,0,2026-07-01 14:38:35,2026-07-01 14:38:35
16084,40290,38691,Yash Sharma has sent an approval for the experience,,,/dashboard/company/employments,cmp-emp-req-pending,0,,0,2026-07-01 14:38:36,2026-07-01 14:38:36
16085,40290,40292,Yash Sharma has sent an approval for the experience,,,/dashboard/company/employments,cmp-emp-req-pending,0,,0,2026-07-01 14:50:15,2026-07-01 14:50:15
16086,40290,39073,Yash Sharma has sent an approval for the experience,,,/dashboard/company/employments,cmp-emp-req-pending,0,,0,2026-07-01 14:50:16,2026-07-01 14:50:16
16087,40290,40292,Yash Sharma has sent an approval for the experience,,,/dashboard/company/employments,cmp-emp-req-pending,0,,0,2026-07-01 14:52:36,2026-07-01 14:52:36
16088,40290,39073,Yash Sharma has sent an approval for the experience,,,/dashboard/company/employments,cmp-emp-req-pending,0,,0,2026-07-01 14:52:37,2026-07-01 14:52:37
16089,40265,40473,khushboo kumari has sent an approval for the experience,,,/dashboard/company/employments,cmp-emp-req-pending,0,,0,2026-07-01 14:59:37,2026-07-01 14:59:37
16090,40290,40292,Yash Sharma has sent an approval for the experience,,,/dashboard/company/employments,cmp-emp-req-pending,0,,0,2026-07-01 14:59:38,2026-07-01 14:59:38
16091,40539,40265,"Hi, khushboo kumari you have a new employment added by Khushi Enterprises",,employment,/dashboard/user/employment,profile,1,,0,2026-07-01 15:04:29,2026-07-01 15:04:29
16092,40534,38872,"Dear , Avinash Malhotra one, varnika has submitted a request to view your salary. Please review and take the necessary action.",,,/dashboard/user/requests?tab=salary,user-salary-request,1,,0,2026-07-01 15:15:43,2026-07-01 15:15:43
16093,38872,40534,"User, Avinash Malhotra one has accepted your profile view request",,,/employee/avinash-malhotra-cce806252,user-profile,0,avinash-malhotra-cce806252,0,2026-07-01 15:19:10,2026-07-01 15:19:10
16094,40265,134,"Dear , Avinash Singh, khushboo has submitted a request to view your salary. Please review and take the necessary action.",,,/dashboard/user/requests?tab=salary,user-salary-request,0,,0,2026-07-01 15:33:00,2026-07-01 15:33:00
16095,40534,40265,"Dear , khushboo kumari, varnika has submitted a request to view your salary. Please review and take the necessary action.",,,/dashboard/user/requests?tab=salary,user-salary-request,1,,0,2026-07-01 15:33:35,2026-07-01 15:33:35
16096,39256,40534,"Hi, varnika gupta you have a new employment added by SP HUMANS PRIVATE LIMITED",,employment,/dashboard/user/employment,profile,0,,0,2026-07-01 15:44:16,2026-07-01 15:44:16
16097,40290,40292,Yash Sharma has sent an approval for the experience,,,/dashboard/company/employments,cmp-emp-req-pending,0,,0,2026-07-01 15:56:48,2026-07-01 15:56:48
16098,40534,39072,"Hi RMSI Pvt Ltd fghfg, you have received a request to verify user employment.",,,/dashboard/company/employments,cmp-emp-req-pending,0,,0,2026-07-01 16:10:06,2026-07-01 16:10:06
16099,40534,39072,"Hi RMSI Pvt Ltd fghfg, you have received a request to verify your company domain.",,,/dashboard/company/my-domains,company-my-domains,0,,0,2026-07-01 16:15:33,2026-07-01 16:15:33
16100,40534,39072,"Hi RMSI Pvt Ltd fghfg, you have received a request to verify your company domain.",,,/dashboard/company/my-domains,company-my-domains,0,,0,2026-07-01 16:15:37,2026-07-01 16:15:37
16101,40506,40534,"Hi, varnika gupta you have a new employment added by Kartik manufacture Pvt Ltd",,employment,/dashboard/user/employment,profile,1,,0,2026-07-01 16:21:01,2026-07-01 16:21:01
16102,40534,39072,"Hi RMSI Pvt Ltd fghfg, you have received a request to verify user employment.",,,/dashboard/company/employments,cmp-emp-req-pending,0,,0,2026-07-01 16:46:32,2026-07-01 16:46:32
16103,39072,40534,"varnika gupta, your experience as Php developer at RMSI Pvt Ltd fghfg has accepted!",,employment,/dashboard/user/employment,profile,1,,0,2026-07-01 16:48:20,2026-07-01 16:48:20
16104,40534,39072,"Hi, RMSI Pvt Ltd fghfg you got a review from varnika gupta",,,/dashboard/company/reviews,company-reviews,0,,0,2026-07-01 16:50:17,
16105,39072,40534,"Hi, varnika gupta your reveiw has been updated by RMSI Pvt Ltd fghfg",,employment,/dashboard/user/employment,profile,1,,0,2026-07-01 16:58:00,
16106,40551,40292,Var Tika has sent an approval for the experience,,,/dashboard/company/employments,cmp-emp-req-pending,0,,0,2026-07-01 17:02:53,2026-07-01 17:02:53
16107,40551,39073,Var Tika has sent an approval for the experience,,,/dashboard/company/employments,cmp-emp-req-pending,0,,0,2026-07-01 17:02:54,2026-07-01 17:02:54
16108,40551,40293,Var Tika has sent an approval for the experience,,,/dashboard/company/employments,cmp-emp-req-pending,0,,0,2026-07-01 17:02:54,2026-07-01 17:02:54
16109,40551,38691,Var Tika has sent an approval for the experience,,,/dashboard/company/employments,cmp-emp-req-pending,0,,0,2026-07-01 17:02:54,2026-07-01 17:02:54
16110,40551,39072,Var Tika has sent an approval for the experience,,,/dashboard/company/employments,cmp-emp-req-pending,0,,0,2026-07-01 17:08:02,2026-07-01 17:08:02
16111,40551,39072,"Hi RMSI Pvt Ltd fghfg, you have received a request to verify user employment.",,,/dashboard/company/employments,cmp-emp-req-pending,0,,0,2026-07-01 17:09:03,2026-07-01 17:09:03
16112,40551,39072,Var Tika has sent an approval for the experience,,,/dashboard/company/employments,cmp-emp-req-pending,0,,0,2026-07-01 17:13:48,2026-07-01 17:13:48
16113,40551,39072,Var Tika has sent an approval for the experience,,,/dashboard/company/employments,cmp-emp-req-pending,0,,0,2026-07-01 17:16:01,2026-07-01 17:16:01
16114,40551,39072,Var Tika has sent an approval for the experience,,,/dashboard/company/employments,cmp-emp-req-pending,0,,0,2026-07-01 17:26:53,2026-07-01 17:26:53
16115,40553,39072,Yash Babu has sent an approval for the experience,,,/dashboard/company/employments,cmp-emp-req-pending,0,,0,2026-07-01 17:41:56,2026-07-01 17:41:56
16116,40553,40292,Yash Babu has sent an approval for the experience,,,/dashboard/company/employments,cmp-emp-req-pending,0,,0,2026-07-01 17:41:57,2026-07-01 17:41:57
16117,40553,39073,Yash Babu has sent an approval for the experience,,,/dashboard/company/employments,cmp-emp-req-pending,0,,0,2026-07-01 17:41:57,2026-07-01 17:41:57
16118,40553,40293,Yash Babu has sent an approval for the experience,,,/dashboard/company/employments,cmp-emp-req-pending,0,,0,2026-07-01 17:41:58,2026-07-01 17:41:58
16119,40553,39072,"Hi RMSI Pvt Ltd fghfg, you have received a request to verify user employment.",,,/dashboard/company/employments,cmp-emp-req-pending,0,,0,2026-07-01 17:54:18,2026-07-01 17:54:18
16120,40551,39072,Var Tika has sent an approval for the experience,,,/dashboard/company/employments,cmp-emp-req-pending,0,,0,2026-07-01 18:09:54,2026-07-01 18:09:54
16121,40551,39072,Var Tika has sent an approval for the experience,,,/dashboard/company/employments,cmp-emp-req-pending,0,,0,2026-07-01 18:13:49,2026-07-01 18:13:49
16122,40553,38872,"Dear , Avinash Malhotra one, Yash has submitted a request to view your salary. Please review and take the necessary action.",,,/dashboard/user/requests?tab=salary,user-salary-request,1,,0,2026-07-01 18:19:23,2026-07-01 18:19:23
16123,40554,39072,prashant dubey has sent an approval for the experience,,,/dashboard/company/employments,cmp-emp-req-pending,0,,0,2026-07-01 18:37:12,2026-07-01 18:37:12
16124,40554,40292,prashant dubey has sent an approval for the experience,,,/dashboard/company/employments,cmp-emp-req-pending,0,,0,2026-07-01 18:37:15,2026-07-01 18:37:15
16125,40554,39073,prashant dubey has sent an approval for the experience,,,/dashboard/company/employments,cmp-emp-req-pending,0,,0,2026-07-01 18:37:18,2026-07-01 18:37:18
16126,40554,40293,prashant dubey has sent an approval for the experience,,,/dashboard/company/employments,cmp-emp-req-pending,0,,0,2026-07-01 18:37:19,2026-07-01 18:37:19
16127,40554,39072,"Hi RMSI Pvt Ltd fghfg, you have received a request to verify user employment.",,,/dashboard/company/employments,cmp-emp-req-pending,1,,0,2026-07-01 18:47:14,2026-07-01 18:47:14
16128,40551,39072,Var Tika has sent an approval for the experience,,,/dashboard/company/employments,cmp-emp-req-pending,1,,0,2026-07-01 18:50:42,2026-07-01 18:50:42
16129,40554,38872,"Dear , Avinash Malhotra one, prashant has submitted a request to view your salary. Please review and take the necessary action.",,,/dashboard/user/requests?tab=salary,user-salary-request,1,,0,2026-07-02 10:50:04,2026-07-02 10:50:04
16130,40554,38872,"Dear , Avinash Malhotra one, prashant has submitted a request to view your salary. Please review and take the necessary action.",,,/dashboard/user/requests?tab=salary,user-salary-request,1,,0,2026-07-02 10:52:02,2026-07-02 10:52:02
16131,40554,38872,"Dear , Avinash Malhotra one, prashant has submitted a request to view your salary. Please review and take the necessary action.",,,/dashboard/user/requests?tab=salary,user-salary-request,1,,0,2026-07-02 10:53:29,2026-07-02 10:53:29
16132,40554,38872,"Dear , Avinash Malhotra one, prashant has submitted a request to view your salary. Please review and take the necessary action.",,,/dashboard/user/requests?tab=salary,user-salary-request,1,,0,2026-07-02 11:03:49,2026-07-02 11:03:49
16133,38860,39314,"Avinasha Malhotra, Accepted your request!",,,/employee/avinash-malhotra-cce036439,user-profile,0,avinash-malhotra-cce036439,0,2026-07-02 12:27:48,2026-07-02 12:27:48
16134,38860,40279,Avinasha Malhotra Request to follow you!,,,/dashboard/user/requests?tab=follow,follow-request-user,0,,0,2026-07-02 12:50:33,2026-07-02 12:50:33
16135,38860,130,Avinasha Malhotra Request to follow you!,,,/dashboard/user/requests?tab=follow,follow-request-user,0,,0,2026-07-02 12:50:39,2026-07-02 12:50:39
16136,38860,40527,Avinasha Malhotra Request to follow you!,,,/dashboard/user/requests?tab=follow,follow-request-user,0,,0,2026-07-02 12:51:16,2026-07-02 12:51:16
16137,38860,40499,Avinasha Malhotra Request to follow you!,,,/dashboard/user/requests?tab=follow,follow-request-user,0,,0,2026-07-02 12:56:10,2026-07-02 12:56:10
16138,38860,40564,Avinasha Malhotra Request to follow you!,,,/dashboard/user/requests?tab=follow,follow-request-user,0,,0,2026-07-02 12:57:44,2026-07-02 12:57:44
16139,38860,40564,Avinasha Malhotra Request to follow you!,,,/dashboard/user/requests?tab=follow,follow-request-user,0,,0,2026-07-02 12:57:47,2026-07-02 12:57:47
16140,38860,40560,Avinasha Malhotra Request to follow you!,,,/dashboard/user/requests?tab=follow,follow-request-user,0,,0,2026-07-02 12:58:02,2026-07-02 12:58:02
16141,38860,40560,Avinasha Malhotra Request to follow you!,,,/dashboard/user/requests?tab=follow,follow-request-user,0,,0,2026-07-02 12:58:05,2026-07-02 12:58:05
16142,40554,39072,"Hi RMSI Pvt Ltd fghfg, you have received a request to verify your company domain.",,,/dashboard/company/my-domains,company-my-domains,0,,0,2026-07-02 14:50:59,2026-07-02 14:50:59
16143,40554,39072,"Hi RMSI Pvt Ltd fghfg, you have received a request to verify your company domain.",,,/dashboard/company/my-domains,company-my-domains,0,,0,2026-07-02 14:54:18,2026-07-02 14:54:18
16144,40554,39072,"Hi RMSI Pvt Ltd fghfg, you have received a request to verify user employment.",,,/dashboard/company/employments,cmp-emp-req-pending,0,,0,2026-07-02 14:55:28,2026-07-02 14:55:28
16145,39256,33668,You have been added as a collaborator by SP HUMANS PRIVATE LIMITED to view the job post,,,/dashboard/user/jobs-collaboration,,0,,0,2026-07-02 15:28:50,2026-07-02 15:28:50
16146,39256,40386,You have been added as a collaborator by SP HUMANS PRIVATE LIMITED to view the job post,,,/dashboard/user/jobs-collaboration,,0,,0,2026-07-02 15:29:19,2026-07-02 15:29:19
16147,39256,35433,You have been added as a collaborator by SP HUMANS PRIVATE LIMITED to view the job post,,,/dashboard/user/jobs-collaboration,,0,,0,2026-07-02 15:29:52,2026-07-02 15:29:52
16148,39256,34939,You have been added as a collaborator by SP HUMANS PRIVATE LIMITED to view the job post,,,/dashboard/user/jobs-collaboration,,0,,0,2026-07-02 15:31:01,2026-07-02 15:31:01
16149,39256,37424,You have been added as a collaborator by SP HUMANS PRIVATE LIMITED to view the job post,,,/dashboard/user/jobs-collaboration,,0,,0,2026-07-02 15:31:01,2026-07-02 15:31:01
16150,39001,5,Vivek Kumar Yadav has sent an approval for the experience,,,/dashboard/company/employments,cmp-emp-req-pending,0,,0,2026-07-02 16:31:45,2026-07-02 16:31:45
16151,39001,39013,Vivek Kumar Yadav has sent an approval for the experience,,,/dashboard/company/employments,cmp-emp-req-pending,0,,0,2026-07-02 16:34:41,2026-07-02 16:34:41
16152,39001,39311,Vivek Kumar Yadav has sent an approval for the experience,,,/dashboard/company/employments,cmp-emp-req-pending,0,,0,2026-07-02 16:41:10,2026-07-02 16:41:10
16153,39001,39311,Vivek Kumar Yadav has sent an approval for the experience,,,/dashboard/company/employments,cmp-emp-req-pending,0,,0,2026-07-02 16:41:42,2026-07-02 16:41:42
16154,38872,39003,Avinash Malhotra one Request to follow you!,,,/dashboard/user/requests?tab=follow,follow-request-user,0,,0,2026-07-02 19:04:50,2026-07-02 19:04:50
16155,38872,39003,Avinash Malhotra one Request to follow you!,,,/dashboard/user/requests?tab=follow,follow-request-user,0,,0,2026-07-02 19:04:56,2026-07-02 19:04:56
16156,38872,2,Avinash Malhotra one followed you!,,,/dashboard/company/connections,follow-request-company,0,,0,2026-07-02 19:05:41,2026-07-02 19:05:41
16157,38872,2,Avinash Malhotra one followed you!,,,/dashboard/company/connections,follow-request-company,0,,0,2026-07-02 19:06:06,2026-07-02 19:06:06
16158,39256,38424,You have been added as a collaborator by SP HUMANS PRIVATE LIMITED to view the job post,,,/dashboard/user/jobs-collaboration,,0,,0,2026-07-03 15:27:58,2026-07-03 15:27:58
16159,39256,35860,You have been added as a collaborator by SP HUMANS PRIVATE LIMITED to view the job post,,,/dashboard/user/jobs-collaboration,,0,,0,2026-07-03 15:27:58,2026-07-03 15:27:58
16160,40594,39311,Vivek kumar has sent an approval for the experience,,,/dashboard/company/employments,cmp-emp-req-pending,0,,0,2026-07-03 16:19:06,2026-07-03 16:19:06
16161,18,40601,Kartik Mehra has sent an approval for the experience,,,/dashboard/company/employments,cmp-emp-req-pending,0,,0,2026-07-03 17:19:45,2026-07-03 17:19:45
16162,40290,40602,Yash Sharma has sent an approval for the experience,,,/dashboard/company/employments,cmp-emp-req-pending,0,,0,2026-07-03 17:37:46,2026-07-03 17:37:46
16163,40290,40603,Yash Sharma has sent an approval for the experience,,,/dashboard/company/employments,cmp-emp-req-pending,0,,0,2026-07-03 17:50:00,2026-07-03 17:50:00
16164,40505,40290,"Yash Sharma, a new role has been assigned to you at Kartik supplier pvt ltd.",,,/dashboard/user/my-companies,my-company,0,,0,2026-07-04 11:55:01,2026-07-04 11:55:01
16165,40505,40290,"Yash Sharma, a new role has been assigned to you at Kartik supplier pvt ltd.",,,/dashboard/user/my-companies,my-company,0,,0,2026-07-04 11:55:20,2026-07-04 11:55:20
16166,39072,40628,"Yash Sharam, a new role has been assigned to you at RMSI Pvt Ltd fghfg.",,,/dashboard/user/my-companies,my-company,0,,0,2026-07-04 16:46:04,2026-07-04 16:46:04
16167,39072,40628,"Yash Sharam, a new role has been assigned to you at RMSI Pvt Ltd fghfg.",,,/dashboard/user/my-companies,my-company,0,,0,2026-07-04 16:46:25,2026-07-04 16:46:25
16168,39072,40628,"Yash Sharam, a new role has been assigned to you at RMSI Pvt Ltd fghfg.",,,/dashboard/user/my-companies,my-company,0,,0,2026-07-04 16:46:36,2026-07-04 16:46:36
16169,39072,40628,"Yash Sharam, a new role has been assigned to you at RMSI Pvt Ltd fghfg.",,,/dashboard/user/my-companies,my-company,0,,0,2026-07-04 16:46:47,2026-07-04 16:46:47
16170,39072,40628,"Yash Sharam, a new role has been assigned to you at RMSI Pvt Ltd fghfg.",,,/dashboard/user/my-companies,my-company,0,,0,2026-07-04 16:47:11,2026-07-04 16:47:11
16171,39072,40628,"Yash Sharam, a new role has been assigned to you at RMSI Pvt Ltd fghfg.",,,/dashboard/user/my-companies,my-company,0,,0,2026-07-04 16:47:44,2026-07-04 16:47:44
16172,19,40313,Rakesh Maurya has sent an approval for the experience,,,/dashboard/company/employments,cmp-emp-req-pending,0,,0,2026-07-06 11:58:42,2026-07-06 11:58:42
16173,19,40313,"Hi Zenith Digital Marketing, you have received a request to verify your company domain.",,,/dashboard/company/my-domains,company-my-domains,0,,0,2026-07-06 12:43:09,2026-07-06 12:43:09
16174,19,40313,"Hi Zenith Digital Marketing, you have received a request to verify user employment.",,,/dashboard/company/employments,cmp-emp-req-pending,0,,0,2026-07-06 12:44:45,2026-07-06 12:44:45
16175,19,40313,"Hi Zenith Digital Marketing, you have received a request to verify your company domain.",,,/dashboard/company/my-domains,company-my-domains,0,,0,2026-07-06 12:45:08,2026-07-06 12:45:08
16176,19,40313,Rakesh Maurya send a salary verification request to you!,,,/dashboard/company/employments?tab=3,cmp-emp-req-pending,0,,0,2026-07-06 12:46:40,2026-07-06 12:46:40
16177,40634,39256,Vivek Kumar has sent an approval for the experience,,,/dashboard/company/employments,cmp-emp-req-pending,0,,0,2026-07-06 12:55:17,2026-07-06 12:55:17
16178,40634,39072,Vivek Kumar has sent an approval for the experience,,,/dashboard/company/employments,cmp-emp-req-pending,0,,0,2026-07-06 13:16:40,2026-07-06 13:16:40
16179,40634,39072,Vivek Kumar has sent an approval for the experience,,,/dashboard/company/employments,cmp-emp-req-pending,0,,0,2026-07-06 13:19:16,2026-07-06 13:19:16
16180,40634,39072,"Hi RMSI Pvt Ltd fghfg, you have received a request to verify your company domain.",,,/dashboard/company/my-domains,company-my-domains,0,,0,2026-07-06 13:29:51,2026-07-06 13:29:51
16181,40634,39072,"Hi RMSI Pvt Ltd fghfg, you have received a request to verify user employment.",,,/dashboard/company/employments,cmp-emp-req-pending,0,,0,2026-07-06 13:29:54,2026-07-06 13:29:54
16182,40634,39072,"Hi RMSI Pvt Ltd fghfg, you have received a request to verify your company domain.",,,/dashboard/company/my-domains,company-my-domains,0,,0,2026-07-06 13:31:15,2026-07-06 13:31:15
16183,40634,39072,"Hi RMSI Pvt Ltd fghfg, you have received a request to verify your company domain.",,,/dashboard/company/my-domains,company-my-domains,0,,0,2026-07-06 13:33:35,2026-07-06 13:33:35
16184,40634,39072,"Hi RMSI Pvt Ltd fghfg, you have received a request to verify user employment.",,,/dashboard/company/employments,cmp-emp-req-pending,0,,0,2026-07-06 13:33:37,2026-07-06 13:33:37
16185,40634,40641,Vivek Kumar has sent an approval for the experience,,,/dashboard/company/employments,cmp-emp-req-pending,0,,0,2026-07-06 13:40:09,2026-07-06 13:40:09
16186,39256,40449,"Shubham Kumar, your experience as Senior corporate recruiter at SP HUMANS PRIVATE LIMITED has accepted!",,employment,/dashboard/user/employment,profile,0,,0,2026-07-06 15:04:46,2026-07-06 15:04:46
16187,40449,39256,"Hi, SP HUMANS PRIVATE LIMITED you got a review from Shubham Kumar",,,/dashboard/company/reviews,company-reviews,0,,0,2026-07-06 15:05:54,
16188,39256,40449,"Hi, Shubham Kumar your reveiw has been updated by SP HUMANS PRIVATE LIMITED",,employment,/dashboard/user/employment,profile,0,,0,2026-07-06 15:06:32,
16189,39001,5,"Hi NARULA EXPORTS, you have received a request to verify user employment.",,,/dashboard/company/employments,cmp-emp-req-pending,0,,0,2026-07-06 15:13:40,2026-07-06 15:13:40
16190,40449,3,Shubham Kumar has sent an approval for the experience,,,/dashboard/company/employments,cmp-emp-req-pending,0,,0,2026-07-06 15:14:33,2026-07-06 15:14:33
16191,40449,3,"Hi MED FRESHE PRIVATE LTD, you have received a request to verify user employment.",,,/dashboard/company/employments,cmp-emp-req-pending,0,,0,2026-07-06 15:15:13,2026-07-06 15:15:13
16192,39001,5,"Hi NARULA EXPORTS, you have received a request to verify user employment.",,,/dashboard/company/employments,cmp-emp-req-pending,0,,0,2026-07-06 15:25:52,2026-07-06 15:25:52
16193,39001,39256,"Hi SP HUMANS PRIVATE LIMITED, you have received a request to verify your company domain.",,,/dashboard/company/my-domains,company-my-domains,0,,0,2026-07-06 15:27:50,2026-07-06 15:27:50
16194,39001,39426,"Hi Hamdard Laboratories India ( Medicine Division), you have received a request to verify user employment.",,,/dashboard/company/employments,cmp-emp-req-pending,0,,0,2026-07-06 15:28:44,2026-07-06 15:28:44
16195,39001,39311,"Hi Quick pvt ltd, you have received a request to verify your company domain.",,,/dashboard/company/my-domains,company-my-domains,0,,0,2026-07-06 15:30:59,2026-07-06 15:30:59
16196,39001,39311,"Hi Quick pvt ltd, you have received a request to verify user employment.",,,/dashboard/company/employments,cmp-emp-req-pending,0,,0,2026-07-06 15:34:31,2026-07-06 15:34:31
16197,39001,39311,"Hi Quick pvt ltd, you have received a request to verify user employment.",,,/dashboard/company/employments,cmp-emp-req-pending,0,,0,2026-07-06 15:34:36,2026-07-06 15:34:36
16198,40449,39256,"Hi, SP HUMANS PRIVATE LIMITED you got a review from Shubham Kumar",,,/dashboard/company/reviews,company-reviews,0,,0,2026-07-06 15:46:52,
16199,39001,39256,"Hi SP HUMANS PRIVATE LIMITED, you have received a request to verify your company domain.",,,/dashboard/company/my-domains,company-my-domains,0,,0,2026-07-06 15:53:54,2026-07-06 15:53:54
16200,39001,39256,"Hi SP HUMANS PRIVATE LIMITED, you have received a request to verify your company domain.",,,/dashboard/company/my-domains,company-my-domains,0,,0,2026-07-06 15:54:38,2026-07-06 15:54:38
16201,39001,39256,"Hi SP HUMANS PRIVATE LIMITED, you have received a request to verify your company domain.",,,/dashboard/company/my-domains,company-my-domains,0,,0,2026-07-06 15:54:55,2026-07-06 15:54:55
16202,39001,5,"Hi NARULA EXPORTS, you have received a request to verify user employment.",,,/dashboard/company/employments,cmp-emp-req-pending,0,,0,2026-07-06 15:55:34,2026-07-06 15:55:34
16203,40449,39256,"Hi, SP HUMANS PRIVATE LIMITED you got a review from Shubham Kumar",,,/dashboard/company/reviews,company-reviews,0,,0,2026-07-06 16:08:55,
16204,39001,5,"Hi NARULA EXPORTS, you have received a request to verify your company domain.",,,/dashboard/company/my-domains,company-my-domains,0,,0,2026-07-06 16:10:45,2026-07-06 16:10:45
16205,19,40136,"Hi SP HUMANS PRIVATE LIMITED, you have received a request to verify your company domain.",,,/dashboard/company/my-domains,company-my-domains,0,,0,2026-07-06 16:17:24,2026-07-06 16:17:24
16206,39001,39256,"Hi SP HUMANS PRIVATE LIMITED, you have received a request to verify your company domain.",,,/dashboard/company/my-domains,company-my-domains,0,,0,2026-07-06 16:25:27,2026-07-06 16:25:27
16207,39001,5,"Hi NARULA EXPORTS, you have received a request to verify user employment.",,,/dashboard/company/employments,cmp-emp-req-pending,0,,0,2026-07-06 16:27:51,2026-07-06 16:27:51
16208,39001,39426,"Hi Hamdard Laboratories India ( Medicine Division), you have received a request to verify user employment.",,,/dashboard/company/employments,cmp-emp-req-pending,0,,0,2026-07-06 16:28:32,2026-07-06 16:28:32
16209,39001,39256,"Hi SP HUMANS PRIVATE LIMITED, you have received a request to verify your company domain.",,,/dashboard/company/my-domains,company-my-domains,0,,0,2026-07-06 16:43:08,2026-07-06 16:43:08
16210,40449,39256,"Hi, SP HUMANS PRIVATE LIMITED you got a review from Shubham Kumar",,,/dashboard/company/reviews,company-reviews,0,,0,2026-07-06 17:03:17,
16211,40449,39256,"Hi, SP HUMANS PRIVATE LIMITED you got a review from Shubham Kumar",,,/dashboard/company/reviews,company-reviews,0,,0,2026-07-06 17:03:52,
16212,40634,40641,Vivek Kumar has sent an approval for the experience,,,/dashboard/company/employments,cmp-emp-req-pending,0,,0,2026-07-06 17:19:16,2026-07-06 17:19:16
16213,39001,5,"Hi NARULA EXPORTS, you have received a request to verify user employment.",,,/dashboard/company/employments,cmp-emp-req-pending,0,,0,2026-07-06 17:30:49,2026-07-06 17:30:49
16214,40634,2,Vivek Kumar has sent an approval for the experience,,,/dashboard/company/employments,cmp-emp-req-pending,0,,0,2026-07-07 11:22:57,2026-07-07 11:22:57
16215,40634,2,"Hi Collar Check Pvt. Ltd., you have received a request to verify your company domain.",,,/dashboard/company/my-domains,company-my-domains,0,,0,2026-07-07 11:42:03,2026-07-07 11:42:03
16216,40634,2,"Hi Collar Check Pvt. Ltd., you have received a request to verify user employment.",,,/dashboard/company/employments,cmp-emp-req-pending,0,,0,2026-07-07 11:42:07,2026-07-07 11:42:07
16217,39256,40550,Your employment request for the Head mistress position at SP HUMANS PRIVATE LIMITED has been rejected.,,employment,/dashboard/user/employment,profile,0,,0,2026-07-07 11:58:17,2026-07-07 11:58:17
16218,40634,2,"Hi Collar Check Pvt. Ltd., you have received a request to verify your company domain.",,,/dashboard/company/my-domains,company-my-domains,0,,0,2026-07-07 13:20:25,2026-07-07 13:20:25
16219,40634,2,"Hi Collar Check Pvt. Ltd., you have received a request to verify your company domain.",,,/dashboard/company/my-domains,company-my-domains,0,,0,2026-07-07 13:28:49,2026-07-07 13:28:49
16220,40634,2,"Hi Collar Check Pvt. Ltd., you have received a request to verify your company domain.",,,/dashboard/company/my-domains,company-my-domains,0,,0,2026-07-07 13:41:46,2026-07-07 13:41:46
16221,40634,2,"Hi Collar Check Pvt. Ltd., you have received a request to verify your company domain.",,,/dashboard/company/my-domains,company-my-domains,0,,0,2026-07-07 14:55:57,2026-07-07 14:55:57
16222,39256,18,"Hi, Kartik Mehra you have a new employment added by SP HUMANS PRIVATE LIMITED",,employment,/dashboard/user/employment,profile,0,,0,2026-07-07 16:57:41,2026-07-07 16:57:41
16223,39072,40290,"Hi, Yash Sharma you have a new employment added by RMSI Pvt Ltd fghfg",,employment,/dashboard/user/employment,profile,0,,0,2026-07-07 17:34:07,2026-07-07 17:34:07
16224,39256,18,"Hi, Kartik Mehra your reveiw has been updated by SP HUMANS PRIVATE LIMITED",,employment,/dashboard/user/employment,profile,0,,0,2026-07-08 13:23:00,
16225,39256,18,"Hi, Kartik Mehra your reveiw has been updated by SP HUMANS PRIVATE LIMITED",,employment,/dashboard/user/employment,profile,0,,0,2026-07-08 13:23:05,
16226,39256,18,"Hi, Kartik Mehra your reveiw has been updated by SP HUMANS PRIVATE LIMITED",,employment,/dashboard/user/employment,profile,0,,0,2026-07-08 13:23:17,
16227,18,39256,"Hi, SP HUMANS PRIVATE LIMITED you got a review from Kartik Mehra",,,/dashboard/company/reviews,company-reviews,0,,0,2026-07-08 13:24:21,
16228,18,39256,"Hi, SP HUMANS PRIVATE LIMITED you got a review from Kartik Mehra",,,/dashboard/company/reviews,company-reviews,0,,0,2026-07-08 13:24:33,
16229,39256,18,"Hi, Kartik Mehra your reveiw has been updated by SP HUMANS PRIVATE LIMITED",,employment,/dashboard/user/employment,profile,0,,0,2026-07-08 13:24:49,
16230,39256,18,"Hi, Kartik Mehra your reveiw has been updated by SP HUMANS PRIVATE LIMITED",,employment,/dashboard/user/employment,profile,0,,0,2026-07-08 13:24:52,
16231,18,39256,"Hi, SP HUMANS PRIVATE LIMITED you got a review from Kartik Mehra",,,/dashboard/company/reviews,company-reviews,0,,0,2026-07-08 13:25:38,
16232,39256,18,"Hi, Kartik Mehra your reveiw has been updated by SP HUMANS PRIVATE LIMITED",,employment,/dashboard/user/employment,profile,0,,0,2026-07-08 13:25:57,
16233,40554,39072,"Hi RMSI Pvt Ltd fghfg, you have received a request to verify user employment.",,,/dashboard/company/employments,cmp-emp-req-pending,0,,0,2026-07-08 13:36:57,2026-07-08 13:36:57
16234,39072,40554,"prashant dubey, your experience as QA at RMSI Pvt Ltd fghfg has accepted!",,employment,/dashboard/user/employment,profile,0,,0,2026-07-08 13:37:38,2026-07-08 13:37:38
16235,40554,39072,"Hi, RMSI Pvt Ltd fghfg you got a review from prashant dubey",,,/dashboard/company/reviews,company-reviews,0,,0,2026-07-08 13:38:01,
16236,40554,39072,"Hi, RMSI Pvt Ltd fghfg you got a review from prashant dubey",,,/dashboard/company/reviews,company-reviews,0,,0,2026-07-08 13:38:13,
16237,40554,39072,"Hi, RMSI Pvt Ltd fghfg you got a review from prashant dubey",,,/dashboard/company/reviews,company-reviews,0,,0,2026-07-08 13:38:20,
16238,39072,40554,"Hi, prashant dubey your reveiw has been updated by RMSI Pvt Ltd fghfg",,employment,/dashboard/user/employment,profile,0,,0,2026-07-08 13:38:45,
16239,39072,40554,"Hi, prashant dubey your reveiw has been updated by RMSI Pvt Ltd fghfg",,employment,/dashboard/user/employment,profile,0,,0,2026-07-08 13:38:47,
16240,39072,40554,"Hi, prashant dubey your reveiw has been updated by RMSI Pvt Ltd fghfg",,employment,/dashboard/user/employment,profile,0,,0,2026-07-08 13:38:50,
16241,38872,40554,"Dear , prashant dubey, Avinash has submitted a request to view your salary. Please review and take the necessary action.",,,/dashboard/user/requests?tab=salary,user-salary-request,1,,0,2026-07-08 14:33:45,2026-07-08 14:33:45
16242,40554,38872,"User, prashant dubey has accepted your profile view request",,,/employee/prashant-dubey-cce295723,user-profile,0,prashant-dubey-cce295723,0,2026-07-08 14:34:01,2026-07-08 14:34:01
16243,40659,40136,Rakesh Maurya has sent an approval for the experience,,,/dashboard/company/employments,cmp-emp-req-pending,0,,0,2026-07-08 14:34:29,2026-07-08 14:34:29
16244,40659,40292,Rakesh Maurya has sent an approval for the experience,,,/dashboard/company/employments,cmp-emp-req-pending,0,,0,2026-07-08 14:34:30,2026-07-08 14:34:30
16245,40659,39073,Rakesh Maurya has sent an approval for the experience,,,/dashboard/company/employments,cmp-emp-req-pending,0,,0,2026-07-08 14:34:30,2026-07-08 14:34:30
16246,39001,40137,"Vivek Kumar Yadav, Accepted your request!",,,/employee/vivek-kumar-yadav-cce265807,,0,,0,2026-07-08 14:35:15,2026-07-08 14:35:15
16247,39001,40290,"Vivek Kumar Yadav, Accepted your request!",,,/employee/vivek-kumar-yadav-cce265807,,0,,0,2026-07-08 14:35:15,2026-07-08 14:35:15
16248,18,39256,"Hi, SP HUMANS PRIVATE LIMITED you got a review from Kartik Mehra",,,/dashboard/company/reviews,company-reviews,0,,0,2026-07-08 14:44:04,
16249,18,39256,"Hi, SP HUMANS PRIVATE LIMITED you got a review from Kartik Mehra",,,/dashboard/company/reviews,company-reviews,0,,0,2026-07-08 14:44:12,
16250,18,39256,"Hi, SP HUMANS PRIVATE LIMITED you got a review from Kartik Mehra",,,/dashboard/company/reviews,company-reviews,0,,0,2026-07-08 14:44:25,
16251,18,39256,"Hi, SP HUMANS PRIVATE LIMITED you got a review from Kartik Mehra",,,/dashboard/company/reviews,company-reviews,0,,0,2026-07-08 14:44:30,
16252,18,39256,"Hi, SP HUMANS PRIVATE LIMITED you got a review from Kartik Mehra",,,/dashboard/company/reviews,company-reviews,0,,0,2026-07-08 14:44:35,
16253,39256,18,"Hi, Kartik Mehra your reveiw has been updated by SP HUMANS PRIVATE LIMITED",,employment,/dashboard/user/employment,profile,0,,0,2026-07-08 14:45:02,
16254,39256,18,"Hi, Kartik Mehra your reveiw has been updated by SP HUMANS PRIVATE LIMITED",,employment,/dashboard/user/employment,profile,0,,0,2026-07-08 14:45:04,
16255,39256,18,"Hi, Kartik Mehra your reveiw has been updated by SP HUMANS PRIVATE LIMITED",,employment,/dashboard/user/employment,profile,0,,0,2026-07-08 14:45:07,
16256,39256,18,"Hi, Kartik Mehra your reveiw has been updated by SP HUMANS PRIVATE LIMITED",,employment,/dashboard/user/employment,profile,0,,0,2026-07-08 14:45:09,
16257,39256,18,"Hi, Kartik Mehra your reveiw has been updated by SP HUMANS PRIVATE LIMITED",,employment,/dashboard/user/employment,profile,0,,0,2026-07-08 14:45:11,
16258,39256,18,"Hi, Kartik Mehra your reveiw has been updated by SP HUMANS PRIVATE LIMITED",,employment,/dashboard/user/employment,profile,0,,0,2026-07-08 14:48:11,
16259,18,39256,"Hi, SP HUMANS PRIVATE LIMITED you got a review from Kartik Mehra",,,/dashboard/company/reviews,company-reviews,0,,0,2026-07-08 14:51:05,
16260,39256,18,"Hi, Kartik Mehra your reveiw has been updated by SP HUMANS PRIVATE LIMITED",,employment,/dashboard/user/employment,profile,0,,0,2026-07-08 14:51:17,
16261,40657,39256,Vivek kumar has sent an approval for the experience,,,/dashboard/company/employments,cmp-emp-req-pending,0,,0,2026-07-08 14:51:58,2026-07-08 14:51:58
16262,18,39256,"Hi, SP HUMANS PRIVATE LIMITED you got a review from Kartik Mehra",,,/dashboard/company/reviews,company-reviews,0,,0,2026-07-08 14:54:57,
16263,18,39256,"Hi, SP HUMANS PRIVATE LIMITED you got a review from Kartik Mehra",,,/dashboard/company/reviews,company-reviews,0,,0,2026-07-08 14:55:02,
16264,18,39256,"Hi, SP HUMANS PRIVATE LIMITED you got a review from Kartik Mehra",,,/dashboard/company/reviews,company-reviews,0,,0,2026-07-08 14:55:08,
16265,18,39256,"Hi, SP HUMANS PRIVATE LIMITED you got a review from Kartik Mehra",,,/dashboard/company/reviews,company-reviews,0,,0,2026-07-08 14:55:13,
16266,18,39256,"Hi, SP HUMANS PRIVATE LIMITED you got a review from Kartik Mehra",,,/dashboard/company/reviews,company-reviews,0,,0,2026-07-08 14:55:21,
16267,39256,18,"Hi, Kartik Mehra your reveiw has been updated by SP HUMANS PRIVATE LIMITED",,employment,/dashboard/user/employment,profile,0,,0,2026-07-08 14:55:51,
16268,39256,18,"Hi, Kartik Mehra your reveiw has been updated by SP HUMANS PRIVATE LIMITED",,employment,/dashboard/user/employment,profile,0,,0,2026-07-08 14:55:54,
16269,39256,18,"Hi, Kartik Mehra your reveiw has been updated by SP HUMANS PRIVATE LIMITED",,employment,/dashboard/user/employment,profile,0,,0,2026-07-08 14:55:56,
16270,39256,18,"Hi, Kartik Mehra your reveiw has been updated by SP HUMANS PRIVATE LIMITED",,employment,/dashboard/user/employment,profile,0,,0,2026-07-08 14:55:58,
16271,39256,18,"Hi, Kartik Mehra your reveiw has been updated by SP HUMANS PRIVATE LIMITED",,employment,/dashboard/user/employment,profile,0,,0,2026-07-08 14:56:00,
16272,40657,2,Vivek kumar has sent an approval for the experience,,,/dashboard/company/employments,cmp-emp-req-pending,0,,0,2026-07-08 15:13:17,2026-07-08 15:13:17
16273,40657,39256,"Hi SP HUMANS PRIVATE LIMITED, you have received a request to verify your company domain.",,,/dashboard/company/my-domains,company-my-domains,0,,0,2026-07-08 15:13:34,2026-07-08 15:13:34
16274,40657,39256,"Hi SP HUMANS PRIVATE LIMITED, you have received a request to verify user employment.",,,/dashboard/company/employments,cmp-emp-req-pending,0,,0,2026-07-08 15:13:36,2026-07-08 15:13:36
16275,40657,2,Vivek kumar send a salary verification request to you!,,,/dashboard/company/employments?tab=3,cmp-emp-req-pending,0,,0,2026-07-08 15:40:08,2026-07-08 15:40:08
16276,40657,2,Vivek kumar send a salary verification request to you!,,,/dashboard/company/employments?tab=3,cmp-emp-req-pending,0,,0,2026-07-08 15:44:45,2026-07-08 15:44:45
16277,40657,2,Vivek kumar send a salary verification request to you!,,,/dashboard/company/employments?tab=3,cmp-emp-req-pending,0,,0,2026-07-08 15:46:48,2026-07-08 15:46:48
16278,40659,40136,Rakesh Maurya send a salary verification request to you!,,,/dashboard/company/employments?tab=3,cmp-emp-req-pending,0,,0,2026-07-08 15:51:59,2026-07-08 15:51:59
16279,40657,2,Vivek kumar send a salary verification request to you!,,,/dashboard/company/employments?tab=3,cmp-emp-req-pending,0,,0,2026-07-08 16:46:14,2026-07-08 16:46:14
16280,40657,2,Vivek kumar send a salary verification request to you!,,,/dashboard/company/employments?tab=3,cmp-emp-req-pending,0,,0,2026-07-08 16:51:41,2026-07-08 16:51:41
16281,40657,2,Vivek kumar send a salary verification request to you!,,,/dashboard/company/employments?tab=3,cmp-emp-req-pending,0,,0,2026-07-08 17:10:44,2026-07-08 17:10:44
16282,40657,2,Vivek kumar send a salary verification request to you!,,,/dashboard/company/employments?tab=3,cmp-emp-req-pending,0,,0,2026-07-08 17:15:58,2026-07-08 17:15:58
16283,40657,2,Vivek kumar send a salary verification request to you!,,,/dashboard/company/employments?tab=3,cmp-emp-req-pending,0,,0,2026-07-08 17:18:48,2026-07-08 17:18:48
16284,40657,2,Vivek kumar send a salary verification request to you!,,,/dashboard/company/employments?tab=3,cmp-emp-req-pending,0,,0,2026-07-08 17:21:03,2026-07-08 17:21:03
16285,40662,18,"Kartik Mehra, a new role has been assigned to you at Spiky pvt.",,,/dashboard/user/my-companies,my-company,0,,0,2026-07-08 17:26:45,2026-07-08 17:26:45
16286,40657,2,Vivek kumar send a salary verification request to you!,,,/dashboard/company/employments?tab=3,cmp-emp-req-pending,0,,0,2026-07-08 17:34:44,2026-07-08 17:34:44
16287,39256,40659,"Rakesh Maurya, a new role has been assigned to you at SP HUMANS PRIVATE LIMITED.",,,/dashboard/user/my-companies,my-company,0,,0,2026-07-08 18:03:15,2026-07-08 18:03:15
16288,40660,2,Peter Parkar has sent an approval for the experience,,,/dashboard/company/employments,cmp-emp-req-pending,0,,0,2026-07-08 18:13:45,2026-07-08 18:13:45
16289,18,40665,Kartik Mehra has sent an approval for the experience,,,/dashboard/company/employments,cmp-emp-req-pending,0,,0,2026-07-09 11:25:11,2026-07-09 11:25:11
16290,40265,40539,"Hi, Khushi Enterprises you got a review from khushboo kumari",,,/dashboard/company/reviews,company-reviews,0,,0,2026-07-09 11:41:11,
16291,40539,40265,"Hi, khushboo kumari your reveiw has been updated by Khushi Enterprises",,employment,/dashboard/user/employment,profile,0,,0,2026-07-09 11:42:06,
16292,40660,5,Peter Parkar has sent an approval for the experience,,,/dashboard/company/employments,cmp-emp-req-pending,0,,0,2026-07-09 12:24:12,2026-07-09 12:24:12
16293,40265,40539,"Hi, Khushi Enterprises you got a review from khushboo kumari",,,/dashboard/company/reviews,company-reviews,0,,0,2026-07-09 12:52:04,
16294,40265,40539,"Hi, Khushi Enterprises you got a review from khushboo kumari",,,/dashboard/company/reviews,company-reviews,0,,0,2026-07-09 12:52:42,
16295,40539,40265,"Hi, khushboo kumari your reveiw has been updated by Khushi Enterprises",,employment,/dashboard/user/employment,profile,0,,0,2026-07-09 12:55:41,
16296,40539,40265,"Hi, khushboo kumari your reveiw has been updated by Khushi Enterprises",,employment,/dashboard/user/employment,profile,0,,0,2026-07-09 12:55:45,
16297,40539,40265,"khushboo kumari, your experience as Senior team manager at Khushi Enterprises has accepted!",,employment,/dashboard/user/employment,profile,0,,0,2026-07-09 12:58:13,2026-07-09 12:58:13
16298,40539,40265,"Hi, khushboo kumari you got a review from Khushi Enterprises",,employment,/dashboard/user/employment,profile,0,,0,2026-07-09 12:58:52,
16299,40265,40539,"Hi, Khushi Enterprises you got a review from khushboo kumari",,,/dashboard/company/reviews,company-reviews,0,,0,2026-07-09 13:04:50,
16300,40660,39256,Peter Parkar has sent an approval for the experience,,,/dashboard/company/employments,cmp-emp-req-pending,0,,0,2026-07-09 15:32:44,2026-07-09 15:32:44
16301,40660,2,Peter Parkar has sent an approval for the experience,,,/dashboard/company/employments,cmp-emp-req-pending,0,,0,2026-07-09 15:53:04,2026-07-09 15:53:04
16302,18,90,Kartik Mehra followed you!,,,/dashboard/company/connections,follow-request-company,0,,0,2026-07-09 16:49:28,2026-07-09 16:49:28
16303,39256,38872,"Avinash Malhotra one, a new role has been assigned to you at SP HUMANS PRIVATE LIMITED.",,,/dashboard/user/my-companies,my-company,0,,0,2026-07-09 16:54:09,2026-07-09 16:54:09
16304,40660,5,Peter Parkar has sent an approval for the experience,,,/dashboard/company/employments,cmp-emp-req-pending,0,,0,2026-07-09 16:54:13,2026-07-09 16:54:13
16305,18,111,Kartik Mehra followed you!,,,/dashboard/company/connections,follow-request-company,0,,0,2026-07-09 16:55:00,2026-07-09 16:55:00
16306,18,40662,Kartik Mehra followed you!,,,/dashboard/company/connections,follow-request-company,0,,0,2026-07-09 16:56:07,2026-07-09 16:56:07
16307,39256,14,"Mohit Kumar, a new role has been assigned to you at SP HUMANS PRIVATE LIMITED.",,,/dashboard/user/my-companies,my-company,0,,0,2026-07-09 17:05:42,2026-07-09 17:05:42
16308,40660,5,Peter Parkar has sent an approval for the experience,,,/dashboard/company/employments,cmp-emp-req-pending,0,,0,2026-07-09 17:06:34,2026-07-09 17:06:34
16309,18,40667,Kartik Mehra has sent an approval for the experience,,,/dashboard/company/employments,cmp-emp-req-pending,0,,0,2026-07-09 17:11:31,2026-07-09 17:11:31
16310,39256,38872,"Avinash Malhotra one, a new role has been assigned to you at SP HUMANS PRIVATE LIMITED.",,,/dashboard/user/my-companies,my-company,0,,0,2026-07-09 17:23:18,2026-07-09 17:23:18
16311,40660,5,"Hi NARULA EXPORTS, you have received a request to verify user employment.",,,/dashboard/company/employments,cmp-emp-req-pending,0,,0,2026-07-09 17:42:52,2026-07-09 17:42:52
16312,40660,5,"Hi NARULA EXPORTS, you have received a request to verify user employment.",,,/dashboard/company/employments,cmp-emp-req-pending,0,,0,2026-07-09 17:44:52,2026-07-09 17:44:52
16313,18,13,Kartik Mehra followed you!,,,/dashboard/company/connections,follow-request-company,0,,0,2026-07-09 17:54:52,2026-07-09 17:54:52
16314,40265,40539,khushboo kumari has sent an approval for the experience,,,/dashboard/company/employments,cmp-emp-req-pending,0,,0,2026-07-09 17:57:07,2026-07-09 17:57:07
16315,40265,40292,khushboo kumari has sent an approval for the experience,,,/dashboard/company/employments,cmp-emp-req-pending,0,,0,2026-07-09 17:57:07,2026-07-09 17:57:07
16316,40265,39073,khushboo kumari has sent an approval for the experience,,,/dashboard/company/employments,cmp-emp-req-pending,0,,0,2026-07-09 17:57:08,2026-07-09 17:57:08
16317,40265,40293,khushboo kumari has sent an approval for the experience,,,/dashboard/company/employments,cmp-emp-req-pending,0,,0,2026-07-09 17:57:09,2026-07-09 17:57:09
16318,40265,38691,khushboo kumari has sent an approval for the experience,,,/dashboard/company/employments,cmp-emp-req-pending,0,,0,2026-07-09 17:57:09,2026-07-09 17:57:09
16319,18,13,Kartik Mehra followed you!,,,/dashboard/company/connections,follow-request-company,0,,0,2026-07-09 18:01:58,2026-07-09 18:01:58
16320,18,2,Kartik Mehra followed you!,,,/dashboard/company/connections,follow-request-company,0,,0,2026-07-09 18:20:09,2026-07-09 18:20:09
16321,40660,5,"Hi, NARULA EXPORTS you got a review from Peter Parkar",,,/dashboard/company/reviews,company-reviews,0,,0,2026-07-09 18:32:18,
16322,40660,5,"Hi, NARULA EXPORTS you got a review from Peter Parkar",,,/dashboard/company/reviews,company-reviews,0,,0,2026-07-09 18:38:24,
16323,39256,40541,"Hi, asdASD fdSF you have a new employment added by SP HUMANS PRIVATE LIMITED",,employment,/dashboard/user/employment,profile,0,,0,2026-07-09 18:39:01,2026-07-09 18:39:01
16324,18,39256,Kartik Mehra followed you!,,,/dashboard/company/connections,follow-request-company,0,,0,2026-07-09 18:48:47,2026-07-09 18:48:47
16325,18,39072,Kartik Mehra followed you!,,,/dashboard/company/connections,follow-request-company,0,,0,2026-07-09 18:49:23,2026-07-09 18:49:23
16326,38860,40473,Avinasha Malhotra send a salary verification request to you!,,,/dashboard/company/employments?tab=3,cmp-emp-req-pending,0,,0,2026-07-09 18:58:47,2026-07-09 18:58:47
16327,38860,40473,Avinasha Malhotra send a salary verification request to you!,,,/dashboard/company/employments?tab=3,cmp-emp-req-pending,0,,0,2026-07-09 19:07:48,2026-07-09 19:07:48
16328,38860,40473,Avinasha Malhotra send a salary verification request to you!,,,/dashboard/company/employments?tab=3,cmp-emp-req-pending,0,,0,2026-07-09 19:08:29,2026-07-09 19:08:29
16329,38860,40473,Avinasha Malhotra send a salary verification request to you!,,,/dashboard/company/employments?tab=3,cmp-emp-req-pending,0,,0,2026-07-09 19:13:32,2026-07-09 19:13:32
16330,38860,39262,"Hi Collar Check Pvt. Ltd., you have received a request to verify user employment.",,,/dashboard/company/employments,cmp-emp-req-pending,0,,0,2026-07-09 19:19:56,2026-07-09 19:19:56
16331,38860,40473,Avinasha Malhotra send a salary verification request to you!,,,/dashboard/company/employments?tab=3,cmp-emp-req-pending,0,,0,2026-07-09 19:20:02,2026-07-09 19:20:02
16332,40473,39374,"Test SSs, a new role has been assigned to you at Fashion IT.",,,/dashboard/user/my-companies,my-company,0,,0,2026-07-10 13:41:09,2026-07-10 13:41:09
16333,40672,5,Vivek Kumar has sent an approval for the experience,,,/dashboard/company/employments,cmp-emp-req-pending,0,,0,2026-07-10 15:09:03,2026-07-10 15:09:03
16334,40672,39073,Vivek Kumar has sent an approval for the experience,,,/dashboard/company/employments,cmp-emp-req-pending,0,,0,2026-07-10 15:12:27,2026-07-10 15:12:27
16335,40660,5,"Hi, NARULA EXPORTS you got a review from Peter Parkar",,,/dashboard/company/reviews,company-reviews,0,,0,2026-07-11 10:36:36,
16336,39314,40067,"Hi Gaurav Pvt Ltd, you have received a request to verify user employment.",,,/dashboard/company/employments,cmp-emp-req-pending,0,,0,2026-07-11 14:33:18,2026-07-11 14:33:18
16337,39001,13,Vivek Kumar Yadav has sent an approval for the experience,,,/dashboard/company/employments,cmp-emp-req-pending,0,,0,2026-07-11 15:20:06,2026-07-11 15:20:06
16338,39314,39256,Rohan Prajapati has sent an approval for the experience,,,/dashboard/company/employments,cmp-emp-req-pending,0,,0,2026-07-11 18:09:32,2026-07-11 18:09:32
16339,39314,2,Rohan Prajapati has sent an approval for the experience,,,/dashboard/company/employments,cmp-emp-req-pending,0,,0,2026-07-11 18:11:06,2026-07-11 18:11:06
16340,40683,39256,Vivek kumar has sent an approval for the experience,,,/dashboard/company/employments,cmp-emp-req-pending,0,,0,2026-07-13 12:59:37,2026-07-13 12:59:37
16341,39256,40683,Your employment request for the Senior it specialist position at SP HUMANS PRIVATE LIMITED has been rejected.,,employment,/dashboard/user/employment,profile,0,,0,2026-07-13 13:01:02,2026-07-13 13:01:02
16342,40683,39256,Vivek kumar has sent an approval for the experience,,,/dashboard/company/employments,cmp-emp-req-pending,0,,0,2026-07-13 13:31:06,2026-07-13 13:31:06
16343,40683,39256,Vivek kumar has sent an approval for the experience,,,/dashboard/company/employments,cmp-emp-req-pending,0,,0,2026-07-13 13:31:56,2026-07-13 13:31:56
16344,39256,40683,Your employment request for the Coordenador administrativo position at SP HUMANS PRIVATE LIMITED has been rejected.,,employment,/dashboard/user/employment,profile,0,,0,2026-07-13 13:32:37,2026-07-13 13:32:37
16345,40290,39072,"Hi, RMSI Pvt Ltd fghfg you got a review from Yash Sharma",,,/dashboard/company/reviews,company-reviews,0,,0,2026-07-13 13:33:07,
16346,40290,39072,"Hi, RMSI Pvt Ltd fghfg you got a review from Yash Sharma",,,/dashboard/company/reviews,company-reviews,0,,0,2026-07-13 13:33:24,
16347,40290,39072,"Hi, RMSI Pvt Ltd fghfg you got a review from Yash Sharma",,,/dashboard/company/reviews,company-reviews,0,,0,2026-07-13 13:33:36,
16348,38860,40473,"Hi Fashion IT, you have received a request to verify user employment.",,,/dashboard/company/employments,cmp-emp-req-pending,0,,0,2026-07-13 14:33:48,2026-07-13 14:33:48
16349,39256,38872,"Avinash Malhotra one, a new role has been assigned to you at SP HUMANS PRIVATE LIMITED.",,,/dashboard/user/my-companies,my-company,0,,0,2026-07-13 16:11:24,2026-07-13 16:11:24
16350,39001,39256,Vivek Kumar Yadav has sent an approval for the experience,,,/dashboard/company/employments,cmp-emp-req-pending,0,,0,2026-07-13 16:27:26,2026-07-13 16:27:26
16351,39001,39256,Vivek Kumar Yadav has sent an approval for the experience,,,/dashboard/company/employments,cmp-emp-req-pending,0,,0,2026-07-13 16:28:51,2026-07-13 16:28:51
16352,39001,39256,Vivek Kumar Yadav has sent an approval for the experience,,,/dashboard/company/employments,cmp-emp-req-pending,0,,0,2026-07-13 16:29:39,2026-07-13 16:29:39
16353,39256,39001,"Vivek Kumar Yadav, your experience as Flutter Developer at SP HUMANS PRIVATE LIMITED has accepted!",,employment,/dashboard/user/employment,profile,0,,0,2026-07-13 16:30:17,2026-07-13 16:30:17
16354,39256,39001,"Vivek Kumar Yadav, your experience as Lead developer at SP HUMANS PRIVATE LIMITED has accepted!",,employment,/dashboard/user/employment,profile,0,,0,2026-07-13 16:30:21,2026-07-13 16:30:21
16355,39256,39001,"Vivek Kumar Yadav, your experience as Relationship officer at SP HUMANS PRIVATE LIMITED has accepted!",,employment,/dashboard/user/employment,profile,0,,0,2026-07-13 16:30:32,2026-07-13 16:30:32
16356,39001,39256,Vivek Kumar Yadav has sent an approval for the experience,,,/dashboard/company/employments,cmp-emp-req-pending,0,,0,2026-07-13 16:30:33,2026-07-13 16:30:33
16357,39001,39256,"Hi SP HUMANS PRIVATE LIMITED, you have received a request to verify your company domain.",,,/dashboard/company/my-domains,company-my-domains,0,,0,2026-07-13 16:43:47,2026-07-13 16:43:47
16358,40290,34087,Yash Sharma followed you!,,,/dashboard/company/connections,follow-request-company,0,,0,2026-07-13 16:47:02,2026-07-13 16:47:02
16359,40290,120,Yash Sharma followed you!,,,/dashboard/company/connections,follow-request-company,0,,0,2026-07-13 16:47:18,2026-07-13 16:47:18
16360,39001,39256,"Hi SP HUMANS PRIVATE LIMITED, you have received a request to verify user employment.",,,/dashboard/company/employments,cmp-emp-req-pending,0,,0,2026-07-13 16:47:25,2026-07-13 16:47:25
16361,19,39256,Rakesh Maurya has sent an approval for the experience,,,/dashboard/company/employments,cmp-emp-req-pending,0,,0,2026-07-13 16:56:02,2026-07-13 16:56:02
16362,19,39256,"Hi SP HUMANS PRIVATE LIMITED, you have received a request to verify your company domain.",,,/dashboard/company/my-domains,company-my-domains,0,,0,2026-07-13 17:08:36,2026-07-13 17:08:36
16363,40265,40290,"khushboo kumari, has declined your follow request",,,/employee/khushboo-kumari-cce205890,user-profile,0,khushboo-kumari-cce205890,0,2026-07-13 17:31:31,2026-07-13 17:31:31
16364,40265,40290,khushboo kumari Request to follow you!,,,/dashboard/user/requests?tab=follow,follow-request-user,0,,0,2026-07-13 17:31:41,2026-07-13 17:31:41
16365,40265,40290,khushboo kumari Request to follow you!,,,/dashboard/user/requests?tab=follow,follow-request-user,0,,0,2026-07-13 17:49:28,2026-07-13 17:49:28
16366,40265,134,khushboo kumari Request to follow you!,,,/dashboard/user/requests?tab=follow,follow-request-user,0,,0,2026-07-13 17:50:49,2026-07-13 17:50:49
16367,40265,39256,khushboo kumari followed you!,,,/dashboard/company/connections,follow-request-company,0,,0,2026-07-13 17:53:37,2026-07-13 17:53:37
16368,40265,39256,khushboo kumari followed you!,,,/dashboard/company/connections,follow-request-company,0,,0,2026-07-13 17:55:08,2026-07-13 17:55:08
16369,40265,39256,khushboo kumari followed you!,,,/dashboard/company/connections,follow-request-company,0,,0,2026-07-13 17:57:27,2026-07-13 17:57:27
