id,user_id,review_id,experience_id,skill_id,rating,show_home,status,is_deleted,create_date,modify_date
6,5014,225,3495,19028,4,0,1,0,2026-03-21 12:02:49,2026-06-09 11:57:41
7,5014,225,3495,11865,7,0,1,0,2026-03-21 12:02:49,2026-03-21 13:24:14
9,5014,225,3495,19031,2,0,1,0,2026-03-21 12:54:16,2026-03-21 12:54:16
20,5014,231,3600,19018,4,0,1,0,2026-03-21 18:39:07,2026-03-21 18:57:10
21,5014,231,3600,11864,7,0,1,0,2026-03-21 18:39:07,2026-03-21 18:57:10
22,5014,232,3605,19018,4,0,1,0,2026-03-23 10:25:23,2026-03-23 10:25:23
23,5014,232,3605,19031,3,0,1,0,2026-03-23 10:25:23,2026-03-23 10:25:23
24,5014,233,3605,19029,5,0,1,0,2026-03-23 10:44:28,2026-03-23 10:44:28
25,5014,233,3605,19028,3,0,1,0,2026-03-23 10:44:28,2026-03-23 10:44:28
28,19,234,3642,19029,4,0,1,0,2026-03-24 11:38:38,2026-03-24 11:38:38
29,19,234,3642,19028,3,0,1,0,2026-03-24 11:38:38,2026-03-24 11:38:38
30,5014,241,3495,11862,7,0,1,0,2026-03-21 12:02:49,2026-06-09 11:57:41
31,5014,241,3495,19031,2,0,1,0,2026-03-21 12:54:16,2026-03-21 12:54:16
32,18,242,63,20,4,0,1,0,2026-03-24 18:35:56,2026-03-24 18:35:56
33,18,242,63,27,3,0,1,0,2026-03-24 18:35:56,2026-03-24 18:35:56
34,18,242,63,26,5,0,1,0,2026-03-24 18:35:56,2026-03-24 18:35:56
35,18,243,63,22,4,0,1,0,2026-03-24 18:42:58,2026-03-24 18:42:58
36,18,243,63,27,3,0,1,0,2026-03-24 18:42:58,2026-03-24 18:42:58
37,18,243,63,26,5,0,1,0,2026-03-24 18:42:58,2026-03-24 18:42:58
40,5014,280,3495,27,5,0,1,0,2026-03-26 13:40:32,2026-03-26 13:44:52
41,5014,280,3495,20,6,0,1,0,2026-03-26 13:40:32,2026-03-26 13:44:52
42,18,283,63,19029,5,0,1,0,2026-03-26 16:11:57,2026-06-09 12:06:56
43,18,283,63,19041,4,0,1,0,2026-03-26 16:11:57,2026-06-09 12:06:56
44,18,284,938,19022,4,0,1,0,2026-03-26 16:13:26,2026-03-26 16:13:26
45,18,284,938,19018,3,0,1,0,2026-03-26 16:13:26,2026-03-26 16:13:26
46,18,285,938,26,5,0,1,0,2026-03-26 16:14:31,2026-05-22 15:19:08
47,18,285,938,19018,3,0,1,0,2026-03-26 16:14:31,2026-05-22 15:19:09
48,18,286,938,20,5,0,1,0,2026-03-26 16:14:59,2026-05-22 15:02:25
49,18,286,938,19023,3,0,1,0,2026-03-26 16:14:59,2026-05-22 15:02:25
50,5014,288,3495,26,5,0,1,0,2026-03-26 16:45:42,2026-03-26 16:45:42
51,5014,288,3495,19023,3,0,1,0,2026-03-26 16:45:42,2026-03-26 16:45:42
52,5014,289,3495,26,5,0,1,0,2026-03-26 16:46:19,2026-03-26 16:46:19
53,5014,289,3495,19023,3,0,1,0,2026-03-26 16:46:19,2026-03-26 16:46:19
54,39314,296,3841,19043,1,0,1,0,2026-03-30 15:41:42,2026-03-30 15:41:42
55,39314,296,3841,19044,2,0,1,0,2026-03-30 15:41:42,2026-03-30 15:41:42
56,313,297,,19045,0,0,1,0,2026-03-30 15:42:07,2026-03-30 15:42:07
57,313,297,,19046,0,0,1,0,2026-03-30 15:42:07,2026-03-30 15:42:07
58,313,297,,19047,0,0,1,0,2026-03-30 15:42:07,2026-03-30 15:42:07
59,5014,233,,19028,3,0,1,0,2026-03-31 11:04:13,2026-03-31 11:04:13
60,5014,233,,19029,5,0,1,0,2026-03-31 11:04:13,2026-03-31 11:04:13
61,5014,233,,12318,0,0,1,0,2026-03-31 11:04:13,2026-03-31 11:04:13
62,5014,232,,19018,4,0,1,0,2026-03-31 11:05:19,2026-03-31 11:07:19
63,5014,232,,19031,3,0,1,0,2026-03-31 11:05:19,2026-03-31 11:07:19
64,5014,232,,19048,4,0,1,0,2026-03-31 11:05:20,2026-03-31 11:05:23
65,5014,299,3495,26,5,0,1,0,2026-03-31 11:05:30,2026-03-31 11:05:30
66,5014,299,3495,19023,3,0,1,0,2026-03-31 11:05:30,2026-03-31 11:05:30
67,5014,300,,19049,0,0,1,0,2026-03-31 11:05:35,2026-03-31 11:05:35
68,5014,301,,19049,3,0,1,0,2026-03-31 11:05:39,2026-03-31 11:05:39
69,5014,216,637,19050,2,0,1,0,2026-03-31 11:15:02,2026-03-31 11:15:02
70,5014,216,637,19051,4,0,1,0,2026-03-31 11:15:02,2026-03-31 11:15:02
71,5014,302,3882,13071,1,0,1,0,2026-03-31 11:19:27,2026-03-31 11:19:27
72,5014,302,3882,12132,4,0,1,0,2026-03-31 11:19:27,2026-03-31 11:19:27
73,5014,303,3882,13071,1,0,1,0,2026-03-31 11:20:29,2026-03-31 11:20:29
74,5014,303,3882,12132,3,0,1,0,2026-03-31 11:20:29,2026-03-31 11:20:29
75,5014,304,3882,13071,1,0,1,0,2026-03-31 11:22:41,2026-03-31 11:22:41
76,5014,304,3882,12132,2,0,1,0,2026-03-31 11:22:41,2026-03-31 11:22:41
77,5014,306,3880,26,5,0,1,0,2026-03-31 11:28:19,2026-03-31 11:28:19
78,5014,306,3880,19023,3,0,1,0,2026-03-31 11:28:19,2026-03-31 11:28:19
79,5014,307,3880,26,5,0,1,0,2026-03-31 11:29:58,2026-03-31 11:29:58
80,5014,307,3880,19023,3,0,1,0,2026-03-31 11:29:58,2026-03-31 11:29:58
81,5014,309,3882,13071,1,0,1,0,2026-03-31 11:32:00,2026-03-31 11:32:00
82,5014,309,3882,19053,2,0,1,0,2026-03-31 11:32:00,2026-03-31 11:32:00
83,5014,310,3882,12861,2,0,1,0,2026-03-31 11:32:32,2026-03-31 11:43:45
84,5014,310,3882,19054,3,0,1,0,2026-03-31 11:32:32,2026-03-31 11:43:45
85,5014,311,3880,26,5,0,1,0,2026-03-31 11:38:03,2026-03-31 11:38:03
86,5014,311,3880,19023,3,0,1,0,2026-03-31 11:38:03,2026-03-31 11:38:03
87,5014,312,3880,26,5,0,1,0,2026-03-31 11:42:13,2026-03-31 11:42:13
88,5014,312,3880,19023,3,0,1,0,2026-03-31 11:42:13,2026-03-31 11:42:13
89,5014,313,3880,26,5,0,1,0,2026-03-31 11:42:37,2026-04-20 11:11:07
90,5014,313,3880,19023,3,0,1,0,2026-03-31 11:42:37,2026-04-20 11:11:07
91,5014,314,3882,13071,2,0,1,0,2026-03-31 11:42:54,2026-06-09 11:57:41
92,5014,314,3882,12132,3,0,1,0,2026-03-31 11:42:54,2026-03-31 11:42:54
93,5014,310,3882,16105,3,0,1,0,2026-03-31 11:43:45,2026-03-31 11:43:45
94,5014,315,3880,26,5,0,1,0,2026-03-31 11:44:05,2026-04-02 16:03:01
95,5014,315,3880,19023,3,0,1,0,2026-03-31 11:44:05,2026-04-02 16:03:01
96,5014,316,3880,26,5,0,1,0,2026-03-31 11:44:44,2026-04-02 16:01:20
97,5014,316,3880,16190,5,0,1,0,2026-03-31 11:44:44,2026-04-02 16:01:20
98,5014,317,3882,12132,2,0,1,0,2026-03-31 13:18:30,2026-03-31 13:27:39
99,5014,317,3882,13071,1,0,1,0,2026-03-31 13:18:30,2026-03-31 13:27:39
100,5014,318,3882,12861,2,0,1,0,2026-04-01 12:55:53,2026-04-01 13:25:48
101,5014,318,3882,13071,1,0,1,0,2026-04-01 12:55:53,2026-04-01 13:25:48
102,5014,319,3882,19059,1,0,1,0,2026-04-01 14:56:05,2026-04-01 14:56:05
103,5014,319,3882,19053,2,0,1,0,2026-04-01 14:56:05,2026-04-01 14:56:05
104,5014,320,3882,19059,1,0,1,0,2026-04-01 15:09:44,2026-04-01 15:09:44
105,5014,320,3882,19053,2,0,1,0,2026-04-01 15:09:44,2026-04-01 15:09:44
106,5014,321,3882,26,5,0,1,0,2026-04-01 15:46:51,2026-04-01 16:20:06
107,5014,321,3882,26,3,0,1,0,2026-04-01 15:46:51,2026-04-01 16:20:06
108,5014,321,3882,19023,3,0,1,0,2026-04-01 15:46:51,2026-04-01 16:20:06
112,5014,321,3882,19060,5,0,1,0,2026-04-01 16:20:06,2026-04-01 16:20:06
113,5014,322,3882,12132,2,0,1,0,2026-04-01 16:21:52,2026-04-02 11:35:28
119,5014,317,3882,12132,2,0,1,0,2026-04-01 18:39:43,2026-04-01 18:39:43
120,5014,317,3882,13071,1,0,1,0,2026-04-01 18:39:43,2026-04-01 18:39:43
121,5014,317,3882,16105,5,0,1,0,2026-04-01 18:39:43,2026-04-01 18:39:43
122,5014,309,3882,10414,5,0,1,0,2026-04-01 18:40:19,2026-04-01 18:44:50
123,5014,309,3882,13071,1,0,1,0,2026-04-01 18:40:19,2026-04-01 18:44:50
124,5014,309,3882,13071,1,0,1,0,2026-04-01 18:40:19,2026-04-01 18:44:50
125,5014,309,3882,13071,1,0,1,0,2026-04-01 18:44:15,2026-04-01 18:44:51
126,5014,309,3882,19053,2,0,1,0,2026-04-01 18:44:15,2026-04-01 18:44:51
127,5014,309,3882,19053,2,0,1,0,2026-04-01 18:44:51,2026-04-01 18:44:51
128,5014,309,3882,19053,2,0,1,0,2026-04-01 18:44:51,2026-04-01 18:44:51
129,5014,310,3882,12861,2,0,1,0,2026-04-01 18:45:15,2026-04-01 18:46:01
130,5014,310,3882,12861,2,0,1,0,2026-04-01 18:45:15,2026-04-01 18:46:01
131,5014,310,3882,16105,3,0,1,0,2026-04-01 18:45:15,2026-04-01 18:46:01
132,5014,310,3882,16105,3,0,1,0,2026-04-01 18:45:15,2026-04-01 18:46:01
133,5014,310,3882,19054,3,0,1,0,2026-04-01 18:46:01,2026-04-01 18:46:01
134,5014,310,3882,19054,5,0,1,0,2026-04-01 18:46:01,2026-04-01 18:46:01
135,5014,310,3882,19060,5,0,1,0,2026-04-01 18:46:01,2026-04-01 18:46:01
137,5014,322,3882,13071,1,0,1,0,2026-04-01 18:49:58,2026-04-02 11:35:28
138,5014,323,3882,13071,1,0,1,0,2026-04-01 18:53:16,2026-04-01 18:53:16
139,5014,323,3882,12132,2,0,1,0,2026-04-01 18:53:16,2026-04-01 18:53:16
140,5014,323,3882,12132,2,0,1,0,2026-04-01 18:53:44,2026-04-01 18:54:57
141,5014,323,3882,12132,2,0,1,0,2026-04-01 18:53:44,2026-04-01 18:54:57
142,5014,323,3882,12861,3,0,1,0,2026-04-01 18:53:44,2026-04-01 18:54:57
143,5014,322,3882,12861,3,0,1,0,2026-04-01 18:54:09,2026-04-02 11:35:28
144,5014,322,3882,21,5,0,1,0,2026-04-01 18:54:09,2026-04-02 11:35:28
145,5014,322,3882,19061,4,0,1,0,2026-04-01 18:54:09,2026-04-01 18:54:09
146,5014,323,3882,13071,1,0,1,0,2026-04-01 18:54:57,2026-04-01 18:54:57
147,5014,323,3882,13071,1,0,1,0,2026-04-01 18:54:57,2026-04-01 18:54:57
151,639,319,3882,19053,6,0,1,0,2026-04-02 15:05:37,2026-04-02 15:11:35
152,639,319,3882,19059,1,0,1,0,2026-04-02 15:05:37,2026-04-02 15:11:35
153,639,319,3882,19060,3,0,1,0,2026-04-02 15:05:37,2026-04-02 15:11:35
154,639,319,3882,19064,5,0,1,0,2026-04-02 15:10:46,2026-04-02 15:11:35
155,639,318,3882,12861,2,0,1,0,2026-04-02 15:22:28,2026-04-02 15:22:28
156,639,318,3882,13071,1,0,1,0,2026-04-02 15:22:28,2026-04-02 15:22:28
157,639,318,3882,19054,4,0,1,0,2026-04-02 15:22:28,2026-04-02 15:22:28
158,5014,336,3880,19049,4,0,1,0,2026-04-02 15:25:51,2026-04-02 16:01:52
159,5014,336,3880,19065,4,0,1,0,2026-04-02 15:25:51,2026-04-02 16:01:52
160,5014,336,3880,19067,2,0,1,0,2026-04-02 15:46:17,2026-04-02 15:46:17
161,5014,336,3880,19068,5,0,1,0,2026-04-02 15:46:17,2026-04-02 15:46:17
162,5014,316,3880,16190,5,0,1,0,2026-04-02 15:49:49,2026-04-02 15:49:49
163,5014,316,3880,19023,3,0,1,0,2026-04-02 16:01:20,2026-04-02 16:01:20
164,5014,316,3880,19049,4,0,1,0,2026-04-02 16:01:20,2026-04-02 16:01:20
165,5014,336,3880,19067,2,0,1,0,2026-04-02 16:01:52,2026-04-02 16:01:52
166,5014,336,3880,19068,5,0,1,0,2026-04-02 16:01:52,2026-04-02 16:01:52
167,5014,336,3880,15152,5,0,1,0,2026-04-02 16:01:52,2026-04-02 16:01:52
168,5014,315,3880,19069,5,0,1,0,2026-04-02 16:03:01,2026-04-02 16:03:01
169,5014,338,3880,16190,2,0,1,0,2026-04-02 16:04:33,2026-04-02 16:05:02
170,5014,338,3880,19067,1,0,1,0,2026-04-02 16:04:33,2026-04-02 16:05:02
171,5014,338,3880,19065,5,0,1,0,2026-04-02 16:05:02,2026-04-02 16:05:02
172,5014,339,3880,2438,3,0,1,0,2026-04-02 18:04:25,2026-04-02 18:05:45
173,5014,339,3880,16190,4,0,1,0,2026-04-02 18:04:25,2026-04-02 18:05:45
174,5014,339,3880,19068,5,0,1,0,2026-04-02 18:04:25,2026-04-02 18:05:45
175,5014,339,3880,19067,2,0,1,0,2026-04-02 18:04:25,2026-04-02 18:05:45
176,5014,230,4448,19070,4,0,1,0,2026-04-04 11:37:22,2026-06-09 11:57:41
177,5014,230,4448,19071,3,0,1,0,2026-04-04 11:37:22,2026-06-09 11:57:41
178,5014,343,3570,19049,0,0,1,0,2026-04-06 11:53:21,2026-04-06 11:53:21
179,5014,343,3570,16190,0,0,1,0,2026-04-06 11:53:21,2026-04-06 11:53:21
180,5014,344,3570,19068,1,0,1,0,2026-04-06 12:00:23,2026-04-06 12:00:23
181,5014,345,3570,19049,2,0,1,0,2026-04-06 12:01:52,2026-04-06 12:01:52
182,18,347,4441,12586,5,0,1,0,2026-04-07 12:22:06,2026-06-09 11:57:41
183,18,347,4441,15157,4,0,1,0,2026-04-07 12:22:06,2026-06-09 11:57:41
184,18,347,4441,17889,4,0,1,0,2026-04-07 12:22:06,2026-06-09 11:57:41
185,18,347,4441,19072,4,0,1,0,2026-04-07 12:22:06,2026-04-15 17:13:48
186,18,347,4441,19073,3,0,1,0,2026-04-07 12:22:06,2026-04-15 17:13:49
187,18,347,4441,19074,5,0,1,0,2026-04-07 12:22:06,2026-04-15 17:13:49
188,18,347,4441,19075,3,0,1,0,2026-04-07 12:22:06,2026-04-15 17:13:50
189,639,354,3695,19103,5,0,1,0,2026-04-10 11:29:15,2026-04-10 12:19:39
190,639,354,3695,19102,5,0,1,0,2026-04-10 11:32:25,2026-04-10 11:32:25
191,639,354,3695,19103,5,0,1,0,2026-04-10 11:32:25,2026-04-10 11:32:25
192,5014,355,3882,26,2,0,1,0,2026-04-10 12:03:15,2026-04-10 12:03:15
193,5014,355,3882,19023,3,0,1,0,2026-04-10 12:03:15,2026-04-10 12:03:15
194,5014,355,3882,26,4,0,1,0,2026-04-10 12:03:15,2026-04-10 12:03:15
195,5014,356,3882,26,2,0,1,0,2026-04-10 12:05:27,2026-04-10 12:05:27
196,5014,356,3882,19023,3,0,1,0,2026-04-10 12:05:27,2026-04-10 12:05:27
197,5014,356,3882,26,2,0,1,0,2026-04-10 12:05:27,2026-04-10 12:05:27
198,5014,357,637,26,4,0,1,0,2026-04-10 12:09:07,2026-04-10 12:09:07
199,5014,357,637,19023,3,0,1,0,2026-04-10 12:09:07,2026-04-10 12:09:07
200,5014,357,637,26,3,0,1,0,2026-04-10 12:09:07,2026-04-10 12:09:07
201,639,358,3695,19102,1,0,1,0,2026-04-10 12:10:16,2026-04-10 12:14:50
202,639,358,3695,19106,2,0,1,0,2026-04-10 12:10:16,2026-04-10 12:14:50
203,5014,359,637,26,2,0,1,0,2026-04-10 12:10:30,2026-04-10 12:10:30
204,5014,359,637,19023,3,0,1,0,2026-04-10 12:10:30,2026-04-10 12:10:30
205,5014,360,637,26,3,0,1,0,2026-04-10 12:11:38,2026-04-10 12:11:38
206,5014,360,637,19023,3,0,1,0,2026-04-10 12:11:38,2026-04-10 12:11:38
207,5014,363,637,11855,4,0,1,0,2026-04-10 12:18:27,2026-04-20 11:06:39
208,5014,363,637,19146,4,0,1,0,2026-04-10 12:18:27,2026-04-20 11:06:39
209,639,354,3695,19097,1,0,1,0,2026-04-10 12:19:39,2026-04-10 12:19:39
210,639,354,3695,19102,5,0,1,0,2026-04-10 12:19:39,2026-04-10 12:19:39
211,639,364,3695,19106,0,0,1,0,2026-04-10 12:35:24,2026-04-10 12:36:07
212,639,366,3695,19102,2,0,1,0,2026-04-10 12:36:24,2026-04-10 12:37:15
213,639,366,3695,19103,3,0,1,0,2026-04-10 12:36:24,2026-04-10 12:37:15
214,639,366,3695,19106,1,0,1,0,2026-04-10 12:36:24,2026-04-10 12:37:15
221,5014,372,3814,19106,5,0,1,0,2026-04-10 13:03:31,2026-06-09 11:57:41
222,5014,372,3814,19097,4,0,1,0,2026-04-10 13:03:31,2026-04-10 13:12:29
229,639,365,3695,19106,5,0,1,0,2026-04-10 15:30:50,2026-04-10 15:30:50
230,639,365,3695,19097,4,0,1,0,2026-04-10 15:30:50,2026-04-10 15:30:50
231,639,374,3695,19106,5,0,1,0,2026-04-10 15:31:39,2026-04-10 15:31:39
232,639,374,3695,19097,4,0,1,0,2026-04-10 15:31:39,2026-04-10 15:31:39
233,639,375,3695,19106,5,0,1,0,2026-04-10 15:32:44,2026-04-10 15:32:44
234,639,375,3695,19097,3,0,1,0,2026-04-10 15:32:44,2026-04-10 15:32:44
235,639,376,3695,19107,1,0,1,0,2026-04-10 16:00:15,2026-06-09 11:57:41
236,639,376,3695,19108,2,0,1,0,2026-04-10 16:00:15,2026-06-09 11:57:41
237,639,378,3695,19050,1,0,1,0,2026-04-10 17:07:31,2026-04-10 17:08:17
238,639,378,3695,19102,5,0,1,0,2026-04-10 17:08:17,2026-04-10 17:08:17
239,639,379,3695,19097,3,0,1,0,2026-04-11 10:51:37,2026-04-11 10:51:37
240,639,379,3695,19050,5,0,1,0,2026-04-11 10:51:37,2026-04-11 10:51:37
241,639,380,3695,19114,5,0,1,0,2026-04-11 10:52:17,2026-04-11 10:52:17
242,639,380,3695,19103,5,0,1,0,2026-04-11 10:52:17,2026-04-11 10:52:17
243,639,380,3695,19115,5,0,1,0,2026-04-11 10:52:17,2026-04-11 10:52:17
244,639,381,3695,19108,5,0,1,0,2026-04-11 10:58:17,2026-04-11 10:58:42
245,639,377,3695,19108,4,0,1,0,2026-04-11 11:00:35,2026-06-09 11:57:41
246,5014,382,4448,19071,3,0,1,0,2026-04-04 11:37:22,2026-04-20 10:47:36
247,5014,382,4448,19106,2,0,1,0,2026-04-04 11:37:22,2026-04-20 10:47:36
248,5014,230,4448,19106,5,0,1,0,2026-04-13 11:37:22,2026-04-13 11:37:22
249,5014,230,4448,26,5,0,1,0,2026-04-13 11:37:22,2026-04-13 11:37:22
250,639,384,4514,19118,1,0,1,0,2026-04-13 12:41:59,2026-05-01 15:30:06
251,639,384,4514,19120,5,0,1,0,2026-04-13 12:41:59,2026-05-01 15:30:06
252,639,386,4514,19120,3,0,1,0,2026-04-13 14:52:29,2026-06-09 11:57:41
253,639,387,4514,19118,3,0,1,0,2026-04-14 11:50:30,2026-04-21 17:52:34
254,5014,388,3495,19028,4,0,1,0,2026-03-21 12:02:49,2026-03-21 13:24:14
255,5014,388,3495,11865,7,0,1,0,2026-03-21 12:02:49,2026-03-21 13:24:14
256,40021,389,4472,8191,2,0,1,0,2026-04-16 12:50:03,2026-04-16 12:50:03
257,38872,390,4501,19133,3,0,1,0,2026-04-16 13:30:34,2026-06-11 16:33:46
258,38872,390,4501,19071,2,0,1,0,2026-04-16 13:30:34,2026-06-11 16:33:46
259,38872,391,3705,19069,3,0,1,0,2026-04-16 13:36:12,2026-05-01 15:37:23
260,38872,391,3705,19134,4,0,1,0,2026-04-16 13:36:12,2026-05-01 15:37:23
261,38872,391,3705,19135,5,0,1,0,2026-04-16 13:36:12,2026-05-01 15:37:23
262,18,392,4441,12586,5,0,1,0,2026-04-16 16:02:23,2026-04-16 16:03:29
263,18,392,4441,19074,5,0,1,0,2026-04-16 16:02:23,2026-04-16 16:03:29
264,38860,403,4521,8191,4,0,1,0,2026-04-17 17:33:18,2026-04-17 17:33:18
265,38860,403,4521,13709,4,0,1,0,2026-04-17 17:33:19,2026-04-17 17:33:19
266,38860,403,4521,19141,4,0,1,0,2026-04-17 17:33:19,2026-04-17 17:33:19
267,38860,404,4521,8191,4,0,1,0,2026-04-17 17:33:47,2026-06-09 11:57:41
268,38860,404,4521,13709,4,0,1,0,2026-04-17 17:33:47,2026-06-09 11:57:41
269,38860,404,4521,19141,4,0,1,0,2026-04-17 17:33:47,2026-06-09 11:57:41
270,38860,405,4521,19142,4,0,1,0,2026-04-17 17:36:11,2026-04-17 17:41:37
271,38860,405,4521,19143,0,0,1,0,2026-04-17 17:36:11,2026-04-17 17:36:11
272,38860,405,4521,19144,0,0,1,0,2026-04-17 17:36:11,2026-04-17 17:36:11
273,38860,406,4521,19141,4,0,1,0,2026-04-17 17:36:54,2026-06-09 11:57:41
274,38860,406,4521,19142,4,0,1,0,2026-04-17 17:36:54,2026-04-17 17:37:16
275,38860,406,4521,19143,4,0,1,0,2026-04-17 17:36:55,2026-04-17 17:37:16
276,38860,407,4521,9395,5,0,1,0,2026-04-17 17:40:05,2026-04-17 17:40:05
277,38860,407,4521,17589,4,0,1,0,2026-04-17 17:40:05,2026-04-17 17:40:05
278,38860,407,4521,17389,4,0,1,0,2026-04-17 17:40:05,2026-04-17 17:40:05
279,38860,407,4521,8191,4,0,1,0,2026-04-17 17:40:05,2026-04-17 17:40:05
280,5014,382,4448,19145,4,0,1,0,2026-04-20 10:47:36,2026-04-20 10:47:36
281,5014,313,3880,19068,4,0,1,0,2026-04-20 11:02:18,2026-04-20 11:11:07
282,5014,363,637,19070,4,0,1,0,2026-04-20 11:06:39,2026-04-20 11:06:39
283,5014,363,637,19147,3,0,1,0,2026-04-20 11:06:39,2026-04-20 11:06:39
284,5014,363,637,8696,4,0,1,0,2026-04-20 11:06:39,2026-04-20 11:06:39
285,5014,363,637,19148,4,0,1,0,2026-04-20 11:06:39,2026-04-20 11:06:39
286,5014,408,3880,11855,5,0,1,0,2026-04-20 11:08:26,2026-06-09 11:57:41
287,5014,408,3880,15152,4,0,1,0,2026-04-20 11:08:26,2026-06-09 11:57:41
288,38860,409,4521,19143,4,0,1,0,2026-04-20 11:21:24,2026-04-20 11:21:24
289,38860,409,4521,19142,4,0,1,0,2026-04-20 11:21:24,2026-04-20 11:21:24
290,38860,409,4521,19149,4,0,1,0,2026-04-20 11:21:24,2026-04-20 11:21:24
291,40071,410,4534,19153,4,0,1,0,2026-04-21 15:30:26,2026-04-21 15:30:26
292,40071,410,4534,19154,3,0,1,0,2026-04-21 15:30:26,2026-04-21 15:30:26
293,40071,410,4534,19155,4,0,1,0,2026-04-21 15:30:26,2026-04-21 15:30:26
294,5014,411,4448,19145,2,0,1,0,2026-04-21 17:47:57,2026-04-21 17:47:57
295,5014,411,4448,19156,3,0,1,0,2026-04-21 17:47:57,2026-04-21 17:47:57
296,639,387,4514,19102,3,0,1,0,2026-04-21 17:52:34,2026-04-21 17:52:34
297,639,387,4514,19157,2,0,1,0,2026-04-21 17:52:34,2026-04-21 17:52:34
298,5014,290,3833,16190,3,0,1,0,2026-04-21 18:02:47,2026-04-21 18:02:47
299,5014,290,3833,12863,2,0,1,0,2026-04-21 18:02:47,2026-04-21 18:02:47
300,5014,412,3814,19102,2,0,1,0,2026-04-21 18:03:46,2026-04-21 18:03:46
301,5014,412,3814,19161,3,0,1,0,2026-04-21 18:03:46,2026-04-21 18:03:46
302,38860,353,3704,19067,4,0,1,0,2026-04-22 12:00:11,2026-04-22 12:00:11
303,38860,353,3704,19065,4,0,1,0,2026-04-22 12:00:11,2026-04-22 12:00:11
304,38860,353,3704,19068,4,0,1,0,2026-04-22 12:00:11,2026-04-22 12:00:11
305,39335,414,4508,19118,1,0,1,0,2026-04-22 12:29:00,2026-04-22 12:29:00
306,39335,414,4508,19114,2,0,1,0,2026-04-22 12:29:00,2026-04-22 12:29:00
307,39335,414,4508,19106,2,0,1,0,2026-04-22 12:29:00,2026-04-22 12:29:00
308,39335,414,4508,19157,1,0,1,0,2026-04-22 12:29:00,2026-04-22 12:29:00
309,39335,416,4508,19162,0,0,1,0,2026-04-22 13:13:09,2026-04-22 13:13:09
310,39335,416,4508,19163,0,0,1,0,2026-04-22 13:13:09,2026-04-22 13:13:09
311,39335,416,4508,19164,0,0,1,0,2026-04-22 13:13:09,2026-04-22 13:13:09
312,19,1,1,17777,5,0,1,0,2026-04-22 17:22:52,2026-06-09 11:57:41
313,19,1,1,15148,5,0,1,0,2026-04-22 17:22:52,2026-06-09 11:57:41
314,19,1,1,12284,5,0,1,0,2026-04-22 17:22:52,2026-06-09 11:57:41
315,19,1,1,15429,5,0,1,0,2026-04-22 17:22:52,2026-06-09 11:57:41
316,49,3,34,17777,4,0,1,0,2026-04-22 17:22:52,2026-06-09 11:57:41
317,49,3,34,15148,4,0,1,0,2026-04-22 17:22:52,2026-06-09 11:57:41
318,49,3,34,12284,4,0,1,0,2026-04-22 17:22:52,2026-06-09 11:57:41
319,49,3,34,15429,4,0,1,0,2026-04-22 17:22:52,2026-06-09 11:57:41
320,19,7,1,17777,5,0,1,0,2026-04-22 17:22:52,2026-06-09 11:57:41
321,19,7,1,15148,5,0,1,0,2026-04-22 17:22:52,2026-06-09 11:57:41
322,19,7,1,12284,5,0,1,0,2026-04-22 17:22:52,2026-06-09 11:57:41
323,19,7,1,15429,5,0,1,0,2026-04-22 17:22:52,2026-06-09 11:57:41
324,25,9,46,17777,5,0,1,0,2026-04-22 17:22:52,2026-06-09 11:57:41
325,25,9,46,15148,5,0,1,0,2026-04-22 17:22:52,2026-06-09 11:57:41
326,25,9,46,12284,5,0,1,0,2026-04-22 17:22:52,2026-06-09 11:57:41
327,25,9,46,15429,5,0,1,0,2026-04-22 17:22:52,2026-06-09 11:57:41
328,49,10,34,17777,5,0,1,0,2026-04-22 17:22:52,2026-06-09 11:57:41
329,49,10,34,15148,5,0,1,0,2026-04-22 17:22:52,2026-06-09 11:57:41
330,49,10,34,12284,5,0,1,0,2026-04-22 17:22:52,2026-06-09 11:57:41
331,49,10,34,15429,5,0,1,0,2026-04-22 17:22:52,2026-06-09 11:57:41
332,49,11,34,17777,5,0,1,0,2026-04-22 17:22:52,2026-06-09 11:57:41
333,49,11,34,15148,5,0,1,0,2026-04-22 17:22:52,2026-06-09 11:57:41
334,49,11,34,12284,5,0,1,0,2026-04-22 17:22:52,2026-06-09 11:57:41
335,49,11,34,15429,5,0,1,0,2026-04-22 17:22:52,2026-06-09 11:57:41
336,6,15,73,17777,5,0,1,0,2026-04-22 17:22:52,2026-06-09 11:57:41
337,6,15,73,15148,5,0,1,0,2026-04-22 17:22:52,2026-06-09 11:57:41
338,6,15,73,12284,5,0,1,0,2026-04-22 17:22:52,2026-06-09 11:57:41
339,6,15,73,15429,5,0,1,0,2026-04-22 17:22:52,2026-06-09 11:57:41
340,88,27,123,17777,5,0,1,0,2026-04-22 17:22:52,2026-06-09 11:57:41
341,88,27,123,15148,5,0,1,0,2026-04-22 17:22:52,2026-06-09 11:57:41
342,88,27,123,12284,5,0,1,0,2026-04-22 17:22:52,2026-06-09 11:57:41
343,88,27,123,15429,5,0,1,0,2026-04-22 17:22:52,2026-06-09 11:57:41
344,134,31,165,17777,4,0,1,0,2026-04-22 17:22:52,2026-06-09 11:57:41
345,134,31,165,15148,4,0,1,0,2026-04-22 17:22:52,2026-06-09 11:57:41
346,134,31,165,12284,4,0,1,0,2026-04-22 17:22:52,2026-06-09 11:57:41
347,134,31,165,15429,4,0,1,0,2026-04-22 17:22:52,2026-06-09 11:57:41
348,59,32,39,17777,5,0,1,0,2026-04-22 17:22:52,2026-06-09 11:57:41
349,59,32,39,15148,5,0,1,0,2026-04-22 17:22:52,2026-06-09 11:57:41
350,59,32,39,12284,5,0,1,0,2026-04-22 17:22:52,2026-06-09 11:57:41
351,59,32,39,15429,5,0,1,0,2026-04-22 17:22:52,2026-06-09 11:57:41
352,59,33,39,17777,5,0,1,0,2026-04-22 17:22:52,2026-06-09 11:57:41
353,59,33,39,15148,5,0,1,0,2026-04-22 17:22:52,2026-06-09 11:57:41
354,59,33,39,12284,5,0,1,0,2026-04-22 17:22:52,2026-06-09 11:57:41
355,59,33,39,15429,5,0,1,0,2026-04-22 17:22:52,2026-06-09 11:57:41
356,134,39,175,17777,5,0,1,0,2026-04-22 17:22:52,2026-06-09 11:57:41
357,134,39,175,15148,5,0,1,0,2026-04-22 17:22:52,2026-06-09 11:57:41
358,134,39,175,12284,5,0,1,0,2026-04-22 17:22:52,2026-06-09 11:57:41
359,134,39,175,15429,5,0,1,0,2026-04-22 17:22:52,2026-06-09 11:57:41
360,134,40,175,17777,3,0,1,0,2026-04-22 17:22:52,2026-06-09 11:57:41
361,134,40,175,15148,3,0,1,0,2026-04-22 17:22:52,2026-06-09 11:57:41
362,134,40,175,12284,3,0,1,0,2026-04-22 17:22:52,2026-06-09 11:57:41
363,134,40,175,15429,3,0,1,0,2026-04-22 17:22:52,2026-06-09 11:57:41
364,134,41,175,17777,4,0,1,0,2026-04-22 17:22:52,2026-06-09 11:57:41
365,134,41,175,15148,4,0,1,0,2026-04-22 17:22:52,2026-06-09 11:57:41
366,134,41,175,12284,4,0,1,0,2026-04-22 17:22:52,2026-06-09 11:57:41
367,134,41,175,15429,4,0,1,0,2026-04-22 17:22:52,2026-06-09 11:57:41
368,39,42,187,17777,5,0,1,0,2026-04-22 17:22:52,2026-06-09 11:57:41
369,39,42,187,15148,5,0,1,0,2026-04-22 17:22:52,2026-06-09 11:57:41
370,39,42,187,12284,5,0,1,0,2026-04-22 17:22:52,2026-06-09 11:57:41
371,39,42,187,15429,5,0,1,0,2026-04-22 17:22:52,2026-06-09 11:57:41
372,134,43,175,17777,4,0,1,0,2026-04-22 17:22:52,2026-06-09 11:57:41
373,134,43,175,15148,4,0,1,0,2026-04-22 17:22:52,2026-06-09 11:57:41
374,134,43,175,12284,4,0,1,0,2026-04-22 17:22:52,2026-06-09 11:57:41
375,134,43,175,15429,4,0,1,0,2026-04-22 17:22:52,2026-06-09 11:57:41
376,134,44,175,17777,5,0,1,0,2026-04-22 17:22:52,2026-06-09 11:57:41
377,134,44,175,15148,5,0,1,0,2026-04-22 17:22:52,2026-06-09 11:57:41
378,134,44,175,12284,5,0,1,0,2026-04-22 17:22:52,2026-06-09 11:57:41
379,134,44,175,15429,5,0,1,0,2026-04-22 17:22:52,2026-06-09 11:57:41
380,134,45,175,17777,5,0,1,0,2026-04-22 17:22:52,2026-06-09 11:57:41
381,134,45,175,15148,5,0,1,0,2026-04-22 17:22:52,2026-06-09 11:57:41
382,134,45,175,12284,5,0,1,0,2026-04-22 17:22:52,2026-06-09 11:57:41
383,134,45,175,15429,5,0,1,0,2026-04-22 17:22:52,2026-06-09 11:57:41
384,39,46,187,17777,5,0,1,0,2026-04-22 17:22:52,2026-06-09 11:57:41
385,39,46,187,15148,5,0,1,0,2026-04-22 17:22:52,2026-06-09 11:57:41
386,39,46,187,12284,5,0,1,0,2026-04-22 17:22:52,2026-06-09 11:57:41
387,39,46,187,15429,5,0,1,0,2026-04-22 17:22:52,2026-06-09 11:57:41
388,134,48,148,17777,5,0,1,0,2026-04-22 17:22:52,2026-06-09 11:57:41
389,134,48,148,15148,5,0,1,0,2026-04-22 17:22:52,2026-06-09 11:57:41
390,134,48,148,12284,5,0,1,0,2026-04-22 17:22:52,2026-06-09 11:57:41
391,134,48,148,15429,5,0,1,0,2026-04-22 17:22:52,2026-06-09 11:57:41
392,14,49,25,17777,4,0,1,0,2026-04-22 17:22:52,2026-06-09 11:57:41
393,14,49,25,15148,4,0,1,0,2026-04-22 17:22:52,2026-06-09 11:57:41
394,14,49,25,12284,4,0,1,0,2026-04-22 17:22:52,2026-06-09 11:57:41
395,14,49,25,15429,4,0,1,0,2026-04-22 17:22:52,2026-06-09 11:57:41
396,18,50,63,17777,4,0,1,0,2026-04-22 17:22:52,2026-06-09 11:57:41
397,18,50,63,15148,4,0,1,0,2026-04-22 17:22:52,2026-06-09 11:57:41
398,18,50,63,12284,4,0,1,0,2026-04-22 17:22:52,2026-06-09 11:57:41
399,18,50,63,15429,4,0,1,0,2026-04-22 17:22:52,2026-06-09 11:57:41
400,182,51,98,17777,5,0,1,0,2026-04-22 17:22:52,2026-06-09 11:57:41
401,182,51,98,15148,5,0,1,0,2026-04-22 17:22:52,2026-06-09 11:57:41
402,182,51,98,12284,5,0,1,0,2026-04-22 17:22:52,2026-06-09 11:57:41
403,182,51,98,15429,5,0,1,0,2026-04-22 17:22:52,2026-06-09 11:57:41
404,1017,52,197,17777,5,0,1,0,2026-04-22 17:22:52,2026-06-09 11:57:41
405,1017,52,197,15148,5,0,1,0,2026-04-22 17:22:52,2026-06-09 11:57:41
406,1017,52,197,12284,5,0,1,0,2026-04-22 17:22:52,2026-06-09 11:57:41
407,1017,52,197,15429,5,0,1,0,2026-04-22 17:22:52,2026-06-09 11:57:41
408,14,53,25,17777,5,0,1,0,2026-04-22 17:22:52,2026-06-09 11:57:41
409,14,53,25,15148,5,0,1,0,2026-04-22 17:22:52,2026-06-09 11:57:41
410,14,53,25,12284,5,0,1,0,2026-04-22 17:22:52,2026-06-09 11:57:41
411,14,53,25,15429,5,0,1,0,2026-04-22 17:22:52,2026-06-09 11:57:41
412,19,54,2,17777,5,0,1,0,2026-04-22 17:22:52,2026-06-09 11:57:41
413,19,54,2,15148,5,0,1,0,2026-04-22 17:22:52,2026-06-09 11:57:41
414,19,54,2,12284,5,0,1,0,2026-04-22 17:22:52,2026-06-09 11:57:41
415,19,54,2,15429,5,0,1,0,2026-04-22 17:22:52,2026-06-09 11:57:41
416,134,55,175,17777,4,0,1,0,2026-04-22 17:22:52,2026-06-09 11:57:41
417,134,55,175,15148,4,0,1,0,2026-04-22 17:22:52,2026-06-09 11:57:41
418,134,55,175,12284,4,0,1,0,2026-04-22 17:22:52,2026-06-09 11:57:41
419,134,55,175,15429,4,0,1,0,2026-04-22 17:22:52,2026-06-09 11:57:41
420,5014,56,637,17777,4,0,1,0,2026-04-22 17:22:52,2026-06-09 11:57:41
421,5014,56,637,15148,4,0,1,0,2026-04-22 17:22:52,2026-06-09 11:57:41
422,5014,56,637,12284,4,0,1,0,2026-04-22 17:22:52,2026-06-09 11:57:41
423,5014,56,637,15429,4,0,1,0,2026-04-22 17:22:52,2026-06-09 11:57:41
424,134,57,634,17777,5,0,1,0,2026-04-22 17:22:52,2026-06-09 11:57:41
425,134,57,634,15148,5,0,1,0,2026-04-22 17:22:52,2026-06-09 11:57:41
426,134,57,634,12284,5,0,1,0,2026-04-22 17:22:52,2026-06-09 11:57:41
427,134,57,634,15429,5,0,1,0,2026-04-22 17:22:52,2026-06-09 11:57:41
428,134,58,164,17777,4,0,1,0,2026-04-22 17:22:52,2026-06-09 11:57:41
429,134,58,164,15148,4,0,1,0,2026-04-22 17:22:52,2026-06-09 11:57:41
430,134,58,164,12284,4,0,1,0,2026-04-22 17:22:52,2026-06-09 11:57:41
431,134,58,164,15429,4,0,1,0,2026-04-22 17:22:52,2026-06-09 11:57:41
432,182,59,98,17777,5,0,1,0,2026-04-22 17:22:52,2026-06-09 11:57:41
433,182,59,98,15148,5,0,1,0,2026-04-22 17:22:52,2026-06-09 11:57:41
434,182,59,98,12284,5,0,1,0,2026-04-22 17:22:52,2026-06-09 11:57:41
435,182,59,98,15429,5,0,1,0,2026-04-22 17:22:52,2026-06-09 11:57:41
436,7598,61,850,17777,5,0,1,0,2026-04-22 17:22:52,2026-06-09 11:57:41
437,7598,61,850,15148,5,0,1,0,2026-04-22 17:22:52,2026-06-09 11:57:41
438,7598,61,850,12284,5,0,1,0,2026-04-22 17:22:52,2026-06-09 11:57:41
439,7598,61,850,15429,5,0,1,0,2026-04-22 17:22:52,2026-06-09 11:57:41
440,7598,62,850,17777,5,0,1,0,2026-04-22 17:22:52,2026-06-09 11:57:41
441,7598,62,850,15148,5,0,1,0,2026-04-22 17:22:52,2026-06-09 11:57:41
442,7598,62,850,12284,5,0,1,0,2026-04-22 17:22:52,2026-06-09 11:57:41
443,7598,62,850,15429,5,0,1,0,2026-04-22 17:22:52,2026-06-09 11:57:41
444,6,63,885,17777,3,0,1,0,2026-04-22 17:22:52,2026-06-09 11:57:41
445,6,63,885,15148,3,0,1,0,2026-04-22 17:22:52,2026-06-09 11:57:41
446,6,63,885,12284,3,0,1,0,2026-04-22 17:22:52,2026-06-09 11:57:41
447,6,63,885,15429,3,0,1,0,2026-04-22 17:22:52,2026-06-09 11:57:41
448,2670,64,568,17777,3,0,1,0,2026-04-22 17:22:52,2026-06-09 11:57:41
449,2670,64,568,15148,3,0,1,0,2026-04-22 17:22:52,2026-06-09 11:57:41
450,2670,64,568,12284,3,0,1,0,2026-04-22 17:22:52,2026-06-09 11:57:41
451,2670,64,568,15429,3,0,1,0,2026-04-22 17:22:52,2026-06-09 11:57:41
452,134,65,634,17777,5,0,1,0,2026-04-22 17:22:52,2026-06-09 11:57:41
453,134,65,634,15148,5,0,1,0,2026-04-22 17:22:52,2026-06-09 11:57:41
454,134,65,634,12284,5,0,1,0,2026-04-22 17:22:52,2026-06-09 11:57:41
455,134,65,634,15429,5,0,1,0,2026-04-22 17:22:52,2026-06-09 11:57:41
456,5014,66,637,17777,4,0,1,0,2026-04-22 17:22:52,2026-06-09 11:57:41
457,5014,66,637,15148,4,0,1,0,2026-04-22 17:22:52,2026-06-09 11:57:41
458,5014,66,637,12284,4,0,1,0,2026-04-22 17:22:52,2026-06-09 11:57:41
459,5014,66,637,15429,4,0,1,0,2026-04-22 17:22:52,2026-06-09 11:57:41
460,134,68,634,17777,4,0,1,0,2026-04-22 17:22:52,2026-06-09 11:57:41
461,134,68,634,15148,4,0,1,0,2026-04-22 17:22:52,2026-06-09 11:57:41
462,134,68,634,12284,4,0,1,0,2026-04-22 17:22:52,2026-06-09 11:57:41
463,134,68,634,15429,4,0,1,0,2026-04-22 17:22:52,2026-06-09 11:57:41
464,134,69,634,17777,4,0,1,0,2026-04-22 17:22:52,2026-06-09 11:57:41
465,134,69,634,15148,4,0,1,0,2026-04-22 17:22:52,2026-06-09 11:57:41
466,134,69,634,12284,4,0,1,0,2026-04-22 17:22:52,2026-06-09 11:57:41
467,134,69,634,15429,4,0,1,0,2026-04-22 17:22:52,2026-06-09 11:57:41
468,19896,70,1793,17777,5,0,1,0,2026-04-22 17:22:52,2026-06-09 11:57:41
469,19896,70,1793,15148,5,0,1,0,2026-04-22 17:22:52,2026-06-09 11:57:41
470,19896,70,1793,12284,5,0,1,0,2026-04-22 17:22:52,2026-06-09 11:57:41
471,19896,70,1793,15429,5,0,1,0,2026-04-22 17:22:52,2026-06-09 11:57:41
472,19896,71,1793,17777,5,0,1,0,2026-04-22 17:22:52,2026-06-09 11:57:41
473,19896,71,1793,15148,5,0,1,0,2026-04-22 17:22:52,2026-06-09 11:57:41
474,19896,71,1793,12284,5,0,1,0,2026-04-22 17:22:52,2026-06-09 11:57:41
475,19896,71,1793,15429,5,0,1,0,2026-04-22 17:22:52,2026-06-09 11:57:41
476,3225,72,455,17777,5,0,1,0,2026-04-22 17:22:52,2026-06-09 11:57:41
477,3225,72,455,15148,5,0,1,0,2026-04-22 17:22:52,2026-06-09 11:57:41
478,3225,72,455,12284,5,0,1,0,2026-04-22 17:22:52,2026-06-09 11:57:41
479,3225,72,455,15429,5,0,1,0,2026-04-22 17:22:52,2026-06-09 11:57:41
480,134,73,634,17777,4,0,1,0,2026-04-22 17:22:52,2026-06-09 11:57:41
481,134,73,634,15148,4,0,1,0,2026-04-22 17:22:52,2026-06-09 11:57:41
482,134,73,634,12284,4,0,1,0,2026-04-22 17:22:52,2026-06-09 11:57:41
483,134,73,634,15429,4,0,1,0,2026-04-22 17:22:52,2026-06-09 11:57:41
484,2670,75,422,17777,4,0,1,0,2026-04-22 17:22:52,2026-06-09 11:57:41
485,2670,75,422,15148,4,0,1,0,2026-04-22 17:22:52,2026-06-09 11:57:41
486,2670,75,422,12284,4,0,1,0,2026-04-22 17:22:52,2026-06-09 11:57:41
487,2670,75,422,15429,4,0,1,0,2026-04-22 17:22:52,2026-06-09 11:57:41
488,2670,76,422,17777,4,0,1,0,2026-04-22 17:22:52,2026-06-09 11:57:41
489,2670,76,422,15148,4,0,1,0,2026-04-22 17:22:52,2026-06-09 11:57:41
490,2670,76,422,12284,4,0,1,0,2026-04-22 17:22:52,2026-06-09 11:57:41
491,2670,76,422,15429,4,0,1,0,2026-04-22 17:22:52,2026-06-09 11:57:41
492,2670,77,422,17777,4,0,1,0,2026-04-22 17:22:52,2026-06-09 11:57:41
493,2670,77,422,15148,4,0,1,0,2026-04-22 17:22:52,2026-06-09 11:57:41
494,2670,77,422,12284,4,0,1,0,2026-04-22 17:22:52,2026-06-09 11:57:41
495,2670,77,422,15429,4,0,1,0,2026-04-22 17:22:52,2026-06-09 11:57:41
496,2670,78,422,17777,4,0,1,0,2026-04-22 17:22:52,2026-06-09 11:57:41
497,2670,78,422,15148,4,0,1,0,2026-04-22 17:22:52,2026-06-09 11:57:41
498,2670,78,422,12284,4,0,1,0,2026-04-22 17:22:52,2026-06-09 11:57:41
499,2670,78,422,15429,4,0,1,0,2026-04-22 17:22:52,2026-06-09 11:57:41
500,88,79,123,17777,4,0,1,0,2026-04-22 17:22:52,2026-06-09 11:57:41
501,88,79,123,15148,4,0,1,0,2026-04-22 17:22:52,2026-06-09 11:57:41
502,88,79,123,12284,4,0,1,0,2026-04-22 17:22:52,2026-06-09 11:57:41
503,88,79,123,15429,4,0,1,0,2026-04-22 17:22:52,2026-06-09 11:57:41
504,3463,80,483,17777,5,0,1,0,2026-04-22 17:22:52,2026-06-09 11:57:41
505,3463,80,483,15148,5,0,1,0,2026-04-22 17:22:52,2026-06-09 11:57:41
506,3463,80,483,12284,5,0,1,0,2026-04-22 17:22:52,2026-06-09 11:57:41
507,3463,80,483,15429,5,0,1,0,2026-04-22 17:22:52,2026-06-09 11:57:41
508,134,81,2913,17777,4,0,1,0,2026-04-22 17:22:52,2026-06-09 11:57:41
509,134,81,2913,15148,4,0,1,0,2026-04-22 17:22:52,2026-06-09 11:57:41
510,134,81,2913,12284,4,0,1,0,2026-04-22 17:22:52,2026-06-09 11:57:41
511,134,81,2913,15429,4,0,1,0,2026-04-22 17:22:52,2026-06-09 11:57:41
512,3225,82,455,17777,5,0,1,0,2026-04-22 17:22:52,2026-06-09 11:57:41
513,3225,82,455,15148,5,0,1,0,2026-04-22 17:22:52,2026-06-09 11:57:41
514,3225,82,455,12284,5,0,1,0,2026-04-22 17:22:52,2026-06-09 11:57:41
515,3225,82,455,15429,5,0,1,0,2026-04-22 17:22:52,2026-06-09 11:57:41
516,134,83,2912,17777,4,0,1,0,2026-04-22 17:22:52,2026-06-09 11:57:41
517,134,83,2912,15148,4,0,1,0,2026-04-22 17:22:52,2026-06-09 11:57:41
518,134,83,2912,12284,4,0,1,0,2026-04-22 17:22:52,2026-06-09 11:57:41
519,134,83,2912,15429,4,0,1,0,2026-04-22 17:22:52,2026-06-09 11:57:41
520,88,84,123,17777,4,0,1,0,2026-04-22 17:22:52,2026-06-09 11:57:41
521,88,84,123,15148,4,0,1,0,2026-04-22 17:22:52,2026-06-09 11:57:41
522,88,84,123,12284,4,0,1,0,2026-04-22 17:22:52,2026-06-09 11:57:41
523,88,84,123,15429,4,0,1,0,2026-04-22 17:22:52,2026-06-09 11:57:41
524,45,85,11,17777,4,0,1,0,2026-04-22 17:22:52,2026-06-09 11:57:41
525,45,85,11,15148,4,0,1,0,2026-04-22 17:22:52,2026-06-09 11:57:41
526,45,85,11,12284,4,0,1,0,2026-04-22 17:22:52,2026-06-09 11:57:41
527,45,85,11,15429,4,0,1,0,2026-04-22 17:22:52,2026-06-09 11:57:41
528,38829,96,3550,17777,4,0,1,0,2026-04-22 17:22:52,2026-06-09 11:57:41
529,38829,96,3550,15148,4,0,1,0,2026-04-22 17:22:52,2026-06-09 11:57:41
530,38829,96,3550,12284,4,0,1,0,2026-04-22 17:22:52,2026-06-09 11:57:41
531,38829,96,3550,15429,4,0,1,0,2026-04-22 17:22:52,2026-06-09 11:57:41
532,39022,97,3661,17777,5,0,1,0,2026-04-22 17:22:52,2026-06-09 11:57:41
533,39022,97,3661,15148,5,0,1,0,2026-04-22 17:22:52,2026-06-09 11:57:41
534,39022,97,3661,12284,5,0,1,0,2026-04-22 17:22:52,2026-06-09 11:57:41
535,39022,97,3661,15429,5,0,1,0,2026-04-22 17:22:52,2026-06-09 11:57:41
536,39057,98,3682,17777,4,0,1,0,2026-04-22 17:22:52,2026-06-09 11:57:41
537,39057,98,3682,15148,4,0,1,0,2026-04-22 17:22:52,2026-06-09 11:57:41
538,39057,98,3682,12284,4,0,1,0,2026-04-22 17:22:52,2026-06-09 11:57:41
539,39057,98,3682,15429,4,0,1,0,2026-04-22 17:22:52,2026-06-09 11:57:41
540,39057,99,3682,17777,4,0,1,0,2026-04-22 17:22:52,2026-06-09 11:57:41
541,39057,99,3682,15148,4,0,1,0,2026-04-22 17:22:52,2026-06-09 11:57:41
542,39057,99,3682,12284,4,0,1,0,2026-04-22 17:22:52,2026-06-09 11:57:41
543,39057,99,3682,15429,4,0,1,0,2026-04-22 17:22:52,2026-06-09 11:57:41
544,39055,100,3683,17777,4,0,1,0,2026-04-22 17:22:52,2026-06-09 11:57:41
545,39055,100,3683,15148,4,0,1,0,2026-04-22 17:22:52,2026-06-09 11:57:41
546,39055,100,3683,12284,4,0,1,0,2026-04-22 17:22:52,2026-06-09 11:57:41
547,39055,100,3683,15429,4,0,1,0,2026-04-22 17:22:52,2026-06-09 11:57:41
548,38829,102,3690,17777,4,0,1,0,2026-04-22 17:22:52,2026-06-09 11:57:41
549,38829,102,3690,15148,4,0,1,0,2026-04-22 17:22:52,2026-06-09 11:57:41
550,38829,102,3690,12284,4,0,1,0,2026-04-22 17:22:52,2026-06-09 11:57:41
551,38829,102,3690,15429,4,0,1,0,2026-04-22 17:22:52,2026-06-09 11:57:41
552,38829,103,3690,17777,3,0,1,0,2026-04-22 17:22:52,2026-06-09 11:57:41
553,38829,103,3690,15148,3,0,1,0,2026-04-22 17:22:52,2026-06-09 11:57:41
554,38829,103,3690,12284,3,0,1,0,2026-04-22 17:22:52,2026-06-09 11:57:41
555,38829,103,3690,15429,3,0,1,0,2026-04-22 17:22:52,2026-06-09 11:57:41
556,19,104,3642,17777,4,0,1,0,2026-04-22 17:22:52,2026-06-09 11:57:41
557,19,104,3642,15148,4,0,1,0,2026-04-22 17:22:52,2026-06-09 11:57:41
558,19,104,3642,12284,4,0,1,0,2026-04-22 17:22:52,2026-06-09 11:57:41
559,19,104,3642,15429,4,0,1,0,2026-04-22 17:22:52,2026-06-09 11:57:41
560,19,107,3696,17777,4,0,1,0,2026-04-22 17:22:52,2026-06-09 11:57:41
561,19,107,3696,15148,4,0,1,0,2026-04-22 17:22:52,2026-06-09 11:57:41
562,19,107,3696,12284,4,0,1,0,2026-04-22 17:22:52,2026-06-09 11:57:41
563,19,107,3696,15429,4,0,1,0,2026-04-22 17:22:52,2026-06-09 11:57:41
564,2670,108,568,17777,5,0,1,0,2026-04-22 17:22:52,2026-06-09 11:57:41
565,2670,108,568,15148,5,0,1,0,2026-04-22 17:22:52,2026-06-09 11:57:41
566,2670,108,568,12284,5,0,1,0,2026-04-22 17:22:52,2026-06-09 11:57:41
567,2670,108,568,15429,5,0,1,0,2026-04-22 17:22:52,2026-06-09 11:57:41
568,38860,109,3704,17777,4,0,1,0,2026-04-22 17:22:52,2026-06-09 11:57:41
569,38860,109,3704,15148,4,0,1,0,2026-04-22 17:22:52,2026-06-09 11:57:41
570,38860,109,3704,12284,4,0,1,0,2026-04-22 17:22:52,2026-06-09 11:57:41
571,38860,109,3704,15429,4,0,1,0,2026-04-22 17:22:52,2026-06-09 11:57:41
572,38829,110,3690,17777,4,0,1,0,2026-04-22 17:22:52,2026-06-09 11:57:41
573,38829,110,3690,15148,4,0,1,0,2026-04-22 17:22:52,2026-06-09 11:57:41
574,38829,110,3690,12284,4,0,1,0,2026-04-22 17:22:52,2026-06-09 11:57:41
575,38829,110,3690,15429,4,0,1,0,2026-04-22 17:22:52,2026-06-09 11:57:41
576,38872,111,3705,12284,4,0,1,0,2026-04-22 17:22:52,2026-06-09 12:54:03
577,38872,111,3705,15148,4,0,1,0,2026-04-22 17:22:52,2026-06-09 12:54:03
578,38872,111,3705,15429,4,0,1,0,2026-04-22 17:22:52,2026-06-09 12:54:03
579,38872,111,3705,17777,4,0,1,0,2026-04-22 17:22:52,2026-06-09 12:54:03
580,19,112,3696,17777,4,0,1,0,2026-04-22 17:22:52,2026-06-09 11:57:41
581,19,112,3696,15148,4,0,1,0,2026-04-22 17:22:52,2026-06-09 11:57:41
582,19,112,3696,12284,4,0,1,0,2026-04-22 17:22:52,2026-06-09 11:57:41
583,19,112,3696,15429,4,0,1,0,2026-04-22 17:22:52,2026-06-09 11:57:41
584,19,113,3696,17777,4,0,1,0,2026-04-22 17:22:52,2026-06-09 11:57:41
585,19,113,3696,15148,4,0,1,0,2026-04-22 17:22:52,2026-06-09 11:57:41
586,19,113,3696,12284,4,0,1,0,2026-04-22 17:22:52,2026-06-09 11:57:41
587,19,113,3696,15429,4,0,1,0,2026-04-22 17:22:52,2026-06-09 11:57:41
588,19,115,3642,17777,4,0,1,0,2026-04-22 17:22:52,2026-06-09 11:57:41
589,19,115,3642,15148,4,0,1,0,2026-04-22 17:22:52,2026-06-09 11:57:41
590,19,115,3642,12284,4,0,1,0,2026-04-22 17:22:52,2026-06-09 11:57:41
591,19,115,3642,15429,4,0,1,0,2026-04-22 17:22:52,2026-06-09 11:57:41
592,38860,116,3704,17777,4,0,1,0,2026-04-22 17:22:52,2026-06-09 11:57:41
593,38860,116,3704,15148,4,0,1,0,2026-04-22 17:22:52,2026-06-09 11:57:41
594,38860,116,3704,12284,4,0,1,0,2026-04-22 17:22:52,2026-06-09 11:57:41
595,38860,116,3704,15429,4,0,1,0,2026-04-22 17:22:52,2026-06-09 11:57:41
596,38860,117,3704,17777,4,0,1,0,2026-04-22 17:22:52,2026-06-09 11:57:41
597,38860,117,3704,15148,4,0,1,0,2026-04-22 17:22:52,2026-06-09 11:57:41
598,38860,117,3704,12284,4,0,1,0,2026-04-22 17:22:52,2026-06-09 11:57:41
599,38860,117,3704,15429,4,0,1,0,2026-04-22 17:22:52,2026-06-09 11:57:41
600,27244,118,3710,17777,3,0,1,0,2026-04-22 17:22:52,2026-06-09 11:57:41
601,27244,118,3710,15148,3,0,1,0,2026-04-22 17:22:52,2026-06-09 11:57:41
602,27244,118,3710,12284,3,0,1,0,2026-04-22 17:22:52,2026-06-09 11:57:41
603,27244,118,3710,15429,3,0,1,0,2026-04-22 17:22:52,2026-06-09 11:57:41
604,27244,119,3655,17777,4,0,1,0,2026-04-22 17:22:52,2026-06-09 11:57:41
605,27244,119,3655,15148,4,0,1,0,2026-04-22 17:22:52,2026-06-09 11:57:41
606,27244,119,3655,12284,4,0,1,0,2026-04-22 17:22:52,2026-06-09 11:57:41
607,27244,119,3655,15429,4,0,1,0,2026-04-22 17:22:52,2026-06-09 11:57:41
608,27244,120,3655,17777,5,0,1,0,2026-04-22 17:22:52,2026-06-09 11:57:41
609,27244,120,3655,15148,5,0,1,0,2026-04-22 17:22:52,2026-06-09 11:57:41
610,27244,120,3655,12284,5,0,1,0,2026-04-22 17:22:52,2026-06-09 11:57:41
611,27244,120,3655,15429,5,0,1,0,2026-04-22 17:22:52,2026-06-09 11:57:41
612,27244,121,3655,17777,4,0,1,0,2026-04-22 17:22:52,2026-06-09 11:57:41
613,27244,121,3655,15148,4,0,1,0,2026-04-22 17:22:52,2026-06-09 11:57:41
614,27244,121,3655,12284,4,0,1,0,2026-04-22 17:22:52,2026-06-09 11:57:41
615,27244,121,3655,15429,4,0,1,0,2026-04-22 17:22:52,2026-06-09 11:57:41
616,39169,122,3737,17777,5,0,1,0,2026-04-22 17:22:52,2026-06-09 11:57:41
617,39169,122,3737,15148,5,0,1,0,2026-04-22 17:22:52,2026-06-09 11:57:41
618,39169,122,3737,12284,5,0,1,0,2026-04-22 17:22:52,2026-06-09 11:57:41
619,39169,122,3737,15429,5,0,1,0,2026-04-22 17:22:52,2026-06-09 11:57:41
620,39001,130,3741,17777,5,0,1,0,2026-04-22 17:22:52,2026-06-09 11:57:41
621,39001,130,3741,15148,5,0,1,0,2026-04-22 17:22:52,2026-06-09 11:57:41
622,39001,130,3741,12284,5,0,1,0,2026-04-22 17:22:52,2026-06-09 11:57:41
623,39001,130,3741,15429,5,0,1,0,2026-04-22 17:22:52,2026-06-09 11:57:41
624,39001,131,3741,17777,3,0,1,0,2026-04-22 17:22:52,2026-06-09 11:57:41
625,39001,131,3741,15148,3,0,1,0,2026-04-22 17:22:52,2026-06-09 11:57:41
626,39001,131,3741,12284,3,0,1,0,2026-04-22 17:22:52,2026-06-09 11:57:41
627,39001,131,3741,15429,3,0,1,0,2026-04-22 17:22:52,2026-06-09 11:57:41
628,39001,132,3741,17777,1,0,1,0,2026-04-22 17:22:52,2026-06-09 11:57:41
629,39001,132,3741,15148,1,0,1,0,2026-04-22 17:22:52,2026-06-09 11:57:41
630,39001,132,3741,12284,1,0,1,0,2026-04-22 17:22:52,2026-06-09 11:57:41
631,39001,132,3741,15429,1,0,1,0,2026-04-22 17:22:52,2026-06-09 11:57:41
632,38872,135,3705,17777,5,0,1,0,2026-04-22 17:22:52,2026-05-01 15:37:23
633,38872,135,3705,15148,5,0,1,0,2026-04-22 17:22:52,2026-05-01 15:37:23
634,38872,135,3705,12284,5,0,1,0,2026-04-22 17:22:52,2026-05-01 15:37:23
635,38872,135,3705,15429,5,0,1,0,2026-04-22 17:22:52,2026-05-01 15:37:23
636,38872,136,3705,17777,5,0,1,0,2026-04-22 17:22:52,2026-05-01 15:37:48
637,38872,136,3705,15148,5,0,1,0,2026-04-22 17:22:52,2026-05-01 15:37:48
638,38872,136,3705,12284,5,0,1,0,2026-04-22 17:22:52,2026-05-01 15:37:23
639,38872,136,3705,15429,5,0,1,0,2026-04-22 17:22:52,2026-05-01 15:37:23
640,38872,137,3705,17777,4,0,1,0,2026-04-22 17:22:52,2026-05-01 15:37:23
641,38872,137,3705,15148,4,0,1,0,2026-04-22 17:22:52,2026-05-01 15:37:23
642,38872,137,3705,12284,4,0,1,0,2026-04-22 17:22:52,2026-05-01 15:37:23
643,38872,137,3705,15429,4,0,1,0,2026-04-22 17:22:52,2026-05-01 15:37:23
644,38872,138,3705,17777,3,0,1,0,2026-04-22 17:22:52,2026-05-01 15:37:23
645,38872,138,3705,15148,3,0,1,0,2026-04-22 17:22:52,2026-05-01 15:37:23
646,38872,138,3705,12284,3,0,1,0,2026-04-22 17:22:52,2026-05-01 15:37:23
647,38872,138,3705,15429,3,0,1,0,2026-04-22 17:22:52,2026-05-01 15:37:23
648,39001,139,3741,17777,4,0,1,0,2026-04-22 17:22:52,2026-06-09 11:57:41
649,39001,139,3741,15148,4,0,1,0,2026-04-22 17:22:52,2026-06-09 11:57:41
650,39001,139,3741,12284,4,0,1,0,2026-04-22 17:22:52,2026-06-09 11:57:41
651,39001,139,3741,15429,4,0,1,0,2026-04-22 17:22:52,2026-06-09 11:57:41
652,39001,140,3741,17777,4,0,1,0,2026-04-22 17:22:52,2026-06-09 11:57:41
653,39001,140,3741,15148,4,0,1,0,2026-04-22 17:22:52,2026-06-09 11:57:41
654,39001,140,3741,12284,4,0,1,0,2026-04-22 17:22:52,2026-06-09 11:57:41
655,39001,140,3741,15429,4,0,1,0,2026-04-22 17:22:52,2026-06-09 11:57:41
656,39001,141,3741,17777,4,0,1,0,2026-04-22 17:22:52,2026-06-09 11:57:41
657,39001,141,3741,15148,4,0,1,0,2026-04-22 17:22:52,2026-06-09 11:57:41
658,39001,141,3741,12284,4,0,1,0,2026-04-22 17:22:52,2026-06-09 11:57:41
659,39001,141,3741,15429,4,0,1,0,2026-04-22 17:22:52,2026-06-09 11:57:41
660,27244,142,3710,17777,5,0,1,0,2026-04-22 17:22:52,2026-06-09 11:57:41
661,27244,142,3710,15148,5,0,1,0,2026-04-22 17:22:52,2026-06-09 11:57:41
662,27244,142,3710,12284,5,0,1,0,2026-04-22 17:22:52,2026-06-09 11:57:41
663,27244,142,3710,15429,5,0,1,0,2026-04-22 17:22:52,2026-06-09 11:57:41
664,27244,143,3655,12284,5,0,1,0,2026-04-22 17:22:52,2026-06-09 11:57:41
665,27244,143,3655,15148,5,0,1,0,2026-04-22 17:22:52,2026-06-09 11:57:41
666,27244,143,3655,15429,5,0,1,0,2026-04-22 17:22:52,2026-06-09 11:57:41
667,27244,143,3655,17777,5,0,1,0,2026-04-22 17:22:52,2026-06-09 11:57:41
668,38872,145,3705,17777,1,0,1,0,2026-04-22 17:22:52,2026-05-01 15:37:23
669,38872,145,3705,15148,1,0,1,0,2026-04-22 17:22:52,2026-05-01 15:37:23
670,38872,145,3705,12284,1,0,1,0,2026-04-22 17:22:52,2026-05-01 15:37:23
671,38872,145,3705,15429,1,0,1,0,2026-04-22 17:22:52,2026-05-01 15:37:23
672,38872,146,3705,17777,1,0,1,0,2026-04-22 17:22:52,2026-05-01 15:37:23
673,38872,146,3705,15148,1,0,1,0,2026-04-22 17:22:52,2026-05-01 15:37:23
674,38872,146,3705,12284,1,0,1,0,2026-04-22 17:22:52,2026-05-01 15:37:23
675,38872,146,3705,15429,1,0,1,0,2026-04-22 17:22:52,2026-05-01 15:37:23
676,38872,147,3705,17777,5,0,1,0,2026-04-22 17:22:52,2026-05-01 15:37:23
677,38872,147,3705,15148,5,0,1,0,2026-04-22 17:22:52,2026-05-01 15:37:23
678,38872,147,3705,12284,5,0,1,0,2026-04-22 17:22:52,2026-05-01 15:37:23
679,38872,147,3705,15429,5,0,1,0,2026-04-22 17:22:52,2026-05-01 15:37:23
680,38872,148,3705,17777,5,0,1,0,2026-04-22 17:22:52,2026-05-01 15:37:23
681,38872,148,3705,15148,5,0,1,0,2026-04-22 17:22:52,2026-05-01 15:37:23
682,38872,148,3705,12284,5,0,1,0,2026-04-22 17:22:52,2026-05-01 15:37:23
683,38872,148,3705,15429,5,0,1,0,2026-04-22 17:22:52,2026-05-01 15:37:23
684,38872,149,3705,17777,4,0,1,0,2026-04-22 17:22:52,2026-05-01 15:37:23
685,38872,149,3705,15148,4,0,1,0,2026-04-22 17:22:52,2026-05-01 15:37:23
686,38872,149,3705,12284,4,0,1,0,2026-04-22 17:22:52,2026-05-01 15:37:23
687,38872,149,3705,15429,4,0,1,0,2026-04-22 17:22:52,2026-05-01 15:37:23
688,39001,150,3741,17777,4,0,1,0,2026-04-22 17:22:52,2026-06-09 11:57:41
689,39001,150,3741,15148,4,0,1,0,2026-04-22 17:22:52,2026-06-09 11:57:41
690,39001,150,3741,12284,4,0,1,0,2026-04-22 17:22:52,2026-06-09 11:57:41
691,39001,150,3741,15429,4,0,1,0,2026-04-22 17:22:52,2026-06-09 11:57:41
692,39001,151,3757,17777,4,0,1,0,2026-04-22 17:22:52,2026-06-09 11:57:41
693,39001,151,3757,15148,4,0,1,0,2026-04-22 17:22:52,2026-06-09 11:57:41
694,39001,151,3757,12284,4,0,1,0,2026-04-22 17:22:52,2026-06-09 11:57:41
695,39001,151,3757,15429,4,0,1,0,2026-04-22 17:22:52,2026-06-09 11:57:41
696,39001,152,3757,17777,3,0,1,0,2026-04-22 17:22:52,2026-06-09 11:57:41
697,39001,152,3757,15148,3,0,1,0,2026-04-22 17:22:52,2026-06-09 11:57:41
698,39001,152,3757,12284,3,0,1,0,2026-04-22 17:22:52,2026-06-09 11:57:41
699,39001,152,3757,15429,3,0,1,0,2026-04-22 17:22:52,2026-06-09 11:57:41
700,39001,153,3741,17777,4,0,1,0,2026-04-22 17:22:52,2026-06-09 11:57:41
701,39001,153,3741,15148,4,0,1,0,2026-04-22 17:22:52,2026-06-09 11:57:41
702,39001,153,3741,12284,4,0,1,0,2026-04-22 17:22:52,2026-06-09 11:57:41
703,39001,153,3741,15429,4,0,1,0,2026-04-22 17:22:52,2026-06-09 11:57:41
704,39001,154,3741,17777,2,0,1,0,2026-04-22 17:22:52,2026-06-09 11:57:41
705,39001,154,3741,15148,2,0,1,0,2026-04-22 17:22:52,2026-06-09 11:57:41
706,39001,154,3741,12284,2,0,1,0,2026-04-22 17:22:52,2026-06-09 11:57:41
707,39001,154,3741,15429,2,0,1,0,2026-04-22 17:22:52,2026-06-09 11:57:41
708,39001,155,3757,17777,3,0,1,0,2026-04-22 17:22:52,2026-06-09 11:57:41
709,39001,155,3757,15148,3,0,1,0,2026-04-22 17:22:52,2026-06-09 11:57:41
710,39001,155,3757,12284,3,0,1,0,2026-04-22 17:22:52,2026-06-09 11:57:41
711,39001,155,3757,15429,3,0,1,0,2026-04-22 17:22:52,2026-06-09 11:57:41
712,39001,156,3741,17777,4,0,1,0,2026-04-22 17:22:52,2026-06-09 11:57:41
713,39001,156,3741,15148,4,0,1,0,2026-04-22 17:22:52,2026-06-09 11:57:41
714,39001,156,3741,12284,4,0,1,0,2026-04-22 17:22:52,2026-06-09 11:57:41
715,39001,156,3741,15429,4,0,1,0,2026-04-22 17:22:52,2026-06-09 11:57:41
716,39001,157,3741,17777,4,0,1,0,2026-04-22 17:22:52,2026-06-09 11:57:41
717,39001,157,3741,15148,4,0,1,0,2026-04-22 17:22:52,2026-06-09 11:57:41
718,39001,157,3741,12284,4,0,1,0,2026-04-22 17:22:52,2026-06-09 11:57:41
719,39001,157,3741,15429,4,0,1,0,2026-04-22 17:22:52,2026-06-09 11:57:41
720,19,158,3696,17777,3,0,1,0,2026-04-22 17:22:52,2026-06-09 11:57:41
721,19,158,3696,15148,3,0,1,0,2026-04-22 17:22:52,2026-06-09 11:57:41
722,19,158,3696,12284,3,0,1,0,2026-04-22 17:22:52,2026-06-09 11:57:41
723,19,158,3696,15429,3,0,1,0,2026-04-22 17:22:52,2026-06-09 11:57:41
724,19,159,3696,17777,4,0,1,0,2026-04-22 17:22:52,2026-06-09 11:57:41
725,19,159,3696,15148,4,0,1,0,2026-04-22 17:22:52,2026-06-09 11:57:41
726,19,159,3696,12284,4,0,1,0,2026-04-22 17:22:52,2026-06-09 11:57:41
727,19,159,3696,15429,4,0,1,0,2026-04-22 17:22:52,2026-06-09 11:57:41
728,38872,160,3705,17777,5,0,1,0,2026-04-22 17:22:52,2026-05-01 15:37:23
729,38872,160,3705,15148,5,0,1,0,2026-04-22 17:22:52,2026-05-01 15:37:23
730,38872,160,3705,12284,5,0,1,0,2026-04-22 17:22:52,2026-05-01 15:37:23
731,38872,160,3705,15429,5,0,1,0,2026-04-22 17:22:52,2026-05-01 15:37:23
732,39001,161,3777,17777,5,0,1,0,2026-04-22 17:22:52,2026-06-09 11:57:41
733,39001,161,3777,15148,5,0,1,0,2026-04-22 17:22:52,2026-06-09 11:57:41
734,39001,161,3777,12284,5,0,1,0,2026-04-22 17:22:52,2026-06-09 11:57:41
735,39001,161,3777,15429,5,0,1,0,2026-04-22 17:22:52,2026-06-09 11:57:41
736,19,162,3753,17777,3,0,1,0,2026-04-22 17:22:52,2026-06-09 11:57:41
737,19,162,3753,15148,3,0,1,0,2026-04-22 17:22:52,2026-06-09 11:57:41
738,19,162,3753,12284,3,0,1,0,2026-04-22 17:22:52,2026-06-09 11:57:41
739,19,162,3753,15429,3,0,1,0,2026-04-22 17:22:52,2026-06-09 11:57:41
740,39001,163,3741,17777,4,0,1,0,2026-04-22 17:22:52,2026-06-09 11:57:41
741,39001,163,3741,15148,4,0,1,0,2026-04-22 17:22:52,2026-06-09 11:57:41
742,39001,163,3741,12284,4,0,1,0,2026-04-22 17:22:52,2026-06-09 11:57:41
743,39001,163,3741,15429,4,0,1,0,2026-04-22 17:22:52,2026-06-09 11:57:41
744,39001,164,3741,17777,4,0,1,0,2026-04-22 17:22:52,2026-06-09 11:57:41
745,39001,164,3741,15148,4,0,1,0,2026-04-22 17:22:52,2026-06-09 11:57:41
746,39001,164,3741,12284,4,0,1,0,2026-04-22 17:22:52,2026-06-09 11:57:41
747,39001,164,3741,15429,4,0,1,0,2026-04-22 17:22:52,2026-06-09 11:57:41
748,39001,165,3804,17777,5,0,1,0,2026-04-22 17:22:52,2026-06-09 11:57:41
749,39001,165,3804,15148,5,0,1,0,2026-04-22 17:22:52,2026-06-09 11:57:41
750,39001,165,3804,12284,5,0,1,0,2026-04-22 17:22:52,2026-06-09 11:57:41
751,39001,165,3804,15429,5,0,1,0,2026-04-22 17:22:52,2026-06-09 11:57:41
752,39304,166,3810,17777,5,0,1,0,2026-04-22 17:22:52,2026-06-09 11:57:41
753,39304,166,3810,15148,5,0,1,0,2026-04-22 17:22:52,2026-06-09 11:57:41
754,39304,166,3810,12284,5,0,1,0,2026-04-22 17:22:52,2026-06-09 11:57:41
755,39304,166,3810,15429,5,0,1,0,2026-04-22 17:22:52,2026-06-09 11:57:41
756,39314,167,3822,17777,5,0,1,0,2026-04-22 17:22:52,2026-06-09 11:57:41
757,39314,167,3822,15148,5,0,1,0,2026-04-22 17:22:52,2026-06-09 11:57:41
758,39314,167,3822,12284,5,0,1,0,2026-04-22 17:22:52,2026-06-09 11:57:41
759,39314,167,3822,15429,5,0,1,0,2026-04-22 17:22:52,2026-06-09 11:57:41
760,39314,168,3825,17777,5,0,1,0,2026-04-22 17:22:52,2026-06-09 11:57:41
761,39314,168,3825,15148,5,0,1,0,2026-04-22 17:22:52,2026-06-09 11:57:41
762,39314,168,3825,12284,5,0,1,0,2026-04-22 17:22:52,2026-06-09 11:57:41
763,39314,168,3825,15429,5,0,1,0,2026-04-22 17:22:52,2026-06-09 11:57:41
764,39314,169,3826,17777,4,0,1,0,2026-04-22 17:22:52,2026-06-09 11:57:41
765,39314,169,3826,15148,4,0,1,0,2026-04-22 17:22:52,2026-06-09 11:57:41
766,39314,169,3826,12284,4,0,1,0,2026-04-22 17:22:52,2026-06-09 11:57:41
767,39314,169,3826,15429,4,0,1,0,2026-04-22 17:22:52,2026-06-09 11:57:41
768,39314,170,3825,17777,4,0,1,0,2026-04-22 17:22:52,2026-06-09 11:57:41
769,39314,170,3825,15148,4,0,1,0,2026-04-22 17:22:52,2026-06-09 11:57:41
770,39314,170,3825,12284,4,0,1,0,2026-04-22 17:22:52,2026-06-09 11:57:41
771,39314,170,3825,15429,4,0,1,0,2026-04-22 17:22:52,2026-06-09 11:57:41
772,639,171,3695,17777,5,0,1,0,2026-04-22 17:22:52,2026-06-09 11:57:41
773,639,171,3695,15148,5,0,1,0,2026-04-22 17:22:52,2026-06-09 11:57:41
774,639,171,3695,12284,5,0,1,0,2026-04-22 17:22:52,2026-06-09 11:57:41
775,639,171,3695,15429,5,0,1,0,2026-04-22 17:22:52,2026-06-09 11:57:41
776,27244,172,3850,17777,5,0,1,0,2026-04-22 17:22:52,2026-06-09 11:57:41
777,27244,172,3850,15148,5,0,1,0,2026-04-22 17:22:52,2026-06-09 11:57:41
778,27244,172,3850,12284,5,0,1,0,2026-04-22 17:22:52,2026-06-09 11:57:41
779,27244,172,3850,15429,5,0,1,0,2026-04-22 17:22:52,2026-06-09 11:57:41
780,27244,173,3851,17777,4,0,1,0,2026-04-22 17:22:52,2026-06-09 11:57:41
781,27244,173,3851,15148,4,0,1,0,2026-04-22 17:22:52,2026-06-09 11:57:41
782,27244,173,3851,12284,4,0,1,0,2026-04-22 17:22:52,2026-06-09 11:57:41
783,27244,173,3851,15429,4,0,1,0,2026-04-22 17:22:52,2026-06-09 11:57:41
784,39314,174,3852,17777,5,0,1,0,2026-04-22 17:22:52,2026-06-09 11:57:41
785,39314,174,3852,15148,5,0,1,0,2026-04-22 17:22:52,2026-06-09 11:57:41
786,39314,174,3852,12284,5,0,1,0,2026-04-22 17:22:52,2026-06-09 11:57:41
787,39314,174,3852,15429,5,0,1,0,2026-04-22 17:22:52,2026-06-09 11:57:41
788,39314,175,3852,17777,5,1,1,0,2026-04-22 17:22:52,2026-06-12 14:50:17
789,39314,175,3852,15148,5,0,1,0,2026-04-22 17:22:52,2026-06-12 14:50:17
790,39314,175,3852,12284,5,0,1,0,2026-04-22 17:22:52,2026-06-12 14:50:17
791,39314,175,3852,15429,5,0,1,0,2026-04-22 17:22:52,2026-06-12 14:50:17
792,39335,176,3854,17777,3,0,1,0,2026-04-22 17:22:52,2026-06-09 11:57:41
793,39335,176,3854,15148,3,0,1,0,2026-04-22 17:22:52,2026-06-09 11:57:41
794,39335,176,3854,12284,3,0,1,0,2026-04-22 17:22:52,2026-06-09 11:57:41
795,39335,176,3854,15429,3,0,1,0,2026-04-22 17:22:52,2026-06-09 11:57:41
796,21249,177,3764,17777,4,0,1,0,2026-04-22 17:22:52,2026-06-09 11:57:41
797,21249,177,3764,15148,4,0,1,0,2026-04-22 17:22:52,2026-06-09 11:57:41
798,21249,177,3764,12284,4,0,1,0,2026-04-22 17:22:52,2026-06-09 11:57:41
799,21249,177,3764,15429,4,0,1,0,2026-04-22 17:22:52,2026-06-09 11:57:41
800,21249,178,3764,17777,4,0,1,0,2026-04-22 17:22:52,2026-06-09 11:57:41
801,21249,178,3764,15148,4,0,1,0,2026-04-22 17:22:52,2026-06-09 11:57:41
802,21249,178,3764,12284,4,0,1,0,2026-04-22 17:22:52,2026-06-09 11:57:41
803,21249,178,3764,15429,4,0,1,0,2026-04-22 17:22:52,2026-06-09 11:57:41
804,21249,179,3764,17777,4,0,1,0,2026-04-22 17:22:52,2026-06-09 11:57:41
805,21249,179,3764,15148,4,0,1,0,2026-04-22 17:22:52,2026-06-09 11:57:41
806,21249,179,3764,12284,4,0,1,0,2026-04-22 17:22:52,2026-06-09 11:57:41
807,21249,179,3764,15429,4,0,1,0,2026-04-22 17:22:52,2026-06-09 11:57:41
808,9479,180,3769,17777,3,0,1,0,2026-04-22 17:22:52,2026-06-09 11:57:41
809,9479,180,3769,15148,3,0,1,0,2026-04-22 17:22:52,2026-06-09 11:57:41
810,9479,180,3769,12284,3,0,1,0,2026-04-22 17:22:52,2026-06-09 11:57:41
811,9479,180,3769,15429,3,0,1,0,2026-04-22 17:22:52,2026-06-09 11:57:41
812,39283,181,3775,17777,3,0,1,0,2026-04-22 17:22:52,2026-06-09 11:57:41
813,39283,181,3775,15148,3,0,1,0,2026-04-22 17:22:52,2026-06-09 11:57:41
814,39283,181,3775,12284,3,0,1,0,2026-04-22 17:22:52,2026-06-09 11:57:41
815,39283,181,3775,15429,3,0,1,0,2026-04-22 17:22:52,2026-06-09 11:57:41
816,39001,182,3809,17777,5,0,1,0,2026-04-22 17:22:52,2026-06-09 11:57:41
817,39001,182,3809,15148,5,0,1,0,2026-04-22 17:22:52,2026-06-09 11:57:41
818,39001,182,3809,12284,5,0,1,0,2026-04-22 17:22:52,2026-06-09 11:57:41
819,39001,182,3809,15429,5,0,1,0,2026-04-22 17:22:52,2026-06-09 11:57:41
820,39001,183,3809,17777,5,0,1,0,2026-04-22 17:22:52,2026-06-09 11:57:41
821,39001,183,3809,15148,5,0,1,0,2026-04-22 17:22:52,2026-06-09 11:57:41
822,39001,183,3809,12284,5,0,1,0,2026-04-22 17:22:52,2026-06-09 11:57:41
823,39001,183,3809,15429,5,0,1,0,2026-04-22 17:22:52,2026-06-09 11:57:41
824,39001,184,3809,17777,4,0,1,0,2026-04-22 17:22:52,2026-06-09 11:57:41
825,39001,184,3809,15148,4,0,1,0,2026-04-22 17:22:52,2026-06-09 11:57:41
826,39001,184,3809,12284,4,0,1,0,2026-04-22 17:22:52,2026-06-09 11:57:41
827,39001,184,3809,15429,4,0,1,0,2026-04-22 17:22:52,2026-06-09 11:57:41
828,39001,185,3809,17777,5,0,1,0,2026-04-22 17:22:52,2026-06-09 11:57:41
829,39001,185,3809,15148,5,0,1,0,2026-04-22 17:22:52,2026-06-09 11:57:41
830,39001,185,3809,12284,5,0,1,0,2026-04-22 17:22:52,2026-06-09 11:57:41
831,39001,185,3809,15429,5,0,1,0,2026-04-22 17:22:52,2026-06-09 11:57:41
832,39001,186,3809,17777,5,0,1,0,2026-04-22 17:22:52,2026-06-09 11:57:41
833,39001,186,3809,15148,5,0,1,0,2026-04-22 17:22:52,2026-06-09 11:57:41
834,39001,186,3809,12284,5,0,1,0,2026-04-22 17:22:52,2026-06-09 11:57:41
835,39001,186,3809,15429,5,0,1,0,2026-04-22 17:22:52,2026-06-09 11:57:41
836,39001,187,3809,17777,5,0,1,0,2026-04-22 17:22:52,2026-06-09 11:57:41
837,39001,187,3809,15148,5,0,1,0,2026-04-22 17:22:52,2026-06-09 11:57:41
838,39001,187,3809,12284,5,0,1,0,2026-04-22 17:22:52,2026-06-09 11:57:41
839,39001,187,3809,15429,5,0,1,0,2026-04-22 17:22:52,2026-06-09 11:57:41
840,39001,188,3809,17777,5,0,1,0,2026-04-22 17:22:52,2026-06-09 11:57:41
841,39001,188,3809,15148,5,0,1,0,2026-04-22 17:22:52,2026-06-09 11:57:41
842,39001,188,3809,12284,5,0,1,0,2026-04-22 17:22:52,2026-06-09 11:57:41
843,39001,188,3809,15429,5,0,1,0,2026-04-22 17:22:52,2026-06-09 11:57:41
844,39001,189,3809,17777,5,0,1,0,2026-04-22 17:22:52,2026-06-09 11:57:41
845,39001,189,3809,15148,5,0,1,0,2026-04-22 17:22:52,2026-06-09 11:57:41
846,39001,189,3809,12284,5,0,1,0,2026-04-22 17:22:52,2026-06-09 11:57:41
847,39001,189,3809,15429,5,0,1,0,2026-04-22 17:22:52,2026-06-09 11:57:41
848,39001,190,3809,17777,4,0,1,0,2026-04-22 17:22:52,2026-06-09 11:57:41
849,39001,190,3809,15148,4,0,1,0,2026-04-22 17:22:52,2026-06-09 11:57:41
850,39001,190,3809,12284,4,0,1,0,2026-04-22 17:22:52,2026-06-09 11:57:41
851,39001,190,3809,15429,4,0,1,0,2026-04-22 17:22:52,2026-06-09 11:57:41
852,39314,191,3852,17777,3,0,1,0,2026-04-22 17:22:52,2026-06-09 11:57:41
853,39314,191,3852,15148,3,0,1,0,2026-04-22 17:22:52,2026-06-09 11:57:41
854,39314,191,3852,12284,3,0,1,0,2026-04-22 17:22:52,2026-06-09 11:57:41
855,39314,191,3852,15429,3,0,1,0,2026-04-22 17:22:52,2026-06-09 11:57:41
856,39314,192,3837,17777,4,0,1,0,2026-04-22 17:22:52,2026-06-09 11:57:41
857,39314,192,3837,15148,4,0,1,0,2026-04-22 17:22:52,2026-06-09 11:57:41
858,39314,192,3837,12284,4,0,1,0,2026-04-22 17:22:52,2026-06-09 11:57:41
859,39314,192,3837,15429,4,0,1,0,2026-04-22 17:22:52,2026-06-09 11:57:41
860,39314,193,3837,17777,4,0,1,0,2026-04-22 17:22:52,2026-06-09 11:57:41
861,39314,193,3837,15148,4,0,1,0,2026-04-22 17:22:52,2026-06-09 11:57:41
862,39314,193,3837,12284,4,0,1,0,2026-04-22 17:22:52,2026-06-09 11:57:41
863,39314,193,3837,15429,4,0,1,0,2026-04-22 17:22:52,2026-06-09 11:57:41
864,39275,194,3842,17777,3,0,1,0,2026-04-22 17:22:52,2026-06-09 11:57:41
865,39275,194,3842,15148,3,0,1,0,2026-04-22 17:22:52,2026-06-09 11:57:41
866,39275,194,3842,12284,3,0,1,0,2026-04-22 17:22:52,2026-06-09 11:57:41
867,39275,194,3842,15429,3,0,1,0,2026-04-22 17:22:52,2026-06-09 11:57:41
868,39275,195,3842,17777,4,0,1,0,2026-04-22 17:22:52,2026-06-09 11:57:41
869,39275,195,3842,15148,4,0,1,0,2026-04-22 17:22:52,2026-06-09 11:57:41
870,39275,195,3842,12284,4,0,1,0,2026-04-22 17:22:52,2026-06-09 11:57:41
871,39275,195,3842,15429,4,0,1,0,2026-04-22 17:22:52,2026-06-09 11:57:41
872,39275,196,3842,17777,5,0,1,0,2026-04-22 17:22:52,2026-06-09 11:57:41
873,39275,196,3842,15148,5,0,1,0,2026-04-22 17:22:52,2026-06-09 11:57:41
874,39275,196,3842,12284,5,0,1,0,2026-04-22 17:22:52,2026-06-09 11:57:41
875,39275,196,3842,15429,5,0,1,0,2026-04-22 17:22:52,2026-06-09 11:57:41
876,39275,197,3842,17777,4,0,1,0,2026-04-22 17:22:52,2026-06-09 11:57:41
877,39275,197,3842,15148,4,0,1,0,2026-04-22 17:22:52,2026-06-09 11:57:41
878,39275,197,3842,12284,4,0,1,0,2026-04-22 17:22:52,2026-06-09 11:57:41
879,39275,197,3842,15429,4,0,1,0,2026-04-22 17:22:52,2026-06-09 11:57:41
880,39314,198,3822,17777,4,0,1,0,2026-04-22 17:22:52,2026-06-09 11:57:41
881,39314,198,3822,15148,4,0,1,0,2026-04-22 17:22:52,2026-06-09 11:57:41
882,39314,198,3822,12284,4,0,1,0,2026-04-22 17:22:52,2026-06-09 11:57:41
883,39314,198,3822,15429,4,0,1,0,2026-04-22 17:22:52,2026-06-09 11:57:41
884,39314,199,3822,17777,4,0,1,0,2026-04-22 17:22:52,2026-06-09 11:57:41
885,39314,199,3822,15148,4,0,1,0,2026-04-22 17:22:52,2026-06-09 11:57:41
886,39314,199,3822,12284,4,0,1,0,2026-04-22 17:22:52,2026-06-09 11:57:41
887,39314,199,3822,15429,4,0,1,0,2026-04-22 17:22:52,2026-06-09 11:57:41
888,39314,200,3822,17777,4,0,1,0,2026-04-22 17:22:52,2026-06-09 11:57:41
889,39314,200,3822,15148,4,0,1,0,2026-04-22 17:22:52,2026-06-09 11:57:41
890,39314,200,3822,12284,4,0,1,0,2026-04-22 17:22:52,2026-06-09 11:57:41
891,39314,200,3822,15429,4,0,1,0,2026-04-22 17:22:52,2026-06-09 11:57:41
892,39275,201,3844,17777,4,0,1,0,2026-04-22 17:22:52,2026-06-09 11:57:41
893,39275,201,3844,15148,4,0,1,0,2026-04-22 17:22:52,2026-06-09 11:57:41
894,39275,201,3844,12284,4,0,1,0,2026-04-22 17:22:52,2026-06-09 11:57:41
895,39275,201,3844,15429,4,0,1,0,2026-04-22 17:22:52,2026-06-09 11:57:41
896,19,202,3857,17777,4,0,1,0,2026-04-22 17:22:52,2026-06-09 11:57:41
897,19,202,3857,15148,4,0,1,0,2026-04-22 17:22:52,2026-06-09 11:57:41
898,19,202,3857,12284,4,0,1,0,2026-04-22 17:22:52,2026-06-09 11:57:41
899,19,202,3857,15429,4,0,1,0,2026-04-22 17:22:52,2026-06-09 11:57:41
900,39285,203,3782,17777,3,0,1,0,2026-04-22 17:22:52,2026-06-09 11:57:41
901,39285,203,3782,15148,3,0,1,0,2026-04-22 17:22:52,2026-06-09 11:57:41
902,39285,203,3782,12284,3,0,1,0,2026-04-22 17:22:52,2026-06-09 11:57:41
903,39285,203,3782,15429,3,0,1,0,2026-04-22 17:22:52,2026-06-09 11:57:41
904,19,204,3857,17777,4,0,1,0,2026-04-22 17:22:52,2026-06-09 11:57:41
905,19,204,3857,15148,4,0,1,0,2026-04-22 17:22:52,2026-06-09 11:57:41
906,19,204,3857,12284,4,0,1,0,2026-04-22 17:22:52,2026-06-09 11:57:41
907,19,204,3857,15429,4,0,1,0,2026-04-22 17:22:52,2026-06-09 11:57:41
908,39275,205,3842,17777,5,0,1,0,2026-04-22 17:22:52,2026-06-09 11:57:41
909,39275,205,3842,15148,5,0,1,0,2026-04-22 17:22:52,2026-06-09 11:57:41
910,39275,205,3842,12284,5,0,1,0,2026-04-22 17:22:52,2026-06-09 11:57:41
911,39275,205,3842,15429,5,0,1,0,2026-04-22 17:22:52,2026-06-09 11:57:41
912,39275,206,3843,17777,4,0,1,0,2026-04-22 17:22:52,2026-06-09 11:57:41
913,39275,206,3843,15148,4,0,1,0,2026-04-22 17:22:52,2026-06-09 11:57:41
914,39275,206,3843,12284,4,0,1,0,2026-04-22 17:22:52,2026-06-09 11:57:41
915,39275,206,3843,15429,4,0,1,0,2026-04-22 17:22:52,2026-06-09 11:57:41
916,39275,207,3844,17777,5,0,1,0,2026-04-22 17:22:52,2026-06-09 11:57:41
917,39275,207,3844,15148,5,0,1,0,2026-04-22 17:22:52,2026-06-09 11:57:41
918,39275,207,3844,12284,5,0,1,0,2026-04-22 17:22:52,2026-06-09 11:57:41
919,39275,207,3844,15429,5,0,1,0,2026-04-22 17:22:52,2026-06-09 11:57:41
920,39001,208,3809,17777,5,0,1,0,2026-04-22 17:22:52,2026-06-09 11:57:41
921,39001,208,3809,15148,5,0,1,0,2026-04-22 17:22:52,2026-06-09 11:57:41
922,39001,208,3809,12284,5,0,1,0,2026-04-22 17:22:52,2026-06-09 11:57:41
923,39001,208,3809,15429,5,0,1,0,2026-04-22 17:22:52,2026-06-09 11:57:41
924,39001,209,3829,17777,5,0,1,0,2026-04-22 17:22:52,2026-06-09 11:57:41
925,39001,209,3829,15148,5,0,1,0,2026-04-22 17:22:52,2026-06-09 11:57:41
926,39001,209,3829,12284,5,0,1,0,2026-04-22 17:22:52,2026-06-09 11:57:41
927,39001,209,3829,15429,5,0,1,0,2026-04-22 17:22:52,2026-06-09 11:57:41
928,39001,210,3835,17777,5,0,1,0,2026-04-22 17:22:52,2026-06-09 11:57:41
929,39001,210,3835,15148,5,0,1,0,2026-04-22 17:22:52,2026-06-09 11:57:41
930,39001,210,3835,12284,5,0,1,0,2026-04-22 17:22:52,2026-06-09 11:57:41
931,39001,210,3835,15429,5,0,1,0,2026-04-22 17:22:52,2026-06-09 11:57:41
932,39335,211,3853,17777,5,0,1,0,2026-04-22 17:22:52,2026-06-09 11:57:41
933,39335,211,3853,15148,5,0,1,0,2026-04-22 17:22:52,2026-06-09 11:57:41
934,39335,211,3853,12284,5,0,1,0,2026-04-22 17:22:52,2026-06-09 11:57:41
935,39335,211,3853,15429,5,0,1,0,2026-04-22 17:22:52,2026-06-09 11:57:41
936,39283,212,3778,17777,4,0,1,0,2026-04-22 17:22:52,2026-06-09 11:57:41
937,39283,212,3778,15148,4,0,1,0,2026-04-22 17:22:52,2026-06-09 11:57:41
938,39283,212,3778,12284,4,0,1,0,2026-04-22 17:22:52,2026-06-09 11:57:41
939,39283,212,3778,15429,4,0,1,0,2026-04-22 17:22:52,2026-06-09 11:57:41
940,39314,213,3822,17777,5,0,1,0,2026-04-22 17:22:52,2026-06-09 11:57:41
941,39314,213,3822,15148,5,0,1,0,2026-04-22 17:22:52,2026-06-09 11:57:41
942,39314,213,3822,12284,5,0,1,0,2026-04-22 17:22:52,2026-06-09 11:57:41
943,39314,213,3822,15429,5,0,1,0,2026-04-22 17:22:52,2026-06-09 11:57:41
944,3123,214,3867,17777,5,0,1,0,2026-04-22 17:22:52,2026-06-09 11:57:41
945,3123,214,3867,15148,5,0,1,0,2026-04-22 17:22:52,2026-06-09 11:57:41
946,3123,214,3867,12284,5,0,1,0,2026-04-22 17:22:52,2026-06-09 11:57:41
947,3123,214,3867,15429,5,0,1,0,2026-04-22 17:22:52,2026-06-09 11:57:41
948,19,215,3833,17777,3,0,1,0,2026-04-22 17:22:52,2026-06-09 11:57:41
949,19,215,3833,15148,3,0,1,0,2026-04-22 17:22:52,2026-06-09 11:57:41
950,19,215,3833,12284,3,0,1,0,2026-04-22 17:22:52,2026-06-09 11:57:41
951,19,215,3833,15429,3,0,1,0,2026-04-22 17:22:52,2026-06-09 11:57:41
952,18,226,63,17777,3,0,1,0,2026-04-22 17:22:52,2026-06-09 11:57:41
953,18,226,63,15148,3,0,1,0,2026-04-22 17:22:52,2026-06-09 11:57:41
954,18,226,63,12284,3,0,1,0,2026-04-22 17:22:52,2026-06-09 11:57:41
955,18,226,63,15429,3,0,1,0,2026-04-22 17:22:52,2026-06-09 11:57:41
956,5014,228,3600,17777,3,0,1,0,2026-04-22 17:22:52,2026-06-09 11:57:41
957,5014,228,3600,15148,3,0,1,0,2026-04-22 17:22:52,2026-06-09 11:57:41
958,5014,228,3600,12284,3,0,1,0,2026-04-22 17:22:52,2026-06-09 11:57:41
959,5014,228,3600,15429,3,0,1,0,2026-04-22 17:22:52,2026-06-09 11:57:41
960,5014,229,3600,17777,3,0,1,0,2026-04-22 17:22:52,2026-06-09 11:57:41
961,5014,229,3600,15148,3,0,1,0,2026-04-22 17:22:52,2026-06-09 11:57:41
962,5014,229,3600,12284,3,0,1,0,2026-04-22 17:22:52,2026-06-09 11:57:41
963,5014,229,3600,15429,3,0,1,0,2026-04-22 17:22:52,2026-06-09 11:57:41
964,39001,235,3819,17777,4,0,1,0,2026-04-22 17:22:52,2026-06-09 11:57:41
965,39001,235,3819,15148,4,0,1,0,2026-04-22 17:22:52,2026-06-09 11:57:41
966,39001,235,3819,12284,4,0,1,0,2026-04-22 17:22:52,2026-06-09 11:57:41
967,39001,235,3819,15429,4,0,1,0,2026-04-22 17:22:52,2026-06-09 11:57:41
968,39314,236,3836,17777,4,0,1,0,2026-04-22 17:22:52,2026-06-09 11:57:41
969,39314,236,3836,15148,4,0,1,0,2026-04-22 17:22:52,2026-06-09 11:57:41
970,39314,236,3836,12284,4,0,1,0,2026-04-22 17:22:52,2026-06-09 11:57:41
971,39314,236,3836,15429,4,0,1,0,2026-04-22 17:22:52,2026-06-09 11:57:41
972,3123,237,3867,17777,3,0,1,0,2026-04-22 17:22:52,2026-06-09 11:57:41
973,3123,237,3867,15148,3,0,1,0,2026-04-22 17:22:52,2026-06-09 11:57:41
974,3123,237,3867,12284,3,0,1,0,2026-04-22 17:22:52,2026-06-09 11:57:41
975,3123,237,3867,15429,3,0,1,0,2026-04-22 17:22:52,2026-06-09 11:57:41
976,19,238,3833,17777,4,0,1,0,2026-04-22 17:22:52,2026-06-09 11:57:41
977,19,238,3833,15148,4,0,1,0,2026-04-22 17:22:52,2026-06-09 11:57:41
978,19,238,3833,12284,4,0,1,0,2026-04-22 17:22:52,2026-06-09 11:57:41
979,19,238,3833,15429,4,0,1,0,2026-04-22 17:22:52,2026-06-09 11:57:41
980,19,239,3833,17777,4,0,1,0,2026-04-22 17:22:52,2026-06-09 11:57:41
981,19,239,3833,15148,4,0,1,0,2026-04-22 17:22:52,2026-06-09 11:57:41
982,19,239,3833,12284,4,0,1,0,2026-04-22 17:22:52,2026-06-09 11:57:41
983,19,239,3833,15429,4,0,1,0,2026-04-22 17:22:52,2026-06-09 11:57:41
984,3123,240,3867,17777,5,0,1,0,2026-04-22 17:22:52,2026-06-09 11:57:41
985,3123,240,3867,15148,5,0,1,0,2026-04-22 17:22:52,2026-06-09 11:57:41
986,3123,240,3867,12284,5,0,1,0,2026-04-22 17:22:52,2026-06-09 11:57:41
987,3123,240,3867,15429,5,0,1,0,2026-04-22 17:22:52,2026-06-09 11:57:41
988,3123,244,3867,17777,5,0,1,0,2026-04-22 17:22:52,2026-06-09 11:57:41
989,3123,244,3867,15148,5,0,1,0,2026-04-22 17:22:52,2026-06-09 11:57:41
990,3123,244,3867,12284,5,0,1,0,2026-04-22 17:22:52,2026-06-09 11:57:41
991,3123,244,3867,15429,5,0,1,0,2026-04-22 17:22:52,2026-06-09 11:57:41
992,3123,245,3867,17777,4,0,1,0,2026-04-22 17:22:52,2026-06-09 11:57:41
993,3123,245,3867,15148,4,0,1,0,2026-04-22 17:22:52,2026-06-09 11:57:41
994,3123,245,3867,12284,4,0,1,0,2026-04-22 17:22:52,2026-06-09 11:57:41
995,3123,245,3867,15429,4,0,1,0,2026-04-22 17:22:52,2026-06-09 11:57:41
996,39314,246,3837,17777,5,0,1,0,2026-04-22 17:22:52,2026-06-09 11:57:41
997,39314,246,3837,15148,5,0,1,0,2026-04-22 17:22:52,2026-06-09 11:57:41
998,39314,246,3837,12284,5,0,1,0,2026-04-22 17:22:52,2026-06-09 11:57:41
999,39314,246,3837,15429,5,0,1,0,2026-04-22 17:22:52,2026-06-09 11:57:41
1000,39314,247,3837,17777,1,0,1,0,2026-04-22 17:22:52,2026-06-09 11:57:41
1001,39314,247,3837,15148,1,0,1,0,2026-04-22 17:22:52,2026-06-09 11:57:41
1002,39314,247,3837,12284,1,0,1,0,2026-04-22 17:22:52,2026-06-09 11:57:41
1003,39314,247,3837,15429,1,0,1,0,2026-04-22 17:22:52,2026-06-09 11:57:41
1004,39314,248,3837,17777,5,0,1,0,2026-04-22 17:22:52,2026-06-09 11:57:41
1005,39314,248,3837,15148,5,0,1,0,2026-04-22 17:22:52,2026-06-09 11:57:41
1006,39314,248,3837,12284,5,0,1,0,2026-04-22 17:22:52,2026-06-09 11:57:41
1007,39314,248,3837,15429,5,0,1,0,2026-04-22 17:22:52,2026-06-09 11:57:41
1008,39314,249,3837,17777,4,0,1,0,2026-04-22 17:22:52,2026-06-09 11:57:41
1009,39314,249,3837,15148,4,0,1,0,2026-04-22 17:22:52,2026-06-09 11:57:41
1010,39314,249,3837,12284,4,0,1,0,2026-04-22 17:22:52,2026-06-09 11:57:41
1011,39314,249,3837,15429,4,0,1,0,2026-04-22 17:22:52,2026-06-09 11:57:41
1012,39314,250,3837,17777,5,0,1,0,2026-04-22 17:22:52,2026-06-09 11:57:41
1013,39314,250,3837,15148,5,0,1,0,2026-04-22 17:22:52,2026-06-09 11:57:41
1014,39314,250,3837,12284,5,0,1,0,2026-04-22 17:22:52,2026-06-09 11:57:41
1015,39314,250,3837,15429,5,0,1,0,2026-04-22 17:22:52,2026-06-09 11:57:41
1016,39001,251,3835,17777,5,0,1,0,2026-04-22 17:22:52,2026-06-09 11:57:41
1017,39001,251,3835,15148,5,0,1,0,2026-04-22 17:22:52,2026-06-09 11:57:41
1018,39001,251,3835,12284,5,0,1,0,2026-04-22 17:22:52,2026-06-09 11:57:41
1019,39001,251,3835,15429,5,0,1,0,2026-04-22 17:22:52,2026-06-09 11:57:41
1020,19,252,3833,17777,4,0,1,0,2026-04-22 17:22:52,2026-06-09 11:57:41
1021,19,252,3833,15148,4,0,1,0,2026-04-22 17:22:52,2026-06-09 11:57:41
1022,19,252,3833,12284,4,0,1,0,2026-04-22 17:22:52,2026-06-09 11:57:41
1023,19,252,3833,15429,4,0,1,0,2026-04-22 17:22:52,2026-06-09 11:57:41
1024,39314,253,3826,17777,5,0,1,0,2026-04-22 17:22:52,2026-06-09 11:57:41
1025,39314,253,3826,15148,5,0,1,0,2026-04-22 17:22:52,2026-06-09 11:57:41
1026,39314,253,3826,12284,5,0,1,0,2026-04-22 17:22:52,2026-06-09 11:57:41
1027,39314,253,3826,15429,5,0,1,0,2026-04-22 17:22:52,2026-06-09 11:57:41
1028,3123,254,3867,17777,5,0,1,0,2026-04-22 17:22:52,2026-06-09 11:57:41
1029,3123,254,3867,15148,5,0,1,0,2026-04-22 17:22:52,2026-06-09 11:57:41
1030,3123,254,3867,12284,5,0,1,0,2026-04-22 17:22:52,2026-06-09 11:57:41
1031,3123,254,3867,15429,5,0,1,0,2026-04-22 17:22:52,2026-06-09 11:57:41
1032,3123,255,3867,17777,5,0,1,0,2026-04-22 17:22:52,2026-06-09 11:57:41
1033,3123,255,3867,15148,5,0,1,0,2026-04-22 17:22:52,2026-06-09 11:57:41
1034,3123,255,3867,12284,5,0,1,0,2026-04-22 17:22:52,2026-06-09 11:57:41
1035,3123,255,3867,15429,5,0,1,0,2026-04-22 17:22:52,2026-06-09 11:57:41
1036,39314,256,3826,17777,5,0,1,0,2026-04-22 17:22:52,2026-06-09 11:57:41
1037,39314,256,3826,15148,5,0,1,0,2026-04-22 17:22:52,2026-06-09 11:57:41
1038,39314,256,3826,12284,5,0,1,0,2026-04-22 17:22:52,2026-06-09 11:57:41
1039,39314,256,3826,15429,5,0,1,0,2026-04-22 17:22:52,2026-06-09 11:57:41
1040,39314,257,3826,17777,5,0,1,0,2026-04-22 17:22:52,2026-06-09 11:57:41
1041,39314,257,3826,15148,5,0,1,0,2026-04-22 17:22:52,2026-06-09 11:57:41
1042,39314,257,3826,12284,5,0,1,0,2026-04-22 17:22:52,2026-06-09 11:57:41
1043,39314,257,3826,15429,5,0,1,0,2026-04-22 17:22:52,2026-06-09 11:57:41
1044,38860,258,3704,17777,4,0,1,0,2026-04-22 17:22:52,2026-06-09 11:57:41
1045,38860,258,3704,15148,4,0,1,0,2026-04-22 17:22:52,2026-06-09 11:57:41
1046,38860,258,3704,12284,4,0,1,0,2026-04-22 17:22:52,2026-06-09 11:57:41
1047,38860,258,3704,15429,4,0,1,0,2026-04-22 17:22:52,2026-06-09 11:57:41
1048,39132,259,3718,17777,3,0,1,0,2026-04-22 17:22:52,2026-06-09 11:57:41
1049,39132,259,3718,15148,3,0,1,0,2026-04-22 17:22:52,2026-06-09 11:57:41
1050,39132,259,3718,12284,3,0,1,0,2026-04-22 17:22:52,2026-06-09 11:57:41
1051,39132,259,3718,15429,3,0,1,0,2026-04-22 17:22:52,2026-06-09 11:57:41
1052,38872,260,3705,17777,5,0,1,0,2026-04-22 17:22:52,2026-05-01 15:37:23
1053,38872,260,3705,15148,5,0,1,0,2026-04-22 17:22:52,2026-05-01 15:37:23
1054,38872,260,3705,12284,5,0,1,0,2026-04-22 17:22:52,2026-05-01 15:37:23
1055,38872,260,3705,15429,5,0,1,0,2026-04-22 17:22:52,2026-05-01 15:37:23
1056,134,261,3859,17777,4,0,1,0,2026-04-22 17:22:52,2026-06-09 11:57:41
1057,134,261,3859,15148,4,0,1,0,2026-04-22 17:22:52,2026-06-09 11:57:41
1058,134,261,3859,12284,4,0,1,0,2026-04-22 17:22:52,2026-06-09 11:57:41
1059,134,261,3859,15429,4,0,1,0,2026-04-22 17:22:52,2026-06-09 11:57:41
1060,38860,262,3704,17777,4,0,1,0,2026-04-22 17:22:52,2026-06-09 11:57:41
1061,38860,262,3704,15148,4,0,1,0,2026-04-22 17:22:52,2026-06-09 11:57:41
1062,38860,262,3704,12284,4,0,1,0,2026-04-22 17:22:52,2026-06-09 11:57:41
1063,38860,262,3704,15429,4,0,1,0,2026-04-22 17:22:52,2026-06-09 11:57:41
1064,38872,263,3705,17777,4,0,1,0,2026-04-22 17:22:52,2026-05-01 15:37:23
1065,38872,263,3705,15148,4,0,1,0,2026-04-22 17:22:52,2026-05-01 15:37:23
1066,38872,263,3705,12284,4,0,1,0,2026-04-22 17:22:52,2026-05-01 15:37:23
1067,38872,263,3705,15429,4,0,1,0,2026-04-22 17:22:52,2026-05-01 15:37:23
1068,134,264,3859,17777,5,0,1,0,2026-04-22 17:22:52,2026-06-09 11:57:41
1069,134,264,3859,15148,5,0,1,0,2026-04-22 17:22:52,2026-06-09 11:57:41
1070,134,264,3859,12284,5,0,1,0,2026-04-22 17:22:52,2026-06-09 11:57:41
1071,134,264,3859,15429,5,0,1,0,2026-04-22 17:22:52,2026-06-09 11:57:41
1072,38860,265,3704,17777,4,0,1,0,2026-04-22 17:22:52,2026-06-09 11:57:41
1073,38860,265,3704,15148,4,0,1,0,2026-04-22 17:22:52,2026-06-09 11:57:41
1074,38860,265,3704,12284,4,0,1,0,2026-04-22 17:22:52,2026-06-09 11:57:41
1075,38860,265,3704,15429,4,0,1,0,2026-04-22 17:22:52,2026-06-09 11:57:41
1076,39314,266,3822,17777,5,0,1,0,2026-04-22 17:22:52,2026-06-09 11:57:41
1077,39314,266,3822,15148,5,0,1,0,2026-04-22 17:22:52,2026-06-09 11:57:41
1078,39314,266,3822,12284,5,0,1,0,2026-04-22 17:22:52,2026-06-09 11:57:41
1079,39314,266,3822,15429,5,0,1,0,2026-04-22 17:22:52,2026-06-09 11:57:41
1080,19,267,3817,17777,4,0,1,0,2026-04-22 17:22:52,2026-06-09 11:57:41
1081,19,267,3817,15148,4,0,1,0,2026-04-22 17:22:52,2026-06-09 11:57:41
1082,19,267,3817,12284,4,0,1,0,2026-04-22 17:22:52,2026-06-09 11:57:41
1083,19,267,3817,15429,4,0,1,0,2026-04-22 17:22:52,2026-06-09 11:57:41
1084,39314,268,3822,17777,5,0,1,0,2026-04-22 17:22:52,2026-06-09 11:57:41
1085,39314,268,3822,15148,5,0,1,0,2026-04-22 17:22:52,2026-06-09 11:57:41
1086,39314,268,3822,12284,5,0,1,0,2026-04-22 17:22:52,2026-06-09 11:57:41
1087,39314,268,3822,15429,5,0,1,0,2026-04-22 17:22:52,2026-06-09 11:57:41
1088,639,269,3855,17777,5,0,1,0,2026-04-22 17:22:52,2026-06-09 11:57:41
1089,639,269,3855,15148,5,0,1,0,2026-04-22 17:22:52,2026-06-09 11:57:41
1090,639,269,3855,12284,5,0,1,0,2026-04-22 17:22:52,2026-06-09 11:57:41
1091,639,269,3855,15429,5,0,1,0,2026-04-22 17:22:52,2026-06-09 11:57:41
1092,12988,270,3856,17777,5,0,1,0,2026-04-22 17:22:52,2026-06-09 11:57:41
1093,12988,270,3856,15148,5,0,1,0,2026-04-22 17:22:52,2026-06-09 11:57:41
1094,12988,270,3856,12284,5,0,1,0,2026-04-22 17:22:52,2026-06-09 11:57:41
1095,12988,270,3856,15429,5,0,1,0,2026-04-22 17:22:52,2026-06-09 11:57:41
1096,19,271,3857,17777,5,0,1,0,2026-04-22 17:22:52,2026-06-09 11:57:41
1097,19,271,3857,15148,5,0,1,0,2026-04-22 17:22:52,2026-06-09 11:57:41
1098,19,271,3857,12284,5,0,1,0,2026-04-22 17:22:52,2026-06-09 11:57:41
1099,19,271,3857,15429,5,0,1,0,2026-04-22 17:22:52,2026-06-09 11:57:41
1100,39314,272,3822,17777,5,0,1,0,2026-04-22 17:22:52,2026-06-09 11:57:41
1101,39314,272,3822,15148,5,0,1,0,2026-04-22 17:22:52,2026-06-09 11:57:41
1102,39314,272,3822,12284,5,0,1,0,2026-04-22 17:22:52,2026-06-09 11:57:41
1103,39314,272,3822,15429,5,0,1,0,2026-04-22 17:22:52,2026-06-09 11:57:41
1104,6616,273,3765,17777,5,0,1,0,2026-04-22 17:22:52,2026-06-09 11:57:41
1105,6616,273,3765,15148,5,0,1,0,2026-04-22 17:22:52,2026-06-09 11:57:41
1106,6616,273,3765,12284,5,0,1,0,2026-04-22 17:22:52,2026-06-09 11:57:41
1107,6616,273,3765,15429,5,0,1,0,2026-04-22 17:22:52,2026-06-09 11:57:41
1108,5014,274,3876,17777,4,0,1,0,2026-04-22 17:22:52,2026-06-09 11:57:41
1109,5014,274,3876,15148,4,0,1,0,2026-04-22 17:22:52,2026-06-09 11:57:41
1110,5014,274,3876,12284,4,0,1,0,2026-04-22 17:22:52,2026-06-09 11:57:41
1111,5014,274,3876,15429,4,0,1,0,2026-04-22 17:22:52,2026-06-09 11:57:41
1112,5014,276,3495,17777,3,0,1,0,2026-04-22 17:22:52,2026-06-09 11:57:41
1113,5014,276,3495,15148,3,0,1,0,2026-04-22 17:22:52,2026-06-09 11:57:41
1114,5014,276,3495,12284,3,0,1,0,2026-04-22 17:22:52,2026-06-09 11:57:41
1115,5014,276,3495,15429,3,0,1,0,2026-04-22 17:22:52,2026-06-09 11:57:41
1116,5014,277,3495,17777,3,0,1,0,2026-04-22 17:22:52,2026-06-09 11:57:41
1117,5014,277,3495,15148,3,0,1,0,2026-04-22 17:22:52,2026-06-09 11:57:41
1118,5014,277,3495,12284,3,0,1,0,2026-04-22 17:22:52,2026-06-09 11:57:41
1119,5014,277,3495,15429,3,0,1,0,2026-04-22 17:22:52,2026-06-09 11:57:41
1120,5014,278,3495,17777,3,0,1,0,2026-04-22 17:22:52,2026-06-09 11:57:41
1121,5014,278,3495,15148,3,0,1,0,2026-04-22 17:22:52,2026-06-09 11:57:41
1122,5014,278,3495,12284,3,0,1,0,2026-04-22 17:22:52,2026-06-09 11:57:41
1123,5014,278,3495,15429,3,0,1,0,2026-04-22 17:22:52,2026-06-09 11:57:41
1124,5014,279,3495,17777,3,0,1,0,2026-04-22 17:22:52,2026-06-09 11:57:41
1125,5014,279,3495,15148,3,0,1,0,2026-04-22 17:22:52,2026-06-09 11:57:41
1126,5014,279,3495,12284,3,0,1,0,2026-04-22 17:22:52,2026-06-09 11:57:41
1127,5014,279,3495,15429,3,0,1,0,2026-04-22 17:22:52,2026-06-09 11:57:41
1128,39001,281,3819,17777,4,0,1,0,2026-04-22 17:22:52,2026-06-09 11:57:41
1129,39001,281,3819,15148,4,0,1,0,2026-04-22 17:22:52,2026-06-09 11:57:41
1130,39001,281,3819,12284,4,0,1,0,2026-04-22 17:22:52,2026-06-09 11:57:41
1131,39001,281,3819,15429,4,0,1,0,2026-04-22 17:22:52,2026-06-09 11:57:41
1132,39001,282,3819,17777,3,0,1,0,2026-04-22 17:22:52,2026-06-09 11:57:41
1133,39001,282,3819,15148,3,0,1,0,2026-04-22 17:22:52,2026-06-09 11:57:41
1134,39001,282,3819,12284,3,0,1,0,2026-04-22 17:22:52,2026-06-09 11:57:41
1135,39001,282,3819,15429,3,0,1,0,2026-04-22 17:22:52,2026-06-09 11:57:41
1136,19,287,3833,12284,4,0,1,0,2026-04-22 17:22:52,2026-06-09 11:57:41
1137,19,287,3833,15148,4,0,1,0,2026-04-22 17:22:52,2026-06-09 11:57:41
1138,19,287,3833,15429,4,0,1,0,2026-04-22 17:22:52,2026-06-09 11:57:41
1139,19,287,3833,17777,4,0,1,0,2026-04-22 17:22:52,2026-06-09 11:57:41
1140,39314,291,3836,17777,5,0,1,0,2026-04-22 17:22:52,2026-06-09 11:57:41
1141,39314,291,3836,15148,5,0,1,0,2026-04-22 17:22:52,2026-06-09 11:57:41
1142,39314,291,3836,12284,5,0,1,0,2026-04-22 17:22:52,2026-06-09 11:57:41
1143,39314,291,3836,15429,5,0,1,0,2026-04-22 17:22:52,2026-06-09 11:57:41
1144,39314,292,3822,17777,5,0,1,0,2026-04-22 17:22:52,2026-06-09 11:57:41
1145,39314,292,3822,15148,5,0,1,0,2026-04-22 17:22:52,2026-06-09 11:57:41
1146,39314,292,3822,12284,5,0,1,0,2026-04-22 17:22:52,2026-06-09 11:57:41
1147,39314,292,3822,15429,5,0,1,0,2026-04-22 17:22:52,2026-06-09 11:57:41
1148,39314,293,3822,17777,5,0,1,0,2026-04-22 17:22:52,2026-06-09 11:57:41
1149,39314,293,3822,15148,5,0,1,0,2026-04-22 17:22:52,2026-06-09 11:57:41
1150,39314,293,3822,12284,5,0,1,0,2026-04-22 17:22:52,2026-06-09 11:57:41
1151,39314,293,3822,15429,5,0,1,0,2026-04-22 17:22:52,2026-06-09 11:57:41
1152,39314,294,3822,17777,5,0,1,0,2026-04-22 17:22:52,2026-06-09 11:57:41
1153,39314,294,3822,15148,5,0,1,0,2026-04-22 17:22:52,2026-06-09 11:57:41
1154,39314,294,3822,12284,5,0,1,0,2026-04-22 17:22:52,2026-06-09 11:57:41
1155,39314,294,3822,15429,5,0,1,0,2026-04-22 17:22:52,2026-06-09 11:57:41
1156,19,295,3833,17777,3,0,1,0,2026-04-22 17:22:52,2026-06-09 11:57:41
1157,19,295,3833,15148,3,0,1,0,2026-04-22 17:22:52,2026-06-09 11:57:41
1158,19,295,3833,12284,3,0,1,0,2026-04-22 17:22:52,2026-06-09 11:57:41
1159,19,295,3833,15429,3,0,1,0,2026-04-22 17:22:52,2026-06-09 11:57:41
1160,19,298,3833,17777,4,0,1,0,2026-04-22 17:22:52,2026-06-09 11:57:41
1161,19,298,3833,15148,4,0,1,0,2026-04-22 17:22:52,2026-06-09 11:57:41
1162,19,298,3833,12284,4,0,1,0,2026-04-22 17:22:52,2026-06-09 11:57:41
1163,19,298,3833,15429,4,0,1,0,2026-04-22 17:22:52,2026-06-09 11:57:41
1164,39001,308,3877,17777,5,0,1,0,2026-04-22 17:22:52,2026-06-09 11:57:41
1165,39001,308,3877,15148,5,0,1,0,2026-04-22 17:22:52,2026-06-09 11:57:41
1166,39001,308,3877,12284,5,0,1,0,2026-04-22 17:22:52,2026-06-09 11:57:41
1167,39001,308,3877,15429,5,0,1,0,2026-04-22 17:22:52,2026-06-09 11:57:41
1168,19,324,3833,17777,5,0,1,0,2026-04-22 17:22:52,2026-06-09 11:57:41
1169,19,324,3833,15148,5,0,1,0,2026-04-22 17:22:52,2026-06-09 11:57:41
1170,19,324,3833,12284,5,0,1,0,2026-04-22 17:22:52,2026-06-09 11:57:41
1171,19,324,3833,15429,5,0,1,0,2026-04-22 17:22:52,2026-06-09 11:57:41
1172,39001,325,3875,17777,4,0,1,0,2026-04-22 17:22:52,2026-06-09 11:57:41
1173,39001,325,3875,15148,4,0,1,0,2026-04-22 17:22:52,2026-06-09 11:57:41
1174,39001,325,3875,12284,4,0,1,0,2026-04-22 17:22:52,2026-06-09 11:57:41
1175,39001,325,3875,15429,4,0,1,0,2026-04-22 17:22:52,2026-06-09 11:57:41
1176,38872,326,3705,17777,3,0,1,0,2026-04-22 17:22:52,2026-05-01 15:37:23
1177,38872,326,3705,15148,3,0,1,0,2026-04-22 17:22:52,2026-05-01 15:37:23
1178,38872,326,3705,12284,3,0,1,0,2026-04-22 17:22:52,2026-05-01 15:37:23
1179,38872,326,3705,15429,3,0,1,0,2026-04-22 17:22:52,2026-05-01 15:37:23
1180,38829,327,3690,17777,4,0,1,0,2026-04-22 17:22:52,2026-06-09 11:57:41
1181,38829,327,3690,15148,4,0,1,0,2026-04-22 17:22:52,2026-06-09 11:57:41
1182,38829,327,3690,12284,4,0,1,0,2026-04-22 17:22:52,2026-06-09 11:57:41
1183,38829,327,3690,15429,4,0,1,0,2026-04-22 17:22:52,2026-06-09 11:57:41
1184,38829,328,3690,17777,4,0,1,0,2026-04-22 17:22:52,2026-06-09 11:57:41
1185,38829,328,3690,15148,4,0,1,0,2026-04-22 17:22:52,2026-06-09 11:57:41
1186,38829,328,3690,12284,4,0,1,0,2026-04-22 17:22:52,2026-06-09 11:57:41
1187,38829,328,3690,15429,4,0,1,0,2026-04-22 17:22:52,2026-06-09 11:57:41
1188,19,329,3833,17777,3,0,1,0,2026-04-22 17:22:52,2026-06-09 11:57:41
1189,19,329,3833,15148,3,0,1,0,2026-04-22 17:22:52,2026-06-09 11:57:41
1190,19,329,3833,12284,3,0,1,0,2026-04-22 17:22:52,2026-06-09 11:57:41
1191,19,329,3833,15429,3,0,1,0,2026-04-22 17:22:52,2026-06-09 11:57:41
1192,39001,330,3877,17777,4,0,1,0,2026-04-22 17:22:52,2026-06-09 11:57:41
1193,39001,330,3877,15148,4,0,1,0,2026-04-22 17:22:52,2026-06-09 11:57:41
1194,39001,330,3877,12284,4,0,1,0,2026-04-22 17:22:52,2026-06-09 11:57:41
1195,39001,330,3877,15429,4,0,1,0,2026-04-22 17:22:52,2026-06-09 11:57:41
1196,134,331,3859,17777,4,0,1,0,2026-04-22 17:22:52,2026-06-09 11:57:41
1197,134,331,3859,15148,4,0,1,0,2026-04-22 17:22:52,2026-06-09 11:57:41
1198,134,331,3859,12284,4,0,1,0,2026-04-22 17:22:52,2026-06-09 11:57:41
1199,134,331,3859,15429,4,0,1,0,2026-04-22 17:22:52,2026-06-09 11:57:41
1200,134,332,3859,17777,4,0,1,0,2026-04-22 17:22:52,2026-06-09 11:57:41
1201,134,332,3859,15148,4,0,1,0,2026-04-22 17:22:52,2026-06-09 11:57:41
1202,134,332,3859,12284,4,0,1,0,2026-04-22 17:22:52,2026-06-09 11:57:41
1203,134,332,3859,15429,4,0,1,0,2026-04-22 17:22:52,2026-06-09 11:57:41
1204,19,333,4439,17777,5,0,1,0,2026-04-22 17:22:52,2026-06-09 11:57:41
1205,19,333,4439,15148,5,0,1,0,2026-04-22 17:22:52,2026-06-09 11:57:41
1206,19,333,4439,12284,5,0,1,0,2026-04-22 17:22:52,2026-06-09 11:57:41
1207,19,333,4439,15429,5,0,1,0,2026-04-22 17:22:52,2026-06-09 11:57:41
1208,5014,334,3882,17777,5,0,1,0,2026-04-22 17:22:52,2026-06-09 11:57:41
1209,5014,334,3882,15148,5,0,1,0,2026-04-22 17:22:52,2026-06-09 11:57:41
1210,5014,334,3882,12284,5,0,1,0,2026-04-22 17:22:52,2026-06-09 11:57:41
1211,5014,334,3882,15429,5,0,1,0,2026-04-22 17:22:52,2026-06-09 11:57:41
1212,39314,335,3826,17777,5,0,1,0,2026-04-22 17:22:52,2026-06-09 11:57:41
1213,39314,335,3826,15148,5,0,1,0,2026-04-22 17:22:52,2026-06-09 11:57:41
1214,39314,335,3826,12284,5,0,1,0,2026-04-22 17:22:52,2026-06-09 11:57:41
1215,39314,335,3826,15429,5,0,1,0,2026-04-22 17:22:52,2026-06-09 11:57:41
1216,3123,337,3867,17777,4,0,1,0,2026-04-22 17:22:52,2026-06-09 11:57:41
1217,3123,337,3867,15148,4,0,1,0,2026-04-22 17:22:52,2026-06-09 11:57:41
1218,3123,337,3867,12284,4,0,1,0,2026-04-22 17:22:52,2026-06-09 11:57:41
1219,3123,337,3867,15429,4,0,1,0,2026-04-22 17:22:52,2026-06-09 11:57:41
1220,39001,340,3819,17777,5,0,1,0,2026-04-22 17:22:52,2026-06-09 11:57:41
1221,39001,340,3819,15148,5,0,1,0,2026-04-22 17:22:52,2026-06-09 11:57:41
1222,39001,340,3819,12284,5,0,1,0,2026-04-22 17:22:52,2026-06-09 11:57:41
1223,39001,340,3819,15429,5,0,1,0,2026-04-22 17:22:52,2026-06-09 11:57:41
1224,39335,341,3874,17777,3,0,1,0,2026-04-22 17:22:52,2026-06-09 11:57:41
1225,39335,341,3874,15148,3,0,1,0,2026-04-22 17:22:52,2026-06-09 11:57:41
1226,39335,341,3874,12284,3,0,1,0,2026-04-22 17:22:52,2026-06-09 11:57:41
1227,39335,341,3874,15429,3,0,1,0,2026-04-22 17:22:52,2026-06-09 11:57:41
1228,39001,342,3741,17777,4,0,1,0,2026-04-22 17:22:52,2026-06-09 11:57:41
1229,39001,342,3741,15148,4,0,1,0,2026-04-22 17:22:52,2026-06-09 11:57:41
1230,39001,342,3741,12284,4,0,1,0,2026-04-22 17:22:52,2026-06-09 11:57:41
1231,39001,342,3741,15429,4,0,1,0,2026-04-22 17:22:52,2026-06-09 11:57:41
1232,38860,346,3704,17777,4,0,1,0,2026-04-22 17:22:52,2026-06-09 11:57:41
1233,38860,346,3704,15148,4,0,1,0,2026-04-22 17:22:52,2026-06-09 11:57:41
1234,38860,346,3704,12284,4,0,1,0,2026-04-22 17:22:52,2026-06-09 11:57:41
1235,38860,346,3704,15429,4,0,1,0,2026-04-22 17:22:52,2026-06-09 11:57:41
1236,39001,348,3819,17777,4,0,1,0,2026-04-22 17:22:52,2026-06-09 11:57:41
1237,39001,348,3819,15148,4,0,1,0,2026-04-22 17:22:52,2026-06-09 11:57:41
1238,39001,348,3819,12284,4,0,1,0,2026-04-22 17:22:52,2026-06-09 11:57:41
1239,39001,348,3819,15429,4,0,1,0,2026-04-22 17:22:52,2026-06-09 11:57:41
1240,39314,349,4500,17777,3,0,1,0,2026-04-22 17:22:52,2026-06-09 11:57:41
1241,39314,349,4500,15148,3,0,1,0,2026-04-22 17:22:52,2026-06-09 11:57:41
1242,39314,349,4500,12284,3,0,1,0,2026-04-22 17:22:52,2026-06-09 11:57:41
1243,39314,349,4500,15429,3,0,1,0,2026-04-22 17:22:52,2026-06-09 11:57:41
1244,38860,350,3752,17777,4,0,1,0,2026-04-22 17:22:52,2026-06-08 00:35:56
1245,38860,350,3752,15148,4,0,1,0,2026-04-22 17:22:52,2026-06-08 00:35:56
1246,38860,350,3752,12284,4,0,1,0,2026-04-22 17:22:52,2026-06-08 00:35:56
1247,38860,350,3752,15429,4,0,1,0,2026-04-22 17:22:52,2026-06-08 00:42:48
1248,39314,351,3836,17777,5,0,1,0,2026-04-22 17:22:52,2026-06-09 11:57:41
1249,39314,351,3836,15148,5,0,1,0,2026-04-22 17:22:52,2026-06-09 11:57:41
1250,39314,351,3836,12284,5,0,1,0,2026-04-22 17:22:52,2026-06-09 11:57:41
1251,39314,351,3836,15429,5,0,1,0,2026-04-22 17:22:52,2026-06-09 11:57:41
1252,39314,352,3841,17777,3,0,1,0,2026-04-22 17:22:52,2026-06-09 11:57:41
1253,39314,352,3841,15148,3,0,1,0,2026-04-22 17:22:52,2026-06-09 11:57:41
1254,39314,352,3841,12284,3,0,1,0,2026-04-22 17:22:52,2026-06-09 11:57:41
1255,39314,352,3841,15429,3,0,1,0,2026-04-22 17:22:52,2026-06-09 11:57:41
1256,5014,361,637,17777,3,0,1,0,2026-04-22 17:22:52,2026-06-09 11:57:41
1257,5014,361,637,15148,3,0,1,0,2026-04-22 17:22:52,2026-06-09 11:57:41
1258,5014,361,637,12284,3,0,1,0,2026-04-22 17:22:52,2026-06-09 11:57:41
1259,5014,361,637,15429,3,0,1,0,2026-04-22 17:22:52,2026-06-09 11:57:41
1260,5014,362,637,17777,3,0,1,0,2026-04-22 17:22:52,2026-06-09 11:57:41
1261,5014,362,637,15148,3,0,1,0,2026-04-22 17:22:52,2026-06-09 11:57:41
1262,5014,362,637,12284,3,0,1,0,2026-04-22 17:22:52,2026-06-09 11:57:41
1263,5014,362,637,15429,3,0,1,0,2026-04-22 17:22:52,2026-06-09 11:57:41
1264,3123,371,3867,17777,5,0,1,0,2026-04-22 17:22:52,2026-06-09 11:57:41
1265,3123,371,3867,15148,5,0,1,0,2026-04-22 17:22:52,2026-06-09 11:57:41
1266,3123,371,3867,12284,5,0,1,0,2026-04-22 17:22:52,2026-06-09 11:57:41
1267,3123,371,3867,15429,5,0,1,0,2026-04-22 17:22:52,2026-06-09 11:57:41
1268,5014,383,3876,17777,4,0,1,0,2026-04-22 17:22:52,2026-06-09 11:57:41
1269,5014,383,3876,15148,4,0,1,0,2026-04-22 17:22:52,2026-06-09 11:57:41
1270,5014,383,3876,12284,4,0,1,0,2026-04-22 17:22:52,2026-06-09 11:57:41
1271,5014,383,3876,15429,4,0,1,0,2026-04-22 17:22:52,2026-06-09 11:57:41
1272,639,385,4514,17777,3,0,1,0,2026-04-22 17:22:52,2026-06-09 11:57:41
1273,639,385,4514,15148,3,0,1,0,2026-04-22 17:22:52,2026-06-09 11:57:41
1274,639,385,4514,12284,3,0,1,0,2026-04-22 17:22:52,2026-06-09 11:57:41
1275,639,385,4514,15429,3,0,1,0,2026-04-22 17:22:52,2026-06-09 11:57:41
1276,8120,401,910,17777,2,0,1,0,2026-04-22 17:22:52,2026-06-09 11:57:41
1277,8120,401,910,15148,2,0,1,0,2026-04-22 17:22:52,2026-06-09 11:57:41
1278,8120,401,910,12284,2,0,1,0,2026-04-22 17:22:52,2026-06-09 11:57:41
1279,8120,401,910,15429,2,0,1,0,2026-04-22 17:22:52,2026-06-09 11:57:41
1280,8120,402,910,17777,2,0,1,0,2026-04-22 17:22:52,2026-06-09 11:57:41
1281,8120,402,910,15148,2,0,1,0,2026-04-22 17:22:52,2026-06-09 11:57:41
1282,8120,402,910,12284,2,0,1,0,2026-04-22 17:22:52,2026-06-09 11:57:41
1283,8120,402,910,15429,2,0,1,0,2026-04-22 17:22:52,2026-06-09 11:57:41
1284,639,413,4514,17777,3,0,1,0,2026-04-22 17:22:52,2026-06-09 11:57:41
1285,639,413,4514,15148,3,0,1,0,2026-04-22 17:22:52,2026-06-09 11:57:41
1286,639,413,4514,12284,3,0,1,0,2026-04-22 17:22:52,2026-06-09 11:57:41
1287,639,413,4514,15429,3,0,1,0,2026-04-22 17:22:52,2026-06-09 11:57:41
1288,3123,415,3867,17777,3,0,1,0,2026-04-22 17:22:52,2026-06-09 11:57:41
1289,3123,415,3867,15148,3,0,1,0,2026-04-22 17:22:52,2026-06-09 11:57:41
1290,3123,415,3867,12284,3,0,1,0,2026-04-22 17:22:52,2026-06-09 11:57:41
1291,3123,415,3867,15429,3,0,1,0,2026-04-22 17:22:52,2026-06-09 11:57:41
1292,40071,417,3837,19166,4,0,1,0,2026-04-22 19:06:26,2026-04-22 19:06:26
1293,40071,417,3837,7646,3,0,1,0,2026-04-22 19:06:26,2026-04-22 19:06:26
1294,40071,418,3814,19167,3,0,1,0,2026-04-22 19:07:07,2026-04-22 19:07:07
1295,40071,419,3837,7646,3,0,1,0,2026-04-22 19:12:22,2026-04-22 19:12:22
1296,40071,419,3837,19144,3,0,1,0,2026-04-22 19:12:22,2026-04-22 19:12:22
1297,40071,420,3814,19102,3,0,1,0,2026-04-22 19:13:57,2026-04-22 19:13:57
1298,40071,420,3814,19168,3,0,1,0,2026-04-22 19:13:57,2026-04-22 19:13:57
1299,40071,421,4514,19118,3,0,1,0,2026-04-23 12:06:36,2026-04-23 12:06:36
1300,40071,421,4514,18441,4,0,1,0,2026-04-23 12:06:36,2026-04-23 12:06:36
1301,40071,422,3837,19144,4,0,1,0,2026-04-23 12:07:38,2026-04-23 12:07:38
1302,40071,422,3837,19074,2,0,1,0,2026-04-23 12:07:38,2026-04-23 12:07:38
1303,5014,423,4495,19070,3,0,1,0,2026-04-24 13:00:18,2026-04-24 13:01:57
1304,5014,423,4495,19172,5,0,1,0,2026-04-24 13:00:18,2026-04-24 13:01:57
1305,38860,426,4521,19119,4,0,1,0,2026-04-27 11:58:03,2026-04-27 11:58:03
1306,38860,427,3781,19179,0,0,1,0,2026-04-27 17:15:15,2026-04-27 17:15:15
1307,38860,427,3781,19180,0,0,1,0,2026-04-27 17:15:15,2026-04-27 17:15:15
1308,38860,429,4530,11724,0,0,1,0,2026-04-27 17:23:51,2026-04-27 17:23:51
1309,38872,433,4530,19181,3,0,1,0,2026-04-27 17:29:03,2026-04-27 17:29:03
1310,38872,433,4530,9061,3,0,1,0,2026-04-27 17:29:03,2026-04-27 17:29:03
1311,38860,434,4530,9061,4,0,1,0,2026-04-27 17:30:56,2026-04-27 17:30:56
1312,38860,437,4530,19181,2,0,1,0,2026-04-27 17:33:42,2026-04-27 17:33:42
1313,38860,439,4530,19181,3,0,1,0,2026-04-27 17:42:30,2026-04-27 17:42:30
1314,38860,439,4530,9061,3,0,1,0,2026-04-27 17:42:30,2026-04-27 17:42:30
1315,38860,439,4540,9061,3,0,1,0,2026-04-27 17:47:54,2026-04-27 17:47:54
1316,38860,437,4540,19181,2,0,1,0,2026-04-27 18:05:55,2026-04-27 18:05:55
1317,38860,440,4530,19182,3,0,1,0,2026-04-27 18:12:38,2026-04-27 18:12:38
1318,38872,441,4521,15152,3,0,1,0,2026-04-27 18:14:15,2026-04-27 18:14:15
1319,5014,442,4448,19145,4,0,1,0,2026-04-28 11:54:04,2026-04-28 11:54:04
1320,5014,442,4448,19156,4,0,1,0,2026-04-28 11:54:04,2026-04-28 11:54:04
1321,38860,443,4530,11724,4,0,1,0,2026-04-28 18:41:38,2026-04-28 18:41:38
1322,38860,443,4530,9061,3,0,1,0,2026-04-28 18:41:38,2026-04-28 18:41:38
1323,38860,443,4530,19149,5,0,1,0,2026-04-28 18:41:38,2026-04-28 18:41:38
1324,38860,443,4530,7270,4,0,1,0,2026-04-28 18:41:38,2026-04-28 18:41:38
1325,38860,444,4521,7270,3,0,1,0,2026-04-28 18:45:13,2026-04-28 18:45:13
1326,38860,444,4521,19190,3,0,1,0,2026-04-28 18:45:13,2026-04-28 18:45:13
1327,38860,444,4521,19191,4,0,1,0,2026-04-28 18:45:13,2026-04-28 18:45:13
1328,38860,444,4521,19192,2,0,1,0,2026-04-28 18:45:13,2026-04-28 18:45:13
1329,639,445,4514,12763,1,0,1,0,2026-04-29 12:21:41,2026-05-27 14:46:57
1330,639,445,4514,19120,2,0,1,0,2026-04-29 12:21:41,2026-05-27 14:46:57
1331,639,445,4514,19197,2,0,1,0,2026-04-29 12:21:41,2026-05-27 14:46:57
1332,639,446,4514,15837,2,0,1,0,2026-04-29 12:47:22,2026-05-18 13:28:57
1333,639,446,4514,18441,5,0,1,0,2026-04-29 12:47:22,2026-05-18 13:28:57
1334,639,446,4514,19103,2,0,1,0,2026-04-29 12:47:22,2026-05-18 13:28:57
1335,639,446,4514,19197,2,0,1,0,2026-04-29 12:47:22,2026-05-18 13:28:57
1336,639,447,4514,18441,5,0,1,0,2026-05-01 13:18:58,2026-05-18 13:28:27
1337,639,447,4514,18863,5,0,1,0,2026-05-01 13:18:58,2026-05-18 13:28:27
1338,639,448,4514,18863,5,0,1,0,2026-05-01 13:33:04,2026-05-01 15:23:43
1339,639,448,4514,19198,4,0,1,0,2026-05-01 13:33:04,2026-05-01 15:23:43
1340,639,448,4514,19157,5,0,1,0,2026-05-01 15:23:43,2026-05-01 15:23:43
1341,39335,449,3655,3959,4,0,1,0,2026-05-02 10:41:20,2026-05-02 10:41:20
1342,39335,449,3655,19199,4,0,1,0,2026-05-02 10:41:20,2026-05-02 10:41:20
1343,39335,449,3655,19200,5,0,1,0,2026-05-02 10:41:20,2026-05-02 10:41:20
1344,39335,449,3655,19201,5,0,1,0,2026-05-02 10:41:20,2026-05-02 10:41:20
1345,5014,450,3880,19068,3,0,1,0,2026-05-02 10:59:05,2026-05-02 10:59:05
1346,5014,450,3880,19069,5,0,1,0,2026-05-02 10:59:05,2026-05-02 10:59:05
1347,19,451,3815,19204,4,0,1,0,2026-05-04 12:35:29,2026-05-04 12:35:29
1348,19,451,3815,9459,3,0,1,0,2026-05-04 12:35:29,2026-05-04 12:35:29
1349,19,452,3815,19204,3,0,1,0,2026-05-04 12:38:57,2026-05-04 12:38:57
1350,19,452,3815,19205,3,0,1,0,2026-05-04 12:38:57,2026-05-04 12:38:57
1351,39001,453,3820,9459,4,0,1,0,2026-05-04 13:40:36,2026-05-04 13:40:36
1352,39001,453,3820,19206,4,0,1,0,2026-05-04 13:40:37,2026-05-04 13:40:37
1353,5014,454,4448,19145,4,0,1,0,2026-05-05 11:01:17,2026-05-05 11:01:17
1354,5014,454,4448,19156,3,0,1,0,2026-05-05 11:01:17,2026-05-05 11:01:17
1355,5014,455,4448,19145,4,0,1,0,2026-05-05 11:03:52,2026-05-05 11:03:52
1356,5014,455,4448,19181,4,0,1,0,2026-05-05 11:03:52,2026-05-05 11:03:52
1357,5014,456,3570,19068,4,0,1,0,2026-05-05 11:21:35,2026-05-05 11:21:35
1358,5014,456,3570,19049,4,0,1,0,2026-05-05 11:21:35,2026-05-05 11:21:35
1359,27244,457,4508,13350,5,0,1,0,2026-05-05 11:31:02,2026-05-05 11:31:02
1360,27244,457,4508,19208,5,0,1,0,2026-05-05 11:31:02,2026-05-05 11:31:02
1361,27244,458,3655,9346,5,0,1,0,2026-05-05 11:32:25,2026-05-05 11:32:25
1362,27244,458,3655,19199,5,0,1,0,2026-05-05 11:32:25,2026-05-05 11:32:25
1363,27244,458,3655,1906,5,0,1,0,2026-05-05 11:32:25,2026-05-05 11:32:25
1364,27244,458,3655,19209,5,0,1,0,2026-05-05 11:32:25,2026-05-05 11:32:25
1365,27244,459,3655,19199,5,0,1,0,2026-05-06 10:37:13,2026-06-03 11:10:45
1366,27244,459,3655,19200,5,0,1,0,2026-05-06 10:37:13,2026-06-03 11:10:45
1367,27244,459,3655,19209,5,0,1,0,2026-05-06 10:37:13,2026-06-03 11:10:45
1368,39314,460,3826,19214,4,0,1,0,2026-05-07 14:44:12,2026-05-18 23:50:30
1369,39314,461,4504,19215,4,0,1,0,2026-05-07 14:57:24,2026-05-07 14:57:24
1370,39314,462,3837,19069,4,0,1,0,2026-05-07 15:52:19,2026-05-07 15:52:19
1371,39314,463,3852,19216,4,0,1,0,2026-05-07 15:53:43,2026-06-09 12:48:51
1372,39314,464,3826,13213,5,0,1,0,2026-05-07 15:54:12,2026-05-07 15:54:12
1373,27244,465,3655,19199,5,0,1,0,2026-05-11 11:56:35,2026-06-01 11:46:11
1374,27244,465,3655,19200,5,0,1,0,2026-05-11 11:56:35,2026-06-01 11:46:11
1375,27244,465,3655,19201,5,0,1,0,2026-05-11 11:56:35,2026-06-01 11:46:11
1376,27244,465,3655,19217,5,0,1,0,2026-05-11 11:56:35,2026-06-01 11:46:11
1377,40088,466,4585,19145,2,0,1,0,2026-05-13 17:03:01,2026-05-13 17:04:17
1378,40088,466,4585,19218,2,0,1,0,2026-05-13 17:03:01,2026-05-13 17:04:17
1379,8545,475,4594,19162,4,0,1,0,2026-05-18 12:19:36,2026-05-18 12:19:58
1380,8545,475,4594,19228,2,0,1,0,2026-05-18 12:19:36,2026-05-18 12:19:58
1381,8545,477,4573,7,5,1,1,0,2026-05-18 13:35:45,2026-06-18 12:50:46
1382,8545,478,4573,11,5,1,1,0,2026-05-18 13:36:10,2026-06-18 12:50:46
1383,8545,460,3826,13213,1,0,1,0,2026-05-18 23:50:30,2026-05-18 23:50:30
1384,8545,460,3826,19231,5,0,1,0,2026-05-18 23:50:30,2026-05-18 23:50:30
1385,5014,480,3570,19068,5,0,1,0,2026-05-21 17:51:52,2026-05-21 17:51:52
1386,5014,482,0,19237,5,0,1,0,2026-05-21 18:04:08,2026-05-21 18:04:08
1387,5014,483,3570,19238,5,0,1,0,2026-05-21 18:07:01,2026-05-21 18:07:01
1388,5014,484,3570,19068,5,0,1,0,2026-05-21 18:08:10,2026-05-21 18:08:10
1389,5014,485,3570,16190,5,0,1,0,2026-05-21 18:16:05,2026-05-21 18:16:05
1390,5014,485,3570,19239,5,0,1,0,2026-05-21 18:16:05,2026-05-21 18:16:05
1391,5014,486,3570,19240,5,0,1,0,2026-05-21 18:19:25,2026-05-21 18:19:25
1392,18,489,4593,19241,4,0,1,0,2026-05-22 12:51:34,2026-07-08 18:42:27
1393,18,489,4579,19241,4,1,1,0,2026-05-22 12:53:15,2026-07-08 14:50:15
1394,18,490,4593,19242,4,0,1,0,2026-05-22 13:14:45,2026-07-08 14:25:44
1395,313,491,4607,19231,5,0,1,0,2026-05-22 16:32:36,2026-05-22 16:33:09
1396,313,491,4607,19237,4,0,1,0,2026-05-22 16:32:36,2026-05-22 16:33:09
1397,639,492,4607,17287,4,0,1,0,2026-05-25 15:10:06,2026-05-25 15:10:06
1398,639,492,4607,19047,4,0,1,0,2026-05-25 15:10:06,2026-05-25 15:10:06
1399,639,493,4606,17327,5,0,1,0,2026-05-25 15:10:20,2026-05-25 15:10:20
1400,639,494,4607,19047,5,0,1,0,2026-05-25 15:11:10,2026-05-25 15:11:10
1401,639,494,4607,19103,5,0,1,0,2026-05-25 15:11:10,2026-05-25 15:11:10
1402,639,495,4606,19102,3,0,1,0,2026-05-25 15:12:10,2026-05-25 15:12:10
1403,639,498,4608,19045,4,1,1,0,2026-05-25 17:45:19,2026-07-08 18:43:05
1404,639,498,4608,19047,5,1,1,0,2026-05-25 17:45:19,2026-07-08 18:43:05
1405,40132,499,4614,19238,4,0,1,0,2026-05-25 17:56:42,2026-05-25 18:00:34
1406,8545,500,4594,8857,5,0,1,0,2026-05-26 18:19:19,2026-05-26 18:21:56
1407,8545,500,4594,19162,5,0,1,0,2026-05-26 18:19:19,2026-05-26 18:21:56
1408,8545,500,4594,19163,5,0,1,0,2026-05-26 18:19:19,2026-05-26 18:21:56
1409,8545,500,4594,19164,5,0,1,0,2026-05-26 18:19:19,2026-05-26 18:21:56
1410,8545,500,4594,19215,5,0,1,0,2026-05-26 18:19:19,2026-05-26 18:21:56
1411,8545,500,4594,19228,5,0,1,0,2026-05-26 18:19:19,2026-05-26 18:21:56
1412,8545,500,4594,19250,5,0,1,0,2026-05-26 18:19:19,2026-05-26 18:21:56
1413,8545,500,4594,19251,5,0,1,0,2026-05-26 18:19:20,2026-05-26 18:21:56
1414,8545,500,4594,19252,5,0,1,0,2026-05-26 18:19:20,2026-05-26 18:21:56
1415,8545,501,4594,19162,5,0,1,0,2026-05-26 18:43:58,2026-05-27 14:42:10
1416,8545,501,4594,19228,5,0,1,0,2026-05-26 18:43:58,2026-05-27 14:42:10
1417,8545,501,4594,19250,4,0,1,0,2026-05-26 18:43:58,2026-05-27 14:42:10
1418,639,502,4514,8807,5,0,1,0,2026-05-27 14:42:42,2026-05-27 14:43:54
1419,639,502,4514,19253,5,0,1,0,2026-05-27 14:42:42,2026-05-27 14:43:54
1420,39256,502,4514,8807,5,0,1,0,2026-05-27 14:43:22,2026-05-27 14:43:22
1421,39256,502,4514,19253,5,0,1,0,2026-05-27 14:43:22,2026-05-27 14:43:22
1422,639,503,4514,12762,5,0,1,0,2026-05-27 14:46:15,2026-05-27 14:47:26
1423,639,503,4514,15152,5,0,1,0,2026-05-27 14:47:26,2026-05-27 14:47:26
1424,39001,504,4573,13313,4,0,1,0,2026-05-29 10:57:41,2026-05-29 10:57:41
1425,39001,504,4573,1292,4,0,1,0,2026-05-29 10:57:41,2026-05-29 10:57:41
1426,39001,504,4573,6663,4,0,1,0,2026-05-29 10:57:41,2026-05-29 10:57:41
1427,39001,505,4573,10558,5,0,1,0,2026-05-29 10:59:10,2026-05-29 10:59:10
1428,39001,505,4573,19259,3,0,1,0,2026-05-29 10:59:10,2026-05-29 10:59:10
1429,39001,505,4573,19260,3,0,1,0,2026-05-29 10:59:10,2026-05-29 10:59:10
1430,39001,505,4573,19261,5,0,1,0,2026-05-29 10:59:10,2026-05-29 10:59:10
1431,40140,506,4626,19263,5,0,1,0,2026-05-30 11:26:09,2026-05-30 11:26:09
1432,40140,506,4626,19238,5,0,1,0,2026-05-30 11:26:09,2026-05-30 11:26:09
1433,40140,506,4626,19264,4,0,1,0,2026-05-30 11:26:09,2026-05-30 11:26:09
1434,40140,506,4626,19265,1,0,1,0,2026-05-30 11:26:09,2026-05-30 11:26:09
1435,40145,507,4630,8191,4,0,1,0,2026-05-30 15:17:26,2026-05-30 15:18:04
1436,40145,507,4630,17781,4,0,1,0,2026-05-30 15:17:26,2026-05-30 15:18:04
1437,27244,508,3655,19201,5,0,1,0,2026-06-01 11:44:03,2026-06-01 11:44:03
1438,27244,508,3655,1906,5,0,1,0,2026-06-01 11:44:03,2026-06-01 11:44:03
1439,27244,508,3655,19200,5,0,1,0,2026-06-01 11:44:03,2026-06-01 11:44:03
1440,39314,509,3836,7646,5,0,1,0,2026-06-01 12:03:49,2026-06-01 12:13:06
1441,39314,509,3836,19069,5,0,1,0,2026-06-01 12:03:49,2026-06-01 12:13:06
1442,39314,509,3836,19253,5,0,1,0,2026-06-01 12:03:49,2026-06-01 12:13:06
1443,39314,509,3836,19266,5,0,1,0,2026-06-01 12:03:49,2026-06-01 12:13:06
1444,39314,509,3836,19267,5,0,1,0,2026-06-01 12:13:06,2026-06-01 12:13:06
1445,8545,510,4594,19251,5,0,1,0,2026-06-01 12:25:08,2026-06-01 12:25:08
1446,8545,510,4594,19163,4,0,1,0,2026-06-01 12:25:08,2026-06-01 12:25:08
1447,8545,510,4594,4771,5,0,1,0,2026-06-01 12:25:08,2026-06-01 12:25:08
1448,27244,511,3850,19268,5,0,1,0,2026-06-01 13:07:51,2026-06-01 13:07:51
1449,27244,511,3850,19269,5,0,1,0,2026-06-01 13:07:51,2026-06-01 13:07:51
1450,27244,511,3850,19048,5,0,1,0,2026-06-01 13:07:51,2026-06-01 13:07:51
1451,27244,511,3850,19145,5,0,1,0,2026-06-01 13:07:51,2026-06-01 13:07:51
1452,27244,511,3850,19270,5,0,1,0,2026-06-01 13:07:51,2026-06-01 13:07:51
1453,39314,512,3836,17484,5,0,1,0,2026-06-02 12:29:05,2026-06-02 12:29:05
1454,39314,512,3836,19253,5,0,1,0,2026-06-02 12:29:05,2026-06-02 12:29:05
1455,39314,514,3852,19313,1,0,1,0,2026-06-03 13:25:33,2026-06-11 11:29:13
1456,39314,514,3852,19046,1,0,1,0,2026-06-03 13:25:33,2026-06-11 11:29:13
1457,39314,515,3837,17484,5,0,1,0,2026-06-03 15:11:31,2026-06-03 15:11:31
1458,39239,516,4641,17484,5,0,1,0,2026-06-03 15:58:12,2026-06-04 17:48:59
1459,39239,516,4641,19292,5,0,1,0,2026-06-03 15:58:12,2026-06-04 17:48:59
1460,39239,517,4641,689,4,0,1,0,2026-06-03 15:59:47,2026-06-04 17:49:06
1461,39239,517,4641,19264,4,0,1,0,2026-06-03 15:59:47,2026-06-04 17:49:06
1462,39239,518,4642,688,3,0,1,0,2026-06-03 16:03:32,2026-06-04 17:48:42
1463,39239,518,4642,19047,3,0,1,0,2026-06-03 16:03:32,2026-06-04 17:48:42
1464,27244,519,3655,17356,5,0,1,0,2026-06-04 11:27:58,2026-06-04 11:30:05
1465,27244,519,3655,19200,5,0,1,0,2026-06-04 11:27:58,2026-06-04 11:30:05
1466,27244,519,3655,19294,5,0,1,0,2026-06-04 11:27:58,2026-06-04 11:30:05
1467,27244,519,3655,19295,5,0,1,0,2026-06-04 11:27:58,2026-06-04 11:30:05
1468,27244,519,3655,19296,5,0,1,0,2026-06-04 11:27:58,2026-06-04 11:30:05
1469,27244,520,4600,19297,5,0,1,0,2026-06-04 11:43:26,2026-06-04 11:43:26
1470,27244,520,4600,19103,5,0,1,0,2026-06-04 11:43:26,2026-06-04 11:43:26
1471,27244,520,4600,19045,5,0,1,0,2026-06-04 11:43:26,2026-06-04 11:43:26
1472,27244,520,4600,19298,5,0,1,0,2026-06-04 11:43:26,2026-06-04 11:43:26
1473,27244,521,4600,4833,5,0,1,0,2026-06-04 11:48:28,2026-06-04 11:48:28
1474,27244,521,4600,5394,5,0,1,0,2026-06-04 11:48:28,2026-06-04 11:48:28
1475,27244,521,4600,17922,5,0,1,0,2026-06-04 11:48:28,2026-06-04 11:48:28
1476,27244,522,3655,19199,5,0,1,0,2026-06-04 18:39:54,2026-06-04 18:39:54
1477,27244,522,3655,17356,5,0,1,0,2026-06-04 18:39:54,2026-06-04 18:39:54
1478,27244,522,3655,19200,5,0,1,0,2026-06-04 18:39:54,2026-06-04 18:39:54
1479,39314,523,4590,19118,4,0,1,0,2026-06-05 11:29:58,2026-06-10 18:12:53
1480,39314,523,4590,19298,4,0,1,0,2026-06-05 11:29:58,2026-06-10 18:12:53
1481,39314,523,4590,19297,5,0,1,0,2026-06-05 11:29:58,2026-06-10 18:12:53
1482,39314,523,4590,19292,4,0,1,0,2026-06-05 11:29:58,2026-06-10 18:12:53
1483,39314,523,4590,19292,4,0,1,0,2026-06-05 11:29:58,2026-06-10 17:07:04
1484,39314,523,4590,19297,5,0,1,0,2026-06-05 11:29:58,2026-06-10 17:07:04
1485,39314,523,4590,19298,4,0,1,0,2026-06-05 11:29:58,2026-06-10 17:07:04
1486,39314,523,4590,19118,4,0,1,0,2026-06-05 11:29:59,2026-06-05 11:29:59
1487,19,524,3717,19059,3,0,1,0,2026-06-05 13:18:09,2026-06-05 13:18:09
1488,19,525,3717,19059,3,0,1,0,2026-06-05 13:21:17,2026-06-05 13:21:17
1489,19,526,3717,19059,3,0,1,0,2026-06-05 13:23:35,2026-06-05 13:23:35
1490,19,527,3717,19059,5,0,1,0,2026-06-05 13:29:28,2026-06-09 11:27:09
1491,19,528,3717,19059,3,0,1,0,2026-06-05 13:38:22,2026-06-05 13:38:22
1492,39314,530,514,19046,4,0,1,0,2026-06-05 17:00:00,2026-06-05 17:00:00
1493,39314,530,514,19291,5,0,1,0,2026-06-05 17:00:00,2026-06-05 17:00:00
1494,39314,530,514,19216,5,0,1,0,2026-06-05 17:00:00,2026-06-05 17:00:00
1495,40119,531,4644,19244,5,0,1,0,2026-06-06 13:43:47,2026-06-06 13:43:47
1496,40119,531,4644,818,4,0,1,0,2026-06-06 13:43:47,2026-06-06 13:43:47
1497,40119,531,4644,17813,4,0,1,0,2026-06-06 13:43:47,2026-06-06 13:43:47
1498,40119,531,4644,1163,2,0,1,0,2026-06-06 13:43:47,2026-06-06 13:43:47
1499,40119,531,4644,19103,4,0,1,0,2026-06-06 13:43:47,2026-06-06 13:43:47
1500,40119,531,4644,19102,5,0,1,0,2026-06-06 13:43:47,2026-06-06 13:43:47
1501,38860,532,4614,6326,3,0,1,0,2026-06-08 01:46:22,2026-06-08 01:46:22
1502,18,534,4608,19102,5,1,1,0,2026-06-08 11:38:24,2026-07-08 18:43:05
1503,18,534,4608,19045,5,1,1,0,2026-06-08 11:38:24,2026-07-08 18:43:05
1514,39001,539,3809,19311,0,0,1,0,2026-06-08 15:05:04,2026-06-08 15:05:04
1515,39001,540,3809,19311,0,0,1,0,2026-06-08 15:05:22,2026-06-08 15:05:22
1520,39001,543,3809,18980,5,0,1,0,2026-06-08 15:39:44,2026-06-08 15:39:44
1521,39001,545,539,19311,4,0,1,0,2026-06-08 15:41:11,2026-06-08 15:41:11
1522,39001,546,540,570,5,0,1,0,2026-06-08 15:42:29,2026-06-08 15:42:29
1523,39314,547,3841,19059,4,0,1,0,2026-06-09 10:57:47,2026-06-09 10:57:47
1524,39314,548,547,19059,3,0,1,0,2026-06-09 10:58:20,2026-06-09 10:58:20
1525,39314,547,3837,19059,5,0,1,0,2026-06-09 11:17:07,2026-06-09 11:17:07
1526,39314,549,3841,19312,5,0,1,0,2026-06-09 11:22:23,2026-06-09 11:22:23
1527,39314,549,3837,19312,5,0,1,0,2026-06-09 11:22:43,2026-06-11 16:43:00
1528,39314,550,3841,19312,5,0,1,0,2026-06-09 11:30:15,2026-06-09 11:30:15
1529,39314,550,3837,17484,5,0,1,0,2026-06-09 11:30:54,2026-06-11 11:15:42
1530,39314,551,3841,19044,2,0,1,0,2026-06-09 11:39:24,2026-06-09 11:39:24
1533,39314,551,3837,19044,2,0,1,0,2026-06-09 12:08:33,2026-06-09 12:08:33
1534,39314,463,3852,19046,4,0,1,0,2026-06-09 12:48:51,2026-06-09 12:48:51
1535,40312,553,4661,19320,5,0,1,0,2026-06-10 14:53:56,2026-06-10 14:53:56
1536,40312,553,4661,19134,5,0,1,0,2026-06-10 14:53:56,2026-06-10 14:53:56
1537,40312,553,4661,19200,5,0,1,0,2026-06-10 14:53:56,2026-06-10 14:53:56
1538,40312,553,4661,19321,5,0,1,0,2026-06-10 14:53:56,2026-06-10 14:53:56
1539,40312,553,4661,19322,5,0,1,0,2026-06-10 14:53:56,2026-06-10 14:53:56
1540,38860,554,4590,17715,4,0,1,0,2026-06-10 15:22:38,2026-06-10 15:22:38
1541,38872,556,4664,19329,4,0,1,0,2026-06-10 17:16:43,2026-06-10 17:16:43
1542,38872,556,4664,19330,4,0,1,0,2026-06-10 17:16:43,2026-06-10 17:16:43
1543,38872,556,4664,18478,4,0,1,0,2026-06-10 17:16:43,2026-06-10 17:16:43
1544,38872,558,4664,19329,4,0,1,0,2026-06-10 17:22:33,2026-06-10 17:22:33
1545,38872,558,4664,19269,5,0,1,0,2026-06-10 17:22:33,2026-06-10 17:22:33
1546,38872,559,4664,19329,3,0,1,0,2026-06-10 17:23:36,2026-06-10 17:23:36
1547,38872,559,4664,19218,5,0,1,0,2026-06-10 17:23:36,2026-06-10 17:23:36
1548,39001,543,4573,18980,1,0,1,0,2026-06-10 18:04:08,2026-06-11 12:32:18
1549,39001,543,4573,18980,1,0,1,0,2026-06-10 18:04:08,2026-06-11 12:32:18
1550,39314,560,3841,13874,5,0,1,0,2026-06-11 11:02:52,2026-06-11 16:52:25
1551,40325,561,4667,17290,3,1,1,0,2026-06-11 12:58:21,2026-06-11 14:41:02
1552,40325,561,4667,17781,4,1,1,0,2026-06-11 12:58:21,2026-06-11 14:41:02
1553,40325,562,4667,17589,4,1,1,0,2026-06-11 13:10:03,2026-06-11 14:41:02
1554,40325,562,4667,18012,4,1,1,0,2026-06-11 13:10:03,2026-06-11 14:41:02
1555,40325,563,4667,17781,4,1,1,0,2026-06-11 13:11:25,2026-06-11 14:41:02
1556,40325,563,4667,19315,4,1,1,0,2026-06-11 13:11:25,2026-06-11 14:41:02
1557,39314,549,3837,19312,4,0,1,0,2026-06-11 16:32:33,2026-06-11 16:32:33
1558,39314,560,3841,19059,5,0,1,0,2026-06-11 16:52:25,2026-06-11 16:52:25
1559,39239,564,4641,33,3,0,1,0,2026-06-11 17:01:15,2026-06-11 18:02:37
1560,39239,564,4641,13901,3,0,1,0,2026-06-11 17:01:15,2026-06-11 18:02:37
1561,39239,564,4641,19264,5,0,1,0,2026-06-11 17:12:19,2026-06-11 17:12:19
1562,40325,565,4667,17263,4,0,1,0,2026-06-11 17:25:43,2026-06-11 17:25:43
1563,19,566,4669,18206,3,0,1,0,2026-06-11 17:49:14,2026-06-11 17:49:14
1564,40325,567,4667,19167,4,0,1,0,2026-06-11 17:53:15,2026-06-11 17:53:15
1565,39239,568,4641,19338,5,0,1,0,2026-06-11 18:19:05,2026-06-11 18:19:05
1566,19,569,4669,19323,3,0,1,0,2026-06-11 18:23:22,2026-06-11 18:23:22
1567,19,569,4669,19339,4,0,1,0,2026-06-11 18:23:22,2026-06-11 18:23:22
1568,19,570,4669,19323,4,0,1,0,2026-06-11 18:23:49,2026-06-11 18:26:09
1569,19,570,4669,19339,3,0,1,0,2026-06-11 18:23:49,2026-06-11 18:29:15
1570,19,570,4669,19340,3,1,1,0,2026-06-11 18:23:49,2026-06-11 18:29:15
1571,19,571,4669,19323,4,0,1,0,2026-06-11 18:25:58,2026-06-11 18:25:58
1572,19,572,4622,15157,3,0,1,0,2026-06-11 18:47:35,2026-06-11 18:47:35
1573,40279,573,4660,19341,4,0,1,0,2026-06-11 18:49:27,2026-06-11 18:49:27
1574,40279,573,4660,19342,3,0,1,0,2026-06-11 18:49:27,2026-06-11 18:49:27
1575,40279,573,4660,19339,3,0,1,0,2026-06-11 18:49:27,2026-06-11 18:49:27
1576,39239,574,4664,19329,5,0,1,0,2026-06-11 19:09:40,2026-06-26 13:15:28
1577,19,575,4669,19323,3,0,1,0,2026-06-12 12:11:59,2026-06-12 12:49:54
1578,19,575,4669,19339,3,0,1,0,2026-06-12 12:11:59,2026-06-12 12:49:54
1579,40331,576,4672,17781,4,0,1,0,2026-06-12 13:28:14,2026-06-12 13:28:14
1580,40331,576,4672,19333,4,0,1,0,2026-06-12 13:28:14,2026-06-12 13:28:14
1581,19,577,4622,19102,3,0,1,0,2026-06-12 13:37:34,2026-06-12 13:38:02
1582,39314,578,3852,19216,5,0,1,0,2026-06-12 17:52:54,2026-06-12 17:52:54
1583,40279,579,4660,19341,5,0,1,0,2026-06-12 18:05:42,2026-06-12 18:05:42
1584,40355,580,4681,17781,4,0,1,0,2026-06-13 13:41:14,2026-06-13 15:06:55
1585,40355,580,4681,19333,4,0,1,0,2026-06-13 13:41:14,2026-06-13 15:06:55
1586,18,582,4609,19359,4,0,1,0,2026-06-13 15:24:37,2026-06-13 15:24:37
1587,40355,583,4681,18012,4,0,1,0,2026-06-13 16:39:39,2026-06-13 16:39:39
1588,40355,583,4681,19315,4,0,1,0,2026-06-13 16:39:39,2026-06-13 16:39:39
1589,40355,584,4681,17589,4,0,1,0,2026-06-13 17:05:56,2026-06-13 17:05:56
1590,40355,584,4681,17389,4,0,1,0,2026-06-13 17:05:56,2026-06-13 17:05:56
1591,40388,585,4691,17715,4,1,1,0,2026-06-16 13:33:36,2026-06-16 13:42:38
1592,40388,585,4691,19333,4,0,1,0,2026-06-16 13:33:36,2026-06-16 13:35:32
1593,40388,586,4691,17781,4,0,1,0,2026-06-16 13:38:45,2026-06-16 13:38:45
1594,40388,586,4691,18012,4,0,1,0,2026-06-16 13:38:45,2026-06-16 13:38:45
1595,39001,587,4535,19292,4,0,1,0,2026-06-18 16:54:27,2026-06-18 16:54:27
1596,18,588,4623,19046,5,0,1,0,2026-06-19 15:54:07,2026-07-08 13:23:00
1597,18,588,4623,19047,4,0,1,0,2026-06-19 15:54:07,2026-07-08 13:23:00
1598,18,588,4623,19216,4,0,1,0,2026-06-19 15:54:07,2026-07-08 13:23:00
1599,18,589,4609,19382,4,0,1,0,2026-06-19 16:25:02,2026-06-19 16:25:02
1600,18,589,4609,19383,1,0,1,0,2026-06-19 16:25:02,2026-06-19 16:25:02
1601,18,590,4609,19295,4,0,1,0,2026-06-19 16:25:29,2026-06-19 16:25:29
1602,18,590,4609,19384,5,0,1,0,2026-06-19 16:25:29,2026-06-19 16:25:29
1603,18,591,4609,19385,5,0,1,0,2026-06-19 16:31:04,2026-06-19 16:31:04
1604,40290,592,4708,15015,4,0,1,0,2026-06-19 16:39:31,2026-06-19 16:39:31
1605,40290,592,4708,19264,5,0,1,0,2026-06-19 16:39:31,2026-06-19 16:39:31
1606,40290,593,4708,17368,5,1,1,0,2026-06-19 16:40:05,2026-06-23 17:54:09
1607,40290,593,4708,17514,5,1,1,0,2026-06-19 16:40:05,2026-06-23 17:54:09
1608,40290,593,4708,18232,2,1,1,0,2026-06-19 16:40:05,2026-06-23 17:54:09
1609,40290,593,4708,18528,4,1,1,0,2026-06-19 16:40:05,2026-06-23 17:54:09
1610,40290,593,4708,19118,2,1,1,0,2026-06-19 16:40:05,2026-06-23 17:54:09
1611,40279,594,4686,18701,3,0,1,0,2026-06-20 11:27:52,2026-06-20 11:27:52
1612,40279,595,4686,19238,4,0,1,0,2026-06-20 11:28:07,2026-06-20 11:28:07
1613,39314,596,4664,19329,5,0,1,0,2026-06-20 12:34:28,2026-06-26 13:15:28
1614,39314,597,4691,14331,5,0,1,0,2026-06-20 15:58:38,2026-06-20 15:58:38
1615,40465,600,4709,19142,3,0,1,0,2026-06-22 16:42:46,2026-06-22 16:52:41
1616,40465,600,4709,19333,4,0,1,0,2026-06-22 16:42:46,2026-06-22 16:52:41
1617,40465,600,4709,19389,4,0,1,0,2026-06-22 16:42:46,2026-06-22 16:52:41
1618,40465,601,4709,17781,4,0,1,0,2026-06-22 16:43:35,2026-06-22 16:52:41
1619,40465,601,4709,19315,4,0,1,0,2026-06-22 16:43:35,2026-06-22 16:52:41
1620,40465,602,4709,19142,4,0,1,0,2026-06-22 16:49:43,2026-06-22 16:52:41
1621,40465,602,4709,19143,4,0,1,0,2026-06-22 16:49:43,2026-06-22 16:52:41
1622,19,603,4622,19070,4,0,1,0,2026-06-22 17:05:44,2026-06-22 17:05:44
1623,19,604,4622,19070,3,0,1,0,2026-06-22 18:05:14,2026-06-22 18:05:14
1624,38872,605,4710,15743,3,0,1,0,2026-06-23 13:25:05,2026-06-23 13:25:05
1625,38860,598,4691,13994,4,0,1,0,2026-06-23 15:05:41,2026-06-23 15:05:41
1626,40290,606,4708,19333,3,1,1,0,2026-06-23 17:43:40,2026-06-23 17:54:09
1627,40290,607,4708,16614,2,1,1,0,2026-06-23 17:51:32,2026-06-23 17:54:09
1628,38872,608,4715,17781,4,0,1,0,2026-06-24 14:42:55,2026-07-01 15:15:10
1629,38872,608,4715,19333,4,0,1,0,2026-06-24 14:42:55,2026-07-01 15:15:10
1630,38860,609,4716,17781,4,0,1,0,2026-06-25 17:47:05,2026-06-25 17:54:23
1631,38860,609,4716,19333,4,0,1,0,2026-06-25 17:47:05,2026-06-25 17:54:23
1632,38860,610,4716,19263,4,0,1,0,2026-06-25 17:48:18,2026-06-25 17:54:08
1633,38860,610,4716,19397,4,0,1,0,2026-06-25 17:54:08,2026-06-25 17:54:08
1634,38872,612,4726,14046,4,0,1,0,2026-06-26 11:29:14,2026-06-26 11:29:14
1635,40534,613,4747,17781,4,0,1,0,2026-07-01 16:50:17,2026-07-01 16:58:00
1636,40534,613,4747,19333,4,0,1,0,2026-07-01 16:50:17,2026-07-01 16:58:00
1637,40449,614,4742,19268,3,0,1,0,2026-07-06 15:05:54,2026-07-06 15:06:32
1638,40449,614,4742,19425,5,0,1,0,2026-07-06 15:05:54,2026-07-06 15:06:32
1639,40449,615,4742,19427,3,0,1,0,2026-07-06 15:46:52,2026-07-06 17:03:52
1640,40449,615,4742,19083,2,0,1,0,2026-07-06 15:46:52,2026-07-06 17:03:52
1641,40449,615,4742,14387,4,0,1,0,2026-07-06 15:46:52,2026-07-06 17:03:52
1642,18,616,4593,15152,4,1,1,0,2026-07-08 13:24:21,2026-07-08 18:42:27
1643,18,616,4593,19430,5,1,1,0,2026-07-08 13:24:21,2026-07-08 18:42:27
1644,18,616,4593,19431,5,1,1,0,2026-07-08 13:24:21,2026-07-08 18:42:27
1645,18,617,4593,15157,5,1,1,0,2026-07-08 13:24:33,2026-07-08 18:42:27
1646,18,617,4593,19432,3,1,1,0,2026-07-08 13:24:33,2026-07-08 18:42:27
1647,18,617,4593,19433,5,1,1,0,2026-07-08 13:24:33,2026-07-08 18:42:27
1648,18,618,4608,17325,4,1,1,0,2026-07-08 13:25:38,2026-07-08 18:43:05
1649,18,618,4608,19351,4,1,1,0,2026-07-08 13:25:38,2026-07-08 18:43:05
1650,40554,619,4782,19143,4,1,1,0,2026-07-08 13:38:01,2026-07-08 13:39:08
1651,40554,619,4782,19389,4,1,1,0,2026-07-08 13:38:01,2026-07-08 13:39:08
1652,40554,620,4782,19149,4,1,1,0,2026-07-08 13:38:13,2026-07-08 13:39:08
1653,40554,620,4782,19181,4,1,1,0,2026-07-08 13:38:13,2026-07-08 13:39:08
1654,40554,621,4782,19149,4,1,1,0,2026-07-08 13:38:20,2026-07-08 13:39:08
1655,40554,621,4782,19389,4,1,1,0,2026-07-08 13:38:20,2026-07-08 13:39:08
1656,18,622,4579,19430,5,1,1,0,2026-07-08 14:44:04,2026-07-08 14:50:15
1657,18,623,4579,19431,5,1,1,0,2026-07-08 14:44:12,2026-07-08 14:50:15
1658,18,624,4579,19434,4,1,1,0,2026-07-08 14:44:25,2026-07-08 14:50:15
1659,18,488,4578,19162,4,0,1,0,2026-07-08 14:48:11,2026-07-08 14:48:11
1660,18,632,4849,19434,5,1,1,0,2026-07-08 14:55:21,2026-07-08 14:56:28
1661,40265,633,4763,14583,4,0,1,0,2026-07-09 11:41:11,2026-07-09 11:42:06
1662,40265,633,4763,15152,3,0,1,0,2026-07-09 11:41:11,2026-07-09 11:42:06
1663,40265,633,4763,19437,4,0,1,0,2026-07-09 11:41:11,2026-07-09 11:42:06
1664,40265,634,4763,19158,4,0,1,0,2026-07-09 12:52:04,2026-07-09 12:55:45
1665,40265,634,4763,19416,4,0,1,0,2026-07-09 12:52:04,2026-07-09 12:55:45
1666,40265,635,4763,17514,4,0,1,0,2026-07-09 12:52:42,2026-07-09 12:55:41
1667,40265,635,4763,19159,5,0,1,0,2026-07-09 12:52:42,2026-07-09 12:55:41
1668,40265,636,4753,15153,3,0,1,0,2026-07-09 12:58:52,2026-07-09 12:58:52
1669,40265,636,4753,18133,5,0,1,0,2026-07-09 12:58:52,2026-07-09 12:58:52
1670,40265,637,4763,19333,5,0,1,0,2026-07-09 13:04:49,2026-07-09 13:04:49
1671,40265,637,4763,18464,4,0,1,0,2026-07-09 13:04:49,2026-07-09 13:04:49
1672,40660,638,0,19238,5,0,1,0,2026-07-09 18:31:56,2026-07-09 18:31:56
1673,40660,638,0,17484,4,0,1,0,2026-07-09 18:31:56,2026-07-09 18:31:56
1674,40660,639,4865,16634,4,0,1,0,2026-07-09 18:32:18,2026-07-09 18:32:18
1675,40660,640,0,19238,4,0,1,0,2026-07-09 18:36:28,2026-07-09 18:36:28
1676,40660,641,4865,19238,4,0,1,0,2026-07-09 18:38:24,2026-07-09 18:38:24
1677,40660,642,4865,19439,4,0,1,0,2026-07-11 10:36:36,2026-07-11 10:36:36
1678,40660,642,4865,19440,5,0,1,0,2026-07-11 10:36:36,2026-07-11 10:36:36
1679,40290,643,4850,17535,2,0,1,0,2026-07-13 13:33:07,2026-07-13 13:33:07
1680,40290,643,4850,19103,2,0,1,0,2026-07-13 13:33:07,2026-07-13 13:33:07
1681,40290,643,4850,19157,3,0,1,0,2026-07-13 13:33:07,2026-07-13 13:33:07
1682,40290,643,4850,19197,4,0,1,0,2026-07-13 13:33:07,2026-07-13 13:33:07
1683,40290,644,4850,14303,1,0,1,0,2026-07-13 13:33:24,2026-07-13 13:33:24
1684,40290,644,4850,19118,5,0,1,0,2026-07-13 13:33:24,2026-07-13 13:33:24
1685,40290,645,4850,19107,2,0,1,0,2026-07-13 13:33:36,2026-07-13 13:33:36
