id,name,image,status,user_defined,user_id,create_date,modify_date
1,IBM Data Science,,1,1,,,
2,Introduction to Data Science,,1,1,,,
3,Python for Everybody,,1,1,,,
4,Google IT Support,,1,1,,,
5,Deep Learning,,1,1,,,
6,The Science of Well-Being,,1,1,,,
7,Machine Learning,,1,1,,,
8,Applied Data Science,,1,1,,,
9,Cloud Architecture with Google Cloud,,1,1,,,
10,Cloud Engineering with Google Cloud,,1,1,,,
11,Architecting with Google Compute Engine,,1,1,,,
12,Business Foundations,,1,1,,,
13,Data Science,,1,1,,,
14,Data Engineering with Google Cloud,,1,1,,,
15,IBM Applied AI,,1,1,,,
16,"Data Engineering, Big Data, and Machine Learning on GCP",,1,1,,,
17,Excel Skills for Business,,1,1,,,
18,Data Science: Foundations using R,,1,1,,,
19,Architecting with Google Kubernetes Engine,,1,1,,,
20,Financial Markets,,1,1,,,
21,Developing Applications with Google Cloud Platform,,1,1,,,
22,Security in Google Cloud Platform,,1,1,,,
23,Networking in Google Cloud,,1,1,,,
24,Finance & Quantitative Modeling for Analysts,,1,1,,,
25,COVID-19 Contact Tracing,,1,1,,,
26,Business Analytics,,1,1,,,
27,Google IT Automation with Python,,1,1,,,
28,Business and Financial Modeling,,1,1,,,
29,Applied Data Science with Python,,1,1,,,
30,Graphic Design,,1,1,,,
31,Introduction to Psychology,,1,1,,,
32,TensorFlow in Practice,,1,1,,,
33,Digital Marketing,,1,1,,,
34,IBM AI Engineering,,1,1,,,
35,Project Management Principles and Practices,,1,1,,,
36,Python 3 Programming,,1,1,,,
37,Foundations of Positive Psychology,,1,1,,,
38,Project Management & Other Tools for Career Development,,1,1,,,
39,Entrepreneurship,,1,1,,,
40,Improve Your English Communication Skills,,1,1,,,
41,Excel to MySQL: Analytic Techniques for Business,,1,1,,,
42,Digital Product Management,,1,1,,,
43,Web Design for Everybody: Basics of Web Development & Coding,,1,1,,,
44,Technical Support Fundamentals,,1,1,,,
45,Psychological First Aid,,1,1,,,
46,Successful Negotiation: Essential Strategies and Skills,,1,1,,,
47,Data Analysis and Presentation Skills: the PwC Approach,,1,1,,,
48,Java Programming and Software Engineering Fundamentals,,1,1,,,
49,UI / UX Design,,1,1,,,
50,Programming for Everybody (Getting Started with Python),,1,1,,,
51,Mathematics for Machine Learning,,1,1,,,
52,Search Engine Optimization (SEO),,1,1,,,
53,Human Resource Management: HR for People Managers,,1,1,,,
54,Career Success,,1,1,,,
55,Supply Chain Management,,1,1,,,
56,Introduction to Negotiation: A Strategic Playbook for Becoming a Principled and Persuasive Negotiator,,1,1,,,
57,Social Media Marketing,,1,1,,,
58,Construction Management,,1,1,,,
59,Arizona State University TESOL,,1,1,,,
60,AI For Everyone,,1,1,,,
61,Achieving Personal and Professional Success,,1,1,,,
62,Data Visualization with Tableau,,1,1,,,
63,AWS Fundamentals,,1,1,,,
64,Neural Networks and Deep Learning,,1,1,,,
65,AI Foundations for Everyone,,1,1,,,
66,Software Product Management,,1,1,,,
67,Writing in the Sciences,,1,1,,,
68,AI for Medicine,,1,1,,,
69,Academic English: Writing,,1,1,,,
70,Algorithms,,1,1,,,
71,Digital Transformation,,1,1,,,
72,Leading People and Teams,,1,1,,,
73,Creative Writing,,1,1,,,
74,Agile Development,,1,1,,,
75,"Brand Management: Aligning Business, Brand and Behaviour",,1,1,,,
76,Fintech: Foundations & Applications of Financial Technology,,1,1,,,
77,"TESOL Certificate, Part 1: Teach English Now!",,1,1,,,
78,Stanford Introduction to Food and Health,,1,1,,,
79,Genomic Data Science,,1,1,,,
80,UCI Project Management,,1,1,,,
81,Statistics with R,,1,1,,,
82,Primeros Auxilios Psicológicos (PAP),,1,1,,,
83,Reinforcement Learning,,1,1,,,
84,Epidemiology in Public Health Practice,,1,1,,,
85,Learn SQL Basics for Data Science,,1,1,,,
86,Geographic Information Systems  (GIS),,1,1,,,
87,Data Structures and Algorithms,,1,1,,,
88,The Business of Health Care,,1,1,,,
89,Viral Marketing and How to Craft Contagious Content,,1,1,,,
90,Google Cloud Platform Fundamentals: Core Infrastructure,,1,1,,,
91,Object Oriented Programming in Java,,1,1,,,
92,Financial Accounting Fundamentals,,1,1,,,
93,The DIY Musician,,1,1,,,
94,Learning to Teach Online,,1,1,,,
95,Investment Management,,1,1,,,
96,IT Fundamentals for Cybersecurity,,1,1,,,
97,What is Data Science?,,1,1,,,
98,Methods and Statistics in Social Sciences,,1,1,,,
99,Management of Fashion and Luxury Companies,,1,1,,,
100,Regulatory Compliance,,1,1,,,
101,Social Psychology,,1,1,,,
102,Music Production,,1,1,,,
103,Fundamentals of Project Planning and Management,,1,1,,,
104,The Business of Music Production,,1,1,,,
105,Full-Stack Web Development with React,,1,1,,,
106,Design Thinking for Innovation,,1,1,,,
107,Strategic Leadership and Management,,1,1,,,
108,Business Statistics and Analysis,,1,1,,,
109,Photography Basics and Beyond: From Smartphone to DSLR,,1,1,,,
110,First Step Korean,,1,1,,,
111,Modern Art & Ideas,,1,1,,,
112,Excel Skills for Business: Essentials,,1,1,,,
113,Cisco Networking Basics,,1,1,,,
114,Learning How to Learn: Powerful mental tools to help you master tough subjects,,1,1,,,
115,Indigenous Canada,,1,1,,,
116,Advanced Machine Learning,,1,1,,,
117,Camino a la Excelencia en Gestión de Proyectos,,1,1,,,
118,Python Data Structures,,1,1,,,
119,The Singer Songwriter,,1,1,,,
120,Fashion as Design,,1,1,,,
121,Seeing Through Photographs,,1,1,,,
122,Business Strategy,,1,1,,,
123,Full Stack Web and Multiplatform Mobile App Development,,1,1,,,
124,Become a CBRS Certified Professional Installer by Google,,1,1,,,
125,Private Equity and Venture Capital,,1,1,,,
126,Machine Learning with TensorFlow on Google Cloud Platform,,1,1,,,
127,User Experience Research and Design,,1,1,,,
128,Accelerated Computer Science Fundamentals,,1,1,,,
129,Машинное обучение и анализ данных,,1,1,,,
130,Food & Beverage Management,,1,1,,,
131,Learn Spanish: Basic Spanish Vocabulary,,1,1,,,
132,"Improving Deep Neural Networks: Hyperparameter tuning, Regularization and Optimization",,1,1,,,
133,Anatomy,,1,1,,,
134,Marketing Analytics,,1,1,,,
135,Statistics with Python,,1,1,,,
136,Managing Innovation and Design Thinking,,1,1,,,
137,Biostatistics in Public Health,,1,1,,,
138,Electronic Music Production,,1,1,,,
139,Organizational Leadership,,1,1,,,
140,Big Data,,1,1,,,
141,G Suite Administration,,1,1,,,
142,Interaction Design,,1,1,,,
143,Executive Data Science,,1,1,,,
144,Excel/VBA for Creative Problem Solving,,1,1,,,
145,Investment Management with Python and Machine Learning,,1,1,,,
146,Game Theory,,1,1,,,
147,"Effective Communication: Writing, Design, and Presentation",,1,1,,,
148,Intellectual Property Law,,1,1,,,
149,The Bits and Bytes of Computer Networking,,1,1,,,
150,Tools for Data Science,,1,1,,,
151,Science of Exercise,,1,1,,,
152,Data Science: Statistics and Machine Learning,,1,1,,,
153,Fundamentals of Immunology,,1,1,,,
154,Six Sigma Yellow Belt,,1,1,,,
155,An Introduction to American Law,,1,1,,,
156,An Introduction to Programming the Internet of Things (IOT),,1,1,,,
157,Functional Programming in Scala,,1,1,,,
158,Business Strategies for A Better World,,1,1,,,
159,Python for Data Science and AI,,1,1,,,
160,Design and Interpretation of Clinical Trials,,1,1,,,
161,Good with Words: Writing and Editing,,1,1,,,
162,Advanced Data Science with IBM,,1,1,,,
163,The Art of Sales: Mastering the Selling Process,,1,1,,,
164,Self-Driving Cars,,1,1,,,
165,The Strategy of Content Marketing,,1,1,,,
166,Introduction to Marketing,,1,1,,,
167,Financial Engineering and Risk Management Part I,,1,1,,,
168,"HTML, CSS, and Javascript for Web Developers",,1,1,,,
169,Machine Learning for Trading,,1,1,,,
170,Introduction to Programming in C,,1,1,,,
171,Financial Management,,1,1,,,
172,Web Applications for Everybody,,1,1,,,
173,Become an EMT,,1,1,,,
174,Statistical Analysis with R for Public Health,,1,1,,,
175,Engineering Project Management,,1,1,,,
176,Futures Thinking,,1,1,,,
177,Fundamentals of Graphic Design,,1,1,,,
178,Marketing Mix Implementation,,1,1,,,
179,Google Cloud Platform Big Data and Machine Learning Fundamentals,,1,1,,,
180,Child Nutrition and Cooking,,1,1,,,
181,Vital Signs: Understanding What the Body Is Telling Us,,1,1,,,
182,Искусство разработки на современном C++,,1,1,,,
183,Fundamentals of Quantitative Modeling,,1,1,,,
184,Blockchain Revolution,,1,1,,,
185,Forensic Accounting and Fraud Examination,,1,1,,,
186,Moral Foundations of Politics,,1,1,,,
187,Finding Purpose and Meaning In Life: Living for What Matters Most,,1,1,,,
188,Fundamentals of Computing,,1,1,,,
189,SAS Programmer,,1,1,,,
190,Introduction to Discrete Mathematics for Computer Science,,1,1,,,
191,Learn English: Intermediate Grammar,,1,1,,,
192,International Women's Health and Human Rights,,1,1,,,
193,Étudier en France: French Intermediate course B1-B2,,1,1,,,
194,English for Career Development,,1,1,,,
195,Investment and Portfolio Management,,1,1,,,
196,Introduction to Data Science in Python,,1,1,,,
197,Crash Course on Python,,1,1,,,
198,Business English Communication Skills,,1,1,,,
199,Six Sigma Green Belt,,1,1,,,
200,Project Launch,,1,1,,,
201,Learn Chinese: HSK Test Preparation,,1,1,,,
202,Финансовые инструменты для частного инвестора,,1,1,,,
203,Structuring Machine Learning Projects,,1,1,,,
204,Inspired Leadership,,1,1,,,
205,Introduction to Cyber Security,,1,1,,,
206,Using Python to Access Web Data,,1,1,,,
207,"Hotel Management: Distribution, Revenue and Demand Management",,1,1,,,
208,Global Diplomacy – Diplomacy in the Modern World,,1,1,,,
209,Introduction to the Biology of Cancer,,1,1,,,
210,Dynamic Public Speaking,,1,1,,,
211,Initiating and Planning Projects,,1,1,,,
212,What Is Contemporary Art?,,1,1,,,
213,Music Business,,1,1,,,
214,Advanced Business Analytics,,1,1,,,
215,Convolutional Neural Networks,,1,1,,,
216,Animal Behaviour and Welfare,,1,1,,,
217,Game Design and Development,,1,1,,,
218,Infectious Disease Modelling,,1,1,,,
219,Organizational Analysis,,1,1,,,
220,CAD and Digital Manufacturing,,1,1,,,
221,Developing Your Musicianship,,1,1,,,
222,Positive Psychiatry and Mental Health,,1,1,,,
223,Managing the Company of the Future,,1,1,,,
224,Medical Neuroscience,,1,1,,,
225,Agile with Atlassian Jira,,1,1,,,
226,Russian for beginners А1. Русский язык: A1,,1,1,,,
227,"Everyday Excel, Part 1",,1,1,,,
228,Mathematics for Machine Learning: Linear Algebra,,1,1,,,
229,From Data to Insights with Google Cloud Platform,,1,1,,,
230,Integrative Health and Medicine,,1,1,,,
231,"Influencing: Storytelling, Change Management and Governance",,1,1,,,
232,Software Design and Architecture,,1,1,,,
233,Sports Marketing,,1,1,,,
234,Marketing Strategy,,1,1,,,
235,Introduction to Financial Accounting,,1,1,,,
236,Data Science Methodology,,1,1,,,
237,Game Design: Art and Concepts,,1,1,,,
238,Customer Analytics,,1,1,,,
239,Programming with Google Go,,1,1,,,
240,Understanding the Brain: The Neurobiology of Everyday Life,,1,1,,,
241,Trading Strategies in Emerging Markets,,1,1,,,
242,Autism Spectrum Disorder,,1,1,,,
243,Habilidades Gerenciales,,1,1,,,
244,Finance for Non-Finance Professionals,,1,1,,,
245,Object Oriented Java Programming: Data Structures and Beyond,,1,1,,,
246,Write Professional Emails in English,,1,1,,,
247,Pricing Strategy Optimization,,1,1,,,
248,Learn to Program: The Fundamentals,,1,1,,,
249,Chinese for Beginners,,1,1,,,
250,Bioinformatics,,1,1,,,
251,"Energy Production, Distribution & Safety",,1,1,,,
252,The Data Scientist’s Toolbox,,1,1,,,
253,Digital Manufacturing & Design Technology,,1,1,,,
254,Blockchain,,1,1,,,
255,Computational Thinking for Problem Solving,,1,1,,,
256,TensorFlow: Data and Deployment,,1,1,,,
257,Introduction to Dental Medicine,,1,1,,,
258,Claves de la Dirección de Empresas,,1,1,,,
259,Introduction to Systematic Review and Meta-Analysis,,1,1,,,
260,C# Programming for Unity Game Development,,1,1,,,
261,Digital Advertising Strategy,,1,1,,,
262,Digital Transformation in Financial Services,,1,1,,,
263,Economics of Money and Banking,,1,1,,,
264,"TESOL Certificate, Part 2: Teach English Now!",,1,1,,,
265,"Introduction to TensorFlow for Artificial Intelligence, Machine Learning, and Deep Learning",,1,1,,,
266,Программирование на Python,,1,1,,,
267,Excel Skills for Business: Intermediate I,,1,1,,,
268,Nutrición y obesidad: control de sobrepeso,,1,1,,,
269,Clinical Terminology for International and U.S. Students,,1,1,,,
270,An Introduction to Consumer Neuroscience & Neuromarketing,,1,1,,,
271,Health Informatics,,1,1,,,
272,U.S. Federal Taxation,,1,1,,,
273,Foundations of Management,,1,1,,,
274,Cryptography I,,1,1,,,
275,Introduction to Computer Science and Programming,,1,1,,,
276,Visual Elements of User Interface Design,,1,1,,,
277,Strategic Management and Innovation,,1,1,,,
278,Data Analysis with Python,,1,1,,,
279,Introduction to Philosophy,,1,1,,,
280,Business Technology Management,,1,1,,,
281,Behavioral Finance,,1,1,,,
282,"Negotiation, Mediation and Conflict Resolution",,1,1,,,
283,Probabilistic Graphical Models,,1,1,,,
284,Marketing Digital,,1,1,,,
285,English for Business and Entrepreneurship,,1,1,,,
286,Positive Psychology: Martin E. P. Seligman’s Visionary Science,,1,1,,,
287,Data Warehousing for Business Intelligence,,1,1,,,
288,Memoir and Personal Essay: Write About Yourself,,1,1,,,
289,Introductory Human Physiology,,1,1,,,
290,Essentials of Global Health,,1,1,,,
291,Databases and SQL for Data Science,,1,1,,,
292,Everyday Parenting: The ABCs of Child Rearing,,1,1,,,
293,Sustainable Fashion,,1,1,,,
294,Greek and Roman Mythology,,1,1,,,
295,Entrepreneurial Finance: Strategy and Innovation,,1,1,,,
296,The Power of Macroeconomics: Economic Principles in the Real World,,1,1,,,
297,Inspirational Leadership: Leading with Sense,,1,1,,,
298,Virtual Teacher,,1,1,,,
299,Introduction to Programming with MATLAB,,1,1,,,
300,Algorithms for Battery Management Systems,,1,1,,,
301,Modern Big Data Analysis with SQL,,1,1,,,
302,Branding: The Creative Journey,,1,1,,,
303,Culture-Driven Team Building,,1,1,,,
304,Learn English: Advanced Grammar and Punctuation,,1,1,,,
305,International Leadership and Organizational Behavior,,1,1,,,
306,Medical Cannabis: The Health Effects of THC and CBD,,1,1,,,
307,Moralities of Everyday Life,,1,1,,,
308,Architecting with Google Cloud Platform 日本語版,,1,1,,,
309,(ISC)² Systems Security Certified Practitioner (SSCP),,1,1,,,
310,Python Basics,,1,1,,,
311,Entrepreneurship 1: Developing the Opportunity,,1,1,,,
312,Introduction to English Common Law,,1,1,,,
313,Introduction to Scripting in Python,,1,1,,,
314,AI for Medical Diagnosis,,1,1,,,
315,Sequence Models,,1,1,,,
316,Advanced Machine Learning with TensorFlow on Google Cloud Platform,,1,1,,,
317,Patient Safety,,1,1,,,
318,Power Electronics,,1,1,,,
319,Introducción a la programación en Python I: Aprendiendo a programar con Python,,1,1,,,
320,Financial Markets and Investment Strategy,,1,1,,,
321,Foundational Finance for Strategic Decision Making,,1,1,,,
322,Introduction to Sustainability,,1,1,,,
323,Site Reliability Engineering: Measuring and Managing Reliability,,1,1,,,
324,Essential Google Cloud Infrastructure: Foundation,,1,1,,,
325,Wind Energy,,1,1,,,
326,Wine Tasting: Sensory Techniques for Wine Analysis,,1,1,,,
327,Addiction Treatment: Clinical Skills for Healthcare Providers,,1,1,,,
328,R Programming,,1,1,,,
329,Terrorism and Counterterrorism: Comparing Theory and Practice,,1,1,,,
330,Gamification,,1,1,,,
331,Financial Technology (Fintech) Innovations,,1,1,,,
332,Machine Learning with Python,,1,1,,,
333,The Manager's Toolkit: A Practical Guide to Managing People at Work,,1,1,,,
334,Introduction to HTML5,,1,1,,,
335,Operating Systems and You: Becoming a Power User,,1,1,,,
336,Oil & Gas Industry Operations and Markets,,1,1,,,
337,Fundamentals of Accounting,,1,1,,,
338,Contabilidad para no contadores,,1,1,,,
339,Become a Journalist: Report the News!,,1,1,,,
340,Managerial Economics and Business Analysis,,1,1,,,
341,Coaching Skills for Managers,,1,1,,,
342,Content Strategy for Professionals,,1,1,,,
343,Responsive Website Development and Design,,1,1,,,
344,Drug Discovery,,1,1,,,
345,Value Chain Management,,1,1,,,
346,Introduction to Mathematical Thinking,,1,1,,,
347,The Global Financial Crisis,,1,1,,,
348,"Advanced Valuation and Strategy - M&A, Private Equity, and Venture Capital",,1,1,,,
349,Machine Learning for Business Professionals,,1,1,,,
350,"GIS, Mapping, and Spatial Analysis",,1,1,,,
351,SAS Visual Business Analytics,,1,1,,,
352,Marketing in a Digital World,,1,1,,,
353,Communication Strategies for a Virtual Age,,1,1,,,
354,Supporting children with difficulties in reading and writing,,1,1,,,
355,e-Learning Ecologies: Innovative Approaches to Teaching and Learning for the Digital Age,,1,1,,,
356,Business Metrics for Data-Driven Companies,,1,1,,,
357,In the Studio: Postwar Abstract Painting,,1,1,,,
358,Robotics,,1,1,,,
359,"Presentation Skills: Speechwriting, Slides and Delivery",,1,1,,,
360,International Law in Action: the Arbitration of International Disputes,,1,1,,,
361,Blended Language Learning: Design and Practice for Teachers,,1,1,,,
362,Developing APIs with Google Cloud's Apigee API Platform,,1,1,,,
363,Construction Project Management,,1,1,,,
364,Weight Management: Beyond Balancing Calories,,1,1,,,
365,Learn to Speak Korean 1,,1,1,,,
366,Instructional Design Foundations and Applications,,1,1,,,
367,SQL for Data Science,,1,1,,,
368,Arts and Heritage Management,,1,1,,,
369,"Divide and Conquer, Sorting and Searching, and Randomized Algorithms",,1,1,,,
370,How to Play Guitar,,1,1,,,
371,Positive Psychology,,1,1,,,
372,Cloud Computing,,1,1,,,
373,"Programming Foundations with JavaScript, HTML and CSS",,1,1,,,
374,Finanzas corporativas,,1,1,,,
375,Introduction to Corporate Finance,,1,1,,,
376,Cybersecurity,,1,1,,,
377,"Speak English Professionally: In Person, Online & On the Phone",,1,1,,,
378,Understanding Medical Research: Your Facebook Friend is Wrong,,1,1,,,
379,Essentials in Clinical Simulations Across the Health Professions,,1,1,,,
380,Creative Thinking: Techniques and Tools for Success,,1,1,,,
381,Using Databases with Python,,1,1,,,
382,Introduction to Spreadsheets and Models,,1,1,,,
383,Data Mining,,1,1,,,
384,English for Journalism,,1,1,,,
385,International Organizations Management,,1,1,,,
386,American Contract Law I,,1,1,,,
387,Machine Learning and Reinforcement Learning in Finance,,1,1,,,
388,Innovation Management,,1,1,,,
389,"Anatomy of the Chest, Abdomen, and Pelvis",,1,1,,,
390,"Modern Robotics:  Mechanics, Planning, and Control",,1,1,,,
391,International Humanitarian Law in Theory and Practice,,1,1,,,
392,Marketing con Redes Sociales,,1,1,,,
393,Survey Data Collection and Analytics,,1,1,,,
394,Data Science Math Skills,,1,1,,,
395,Understanding Clinical Research: Behind the Statistics,,1,1,,,
396,Children's Human Rights - An Interdisciplinary Introduction,,1,1,,,
397,Epidemiology: The Basic Science of Public Health,,1,1,,,
398,IBM z/OS Mainframe Practitioner,,1,1,,,
399,Market Research,,1,1,,,
400,Fundraising and Development,,1,1,,,
401,Drug Development,,1,1,,,
402,Supply Chain Principles,,1,1,,,
403,Neurolinguistics,,1,1,,,
404,Fundamentos de Finanzas Empresariales,,1,1,,,
405,Global Procurement and Sourcing,,1,1,,,
406,AWS Fundamentals: Going Cloud-Native,,1,1,,,
407,Autodesk CAD/CAM/CAE for Mechanical Engineering,,1,1,,,
408,EDIVET: Do you have what it takes to be a veterinarian?,,1,1,,,
409,Practical Data Science with MATLAB,,1,1,,,
410,Negociación exitosa: Estrategias y habilidades esenciales (en español),,1,1,,,
411,Foundations of Global Health,,1,1,,,
412,IBM Customer Engagement Specialist Professional Certificate,,1,1,,,
413,"The Sustainable Development Goals – A global, transdisciplinary vision for the future",,1,1,,,
414,Python and Statistics for Financial Analysis,,1,1,,,
415,Introduction to International Criminal Law,,1,1,,,
416,Newborn Baby Care,,1,1,,,
417,Project Planning,,1,1,,,
418,Corporate Sustainability. Understanding and Seizing the Strategic Opportunity,,1,1,,,
419,Android App Development,,1,1,,,
420,Data-driven Decision Making,,1,1,,,
421,Creative Writing: The Craft of Plot,,1,1,,,
422,Grammar and Punctuation,,1,1,,,
423,Greening the Economy: Sustainable Cities,,1,1,,,
424,A Law Student's Toolkit,,1,1,,,
425,Global Diplomacy: the United Nations in the World,,1,1,,,
426,Rethinking International Tax Law,,1,1,,,
427,Build a Modern Computer from First Principles: From Nand to Tetris (Project-Centered Course),,1,1,,,
428,Gestión Empresarial Exitosa para Pymes,,1,1,,,
429,Virtual Reality,,1,1,,,
430,Finanzas personales,,1,1,,,
431,School Health for Children and Adolescents,,1,1,,,
432,People Analytics,,1,1,,,
433,Introduction to Classical Music,,1,1,,,
434,Introduction to Forensic Science,,1,1,,,
435,Data Visualization with Python,,1,1,,,
436,Introduction to User Experience Design,,1,1,,,
437,The Arts and Science of Relationships: Understanding Human Needs,,1,1,,,
438,Convolutional Neural Networks in TensorFlow,,1,1,,,
439,Introduction to Calculus,,1,1,,,
440,Réussir le Changement,,1,1,,,
441,Diversity and inclusion in the workplace,,1,1,,,
442,"The Modern World, Part One: Global History from 1760 to 1910",,1,1,,,
443,Digital Product Management: Modern Fundamentals,,1,1,,,
444,Essential Google Cloud Infrastructure: Core Services,,1,1,,,
445,Understanding Einstein: The Special Theory of Relativity,,1,1,,,
446,System Administration and IT Infrastructure Services,,1,1,,,
447,Understanding Research Methods,,1,1,,,
448,Astronomy: Exploring Time and Space,,1,1,,,
449,Основы Digital Маркетинга,,1,1,,,
450,Introduction to Cloud Computing,,1,1,,,
451,Introduction to Search Engine Optimization,,1,1,,,
452,What is Social?,,1,1,,,
453,Learn Mandarin Chinese,,1,1,,,
454,Preparing to Manage Human Resources,,1,1,,,
455,Claves para Gestionar Personas,,1,1,,,
456,Introduction to Cybersecurity Tools & Cyber Attacks,,1,1,,,
457,Dog Emotion and Cognition,,1,1,,,
458,Fundamental Neuroscience for Neuroimaging,,1,1,,,
459,Public Policy Challenges of the 21st Century,,1,1,,,
460,Essentials of Corporate Finance,,1,1,,,
461,Swift 5 iOS Application Developer,,1,1,,,
462,Devenir entrepreneur du changement,,1,1,,,
463,Leading: Human Resource Management and Leadership,,1,1,,,
464,Project Execution,,1,1,,,
465,Creative Problem Solving,,1,1,,,
466,Financing and Investing in Infrastructure,,1,1,,,
467,Japanese for beginners 1,,1,1,,,
468,Supply Chain Logistics,,1,1,,,
469,Fundamentals of GIS,,1,1,,,
470,Business English for Non-Native Speakers,,1,1,,,
471,Modernizing Data Lakes and Data Warehouses with GCP,,1,1,,,
472,Financial Acumen for Non-Financial Managers,,1,1,,,
473,Project Practicum with Multiple Projects,,1,1,,,
474,Operations Analytics,,1,1,,,
475,Introduction to Probability and Data,,1,1,,,
476,International Business Essentials,,1,1,,,
477,"Excel/VBA for Creative Problem Solving, Part 1",,1,1,,,
478,Introduction to Artificial Intelligence (AI),,1,1,,,
479,Introduction to Ancient Egypt and Its Civilization,,1,1,,,
480,Making Architecture,,1,1,,,
481,"Parallel, Concurrent, and Distributed Programming in Java",,1,1,,,
482,Soporte de Tecnologías de la Información de Google,,1,1,,,
483,Fundamentals of Immunology: Innate Immunity and B-Cell Function,,1,1,,,
484,Improving Communication Skills,,1,1,,,
485,Natural Language Processing in TensorFlow,,1,1,,,
486,Data Management for Clinical Research,,1,1,,,
487,Healthcare Law,,1,1,,,
488,Microeconomics Principles,,1,1,,,
489,Introduction to Genetics and Evolution,,1,1,,,
490,Supply Chain Finance and Blockchain Technology,,1,1,,,
491,Revisão Sistemática e Meta-análise,,1,1,,,
492,Agile Meets Design Thinking,,1,1,,,
493,Business Model Innovation,,1,1,,,
494,Understanding and Visualizing Data with Python,,1,1,,,
495,"Open Source Software Development, Linux and Git",,1,1,,,
496,Design-Led Strategy: Design thinking for business strategy and entrepreneurship,,1,1,,,
497,Optical Engineering,,1,1,,,
498,Object-Oriented Data Structures in C++,,1,1,,,
499,Principles of Sustainable Finance,,1,1,,,
500,Systems Biology and Biotechnology,,1,1,,,
501,Software Development Lifecycle,,1,1,,,
502,Learn English: Advanced Academic Speaking and Listening,,1,1,,,
503,COVID-19: What You Need to Know (CME Eligible),,1,1,,,
504,Inspiring and Motivating Individuals,,1,1,,,
505,Solar Energy Basics,,1,1,,,
506,Beyond the Sustainable Development Goals (SDGs): Addressing Sustainability and Development,,1,1,,,
507,Fundamentals of Reinforcement Learning,,1,1,,,
508,Competitive Strategy and Organization Design,,1,1,,,
509,Corporate Finance Essentials,,1,1,,,
510,IBM AI Enterprise Workflow,,1,1,,,
511,"FinTech: Foundations, Payments, and Regulations",,1,1,,,
512,How Things Work: An Introduction to Physics,,1,1,,,
513,Epidemics - the Dynamics of Infectious Diseases,,1,1,,,
514,Dino 101: Dinosaur Paleobiology,,1,1,,,
515,Success,,1,1,,,
516,Bayesian Statistics: From Concept to Data Analysis,,1,1,,,
517,Getting Started with Google Kubernetes Engine,,1,1,,,
518,Excel Skills for Business: Intermediate II,,1,1,,,
519,Mastering Software Development in R,,1,1,,,
520,Marketing Gerencial,,1,1,,,
521,The Addicted Brain,,1,1,,,
522,Big Data – Introducción al uso práctico de datos masivos,,1,1,,,
523,Computational Social Science,,1,1,,,
524,"Competencias digitales. Herramientas de ofimática (Microsoft Word, Excel, Power Point)",,1,1,,,
525,Anticorrupción: Introducción a conceptos y perspectiva práctica,,1,1,,,
526,Fundamentals of Visualization with Tableau,,1,1,,,
527,Mathematics for Data Science,,1,1,,,
528,Ancient Philosophy: Plato & His Predecessors,,1,1,,,
529,Architecting with Google Kubernetes Engine 日本語版,,1,1,,,
530,IT Security: Defense against the digital dark arts,,1,1,,,
531,FinTech Law and Policy,,1,1,,,
532,De-Mystifying Mindfulness,,1,1,,,
533,Social Impact Strategy: Tools for Entrepreneurs and Innovators,,1,1,,,
534,Essential Epidemiologic Tools for Public Health Practice,,1,1,,,
535,Developing Applications with Google Cloud Platform 日本語版,,1,1,,,
536,"Transmedia Storytelling: Narrative worlds, emerging technologies, and global audiences",,1,1,,,
537,International Security Management,,1,1,,,
538,Introducción a Data Science: Programación Estadística con R,,1,1,,,
539,Elastic Google Cloud Infrastructure: Scaling and Automation,,1,1,,,
540,"Social Norms, Social Change I",,1,1,,,
541,Troubles du spectre de l'autisme : diagnostic,,1,1,,,
542,Art & Activity: Interactive Strategies for Engaging with Art,,1,1,,,
543,Art & Ideas: Teaching with Themes,,1,1,,,
544,Healthcare Organization Operations,,1,1,,,
545,Java Programming: Solving Problems with Software,,1,1,,,
546,Conflict Management,,1,1,,,
547,Biology Meets Programming: Bioinformatics for Beginners,,1,1,,,
548,Embedding Sensors and Motors,,1,1,,,
549,The Pronunciation of American English,,1,1,,,
550,Investment Management in an Evolving and Volatile World by HEC Paris and AXA Investment Managers,,1,1,,,
551,Climate Change and Health: From Science to Action,,1,1,,,
552,Plant Bioinformatic Methods,,1,1,,,
553,Healthcare Marketplace,,1,1,,,
554,FinTech: Finance Industry Transformation and Regulation,,1,1,,,
555,International Law in Action: A Guide to the International Courts and Tribunals in The Hague,,1,1,,,
556,Fundamentals of Engineering Exam Review,,1,1,,,
557,Foundations of Public Health Practice,,1,1,,,
558,Design and Make Infographics (Project-Centered Course),,1,1,,,
559,Equine Welfare and Management,,1,1,,,
560,The Art of Music Production,,1,1,,,
561,Graphic Design Elements for Non-Designers,,1,1,,,
562,Mathematics for Machine Learning: Multivariate Calculus,,1,1,,,
563,Разработка интерфейсов: вёрстка и JavaScript,,1,1,,,
564,"Capstone: Retrieving, Processing, and Visualizing Data with Python",,1,1,,,
565,The Power of Microeconomics: Economic Principles in the Real World,,1,1,,,
566,Continuous Delivery & DevOps,,1,1,,,
567,Ecology: Ecosystem Dynamics and Conservation,,1,1,,,
568,"Epidemics, Pandemics and Outbreaks",,1,1,,,
569,Искусство ведения бизнеса,,1,1,,,
570,Teamwork Skills: Communicating Effectively in Groups,,1,1,,,
571,Anatomy: Musculoskeletal and Integumentary Systems,,1,1,,,
572,Miracles of Human Language: An Introduction to Linguistics,,1,1,,,
573,Writing and Editing: Word Choice and Word Order,,1,1,,,
574,Front-End Web UI Frameworks and Tools: Bootstrap 4,,1,1,,,
575,Healing with the Arts,,1,1,,,
576,English for Research Publication Purposes,,1,1,,,
577,"Cameras, Exposure, and Photography",,1,1,,,
578,Building Batch Data Pipelines on GCP,,1,1,,,
579,Epidemiology for Public Health,,1,1,,,
580,Budgeting and Scheduling Projects,,1,1,,,
581,AI for Medical Prognosis,,1,1,,,
582,Information Visualization,,1,1,,,
583,Engineering Project Management: Initiating and Planning,,1,1,,,
584,Supply Chain Analytics,,1,1,,,
585,Fundamentals of Music Theory,,1,1,,,
586,"Applied Plotting, Charting & Data Representation in Python",,1,1,,,
587,International migrations: a global issue,,1,1,,,
588,Egiptología (Egyptology),,1,1,,,
589,"Python Functions, Files, and Dictionaries",,1,1,,,
590,Financial Reporting,,1,1,,,
591,Managerial Accounting Fundamentals,,1,1,,,
592,Renewable Energy and Green Building Entrepreneurship,,1,1,,,
593,Aprender,,1,1,,,
594,Drug Commercialization,,1,1,,,
595,More Introduction to Financial Accounting,,1,1,,,
596,Introduction to Engineering Mechanics,,1,1,,,
597,Algorithmic Toolbox,,1,1,,,
598,Data Engineering on Google Cloud Platform 日本語版,,1,1,,,
599,Spacecraft Dynamics and Control,,1,1,,,
600,Практики анализа экономических данных от простого к сложному,,1,1,,,
601,Introduction to Web Development,,1,1,,,
602,Microeconomics: The Power of Markets,,1,1,,,
603,"Sequences, Time Series and Prediction",,1,1,,,
604,Cybersecurity for Business,,1,1,,,
605,Business Transformation with Google Cloud,,1,1,,,
606,Personal & Family Financial Planning,,1,1,,,
607,Spanish Vocabulary: Meeting People,,1,1,,,
608,Building Containerized Applications on AWS,,1,1,,,
609,Bayesian Statistics: Techniques and Models,,1,1,,,
610,The Oral Cavity: Portal to Health and Disease,,1,1,,,
611,Nutrition and Lifestyle in Pregnancy,,1,1,,,
612,Introduction to Environmental Law and Policy,,1,1,,,
613,Model Thinking,,1,1,,,
614,Administración de Proyectos: Principios Básicos,,1,1,,,
615,Dermatology: Trip to skin,,1,1,,,
616,Palo Alto Networks Cybersecurity,,1,1,,,
617,What is Compliance?,,1,1,,,
618,Sales Operations/Management,,1,1,,,
619,Implementación del Marketing Mix,,1,1,,,
620,Software Testing and Automation,,1,1,,,
621,Business Writing,,1,1,,,
622,Feminism and Social Justice,,1,1,,,
623,Social Policy for Social Services & Health Practitioners,,1,1,,,
624,Engineering Health: Introduction to Yoga and Physiology,,1,1,,,
625,Understanding Financial Markets,,1,1,,,
626,Get Interactive: Practical Teaching with Technology,,1,1,,,
627,Social and Economic Networks:  Models and Analysis,,1,1,,,
628,Getting Started with SAS Programming,,1,1,,,
629,Fundamentos de la escritura,,1,1,,,
630,Mastering Data Analysis in Excel,,1,1,,,
631,Sports and Society,,1,1,,,
632,Entrepreneurship: Launching an Innovative Business,,1,1,,,
633,"Information Systems Auditing, Controls and Assurance",,1,1,,,
634,Blockchain Revolution in Financial Services,,1,1,,,
635,Introduction to Typography,,1,1,,,
636,Corporate & Commercial Law I: Contracts & Employment Law,,1,1,,,
637,The Science of Training Young Athletes,,1,1,,,
638,Innovation: From Creativity to Entrepreneurship,,1,1,,,
639,Foundations of Marketing Analytics,,1,1,,,
640,Introduction to Data Analysis Using Excel,,1,1,,,
641,Driving business towards the Sustainable Development Goals,,1,1,,,
642,Kotlin for Java Developers,,1,1,,,
643,UX Design Fundamentals,,1,1,,,
644,Mastering Final Cut Pro,,1,1,,,
645,Managing Project Risks and Changes,,1,1,,,
646,Version Control with Git,,1,1,,,
647,Teach English Now! Foundational Principles,,1,1,,,
648,User Interface Design,,1,1,,,
649,Summary Statistics in Public Health,,1,1,,,
650,Information​ ​Systems,,1,1,,,
651,Python Programming: A Concise Introduction,,1,1,,,
652,Politics and Economics of International Energy,,1,1,,,
653,Introduction to Personal Branding,,1,1,,,
654,Think Again I: How to Understand Arguments,,1,1,,,
655,Entrepreneurship 2: Launching your Start-Up,,1,1,,,
656,L'excellence opérationnelle en pratique,,1,1,,,
657,Implementing RPA with Cognitive Automation and Analytics,,1,1,,,
658,Aprendiendo a aprender: Poderosas herramientas mentales con las que podrás dominar temas difíciles (Learning How to Learn),,1,1,,,
659,Développement psychologique de l'enfant,,1,1,,,
660,Mindshift: Break Through Obstacles to Learning and Discover Your Hidden Potential,,1,1,,,
661,Data Analytics for Lean Six Sigma,,1,1,,,
662,Leadership in 21st Century Organizations,,1,1,,,
663,Implant Dentistry,,1,1,,,
664,Getting Started with Google Sheets,,1,1,,,
665,Information Security: Context and Introduction,,1,1,,,
666,The Horse Course: Introduction to Basic Care and Management,,1,1,,,
667,Entrepreneurship Strategy: From Ideation to Exit,,1,1,,,
668,Introduction to Operations Management,,1,1,,,
669,Julia Scientific Programming,,1,1,,,
670,Gestión de organizaciones efectivas,,1,1,,,
671,Tricky American English Pronunciation,,1,1,,,
672,Business English,,1,1,,,
673,Analysing: Numeric and digital literacies,,1,1,,,
674,Applied Data Science Capstone,,1,1,,,
675,Smart Cities – Management of Smart Urban Infrastructures,,1,1,,,
676,Introduction to Portfolio Construction and Analysis with Python,,1,1,,,
677,Objetivos de desarrollo sostenible para América Latina y el Caribe,,1,1,,,
678,The Teacher and Social and Emotional Learning (SEL),,1,1,,,
679,Developing the SIR Model,,1,1,,,
680,Les Fondamentaux de la Négociation,,1,1,,,
681,Building Conversational Experiences with Dialogflow,,1,1,,,
682,C for Everyone: Programming Fundamentals,,1,1,,,
683,Introduction to CSS3,,1,1,,,
684,Circular Economy - Sustainable Materials Management,,1,1,,,
685,Getting Started with AWS Machine Learning,,1,1,,,
686,Building Scalable Java Microservices with Spring Boot and Spring Cloud,,1,1,,,
687,Using Python to Interact with the Operating System,,1,1,,,
688,Global Energy and Climate Policy,,1,1,,,
689,Probability and Statistics: To p or not to p?,,1,1,,,
690,Democracia y decisiones públicas. Introducción al análisis de políticas públicas,,1,1,,,
691,English Composition I,,1,1,,,
692,Search Engine Optimization Fundamentals,,1,1,,,
693,European Business Law: Understanding the Fundamentals,,1,1,,,
694,Sustainable Tourism – promoting environmental public health,,1,1,,,
695,The Truth About Cats and Dogs,,1,1,,,
696,ADHD: Everyday Strategies for Elementary Students,,1,1,,,
697,Managing Social and Human Capital,,1,1,,,
698,"Introduction to Trading, Machine Learning & GCP",,1,1,,,
699,Songwriting: Writing the Lyrics,,1,1,,,
700,Costos para los Negocios,,1,1,,,
701,Introduction to Public Speaking,,1,1,,,
702,Problem Solving with Excel,,1,1,,,
703,Finance for Non-Financial Managers,,1,1,,,
704,Exploring Renewable Energy Schemes,,1,1,,,
705,The Technology of Music Production,,1,1,,,
706,Customer Segmentation and Prospecting,,1,1,,,
707,Éxito Profesional,,1,1,,,
708,Introduction to Economic Theories,,1,1,,,
709,Positive Psychology: Applications and Interventions,,1,1,,,
710,Design Thinking for the Greater Good: Innovation in the Social Sector,,1,1,,,
711,Spanish for Successful Communication in Healthcare Settings,,1,1,,,
712,The Social Context of Mental Health and Illness,,1,1,,,
713,"Recruiting, Hiring, and Onboarding Employees",,1,1,,,
714,Corporate Strategy,,1,1,,,
715,Systems Thinking In Public Health,,1,1,,,
716,Excel Skills for Business: Advanced,,1,1,,,
717,Gender and Sexuality: Diversity and Inclusion in the Workplace,,1,1,,,
718,Programming Fundamentals,,1,1,,,
719,Municipal Solid Waste Management in Developing Countries,,1,1,,,
720,Basic Statistics,,1,1,,,
721,The Science of Stem Cells,,1,1,,,
722,Econometrics: Methods and Applications,,1,1,,,
723,The Cycle: Management of Successful Arts and Cultural Organizations,,1,1,,,
724,Machine Learning for All,,1,1,,,
725,Geopolítica y gobernanza global: riesgos y oportunidades,,1,1,,,
726,Основы программирования на Python,,1,1,,,
727,Roman Architecture,,1,1,,,
728,Esports,,1,1,,,
729,A Life of Happiness and Fulfillment,,1,1,,,
730,Hacia una práctica constructivista en el aula,,1,1,,,
731,Preparing for the Google Cloud Associate Cloud Engineer Exam,,1,1,,,
732,Applied Machine Learning in Python,,1,1,,,
733,International Marketing & Cross Industry Growth,,1,1,,,
734,Art & Inquiry: Museum Teaching Strategies For Your Classroom,,1,1,,,
735,"Leading for Equity, Diversity and Inclusion in Higher Education",,1,1,,,
736,Interviewing and Resume Writing in English,,1,1,,,
737,"English for Science, Technology, Engineering, and Mathematics",,1,1,,,
738,Discrete Optimization,,1,1,,,
739,Introduction to Breast Cancer,,1,1,,,
740,Nanotechnology: A Maker’s Course,,1,1,,,
741,Marketing Verde,,1,1,,,
742,Six Sigma Principles,,1,1,,,
743,Introduction to G Suite,,1,1,,,
744,Farmacología para odontólogos,,1,1,,,
745,Internet Connection: How to Get Online?,,1,1,,,
746,Schizophrenia,,1,1,,,
747,Autodesk Certified Professional: Revit for Architectural Design Exam Prep,,1,1,,,
748,Cuidado de heridas en el ámbito hospitalario,,1,1,,,
749,Global Environmental Management,,1,1,,,
750,Guitar for Beginners,,1,1,,,
751,Write A Feature Length Screenplay For Film Or Television,,1,1,,,
752,Strategic Business Analytics,,1,1,,,
753,How to Start Your Own Business,,1,1,,,
754,"The Modern World, Part Two: Global History since 1910",,1,1,,,
755,Stanford's Short Course on Breastfeeding,,1,1,,,
756,Bugs 101: Insect-Human Interactions,,1,1,,,
757,Chemicals and Health,,1,1,,,
758,"Resilience in Children Exposed to Trauma, Disaster and War: Global Perspectives",,1,1,,,
759,Health Information Literacy for Data Analytics,,1,1,,,
760,Access Controls,,1,1,,,
761,Perfect Tenses and Modals,,1,1,,,
762,Autodesk Certified Professional: AutoCAD for Design and Drafting Exam Prep,,1,1,,,
763,Probabilistic Graphical Models 1: Representation,,1,1,,,
764,Understanding Plants - Part I: What a Plant Knows,,1,1,,,
765,Industrial IoT on Google Cloud Platform,,1,1,,,
766,Unity XR: How to Build AR and VR Apps,,1,1,,,
767,Improving Leadership & Governance in Nonprofit Organizations,,1,1,,,
768,Introduction to Blockchain Technologies,,1,1,,,
769,Leading Healthcare Quality and Safety,,1,1,,,
770,Cryptocurrency and Blockchain: An Introduction to Digital Currencies,,1,1,,,
771,Understanding International Relations Theory,,1,1,,,
772,Big History: Connecting Knowledge,,1,1,,,
773,AI For Medical Treatment,,1,1,,,
774,Introduction to Intellectual Property,,1,1,,,
775,Keeping up with Change: Issues for the Finance Professional,,1,1,,,
776,Building Resilient Streaming Analytics Systems on GCP,,1,1,,,
777,Becoming a Sports Agent,,1,1,,,
778,"Creatividad, diseño e innovación: Técnicas y herramientas",,1,1,,,
779,Race and Cultural Diversity in American Life and History,,1,1,,,
780,Positive Psychology: Resilience Skills,,1,1,,,
781,El Abogado del Futuro: Legaltech y la Transformación Digital del Derecho,,1,1,,,
782,COVID-19 - A clinical update,,1,1,,,
783,Introduction to Embedded Systems Software and Development Environments,,1,1,,,
784,Introduction to Electronics,,1,1,,,
785,Modeling Risk and Realities,,1,1,,,
786,Process Mining: Data science in Action,,1,1,,,
787,iOS App Development with Swift,,1,1,,,
788,"Globalization, Economic Growth and Stability",,1,1,,,
789,Introduction to User Experience Principles and Processes,,1,1,,,
790,From the Big Bang to Dark Energy,,1,1,,,
791,Industrial Biotechnology,,1,1,,,
792,Introduction to Statistics & Data Analysis in Public Health,,1,1,,,
793,Introduction to Software Product Management,,1,1,,,
794,Dairy Production and Management,,1,1,,,
795,Introduction to Chemistry:  Reactions and Ratios,,1,1,,,
796,Computer Security and Systems Management,,1,1,,,
797,Requirements Engineering: Secure Software  Specifications,,1,1,,,
798,Desarrollo de aplicaciones móviles con Android,,1,1,,,
799,Introduction to FPGA Design for Embedded Systems,,1,1,,,
800,Developing Industrial Internet of Things,,1,1,,,
801,The Changing Global Order,,1,1,,,
802,Health Behavior Change: From Evidence to Action,,1,1,,,
803,Accounting Analytics,,1,1,,,
804,Magic in the Middle Ages,,1,1,,,
805,"C++ For C Programmers, Part A",,1,1,,,
806,Understanding Cancer Metastasis,,1,1,,,
807,Antibiotic Stewardship,,1,1,,,
808,Fundamentos de Excel para Negocios,,1,1,,,
809,Introduction to Cyber Attacks,,1,1,,,
810,Stories of Infection,,1,1,,,
811,Introduction to solar cells,,1,1,,,
812,Becoming a changemaker: Introduction to Social Innovation,,1,1,,,
813,Data Visualization and Communication with Tableau,,1,1,,,
814,AWS Fundamentals: Addressing Security Risk,,1,1,,,
815,Introduction to Self-Driving Cars,,1,1,,,
816,Practical Time Series Analysis,,1,1,,,
817,Enterprise Architecture,,1,1,,,
818,Reporting extra-financier et stratégie RSE,,1,1,,,
819,Gut Check: Exploring Your Microbiome,,1,1,,,
820,Arts and Culture Strategy,,1,1,,,
821,Strategic Sales Management,,1,1,,,
822,The hidden value – Lean in manufacturing and services,,1,1,,,
823,"Corrección, estilo y  variaciones de la lengua española",,1,1,,,
824,Accounting for Decision Making,,1,1,,,
825,Security & Safety Challenges in a Globalized World,,1,1,,,
826,Control of Mobile Robots,,1,1,,,
827,Introduction to Business Analytics: Communicating with Data,,1,1,,,
828,Foundations of Business Strategy,,1,1,,,
829,Leadership Development for Engineers,,1,1,,,
830,Getting Started With Music Theory,,1,1,,,
831,"Sleep: Neurobiology, Medicine, and Society",,1,1,,,
832,Getting Started with Go,,1,1,,,
833,Strategy and Sustainability,,1,1,,,
834,Dentistry 101,,1,1,,,
835,Atención Primaria en Salud: El desafío de las Enfermedades no Transmisibles,,1,1,,,
836,Introduction to Systems Engineering,,1,1,,,
837,Managing Major Engineering Projects,,1,1,,,
838,Business English: Networking,,1,1,,,
839,Code Yourself! An Introduction to Programming,,1,1,,,
840,Auditing I: Conceptual Foundations of Auditing,,1,1,,,
841,Periodismo digital y combate a las fake news,,1,1,,,
842,Boosting Creativity for Innovation,,1,1,,,
843,Data Collection and Processing with Python,,1,1,,,
844,Excel aplicado a los negocios (Nivel Avanzado),,1,1,,,
845,Unraveling the Cycling City,,1,1,,,
846,Supply Chain Operations,,1,1,,,
847,The Science of Success: What Researchers Know that You Should Know,,1,1,,,
848,Cloud Computing Basics (Cloud 101),,1,1,,,
849,"Introduction to Self-Determination Theory: An approach to motivation, development and wellness",,1,1,,,
850,Functional Programming Principles in Scala,,1,1,,,
851,Sample-based Learning Methods,,1,1,,,
852,Foundations of Everyday Leadership,,1,1,,,
853,Antimicrobial resistance - theory and methods,,1,1,,,
854,Challenging Forensic Science: How Science Should Speak to Court,,1,1,,,
855,Love as a Force for Social Justice,,1,1,,,
856,Palliative Care: It's Not Just Hospice Anymore,,1,1,,,
857,Understanding Modern Finance,,1,1,,,
858,Математика и Python для анализа данных,,1,1,,,
859,Become a Sustainable Business Change Agent,,1,1,,,
860,Sales Training for High Performing Teams,,1,1,,,
861,International Cyber Conflicts,,1,1,,,
862,Quantitative Methods,,1,1,,,
863,Diseño Instruccional: Aprendizaje activo y Pedagogía digital,,1,1,,,
864,Introduction to Imagemaking,,1,1,,,
865,"Smart Analytics, Machine Learning, and AI on GCP",,1,1,,,
866,Cuidados y procedimientos generales en la atención del recién nacido,,1,1,,,
867,Global Financing Solutions  (by EDHEC and Société Générale),,1,1,,,
868,Sharpened Visions: A Poetry Workshop,,1,1,,,
869,Materials Science: 10 Things Every Engineer Should Know,,1,1,,,
870,Data Analysis and Interpretation,,1,1,,,
871,The 3D Printing Revolution,,1,1,,,
872,Cómo hablar bien en público,,1,1,,,
873,"Innovation Through Design: Think, Make, Break, Repeat",,1,1,,,
874,Computational Neuroscience,,1,1,,,
875,Análisis de Datos para la toma de decisiones,,1,1,,,
876,Architecting Hybrid Cloud Infrastructure with Anthos,,1,1,,,
877,Biohacking Your Brain's Health,,1,1,,,
878,Emerging Technologies: From Smartphones to IoT to Big Data,,1,1,,,
879,Recommender Systems,,1,1,,,
880,Financial Engineering and Risk Management Part II,,1,1,,,
881,Entrepreneurship 3: Growth Strategies,,1,1,,,
882,"Living with Dementia: Impact on Individuals, Caregivers, Communities and Societies",,1,1,,,
883,Electric Industry Operations and Markets,,1,1,,,
884,Blockchain: Foundations and Use Cases,,1,1,,,
885,Internet Giants: The Law and Economics of Media Platforms,,1,1,,,
886,Secure Coding Practices,,1,1,,,
887,Code Free Data Science,,1,1,,,
888,Astrobiology and the Search for Extraterrestrial Life,,1,1,,,
889,Introduction to Molecular Spectroscopy,,1,1,,,
890,Introduction to Computer Programming,,1,1,,,
891,The fundamentals of hotel distribution,,1,1,,,
892,Homeland Security and Cybersecurity,,1,1,,,
893,Software Processes and Agile Practices,,1,1,,,
894,Geopolitics of Europe,,1,1,,,
895,Wonders of Ancient Egypt,,1,1,,,
896,Machine Learning Foundations: A Case Study Approach,,1,1,,,
897,Mathematical Thinking in Computer Science,,1,1,,,
898,Getting Started with AI using IBM Watson,,1,1,,,
899,Chinese for HSK 1,,1,1,,,
900,Development of Secure Embedded Systems,,1,1,,,
901,Global Financial Markets and Instruments,,1,1,,,
902,Global Trends for Business and Society,,1,1,,,
903,Effective Business Presentations with Powerpoint,,1,1,,,
904,Construction Cost Estimating and Cost Control,,1,1,,,
905,Math behind Moneyball,,1,1,,,
906,Social Entrepreneurship,,1,1,,,
907,What future for education?,,1,1,,,
908,Music Business Foundations,,1,1,,,
909,Introdução à Ciência da Computação com Python Parte 1,,1,1,,,
910,Script Writing: Write a Pilot Episode for a TV or Web Series (Project-Centered Course),,1,1,,,
911,Actualización en el manejo del paciente con diabetes mellitus tipo 2,,1,1,,,
912,Teaching Character and Creating Positive Classrooms,,1,1,,,
913,Introduction to Accounting Data Analytics and Visualization,,1,1,,,
914,Introduction to Augmented Reality and ARCore,,1,1,,,
915,Liderazgo efectivo para el siglo XXI,,1,1,,,
916,Digital Analytics for Marketing Professionals: Marketing Analytics in Theory,,1,1,,,
917,Introduction to Genomic Technologies,,1,1,,,
918,Building Cloud Services with the Java Spring Framework,,1,1,,,
919,Communication Skills for Engineers,,1,1,,,
920,Foundations of Data Science: K-Means Clustering in Python,,1,1,,,
921,Getting and Cleaning Data,,1,1,,,
922,Major Depression in the Population: A Public Health Approach,,1,1,,,
923,Stochastic processes,,1,1,,,
924,Sustentabilidad y Economías Sociales,,1,1,,,
925,Inclusión social de personas con discapacidad desde un enfoque de derechos.,,1,1,,,
926,Managing Your Health: The Role of Physical Therapy and Exercise,,1,1,,,
927,Construction Scheduling,,1,1,,,
928,Advertising and Society,,1,1,,,
929,Explorando la Energía Sustentable,,1,1,,,
930,How Google does Machine Learning,,1,1,,,
931,Instructional Methods in Health Professions Education,,1,1,,,
932,Claves para la innovación en la docencia universitaria,,1,1,,,
933,Hardware Description Languages for FPGA Design,,1,1,,,
934,"Ready, Set, Future! Introduction to Futures Thinking",,1,1,,,
935,Linear Circuits 1: DC Analysis,,1,1,,,
936,Introduction to Thermodynamics: Transferring Energy from Here to There,,1,1,,,
937,Agile Analytics,,1,1,,,
938,Six Sigma and the Organization (Advanced),,1,1,,,
939,Research Data Management and Sharing,,1,1,,,
940,Корпоративные финансы и стоимость компании,,1,1,,,
941,Python Classes and Inheritance,,1,1,,,
942,Unity Certified Programmer Exam Preparation,,1,1,,,
943,Introduction to Game Development,,1,1,,,
944,Russian Alphabet,,1,1,,,
945,Essential Design Principles for Tableau,,1,1,,,
946,Data Visualization with Advanced Excel,,1,1,,,
947,Classical Sociological Theory,,1,1,,,
948,A Crash Course in Data Science,,1,1,,,
949,Write Your First Novel,,1,1,,,
950,Pensamiento Científico,,1,1,,,
951,Introduction to Key Constitutional Concepts and Supreme Court Cases,,1,1,,,
952,Representaciones culturales de las sexualidades,,1,1,,,
953,Cost and Economics in Pricing Strategy,,1,1,,,
954,Ordered Data Structures,,1,1,,,
955,EMT Foundations,,1,1,,,
956,Introducción a la Minería de Datos,,1,1,,,
957,Financial Planning for Young Adults,,1,1,,,
958,Ecosystem Services: a Method for Sustainable Development,,1,1,,,
959,Fundamentals of Scalable Data Science,,1,1,,,
960,The Ancient Greeks,,1,1,,,
961,The Science of Gastronomy,,1,1,,,
962,Mindware: Critical Thinking for the Information Age,,1,1,,,
963,Autodesk CAD/CAM for Manufacturing,,1,1,,,
964,Ancient Philosophy: Aristotle and His Successors,,1,1,,,
965,Mathematics for Machine Learning: PCA,,1,1,,,
966,Teach English Now! Teaching Language Online,,1,1,,,
967,Bacteria and Chronic Infections,,1,1,,,
968,Queering Identities: LGBTQ+ Sexuality and Gender Identity,,1,1,,,
969,Aspectos básicos de la planificación y la gestión de proyectos,,1,1,,,
970,Foundations for Big Data Analysis with SQL,,1,1,,,
971,Cultural Competence - Aboriginal Sydney,,1,1,,,
972,Blockchain Basics,,1,1,,,
973,"Graph Search, Shortest Paths, and Data Structures",,1,1,,,
974,Building Your Leadership Skills,,1,1,,,
975,Эффективный руководитель,,1,1,,,
976,Mastering bitumen for better roads and innovative applications,,1,1,,,
977,Privacy Law and Data Protection,,1,1,,,
978,Reducing Gun Violence in America: Evidence for Change,,1,1,,,
979,Healthcare Trends for Business Professionals,,1,1,,,
980,Preparing for the Google Cloud Professional Data Engineer Exam,,1,1,,,
981,Front-End Web Development with React,,1,1,,,
982,Formulación y evaluación de proyectos complejos,,1,1,,,
983,Scalable Machine Learning on Big Data using Apache Spark,,1,1,,,
984,Python,,1,1,,,
985,Effective Compliance Programs,,1,1,,,
986,University Teaching,,1,1,,,
987,History of Medical Cannabis,,1,1,,,
988,Learn English,,1,1,,,
989,Electric Power Systems,,1,1,,,
990,Strategic Business Management - Microeconomics,,1,1,,,
991,Strategic Management,,1,1,,,
992,Estadística y probabilidad,,1,1,,,
993,Introduction to Machine Learning,,1,1,,,
994,Introduction to Applied Cryptography,,1,1,,,
995,Generative AI,,1,1,,,
996,Natural Language Processing,,1,1,,,
997,Large Language Models,,1,1,,,
998,Stable Diffusion and Deep Learning,,1,1,,,
999,Large Language Models and Prompt Engineering,,1,1,,,
1000,Computer Vision,,1,1,,,
1001,Linear Algebra,,1,1,,,
1002,MLOps,,1,1,,,
1003,Multimodal Machine Learning,,1,1,,,
1004,Deep Multi-Task and Meta Learning,,1,1,,,
1005,Transformers,,1,1,,,
1006,Natural Language Processing and Transformers,,1,1,,,
1007,Artificial Intelligence,,1,1,,,
1008,Statistics and Probability,,1,1,,,
1009,GENERAL AGRICULTURE,,1,1,,,
1010,AGRICULTURE PRODUCTION AND MANAGEMENT,,1,1,,,
1011,AGRICULTURAL ECONOMICS,,1,1,,,
1012,ANIMAL SCIENCES,,1,1,,,
1013,FOOD SCIENCE,,1,1,,,
1014,PLANT SCIENCE AND AGRONOMY,,1,1,,,
1015,SOIL SCIENCE,,1,1,,,
1016,MISCELLANEOUS AGRICULTURE,,1,1,,,
1017,FORESTRY,,1,1,,,
1018,NATURAL RESOURCES MANAGEMENT,,1,1,,,
1019,FINE ARTS,,1,1,,,
1020,DRAMA AND THEATER ARTS,,1,1,,,
1021,MUSIC,,1,1,,,
1022,VISUAL AND PERFORMING ARTS,,1,1,,,
1023,COMMERCIAL ART AND GRAPHIC DESIGN,,1,1,,,
1024,FILM VIDEO AND PHOTOGRAPHIC ARTS,,1,1,,,
1025,STUDIO ARTS,,1,1,,,
1026,MISCELLANEOUS FINE ARTS,,1,1,,,
1027,ENVIRONMENTAL SCIENCE,,1,1,,,
1028,BIOLOGY,,1,1,,,
1029,BIOCHEMICAL SCIENCES,,1,1,,,
1030,BOTANY,,1,1,,,
1031,MOLECULAR BIOLOGY,,1,1,,,
1032,ECOLOGY,,1,1,,,
1033,GENETICS,,1,1,,,
1034,MICROBIOLOGY,,1,1,,,
1035,PHARMACOLOGY,,1,1,,,
1036,PHYSIOLOGY,,1,1,,,
1037,ZOOLOGY,,1,1,,,
1038,NEUROSCIENCE,,1,1,,,
1039,MISCELLANEOUS BIOLOGY,,1,1,,,
1040,COGNITIVE SCIENCE AND BIOPSYCHOLOGY,,1,1,,,
1041,GENERAL BUSINESS,,1,1,,,
1042,ACCOUNTING,,1,1,,,
1043,ACTUARIAL SCIENCE,,1,1,,,
1044,BUSINESS MANAGEMENT AND ADMINISTRATION,,1,1,,,
1045,OPERATIONS LOGISTICS AND E-COMMERCE,,1,1,,,
1046,BUSINESS ECONOMICS,,1,1,,,
1047,MARKETING AND MARKETING RESEARCH,,1,1,,,
1048,FINANCE,,1,1,,,
1049,HUMAN RESOURCES AND PERSONNEL MANAGEMENT,,1,1,,,
1050,INTERNATIONAL BUSINESS,,1,1,,,
1051,HOSPITALITY MANAGEMENT,,1,1,,,
1052,MANAGEMENT INFORMATION SYSTEMS AND STATISTICS,,1,1,,,
1053,MISCELLANEOUS BUSINESS & MEDICAL ADMINISTRATION,,1,1,,,
1054,COMMUNICATIONS,,1,1,,,
1055,JOURNALISM,,1,1,,,
1056,MASS MEDIA,,1,1,,,
1057,ADVERTISING AND PUBLIC RELATIONS,,1,1,,,
1058,COMMUNICATION TECHNOLOGIES,,1,1,,,
1059,COMPUTER AND INFORMATION SYSTEMS,,1,1,,,
1060,COMPUTER PROGRAMMING AND DATA PROCESSING,,1,1,,,
1061,COMPUTER SCIENCE,,1,1,,,
1062,INFORMATION SCIENCES,,1,1,,,
1063,COMPUTER ADMINISTRATION MANAGEMENT AND SECURITY,,1,1,,,
1064,COMPUTER NETWORKING AND TELECOMMUNICATIONS,,1,1,,,
1065,MATHEMATICS,,1,1,,,
1066,APPLIED MATHEMATICS,,1,1,,,
1067,STATISTICS AND DECISION SCIENCE,,1,1,,,
1068,MATHEMATICS AND COMPUTER SCIENCE,,1,1,,,
1069,GENERAL EDUCATION,,1,1,,,
1070,EDUCATIONAL ADMINISTRATION AND SUPERVISION,,1,1,,,
1071,SCHOOL STUDENT COUNSELING,,1,1,,,
1072,ELEMENTARY EDUCATION,,1,1,,,
1073,MATHEMATICS TEACHER EDUCATION,,1,1,,,
1074,PHYSICAL AND HEALTH EDUCATION TEACHING,,1,1,,,
1075,EARLY CHILDHOOD EDUCATION,,1,1,,,
1076,SCIENCE AND COMPUTER TEACHER EDUCATION,,1,1,,,
1077,SECONDARY TEACHER EDUCATION,,1,1,,,
1078,SPECIAL NEEDS EDUCATION,,1,1,,,
1079,SOCIAL SCIENCE OR HISTORY TEACHER EDUCATION,,1,1,,,
1080,TEACHER EDUCATION: MULTIPLE LEVELS,,1,1,,,
1081,LANGUAGE AND DRAMA EDUCATION,,1,1,,,
1082,ART AND MUSIC EDUCATION,,1,1,,,
1083,MISCELLANEOUS EDUCATION,,1,1,,,
1084,LIBRARY SCIENCE,,1,1,,,
1085,ARCHITECTURE,,1,1,,,
1086,GENERAL ENGINEERING,,1,1,,,
1087,AEROSPACE ENGINEERING,,1,1,,,
1088,BIOLOGICAL ENGINEERING,,1,1,,,
1089,ARCHITECTURAL ENGINEERING,,1,1,,,
1090,BIOMEDICAL ENGINEERING,,1,1,,,
1091,CHEMICAL ENGINEERING,,1,1,,,
1092,CIVIL ENGINEERING,,1,1,,,
1093,COMPUTER ENGINEERING,,1,1,,,
1094,ELECTRICAL ENGINEERING,,1,1,,,
1095,ENGINEERING MECHANICS PHYSICS AND SCIENCE,,1,1,,,
1096,ENVIRONMENTAL ENGINEERING,,1,1,,,
1097,GEOLOGICAL AND GEOPHYSICAL ENGINEERING,,1,1,,,
1098,INDUSTRIAL AND MANUFACTURING ENGINEERING,,1,1,,,
1099,MATERIALS ENGINEERING AND MATERIALS SCIENCE,,1,1,,,
1100,MECHANICAL ENGINEERING,,1,1,,,
1101,METALLURGICAL ENGINEERING,,1,1,,,
1102,MINING AND MINERAL ENGINEERING,,1,1,,,
1103,NAVAL ARCHITECTURE AND MARINE ENGINEERING,,1,1,,,
1104,NUCLEAR ENGINEERING,,1,1,,,
1105,PETROLEUM ENGINEERING,,1,1,,,
1106,MISCELLANEOUS ENGINEERING,,1,1,,,
1107,ENGINEERING TECHNOLOGIES,,1,1,,,
1108,ENGINEERING AND INDUSTRIAL MANAGEMENT,,1,1,,,
1109,ELECTRICAL ENGINEERING TECHNOLOGY,,1,1,,,
1110,INDUSTRIAL PRODUCTION TECHNOLOGIES,,1,1,,,
1111,MECHANICAL ENGINEERING RELATED TECHNOLOGIES,,1,1,,,
1112,MISCELLANEOUS ENGINEERING TECHNOLOGIES,,1,1,,,
1113,MATERIALS SCIENCE,,1,1,,,
1114,NUTRITION SCIENCES,,1,1,,,
1115,GENERAL MEDICAL AND HEALTH SERVICES,,1,1,,,
1116,COMMUNICATION DISORDERS SCIENCES AND SERVICES,,1,1,,,
1117,HEALTH AND MEDICAL ADMINISTRATIVE SERVICES,,1,1,,,
1118,MEDICAL ASSISTING SERVICES,,1,1,,,
1119,MEDICAL TECHNOLOGIES TECHNICIANS,,1,1,,,
1120,HEALTH AND MEDICAL PREPARATORY PROGRAMS,,1,1,,,
1121,NURSING,,1,1,,,
1122,PHARMACY PHARMACEUTICAL SCIENCES AND ADMINISTRATION,,1,1,,,
1123,TREATMENT THERAPY PROFESSIONS,,1,1,,,
1124,COMMUNITY AND PUBLIC HEALTH,,1,1,,,
1125,MISCELLANEOUS HEALTH MEDICAL PROFESSIONS,,1,1,,,
1126,AREA ETHNIC AND CIVILIZATION STUDIES,,1,1,,,
1127,LINGUISTICS AND COMPARATIVE LANGUAGE AND LITERATURE,,1,1,,,
1128,FRENCH GERMAN LATIN AND OTHER COMMON FOREIGN LANGUAGE STUDIES,,1,1,,,
1129,OTHER FOREIGN LANGUAGES,,1,1,,,
1130,ENGLISH LANGUAGE AND LITERATURE,,1,1,,,
1131,COMPOSITION AND RHETORIC,,1,1,,,
1132,LIBERAL ARTS,,1,1,,,
1133,HUMANITIES,,1,1,,,
1134,INTERCULTURAL AND INTERNATIONAL STUDIES,,1,1,,,
1135,PHILOSOPHY AND RELIGIOUS STUDIES,,1,1,,,
1136,THEOLOGY AND RELIGIOUS VOCATIONS,,1,1,,,
1137,ANTHROPOLOGY AND ARCHEOLOGY,,1,1,,,
1138,ART HISTORY AND CRITICISM,,1,1,,,
1139,HISTORY,,1,1,,,
1140,UNITED STATES HISTORY,,1,1,,,
1141,COSMETOLOGY SERVICES AND CULINARY ARTS,,1,1,,,
1142,FAMILY AND CONSUMER SCIENCES,,1,1,,,
1143,MILITARY TECHNOLOGIES,,1,1,,,
1144,PHYSICAL FITNESS PARKS RECREATION AND LEISURE,,1,1,,,
1145,CONSTRUCTION SERVICES,,1,1,,,
1146,"ELECTRICAL, MECHANICAL, AND PRECISION TECHNOLOGIES AND PRODUCTION",,1,1,,,
1147,TRANSPORTATION SCIENCES AND TECHNOLOGIES,,1,1,,,
1148,MULTI/INTERDISCIPLINARY STUDIES,,1,1,,,
1149,COURT REPORTING,,1,1,,,
1150,PRE-LAW AND LEGAL STUDIES,,1,1,,,
1151,CRIMINAL JUSTICE AND FIRE PROTECTION,,1,1,,,
1152,PUBLIC ADMINISTRATION,,1,1,,,
1153,PUBLIC POLICY,,1,1,,,
1154,N/A (less than bachelor's degree),,1,1,,,
1155,PHYSICAL SCIENCES,,1,1,,,
1156,ASTRONOMY AND ASTROPHYSICS,,1,1,,,
1157,ATMOSPHERIC SCIENCES AND METEOROLOGY,,1,1,,,
1158,CHEMISTRY,,1,1,,,
1159,GEOLOGY AND EARTH SCIENCE,,1,1,,,
1160,GEOSCIENCES,,1,1,,,
1161,OCEANOGRAPHY,,1,1,,,
1162,PHYSICS,,1,1,,,
1163,MULTI-DISCIPLINARY OR GENERAL SCIENCE,,1,1,,,
1164,"NUCLEAR, INDUSTRIAL RADIOLOGY, AND BIOLOGICAL TECHNOLOGIES",,1,1,,,
1165,PSYCHOLOGY,,1,1,,,
1166,EDUCATIONAL PSYCHOLOGY,,1,1,,,
1167,CLINICAL PSYCHOLOGY,,1,1,,,
1168,COUNSELING PSYCHOLOGY,,1,1,,,
1169,INDUSTRIAL AND ORGANIZATIONAL PSYCHOLOGY,,1,1,,,
1170,MISCELLANEOUS PSYCHOLOGY,,1,1,,,
1171,HUMAN SERVICES AND COMMUNITY ORGANIZATION,,1,1,,,
1172,SOCIAL WORK,,1,1,,,
1173,INTERDISCIPLINARY SOCIAL SCIENCES,,1,1,,,
1174,GENERAL SOCIAL SCIENCES,,1,1,,,
1175,ECONOMICS,,1,1,,,
1176,CRIMINOLOGY,,1,1,,,
1177,GEOGRAPHY,,1,1,,,
1178,INTERNATIONAL RELATIONS,,1,1,,,
1179,POLITICAL SCIENCE AND GOVERNMENT,,1,1,,,
1180,SOCIOLOGY,,1,1,,,
1181,MISCELLANEOUS SOCIAL SCIENCES,,1,1,,,
1182,Bachelor of of business administration,,1,1,,2025-03-24 13:14:18,2025-03-24 13:14:18
1183,Bachelors of business administration,,1,1,,2025-03-24 13:17:30,2025-03-24 13:17:30
1184,MCA,,1,1,,2025-03-24 13:19:13,2025-03-24 13:19:13
1185,BBA,,1,1,,2025-03-24 14:45:41,2025-03-24 14:45:41
1186,Bachelor of pharmacy,,1,1,,2025-03-24 17:11:18,2025-03-24 17:11:18
1187,Bachelor of Commerce,,1,1,,2025-03-24 17:14:58,2025-03-24 17:14:58
1188,Bachelor of Science,,1,1,,2025-03-24 17:19:29,2025-03-24 17:19:29
1189,DOEACC A LEVEL,,1,1,,2025-03-24 17:23:24,2025-03-24 17:23:24
1190,Bachelor in Art,,1,1,,2025-03-24 17:40:42,2025-03-24 17:40:42
1191,Post Graduate Diploma in Office Management from,,1,1,,2025-03-24 18:13:27,2025-03-24 18:13:27
1192,B.A.,,1,1,,2025-03-24 18:45:05,2025-03-24 18:45:05
1193,Master of Hardware & Networking,,1,1,,2025-03-24 18:47:24,2025-03-24 18:47:24
1194,11th high school,,1,1,,2025-03-24 23:45:49,2025-03-24 23:45:49
1195,Post graduate in Economics,,1,1,,2025-03-24 23:48:26,2025-03-24 23:48:26
1196,Master's in Digital Marketing,,1,1,,2025-03-25 11:35:09,2025-03-25 11:35:09
1197,Basic Computer,,1,1,,2025-03-25 13:32:02,2025-03-25 13:32:02
1198,Intermediate (12th),,1,1,,2025-03-25 13:33:06,2025-03-25 13:33:06
1199,Bachelor of Computer Science,,1,1,,2025-03-25 15:32:46,2025-03-25 15:32:46
1200,ccds,,1,1,,2025-03-25 18:04:43,2025-03-25 18:04:43
1201,Diploma in Advance Office Management,,1,1,,2025-03-25 18:08:39,2025-03-25 18:08:39
1202,Bachelor of technology,,1,1,,2025-03-26 07:34:28,2025-03-26 07:34:28
1203,Diploma in Information Technology,,1,1,,2025-03-26 10:22:39,2025-03-26 10:22:39
1204,Jetking Certified Hardware & Networking Engineer Plus,,1,1,,2025-03-26 10:27:01,2025-03-26 10:27:01
1205,High School (10th),,1,1,,2025-03-26 10:57:08,2025-03-26 10:57:08
1206,bsc,,1,1,,2025-03-26 11:26:41,2025-03-26 11:26:41
1207,Web and Graphic Designing,,1,1,,2025-03-26 11:28:57,2025-03-26 11:28:57
1208,B.Sc.(Honors),,1,1,,2025-03-26 11:29:42,2025-03-26 11:29:42
1209,B.Sc.,,1,1,,2025-03-26 11:29:54,2025-03-26 11:29:54
1210,"BSC, Math",,1,1,,2025-03-26 11:50:10,2025-03-26 11:50:10
1211,B.Ed,,1,1,,2025-03-26 12:10:41,2025-03-26 12:10:41
1212,BA. LLB (H),,1,1,,2025-03-28 22:11:31,2025-03-28 22:11:31
1213,Bcom,,1,1,,2025-03-29 09:35:03,2025-03-29 09:35:03
1214,Mcom,,1,1,,2025-03-29 09:36:07,2025-03-29 09:36:07
1215,MBA,,1,1,,2025-03-29 14:20:13,2025-03-29 14:20:13
1216,Master of Business Administration,,1,1,,2025-03-29 14:20:54,2025-03-29 14:20:54
1217,Bachelors in Journalism and Mass Communication,,1,1,,2025-03-30 15:25:13,2025-03-30 15:25:13
1218,Bachelors of Hotel Management,,1,1,,2025-03-31 12:45:05,2025-03-31 12:45:05
1219,12th,,1,1,,2025-04-01 13:41:59,2025-04-01 13:41:59
1220,10th,,1,1,,2025-04-01 13:42:39,2025-04-01 13:42:39
1221,B.com,,1,1,,2025-04-01 22:53:01,2025-04-01 22:53:01
1222,Master of Digital Marketing,,1,1,,2025-04-05 18:24:11,2025-04-05 18:24:11
1223,MBA in Marketing,,1,1,,2025-04-05 22:36:18,2025-04-05 22:36:18
1224,Management With Marketing,,1,1,,2025-04-06 23:17:08,2025-04-06 23:17:08
1225,Bachelor of arts,,1,1,,2025-04-10 14:05:53,2025-04-10 14:05:53
1226,Certification,,1,1,,2025-04-12 15:11:53,2025-04-12 15:11:53
1228,ba program,,1,1,,2025-04-18 15:11:41,2025-04-18 15:11:41
1229,Diploma in Web Design Devlopment,,1,1,,2025-04-20 22:52:12,2025-04-20 22:52:12
1230,PG Certificate Program Visual Communication Designer,,1,1,,2025-04-20 22:55:17,2025-04-20 22:55:17
1231,certificate in Java script,,1,1,,2025-04-20 23:08:24,2025-04-20 23:08:24
1232,Mpc,,1,1,,2025-04-22 11:39:57,2025-04-22 11:39:57
1233,BCA,,1,1,,2025-04-24 12:01:42,2025-04-24 12:01:42
1234,Pgdm Business Design,,1,1,723,2025-04-25 10:22:43,2025-04-25 10:22:43
1235,Higher DIploma in Software Engineering,,1,1,88,2025-04-25 14:55:47,2025-04-25 14:55:47
1236,BTech,,1,1,366,2025-04-27 00:58:37,2025-04-27 00:58:37
1237,Java fullstack development,,1,1,906,2025-04-28 00:48:36,2025-04-28 00:48:36
1238,Electronics and communication engineering,,1,1,984,2025-04-29 08:34:56,2025-04-29 08:34:56
1239,Bachelor of Engineering,,1,1,1012,2025-04-29 12:33:48,2025-04-29 12:33:48
1240,M.COM,,1,1,724,2025-04-30 17:31:49,2025-04-30 17:31:49
1241,B.E. Computer Science and Engineering,,1,1,1175,2025-05-02 11:03:34,2025-05-02 11:03:34
1242,Pgdm marketing management,,1,1,1173,2025-05-02 11:07:39,2025-05-02 11:07:39
1243,B.Sc. in Fashion Design,,1,1,1309,2025-05-04 17:24:16,2025-05-04 17:24:16
1244,Reverse engineering,,1,1,1427,2025-05-05 23:41:09,2025-05-05 23:41:09
1245,Cyber security chain management,,1,1,1427,2025-05-05 23:42:40,2025-05-05 23:42:40
1246,Cryptocurrency for Law Enforcement Public Version,,1,1,1427,2025-05-05 23:43:42,2025-05-05 23:43:42
1247,Critical Infrastructure Protection,,1,1,1427,2025-05-05 23:44:35,2025-05-05 23:44:35
1248,Bachelors in Film Television and new media production,,1,1,1460,2025-05-06 15:57:37,2025-05-06 15:57:37
1249,Full-Stack Web Development,,1,1,1377,2025-05-07 01:17:01,2025-05-07 01:17:01
1250,Completion Certificate for Foundations of User Experience (UX) Design,,1,1,1482,2025-05-07 12:54:54,2025-05-07 12:54:54
1251,UI/UX Assessment,,1,1,1482,2025-05-07 12:59:26,2025-05-07 12:59:26
1252,A Crash Course in Data Science@@@@####,,1,1,134,2025-05-12 11:01:47,2025-05-12 11:01:47
1253,MSc fashion designing,,1,1,1765,2025-05-13 10:10:47,2025-05-13 10:10:47
1254,MSc microbiology,,1,1,1769,2025-05-13 10:16:34,2025-05-13 10:16:34
1255,B.tech,,1,1,950,2025-05-14 21:25:04,2025-05-14 21:25:04
1256,Post graduation,,1,1,1878,2025-05-15 00:48:46,2025-05-15 00:48:46
1257,Scrum master Certification,,1,1,2055,2025-05-18 18:16:22,2025-05-18 18:16:22
1258,Copy writer master class + Chat GPT tips,,1,1,2055,2025-05-18 18:18:48,2025-05-18 18:18:48
1259,Artificial intelligence and machine learning,,1,1,2140,2025-05-20 00:40:44,2025-05-20 00:40:44
1260,Masters of Arts - Sociology,,1,1,121,2025-05-20 10:46:48,2025-05-20 10:46:48
1261,B.pharmacy,,1,1,2232,2025-05-21 10:36:18,2025-05-21 10:36:18
1262,Sass Essential Training,,1,1,2229,2025-05-21 10:53:59,2025-05-21 10:53:59
1263,"Java Script, JQuery",,1,1,2229,2025-05-21 10:55:17,2025-05-21 10:55:17
1264,Computer operator and programming assistant,,1,1,2337,2025-05-22 16:25:28,2025-05-22 16:25:28
1265,English honours,,1,1,2346,2025-05-22 17:58:23,2025-05-22 17:58:23
1266,Bachelor of Management Studies,,1,1,2369,2025-05-22 23:37:59,2025-05-22 23:37:59
1267,M.B.A,,1,1,2583,2025-05-26 13:49:48,2025-05-26 13:49:48
1268,B. Sc (mathematics.),,1,1,2649,2025-05-27 19:31:06,2025-05-27 19:31:06
1269,BMS,,1,1,2703,2025-05-29 00:38:28,2025-05-29 00:38:28
1270,PGDCC&FF,,1,1,2703,2025-05-29 00:40:57,2025-05-29 00:40:57
1271,B.E. electronic and communication,,1,1,2745,2025-05-29 19:39:05,2025-05-29 19:39:05
1272,Hartron Diploma in Financial Accounting,,1,1,2758,2025-05-29 23:14:20,2025-05-29 23:14:20
1273,ISTQB,,1,1,2795,2025-05-30 12:27:38,2025-05-30 12:27:38
1274,BSc hons. Electronic Science,,1,1,2828,2025-05-30 18:05:10,2025-05-30 18:05:10
1275,Full Stack Web Developer with Java,,1,1,2828,2025-05-30 18:06:28,2025-05-30 18:06:28
1276,Btech in nformation technology,,1,1,2859,2025-05-31 12:09:10,2025-05-31 12:09:10
1277,Bachelor of Computer Application,,1,1,2901,2025-06-01 18:11:39,2025-06-01 18:11:39
1278,Secondary Education,,1,1,2670,2025-06-02 17:29:28,2025-06-02 17:29:28
1279,BCMS - Basic Content Management System,,1,1,2670,2025-06-02 17:36:37,2025-06-02 17:36:37
1280,Power BI,,1,1,2891,2025-06-03 10:54:14,2025-06-03 10:54:14
1281,Bachelor of Commerce in computer application,,1,1,3004,2025-06-03 14:24:42,2025-06-03 14:24:42
1282,BBM,,1,1,2891,2025-06-03 15:19:28,2025-06-03 15:19:28
1283,B. Com(Honors),,1,1,3026,2025-06-04 13:09:58,2025-06-04 13:09:58
1284,Class Ten,,1,1,3026,2025-06-04 13:12:04,2025-06-04 13:12:04
1285,Class Twelve,,1,1,3026,2025-06-04 13:14:07,2025-06-04 13:14:07
1286,CCC,,1,1,3097,2025-06-04 18:16:14,2025-06-04 18:16:14
1287,ADCA,,1,1,3097,2025-06-04 18:17:05,2025-06-04 18:17:05
1288,M.Ed,,1,1,3128,2025-06-05 08:34:32,2025-06-05 08:34:32
1289,bachelors in management studies,,1,1,3093,2025-06-05 14:35:23,2025-06-05 14:35:23
1290,Corporate Finance Foundation professional Certificate,,1,1,3159,2025-06-05 17:29:26,2025-06-05 17:29:26
1291,Oracle OTBI Fusion,,1,1,3159,2025-06-05 17:30:42,2025-06-05 17:30:42
1292,Commercial Banking Job Simulation,,1,1,3159,2025-06-05 17:32:02,2025-06-05 17:32:02
1293,bachlet of commerce,,1,1,3205,2025-06-06 08:34:18,2025-06-06 08:34:18
1294,political science Honours,,1,1,3225,2025-06-06 16:18:20,2025-06-06 16:18:20
1295,Tata Group Data Visualization: Empowering Business with Effective Insights Completion Certificate,,1,1,3243,2025-06-06 19:53:49,2025-06-06 19:53:49
1296,PGDM MBA,,1,1,3305,2025-06-07 14:00:54,2025-06-07 14:00:54
1297,Digital Market Automation,,1,1,3316,2025-06-07 18:55:32,2025-06-07 18:55:32
1298,Bachelor of Computer Engineering,,1,1,3369,2025-06-08 17:07:21,2025-06-08 17:07:21
1299,Diploma in Computer,,1,1,3369,2025-06-08 17:12:48,2025-06-08 17:12:48
1300,B.tech in Computer Science Engineering,,1,1,3389,2025-06-08 17:53:31,2025-06-08 17:53:31
1301,Diploma in Computer Science Engineering,,1,1,3389,2025-06-08 17:54:41,2025-06-08 17:54:41
1302,Commerce,,1,1,3405,2025-06-08 22:30:39,2025-06-08 22:30:39
1303,BTech in Computer science,,1,1,3406,2025-06-08 22:56:40,2025-06-08 22:56:40
1304,Tally ERP 9,,1,1,3412,2025-06-08 23:31:53,2025-06-08 23:31:53
1305,Msw,,1,1,3507,2025-06-09 20:38:55,2025-06-09 20:38:55
1306,B.Tech in Informational Technology,,1,1,3562,2025-06-10 15:28:35,2025-06-10 15:28:35
1307,Microsoft Copilot Studio,,1,1,3557,2025-06-10 15:55:01,2025-06-10 15:55:01
1308,Hr recruiter and talent acquisition,,1,1,3577,2025-06-10 19:48:42,2025-06-10 19:48:42
1309,MBA IN HR AND IT,,1,1,3577,2025-06-10 19:54:40,2025-06-10 19:54:40
1310,Electrical Vehicle Technology,,1,1,3638,2025-06-11 11:09:06,2025-06-11 11:09:06
1311,ESG Forage complition intern certificate,,1,1,3638,2025-06-11 11:16:28,2025-06-11 11:16:28
1312,Bsc IT,,1,1,3694,2025-06-11 19:14:45,2025-06-11 19:14:45
1313,Generative AI Overview for Project Managers,,1,1,3745,2025-06-12 14:04:51,2025-06-12 14:04:51
1314,Salesforce,,1,1,3745,2025-06-12 14:07:07,2025-06-12 14:07:07
1315,B. Sc Economics,,1,1,3790,2025-06-12 15:25:22,2025-06-12 15:25:22
1316,Integrated M. Sc B. Ed in Economics,,1,1,3790,2025-06-12 15:26:20,2025-06-12 15:26:20
1317,MBA in Financial Management,,1,1,3790,2025-06-12 15:29:01,2025-06-12 15:29:01
1318,Diploma in Electronics and Telecommunication Engineering,,1,1,3806,2025-06-12 18:42:11,2025-06-12 18:42:11
1319,Bachelor of Engineering (B.E) in Electronics,,1,1,3806,2025-06-12 19:35:39,2025-06-12 19:35:39
1320,Programming in Java,,1,1,4005,2025-06-15 14:48:02,2025-06-15 14:48:02
1321,Database Management System,,1,1,4005,2025-06-15 14:49:45,2025-06-15 14:49:45
1322,Cloud Computing and Distributed System,,1,1,4005,2025-06-15 14:51:32,2025-06-15 14:51:32
1323,Msc microbial biotechnology,,1,1,4019,2025-06-15 19:50:34,2025-06-15 19:50:34
1324,Data analyst,,1,1,4062,2025-06-16 02:52:55,2025-06-16 02:52:55
1325,M.sc Data science,,1,1,4062,2025-06-16 02:57:25,2025-06-16 02:57:25
1326,MBA in Hr and Financial Management,,1,1,4087,2025-06-16 12:19:53,2025-06-16 12:19:53
1327,Science,,1,1,134,2025-06-16 12:24:35,2025-06-16 12:24:35
1328,PhD,,1,1,4057,2025-06-16 12:33:18,2025-06-16 12:33:18
1329,BA Hons Mathematics,,1,1,4057,2025-06-16 12:37:22,2025-06-16 12:37:22
1330,Bcom Hons,,1,1,4091,2025-06-16 12:56:51,2025-06-16 12:56:51
1331,Front-End Web Development,,1,1,4108,2025-06-16 14:48:09,2025-06-16 14:48:09
1332,"C , c++ and python",,1,1,4108,2025-06-16 14:54:52,2025-06-16 14:54:52
1333,Ms Excel,,1,1,4108,2025-06-16 14:55:38,2025-06-16 14:55:38
1334,Bachelors in hindi,,1,1,4304,2025-06-18 08:21:20,2025-06-18 08:21:20
1335,Human resource management,,1,1,4331,2025-06-18 12:34:58,2025-06-18 12:34:58
1336,Google Cloud Computing Foundations & Generative AI,,1,1,4399,2025-06-18 19:54:28,2025-06-18 19:54:28
1337,MBA in Marketing and logistics supply chain management,,1,1,4433,2025-06-18 22:57:36,2025-06-18 22:57:36
1338,Bachelors of Hotel Management and Catering Technology,,1,1,4471,2025-06-19 12:16:30,2025-06-19 12:16:30
1339,Masters of Computer Applications,,1,1,4483,2025-06-19 13:50:25,2025-06-19 13:50:25
1340,Bsc.cs,,1,1,4486,2025-06-19 13:59:43,2025-06-19 13:59:43
1341,Post Graduate Program in Strategic Digital Marketing,,1,1,4480,2025-06-19 14:30:52,2025-06-19 14:30:52
1342,MSc in Bioinformatics,,1,1,4577,2025-06-20 10:36:45,2025-06-20 10:36:45
1343,Postman API Fundamentals Student Expert,,1,1,4577,2025-06-20 10:38:27,2025-06-20 10:38:27
1344,Java Course - Mastering the Fundamentals,,1,1,4577,2025-06-20 10:39:23,2025-06-20 10:39:23
1345,B. Tech in Mechanical Engineering,,1,1,4598,2025-06-20 11:27:38,2025-06-20 11:27:38
1346,Product design and development,,1,1,4598,2025-06-20 11:37:23,2025-06-20 11:37:23
1347,Complete Guide to SQL for Data Engineering: from Beginner to Advanced,,1,1,4652,2025-06-20 16:48:21,2025-06-20 16:48:21
1348,Professional scrum master,,1,1,4568,2025-06-20 18:53:39,2025-06-20 18:53:39
1349,LL.B,,1,1,4682,2025-06-20 21:09:47,2025-06-20 21:09:47
1350,Diploma in Computer Financial Accounting,,1,1,4682,2025-06-20 21:12:26,2025-06-20 21:12:26
1351,Technology Advancement Bootcamp,,1,1,4682,2025-06-20 21:14:47,2025-06-20 21:14:47
1352,Python Full Stack Development,,1,1,4713,2025-06-21 18:15:40,2025-06-21 18:15:40
1353,B.Des,,1,1,4757,2025-06-21 22:50:26,2025-06-21 22:50:26
1354,MBA in HR,,1,1,4780,2025-06-22 00:45:07,2025-06-22 00:45:07
1355,Diploma hotel management,,1,1,4950,2025-06-23 01:32:14,2025-06-23 01:32:14
1356,B.com Banking and insurance,,1,1,4953,2025-06-23 02:37:58,2025-06-23 02:37:58
1357,Painting,,1,1,3225,2025-06-23 12:26:04,2025-06-23 12:26:04
1358,M.Pharma,,1,1,4996,2025-06-23 13:02:23,2025-06-23 13:02:23
1359,Web Analytics Master Course,,1,1,5030,2025-06-23 19:00:35,2025-06-23 19:00:35
1360,Search Engine Optimization master course,,1,1,5030,2025-06-23 19:07:46,2025-06-23 19:07:46
1361,Search Engine Marketing Master Course,,1,1,5030,2025-06-23 19:09:00,2025-06-23 19:09:00
1362,Inbound Marketing Master Course,,1,1,5030,2025-06-23 19:09:58,2025-06-23 19:09:58
1363,Search Engine Optimization Internship,,1,1,5030,2025-06-23 19:12:44,2025-06-23 19:12:44
1364,Advertising and Media Studies,,1,1,5030,2025-06-23 19:18:46,2025-06-23 19:18:46
1365,HR assistant,,1,1,5038,2025-06-23 19:47:22,2025-06-23 19:47:22
1366,Human Resources Management Assessment,,1,1,4930,2025-06-23 21:10:41,2025-06-23 21:10:41
1367,Diploma-Computer science and engineering,,1,1,5014,2025-06-24 11:07:38,2025-06-24 11:07:38
1368,Software Engineering,,1,1,5137,2025-06-24 19:18:50,2025-06-24 19:18:50
1369,B.Tech in mechanical engineering,,1,1,5258,2025-06-25 19:14:04,2025-06-25 19:14:04
1370,Bachelor's of management studies,,1,1,5298,2025-06-25 23:20:43,2025-06-25 23:20:43
1371,Senior secondary school,,1,1,5455,2025-06-27 10:09:31,2025-06-27 10:09:31
1372,Fashion designing and technology,,1,1,5455,2025-06-27 10:10:38,2025-06-27 10:10:38
1373,Bsc Biology,,1,1,5503,2025-06-28 09:14:02,2025-06-28 09:14:02
1374,B.E instrumentation and control engineering,,1,1,5556,2025-06-28 10:46:43,2025-06-28 10:46:43
1375,Diploma in computer engineering,,1,1,5556,2025-06-28 10:51:59,2025-06-28 10:51:59
1376,B teck,,1,1,5563,2025-06-28 11:03:23,2025-06-28 11:03:23
1377,BSC computer,,1,1,5557,2025-06-28 11:04:09,2025-06-28 11:04:09
1378,Complete Software Testing Course,,1,1,5511,2025-06-28 14:08:00,2025-06-28 14:08:00
1379,B.E.,,1,1,6040,2025-07-01 18:23:07,2025-07-01 18:23:07
1380,"b,tech",,1,1,6153,2025-07-02 14:06:45,2025-07-02 14:06:45
1381,m.tech,,1,1,6153,2025-07-02 14:08:59,2025-07-02 14:08:59
1382,Microsoft Power BI,,1,1,6366,2025-07-03 23:52:35,2025-07-03 23:52:35
1383,MBA- Human Resource,,1,1,6032,2025-07-04 23:14:05,2025-07-04 23:14:05
1384,Full stack Uiux,,1,1,6571,2025-07-05 10:40:14,2025-07-05 10:40:14
1385,DIPLOMA IN ENGINEERING,,1,1,6500,2025-07-05 12:52:25,2025-07-05 12:52:25
1386,HR training course,,1,1,6032,2025-07-05 18:02:39,2025-07-05 18:02:39
1387,Network Security Fundamentals,,1,1,6670,2025-07-06 03:01:27,2025-07-06 03:01:27
1388,Cybersecurity Fundamentals,,1,1,6670,2025-07-06 03:02:28,2025-07-06 03:02:28
1389,Cloud Security Fundamentals,,1,1,6670,2025-07-06 03:03:40,2025-07-06 03:03:40
1390,Security Operations Fundamnetals,,1,1,6670,2025-07-06 03:04:55,2025-07-06 03:04:55
1391,SASE Fundamentals,,1,1,6670,2025-07-06 03:05:48,2025-07-06 03:05:48
1392,Introduction to Networking for Cyber Professionals (EDU-101),,1,1,6670,2025-07-06 03:07:32,2025-07-06 03:07:32
1393,Fundamentals of Cybersecurity (EDU-102),,1,1,6670,2025-07-06 03:08:36,2025-07-06 03:08:36
1394,Cyber Job Simulation,,1,1,6670,2025-07-06 03:10:14,2025-07-06 03:10:14
1395,Cybersecurity Analyst Job Simulation,,1,1,6670,2025-07-06 03:11:20,2025-07-06 03:11:20
1396,GenAI-powered Data Analytics Job Simulation,,1,1,6670,2025-07-06 03:12:22,2025-07-06 03:12:22
1397,Cyber Security Management Job Simulation,,1,1,6670,2025-07-06 03:13:50,2025-07-06 03:13:50
1398,Human Resources Job Simulation,,1,1,6670,2025-07-06 03:14:50,2025-07-06 03:14:50
1399,Introduction to Cybersecurity Job Simulation,,1,1,6670,2025-07-06 03:16:00,2025-07-06 03:16:00
1400,Introduction to Front-End Development,,1,1,6689,2025-07-06 11:16:28,2025-07-06 11:16:28
1401,Data Structures and Algorithms with Java,,1,1,6689,2025-07-06 11:20:27,2025-07-06 11:20:27
1402,Trading Basics,,1,1,6664,2025-07-06 14:27:06,2025-07-06 14:27:06
1403,Leading Teams: Developing as a Leader,,1,1,6664,2025-07-06 14:29:41,2025-07-06 14:29:41
1404,UX Foundations: Research,,1,1,6664,2025-07-06 14:31:40,2025-07-06 14:31:40
1405,Excel Basics for Data Analysis,,1,1,6664,2025-07-06 14:33:05,2025-07-06 14:33:05
1406,Foundations of Project Management,,1,1,6664,2025-07-06 14:34:22,2025-07-06 14:34:22
1407,BANKING & FINANCIAL MARKETS OPERATIONS,,1,1,6664,2025-07-06 14:37:45,2025-07-06 14:37:45
1408,"Foundations: Data, Data, Everywhere",,1,1,6664,2025-07-06 14:39:24,2025-07-06 14:39:24
1409,Understanding Basic SQL Syntax,,1,1,6664,2025-07-06 14:40:52,2025-07-06 14:40:52
1410,MBA in Hr and Finance,,1,1,6722,2025-07-06 15:04:28,2025-07-06 15:04:28
1411,Data Analytics - job simulation,,1,1,6757,2025-07-06 19:51:27,2025-07-06 19:51:27
1412,PCM,,1,1,6789,2025-07-06 23:47:46,2025-07-06 23:47:46
1413,Bachelor's of science in fashion and apperal design technology,,1,1,6823,2025-07-07 09:49:09,2025-07-07 09:49:09
1414,Politechnic,,1,1,6907,2025-07-07 15:46:15,2025-07-07 15:46:15
1415,Diploma in multimedia & animation,,1,1,6909,2025-07-07 15:56:53,2025-07-07 15:56:53
1416,HR Management Assessment,,1,1,6330,2025-07-07 15:58:56,2025-07-07 15:58:56
1417,Wheel of Wisdom,,1,1,6330,2025-07-07 16:01:38,2025-07-07 16:01:38
1418,Basics of Finance,,1,1,6330,2025-07-07 16:03:32,2025-07-07 16:03:32
1419,HR Skills,,1,1,6330,2025-07-07 16:05:14,2025-07-07 16:05:14
1420,Digital Safety and Security,,1,1,6330,2025-07-07 16:07:29,2025-07-07 16:07:29
1421,Trading in the Zone - Elementary,,1,1,6330,2025-07-07 16:09:18,2025-07-07 16:09:18
1422,Financial Literacy,,1,1,6330,2025-07-07 16:10:44,2025-07-07 16:10:44
1423,Human Resources Internship,,1,1,6330,2025-07-07 16:13:02,2025-07-07 16:13:02
1424,Human Resource Internship,,1,1,6330,2025-07-07 16:15:16,2025-07-07 16:15:16
1425,Excel for Beginners,,1,1,6330,2025-07-07 16:17:32,2025-07-07 16:17:32
1426,Introduction to Digital Marketing,,1,1,6330,2025-07-07 16:25:43,2025-07-07 16:25:43
1427,Ba programme,,1,1,6942,2025-07-07 20:19:52,2025-07-07 20:19:52
1428,CFBR course,,1,1,7330,2025-07-10 15:30:40,2025-07-10 15:30:40
1429,CBSE,,1,1,7427,2025-07-11 08:03:18,2025-07-11 08:03:18
1430,The Frontend Devloper Career Path,,1,1,7163,2025-07-11 12:12:29,2025-07-11 12:12:29
1431,UI/UX,,1,1,7163,2025-07-11 12:15:19,2025-07-11 12:15:19
1432,Prompt Engineering for ChatGPT,,1,1,7163,2025-07-11 12:17:43,2025-07-11 12:17:43
1433,Diploma in Mechanical Engineering,,1,1,7610,2025-07-13 07:50:41,2025-07-13 07:50:41
1434,Master of Arts - History,,1,1,7682,2025-07-14 11:02:21,2025-07-14 11:02:21
1435,MSc in  Computer science,,1,1,7687,2025-07-14 11:48:49,2025-07-14 11:48:49
1436,Associate AWS cloud Engineer,,1,1,7752,2025-07-14 20:35:42,2025-07-14 20:35:42
1437,MERN-Stack Web Development,,1,1,7837,2025-07-15 20:39:41,2025-07-15 20:39:41
1438,Masters of science,,1,1,7966,2025-07-17 11:50:55,2025-07-17 11:50:55
1439,Querying data with transact sql,,1,1,7966,2025-07-17 12:25:03,2025-07-17 12:25:03
1440,Introduction to programming using python,,1,1,7966,2025-07-17 12:26:14,2025-07-17 12:26:14
1441,Accounting costing finance,,1,1,8019,2025-07-18 16:49:48,2025-07-18 16:49:48
1442,CMA,,1,1,8019,2025-07-18 16:50:28,2025-07-18 16:50:28
1443,Diploma in event management,,1,1,8108,2025-07-20 11:23:10,2025-07-20 11:23:10
1444,BA Hons in Event Management,,1,1,8111,2025-07-20 11:36:51,2025-07-20 11:36:51
1445,Strategic marketing communications,,1,1,8236,2025-07-21 14:13:25,2025-07-21 14:13:25
1446,Codequezt # 19 Coding Challenge,,1,1,8251,2025-07-21 15:51:45,2025-07-21 15:51:45
1447,web development,,1,1,8251,2025-07-21 15:55:24,2025-07-21 15:55:24
1448,BA(Hons) English,,1,1,8257,2025-07-21 17:55:16,2025-07-21 17:55:16
1449,BSC biotechnology,,1,1,8258,2025-07-21 18:33:09,2025-07-21 18:33:09
1450,Btech in electronics and communication engineering,,1,1,8259,2025-07-21 19:03:31,2025-07-21 19:03:31
1451,Batchelor of technology in electronics and communication engineering,,1,1,8259,2025-07-21 19:10:47,2025-07-21 19:10:47
1452,Artificial Intelligence with python,,1,1,8302,2025-07-22 16:58:49,2025-07-22 16:58:49
1453,Cybersecurity & Digital Forensics,,1,1,8302,2025-07-22 17:03:36,2025-07-22 17:03:36
1454,Entrepreneurship Summit,,1,1,8302,2025-07-22 17:06:24,2025-07-22 17:06:24
1455,Internship completion on Python programming,,1,1,8302,2025-07-22 17:08:17,2025-07-22 17:08:17
1456,Btech in mechanical engineering,,1,1,8517,2025-07-24 11:36:29,2025-07-24 11:36:29
1457,Information science engineering,,1,1,8557,2025-07-24 19:56:03,2025-07-24 19:56:03
1458,Arts,,1,1,8585,2025-07-24 22:52:05,2025-07-24 22:52:05
1459,Tata Cybersecurity Analyst Virtual Experience,,1,1,8633,2025-07-25 16:06:31,2025-07-25 16:06:31
1460,Deloitte Australia Cyber Job Simulation,,1,1,8633,2025-07-25 16:07:50,2025-07-25 16:07:50
1461,Data Analyst Certification,,1,1,8641,2025-07-25 18:18:02,2025-07-25 18:18:02
1462,Deloitte Australia- Data Analytics Job Simulation,,1,1,8641,2025-07-25 18:19:43,2025-07-25 18:19:43
1463,Aritifcial Intelligence Fundamentals,,1,1,8641,2025-07-25 18:20:58,2025-07-25 18:20:58
1464,Generative AI Fundamentals,,1,1,8617,2025-07-26 12:05:31,2025-07-26 12:05:31
1465,Marketing & Communication,,1,1,8617,2025-07-26 13:05:46,2025-07-26 13:05:46
1466,SEO Essentials with Semrush,,1,1,8617,2025-07-26 13:07:46,2025-07-26 13:07:46
1467,Masters of Arts - Journalism & Mass Communication,,1,1,8778,2025-07-29 00:25:07,2025-07-29 00:25:07
1468,Diploma in software testing,,1,1,8845,2025-07-29 15:07:34,2025-07-29 15:07:34
1469,Masters in computer management,,1,1,8937,2025-07-30 09:08:12,2025-07-30 09:08:12
1470,Software testing internship,,1,1,8990,2025-07-30 14:11:48,2025-07-30 14:11:48
1471,Java development internship,,1,1,8990,2025-07-30 14:12:42,2025-07-30 14:12:42
1472,Web development internship,,1,1,8990,2025-07-30 14:13:34,2025-07-30 14:13:34
1473,Iti fitter,,1,1,9155,2025-08-01 01:55:37,2025-08-01 01:55:37
1474,Motion Graphic Design,,1,1,8871,2025-08-02 09:15:22,2025-08-02 09:15:22
1475,bachelors of arts mass Communication,,1,1,9311,2025-08-02 12:16:17,2025-08-02 12:16:17
1476,Deloitte Australia - Data Analytics Job Simulation from Forage!,,1,1,9314,2025-08-02 12:37:43,2025-08-02 12:37:43
1477,AI in Digital Marketing,,1,1,9442,2025-08-03 15:25:37,2025-08-03 15:25:37
1478,Post Graduate Diploma in Computer Application,,1,1,9514,2025-08-03 23:13:52,2025-08-03 23:13:52
1479,Aws cloud practitioner,,1,1,9522,2025-08-04 00:23:20,2025-08-04 00:23:20
1480,B.Sc. IT,,1,1,9766,2025-08-05 21:04:44,2025-08-05 21:04:44
1481,Diploma in Electrical & Electronics,,1,1,9509,2025-08-05 21:59:10,2025-08-05 21:59:10
1482,Ai and carrier,,1,1,9814,2025-08-06 08:54:36,2025-08-06 08:54:36
1483,Btech in Mechanical and Automation,,1,1,3500,2025-08-06 15:24:05,2025-08-06 15:24:05
1484,Azure fundamentals,,1,1,9897,2025-08-06 19:42:29,2025-08-06 19:42:29
1485,BA. LLB,,1,1,9988,2025-08-07 14:39:32,2025-08-07 14:39:32
1486,Bsc Psychology,,1,1,9995,2025-08-07 16:01:07,2025-08-07 16:01:07
1487,Msc Applied Psychology,,1,1,9995,2025-08-07 16:02:48,2025-08-07 16:02:48
1488,Certificate in Computer application (CCA),,1,1,10098,2025-08-08 16:57:47,2025-08-08 16:57:47
1489,Accenture job stimulation,,1,1,10112,2025-08-08 20:27:30,2025-08-08 20:27:30
1490,TATA genAI,,1,1,10112,2025-08-08 20:30:20,2025-08-08 20:30:20
1491,B.Voc Software Development,,1,1,10144,2025-08-08 23:59:41,2025-08-08 23:59:41
1492,MA English,,1,1,10198,2025-08-09 18:52:25,2025-08-09 18:52:25
1493,Graphic Designing,,1,1,10236,2025-08-10 08:57:00,2025-08-10 08:57:00
1494,higher education,,1,1,10303,2025-08-11 00:11:37,2025-08-11 00:11:37
1495,Master certification in E-accounting & E-Taxation,,1,1,10303,2025-08-11 00:15:47,2025-08-11 00:15:47
1496,MATRICUALTION,,1,1,10306,2025-08-11 00:43:38,2025-08-11 00:43:38
1497,Microsoft Excel: Beginner to  Advance in animation 2024 + AI,,1,1,10306,2025-08-11 00:52:06,2025-08-11 00:52:06
1498,PURCHASE MANAGEMENT,,1,1,10306,2025-08-11 00:53:50,2025-08-11 00:53:50
1499,Inventory Management- Job Training Course,,1,1,10306,2025-08-11 00:55:22,2025-08-11 00:55:22
1500,AI Tools and ChatGPT Workshop,,1,1,10306,2025-08-11 00:57:35,2025-08-11 00:57:35
1501,Manual Testing,,1,1,10186,2025-08-11 09:17:21,2025-08-11 09:17:21
1502,Introduction of artificial intelligence,,1,1,10507,2025-08-12 17:40:32,2025-08-12 17:40:32
1503,What is chatgpt,,1,1,10507,2025-08-12 17:44:54,2025-08-12 17:44:54
1504,M.Sc. Fabric & Apparel Science,,1,1,10569,2025-08-13 01:37:46,2025-08-13 01:37:46
1505,B.Ed.,,1,1,10569,2025-08-13 01:39:44,2025-08-13 01:39:44
1506,B.Sc. Fabric & Apparel Science,,1,1,10569,2025-08-13 01:41:08,2025-08-13 01:41:08
1507,certificate in retail buying,,1,1,10569,2025-08-13 01:43:23,2025-08-13 01:43:23
1508,certificate in supply chain management,,1,1,10569,2025-08-13 01:44:36,2025-08-13 01:44:36
1509,Bsc.,,1,1,10584,2025-08-13 10:10:22,2025-08-13 10:10:22
1510,Metric,,1,1,10634,2025-08-13 19:01:39,2025-08-13 19:01:39
1511,Diploam,,1,1,8251,2025-08-13 23:29:06,2025-08-13 23:29:06
1512,MBA in finance,,1,1,10901,2025-08-16 07:33:18,2025-08-16 07:33:18
1513,Bhms,,1,1,11010,2025-08-17 10:07:50,2025-08-17 10:07:50
1514,BBA Hospital management,,1,1,11089,2025-08-18 00:57:58,2025-08-18 00:57:58
1515,HR Analystics with Excel,,1,1,11171,2025-08-18 20:40:15,2025-08-18 20:40:15
1516,Architectural Assistantship,,1,1,11290,2025-08-20 07:57:18,2025-08-20 07:57:18
1517,Diploma in Architecture,,1,1,11295,2025-08-20 09:29:15,2025-08-20 09:29:15
1518,Google Data Analytics Professional Certificate,,1,1,11301,2025-08-20 10:29:30,2025-08-20 10:29:30
1519,IBM Data Analyst Professional Certification,,1,1,11301,2025-08-20 10:30:33,2025-08-20 10:30:33
1520,Ipem,,1,1,11384,2025-08-20 22:03:31,2025-08-20 22:03:31
1521,Agentic ai with HR strategy,,1,1,11384,2025-08-20 22:13:57,2025-08-20 22:13:57
1522,ADVANCE DIPLOMA IN FINANCING ACCOUNTING,,1,1,10023,2025-08-21 19:24:08,2025-08-21 19:24:08
1523,Bechelors of Arts (Major),,1,1,11420,2025-08-21 20:43:05,2025-08-21 20:43:05
1524,PGDCA,,1,1,11420,2025-08-21 20:44:17,2025-08-21 20:44:17
1525,Java foundation course,,1,1,11719,2025-08-23 20:03:08,2025-08-23 20:03:08
1526,Database Programming with SQL,,1,1,11719,2025-08-23 20:05:28,2025-08-23 20:05:28
1527,AI-ML Virtual Internship,,1,1,11719,2025-08-23 20:08:40,2025-08-23 20:08:40
1528,Ethical Hacking Internship,,1,1,11719,2025-08-23 20:10:17,2025-08-23 20:10:17
1529,Network Security Internship,,1,1,11719,2025-08-23 20:13:27,2025-08-23 20:13:27
1530,Diploma Information System Managment DISM,,1,1,11747,2025-08-24 10:57:54,2025-08-24 10:57:54
1531,DIPLOMA IN BUSINESS ADMINISTRATION IN MATERIAL MANAGEMENT,,1,1,11747,2025-08-24 11:01:39,2025-08-24 11:01:39
1532,Diploma in Cloud Computing,,1,1,11809,2025-08-24 15:47:49,2025-08-24 15:47:49
1533,BTech in Artificial intelligence and Data science,,1,1,11835,2025-08-24 20:49:06,2025-08-24 20:49:06
1534,Degree,,1,1,11895,2025-08-25 12:40:36,2025-08-25 12:40:36
1535,Ba political science honours.,,1,1,11901,2025-08-25 14:05:19,2025-08-25 14:05:19
1536,Electronics and Telecommunication Engineering,,1,1,11923,2025-08-25 17:48:35,2025-08-25 17:48:35
1537,SSC,,1,1,12023,2025-08-26 19:31:33,2025-08-26 19:31:33
1538,HSC,,1,1,12023,2025-08-26 19:32:57,2025-08-26 19:32:57
1539,Mechanical Engineeering,,1,1,12265,2025-08-27 23:47:25,2025-08-27 23:47:25
1540,Diploma in Data Science and AI,,1,1,12716,2025-08-30 12:52:42,2025-08-30 12:52:42
1541,Ai Dashboards Using Microsoft Power BI,,1,1,12716,2025-08-30 12:55:17,2025-08-30 12:55:17
1542,ACBP-BROADCAST-DESIGNS,,1,1,12710,2025-08-30 13:11:02,2025-08-30 13:11:02
1543,Sap,,1,1,13050,2025-09-01 09:12:08,2025-09-01 09:12:08
1544,Master of Arts,,1,1,13483,2025-09-03 07:55:39,2025-09-03 07:55:39
1545,MBA in Marketing and IT,,1,1,13495,2025-09-03 10:04:19,2025-09-03 10:04:19
1546,Master in agronomy,,1,1,13357,2025-09-03 11:59:49,2025-09-03 11:59:49
1547,Diploma Electronic Engineering,,1,1,13609,2025-09-03 18:55:32,2025-09-03 18:55:32
1548,Mba in finance and marketing,,1,1,13704,2025-09-04 11:07:02,2025-09-04 11:07:02
1549,CSSM,,1,1,13870,2025-09-05 13:08:29,2025-09-05 13:08:29
1550,Graduation BA,,1,1,14100,2025-09-06 22:55:47,2025-09-06 22:55:47
1551,Bachelor's of Science,,1,1,14126,2025-09-07 07:36:42,2025-09-07 07:36:42
1552,B.com hons,,1,1,14218,2025-09-07 18:06:23,2025-09-07 18:06:23
1553,B.tech in electronic communication,,1,1,14341,2025-09-08 03:37:41,2025-09-08 03:37:41
1554,CCC and ITI Deploma 2YEARS,,1,1,14477,2025-09-08 20:41:50,2025-09-08 20:41:50
1555,Turner machinest,,1,1,14477,2025-09-08 20:43:49,2025-09-08 20:43:49
1556,B com,,1,1,14612,2025-09-09 10:32:42,2025-09-09 10:32:42
1557,Education Deploma,,1,1,14811,2025-09-09 21:29:29,2025-09-09 21:29:29
1558,MBA In Digital Marketing & International Busniess,,1,1,14747,2025-09-10 10:14:08,2025-09-10 10:14:08
1559,Msc biotechnology,,1,1,14981,2025-09-10 12:12:55,2025-09-10 12:12:55
1560,MBA in Marketing and HR,,1,1,14995,2025-09-10 12:41:13,2025-09-10 12:41:13
1561,M.A.,,1,1,15022,2025-09-10 15:07:59,2025-09-10 15:07:59
1562,computer hardware and networking course,,1,1,15022,2025-09-10 15:14:34,2025-09-10 15:14:34
1563,Electronics,,1,1,15022,2025-09-10 15:17:22,2025-09-10 15:17:22
1564,PLC Programming,,1,1,15107,2025-09-10 19:47:41,2025-09-10 19:47:41
1565,BSc Physics Hons,,1,1,8191,2025-09-10 22:46:27,2025-09-10 22:46:27
1566,company secretary,,1,1,15244,2025-09-11 10:47:08,2025-09-11 10:47:08
1567,D.pharmacy,,1,1,15267,2025-09-11 12:00:55,2025-09-11 12:00:55
1568,Introduction to power bi,,1,1,15397,2025-09-11 18:57:39,2025-09-11 18:57:39
1569,Electronic Mechanic,,1,1,15479,2025-09-11 22:55:37,2025-09-11 22:55:37
1570,DOAP,,1,1,15571,2025-09-12 11:52:56,2025-09-12 11:52:56
1571,ECE,,1,1,134,2025-09-12 12:31:56,2025-09-12 12:31:56
1572,Automobile,,1,1,15744,2025-09-12 23:29:00,2025-09-12 23:29:00
1573,m.tech( Civil engineer),,1,1,15784,2025-09-13 07:46:26,2025-09-13 07:46:26
1574,Freedom with AI masterclass,,1,1,15820,2025-09-13 10:15:02,2025-09-13 10:15:02
1575,Power Bi workshop,,1,1,15820,2025-09-13 10:16:15,2025-09-13 10:16:15
1576,MSc,,1,1,15962,2025-09-13 16:49:51,2025-09-13 16:49:51
1577,Course on computer concepts,,1,1,15962,2025-09-13 17:03:10,2025-09-13 17:03:10
1578,CNC Machine Operation & Programming,,1,1,16013,2025-09-13 19:19:59,2025-09-13 19:19:59
1579,Automation of MS office,,1,1,16013,2025-09-13 19:22:47,2025-09-13 19:22:47
1580,Diploma Electrical Engineer,,1,1,16013,2025-09-13 19:27:11,2025-09-13 19:27:11
1581,Elecrical Service Technician,,1,1,16013,2025-09-13 19:30:59,2025-09-13 19:30:59
1582,bsc animation and vfx,,1,1,16161,2025-09-14 09:26:08,2025-09-14 09:26:08
1583,Electrical Technician Repair Services,,1,1,16371,2025-09-14 20:12:51,2025-09-14 20:12:51
1584,Master in software technology course,,1,1,16451,2025-09-14 23:12:28,2025-09-14 23:12:28
1585,BACHELOR'S OF ARTS,,1,1,16610,2025-09-15 11:41:46,2025-09-15 11:41:46
1586,Diploma in computer application,,1,1,16491,2025-09-15 18:38:26,2025-09-15 18:38:26
1587,Google AI Essentials,,1,1,16865,2025-09-16 09:44:38,2025-09-16 09:44:38
1588,soft skill development,,1,1,16865,2025-09-16 09:49:49,2025-09-16 09:49:49
1589,Diploma in Computer Applications,,1,1,17229,2025-09-16 23:47:56,2025-09-16 23:47:56
1590,MBA Business Analytics,,1,1,17279,2025-09-17 00:45:48,2025-09-17 00:45:48
1591,German Language,,1,1,17585,2025-09-17 21:32:37,2025-09-17 21:32:37
1592,Diploma in macnical,,1,1,17691,2025-09-18 03:29:54,2025-09-18 03:29:54
1593,SAIG,,1,1,17844,2025-09-18 16:07:22,2025-09-18 16:07:22
1594,Upsc,,1,1,17959,2025-09-18 20:07:15,2025-09-18 20:07:15
1595,Bammc,,1,1,18195,2025-09-19 13:08:17,2025-09-19 13:08:17
1596,Chartered accountants,,1,1,18237,2025-09-19 15:09:47,2025-09-19 15:09:47
1597,Diploma in medical Lab technology,,1,1,18435,2025-09-20 10:24:24,2025-09-20 10:24:24
1598,ITI WITH ELECTRICIAN TRADE,,1,1,18591,2025-09-20 18:23:58,2025-09-20 18:23:58
1599,IIBF,,1,1,18652,2025-09-21 10:24:29,2025-09-21 10:24:29
1600,PGC in BFSI,,1,1,18652,2025-09-21 10:28:35,2025-09-21 10:28:35
1601,MBA RURAL MANAGEMENT,,1,1,12131,2025-09-21 12:22:56,2025-09-21 12:22:56
1602,Business accounting and taxation,,1,1,8702,2025-09-21 13:27:16,2025-09-21 13:27:16
1603,College,,1,1,18701,2025-09-21 16:17:15,2025-09-21 16:17:15
1604,DCA,,1,1,19145,2025-09-22 12:57:58,2025-09-22 12:57:58
1605,CompTIA A+,,1,1,19295,2025-09-22 20:01:27,2025-09-22 20:01:27
1606,Adchn,,1,1,19295,2025-09-22 20:04:24,2025-09-22 20:04:24
1607,Basics of computer application,,1,1,19295,2025-09-22 20:05:57,2025-09-22 20:05:57
1608,Essentials of MS Excel - Formulas and Functio,,1,1,19422,2025-09-23 08:03:40,2025-09-23 08:03:40
1609,Fundamentals of English Grammar,,1,1,19422,2025-09-23 08:05:18,2025-09-23 08:05:18
1610,Master's in Data science,,1,1,19720,2025-09-23 22:54:25,2025-09-23 22:54:25
1611,Python for Data science,,1,1,19720,2025-09-23 22:55:46,2025-09-23 22:55:46
1612,DELED,,1,1,19716,2025-09-23 23:17:38,2025-09-23 23:17:38
1613,Bechelors of computer science,,1,1,20051,2025-09-24 20:48:19,2025-09-24 20:48:19
1614,Mutual funds distribution,,1,1,20179,2025-09-25 09:48:02,2025-09-25 09:48:02
1615,BA,,1,1,20275,2025-09-25 15:05:54,2025-09-25 15:05:54
1616,Power BI Data Analyst Associate,,1,1,20460,2025-09-26 01:11:33,2025-09-26 01:11:33
1617,Autocad 2d,,1,1,20708,2025-09-26 19:11:12,2025-09-26 19:11:12
1618,Co-ordination,,1,1,20708,2025-09-26 19:12:59,2025-09-26 19:12:59
1619,Trade engineering Mechanic motor vehicle,,1,1,21096,2025-09-28 09:27:49,2025-09-28 09:27:49
1620,Certificate Course,,1,1,21096,2025-09-28 09:28:56,2025-09-28 09:28:56
1621,ITI,,1,1,21103,2025-09-28 09:36:06,2025-09-28 09:36:06
1622,DPW3D,,1,1,21271,2025-09-28 16:27:56,2025-09-28 16:27:56
1623,MBA BFSI,,1,1,21372,2025-09-28 20:22:41,2025-09-28 20:22:41
1624,Bsc program,,1,1,21431,2025-09-28 23:36:37,2025-09-28 23:36:37
1625,Masters in Design,,1,1,21643,2025-09-29 15:15:38,2025-09-29 15:15:38
1626,Android Tranning,,1,1,21611,2025-09-29 17:29:27,2025-09-29 17:29:27
1627,AI in Software,,1,1,21779,2025-09-29 20:24:56,2025-09-29 20:24:56
1628,English houners,,1,1,21840,2025-09-29 22:43:30,2025-09-29 22:43:30
1629,Diploma (civil),,1,1,21837,2025-09-29 22:47:52,2025-09-29 22:47:52
1630,Performance of the Month,,1,1,22042,2025-09-30 14:09:58,2025-09-30 14:09:58
1631,Diploma in machanical,,1,1,22963,2025-10-03 19:36:59,2025-10-03 19:36:59
1632,Deloitte Australia Data Analytics Job Simulation (Forage) Internships,,1,1,23079,2025-10-04 00:45:30,2025-10-04 00:45:30
1633,DECODE DATA SCIENCE WITH MACHINE LEARNING,,1,1,23079,2025-10-04 00:49:37,2025-10-04 00:49:37
1634,Data Science with Gen Ai,,1,1,22760,2025-10-04 10:13:11,2025-10-04 10:13:11
1635,Diploma in Chemical Engineering,,1,1,13491,2025-10-04 17:32:37,2025-10-04 17:32:37
1636,PGPM,,1,1,23261,2025-10-04 18:37:46,2025-10-04 18:37:46
1637,B.Tech Computer Science and Engineering,,1,1,22933,2025-10-04 22:06:42,2025-10-04 22:06:42
1638,SAP MM and FICO,,1,1,23450,2025-10-05 12:24:28,2025-10-05 12:24:28
1639,Bachelor's of commerce,,1,1,23502,2025-10-05 15:07:29,2025-10-05 15:07:29
1640,Computer ADCA,,1,1,24083,2025-10-06 22:43:30,2025-10-06 22:43:30
1641,B.TECH in civil engineering,,1,1,24166,2025-10-07 07:41:13,2025-10-07 07:41:13
1642,10+2,,1,1,24166,2025-10-07 07:43:01,2025-10-07 07:43:01
1643,Certification on Export-import,,1,1,24166,2025-10-07 07:45:33,2025-10-07 07:45:33
1644,Crash course on Advanced excel,,1,1,24166,2025-10-07 07:49:20,2025-10-07 07:49:20
1645,12th science,,1,1,24963,2025-10-08 22:13:51,2025-10-08 22:13:51
1646,12th science(PCM),,1,1,24963,2025-10-08 22:14:24,2025-10-08 22:14:24
1647,BE Mechanical Engineering,,1,1,24984,2025-10-08 22:52:40,2025-10-08 22:52:40
1648,Microsoft certified power bi data Analyst associate,,1,1,24984,2025-10-08 22:54:28,2025-10-08 22:54:28
1649,MBA in Marketing and International Business,,1,1,25049,2025-10-09 01:41:11,2025-10-09 01:41:11
1650,Masters of commerce,,1,1,25215,2025-10-09 16:14:53,2025-10-09 16:14:53
1651,Web developement,,1,1,25244,2025-10-09 17:38:54,2025-10-09 17:38:54
1652,Data Analytics,,1,1,25270,2025-10-09 18:41:19,2025-10-09 18:41:19
1653,Microsoft DevOps certified associate,,1,1,25401,2025-10-09 23:46:15,2025-10-09 23:46:15
1654,Masters of arts economics,,1,1,25409,2025-10-10 00:19:29,2025-10-10 00:19:29
1655,ELECTONIC MECHANICS,,1,1,25539,2025-10-10 13:25:41,2025-10-10 13:25:41
1656,M.sc It,,1,1,25628,2025-10-10 17:04:57,2025-10-10 17:04:57
1657,B A B.ED,,1,1,25928,2025-10-11 15:22:57,2025-10-11 15:22:57
1658,Bachlor of commerce,,1,1,25976,2025-10-11 18:12:37,2025-10-11 18:12:37
1659,C programming language,,1,1,26117,2025-10-12 09:17:51,2025-10-12 09:17:51
1660,AWS Certified DevOps Engineer Professional 2025 - DOP-C02,,1,1,26262,2025-10-12 17:12:44,2025-10-12 17:12:44
1661,Scrum Master Certification 2025 + Agile Scrum Certification,,1,1,26262,2025-10-12 17:13:27,2025-10-12 17:13:27
1662,Certified TPM Practitioner: In building Lean Enterprises,,1,1,26262,2025-10-12 17:14:11,2025-10-12 17:14:11
1663,Ultimate AWS Certified Al Practitioner AlFC01,,1,1,26262,2025-10-12 17:14:40,2025-10-12 17:14:40
1664,Accenture logo People Leadership Credential – Level 1,,1,1,26262,2025-10-12 17:15:17,2025-10-12 17:15:17
1665,Certified Automation Engineer,,1,1,26262,2025-10-12 17:15:57,2025-10-12 17:15:57
1666,Automation Anywhere RPA Professional (v11),,1,1,26262,2025-10-12 17:16:41,2025-10-12 17:16:41
1667,AWS Well-Architected,,1,1,26262,2025-10-12 17:17:48,2025-10-12 17:17:48
1668,Microsoft Certified: Dynamics 365 Fundamentals (CRM),,1,1,26262,2025-10-12 17:18:16,2025-10-12 17:18:16
1669,"Microsoft Certified: Security, Compliance, and Identity Fundamentals",,1,1,26262,2025-10-12 17:19:03,2025-10-12 17:19:03
1670,Microsoft Certified: AI fundamental,,1,1,26262,2025-10-12 17:19:35,2025-10-12 17:19:35
1671,Microsoft Certified: Azure Fundamentals,,1,1,26262,2025-10-12 17:20:03,2025-10-12 17:20:03
1672,Adobe Experience Manager Sites Developer Expert,,1,1,26262,2025-10-12 17:21:59,2025-10-12 17:21:59
1673,Certified Google Digital Marketing,,1,1,26262,2025-10-12 17:22:40,2025-10-12 17:22:40
1674,Google Ads Display Certified,,1,1,26262,2025-10-12 17:23:17,2025-10-12 17:23:17
1675,Btech Hons AI/ML,,1,1,26274,2025-10-12 17:42:50,2025-10-12 17:42:50
1676,Debt recovery agent,,1,1,26583,2025-10-13 18:47:10,2025-10-13 18:47:10
1677,BEMS,,1,1,26645,2025-10-13 22:20:50,2025-10-13 22:20:50
1678,Bachlor of Arts,,1,1,22257,2025-10-14 20:20:59,2025-10-14 20:20:59
1679,MBA in Marketing Management,,1,1,22257,2025-10-14 20:22:16,2025-10-14 20:22:16
1680,Form filing,,1,1,27631,2025-10-16 13:48:05,2025-10-16 13:48:05
1681,Msc Radiology,,1,1,27868,2025-10-16 23:02:20,2025-10-16 23:02:20
1682,B.A. programme,,1,1,27531,2025-10-17 00:52:21,2025-10-17 00:52:21
1683,aviation,,1,1,28098,2025-10-17 14:50:56,2025-10-17 14:50:56
1684,COMPUTER APPLICATIONS BUSINESS ACCOUNTING,,1,1,28192,2025-10-19 08:03:00,2025-10-19 08:03:00
1685,Diploma course in Urdu language,,1,1,28192,2025-10-19 08:07:06,2025-10-19 08:07:06
1686,Puc,,1,1,28683,2025-10-19 11:16:58,2025-10-19 11:16:58
1687,Complete professional accounting,,1,1,28737,2025-10-19 15:00:23,2025-10-19 15:00:23
1688,Bachelors of arts,,1,1,28743,2025-10-19 15:22:14,2025-10-19 15:22:14
1689,Bechlor of commerce,,1,1,29105,2025-10-20 17:04:02,2025-10-20 17:04:02
1690,Bachelor of arts in Journalism and mass communication,,1,1,29334,2025-10-21 13:26:16,2025-10-21 13:26:16
1691,Arts and humanities,,1,1,28295,2025-10-21 14:59:26,2025-10-21 14:59:26
1692,"Cisco Certified Network Associate,ICHNP",,1,1,29373,2025-10-21 17:21:48,2025-10-21 17:21:48
1693,BTech Biotechnology,,1,1,29501,2025-10-21 21:59:36,2025-10-21 21:59:36
1694,PGDM,,1,1,29501,2025-10-21 22:02:32,2025-10-21 22:02:32
1695,LLB,,1,1,29501,2025-10-21 22:04:04,2025-10-21 22:04:04
1696,Cisco Certified Network Associate,,1,1,29588,2025-10-22 03:37:41,2025-10-22 03:37:41
1697,BTech in Computer science and Engineering,,1,1,29636,2025-10-22 09:10:48,2025-10-22 09:10:48
1698,BA Hons Political Science,,1,1,29682,2025-10-22 11:35:04,2025-10-22 11:35:04
1699,B.Sc maths,,1,1,29958,2025-10-23 07:53:38,2025-10-23 07:53:38
1700,MS CiT,,1,1,30021,2025-10-23 11:43:15,2025-10-23 11:43:15
1701,Art's,,1,1,30055,2025-10-23 12:44:24,2025-10-23 12:44:24
1702,Life Advisor,,1,1,30002,2025-10-23 13:27:19,2025-10-23 13:27:19
1703,Research analyst certification examination,,1,1,25973,2025-10-23 14:37:47,2025-10-23 14:37:47
1704,Msc it,,1,1,30263,2025-10-23 20:24:36,2025-10-23 20:24:36
1705,MBA in Systems,,1,1,30398,2025-10-24 08:24:45,2025-10-24 08:24:45
1706,WEB Design,,1,1,30899,2025-10-25 10:45:22,2025-10-25 10:45:22
1707,Prompt Engineer,,1,1,26671,2025-10-25 11:25:31,2025-10-25 11:25:31
1708,Problem Solving,,1,1,26671,2025-10-25 11:28:49,2025-10-25 11:28:49
1709,Ncc c certificate,,1,1,30512,2025-10-25 18:14:00,2025-10-25 18:14:00
1710,Be civil,,1,1,31159,2025-10-25 22:38:19,2025-10-25 22:38:19
1711,Interior Designing,,1,1,31353,2025-10-26 13:02:44,2025-10-26 13:02:44
1712,MSc in org chemistry,,1,1,31471,2025-10-26 17:57:08,2025-10-26 17:57:08
1713,Graduate in Science,,1,1,31575,2025-10-26 21:03:50,2025-10-26 21:03:50
1714,PGDFM,,1,1,31789,2025-10-27 13:14:49,2025-10-27 13:14:49
1715,Bachelor of Library Science & Information,,1,1,31811,2025-10-27 14:48:34,2025-10-27 14:48:34
1716,PL-300,,1,1,30170,2025-10-27 19:14:26,2025-10-27 19:14:26
1717,Bachelor of business administration,,1,1,31983,2025-10-27 20:31:51,2025-10-27 20:31:51
1718,"Ms office, Photo shop and BTP",,1,1,32440,2025-10-28 19:12:10,2025-10-28 19:12:10
1719,Data entry operator,,1,1,32436,2025-10-28 19:50:51,2025-10-28 19:50:51
1720,PCB (SCIENCE),,1,1,32795,2025-10-29 13:02:54,2025-10-29 13:02:54
1721,Bechalor of business administration,,1,1,33055,2025-10-29 20:55:50,2025-10-29 20:55:50
1722,"TESOL Certificate, Part 1: Teach English Now",,1,1,134,2025-10-30 11:15:50,2025-10-30 11:15:50
1723,Advance excel,,1,1,33325,2025-10-31 02:15:30,2025-10-31 02:15:30
1724,MBA in Marketing and  operations,,1,1,33634,2025-10-31 14:55:14,2025-10-31 14:55:14
1725,Advanced KYC Techniques and Technologies for AML Compliance,,1,1,33733,2025-10-31 17:09:22,2025-10-31 17:09:22
1726,"AML, KYC AND COMPLIANCE",,1,1,33733,2025-10-31 17:10:26,2025-10-31 17:10:26
1727,Intro to Generative AI & Robotics Process Automation(RPA),,1,1,33733,2025-10-31 17:11:53,2025-10-31 17:11:53
1728,Understand Finance to Signal Money Laundering (KYC & CDD),,1,1,33733,2025-10-31 17:12:53,2025-10-31 17:12:53
1729,M.A. sociology,,1,1,33800,2025-10-31 19:29:57,2025-10-31 19:29:57
1730,B.Tech in Electrical Engineering,,1,1,34217,2025-11-01 21:08:59,2025-11-01 21:08:59
1731,ISO 9001,,1,1,33927,2025-11-01 22:30:34,2025-11-01 22:30:34
1732,Batchelor of arts,,1,1,34380,2025-11-02 13:00:22,2025-11-02 13:00:22
1733,Bechelors of Arts,,1,1,34548,2025-11-02 21:39:49,2025-11-02 21:39:49
1734,Mba in rural Management,,1,1,24790,2025-11-04 00:56:43,2025-11-04 00:56:43
1735,Advance electric,,1,1,35023,2025-11-04 05:46:18,2025-11-04 05:46:18
1736,B.A honour,,1,1,35245,2025-11-04 17:33:42,2025-11-04 17:33:42
1737,Diploma in computer technology,,1,1,35689,2025-11-05 18:35:48,2025-11-05 18:35:48
1738,M B A(marketing),,1,1,36094,2025-11-06 18:14:13,2025-11-06 18:14:13
1739,12th commerce,,1,1,36382,2025-11-07 13:50:17,2025-11-07 13:50:17
1740,Bcom in Accounting and Finance (BAF),,1,1,36449,2025-11-07 15:09:55,2025-11-07 15:09:55
1741,BJMC,,1,1,36743,2025-11-08 14:03:17,2025-11-08 14:03:17
1742,M.A. in bengali,,1,1,36784,2025-11-08 16:40:23,2025-11-08 16:40:23
1743,Diploma in civil engineering,,1,1,37673,2025-11-11 11:47:11,2025-11-11 11:47:11
1744,Diploma electrical engineering,,1,1,37916,2025-11-11 23:22:22,2025-11-11 23:22:22
1745,Six Sigma Black Belt,,1,1,38050,2025-11-13 17:53:26,2025-11-13 17:53:26
1746,Sanitary inspector diploma,,1,1,38149,2025-11-15 22:36:19,2025-11-15 22:36:19
1747,MTTM,,1,1,38152,2025-11-16 00:22:40,2025-11-16 00:22:40
1748,Computer engg,,1,1,38293,2025-11-16 21:23:21,2025-11-16 21:23:21
1749,Bachelor of economics,,1,1,38293,2025-11-16 21:27:03,2025-11-16 21:27:03
1750,Lean Six Sigma Black Belt,,1,1,38417,2025-11-17 11:32:38,2025-11-17 11:32:38
1751,Internal Auditor QMS Under ISO 9001-2015,,1,1,38417,2025-11-17 11:33:59,2025-11-17 11:33:59
1752,Marketing executive,,1,1,38568,2025-11-17 17:05:00,2025-11-17 17:05:00
1753,Full Time,,1,1,38593,2025-11-17 18:34:54,2025-11-17 18:34:54
1754,Online,,1,1,38623,2025-11-18 12:30:27,2025-11-18 12:30:27
1755,Master in Computer Application,,1,1,38626,2025-11-18 12:42:24,2025-11-18 12:42:24
1756,BTech-ECE,,1,1,38671,2025-11-19 13:34:38,2025-11-19 13:34:38
1757,Intermediate,,1,1,38671,2025-11-19 13:34:47,2025-11-19 13:34:47
1758,High School,,1,1,38671,2025-11-19 13:34:48,2025-11-19 13:34:48
1759,Select Course name,,1,1,38692,2025-11-19 16:01:23,2025-11-19 16:01:23
1760,QA,,1,1,38722,2025-11-21 16:55:04,2025-11-21 16:55:04
1761,Not Found,,1,1,26656,2025-11-23 00:32:08,2025-11-23 00:32:08
1762,Course Name,,1,1,38736,2025-11-24 12:10:48,2025-11-24 12:10:48
1763,A Law Student&#039;s Toolkit,,1,1,38851,2025-12-02 16:15:47,2025-12-02 16:15:47
1764,polytechnic,,1,1,38860,2025-12-13 16:14:04,2025-12-13 16:14:04
1765,A Law Student&amp;#039;s Toolkit,,1,1,38860,2025-12-24 11:26:21,2025-12-24 11:26:21
1766,drgtrtert,,1,1,38593,2026-01-05 17:32:43,2026-01-05 17:32:43
1767,fsadfsdf,,1,1,38593,2026-01-05 17:34:15,2026-01-05 17:34:15
1768,fsadfsdfgfdghd,,1,1,38593,2026-01-05 17:37:16,2026-01-05 17:37:16
1769,awrwrwr,,1,1,38593,2026-01-05 17:39:44,2026-01-05 17:39:44
1770,A Law Student&amp;amp;#039;s Toolkit,,1,1,38860,2026-01-08 17:31:25,2026-01-08 17:31:25
1771,ADCE,,1,1,38985,2026-01-13 10:48:09,2026-01-13 10:48:09
1772,A Law Student&ampamp039s Toolkit,,1,1,38860,2026-01-15 17:32:25,2026-01-15 17:32:25
1773,Time Pass,,1,1,39057,2026-01-21 15:30:48,2026-01-21 15:30:48
1774,Circuit analytic,,1,1,39169,2026-02-06 17:58:40,2026-02-06 17:58:40
1775,A Law Studens Toolkit,,1,1,38860,2026-02-11 15:14:15,2026-02-11 15:14:15
1776,asda,,1,1,38829,2026-02-27 10:54:01,2026-02-27 10:54:01
1777,fddf,,1,1,38829,2026-02-27 10:54:12,2026-02-27 10:54:12
1778,ISQBT,,1,1,40119,2026-05-26 12:39:43,2026-05-26 12:39:43
1779,qwq,,1,1,38872,2026-06-09 15:23:47,2026-06-09 15:23:47
1780,dasd,,1,1,40332,2026-06-12 12:43:36,2026-06-12 12:43:36
1781,hotel management,,1,1,40351,2026-06-13 11:07:56,2026-06-13 11:07:56
1782,B.Tech in Computer Science and Engineering,,1,1,40352,2026-06-13 11:57:28,2026-06-13 11:57:28
1783,12th (Science),,1,1,40352,2026-06-13 11:57:28,2026-06-13 11:57:28
1784,M tech,,1,1,40119,2026-06-19 12:42:19,2026-06-19 12:42:19
1785,Animation,,1,1,40119,2026-06-20 13:23:15,2026-06-20 13:23:15
1786,g,,1,1,40469,2026-06-23 12:25:18,2026-06-23 12:25:18
1787,Accenture logo People Leadership Credential  Level 1,,1,1,19,2026-06-29 11:29:59,2026-06-29 11:29:59
1788,Fullstack Development UPGRAD,,1,1,40290,2026-07-03 18:01:28,2026-07-03 18:01:28
1789,asd ds,,1,1,18,2026-07-08 15:49:33,2026-07-08 15:49:33
