id,name,status,user_id,user_defined,create_date,modify_date
7,2D graphics,1,,1,,
11,3D Architectural Rendering,1,,1,,
12,3D GIS,1,,1,,
13,3D Graphics,1,,1,,
14,3D Modeling,1,,1,,
15,3D Rendering,1,,1,,
16,3D Scanning,1,,1,,
17,3D Seismic Interpretation,1,,1,,
18,3D Studio Max,1,,1,,
19,3D Studio Viz,1,,1,,
20,3D Visualization,1,,1,,
21,401k Rollovers,1,,1,,
22,4th Dimension,1,,1,,
26,A3 Thinking,1,,1,,
27,AAAHC,1,,1,,
28,AAC,1,,1,,
29,AACR2,1,,1,,
30,AAMS,1,,1,,
31,AAP,1,,1,,
32,AAR,1,,1,,
33,AASHTO,1,,1,,
34,AAT,1,,1,,
35,AAUS Scientific Diver,1,,1,,
36,Abacus,1,,1,,
37,AbacusLaw,1,,1,,
38,Abandonment,1,,1,,
39,ABAP,1,,1,,
40,ABAP-OO,1,,1,,
41,ABAP Web Dynpro,1,,1,,
42,Abaqus,1,,1,,
43,Abatement,1,,1,,
44,ABBYY,1,,1,,
45,ABBYY FineReader,1,,1,,
46,ABB 800xA,1,,1,,
47,ABCP,1,,1,,
48,ABC Analysis,1,,1,,
49,ABC Flowcharter,1,,1,,
50,Abdominal,1,,1,,
51,Abdominal Imaging,1,,1,,
52,ABEL,1,,1,,
53,Abelton,1,,1,,
54,Abend-Aid,1,,1,,
55,ABI,1,,1,,
56,Abis,1,,1,,
57,Ableton,1,,1,,
58,Ableton Live,1,,1,,
59,ABLS,1,,1,,
60,Abnormal Psychology,1,,1,,
61,Aboriginal Affairs,1,,1,,
62,Aboriginal Health,1,,1,,
63,Aboriginal Law,1,,1,,
64,Aboriginal Relations,1,,1,,
65,Above the Line,1,,1,,
66,ABO Certified,1,,1,,
67,ABR,1,,1,,
68,Abra,1,,1,,
69,Abrasives,1,,1,,
70,Abra Suite,1,,1,,
71,ABS,1,,1,,
72,Absenteeism,1,,1,,
73,Absolute Return,1,,1,,
74,Absorption,1,,1,,
75,Absorption Spectroscopy,1,,1,,
76,Abstracting,1,,1,,
77,Abstraction,1,,1,,
78,Abstracts,1,,1,,
79,Abstract Algebra,1,,1,,
80,Abstract Expressionism,1,,1,,
81,Abstract Paintings,1,,1,,
82,Abundance,1,,1,,
83,Abuse Prevention,1,,1,,
84,ABV,1,,1,,
85,Ab Initio,1,,1,,
86,ACAD,1,,1,,
87,Academia,1,,1,,
88,Academic Achievement,1,,1,,
89,Academic Administration,1,,1,,
90,Academic Advising,1,,1,,
91,Academic Background,1,,1,,
92,Academic Development,1,,1,,
93,Academic Editing,1,,1,,
94,Academic English,1,,1,,
95,Academic Journals,1,,1,,
96,Academic Libraries,1,,1,,
97,Academic Medical Centers,1,,1,,
98,Academic Medicine,1,,1,,
99,Academic Program Development,1,,1,,
100,Academic Program Management,1,,1,,
13830,SFI,1,,1,,
13831,SFIA,1,,1,,
13832,sFlow,1,,1,,
13833,SFP,1,,1,,
13834,SFR,1,,1,,
13835,SFR Certified,1,,1,,
13836,SFTP,1,,1,,
13837,SFX,1,,1,,
13838,SFX Editing,1,,1,,
13839,SGBD,1,,1,,
13840,SGE,1,,1,,
13841,SGML,1,,1,,
13842,SGSN,1,,1,,
13843,SGW,1,,1,,
13844,Shaders,1,,1,,
13845,Shades,1,,1,,
13846,Shading,1,,1,,
13847,Shadow Boxes,1,,1,,
13848,Shaft Alignment,1,,1,,
13849,Shaft Sinking,1,,1,,
13850,Shake,1,,1,,
13851,Shakespeare,1,,1,,
13852,Shale,1,,1,,
13853,Shale Gas,1,,1,,
13854,Shallow Foundations,1,,1,,
13855,Shamanism,1,,1,,
13856,Shared Services,1,,1,,
13857,Shared Service Center,1,,1,,
13858,Shareholder,1,,1,,
13859,Shareholder Arrangements,1,,1,,
13860,SharePoint,1,,1,,
13861,SharePoint Administration,1,,1,,
13862,SharePoint Designer,1,,1,,
13863,SharePoint Server,1,,1,,
13864,Shares,1,,1,,
13865,SHDSL,1,,1,,
13866,Sheds,1,,1,,
13867,Sheep,1,,1,,
13868,Sheet Metal,1,,1,,
13869,Sheet Metal Components,1,,1,,
13870,Shelf Life,1,,1,,
13871,Shellac,1,,1,,
13872,Shell &amp; Tube Heat Exchangers,1,,1,,
13873,Shell Scripting,1,,1,,
13874,Shelter,1,,1,,
13875,Shelving,1,,1,,
13876,Shepardizing,1,,1,,
13877,SHEQ,1,,1,,
13878,SHF,1,,1,,
13879,Shiatsu,1,,1,,
13880,Shipbuilding,1,,1,,
13881,Shiphandling,1,,1,,
13882,Shipping,1,,1,,
13883,Shipping &amp; Receiving,1,,1,,
13884,Shipping Systems,1,,1,,
13885,Ships,1,,1,,
13886,Shipyards,1,,1,,
13887,Ship Management,1,,1,,
13888,Ship Security Officer,1,,1,,
13889,Shirts,1,,1,,
13890,Shirt Design,1,,1,,
13891,SHL,1,,1,,
13892,Shoes,1,,1,,
13893,Shopper Marketing,1,,1,,
13894,Shopping Bags,1,,1,,
13895,Shopping Centers,1,,1,,
13896,Shop Drawings,1,,1,,
13897,Shorthand,1,,1,,
13898,Short Circuit,1,,1,,
13899,Short Films,1,,1,,
13900,Short Run,1,,1,,
13901,Short Sales,1,,1,,
13902,Short Stories,1,,1,,
13903,Short Tandem Repeat,1,,1,,
13904,Shotokan Karate,1,,1,,
13905,Shot Peening,1,,1,,
13906,Shoulder,1,,1,,
13907,Shoulder Pain,1,,1,,
13908,Show Jumping,1,,1,,
13909,Show Production,1,,1,,
13910,Show Runner,1,,1,,
13911,Shredders,1,,1,,
13912,Shredding,1,,1,,
13913,Shrinkage,1,,1,,
13914,Shrink Management,1,,1,,
13915,Shrink Reduction,1,,1,,
13916,Shrink Sleeves,1,,1,,
13917,Shrink Wrap,1,,1,,
13918,SHRM,1,,1,,
13919,shRNA,1,,1,,
13920,Shrub,1,,1,,
13921,Shure,1,,1,,
13922,Shutdown,1,,1,,
13923,Shutters,1,,1,,
13924,Shuttle Service,1,,1,,
13925,SIA,1,,1,,
13926,Sibel,1,,1,,
13927,Sibelius,1,,1,,
13928,SIC,1,,1,,
13929,Sickness Absence Management,1,,1,,
13930,SID,1,,1,,
13931,Sidewalk,1,,1,,
13932,Sidewinder,1,,1,,
13933,Side Scan Sonar,1,,1,,
13934,Siding,1,,1,,
13935,SIDRA,1,,1,,
13936,Siebel,1,,1,,
13937,Siebel 7.x,1,,1,,
13938,SIEM,1,,1,,
13939,Siemens HiPath,1,,1,,
13940,Siemens OPENLink,1,,1,,
13941,Siemens S7-200,1,,1,,
13942,Siemens Soarian,1,,1,,
13943,Sieve Analysis,1,,1,,
13944,SIF,1,,1,,
13945,SIG,1,,1,,
13946,Sight Reading,1,,1,,
13947,SIGINT,1,,1,,
13948,Sigma Theta Tau,1,,1,,
13949,Signalling,1,,1,,
13950,Signal Integrity,1,,1,,
13951,Signal Processing,1,,1,,
13952,Signing Agent,1,,1,,
13953,Signs,1,,1,,
13954,Sign Language,1,,1,,
13955,SIGTRAN,1,,1,,
13956,Sikuli,1,,1,,
13957,SIL,1,,1,,
13958,Silent Knight,1,,1,,
13959,Silhouette,1,,1,,
13960,Silicon,1,,1,,
13961,Silicones,1,,1,,
13962,Silicon Graphics,1,,1,,
13963,Silicon Photonics,1,,1,,
13964,Silicon Validation,1,,1,,
13965,Silk,1,,1,,
13966,SilkTest,1,,1,,
13967,Silk Performer,1,,1,,
13968,Silver,1,,1,,
13969,Silverlight,1,,1,,
13970,Silverpop,1,,1,,
13971,Silverpop Engage,1,,1,,
13972,Silversmithing,1,,1,,
13973,Silverstripe,1,,1,,
13974,Silver Service,1,,1,,
13975,Silver Sneakers,1,,1,,
13976,Silviculture,1,,1,,
13977,SIM,1,,1,,
13978,SimCorp Dimension,1,,1,,
13979,Simmons Choices 3,1,,1,,
13980,Simple Comptable,1,,1,,
13981,Simple IRA,1,,1,,
13982,Simply Accounting,1,,1,,
13983,SIMS,1,,1,,
13984,Simulations,1,,1,,
13985,Simulation Modeling,1,,1,,
13986,Simulation Software,1,,1,,
13987,Simulink,1,,1,,
13988,Simultaneous Interpretation,1,,1,,
13989,Sinatra,1,,1,,
13990,SINCGARS,1,,1,,
13991,Singapore Math,1,,1,,
13992,Singer-songwriter,1,,1,,
13993,Singing,1,,1,,
13994,Singleton,1,,1,,
13995,Singl.eView,1,,1,,
13996,Single Audit,1,,1,,
13997,Single Board Computers,1,,1,,
13998,Single Camera,1,,1,,
13999,Single Engine Land,1,,1,,
14000,Single Family Homes,1,,1,,
14001,Single Line Diagrams,1,,1,,
14002,Single Piece Flow,1,,1,,
14003,Single Sourcing,1,,1,,
14004,Sintering,1,,1,,
14005,Sinus,1,,1,,
14006,Sinusitis,1,,1,,
14007,Sinus Surgery,1,,1,,
14008,SIOP,1,,1,,
14009,SIP,1,,1,,
14010,Siperian,1,,1,,
14011,SIPOC,1,,1,,
14012,SIPP,1,,1,,
14013,SIPRNET,1,,1,,
14014,SIPs,1,,1,,
14015,SIP Servlets,1,,1,,
14016,SIP Trunking,1,,1,,
14017,siRNA,1,,1,,
14018,SIRSI,1,,1,,
14019,SIS,1,,1,,
14020,SIT,1,,1,,
14021,Sitecore,1,,1,,
14022,Site-directed Mutagenesis,1,,1,,
14023,Siteminder,1,,1,,
14024,Site Acquisition,1,,1,,
14025,Site Development,1,,1,,
14026,Site Initiation,1,,1,,
14027,Site Inspections,1,,1,,
14028,Site Investigation,1,,1,,
14029,Site Layout,1,,1,,
14030,Site Management,1,,1,,
14031,Site Maps,1,,1,,
14032,Site Planning,1,,1,,
14033,Site Plans,1,,1,,
14034,Site Supervision,1,,1,,
14035,Situational Awareness,1,,1,,
14036,Situational Leadership,1,,1,,
14037,Situational Sales Negotiation,1,,1,,
14038,Six Sigma,1,,1,,
14039,Six Thinking Hats,1,,1,,
14040,Size Exclusion,1,,1,,
14041,Sizing,1,,1,,
14042,Sizzle Reels,1,,1,,
14043,Ska,1,,1,,
14044,Skate,1,,1,,
14045,Skateboarding,1,,1,,
14046,Skating,1,,1,,
14047,Sketchbook Pro,1,,1,,
14048,Sketcher,1,,1,,
14049,Sketching,1,,1,,
14050,SketchUp,1,,1,,
14051,Sketch Comedy,1,,1,,
14052,Ski,1,,1,,
14053,Skilled Multi-tasker,1,,1,,
14054,Skin,1,,1,,
14055,Skin Care,1,,1,,
14056,Skin Care Products,1,,1,,
14057,SKM,1,,1,,
14058,SKM PowerTools,1,,1,,
14059,Skull Base Surgery,1,,1,,
14060,SKU Management,1,,1,,
14061,Skydiving,1,,1,,
14062,Skyline,1,,1,,
14063,Skype,1,,1,,
14064,SLA,1,,1,,
14065,Slabs,1,,1,,
14066,Slackware,1,,1,,
14067,SLAM,1,,1,,
14068,Slang,1,,1,,
14069,Slate,1,,1,,
14070,Slavic Languages,1,,1,,
14071,SLC500,1,,1,,
14072,SLD,1,,1,,
14073,Sleepwear,1,,1,,
14074,Sleep Apnea,1,,1,,
14075,Sleep Deprivation,1,,1,,
14076,Sleep Disorders,1,,1,,
14077,Sleep Medicine,1,,1,,
14078,Sleep Training,1,,1,,
14079,SLES,1,,1,,
14080,Sleuthkit,1,,1,,
14081,SLF4J,1,,1,,
14082,SLI,1,,1,,
14083,Slicing,1,,1,,
14084,SlickEdit,1,,1,,
14085,Slickline,1,,1,,
14086,Slideshare,1,,1,,
14087,Slide Decks,1,,1,,
14088,Slide Guitar,1,,1,,
14089,Slide Kits,1,,1,,
14090,Slide Preparation,1,,1,,
14091,Slide Shows,1,,1,,
14092,Slipcovers,1,,1,,
14093,Slip &amp; Fall,0,,1,,
14094,Slip Casting,1,,1,,
14095,Slitting,1,,1,,
14096,Slogans,1,,1,,
14097,Slope Stability,1,,1,,
14098,Slope Stability Analysis,1,,1,,
14099,Slotting,1,,1,,
14100,Slovak,1,,1,,
14101,Slovenian,1,,1,,
14102,SLR,1,,1,,
14103,SLS,1,,1,,
14104,SMA,1,,1,,
14105,Small Arms,1,,1,,
14106,Small Arms Instruction,1,,1,,
14107,Small Boat Operations,1,,1,,
14108,Small Business,1,,1,,
14109,Small Business Development,1,,1,,
14110,Small Business Financial Management,1,,1,,
14111,Small Business Lending,1,,1,,
14112,Small Business Marketing,1,,1,,
14113,Small Business Online Marketing,1,,1,,
14114,Small Business Server,1,,1,,
14115,Small Group Counseling,1,,1,,
14116,Small Molecules,1,,1,,
14117,Small Talk,1,,1,,
14118,Small Unit Tactics,1,,1,,
14119,Smartboard,1,,1,,
14120,Smartforms,1,,1,,
14121,Smartphones,1,,1,,
14122,SmartPlant,1,,1,,
14123,Smartstream TLM,1,,1,,
14124,Smarty,1,,1,,
14125,Smart Cards,1,,1,,
14126,Smart Cities,1,,1,,
14127,Smart Grid,1,,1,,
14128,Smart GWT,1,,1,,
14129,Smart Metering,1,,1,,
14130,Smart Plant Review,1,,1,,
14131,SMAW,1,,1,,
14132,SMB,1,,1,,
14133,SMBus,1,,1,,
14134,SMB Sales,1,,1,,
14135,SME,1,,1,,
14136,SMED,1,,1,,
14137,Smelting,1,,1,,
14138,SMERF,1,,1,,
14139,SME Banking,1,,1,,
14140,SME Consulting,1,,1,,
14141,SME development,1,,1,,
14142,SME management,1,,1,,
14143,SME sector,1,,1,,
14144,SMF,1,,1,,
14145,SMIL,1,,1,,
14146,S/MIME,1,,1,,
14147,SMI-S,1,,1,,
14148,Smith Chart,1,,1,,
14149,SML,1,,1,,
14150,SMO,1,,1,,
14151,Smokeping,1,,1,,
14152,Smoke Detectors,1,,1,,
14153,Smoke Testing,1,,1,,
14154,Smoking Cessation,1,,1,,
14155,Smoothies,1,,1,,
14156,Smoothwall,1,,1,,
14157,Smooth Jazz,1,,1,,
14158,SMP,1,,1,,
14159,SMP/E,1,,1,,
14160,SMPP,1,,1,,
14161,SMPS,1,,1,,
14162,SMS,1,,1,,
14163,SMSC,1,,1,,
14164,SMSF,1,,1,,
14165,SMSTS,1,,1,,
14166,SMS Banking,1,,1,,
14167,SMS Gateway,1,,1,,
14168,SMT,1,,1,,
14169,SMTP,1,,1,,
14170,SMT Kingdom,1,,1,,
14171,SNA,1,,1,,
14172,Snacks,1,,1,,
14173,SnagIt,1,,1,,
14174,Snag It,1,,1,,
14175,Snakes,1,,1,,
14176,SNAP,1,,1,,
14177,SnapManager,1,,1,,
14178,SnapMirror,1,,1,,
14179,Snapshot,1,,1,,
14180,SNF,1,,1,,
14181,SNG,1,,1,,
14182,SNIA Certified Storage Professional,1,,1,,
14183,Sniffer,1,,1,,
14184,Sniffer Pro,1,,1,,
14185,SNL,1,,1,,
14186,SNMP,1,,1,,
14187,SNMPc,1,,1,,
14188,SNOM,1,,1,,
14189,SNOMED,1,,1,,
14190,Snooker,1,,1,,
14191,Snoring,1,,1,,
14192,Snorkeling,1,,1,,
14193,Snort,1,,1,,
14194,Snow,1,,1,,
14195,Snowboarding,1,,1,,
14196,Snowflake,1,,1,,
14197,Snowmobile,1,,1,,
14198,Snowshoeing,1,,1,,
14199,Snow Leopard,1,,1,,
14200,SNP,1,,1,,
14201,SNP genotyping,1,,1,,
14202,SOA,1,,1,,
14203,SOAP,1,,1,,
14204,Soaps,1,,1,,
14205,SoapUI,1,,1,,
14206,SOAP notes,1,,1,,
14207,SOAR,1,,1,,
14208,Soarian,1,,1,,
14209,Soarian Clinicals,1,,1,,
14210,SOA BPEL,1,,1,,
14211,SOA Governance,1,,1,,
14212,SOA Security,1,,1,,
14213,SOA services,1,,1,,
14214,SOA Testing,1,,1,,
14215,SoC,1,,1,,
14216,Soccer,1,,1,,
14217,Social Anthropology,1,,1,,
14218,Social Anxiety,1,,1,,
14219,Social Awareness,1,,1,,
14220,Social Bookmarking,1,,1,,
14221,Social CRM,1,,1,,
14222,Social Determinants Of Health,1,,1,,
14223,Social Emotional Learning,1,,1,,
14224,Social Enterprise,1,,1,,
14225,Social Entrepreneurship,1,,1,,
14226,Social Games,1,,1,,
14227,Social Housing,1,,1,,
14228,Social Inequality,1,,1,,
14229,Social Innovation,1,,1,,
14230,Social Issues,1,,1,,
14231,Social Justice,1,,1,,
14232,Social Listening,1,,1,,
14233,Social Marketing,1,,1,,
14234,Social Marketing Fulfillment,1,,1,,
14235,Social Media,1,,1,,
14236,Social Media Blogging,1,,1,,
14237,Social Media Communications,1,,1,,
14238,Social Media Marketing,1,,1,,
14239,Social Media Measurement,1,,1,,
14240,Social Media Outreach,1,,1,,
14241,Social Media ROI,1,,1,,
14242,Social Movements,1,,1,,
14243,Social Networking,1,,1,,
14244,Social Psychology,1,,1,,
14245,Social Sciences,1,,1,,
14246,Social Services,1,,1,,
14247,Social Skills,1,,1,,
14248,Social Studies,1,,1,,
14249,Sociology,1,,1,,
14250,SOD,1,,1,,
14251,SOE,1,,1,,
14252,SOE Design,1,,1,,
14253,Software,1,,1,,
14254,Software Configuration Management,1,,1,,
14255,Software Craftsmanship,1,,1,,
14256,Software Deployment,1,,1,,
14257,Software Design,1,,1,,
14258,Software Design Patterns,1,,1,,
14259,Software Development,1,,1,,
14260,Software Development Methodologies,1,,1,,
14261,Software Documentation,1,,1,,
14262,Software Engineering,1,,1,,
14263,Software Escrow,1,,1,,
14264,Software Implementation,1,,1,,
14265,Software Industry,1,,1,,
14266,Software Installation,1,,1,,
14267,Software License Agreements,1,,1,,
14268,Software Licensing,1,,1,,
14269,Software Licensing Management,1,,1,,
14270,Software Packaging,1,,1,,
14271,Software Project Management,1,,1,,
14272,Software Quality Assurance,1,,1,,
14273,Software Reuse,1,,1,,
14274,Software Sales,1,,1,,
14275,Software Testing Life Cycle,1,,1,,
14276,Software Troubleshooting,1,,1,,
14277,Software Updates,1,,1,,
14278,Software Verification,1,,1,,
14279,Soft Dollars,1,,1,,
14280,Soft Skills,1,,1,,
14281,Soft Tissue,1,,1,,
14282,Soft Tissue Injuries,1,,1,,
14283,Soft Tissue Surgery,1,,1,,
14284,Soft Tissue Therapy,1,,1,,
14285,SOHO,1,,1,,
14286,SOI,1,,1,,
14287,Soil,1,,1,,
14288,Soildworks,1,,1,,
14289,Soil Chemistry,1,,1,,
14290,Soil Classification,1,,1,,
14291,Soil Fertility,1,,1,,
14292,Soil Improvement,1,,1,,
14293,Soil Management,1,,1,,
14294,Soil Mapping,1,,1,,
14295,Soil Mechanics,1,,1,,
14296,Soil Microbiology,1,,1,,
14297,Soil Nailing,1,,1,,
14298,Soil Physics,1,,1,,
14299,Soil Sampling,1,,1,,
14300,Soil Science,1,,1,,
14301,Soil Stabilization,1,,1,,
14302,Soil Vapor Extraction,1,,1,,
14303,Solarc Right Angle,1,,1,,
14304,Solaris,1,,1,,
14305,Solaris Volume Manager,1,,1,,
14306,Solaris Zones,1,,1,,
14307,Solar Cells,1,,1,,
14308,Solar Energy,1,,1,,
14309,Solar Hot Water,1,,1,,
14310,Solar PV,1,,1,,
14311,Solar Thermal,1,,1,,
14312,Soldering,1,,1,,
14313,Soldering Iron,1,,1,,
14314,Sol-gel,1,,1,,
14315,solid-state NMR,1,,1,,
14316,SolidWorks,1,,1,,
14317,Solid Edge,1,,1,,
14318,Solid Mechanics,1,,1,,
14319,Solid Modeling,1,,1,,
14320,Solid Oral Dosage Forms,1,,1,,
14321,Solid Oxide Fuel Cells,1,,1,,
14322,Solid State Lighting,1,,1,,
14323,Solid Waste,1,,1,,
14324,Solo Piano,1,,1,,
14325,Solutions Enabler,1,,1,,
14326,Solutions Focused,1,,1,,
14327,Solutions Marketing,1,,1,,
14328,Solution Architecture,1,,1,,
14329,Solution Focused,1,,1,,
14330,Solution Implementation,1,,1,,
14331,Solution Seeker,1,,1,,
14332,Solution Selling,1,,1,,
14333,Solvency II,1,,1,,
14334,Solvent Extraction,1,,1,,
14335,SOMA,1,,1,,
14336,Somali,1,,1,,
14337,Somatics,1,,1,,
14338,Somatic Experiencing,1,,1,,
14339,Somatic Psychology,1,,1,,
14340,SomatoEmotional Release,1,,1,,
14341,Sommelier,1,,1,,
14342,Sonar,1,,1,,
14343,Songs,1,,1,,
14344,Songwriting,1,,1,,
14345,Song Production,1,,1,,
14346,Sonic,1,,1,,
14347,Sonication,1,,1,,
14348,SonicWALL,1,,1,,
14349,Sonic Scenarist,1,,1,,
14350,Sonnet,1,,1,,
14351,Sonography,1,,1,,
14352,Sonus,1,,1,,
14353,Sony Camcorders,1,,1,,
14354,Sony HDV,1,,1,,
14355,Sony Vegas,1,,1,,
14356,Sony Vegas Video,1,,1,,
14357,Sony Z1U,1,,1,,
14358,SOP,1,,1,,
14359,SOPC Builder,1,,1,,
14360,Sophis,1,,1,,
14361,Sophos,1,,1,,
14362,Soprano,1,,1,,
14363,SOP 97-2,1,,1,,
14364,SOP Authoring,1,,1,,
14365,SOP Development,1,,1,,
14366,SOR,1,,1,,
14367,Sorenson Squeeze,1,,1,,
14368,Sortation,1,,1,,
14369,Sorting,1,,1,,
14370,SOS,1,,1,,
14371,SOSL,1,,1,,
14372,SOT,1,,1,,
14373,Soul,1,,1,,
14374,Sound,1,,1,,
14375,Soundslides Plus,1,,1,,
14376,Soundtrack,1,,1,,
14377,Soundtrack Pro,1,,1,,
14378,Sound Design,1,,1,,
14379,Sound Editing,1,,1,,
14380,Sound Effects,1,,1,,
14381,Sound Forge,1,,1,,
14382,Sound Mixing,1,,1,,
14383,Sound Reinforcement,1,,1,,
14384,SourceGear Vault,1,,1,,
14385,Sourcing,1,,1,,
14386,Southern Africa,1,,1,,
14387,Southern Blot,1,,1,,
14388,South Asia,1,,1,,
14389,Sovereign,1,,1,,
14390,Sovereign Debt,1,,1,,
14391,SOW,1,,1,,
14392,SOX 404,1,,1,,
14393,Soybean,1,,1,,
14394,Spa,1,,1,,
14395,Spacecraft,1,,1,,
14396,Space Management,1,,1,,
14397,Space Planning,1,,1,,
14398,Space Systems,1,,1,,
14399,Spanish,1,,1,,
14400,Spanish Literature,1,,1,,
14401,Spanish Translation,1,,1,,
14402,Spanning Tree,1,,1,,
14403,Spare Parts,1,,1,,
14404,SPARQL,1,,1,,
14405,Sparx Enterprise Architect,1,,1,,
14406,Spatial Analysis,1,,1,,
14407,Spatial Databases,1,,1,,
14408,Spatial Planning,1,,1,,
14409,SPC,1,,1,,
14410,SPCC,1,,1,,
14411,SPCC Plans,1,,1,,
14412,SPD,1,,1,,
14413,SPDs,1,,1,,
14414,Speakers Bureau,1,,1,,
14415,Specialty Coffee,1,,1,,
14416,Specialty Items,1,,1,,
14417,Special Collections,1,,1,,
14418,Special Education,1,,1,,
14419,Special Effects,1,,1,,
14420,Special Effects Makeup,1,,1,,
14421,Special Event,1,,1,,
14422,Special Events,1,,1,,
14423,Special Events Coordination,1,,1,,
14424,Special Events Production,1,,1,,
14425,Special Libraries,1,,1,,
14426,Special Needs Populations,1,,1,,
14427,Special Needs Trusts,1,,1,,
14428,Special Operations,1,,1,,
14429,Special Populations,1,,1,,
14430,Specific expertise in the following,1,,1,,
14431,Spectroscopy,1,,1,,
14432,Speculative Fiction,1,,1,,
14433,Speech,1,,1,,
14434,Speech Enhancement,1,,1,,
14435,Speech Therapy,1,,1,,
14436,Speech Writing,1,,1,,
14437,Spend Analysis,1,,1,,
14438,SPF,1,,1,,
14439,Sphere,1,,1,,
14440,Sphinx,1,,1,,
14441,SPHR,1,,1,,
14442,SPI,1,,1,,
14443,SPICE,1,,1,,
14444,Spices,1,,1,,
14445,Spiceworks,1,,1,,
14446,Spinal Cord Injury,1,,1,,
14447,Spinal Cord Stimulation,1,,1,,
14448,Spinal Decompression,1,,1,,
14449,Spinal Manipulation,1,,1,,
14450,Spina Bifida,1,,1,,
14451,Spine,1,,1,,
14452,Spinning,1,,1,,
14453,SPIN Selling,1,,1,,
14454,SPIP,1,,1,,
14455,Spiritual Counselor,1,,1,,
14456,Spiritual Direction,1,,1,,
14457,Spiritual Gifts,1,,1,,
14458,Spiritual Leadership,1,,1,,
14459,Spiritual Teacher,1,,1,,
14460,Spirometry,1,,1,,
14461,SPL,1,,1,,
14462,SPLAT,1,,1,,
14463,Splinting,1,,1,,
14464,Splits,1,,1,,
14465,Splunk,1,,1,,
14466,S-Plus,1,,1,,
14467,SPM,1,,1,,
14468,SPME,1,,1,,
14469,SPMI,1,,1,,
14470,Spokesperson,1,,1,,
14471,Sponsorship,1,,1,,
14472,Sponsorship Activation,1,,1,,
14473,Sponsorship Sales,1,,1,,
14474,Sporting Goods,1,,1,,
14475,Sports,1,,1,,
14476,Sportswear,1,,1,,
14477,Sports Betting,1,,1,,
14478,Sports Coaching,1,,1,,
14479,Sports Coverage,1,,1,,
14480,Sports Development,1,,1,,
14481,Sports Enhancement,1,,1,,
14482,Sports Industry,1,,1,,
14483,Sports Injuries,1,,1,,
14484,Sports Management,1,,1,,
14485,Sports Marketing,1,,1,,
14486,Sports Massage,1,,1,,
14487,Sports Medicine,1,,1,,
14488,Sports Nutrition,1,,1,,
14489,Sports Performance Enhancement,1,,1,,
14490,Sports Photography,1,,1,,
14491,Sports Psychology,1,,1,,
14492,Sports Writing,1,,1,,
14493,SPP,1,,1,,
14494,SPR,1,,1,,
14495,Spray Drying,1,,1,,
14496,Spray Foam Insulation,1,,1,,
14497,Spray Painting,1,,1,,
14498,Spray Tanning,1,,1,,
14499,Spreadsheets,1,,1,,
14500,Spread Betting,1,,1,,
14501,SpringSource,1,,1,,
14502,Spring Batch,1,,1,,
14503,Spring DI,1,,1,,
14504,Spring Framework,1,,1,,
14505,Spring Integration,1,,1,,
14506,Spring MVC,1,,1,,
14507,Spring Roo,1,,1,,
14508,Spring Security,1,,1,,
14509,Spring Webflow,1,,1,,
14510,Sprinkler,1,,1,,
14511,Sprinkler Systems,1,,1,,
14512,Sprint Planning,1,,1,,
14513,SPSS,1,,1,,
14514,SPSS Clementine,1,,1,,
14515,SPS 2003,1,,1,,
14516,SPT,1,,1,,
14517,SPUFI,1,,1,,
14518,Sputtering,1,,1,,
14519,Sputter Deposition,1,,1,,
14520,SPV,1,,1,,
14521,Spyglass,1,,1,,
14522,Spyware,1,,1,,
14523,SQL*Plus,1,,1,,
14524,SQL Azure,1,,1,,
14525,SQL CLR,1,,1,,
14526,SQL Clustering,1,,1,,
14527,SQL Injection,1,,1,,
14528,SQL Loader,1,,1,,
14529,SQL Navigator,1,,1,,
14530,SQL Server Management Studio,1,,1,,
14531,SQL Tuning,1,,1,,
14532,SRAM,1,,1,,
14533,SRDF,1,,1,,
14534,SRDS,1,,1,,
14535,SRED,1,,1,,
14536,SRM,1,,1,,
14537,SRM 5.0,1,,1,,
14538,SRP,1,,1,,
14539,SRST,1,,1,,
14540,SRT,1,,1,,
14541,SRTP,1,,1,,
14542,SRX,1,,1,,
14543,SSADM,1,,1,,
14544,SSAE 16,1,,1,,
14545,SSAS 2008,1,,1,,
14546,SSBI,1,,1,,
14547,SSCP,1,,1,,
14548,SSD,1,,1,,
14549,SSE,1,,1,,
14550,SSE2,1,,1,,
14551,SSEP,1,,1,,
14552,SSH,1,,1,,
14553,SSH Client,1,,1,,
14554,SSI,1,,1,,
14555,SSIS,1,,1,,
14556,SSL,1,,1,,
14557,SSL 9000J,1,,1,,
14558,SSL Certificates,1,,1,,
14559,SSL Duality,1,,1,,
14560,SSO,1,,1,,
14561,SSOP,1,,1,,
14562,SSP,1,,1,,
14563,SSPS,1,,1,,
14564,SSRS,1,,1,,
14565,STAAD,1,,1,,
14566,Staffing Services,1,,1,,
14567,Staff Augmentation,1,,1,,
14568,Staff Development,1,,1,,
14569,Staff Management,1,,1,,
14570,Staff Retention,1,,1,,
14571,Staff Supervision,1,,1,,
14572,Staff Training,1,,1,,
14573,Stage,1,,1,,
14574,Stage-Gate,1,,1,,
14575,Stage Direction,1,,1,,
14576,Stage Lighting,1,,1,,
14577,Stage Make-up,1,,1,,
14578,Stage Management,1,,1,,
14579,Stage Rigging,1,,1,,
14580,Stained Glass,1,,1,,
14581,Stainless Steel,1,,1,,
14582,Stakeholder Engagement,1,,1,,
14583,Stakeholder Management,1,,1,,
14584,Stamp Duty,1,,1,,
14585,Star-CCM+,1,,1,,
14586,Start-ups,1,,1,,
14587,Start-ups Management,1,,1,,
14588,Start-up Ventures,1,,1,,
14589,Stata,1,,1,,
14590,Statement Taking,1,,1,,
14591,State Government,1,,1,,
14592,Static Timing Analysis,1,,1,,
14593,Statistical Arbitrage,1,,1,,
14594,Statistical Data Analysis,1,,1,,
14595,Statistical Modeling,1,,1,,
14596,Statistical Sampling,1,,1,,
14597,Statistical Tools,1,,1,,
14598,Statistics,1,,1,,
14599,Statutory Audit,1,,1,,
14600,STCW,1,,1,,
14601,Steadicam,1,,1,,
14602,Steam,1,,1,,
14603,Steam Boilers,1,,1,,
14604,Steam Systems,1,,1,,
14605,Steam Turbines,1,,1,,
14606,Steel,1,,1,,
14607,Steel Design,1,,1,,
14608,Steel Detailing,1,,1,,
14609,Steel Making,1,,1,,
14610,Steel Structures,1,,1,,
14611,Steering,1,,1,,
14612,Steinberg Nuendo,1,,1,,
14613,STEM,1,,1,,
14614,Stem Cells,1,,1,,
14615,Stem Cell Research,1,,1,,
14616,Step 5 Plc,1,,1,,
14617,Step Aerobics,1,,1,,
14618,Stereoscopic,1,,1,,
14619,Sterilization,1,,1,,
14620,Sterling Silver,1,,1,,
14621,Stewardship,1,,1,,
14622,Stickers,1,,1,,
14623,STIG,1,,1,,
14624,Stills,1,,1,,
14625,Still Life,1,,1,,
14626,Still Photography,1,,1,,
14627,Stilts,1,,1,,
14628,Stimulation,1,,1,,
14629,Stingray,1,,1,,
14630,STK,1,,1,,
14631,STL,1,,1,,
14632,STLC,1,,1,,
14633,STM,1,,1,,
14634,STN,1,,1,,
14635,Stochastic Calculus,1,,1,,
14636,Stochastic Differential Equations,1,,1,,
14637,Stock Control,1,,1,,
14638,Stock Exchange,1,,1,,
14639,Stock Ledger,1,,1,,
14640,Stock Management,1,,1,,
14641,Stock Picking,1,,1,,
14642,Stock Rotation,1,,1,,
14643,Stock Taking,1,,1,,
14644,Stone Setting,1,,1,,
14645,Stone Walls,1,,1,,
14646,Stop Loss,1,,1,,
14647,Stop Motion,1,,1,,
14648,Storage,1,,1,,
14649,Storage Architecture,1,,1,,
14650,Storage Management,1,,1,,
14651,Storage Solutions,1,,1,,
14652,Storage Virtualization,1,,1,,
14653,Stored Procedures,1,,1,,
14654,Store Fixtures,1,,1,,
14655,Store Layouts,1,,1,,
14656,Store Management,1,,1,,
14657,Store Operations,1,,1,,
14658,Stormwater Management,1,,1,,
14659,Storm Damage,1,,1,,
14660,Storm Sewer,1,,1,,
14661,Storyboarding,1,,1,,
14662,Storytelling,1,,1,,
14663,Story Pitches,1,,1,,
14664,Story Pitching,1,,1,,
14665,Stott Pilates,1,,1,,
14666,STP,1,,1,,
14667,STPI,1,,1,,
14668,Straight Through Processing,1,,1,,
14669,Strata View,1,,1,,
14670,Strategic Alliances,1,,1,,
14671,Strategic Brand Positioning,1,,1,,
14672,Strategic Business Initiatives,1,,1,,
14673,Strategic Communications,1,,1,,
14674,Strategic Corporate Philanthropy,1,,1,,
14675,Strategic Enrollment Management,1,,1,,
14676,Strategic Growth Initiatives,1,,1,,
14677,Strategic Hiring,1,,1,,
14678,Strategic Human Resources Leadership,1,,1,,
14679,Strategic Initiatives,1,,1,,
14680,Strategic Leadership,1,,1,,
14681,Strategic Negotiations,1,,1,,
14682,Strategic Partnerships,1,,1,,
14683,Strategic Planning,1,,1,,
14684,Strategic Roadmaps,1,,1,,
14685,Strategic Selling,1,,1,,
14686,Strategic Sourcing,1,,1,,
14687,Strategic Technology Initiatives,1,,1,,
14688,Strategic Thinking,1,,1,,
14689,Strategy,1,,1,,
14690,Strategy Alignment,1,,1,,
14691,Strategy Execution,1,,1,,
14692,Street Dance,1,,1,,
14693,Street Furniture,1,,1,,
14694,Strength Training,1,,1,,
14695,Stress,1,,1,,
14696,Stressful Situations,1,,1,,
14697,Stress Management,1,,1,,
14698,String Arrangements,1,,1,,
14699,Strip Malls,1,,1,,
14700,Stroke Rehabilitation,1,,1,,
14701,Strong Business Acumen,1,,1,,
14702,Structural Analysis,1,,1,,
14703,Structural Drying,1,,1,,
14704,Structural Dynamics,1,,1,,
14705,Structural Engineering,1,,1,,
14706,Structural Family Therapy,1,,1,,
14707,Structural Firefighting,1,,1,,
14708,Structural Geology,1,,1,,
14709,Structured Cabling,1,,1,,
14710,Structured Notes,1,,1,,
14711,Structure Elucidation,1,,1,,
14712,Struts,1,,1,,
14713,STS,1,,1,,
14714,STSADM,1,,1,,
14715,Student Affairs,1,,1,,
14716,Student Counseling,1,,1,,
14717,Student Development,1,,1,,
14718,Student Engagement,1,,1,,
14719,Student Financial Aid,1,,1,,
14720,Student Housing,1,,1,,
14721,Student Leadership,1,,1,,
14722,Student Lettings,1,,1,,
14723,Student Loans,1,,1,,
14724,Student Ministry,1,,1,,
14725,Student Recruiting,1,,1,,
14726,Studio Art,1,,1,,
14727,Studio Lighting,1,,1,,
14728,Studio Photography,1,,1,,
14729,Studio Recording,1,,1,,
14730,Study Abroad Programs,1,,1,,
14731,Stump Grinding,1,,1,,
14732,Style Consulting,1,,1,,
14733,Style Guides,1,,1,,
14734,Style Sheets,1,,1,,
14735,Styling,1,,1,,
14736,Stylistic Editing,1,,1,,
14737,Stylists,1,,1,,
14738,Stylus,1,,1,,
14739,Subcontracting,1,,1,,
14740,Subcontractor Supervision,1,,1,,
14741,Subcontracts Management,1,,1,,
14742,Subdivisions,1,,1,,
14743,Subediting,1,,1,,
14744,Subject Matter Experts,1,,1,,
14745,Sublime Text,1,,1,,
14746,Submarines,1,,1,,
14747,Submarine Cables,1,,1,,
14748,Submittals,1,,1,,
14749,Subnetting,1,,1,,
14750,Subrogation,1,,1,,
14751,Sub-Saharan Africa,1,,1,,
14752,Subsea Engineering,1,,1,,
14753,Substance Abuse Prevention,1,,1,,
14754,Substance Use Disorders,1,,1,,
14755,Substation,1,,1,,
14756,Subtitling,1,,1,,
14757,Subversion,1,,1,,
14758,SuccessFactors,1,,1,,
14759,Successful Business Owner,1,,1,,
14760,Successful Negotiation,1,,1,,
14761,Successions,1,,1,,
14762,Succession Planning,1,,1,,
14763,Success Driven,1,,1,,
14764,Success Oriented,1,,1,,
14765,Success Principles,1,,1,,
14766,Success Stories,1,,1,,
14767,Sudo,1,,1,,
14768,Sugar,1,,1,,
14769,SugarCRM,1,,1,,
14770,Suicide Assessment,1,,1,,
14771,Suicide Prevention,1,,1,,
14772,Suitcase Fusion,1,,1,,
14773,Suite,1,,1,,
14774,Sulfur,1,,1,,
14775,Sumif,1,,1,,
14776,Summaries,1,,1,,
14777,Summarizing Information,1,,1,,
14778,Summary Reports,1,,1,,
14779,Summation iBlaze,1,,1,,
14780,Summit,1,,1,,
14781,Summons,1,,1,,
14782,Sump Pumps,1,,1,,
14783,SumTotal,1,,1,,
14784,Sunflower,1,,1,,
14785,SunGard,1,,1,,
14786,Sungard GMI,1,,1,,
14787,Sunglasses,1,,1,,
14788,Sunguard,1,,1,,
14789,SunOne,1,,1,,
14790,SunOS,1,,1,,
14791,Sunquest,1,,1,,
14792,Sunrise Clinical Manager,1,,1,,
14793,Sunrooms,1,,1,,
14794,Sun Accounts,1,,1,,
14795,Sun Application Server,1,,1,,
14796,Sun Care,1,,1,,
14797,Sun Certified Java Programmer,1,,1,,
14798,Sun Cluster,1,,1,,
14799,Sun Damage,1,,1,,
14800,Sun Directory Server,1,,1,,
14801,Sun One LDAP,1,,1,,
14802,Sun Server,1,,1,,
14803,Sun Storage,1,,1,,
14804,Supercritical Fluids,1,,1,,
14805,Supervision,1,,1,,
14806,Supervisory Skills,1,,1,,
14807,Super Duplex,1,,1,,
14808,Super Jumbo,1,,1,,
14809,Supplements,1,,1,,
14810,Supplier Development,1,,1,,
14811,Supplier Diversity,1,,1,,
14812,Supplier Enablement,1,,1,,
14813,Supplier Evaluation,1,,1,,
14814,Supplier Negotiation,1,,1,,
14815,Supplier Quality,1,,1,,
14816,Supplier Rationalization,1,,1,,
14817,Supplier Sourcing,1,,1,,
14818,Supply Chain,1,,1,,
14819,Supply Chain Management,1,,1,,
14820,Supply Chain Operations,1,,1,,
14821,Supply Chain Optimization,1,,1,,
14822,Supply Management,1,,1,,
14823,Supply Ordering,1,,1,,
14824,Supporting Others,1,,1,,
14825,Supportive Housing,1,,1,,
14826,Suretrack,1,,1,,
14827,Surety Bonds,1,,1,,
14828,Surface Chemistry,1,,1,,
14829,Surface Grinding,1,,1,,
14830,Surface Mining,1,,1,,
14831,Surface Ornamentation,1,,1,,
14832,Surface Warfare,1,,1,,
14833,Surface Water Hydrology,1,,1,,
14834,Surgeons,1,,1,,
14835,Surgery,1,,1,,
14836,Surgical Instruments,1,,1,,
14837,Surgical Nursing,1,,1,,
14838,Surgical Oncology,1,,1,,
14839,Surveillance,1,,1,,
14840,Surveillance Detection,1,,1,,
14841,Surveying,1,,1,,
14842,Survey Design,1,,1,,
14843,Survey Gizmo,1,,1,,
14844,Survey Research,1,,1,,
14845,SUS,1,,1,,
14846,Suse,1,,1,,
14847,Suspended Ceilings,1,,1,,
14848,Suspension,1,,1,,
14849,Sustainability,1,,1,,
14850,Sustainability Consulting,1,,1,,
14851,Sustainability Reporting,1,,1,,
14852,Sustainable Agriculture,1,,1,,
14853,Sustainable Architecture,1,,1,,
14854,Sustainable Business,1,,1,,
14855,Sustainable Cities,1,,1,,
14856,Sustainable Design,1,,1,,
14857,Sustainable Development,1,,1,,
14858,Sustainable Energy,1,,1,,
14859,Sustainable Forest Management,1,,1,,
14860,Sustainable Gardening,1,,1,,
14861,Sustainable Procurement,1,,1,,
14862,Sustainable Tourism,1,,1,,
14863,Sustainable Transport,1,,1,,
14864,Suturing,1,,1,,
14865,SU Podium,1,,1,,
14866,SVG,1,,1,,
14867,SVM,1,,1,,
14868,SVOD,1,,1,,
14869,SVT,1,,1,,
14870,Swag,1,,1,,
14871,Swahili,1,,1,,
14872,SWAN,1,,1,,
14873,Swap,1,,1,,
14874,Swaps,1,,1,,
14875,Swapswire,1,,1,,
14876,Swaptions,1,,1,,
14877,Swarm Intelligence,1,,1,,
14878,SWAT,1,,1,,
14879,Sweaters,1,,1,,
14880,Swedish,1,,1,,
14881,Swedish Massage,1,,1,,
14882,Sweepstakes,1,,1,,
14883,Sweep Accounts,1,,1,,
14884,Sweet,1,,1,,
14885,Sweetening,1,,1,,
14886,Sweet 16,1,,1,,
14887,SWF,1,,1,,
14888,Swift,1,,1,,
14889,SWIFT Messaging,1,,1,,
14890,SWIFT Payments,1,,1,,
14891,Swift Water Rescue,1,,1,,
14892,Swimming,1,,1,,
14893,Swimwear,1,,1,,
14894,Swim Instruction,1,,1,,
14895,Swim Lessons,1,,1,,
14896,Swine,1,,1,,
14897,Swing,1,,1,,
14898,Swing Dance,1,,1,,
14899,Swiss German,1,,1,,
14900,Swiss PDB Viewer,1,,1,,
14901,Switchboard,1,,1,,
14902,Switchboard Operator,1,,1,,
14903,Switches,1,,1,,
14904,Switchgear,1,,1,,
14905,Switching,1,,1,,
14906,Swords,1,,1,,
14907,Sword Fighting,1,,1,,
14908,SWOT analysis,1,,1,,
14909,SWPPP,1,,1,,
14910,SWPPPs,1,,1,,
14911,SWT,1,,1,,
14912,Sybase,1,,1,,
14913,Sybase Adaptive Server,1,,1,,
14914,Sybase IQ,1,,1,,
14915,Sybase SQL Anywhere,1,,1,,
14916,Sybyl,1,,1,,
14917,Syclo,1,,1,,
14918,Syllabus Development,1,,1,,
14919,Symantec Antivirus,1,,1,,
14920,Symantec Backup,1,,1,,
14921,Symantec Endpoint Protection,1,,1,,
14922,Symantec Security,1,,1,,
14923,Symbian,1,,1,,
14924,Symbol,1,,1,,
14925,Symbolism,1,,1,,
14926,SYMCLI,1,,1,,
14927,Symfony,1,,1,,
14928,Symfony Framework,1,,1,,
14929,Symitar,1,,1,,
14930,Symix,1,,1,,
14931,Symmetrix,1,,1,,
14932,Symon,1,,1,,
14933,Sympathy,1,,1,,
14934,Symphony,1,,1,,
14935,Symposia,1,,1,,
14936,Symptom Management,1,,1,,
14937,Synchro,1,,1,,
14938,Syncsort,1,,1,,
14939,Syndications,1,,1,,
14940,Synergies,1,,1,,
14941,Synopsys tools,1,,1,,
14942,Syntax,1,,1,,
14943,Synthesizers,1,,1,,
14944,Synthesizing,1,,1,,
14945,Synthetic Aperture Radar,1,,1,,
14946,Synthetic Biology,1,,1,,
14947,Synthetic Organic Chemistry,1,,1,,
14948,Syringe,1,,1,,
14949,Systems Analysis,1,,1,,
14950,Systems Design,1,,1,,
14951,Systems Engineering,1,,1,,
14952,Systems Furniture,1,,1,,
14953,Systems Thinking,1,,1,,
14954,System Administration,1,,1,,
14955,System Architecture,1,,1,,
14956,System Center Suite,1,,1,,
14957,System Deployment,1,,1,,
14958,System Dynamics,1,,1,,
14959,System Migration,1,,1,,
14960,System Monitoring,1,,1,,
14961,System Sizing,1,,1,,
14962,System Testing,1,,1,,
14963,System Verification,1,,1,,
14964,Syteline ERP,1,,1,,
14965,TAA,1,,1,,
14966,TABC Certified,1,,1,,
14967,Tabla,1,,1,,
14968,Tableau,1,,1,,
14969,Tableless Design,1,,1,,
14970,Tableting,1,,1,,
14971,Tabletop,1,,1,,
14972,Tablets,1,,1,,
14973,Tablet Compression,1,,1,,
14974,Tablet PC,1,,1,,
14975,Tableware,1,,1,,
14976,Table Design,1,,1,,
14977,Table Saw,1,,1,,
14978,Table Tennis,1,,1,,
14979,Tabs,1,,1,,
14980,Tabs3,1,,1,,
14981,TAC,1,,1,,
14982,TACACS+,1,,1,,
14983,TACL,1,,1,,
14984,TACLANE,1,,1,,
14985,Tactfulness,1,,1,,
14986,Tactical Asset Allocation,1,,1,,
14987,Tactical Communications,1,,1,,
14988,Tactical Data Links,1,,1,,
14989,Tactical Development,1,,1,,
14990,Tactical Management,1,,1,,
14991,Tactical Operations,1,,1,,
14992,Tactical Planning,1,,1,,
14993,Tactical Sales Planning,1,,1,,
14994,Tactics,1,,1,,
14995,TADDM,1,,1,,
14996,Taekwondo,1,,1,,
14997,Taft-Hartley,1,,1,,
14998,Tagalog,1,,1,,
14999,Taglines,1,,1,,
15000,Tags,1,,1,,
15001,Taguchi,1,,1,,
15002,Tag Libraries,1,,1,,
15003,Tag Out,1,,1,,
15004,Taiji,1,,1,,
15005,Tailoring,1,,1,,
15006,Tailwheel,1,,1,,
15007,Taiwanese,1,,1,,
15008,Tai Chi,1,,1,,
15009,Tai Chi Chuan,1,,1,,
15010,Take-offs,1,,1,,
15011,Takes Direction Well,1,,1,,
15012,Take Orders,1,,1,,
15013,Taking New Products to Market,1,,1,,
15014,Takt,1,,1,,
15015,Talend,1,,1,,
15016,Talend Open Studio,1,,1,,
15017,Talent Acquisition,1,,1,,
15018,Talent Booking,1,,1,,
15019,Talent Developer,1,,1,,
15020,Talent Management,1,,1,,
15021,Talent Mining,1,,1,,
15022,Talent Pipelining,1,,1,,
15023,Talent Pool,1,,1,,
15024,Talent pool analysis,1,,1,,
15025,Talent Scouting,1,,1,,
15026,Taleo,1,,1,,
15027,Talking Points,1,,1,,
15028,Talk Radio,1,,1,,
15029,Talk Show,1,,1,,
15030,Tally ERP,1,,1,,
15031,Talpac,1,,1,,
15032,TAM,1,,1,,
15033,Tamil,1,,1,,
15034,Tandberg,1,,1,,
15035,Tandem Himalaya,1,,1,,
15036,TANF,1,,1,,
15037,Tango,1,,1,,
15038,Tank,1,,1,,
15039,Tanker,1,,1,,
15040,Tanker Operations,1,,1,,
15041,Tanks,1,,1,,
15042,Tank Cleaning,1,,1,,
15043,Tank Farms,1,,1,,
15044,Tanner EDA,1,,1,,
15045,Tanner Tools,1,,1,,
15046,Tantra,1,,1,,
15047,TAO,1,,1,,
15048,Tape,1,,1,,
15049,Tapeless Workflow,1,,1,,
15050,Tapestry,1,,1,,
15051,Tapestry 5,1,,1,,
15052,Tape Backup,1,,1,,
15053,Tape Formats,1,,1,,
15054,Tape Libraries,1,,1,,
15055,Tape Management,1,,1,,
15056,Tape Storage,1,,1,,
15057,Taphonomy,1,,1,,
15058,TAPI,1,,1,,
15059,Taping,1,,1,,
15060,Tapping,1,,1,,
15061,TapRoot,1,,1,,
15062,Tapscan,1,,1,,
15063,Tap Dance,1,,1,,
15064,TAR,1,,1,,
15065,Targeted Account Selling,1,,1,,
15066,Targeted Advertising,1,,1,,
15067,Targeted Drug Delivery,1,,1,,
15068,Targeted Selection Interviewing,1,,1,,
15069,Targetlink,1,,1,,
15070,Target Audience,1,,1,,
15071,Target Costing,1,,1,,
15072,Target Identification,1,,1,,
15073,Target Marketing,1,,1,,
15074,Target Orientation,1,,1,,
15075,Target Segmentation,1,,1,,
15076,Targit,1,,1,,
15077,Tariffs,1,,1,,
15078,Tarot,1,,1,,
15079,TAS,1,,1,,
15080,Tascam,1,,1,,
15081,Taser,1,,1,,
15083,Task Analysis,1,,1,,
15084,Task Assignment,1,,1,,
15085,Task Completion,1,,1,,
15086,Task Driven,1,,1,,
15087,Task Execution,1,,1,,
15088,Task Force,1,,1,,
15089,Task Force Management,1,,1,,
15090,Task Management,1,,1,,
15091,Task Master,1,,1,,
15092,Taste,1,,1,,
15093,Tas Books,1,,1,,
15094,TAT,1,,1,,
15095,Tattoo,1,,1,,
15096,Tattoo Removal,1,,1,,
15097,Tax,1,,1,,
15098,Taxations,1,,1,,
15099,Tax Abatement,1,,1,,
15100,Tax Accounting,1,,1,,
15101,Tax Advisory,1,,1,,
15102,Tax Compliance,1,,1,,
15103,Tax Law,1,,1,,
15104,Tax Liens,1,,1,,
15105,Tax Preparation,1,,1,,
15106,Tax Research,1,,1,,
15107,Tax Returns,1,,1,,
15108,TBB,1,,1,,
15109,T-Berd,1,,1,,
15110,TBMCS,1,,1,,
15111,TBS,1,,1,,
15112,TCA,1,,1,,
15113,TCAD,1,,1,,
15114,TCAP,1,,1,,
15115,TCAS,1,,1,,
15116,TCD,1,,1,,
15117,TCF,1,,1,,
15118,TCL,1,,1,,
15119,TCLEOSE Instruction,1,,1,,
15120,Tcl-Tk,1,,1,,
15121,TCM,1,,1,,
15122,TCO reduction,1,,1,,
15123,TCP,1,,1,,
15124,TCPA,1,,1,,
15125,Tcpdump,1,,1,,
15126,TCP/IP,1,,1,,
15127,TCR,1,,1,,
15128,Tcsh,1,,1,,
15129,TDA,1,,1,,
15130,TDC3000,1,,1,,
15131,TDI,1,,1,,
15132,TDM,1,,1,,
15133,TDMA,1,,1,,
15134,TDMoIP,1,,1,,
15135,TDP,1,,1,,
15136,TDR,1,,1,,
15137,Tds,1,,1,,
15138,TD-SCDMA,1,,1,,
15139,Tea,1,,1,,
15140,Teacher Evaluation,1,,1,,
15141,Teacher Mentoring,1,,1,,
15142,Teacher Training,1,,1,,
15143,Teaching,1,,1,,
15144,Teaching Adults,1,,1,,
15145,Teaching Reading,1,,1,,
15146,Teaching Writing,1,,1,,
15147,Teamcenter,1,,1,,
15148,Teamwork,1,,1,,
15149,Team Alignment,1,,1,,
15150,Team Building,1,,1,,
15151,Team Cohesion,1,,1,,
15152,Team Coordination,1,,1,,
15153,Team Co-ordination,1,,1,,
15154,Team Effectiveness,1,,1,,
15155,Team Facilitation,1,,1,,
15156,Team Leadership,1,,1,,
15157,Team Management,1,,1,,
15158,Team Mentoring,1,,1,,
15159,Team Mgmt,1,,1,,
15160,Team Motivation,1,,1,,
15161,Team Organisation,1,,1,,
15162,Team Spirit,1,,1,,
15163,Technically Astute,1,,1,,
15164,Technical Ability,1,,1,,
15165,Technical Analysis,1,,1,,
15166,Technical Demonstrations,1,,1,,
15167,Technical Direction,1,,1,,
15168,Technical Documentation,1,,1,,
15169,Technical Drawing,1,,1,,
15170,Technical Editing,1,,1,,
15171,Technical Enablement,1,,1,,
15172,Technical Hiring,1,,1,,
15173,Technical Illustration,1,,1,,
15174,Technical Leadership,1,,1,,
15175,Technical Papers,1,,1,,
15176,Technical Recruiting,1,,1,,
15177,Technical Requirements Gathering,1,,1,,
15178,Technical Seminars,1,,1,,
15179,Technical Support,1,,1,,
15180,Technical Textiles,1,,1,,
15181,Technical Training,1,,1,,
15182,Technical Translation,1,,1,,
15183,Technical Writing,1,,1,,
15184,Technological Innovation,1,,1,,
15185,Technology Alignment,1,,1,,
15186,Technology Enabled Business Transformation,1,,1,,
15187,Technology Enhancements,1,,1,,
15188,Technology Evaluation,1,,1,,
15189,Technology Evangelism,1,,1,,
15190,Technology Integration,1,,1,,
15191,Technology Journalism,1,,1,,
15192,Technology Needs Analysis,1,,1,,
15193,Technology Roadmapping,1,,1,,
15194,Technology Scouting,1,,1,,
15195,Technology Transfer,1,,1,,
15196,Tech-savvy,1,,1,,
15197,Tech Packs,1,,1,,
15198,Tech Savy,1,,1,,
15199,TEDDS,1,,1,,
15200,TEE,1,,1,,
15201,Teeline Shorthand,1,,1,,
15202,Teen Pregnancy Prevention,1,,1,,
15203,Teen Programming,1,,1,,
15204,Teen Services,1,,1,,
15205,Teeth Whitening,1,,1,,
15206,TEI,1,,1,,
15207,Tekelec STP,1,,1,,
15208,Tekla,1,,1,,
15209,Tekla Structures,1,,1,,
15210,Telco,1,,1,,
15211,Telecommunications,1,,1,,
15212,Telecommunications Billing,1,,1,,
15213,Telecommunications Engineering,1,,1,,
15214,Telecommunications Management,1,,1,,
15215,Telecommunication Services,1,,1,,
15216,Telecom BSS,1,,1,,
15217,Telemarketing,1,,1,,
15218,Telematics,1,,1,,
15219,Telemetry,1,,1,,
15220,Telephone Manner,1,,1,,
15221,Telephone Reception,1,,1,,
15222,Telephone Skills,1,,1,,
15223,Telephone Triage,1,,1,,
15224,Telephony,1,,1,,
15225,Telepresence,1,,1,,
15226,Television,1,,1,,
15227,Teller Operations,1,,1,,
15228,TEM,1,,1,,
15229,TEMA,1,,1,,
15230,Temenos T24,1,,1,,
15231,Temperature Controlled,1,,1,,
15232,Temperature Measurement,1,,1,,
15233,Temperature Sensors,1,,1,,
15234,TEMPEST,1,,1,,
15235,Template,1,,1,,
15236,Templates,1,,1,,
15237,Template Building,1,,1,,
15238,Template Creation,1,,1,,
15239,Template Metaprogramming,1,,1,,
15240,Templating,1,,1,,
15241,Tempo,1,,1,,
15242,Temporary Placement,1,,1,,
15243,Temporary Staffing,1,,1,,
15244,TEMS,1,,1,,
15245,TEMS Investigation,1,,1,,
15246,Tenacious Work Ethic,1,,1,,
15247,Tenant,1,,1,,
15248,Tenant Improvement,1,,1,,
15249,Tenant Representation,1,,1,,
15250,Tenant Retention,1,,1,,
15251,Tender,1,,1,,
15252,Tender Management,1,,1,,
15253,Tender Offers,1,,1,,
15254,Tender Planning,1,,1,,
15255,Tender Preparation,1,,1,,
15256,Tender Response,1,,1,,
15257,Tender Submissions,1,,1,,
15258,Tender Writing,1,,1,,
15259,Tennis,1,,1,,
15260,Tennis Elbow,1,,1,,
15261,Tenor Saxophone,1,,1,,
15262,Tensile Testing,1,,1,,
15263,Teradata,1,,1,,
15264,Teradata Data Warehouse,1,,1,,
15265,Terminal Emulation,1,,1,,
15266,Terminal Operations,1,,1,,
15267,Terminal Server,1,,1,,
15268,Terminal Services,1,,1,,
15269,Terminology,1,,1,,
15270,Term Life Insurance,1,,1,,
15271,Term Sheets,1,,1,,
15272,Territory Account Management,1,,1,,
15273,Territory Development,1,,1,,
15274,Territory Growth,1,,1,,
15275,Territory Management,1,,1,,
15276,Territory Penetration,1,,1,,
15277,Territory Planner,1,,1,,
15278,Testing,1,,1,,
15279,Testing Types,1,,1,,
15280,Test Automation,1,,1,,
15281,Test Automation Framework,1,,1,,
15282,Test Cases,1,,1,,
15283,Test Driven Development,1,,1,,
15284,Test Equipment,1,,1,,
15285,Test Estimation,1,,1,,
15286,Test Execution,1,,1,,
15287,Test Management,1,,1,,
15288,Test Planning,1,,1,,
15289,Test Scenarios,1,,1,,
15290,Test Strategy,1,,1,,
15291,Tetramax,1,,1,,
15292,TeX,1,,1,,
15293,Texas Notary,1,,1,,
15294,Textbooks,1,,1,,
15295,Textiles,1,,1,,
15296,Textile Art,1,,1,,
15297,Textile Design,1,,1,,
15298,Textile Industry,1,,1,,
15299,Textile Prints,1,,1,,
15300,Textual Analysis,1,,1,,
15301,Texture Artist,1,,1,,
15302,Texture Painting,1,,1,,
15303,Texturing,1,,1,,
15304,Texturizing,1,,1,,
15305,Text Ads,1,,1,,
15306,Text Analytics,1,,1,,
15307,Text Classification,1,,1,,
15308,Text Editing,1,,1,,
15309,Text Messaging,1,,1,,
15310,Text Mining,1,,1,,
15311,TF-CBT,1,,1,,
15312,TFF,1,,1,,
15313,TFM,1,,1,,
15314,TFS,1,,1,,
15315,TFSA,1,,1,,
15316,TFT,1,,1,,
15317,TFTP,1,,1,,
15318,TGA,1,,1,,
15319,TGI,1,,1,,
15320,Tgrid,1,,1,,
15321,Thai,1,,1,,
15322,Thai Massage,1,,1,,
15323,Thanatology,1,,1,,
15324,Theatre,1,,1,,
15325,Theatre of the Oppressed,1,,1,,
15326,Theatrical Production,1,,1,,
15327,Theology,1,,1,,
15328,Theoretical Physics,1,,1,,
15329,Theory,1,,1,,
15330,Therapeutic Area,1,,1,,
15331,Therapeutic Areas,1,,1,,
15332,Therapeutic Crisis Intervention,1,,1,,
15333,Therapeutic Listening,1,,1,,
15334,Therapeutic Massage,1,,1,,
15335,Therapists,1,,1,,
15336,Thermal Imaging,1,,1,,
15337,Thermal Oxidation,1,,1,,
15338,Thermal Oxidizers,1,,1,,
15339,Thermodynamics,1,,1,,
15340,Thermoplastic Elastomers,1,,1,,
15341,ThinApp,1,,1,,
15342,Thinking Big,1,,1,,
15343,Thinking Differently,1,,1,,
15344,Think Aloud,1,,1,,
15345,Think Tank,1,,1,,
15346,Thin Films,1,,1,,
15347,Thin Film Coating,1,,1,,
15348,Third Party Billing,1,,1,,
15349,Third Party Liability,1,,1,,
15350,Third Party Vendor Management,1,,1,,
15351,Third Sector,1,,1,,
15352,Thomas Profiling,1,,1,,
15353,Thompson Drop,1,,1,,
15354,Thompson One,1,,1,,
15355,Thompson Technique,1,,1,,
15356,ThomsonOne,1,,1,,
15357,Thomson Innovation,1,,1,,
15358,Thomson One Analytics,1,,1,,
15359,Thomson One Banker,1,,1,,
15360,Thoracic,1,,1,,
15361,Thoracic Outlet Syndrome,1,,1,,
15362,Thorough Research,1,,1,,
15363,Thought Field Therapy,1,,1,,
15364,Thought Leadership,1,,1,,
15365,Threads,1,,1,,
15366,ThreadX,1,,1,,
15367,Threat &amp; Vulnerability Management,1,,1,,
15368,Threat Analysis,1,,1,,
15369,Threat Assessment,1,,1,,
15370,Threat Intelligence,1,,1,,
15371,Threat Management,1,,1,,
15372,Threat Modeling,1,,1,,
15373,Three.js,1,,1,,
15374,Thrives on challenges,1,,1,,
15375,Thrive in A Fast-paced Environment,0,,1,,
15376,Thrive in deadline-driven Environments,0,,1,,
15377,Throat Cultures,1,,1,,
15378,Thrombosis,1,,1,,
15379,Thunderbird,1,,1,,
15380,Thunderhead,1,,1,,
15381,Thyroid,1,,1,,
15382,Thyroid Cancer,1,,1,,
15383,Thyroid Disorders,1,,1,,
15384,Thyroid Surgery,1,,1,,
15385,TIA,1,,1,,
15386,TIBCO,1,,1,,
15387,TIBCO BusinessWorks,1,,1,,
15388,TIBCO Business Studio,1,,1,,
15389,TIBCO EMS,1,,1,,
15390,TIBCO General Interface,1,,1,,
15391,TIBCO iProcess,1,,1,,
15392,TIBCO Rendezvous,1,,1,,
15393,TIC,1,,1,,
15394,Ticketing,1,,1,,
15395,Ticketing Software,1,,1,,
15396,Ticketing Systems,1,,1,,
15397,Ticketing Tools,1,,1,,
15398,Ticket Operations,1,,1,,
15399,Ticket Sales,1,,1,,
15400,TickIT,1,,1,,
15401,Tidal Enterprise Scheduler,1,,1,,
15402,Tidal Power,1,,1,,
15403,Tie-ins,1,,1,,
15404,Tier 2,1,,1,,
15405,Tier II,1,,1,,
15406,Tier II Reporting,1,,1,,
15407,TigerPaw,1,,1,,
15408,Tigers,1,,1,,
15409,TightVNC,1,,1,,
15410,Tight Gas,1,,1,,
15411,TIGR,1,,1,,
15412,TIG Welding,1,,1,,
15413,TILA,1,,1,,
15414,Tiles,1,,1,,
15415,Tile &amp; Grout Cleaning,1,,1,,
15416,Tile Cleaning,1,,1,,
15417,Tiling,1,,1,,
15418,Tilt-up,1,,1,,
15419,Timber,1,,1,,
15420,Timberline,1,,1,,
15421,Timberline Accounting,1,,1,,
15422,Timber Structures,1,,1,,
15423,Time-efficient,1,,1,,
15424,Timekeeping,1,,1,,
15425,Time-lapse,1,,1,,
15426,Timeshare,1,,1,,
15427,Timeslips,1,,1,,
15428,Time &amp; Attendance,1,,1,,
15429,Time Management,1,,1,,
15430,Time Matters,1,,1,,
15431,Time Series Analysis,1,,1,,
15432,Time Study,1,,1,,
15433,Timing Belts,1,,1,,
15434,Timing Closure,1,,1,,
15435,Tin,1,,1,,
15436,Tinnitus,1,,1,,
15437,Tinting,1,,1,,
15438,TinyMCE,1,,1,,
15439,TinyOS,1,,1,,
15440,Tiny Term,1,,1,,
15441,TIP,1,,1,,
15442,TippingPoint IPS,1,,1,,
15443,TIPS Certified,1,,1,,
15444,TIPS Trained,1,,1,,
15445,Tires,1,,1,,
15446,TIRF,1,,1,,
15447,TIRKS,1,,1,,
15448,Tissue,1,,1,,
15449,Tissue Banking,1,,1,,
15450,Tissue Culture,1,,1,,
15451,Tissue Engineering,1,,1,,
15452,Tissue Processing,1,,1,,
15453,Titan,1,,1,,
15454,Titanium,1,,1,,
15455,Titanium Mobile,1,,1,,
15456,Titles,1,,1,,
15457,Title Clearing,1,,1,,
15458,Title Design,1,,1,,
15459,Title I,1,,1,,
15460,Title Insurance,1,,1,,
15461,Title IV,1,,1,,
15462,Title Opinions,1,,1,,
15463,Title Searches,1,,1,,
15464,Title Services,1,,1,,
15465,Title V,1,,1,,
15466,Title V Permitting,1,,1,,
15467,Titling,1,,1,,
15468,Titration,1,,1,,
15469,Tivoli Access Manager,1,,1,,
15470,Tivoli Directory Server,1,,1,,
15471,Tivoli Identity Manager,1,,1,,
15472,Tivoli Provisioning Manager,1,,1,,
15473,TI DSPs,1,,1,,
15474,TJC,1,,1,,
15475,TKI,1,,1,,
15476,TLC,1,,1,,
15477,TLM,1,,1,,
15478,TMA,1,,1,,
15479,TMAP,1,,1,,
15480,TMDLs,1,,1,,
15481,TMF,1,,1,,
15482,TMG,1,,1,,
15483,TMJ Dysfunction,1,,1,,
15484,TMJ Treatment,1,,1,,
15485,TMMi,1,,1,,
15486,TMN,1,,1,,
15487,TMON,1,,1,,
15488,TMS320,1,,1,,
15489,TMW,1,,1,,
15490,TMX,1,,1,,
15491,TNCC,1,,1,,
15492,TNCC Instruction,1,,1,,
15493,TNS,1,,1,,
15494,TNS Media Intelligence,1,,1,,
15495,Toad,1,,1,,
15496,Toad 9.0,1,,1,,
15497,Toad Data Modeler,1,,1,,
15498,Toastmasters,1,,1,,
15499,Tobacco,1,,1,,
15500,Tobacco Control,1,,1,,
15501,Tobacco Industry,1,,1,,
15502,Tobacco Treatment,1,,1,,
15503,TOC,1,,1,,
15504,Toddlers,1,,1,,
15505,TOEFL,1,,1,,
15506,TOEIC,1,,1,,
15507,TOF-MS,1,,1,,
15508,TOF-SIMS,1,,1,,
15509,TOGAF,1,,1,,
15510,Toggle,1,,1,,
15511,Toilets,1,,1,,
15512,ToIP,1,,1,,
15513,Tokenization,1,,1,,
15514,Tokens,1,,1,,
15515,Token Ring,1,,1,,
15516,Tolerance Analysis,1,,1,,
15517,Tolerance Design,1,,1,,
15518,Tolling,1,,1,,
15519,Toll Free,1,,1,,
15520,Toll Manufacturing,1,,1,,
15521,Toll Roads,1,,1,,
15522,Tomahawk,1,,1,,
15523,Tomato,1,,1,,
15524,Tomcat,1,,1,,
15525,Tomcat 5,1,,1,,
15526,Tomfoolery,1,,1,,
15527,Tomography,1,,1,,
15528,Toner,1,,1,,
15529,Toner Cartridges,1,,1,,
15530,Tone Of Voice,1,,1,,
15531,Toning,1,,1,,
15532,Tooling Design,1,,1,,
15533,Tool &amp; Die,1,,1,,
15534,Toon Boom,1,,1,,
15535,Tooth Colored Fillings,1,,1,,
15536,Topaz,1,,1,,
15537,Topcon,1,,1,,
15538,TopDesk,1,,1,,
15539,Topgrading,1,,1,,
15540,Topical Medication,1,,1,,
15541,Topic-based Authoring,1,,1,,
15542,Toplink,1,,1,,
15543,Topo,1,,1,,
15544,Topographic Surveys,1,,1,,
15545,Tops,1,,1,,
15546,Topsides,1,,1,,
15547,Topspin,1,,1,,
15548,Top Line Growth,1,,1,,
15549,Top Secret,1,,1,,
15550,Tor,1,,1,,
15551,TORA,1,,1,,
15552,Tornado,1,,1,,
15553,Toronto Real Estate,1,,1,,
15554,Torque,1,,1,,
15555,Torque Game Engine,1,,1,,
15556,Tortious Interference,1,,1,,
15557,Tortoise,1,,1,,
15558,Tortoise CVS,1,,1,,
15559,Tortoise SVN,1,,1,,
15560,Torts,1,,1,,
15561,TOS,1,,1,,
15562,Toshiba,1,,1,,
15563,TotalView,1,,1,,
15564,Total Cost of Ownership,1,,1,,
15565,Total Project Management,1,,1,,
15566,Total Return Swaps,1,,1,,
15567,Total Rewards Strategies,1,,1,,
15568,Total Reward Statements,1,,1,,
15569,Total Station,1,,1,,
15570,Total Synthesis,1,,1,,
15571,Tote Bags,1,,1,,
15572,Touch Screens,1,,1,,
15573,Tourism,1,,1,,
15574,Tourism Management,1,,1,,
15575,Tournaments,1,,1,,
15576,Tour Booking,1,,1,,
15577,Tour Management,1,,1,,
15578,Tour Operators,1,,1,,
15579,Tour Packages,1,,1,,
15580,Tour Planning,1,,1,,
15581,TOW,1,,1,,
15582,Towers,1,,1,,
15583,Tower Climbing,1,,1,,
15584,Tower Erection,1,,1,,
15585,Townhomes,1,,1,,
15586,Townships,1,,1,,
15587,Town Hall Meetings,1,,1,,
15588,Toxicity,1,,1,,
15589,Toxicogenomics,1,,1,,
15590,Toxicokinetics,1,,1,,
15591,Toxicologic Pathology,1,,1,,
15592,Toxicology,1,,1,,
15593,Toxic Tort,1,,1,,
15594,Toxins,1,,1,,
15595,Toyota Production System,1,,1,,
15596,Toyota Way,1,,1,,
15597,Toys,1,,1,,
15598,Toy Industry,1,,1,,
15599,TPA,1,,1,,
15600,TPC,1,,1,,
15601,TPD,1,,1,,
15602,TPE,1,,1,,
15603,TPF,1,,1,,
15604,TPL,1,,1,,
15605,TPM,1,,1,,
15606,TPMS,1,,1,,
15607,TPNS,1,,1,,
15608,TPP,1,,1,,
15609,TPR,1,,1,,
15610,TPT,1,,1,,
15611,TPU,1,,1,,
15612,TPX,1,,1,,
15613,TRA,1,,1,,
15614,Trademark Infringement,1,,1,,
15615,Trade Dress,1,,1,,
15616,Trade Marketing,1,,1,,
15617,Trade Missions,1,,1,,
15618,Trade Shows,1,,1,,
15619,Trade Show Exhibitor,1,,1,,
15620,Trading,1,,1,,
15621,Trading Systems,1,,1,,
15622,Traditional Animation,1,,1,,
15623,Traditional Chinese Medicine,1,,1,,
15624,Traditional IRA,1,,1,,
15625,Traffic Enforcement,1,,1,,
15626,Traffic Signal Design,1,,1,,
15627,Traffic Simulation,1,,1,,
15628,Traffic Violations,1,,1,,
15629,Trail Running,1,,1,,
15630,Training,1,,1,,
15631,Training Delivery,1,,1,,
15632,Training Facilitation,1,,1,,
15633,Training Needs Analysis,1,,1,,
15634,Training ROI,1,,1,,
15635,Training Seminars,1,,1,,
15636,Training Within Industry,1,,1,,
15637,Transcranial Magnetic Stimulation,1,,1,,
15638,Transesophageal Echocardiography,1,,1,,
15639,Transfer Agency,1,,1,,
15640,Transitional Justice,1,,1,,
15641,Transit-oriented Development,1,,1,,
15642,Translation,1,,1,,
15643,Translation Memory,1,,1,,
15644,Transportation,1,,1,,
15645,Transportation Management,1,,1,,
15646,Transport Phenomena,1,,1,,
15647,Traumatic Brain Injury,1,,1,,
15648,Trauma Nursing,1,,1,,
15649,Travel Agency,1,,1,,
15650,Travel &amp; Tourism,1,,1,,
15651,Travel Arrangements,1,,1,,
15652,Travel Management,1,,1,,
15653,Travel Photography,1,,1,,
15654,Treasury,1,,1,,
15655,Treasury Management,1,,1,,
15656,Treasury Services,1,,1,,
15657,Treatment,1,,1,,
15658,Trees,1,,1,,
15659,Tree &amp; Shrub Care,0,,1,,
15660,Tree Identification,1,,1,,
15661,Tree Planting,1,,1,,
15662,Trend Analysis,1,,1,,
15663,Trend Following,1,,1,,
15664,Trend Forecasting,1,,1,,
15665,Trend Micro,1,,1,,
15666,Trend Research,1,,1,,
15667,TRI,1,,1,,
15668,Triage,1,,1,,
15669,Trials,1,,1,,
15670,Trial Advocacy,1,,1,,
15671,Trial Balance,1,,1,,
15672,Trial Exhibits,1,,1,,
15673,Trial Management,1,,1,,
15674,Trial Practice,1,,1,,
15675,Triathlon,1,,1,,
15676,Tribology,1,,1,,
15677,Trigger Point Therapy,1,,1,,
15678,Trigonometry,1,,1,,
15679,Trimble,1,,1,,
15680,Trimble GPS,1,,1,,
15681,Trims,1,,1,,
15682,Triple Bottom Line,1,,1,,
15683,TRNSYS Software,1,,1,,
15684,Trojans,1,,1,,
15685,Trombone,1,,1,,
15686,Trophies,1,,1,,
15687,Tropical Diseases,1,,1,,
15688,Tropical Ecology,1,,1,,
15689,Tropical Medicine,1,,1,,
15690,Troubleshooting,1,,1,,
15691,Troux,1,,1,,
15692,TRS,1,,1,,
15693,Truck,1,,1,,
15694,Trucking,1,,1,,
15695,Trucking Litigation,1,,1,,
15696,Truckload,1,,1,,
15697,Truck Driving,1,,1,,
15698,Trumpet,1,,1,,
15699,Trusted Business Advisor,1,,1,,
15700,Trusted Business Partner,1,,1,,
15701,Trustee,1,,1,,
15702,Trusting Relationships,1,,1,,
15703,Trusts,1,,1,,
15704,Trust Deeds,1,,1,,
15705,Trust Management,1,,1,,
15706,Trust Services,1,,1,,
15707,TRX Certified,1,,1,,
15708,TRX Suspension Training,1,,1,,
15709,Try Before you Buy,1,,1,,
15710,TSCA,1,,1,,
15711,TSCM,1,,1,,
15712,T-shirt Graphics,1,,1,,
15713,TSM,1,,1,,
15714,TSM Administration,1,,1,,
15715,TSO,1,,1,,
15716,TSP,1,,1,,
15717,TSRM,1,,1,,
15718,TSS,1,,1,,
15719,TSW,1,,1,,
15720,TSYS,1,,1,,
15721,TTCN,1,,1,,
15722,TTCN-3,1,,1,,
15723,TTD,1,,1,,
15724,TTL,1,,1,,
15725,TTP,1,,1,,
15726,TTS,1,,1,,
15727,Tuba,1,,1,,
15728,Tube,1,,1,,
15729,Tube Bending,1,,1,,
15730,Tube Feeding,1,,1,,
15731,Tubing,1,,1,,
15732,Tubs,1,,1,,
15733,Tuck Pointing,1,,1,,
15734,Tufin,1,,1,,
15735,TUFLOW,1,,1,,
15736,Tui Na,1,,1,,
15737,Tumbleweed,1,,1,,
15738,Tumbling,1,,1,,
15739,Tumblr,1,,1,,
15740,Tummy Tuck,1,,1,,
15741,Tumor Immunology,1,,1,,
15742,TUNEL,1,,1,,
15743,Tune-ups,1,,1,,
15744,Tungsten,1,,1,,
15745,Tunneling,1,,1,,
15746,Tunnels,1,,1,,
15747,TUPE,1,,1,,
15748,TUPE transfers,1,,1,,
15749,Turbines,1,,1,,
15750,Turbomachinery,1,,1,,
15751,Turbo C,1,,1,,
15752,Turbo C++,1,,1,,
15753,Turbo Pascal,1,,1,,
15754,Turbo Tax,1,,1,,
15755,Turbulence,1,,1,,
15756,Turf,1,,1,,
15757,Turf Management,1,,1,,
15758,Turkish,1,,1,,
15759,Turnaround Experience,1,,1,,
15760,Turnaround Initiatives,1,,1,,
15761,Turn-around Situations,1,,1,,
15762,Turnaround Specialist,1,,1,,
15763,Turnaround Strategy,1,,1,,
15764,Turnkey Projects,1,,1,,
15765,Turnover,1,,1,,
15766,Turn Around Management,1,,1,,
15767,Tutorials,1,,1,,
15768,Tutoring,1,,1,,
15769,TUV,1,,1,,
15770,Tuxedo,1,,1,,
15771,Tuxedos,1,,1,,
15772,TValue,1,,1,,
15773,TVC,1,,1,,
15774,TVCs,1,,1,,
15775,TVPaint,1,,1,,
15776,Tween,1,,1,,
15777,TWIC Card,1,,1,,
15778,TWiki,1,,1,,
15779,Twilio,1,,1,,
15780,Twill,1,,1,,
15781,Twist,1,,1,,
15782,Twisted,1,,1,,
15783,Twitter,1,,1,,
15784,Twitter API,1,,1,,
15785,Twitter Marketing,1,,1,,
15786,Two-factor Authentication,1,,1,,
15787,Two-phase Flow,1,,1,,
15788,Two-photon Microscopy,1,,1,,
15789,Two-way Radio,1,,1,,
15790,TWS,1,,1,,
15791,TyMetrix,1,,1,,
15792,Typeface Design,1,,1,,
15793,Typesetting,1,,1,,
15794,Typewriter,1,,1,,
15795,Type 1 Diabetes,1,,1,,
15796,Type 2 Diabetes,1,,1,,
15797,Type Approval,1,,1,,
15798,Type Design,1,,1,,
15799,Type Rating,1,,1,,
15800,Type Systems,1,,1,,
15801,Typing,1,,1,,
15802,Typo3,1,,1,,
15803,Typography,1,,1,,
15804,UAG,1,,1,,
15805,UART,1,,1,,
15806,UAT Coordination,1,,1,,
15807,UAV,1,,1,,
15808,UBD,1,,1,,
15809,Ubercart,1,,1,,
15810,Ubiquitous Computing,1,,1,,
15811,Ubuntu,1,,1,,
15812,UCaaS,1,,1,,
15813,UCCE,1,,1,,
15814,UCC filings,1,,1,,
15815,UCINET,1,,1,,
15816,UCITS,1,,1,,
15817,uClinux,1,,1,,
15818,UCM,1,,1,,
15819,uCOS,1,,1,,
15820,UCP,1,,1,,
15821,UCP 600,1,,1,,
15822,UCS,1,,1,,
15823,UCSC Genome Browser,1,,1,,
15824,UDDI,1,,1,,
15825,UDF,1,,1,,
15826,uDig,1,,1,,
15827,UDP,1,,1,,
15828,UDS,1,,1,,
15829,UED,1,,1,,
15830,UEFI,1,,1,,
15831,UFC,1,,1,,
15832,Ufile,1,,1,,
15833,UFS,1,,1,,
15834,UGS,1,,1,,
15835,UHF,1,,1,,
15836,UHV,1,,1,,
15837,UIKit,1,,1,,
15838,UIM,1,,1,,
15839,UIX,1,,1,,
15840,Ukrainian,1,,1,,
15841,Ukulele,1,,1,,
15842,UK GAAP,1,,1,,
15843,Ulcerative Colitis,1,,1,,
15844,Ulead,1,,1,,
15845,Ulead VideoStudio,1,,1,,
15846,Ultiboard,1,,1,,
15847,Ultimate,1,,1,,
15848,Ultimate Frisbee,1,,1,,
15849,Ultipro,1,,1,,
15850,UltraEdit,1,,1,,
15851,Ultrafast Spectroscopy,1,,1,,
15852,Ultrafiltration,1,,1,,
15853,Ultramicrotomy,1,,1,,
15854,Ultrasonics,1,,1,,
15855,Ultrasonic Testing,1,,1,,
15856,Ultrasonic Welding,1,,1,,
15857,Ultrasound,1,,1,,
15858,Ultrasound Therapy,1,,1,,
15859,UltraTax,1,,1,,
15860,UltraTax CS,1,,1,,
15861,UltraVNC,1,,1,,
15862,Ultra Low Latency,1,,1,,
15863,UMA,1,,1,,
15864,Umbilicals,1,,1,,
15865,Umbraco,1,,1,,
15866,Umbrellas,1,,1,,
15867,Umbrella Insurance,1,,1,,
15868,UML,1,,1,,
15869,UML Tools,1,,1,,
15870,UMTS,1,,1,,
15871,Unanet,1,,1,,
15872,Unbiased,1,,1,,
15873,Uncertainty,1,,1,,
15874,Uncertainty Analysis,1,,1,,
15875,Uncertainty Quantification,1,,1,,
15876,Unconventional,1,,1,,
15877,Unconventional Warfare,1,,1,,
15878,Underbalanced Drilling,1,,1,,
15879,Undercover,1,,1,,
15880,Underfloor Heating,1,,1,,
15881,Undergraduate Teaching,1,,1,,
15882,Underground Mining,1,,1,,
15883,Underground Storage Tanks,1,,1,,
15884,Underground Structures,1,,1,,
15885,Underscore.js,1,,1,,
15886,Underwater,1,,1,,
15887,Underwater Acoustics,1,,1,,
15888,Underwater Photography,1,,1,,
15889,Underwater Video,1,,1,,
15890,Underwriting,1,,1,,
15891,UNET,1,,1,,
15892,Unfair Competition,1,,1,,
15893,Unfair Labor Practice Charges,1,,1,,
15894,Unfair Trade Practices,1,,1,,
15895,UNFCCC,1,,1,,
15896,Unfuddle,1,,1,,
15897,Unicenter TNG,1,,1,,
15898,Unified Communications,1,,1,,
15899,Unified Messaging,1,,1,,
15900,Unified Threat Management,1,,1,,
15901,Uniform Combined State Law,1,,1,,
15902,Union,1,,1,,
15903,Union Agreements,1,,1,,
15904,Union Avoidance,1,,1,,
15905,Union Grievances,1,,1,,
15906,Union Relations,1,,1,,
15907,Unity,1,,1,,
15908,Unity3D,1,,1,,
15909,Unit Testing,1,,1,,
15910,Unit Trusts,1,,1,,
15911,Universal Life,1,,1,,
15912,University Relations,1,,1,,
15913,University Teaching,1,,1,,
15914,Unix,1,,1,,
15915,Unix Administration,1,,1,,
15916,UNIX Utilities,1,,1,,
15917,Unlawful Detainer,1,,1,,
15918,Unloading,1,,1,,
15919,Unmanned Vehicles,1,,1,,
15920,Unobtrusive Javascript,1,,1,,
15921,UnrealScript,1,,1,,
15922,Unreal 3,1,,1,,
15923,Unreal Editor,1,,1,,
15924,Unreal Engine,1,,1,,
15925,Unreal Engine 3,1,,1,,
15926,Unsecured Loans,1,,1,,
15927,Unstructured Data,1,,1,,
15928,Unsupervised Learning,1,,1,,
15929,Untangle,1,,1,,
15930,UPC,1,,1,,
15931,Upcycling,1,,1,,
15932,Update Manager,1,,1,,
15933,Updos,1,,1,,
15934,uPerform,1,,1,,
15935,UPF,1,,1,,
15936,Upgradation,1,,1,,
15937,Upholstery,1,,1,,
15938,Upholstery Cleaning,1,,1,,
15939,UPK,1,,1,,
15940,UPnP,1,,1,,
15941,Upper Cervical,1,,1,,
15942,Upper Extremity,1,,1,,
15943,Up-selling,1,,1,,
15944,Upstream,1,,1,,
15945,Upstream Marketing,1,,1,,
15946,Upstream Processing,1,,1,,
15947,UPS Shipping,1,,1,,
15948,UPS Systems,1,,1,,
15949,Uptime,1,,1,,
15950,Uranium,1,,1,,
15951,Urban,1,,1,,
15952,Urbanism,1,,1,,
15953,Urban Agriculture,1,,1,,
15954,Urban Design,1,,1,,
15955,Urban Drainage,1,,1,,
15956,Urban Ecology,1,,1,,
15957,Urban Economics,1,,1,,
15958,Urban Fantasy,1,,1,,
15959,Urban Forestry,1,,1,,
15960,Urban Gardening,1,,1,,
15961,Urban Geography,1,,1,,
15962,Urban Infill,1,,1,,
15963,Urban Planning,1,,1,,
15964,Urban Redevelopment,1,,1,,
15965,Urban Regeneration,1,,1,,
15966,Urban Search,1,,1,,
15967,Urban Search &amp; Rescue,1,,1,,
15968,Urban Sociology,1,,1,,
15969,Urban Studies,1,,1,,
15970,URC,1,,1,,
15971,Urchin,1,,1,,
15972,Urdu,1,,1,,
15973,Urea,1,,1,,
15974,Urethane,1,,1,,
15975,Urgency,1,,1,,
15976,Urgent Care,1,,1,,
15977,Urinalysis,1,,1,,
15978,URL Filtering,1,,1,,
15979,URL Rewriting,1,,1,,
15980,Urns,1,,1,,
15981,Urodynamics,1,,1,,
15982,Urogynecology,1,,1,,
15983,Urology,1,,1,,
15984,Usability,1,,1,,
15985,Usability Engineering,1,,1,,
15986,Usability Labs,1,,1,,
15987,Usability Testing,1,,1,,
15988,Usage Analysis,1,,1,,
15989,USAW,1,,1,,
15990,USA PATRIOT Act,1,,1,,
15991,USB,1,,1,,
15992,USB3.0,1,,1,,
15993,USCG Captain,1,,1,,
15994,USDA,1,,1,,
15995,USDA Rural,1,,1,,
15996,USDA Rural Housing,1,,1,,
15997,User-centered Design,1,,1,,
15998,User Acceptance Testing,1,,1,,
15999,User Documentation,1,,1,,
16000,User Exits,1,,1,,
16001,User Experience,1,,1,,
16002,User Experience Design,1,,1,,
16003,User Friendly,1,,1,,
16004,User Interface,1,,1,,
16005,User Interface Design,1,,1,,
16006,User Journeys,1,,1,,
16007,User Research,1,,1,,
16008,User Scenarios,1,,1,,
16009,User Stories,1,,1,,
16010,Use Case,1,,1,,
16011,Use Case Analysis,1,,1,,
16012,Use Tax,1,,1,,
16013,USGBC,1,,1,,
16014,Ushering,1,,1,,
16015,USIM,1,,1,,
16016,USMT,1,,1,,
16017,USP,1,,1,,
16018,USPAP,1,,1,,
16019,USPS,1,,1,,
16020,USPV,1,,1,,
16021,USSD,1,,1,,
16022,UST,1,,1,,
16023,Ustream,1,,1,,
16024,US GAAP,1,,1,,
16025,US GAAP reporting,1,,1,,
16026,U.S. Immigration,1,,1,,
16027,Utilities,1,,1,,
16028,Utilities Management,1,,1,,
16029,Utility Billing,1,,1,,
16030,Utility Computing,1,,1,,
16031,Utility Construction,1,,1,,
16032,Utility Industry,1,,1,,
16033,Utility Law,1,,1,,
16034,Utility Locating,1,,1,,
16035,Utility Mapping,1,,1,,
16036,Utility Regulation,1,,1,,
16037,Utility Systems,1,,1,,
16038,Utilization,1,,1,,
16039,Utilization Management,1,,1,,
16040,Utilization Review,1,,1,,
16041,UTP,1,,1,,
16042,UTRAN,1,,1,,
16043,Uveitis,1,,1,,
16044,UVLayout,1,,1,,
16045,UVM,1,,1,,
16046,UV/Vis,1,,1,,
16047,UV-Vis-NIR,1,,1,,
16048,UV Mapping,1,,1,,
16049,UWB,1,,1,,
16050,Uzbek,1,,1,,
16051,V3 Foundation,1,,1,,
16052,Vaadin,1,,1,,
16053,Vaastu,1,,1,,
16054,Vacancies,1,,1,,
16055,Vacancy Monitoring,1,,1,,
16056,Vacant Land,1,,1,,
16057,Vacant Land Sales,1,,1,,
16058,Vacant Lots,1,,1,,
16059,Vacation,1,,1,,
16060,Vacation Homes,1,,1,,
16061,Vacation Planning,1,,1,,
16062,Vacation Rental,1,,1,,
16063,Vaccinations,1,,1,,
16064,Vaccines,1,,1,,
16065,Vacuum,1,,1,,
16066,Vacuum Chambers,1,,1,,
16067,Vacuum Deposition,1,,1,,
16068,Vacuum Distillation,1,,1,,
16069,Vacuum Forming,1,,1,,
16070,Vacuum Pumps,1,,1,,
16071,VAD,1,,1,,
16072,Vagrant,1,,1,,
16073,Validation,1,,1,,
16074,Validation Rules,1,,1,,
16075,Valuation,1,,1,,
16076,Value-added,1,,1,,
16077,Values Alignment,1,,1,,
16078,Value Added Analysis,1,,1,,
16079,Value Based Selling,1,,1,,
16080,Value Chain Analysis,1,,1,,
16081,Value Engineering,1,,1,,
16082,Value Enhancement,1,,1,,
16083,Value Investing,1,,1,,
16084,Value Propositions,1,,1,,
16085,Value Selling,1,,1,,
16086,Value Stream Mapping,1,,1,,
16087,Valves,1,,1,,
16088,Valve Hammer Editor,1,,1,,
16089,Vanilla,1,,1,,
16090,Vanities,1,,1,,
16091,Vantage-One,1,,1,,
16092,Vantive,1,,1,,
16093,Vapor Intrusion,1,,1,,
16094,VAPS,1,,1,,
16095,VAPT,1,,1,,
16096,VAR,1,,1,,
16097,Variable Annuities,1,,1,,
16098,Variable Data Printing,1,,1,,
16099,Variable Frequency Drives,1,,1,,
16100,Variable Life,1,,1,,
16101,Variable Pay,1,,1,,
16102,Variable Pay Design,1,,1,,
16103,Variable Products,1,,1,,
16104,Varian,1,,1,,
16105,Variance Analysis,1,,1,,
16106,Variance Explanations,1,,1,,
16107,Variance Reports,1,,1,,
16108,Variance Swaps,1,,1,,
16109,Variant Configuration,1,,1,,
16110,Variation Analysis,1,,1,,
16111,Varnish,1,,1,,
16112,VARs,1,,1,,
16113,VAS,1,,1,,
16114,Vasari,1,,1,,
16115,Vascular,1,,1,,
16116,Vascular Biology,1,,1,,
16117,Vascular Medicine,1,,1,,
16118,Vascular Surgery,1,,1,,
16119,Vasectomy,1,,1,,
16120,Vases,1,,1,,
16121,Vasont,1,,1,,
16122,VASP,1,,1,,
16123,VAST,1,,1,,
16124,VAT,1,,1,,
16125,VAT Registration,1,,1,,
16126,Vault,1,,1,,
16127,VAV,1,,1,,
16128,VAVE,1,,1,,
16129,VAWA,1,,1,,
16130,VAX,1,,1,,
16131,VA Loans,1,,1,,
16132,VBA,1,,1,,
16133,VBAC,1,,1,,
16134,vBlock,1,,1,,
16135,VB.NET,1,,1,,
16136,VBScript,1,,1,,
16137,vBulletin,1,,1,,
16138,VCAT,1,,1,,
16139,vCenter Server,1,,1,,
16140,VCI,1,,1,,
16141,VCL,1,,1,,
16142,vCloud,1,,1,,
16143,VCM,1,,1,,
16144,VCO,1,,1,,
16145,VCT,1,,1,,
16146,VDA,1,,1,,
16147,VDI,1,,1,,
16148,VDM,1,,1,,
16149,VDSL,1,,1,,
16150,VDSL2,1,,1,,
16151,Vector,1,,1,,
16152,Vectoring,1,,1,,
16153,Vectorization,1,,1,,
16154,Vectors,1,,1,,
16155,Vectorworks,1,,1,,
16156,Vector Calculus,1,,1,,
16157,Vector CANalyzer,1,,1,,
16158,Vector Cloning,1,,1,,
16159,Vector Design,1,,1,,
16160,Vector Illustration,1,,1,,
16161,Vector NTI,1,,1,,
16162,Vedic Astrology,1,,1,,
16163,Veeam,1,,1,,
16164,Veeva,1,,1,,
16165,Vegan,1,,1,,
16166,Vegetables,1,,1,,
16167,Vegetable Gardening,1,,1,,
16168,Vegetarian,1,,1,,
16169,Vegetarian Cooking,1,,1,,
16170,Vegetarian Nutrition,1,,1,,
16171,Vegetation,1,,1,,
16172,Vegetation Management,1,,1,,
16173,Vehicles,1,,1,,
16174,Vehicle Dynamics,1,,1,,
16175,Vehicle Engineering,1,,1,,
16176,Vehicle Extrication,1,,1,,
16177,Vehicle Graphics,1,,1,,
16178,Vehicle Leasing,1,,1,,
16179,Vehicle Lettering,1,,1,,
16180,Vehicle Maintenance,1,,1,,
16181,Vehicle Remarketing,1,,1,,
16182,Vehicle Routing,1,,1,,
16183,Vehicle Tracking,1,,1,,
16184,Vehicle Wrap Design,1,,1,,
16185,Velocity,1,,1,,
16186,Velocity Templates,1,,1,,
16187,Vendors,1,,1,,
16188,Vendor Contracts,1,,1,,
16189,Vendor Managed Inventory,1,,1,,
16190,Vendor Management,1,,1,,
16191,Vendor Relations,1,,1,,
16192,Vendor Relationship Management,1,,1,,
16193,Veneers,1,,1,,
16194,Venipuncture,1,,1,,
16195,Ventilation,1,,1,,
16196,Ventilators,1,,1,,
16197,Venture Capital,1,,1,,
16198,Venture Financing,1,,1,,
16199,Venture Philanthropy,1,,1,,
16200,Venue,1,,1,,
16201,Venue Dressing,1,,1,,
16202,Venue Management,1,,1,,
16203,Venue Relations,1,,1,,
16204,Verbal Behavior,1,,1,,
16205,Verbal De-escalation,1,,1,,
16206,Verilog,1,,1,,
16207,Verilog-AMS,1,,1,,
16208,Veritas,1,,1,,
16209,Veritas Cluster Server,1,,1,,
16210,Veritas Storage Foundation,1,,1,,
16211,Veritas Volume Manager,1,,1,,
16212,Versatile Writer,1,,1,,
16213,Version Control,1,,1,,
16214,Version One,1,,1,,
16215,Vertical Market Penetration,1,,1,,
16216,VESDA,1,,1,,
16217,Vessels,1,,1,,
16218,Vessel Management,1,,1,,
16219,Vessel Operations,1,,1,,
16220,Vestibular,1,,1,,
16221,Vestibular Rehabilitation,1,,1,,
16222,Veterans,1,,1,,
16223,Veterans Administration,1,,1,,
16224,Veterans Affairs,1,,1,,
16225,Veterans Benefits,1,,1,,
16226,Veterans Law,1,,1,,
16227,Veterinary,1,,1,,
16228,Veterinary Dentistry,1,,1,,
16229,Veterinary Medicine,1,,1,,
16230,Veterinary Nursing,1,,1,,
16231,Veterinary Pathology,1,,1,,
16232,Veterinary Public Health,1,,1,,
16233,Veterinary Surgery,1,,1,,
16234,Veterinary Technology,1,,1,,
16235,Vetting,1,,1,,
16236,VEX,1,,1,,
16237,VFX Supervision,1,,1,,
16238,VGA,1,,1,,
16239,VHDL,1,,1,,
16240,VHDL-AMS,1,,1,,
16241,VHF,1,,1,,
16242,Viability,1,,1,,
16243,Vibes,1,,1,,
16244,Vibrational Healing,1,,1,,
16245,Vibration Control,1,,1,,
16246,Vibration Isolation,1,,1,,
16247,Vibration Testing,1,,1,,
16248,Vice Presidents,1,,1,,
16249,Vicon,1,,1,,
16250,Vicon Blade,1,,1,,
16251,Victims Of Crime,1,,1,,
16252,Victim Services,1,,1,,
16253,Victorian literature,1,,1,,
16254,Video,1,,1,,
16255,Videography,1,,1,,
16256,Video Analytics,1,,1,,
16257,Video Blogging,1,,1,,
16258,Video Coding,1,,1,,
16259,Video Compression,1,,1,,
16260,Video Conferencing,1,,1,,
16261,Video Editing,1,,1,,
16262,Video Games,1,,1,,
16263,Video Game Journalism,1,,1,,
16264,Video Game Production,1,,1,,
16265,Video Journalism,1,,1,,
16266,Video over IP,1,,1,,
16267,Video Podcasts,1,,1,,
16268,Video Production,1,,1,,
16269,Video Walls,1,,1,,
16270,Viero,1,,1,,
16271,Vietnamese,1,,1,,
16272,Viewpoint,1,,1,,
16273,Vignette,1,,1,,
16274,Vignette CMS,1,,1,,
16275,Vignette Portal,1,,1,,
16276,Viking,1,,1,,
16277,Villas,1,,1,,
16278,VILT,1,,1,,
16279,Vim,1,,1,,
16280,Vimeo,1,,1,,
16281,Vineyard,1,,1,,
16282,Vintage Clothing,1,,1,,
16283,Vinyasa,1,,1,,
16284,Vinyl,1,,1,,
16285,Vinyl Banners,1,,1,,
16286,Vinyl Cutting,1,,1,,
16287,Vinyl Siding,1,,1,,
16288,VIO,1,,1,,
16289,Viola,1,,1,,
16290,Violin,1,,1,,
16291,VIOS,1,,1,,
16292,VIP,1,,1,,
16293,Viper,1,,1,,
16294,VIPP,1,,1,,
16295,ViPR,1,,1,,
16296,VIP management,1,,1,,
16297,VIP Protection,1,,1,,
16298,VIP Services,1,,1,,
16299,Viral Hepatitis,1,,1,,
16300,Viral Marketing,1,,1,,
16301,Viral Vectors,1,,1,,
16302,Virology,1,,1,,
16303,VirtualBox,1,,1,,
16304,Virtualization,1,,1,,
16305,Virtual Assistance,1,,1,,
16306,Virtual Desktop Infrastructure,1,,1,,
16307,Virtual DJ,1,,1,,
16308,Virtual Machines,1,,1,,
16309,Virtual PC,1,,1,,
16310,Virtual Reality,1,,1,,
16311,Virtual Reference,1,,1,,
16312,Virtual Server,1,,1,,
16313,Virtual Teams,1,,1,,
16314,Virtual Tours,1,,1,,
16315,Virtual Worlds,1,,1,,
16316,Virus Removal,1,,1,,
16317,Visas,1,,1,,
16318,Visio,1,,1,,
16319,Vision Mixing,1,,1,,
16320,Visitor Attractions,1,,1,,
16321,Visualforce Pages,1,,1,,
16322,Visual Aids,1,,1,,
16323,Visual Arts,1,,1,,
16324,Visual Basic,1,,1,,
16325,Visual C#,1,,1,,
16326,Visual C++,1,,1,,
16327,Visual Communication,1,,1,,
16328,Visual Design,1,,1,,
16329,Visual Effects,1,,1,,
16330,Visual Identity,1,,1,,
16331,Visual Identity Design,1,,1,,
16332,Visual Merchandising,1,,1,,
16333,Visual One,1,,1,,
16334,Visual Rhetoric,1,,1,,
16335,Visual Studio,1,,1,,
16336,Visual Styling,1,,1,,
16337,Visual SVN,1,,1,,
16338,Visual Thinking,1,,1,,
16339,Vitality,1,,1,,
16340,Vital Signs,1,,1,,
16341,Vitamins,1,,1,,
16342,Vitek,1,,1,,
16343,Viticulture,1,,1,,
16344,Vitiligo,1,,1,,
16345,Vitria,1,,1,,
16346,Vitria BusinessWare,1,,1,,
16347,Vivarium,1,,1,,
16348,Viz,1,,1,,
16349,Vizio,1,,1,,
16350,VizRT,1,,1,,
16351,Viztopia,1,,1,,
16352,Viz Artist,1,,1,,
16353,VLAN,1,,1,,
16354,VLC,1,,1,,
16355,VLDB,1,,1,,
16356,Vlookup,1,,1,,
16357,VLR,1,,1,,
16358,VLS,1,,1,,
16359,VLSI,1,,1,,
16360,VLSI CAD,1,,1,,
16361,VLSM,1,,1,,
16362,V-Max,1,,1,,
16363,VM/CMS,1,,1,,
16364,VMD,1,,1,,
16365,VMEbus,1,,1,,
16366,VMGSim,1,,1,,
16367,VMI,1,,1,,
16368,VMI Programs,1,,1,,
16369,VMM,1,,1,,
16370,VMS,1,,1,,
16371,VMware,1,,1,,
16372,VMware Certified Professional,1,,1,,
16373,VMware ESX,1,,1,,
16374,VMware Fusion,1,,1,,
16375,VMware Infrastructure,1,,1,,
16376,VMware Player,1,,1,,
16377,VMware Server,1,,1,,
16378,VMware vCenter,1,,1,,
16379,VMware View,1,,1,,
16380,VMware vSphere,1,,1,,
16381,VMware VTSP,1,,1,,
16382,VMware Workstation,1,,1,,
16383,VNA,1,,1,,
16384,VNC,1,,1,,
16385,Vocabulary,1,,1,,
16386,Vocabulary Development,1,,1,,
16387,Vocal,1,,1,,
16388,Vocals,1,,1,,
16389,Vocal Coaching,1,,1,,
16390,Vocal Instruction,1,,1,,
16391,Vocal Jazz,1,,1,,
16392,Vocal Music,1,,1,,
16393,Vocal Range,1,,1,,
16394,Vocation,1,,1,,
16395,Vocational Education,1,,1,,
16396,Vocational Evaluation,1,,1,,
16397,Vocational Rehabilitation,1,,1,,
16398,Vocera,1,,1,,
16399,VOCs,1,,1,,
16400,Vocus,1,,1,,
16401,VOD,1,,1,,
16402,Voiceovers,1,,1,,
16403,Voice Acting,1,,1,,
16404,Voice &amp; Accent,1,,1,,
16405,Voice &amp; Data Convergence,1,,1,,
16406,Voice Disorders,1,,1,,
16407,Voice Lessons,1,,1,,
16408,Voice Mail,1,,1,,
16409,Voice of the Customer,1,,1,,
16410,Voice of the Customer Analysis,1,,1,,
16411,Voice Over,1,,1,,
16412,Voice Services,1,,1,,
16413,Voice Therapy,1,,1,,
16414,Voice User Interface Design,1,,1,,
16415,Voicing,1,,1,,
16416,VoIP,1,,1,,
16417,VoIP protocols SIP,1,,1,,
16418,Volatility,1,,1,,
16419,Volatility Arbitrage,1,,1,,
16420,Volleyball,1,,1,,
16421,Voluntary,1,,1,,
16422,Voluntary Arrangements,1,,1,,
16423,Voluntary Employee Benefits,1,,1,,
16424,Voluntary Sector,1,,1,,
16425,Volunteering,1,,1,,
16426,Volunteer Management,1,,1,,
16427,Volunteer Recruiting,1,,1,,
16428,Volunteer Training,1,,1,,
16429,Vontu,1,,1,,
16430,Vortex,1,,1,,
16431,VOS,1,,1,,
16432,Votebuilder,1,,1,,
16433,Voter Contact,1,,1,,
16434,Voter Education,1,,1,,
16435,Voter Registration,1,,1,,
16436,Voting,1,,1,,
16437,Voting Rights,1,,1,,
16438,Voting Systems,1,,1,,
16439,Vouchers,1,,1,,
16440,Vovici,1,,1,,
16441,Vow Renewals,1,,1,,
16442,VoxPro,1,,1,,
16443,Vox Pops,1,,1,,
16444,VPLS,1,,1,,
16445,VPM,1,,1,,
16446,VPN,1,,1,,
16447,VPP,1,,1,,
16448,VPython,1,,1,,
16449,vRanger,1,,1,,
16450,Vray,1,,1,,
16451,VRF,1,,1,,
16452,VRML,1,,1,,
16453,VRRP,1,,1,,
16454,VRS,1,,1,,
16455,VRTX,1,,1,,
16456,VRU,1,,1,,
16457,VSA,1,,1,,
16458,VSAM,1,,1,,
16459,VSAT,1,,1,,
16460,VSD,1,,1,,
16461,VSE,1,,1,,
16462,VSEO,1,,1,,
16463,Vsftpd,1,,1,,
16464,vShield,1,,1,,
16465,VSOE,1,,1,,
16466,VSP 4,1,,1,,
16467,VSS,1,,1,,
16468,VST,1,,1,,
16469,VSTO,1,,1,,
16470,VSTS,1,,1,,
16471,VSX,1,,1,,
16472,VTAM,1,,1,,
16473,VTC,1,,1,,
16474,Vtiger,1,,1,,
16475,VTK,1,,1,,
16476,VTL,1,,1,,
16477,VTP,1,,1,,
16478,VTR,1,,1,,
16479,VTS,1,,1,,
16480,VTune,1,,1,,
16481,Vulcan,1,,1,,
16482,Vulnerability,1,,1,,
16483,Vulnerability Assessment,1,,1,,
16484,Vulnerability Management,1,,1,,
16485,Vulnerability Research,1,,1,,
16486,Vulnerability Scanning,1,,1,,
16487,VxFS,1,,1,,
16488,VXI,1,,1,,
16489,VXML,1,,1,,
16490,VxWorks,1,,1,,
16491,Vyatta,1,,1,,
16492,V Lookups,1,,1,,
16493,WAAS,1,,1,,
16494,WACC,1,,1,,
16495,Wacom Tablet,1,,1,,
16496,Wafer,1,,1,,
16497,Wafer Bonding,1,,1,,
16498,Wafer Cleaning,1,,1,,
16499,Wafer Fab,1,,1,,
16500,Wage,1,,1,,
16501,Wage &amp; Hour,1,,1,,
16502,WAI,1,,1,,
16503,WAI-ARIA,1,,1,,
16504,WAIK,1,,1,,
16505,Wainscoting,1,,1,,
16506,WAIS,1,,1,,
16507,Waiting,1,,1,,
16508,Waivers,1,,1,,
16509,Waivers Of Inadmissibility,1,,1,,
16510,Wakeboarding,1,,1,,
16511,Walking Tours,1,,1,,
16512,Walkthroughs,1,,1,,
16513,Walkways,1,,1,,
16514,Wallcoverings,1,,1,,
16515,Wallets,1,,1,,
16516,Wallpaper,1,,1,,
16517,Walls,1,,1,,
16518,Wall Decor,1,,1,,
16519,Wall Street,1,,1,,
16520,Wal-Mart,1,,1,,
16521,Waltz,1,,1,,
16522,WAM,1,,1,,
16523,WAMP,1,,1,,
16524,WAN,1,,1,,
16525,WAN Optimisation,1,,1,,
16526,WAP,1,,1,,
16527,WAP Gateway,1,,1,,
16528,WAP Push,1,,1,,
16529,Wardrobe,1,,1,,
16530,Wardrobe Analysis,1,,1,,
16531,Wardrobing,1,,1,,
16532,Warehouse Automation,1,,1,,
16533,Warehouse Control,1,,1,,
16534,Warehouse Management,1,,1,,
16535,Warehousing,1,,1,,
16536,Warm Calling,1,,1,,
16537,Warrants,1,,1,,
16538,Warranty,1,,1,,
16539,WASP,1,,1,,
16540,Waste,1,,1,,
16541,Wastewater Treatment,1,,1,,
16542,Wastewater Treatment Design,1,,1,,
16543,Waste Disposal,1,,1,,
16544,Waste Heat Recovery,1,,1,,
16545,Waste Management,1,,1,,
16546,Waste Reduction,1,,1,,
16547,Waste to Energy,1,,1,,
16548,Waste Treatment,1,,1,,
16549,Waste Water Treatment Plants,1,,1,,
16550,Watches,1,,1,,
16551,Water,1,,1,,
16552,Watercolor,1,,1,,
16553,Watercolor Illustration,1,,1,,
16554,Waterfall,1,,1,,
16555,Waterfront,1,,1,,
16556,Waterproofing,1,,1,,
16557,Watershed Management,1,,1,,
16558,Water &amp; Wastewater Design,1,,1,,
16559,Water Conservation,1,,1,,
16560,Water Damage,1,,1,,
16561,Water Damage Restoration,1,,1,,
16562,Water Distribution,1,,1,,
16563,Water Engineering,1,,1,,
16564,Water Features,1,,1,,
16565,Water Management,1,,1,,
16566,Water Pumps,1,,1,,
16567,Water Quality,1,,1,,
16568,Water Resources,1,,1,,
16569,Water Sampling,1,,1,,
16570,Water Sensitive Urban Design,1,,1,,
16571,Water Supply,1,,1,,
16572,Water Tanks,1,,1,,
16573,Water Treatment,1,,1,,
16574,Waveburner,1,,1,,
16575,Waveform Generators,1,,1,,
16576,Waveguide,1,,1,,
16577,Wavelab,1,,1,,
16578,Wavelength,1,,1,,
16579,Wavelets,1,,1,,
16580,WavePad,1,,1,,
16581,Waves Plug-ins,1,,1,,
16582,Wave Energy,1,,1,,
16583,Wave Propagation,1,,1,,
16584,Wave Solder,1,,1,,
16585,WAWF,1,,1,,
16586,Wax,1,,1,,
16587,Waxing,1,,1,,
16588,Wax Carving,1,,1,,
16589,Wayfinding,1,,1,,
16590,WBEM,1,,1,,
16591,WBS,1,,1,,
16592,WBTs,1,,1,,
16593,WCAG,1,,1,,
16594,WCB,1,,1,,
16595,WCCP,1,,1,,
16596,WCDMA,1,,1,,
16597,WCF,1,,1,,
16598,WCF Services,1,,1,,
16599,WCS,1,,1,,
16600,WCSF,1,,1,,
16601,WDF,1,,1,,
16602,WDK,1,,1,,
16603,WDM,1,,1,,
16604,WDS,1,,1,,
16605,Wealth,1,,1,,
16606,Wealth Accumulation,1,,1,,
16607,Wealth Management,1,,1,,
16608,Wealth Management Services,1,,1,,
16609,Wealth Preservation,1,,1,,
16610,Wealth Preservation Planning,1,,1,,
16611,Wealth Transfer,1,,1,,
16612,Weapons,1,,1,,
16613,Weapons &amp; Tactics Instruction,1,,1,,
16614,Weapons Handling,1,,1,,
16615,Weapons of Mass Destruction,1,,1,,
16616,Weapons Training,1,,1,,
16617,Weapon Systems,1,,1,,
16618,Weather,1,,1,,
16619,Weather Derivatives,1,,1,,
16620,Weather Forecasting,1,,1,,
16621,Weather Radar,1,,1,,
16622,Weaving,1,,1,,
16623,WebLogic,1,,1,,
16624,Webmaster Services,1,,1,,
16625,Website Building,1,,1,,
16626,Website Development,1,,1,,
16627,Website Localization,1,,1,,
16628,Website Merchandising,1,,1,,
16629,Website Updating,1,,1,,
16630,WebSphere,1,,1,,
16631,WebSphere Application Server,1,,1,,
16632,WebSphere ESB,1,,1,,
16633,WebSphere Message Broker,1,,1,,
16634,WebSphere Portal,1,,1,,
16635,Web 2.0,1,,1,,
16636,Web Analytics,1,,1,,
16637,Web Applications,1,,1,,
16638,Web Application Security,1,,1,,
16639,Web Caching,1,,1,,
16640,Web Content,1,,1,,
16641,Web Content Management,1,,1,,
16642,Web Crawling,1,,1,,
16643,Web Design,1,,1,,
16644,Web Development,1,,1,,
16645,Web Editing,1,,1,,
16646,Web Hosting,1,,1,,
16647,Web Mapping,1,,1,,
16648,Web Navigation,1,,1,,
16649,Web Pages,1,,1,,
16650,Web Project Management,1,,1,,
16651,Web Savvy,1,,1,,
16652,Web Services,1,,1,,
16653,Web Services API,1,,1,,
16654,Web Site Production,1,,1,,
16655,Web Testing,1,,1,,
16656,Web Typography,1,,1,,
16657,Web Video,1,,1,,
16658,Weddings,1,,1,,
16659,Wedding Albums,1,,1,,
16660,Wedding Bands,1,,1,,
16661,Wedding Cakes,1,,1,,
16662,Wedding Coordinating,1,,1,,
16663,Wedding DJ,1,,1,,
16664,Wedding Favours,1,,1,,
16665,Wedding Gowns,1,,1,,
16666,Wedding Industry,1,,1,,
16667,Wedding Management,1,,1,,
16668,Wedding Photography,1,,1,,
16669,Wedding Photojournalism,1,,1,,
16670,Wedding Planning,1,,1,,
16671,Wedding Videos,1,,1,,
16672,Weebly,1,,1,,
16673,Weed Control,1,,1,,
16674,WEEE,1,,1,,
16675,Weibull Analysis,1,,1,,
16676,Weighting,1,,1,,
16677,Weightlifting,1,,1,,
16678,Weight Gain,1,,1,,
16679,Weight Loss Coaching,1,,1,,
16680,Weight Management,1,,1,,
16681,Weight Training,1,,1,,
16682,Weka,1,,1,,
16683,Welding,1,,1,,
16684,Welding Inspection,1,,1,,
16685,Wellbeing,1,,1,,
16686,Wellness,1,,1,,
16687,Wellness Coaching,1,,1,,
16688,Well Control,1,,1,,
16689,Well Intervention,1,,1,,
16690,Well Logging,1,,1,,
16691,Well Stimulation,1,,1,,
16692,Well Testing,1,,1,,
16693,WEP,1,,1,,
16694,WERS,1,,1,,
16695,WESB,1,,1,,
16696,Western analysis,1,,1,,
16697,Western Blotting,1,,1,,
16698,Western Cuisine,1,,1,,
16699,Western Europe,1,,1,,
16700,Westlaw,1,,1,,
16701,West Africa,1,,1,,
16702,West Coast Swing,1,,1,,
16703,Wetlands,1,,1,,
16704,Wetland Restoration,1,,1,,
16705,Wetland Science,1,,1,,
16706,Wet Chemical Etching,1,,1,,
16707,Wet Chemistry,1,,1,,
16708,Wet Lab,1,,1,,
16709,WFA,1,,1,,
16710,WFC,1,,1,,
16711,WFL,1,,1,,
16712,WFO,1,,1,,
16713,WFS,1,,1,,
16714,WGA,1,,1,,
16715,What-if Analysis,1,,1,,
16716,WhatsUp,1,,1,,
16717,Wheat,1,,1,,
16718,Wheelchairs,1,,1,,
16719,Wheels,1,,1,,
16720,Wheel Throwing,1,,1,,
16721,Wherescape Red,1,,1,,
16722,WHIMS,1,,1,,
16723,Whiplash,1,,1,,
16724,Whisky,1,,1,,
16725,Whistleblower,1,,1,,
16726,Whistling,1,,1,,
16727,Whiteboarding,1,,1,,
16728,Whitewater Kayaking,1,,1,,
16729,White Belt,1,,1,,
16730,White Box,1,,1,,
16731,White Box Testing,1,,1,,
16732,White Collar Criminal Defense,1,,1,,
16733,White Glove,1,,1,,
16734,White Goods,1,,1,,
16735,White Hat,1,,1,,
16736,White Label,1,,1,,
16737,White Papers,1,,1,,
16738,Whittle,1,,1,,
16739,WHMCS,1,,1,,
16740,WHMIS,1,,1,,
16741,Wholesale,1,,1,,
16742,Wholesale Banking,1,,1,,
16743,Wholesale Lending,1,,1,,
16744,Wholesale Operations,1,,1,,
16745,Wholesale Purchasing,1,,1,,
16746,Wholesale Real Estate,1,,1,,
16747,Whole Brain Thinking,1,,1,,
16748,Whole Foods,1,,1,,
16749,Whole House Audio,1,,1,,
16750,Whole House Renovations,1,,1,,
16751,Whole Life,1,,1,,
16752,Whole Life Costing,1,,1,,
16753,WIA,1,,1,,
16754,WIC,1,,1,,
16755,Wicket,1,,1,,
16756,Wicklander-Zulawski Interview &amp; Interrogation,1,,1,,
16757,Wideband,1,,1,,
16758,Widening Participation,1,,1,,
16759,Wide Format Printing,1,,1,,
16760,Wide Orbit,1,,1,,
16761,Widgets,1,,1,,
16762,Widows,1,,1,,
16763,WIF,1,,1,,
16764,WiFi,1,,1,,
16765,Wigs,1,,1,,
16766,Wig Making,1,,1,,
16767,Wii,1,,1,,
16768,Wikimedia,1,,1,,
16769,Wikipedia,1,,1,,
16770,Wikis,1,,1,,
16771,Wikispaces,1,,1,,
16772,Wiki Development,1,,1,,
16773,Wiki Markup,1,,1,,
16774,Wilderness,1,,1,,
16775,Wilderness EMT,1,,1,,
16776,Wilderness First Aid,1,,1,,
16777,Wilderness First Aid Certified,1,,1,,
16778,Wilderness First Responder,1,,1,,
16779,Wilderness Medicine,1,,1,,
16780,Wildfire,1,,1,,
16781,Wildland Fire,1,,1,,
16782,Wildland Firefighting,1,,1,,
16783,Wildlife,1,,1,,
16784,Wildlife Art,1,,1,,
16785,Wildlife Biology,1,,1,,
16786,Wildlife Conservation,1,,1,,
16787,Wildlife Management,1,,1,,
16788,Wildlife Photography,1,,1,,
16789,Wildlife Rehabilitation,1,,1,,
16790,Wills,1,,1,,
16791,Wily Introscope,1,,1,,
16792,WiMAX,1,,1,,
16793,Wimba,1,,1,,
16794,Win32 API,1,,1,,
16795,Wind,1,,1,,
16796,Windows,1,,1,,
16797,Windows 7,1,,1,,
16798,Windows 7 Migration,1,,1,,
16799,Windows 8,1,,1,,
16800,Windows Azure,1,,1,,
16801,Windows Batch,1,,1,,
16802,Windows Domain,1,,1,,
16803,Windows Embedded,1,,1,,
16804,Windows kernel programming,1,,1,,
16805,Windows Live Movie Maker,1,,1,,
16806,Windows Media Encoder,1,,1,,
16807,Windows Mobile,1,,1,,
16808,Windows Movie Maker,1,,1,,
16809,Windows Phone,1,,1,,
16810,Windows Server,1,,1,,
16811,Windows Sharepoint Services,1,,1,,
16812,Windows Vista,1,,1,,
16813,Windows XP,1,,1,,
16814,Window Cleaning,1,,1,,
16815,Window Coverings,1,,1,,
16816,Window Displays,1,,1,,
16817,Window Dressing,1,,1,,
16818,Window Treatments,1,,1,,
16819,Wind Energy,1,,1,,
16820,Wind Mitigation,1,,1,,
16821,Wind Tunnel,1,,1,,
16822,Wind Tunnel Testing,1,,1,,
16823,Wind Turbines,1,,1,,
16824,Wine,1,,1,,
16825,Winemaking,1,,1,,
16826,Wineries,1,,1,,
16827,Wine &amp; Spirits Industry,0,,1,,
16828,Wine Cellars,1,,1,,
16829,Wine Lists,1,,1,,
16830,Wine Tasting,1,,1,,
16831,Wine Tours,1,,1,,
16832,WinForms,1,,1,,
16833,Wing Chun,1,,1,,
16834,Winning Others Over,1,,1,,
16835,Win-win,1,,1,,
16836,Win CVS,1,,1,,
16837,WIP,1,,1,,
16838,WIPO,1,,1,,
16839,WIPS,1,,1,,
16840,Wireframes,1,,1,,
16841,Wireless,1,,1,,
16842,Wireless Access,1,,1,,
16843,Wireless Broadband,1,,1,,
16844,Wireless Communications Systems,1,,1,,
16845,Wireless Mesh,1,,1,,
16846,Wireless Networking,1,,1,,
16847,Wireless Routers,1,,1,,
16848,Wireless Security,1,,1,,
16849,Wireless Sensor Networks,1,,1,,
16850,Wireless USB,1,,1,,
16851,Wireline,1,,1,,
16852,Wireshark,1,,1,,
16853,Wire Bonding,1,,1,,
16854,Wire EDM,1,,1,,
16855,Wire Framing,1,,1,,
16856,Wire Line,1,,1,,
16857,Wire Transfers,1,,1,,
16858,Wire Wrapping,1,,1,,
16859,Wiring,1,,1,,
16860,Wiring Diagrams,1,,1,,
16861,Wisdom Teeth,1,,1,,
16862,Wise Installer,1,,1,,
16863,Wise Packaging,1,,1,,
16864,Wise Packaging Studio,1,,1,,
16865,WISP,1,,1,,
16866,Wit,1,,1,,
16867,Witchcraft,1,,1,,
16868,Withdrawals,1,,1,,
16869,Withholding,1,,1,,
16870,Witness Location,1,,1,,
16871,Witness Statements,1,,1,,
16872,WiX,1,,1,,
16873,Wizard,1,,1,,
16874,WLAN,1,,1,,
16875,WLI,1,,1,,
16876,WLL,1,,1,,
16877,WLM,1,,1,,
16878,WLR3,1,,1,,
16879,WLST,1,,1,,
16880,WMI,1,,1,,
16881,WML,1,,1,,
16882,WMOS,1,,1,,
16883,WMS Implementations,1,,1,,
16884,WOA,1,,1,,
16885,Wolf,1,,1,,
16886,Wolof,1,,1,,
16887,Wombat,1,,1,,
16888,Women&#39;s Health,0,,1,,
16889,Women&#39;s Issues,0,,1,,
16890,Women&#39;s Leadership,0,,1,,
16891,Women&#39;s Ministry,0,,1,,
16892,Women&#39;s Rights,0,,1,,
16893,Women&#39;s Studies,0,,1,,
16894,Women Leaders,1,,1,,
16895,Women Owned Business,1,,1,,
16896,Wonderware,1,,1,,
16897,Wood,1,,1,,
16898,Woodcut,1,,1,,
16899,Woodland Management,1,,1,,
16900,Woodwind,1,,1,,
16901,Woodworking,1,,1,,
16902,Wood Carving,1,,1,,
16903,Wood Graining,1,,1,,
16904,Wood Shop,1,,1,,
16905,Wood Turning,1,,1,,
16906,Wool,1,,1,,
16907,WordPerfect,1,,1,,
16908,WordPress,1,,1,,
16909,Word Of Mouth,1,,1,,
16910,Word Of Mouth Marketing,1,,1,,
16911,Workers&#39; Compensation Claims,1,,1,,
16912,Workers Compensation,1,,1,,
16913,Workforce Development,1,,1,,
16914,Workforce Management,1,,1,,
16915,Workforce Planning,1,,1,,
16916,Working Abroad,1,,1,,
16917,Working at Height,1,,1,,
16918,Working Capital Management,1,,1,,
16919,Working With Children,1,,1,,
16920,Working With Clients,1,,1,,
16921,Workplace Giving,1,,1,,
16922,Workplace Safety,1,,1,,
16923,Workplace Violence,1,,1,,
16924,Workshops,1,,1,,
16925,Workshop Facilitation,1,,1,,
16926,Work at Height,1,,1,,
16927,Work Effectively,1,,1,,
16928,Work in Unison with Staff,1,,1,,
16929,Work Life Balance,1,,1,,
16930,Work Orders,1,,1,,
16931,Work Under Minimal Supervision,1,,1,,
16932,Work Very Well with Others,1,,1,,
16933,World Cafe,1,,1,,
16934,World Cinema,1,,1,,
16935,World History,1,,1,,
16936,WOTC,1,,1,,
16937,Wound Care,1,,1,,
16938,Wovens,1,,1,,
16939,Wowza,1,,1,,
16940,WPA,1,,1,,
16941,WPC,1,,1,,
16942,WPF,1,,1,,
16943,WPF Development,1,,1,,
16944,WPS,1,,1,,
16945,WRAP,1,,1,,
16946,Wraparound,1,,1,,
16947,Wrapping,1,,1,,
16948,Wraps,1,,1,,
16949,Wrap Accounts,1,,1,,
16950,WRDS,1,,1,,
16951,Wrestling,1,,1,,
16952,Wrestling Coaching,1,,1,,
16953,WRF,1,,1,,
16954,Write-ups,1,,1,,
16955,Writing,1,,1,,
16956,Wrongful Death,1,,1,,
16957,WRT,1,,1,,
16958,WSAD,1,,1,,
16959,WSDL,1,,1,,
16960,WSE,1,,1,,
16961,WSGI,1,,1,,
16962,WSH,1,,1,,
16963,WSIB,1,,1,,
16964,WSIB Claims Management,1,,1,,
16965,WSPG,1,,1,,
16966,WSRR,1,,1,,
16967,WSS 2.0,1,,1,,
16968,WSUS,1,,1,,
16969,WTL,1,,1,,
16970,WTO,1,,1,,
16971,WTP,1,,1,,
16972,WTT,1,,1,,
16973,WTX,1,,1,,
16974,WUFI,1,,1,,
16975,Wufoo,1,,1,,
16976,WWAN,1,,1,,
16977,WWII,1,,1,,
16978,Wwise,1,,1,,
16979,Www,1,,1,,
16980,wxWidgets,1,,1,,
16981,Wyse,1,,1,,
16982,WYSIWYG Layout Tools,1,,1,,
16983,XaaS,1,,1,,
16984,XACML,1,,1,,
16985,XACT,1,,1,,
16986,Xactimate,1,,1,,
16987,Xactly,1,,1,,
16988,Xactly Incent,1,,1,,
16989,Xajax,1,,1,,
16990,Xalan,1,,1,,
16991,XAML,1,,1,,
16992,XAMPP,1,,1,,
16993,Xara,1,,1,,
16994,XATA,1,,1,,
16995,XAUI,1,,1,,
16996,xBase,1,,1,,
16997,Xbox,1,,1,,
16998,Xbox 360,1,,1,,
16999,Xbox One,1,,1,,
17000,XBR,1,,1,,
17001,XBRL,1,,1,,
17002,XCAL,1,,1,,
17003,Xcalibur,1,,1,,
17004,XCAP,1,,1,,
17005,Xcart,1,,1,,
17006,xCAT,1,,1,,
17007,Xcode,1,,1,,
17008,XCOM,1,,1,,
17009,xCP,1,,1,,
17010,XDCAM,1,,1,,
17011,Xdebug,1,,1,,
17012,XDoclet,1,,1,,
17013,Xen,1,,1,,
17014,XenClient,1,,1,,
17015,Xenix,1,,1,,
17016,Xenu,1,,1,,
17017,Xerces,1,,1,,
17018,Xeriscaping,1,,1,,
17019,Xero,1,,1,,
17020,Xerox Printers,1,,1,,
17021,Xetra,1,,1,,
17022,XFire,1,,1,,
17023,XFOIL,1,,1,,
17024,XForms,1,,1,,
17025,XFP,1,,1,,
17026,XFS,1,,1,,
17027,XHTML,1,,1,,
17028,Xilinx,1,,1,,
17029,Xilinx ISE,1,,1,,
17030,Xinet,1,,1,,
17031,Xing,1,,1,,
17032,XLMiner,1,,1,,
17033,XLSTAT,1,,1,,
17034,XMetal,1,,1,,
17035,XMind,1,,1,,
17036,XML,1,,1,,
17037,XMLBeans,1,,1,,
17038,XMLHTTP,1,,1,,
17039,XML-RPC,1,,1,,
17040,XML Databases,1,,1,,
17041,XML Gateway,1,,1,,
17042,XML Programming,1,,1,,
17043,XML Publisher,1,,1,,
17044,XML Schema,1,,1,,
17045,XML Schema Design,1,,1,,
17046,XML Scripting,1,,1,,
17047,XML Sitemaps,1,,1,,
17048,XML Spy,1,,1,,
17049,XML Standards,1,,1,,
17050,XMPie,1,,1,,
17051,XMPP,1,,1,,
17052,XNA,1,,1,,
17053,XOG,1,,1,,
17054,Xoops,1,,1,,
17055,XPAC,1,,1,,
17056,XPages,1,,1,,
17057,XPath,1,,1,,
17058,xPC Target,1,,1,,
17059,XPDL,1,,1,,
17060,Xpediter,1,,1,,
17061,Xplan,1,,1,,
17062,XPlanner,1,,1,,
17063,xPON,1,,1,,
17064,Xpress,1,,1,,
17065,xPression,1,,1,,
17066,XPS,1,,1,,
17067,X-ray,1,,1,,
17068,X-ray Absorption Spectroscopy,1,,1,,
17069,X-ray crystallography,1,,1,,
17070,X-ray Diffraction Analysis,1,,1,,
17071,X-ray diffractometry,1,,1,,
17072,X-ray Microanalysis,1,,1,,
17073,X-ray Spectroscopy,1,,1,,
17074,XRF,1,,1,,
17075,XRR,1,,1,,
17076,XRY,1,,1,,
17077,Xsan,1,,1,,
17078,XSD,1,,1,,
17079,xSeries,1,,1,,
17080,Xserve,1,,1,,
17081,XSI,1,,1,,
17082,Xsigo,1,,1,,
17083,XSL,1,,1,,
17084,XSL-FO,1,,1,,
17085,XSLT,1,,1,,
17086,XSS,1,,1,,
17087,XStream,1,,1,,
17088,XTRAC,1,,1,,
17089,XTRACT,1,,1,,
17090,XUL,1,,1,,
17091,xUnit,1,,1,,
17092,X-Ways,1,,1,,
17093,Xytech,1,,1,,
17094,Yacc,1,,1,,
17095,Yachting,1,,1,,
17096,Yacht Charters,1,,1,,
17097,Yacht Clubs,1,,1,,
17098,Yacht Deliveries,1,,1,,
17099,Yacht Racing,1,,1,,
17100,Yahoo Search,1,,1,,
17101,Yahoo Search Marketing,1,,1,,
17102,Yahoo Site Explorer,1,,1,,
17103,Yamaha Digital Consoles,1,,1,,
17104,Yamaha M7CL,1,,1,,
17105,Yamaha PM5D,1,,1,,
17106,YAML,1,,1,,
17107,Yammer,1,,1,,
17108,Yantra,1,,1,,
17109,Yardi,1,,1,,
17110,Yardi Enterprise,1,,1,,
17111,Yardi Property Management,1,,1,,
17112,Yardi Voyager,1,,1,,
17113,Yard Management,1,,1,,
17114,Yard Signs,1,,1,,
17115,Yard Work,1,,1,,
17116,Yarn,1,,1,,
17117,Yaskawa,1,,1,,
17118,Yearbook,1,,1,,
17119,Year-end Close,1,,1,,
17120,Year End Accounts,1,,1,,
17121,Yeast,1,,1,,
17122,Yeast two-hybrid,1,,1,,
17123,Yellow Belt,1,,1,,
17124,Yellow Book,1,,1,,
17125,Yellow Pages,1,,1,,
17126,Yelp,1,,1,,
17127,Yiddish,1,,1,,
17128,Yield,1,,1,,
17129,Yields,1,,1,,
17130,Yield Management,1,,1,,
17131,Yii,1,,1,,
17132,Yin Yoga,1,,1,,
17133,YMS,1,,1,,
17134,Yodeling,1,,1,,
17135,Yoga,1,,1,,
17136,Yoga Instruction,1,,1,,
17137,Yoga Nidra,1,,1,,
17138,Yogurt,1,,1,,
17139,Yoruba,1,,1,,
17140,Young Adults,1,,1,,
17141,Young Adult Literature,1,,1,,
17142,Young Adult Services,1,,1,,
17143,Young People,1,,1,,
17144,Youth At Risk,1,,1,,
17145,Youth Culture,1,,1,,
17146,Youth Development,1,,1,,
17147,Youth Empowerment,1,,1,,
17148,Youth Engagement,1,,1,,
17149,Youth Entrepreneurship,1,,1,,
17150,Youth Justice,1,,1,,
17151,Youth Leadership,1,,1,,
17152,Youth Leadership Training,1,,1,,
17153,Youth Marketing,1,,1,,
17154,Youth Mentoring,1,,1,,
17155,Youth Ministry,1,,1,,
17156,Youth Outreach,1,,1,,
17157,Youth Programs,1,,1,,
17158,Youth Work,1,,1,,
17159,YouTube,1,,1,,
17160,YouTube API,1,,1,,
17161,YSlow,1,,1,,
17162,YUI,1,,1,,
17163,YUM,1,,1,,
17164,Zabbix,1,,1,,
17165,Zachman,1,,1,,
17166,Zainet,1,,1,,
17167,ZBrush,1,,1,,
17168,Zebra,1,,1,,
17169,Zebrafish,1,,1,,
17170,Zedo,1,,1,,
17171,Zeiss,1,,1,,
17172,Zemax,1,,1,,
17173,Zen,1,,1,,
17174,ZenCart,1,,1,,
17175,Zend,1,,1,,
17176,Zendesk,1,,1,,
17177,Zend Certified Engineer,1,,1,,
17178,Zend Framework,1,,1,,
17179,Zend Server,1,,1,,
17180,Zend Studio,1,,1,,
17181,Zenoss,1,,1,,
17182,Zenworks,1,,1,,
17183,Zen Shiatsu,1,,1,,
17184,Zeolites,1,,1,,
17185,Zephyr,1,,1,,
17186,Zephyr Style Advisor,1,,1,,
17187,Zero-based Budgeting,1,,1,,
17188,ZeroMQ,1,,1,,
17189,Zero Balancing,1,,1,,
17190,Zero Defects,1,,1,,
17191,Zero Waste,1,,1,,
17192,Zeta Potential,1,,1,,
17193,Zeus,1,,1,,
17194,ZFS,1,,1,,
17195,ZigBee,1,,1,,
17196,Zillow,1,,1,,
17197,Zimbra,1,,1,,
17198,Zinc,1,,1,,
17199,Zines,1,,1,,
17200,zLinux,1,,1,,
17201,Zmap,1,,1,,
17202,Zoho,1,,1,,
17203,Zombies,1,,1,,
17204,Zone Alarm,1,,1,,
17205,Zoning,1,,1,,
17206,Zoo,1,,1,,
17207,Zooarchaeology,1,,1,,
17208,Zoology,1,,1,,
17209,Zoom,1,,1,,
17210,Zoomerang,1,,1,,
17211,ZoomInfo,1,,1,,
17212,ZoomText,1,,1,,
17213,Zope,1,,1,,
17214,Zotero,1,,1,,
17215,ZPL,1,,1,,
17216,zSeries,1,,1,,
17217,Zsh,1,,1,,
17218,Zuken,1,,1,,
17219,Zultys,1,,1,,
17220,Zumba,1,,1,,
17221,Zumba Instruction,1,,1,,
17222,Zuora,1,,1,,
17223,Z-Wave,1,,1,,
17224,Zymography,1,,1,,
17225,Zynx,1,,1,,
17226,Zyxel,1,,1,,
17227,B2B Sales,1,,1,,
17228,Project Sales,1,,1,,
17229,Product Sales,1,,1,,
17230,Quality Assurance & Compliance,1,,1,,
17231,Internal & External Audits,1,,1,,
17232,Project Managment,1,,1,,
17233,Project Handling,1,,1,,
17234,Client Coordination,1,,1,,
17235,Ms Projects,1,,1,,
17236,Cdsco Licenses,1,,1,,
17237,"Pma, Ce Marking",0,,1,,
17238,Authorities In Different Countries.,0,,1,,
17239,Ensure That Our Products Meet All Regulatory Requirements For Domestic And International Markets.,0,,1,,
17240,Hospital Projects,1,,1,,
17241,"Strong Grammar, Spelling, And Punctuation",0,,1,,
17242,Clear And Concise Writing Style,0,,1,,
17243,Designing,1,,1,,
17244,Microsoft Office,1,,1,,
17245,Gem Portal,1,,1,,
17246,Global Procurement,1,,1,,
17247,Ms Office,1,,1,,
17248,Testing Methods,1,,1,,
17249,Product Quality,1,,1,,
17250,Manufacturing Quality,1,,1,,
17251,Adobe Photoshop,1,,1,,
17252,Global Tendering,1,,1,,
17253,Cppp,0,,1,,
17254,Un Portals,0,,1,,
17255,Tender Documentation,1,,1,,
17256,Tendering  & Procurement,1,,1,,
17257,Preparing & Submitting Techno Commercial Quotation,0,,1,,
17258,SCM Expert,1,,1,,
17259,RA Office,1,,1,,
17260,Drug Regulatory Affairs,1,,1,,
17261,Coreldraw,1,,1,,
17262,Adobe Arobat Professional,1,,1,,
17263,Customer Handling,1,,1,,
17264,Sales & Marketing,1,,1,,
17265,Business Promotion,1,,1,,
17266,Pre-Press Knowledge,1,,1,,
17267,Regulatory Compliance,1,,1,,
17268,Dossier Prepration,1,,1,,
17269,Pharmaceutical Department,1,,1,,
17270,Medical Devise Department,1,,1,,
17271,Regultory Compliance,1,,1,,
17272,Photoshop,1,,1,,
17273,Filmora,1,,1,,
17274,Ms Word,1,,1,,
17275,Technical Executive Cgwa,1,,1,,
17276,Domestic Market Regulatory Experience,0,,1,,
17277,Customer Management,1,,1,,
17278,Payment Follow-Up,1,,1,,
17279,Internal Communication Department Wise,0,,1,,
17280,Maintenance Of Documents & Bills,0,,1,,
17281,After Sale Services,1,,1,,
17282,Good Communication Skill,1,,1,,
17283,Organized And Well-Structured At Work,0,,1,,
17284,Committed To Deadlines And Schedules.,0,,1,,
17285,Busy,1,,1,,
17286,Figma,1,,1,,
17287,Reactjs,1,,1,,
17288,Nextjs,1,,1,,
17289,Tailwind,1,,1,,
17290,Java Script,1,,1,,
17291,Wordpress Development,1,,1,,
17292,Bid Documents,1,,1,,
17293,Technical Seo,1,,1,,
17294,"Administration,  Liaising , , Credit Control & Recovery, Talent Acquisition & Hr Management, Union Management & Secretarial Service",0,,1,,
17295,Seo Writting,1,,1,,
17296,Blog Writting,1,,1,,
17297,Graphic Designing And Video Editing,1,,1,,
17298,Premier Pro,1,,1,,
17299,Client Relationship,1,,1,,
17300,Content Execution,1,,1,,
17301,Content Acquisition,1,,1,,
17302,Vendor Management,1,,1,,
17303,Negotiation Skills,1,,1,,
17304,Cooking Knowledge,1,,1,,
17305,Day To Day Management,1,,1,,
17306,Ui/Ux,1,,1,,
17307,Linkedin Ads,1,,1,,
17308,Shopify,1,,1,,
17309,Excel,1,,1,,
17310,Good Comunication Skills,1,,1,,
17311,Document Control & Process Optimization,1,,1,,
17312,Proofreading,1,,1,,
17313,"Communication, Problem-Solving, Time Management, Adaptability, Teamwork, And Leadership",1,,1,,
17314,Recruitment,1,,1,,
17315,Communication Problem-Solving Time Management Adaptability Teamwork Leadership,1,,1,,
17316,Graphic Designing,1,,1,,
17317,Redux,1,,1,,
17318,Data Operator(Tender),1,,1,,
17319,Submission Of International Bids,1,,1,,
17320,Jquery,1,,1,,
17321,Google Scripting,1,,1,,
17322,Vba Macro - Excel,1,,1,,
17323,Excel Formula,1,,1,,
17324,Google Forms,1,,1,,
17325,CSS3,1,,1,,
17326,Bootstrap,1,,1,,
17327,React.Js,1,,1,,
17328,Google Search Console,1,,1,,
17329,Google Tag Manager,1,,1,,
17330,Performance Marketing,1,,1,,
17331,Payload,1,,1,,
17332,Meta Business Suits,1,,1,,
17333,On Page Seo,1,,1,,
17334,Off Page Seo,1,,1,,
17335,You Tube Seo,1,,1,,
17336,Gmb Seo,1,,1,,
17337,International Seo,1,,1,,
17338,Ecommerce Seo,1,,1,,
17339,Shopify Seo,1,,1,,
17340,Social Media Optimization,1,,1,,
17341,Nextauth,1,,1,,
17342,Influencer Marketing,1,,1,,
17343,Accountancy,1,,1,,
17344,Ms Excel,1,,1,,
17345,Sound Editing Video Editing,1,,1,,
17346,"Niche Talent Acquisition, Recruitment, Compliance,Payroll",1,,1,,
17347,Fabric Design,1,,1,,
17348,Design,1,,1,,
17349,Window Server Administrator,1,,1,,
17350,Server Monitoring,1,,1,,
17351,Framer Motion,1,,1,,
17352,Gsap,1,,1,,
17353,Restapi,1,,1,,
17354,Tailwindcss,1,,1,,
17355,Client Management,1,,1,,
17356,Content Creation,1,,1,,
17357,Compliance,1,,1,,
17358,Training And Development,1,,1,,
17359,Prepare Food,1,,1,,
17360,Maintain Stock,1,,1,,
17361,Maintaining Employee Record,1,,1,,
17362,Payroll Management,1,,1,,
17363,Compliances,1,,1,,
17364,Personal Assistant,1,,1,,
17365,Payment Recovery,1,,1,,
17366,Credit Collection,1,,1,,
17367,Payment Collection,1,,1,,
17368,Next Js,1,,1,,
17369,Typescript,1,,1,,
17370,It Sales,1,,1,,
17371,Google Ads,1,,1,,
17372,Meta Ads,1,,1,,
17373,A/B Testing,1,,1,,
17374,Youtube Ads,1,,1,,
17375,Taboola,1,,1,,
17376,Smm,0,,1,,
17377,Power Bi,1,,1,,
17378,Attention To Detail,0,,1,,
17379,Service Website Seo,1,,1,,
17380,Off-Page,1,,1,,
17381,Google Trends,1,,1,,
17382,Google Console,1,,1,,
17383,Ahrefs,1,,1,,
17384,Semrush,1,,1,,
17385,Perplexity,1,,1,,
17386,Google Gemini,1,,1,,
17387,Chatgpt,1,,1,,
17388,Google Workspace,1,,1,,
17389,Testng,1,,1,,
17390,Bulk Hiring,1,,1,,
17391,Lateral Hiring,1,,1,,
17392,Research Analyst,1,,1,,
17393,Business Analyst,1,,1,,
17394,Offer Roll-Out,1,,1,,
17395,Plant Handling,1,,1,,
17396,Social Media Managing,1,,1,,
17397,Client Servicing,1,,1,,
17398,Facebook Ads,1,,1,,
17399,Shopify Website Design,1,,1,,
17400,Adobe Xd,1,2,1,,
17401,Wireframing,1,2,1,,
17402,The All Rounder,1,,1,,
17403,Hr,1,,1,,
17404,Canva,1,763,1,,
17405,Social Media Manager,1,772,1,,
17406,Basic Coding,1,794,1,,
17407,Mechanical Aptitude,1,213,1,,
17408,Work On Your Feet For Long Periods,0,213,1,,
17409,Leadership And Communication,1,213,1,,
17410,Problem-Solving Abilities,1,213,1,,
17411,Knowledge Of Textile Manufacturing Processes,0,213,1,,
17412,High Attention To Detail,0,213,1,,
17413,Understanding Of Textile Standards,1,213,1,,
17414,Good Recordkeeping,1,213,1,,
17415,Next.Js,1,313,1,,
17416,Spoken English,1,843,1,,
17417,Graphic Designs,1,856,1,,
17418,Invitation,1,856,1,,
17419,Frontend Developer,1,366,1,,
17420,4 Year,0,868,1,,
17421,Hard Working,1,900,1,,
17422,Helper,1,900,1,,
17423,Loader,1,900,1,,
17424,Packer,1,900,1,,
17425,Delivery,1,900,1,,
17426,Large Parcel Delivery,1,900,1,,
17427,Windows Administration,1,901,1,,
17428,Wintel,1,901,1,,
17429,Social Media Management,1,912,1,,
17430,Scheduling Meeting,1,724,1,,
17431,Calendar Management,1,724,1,,
17432,Communication And Coordination,1,724,1,,
17433,Google My Business,1,39,1,,
17434,Construction Equipment,1,955,1,,
17435,Crm Systems,1,955,1,,
17436,Sales Records,1,955,1,,
17437,Negotiating,1,955,1,,
17438,User Persona,1,984,1,,
17439,Design Flow,1,984,1,,
17440,Qualatative Analysis,1,984,1,,
17441,Problem Sloving,1,984,1,,
17442,Induction,1,1038,1,,
17443,Opencart,1,19,1,,
17444,Front Desk Management,1,1193,1,,
17445,7 Years,0,1220,1,,
17446,Adobe Illustrator,1,1309,1,,
17447,Adobe Premiere Pro,1,1309,1,,
17448,Coreldraw,1,1309,1,,
17449,Iti,1,1365,1,,
17451,Linux Admin,1,1427,1,,
17452,Ad Server,1,1427,1,,
17453,E-Commerce Support,1,1437,1,,
17454,International Customer Support,1,1437,1,,
17455,Chat Support,1,1437,1,,
17456,Email Support,1,1437,1,,
17457,Us Customer Service,1,1437,1,,
17458,Basis Computer Knowledge,1,1449,1,,
17459,Computer Knowledge Must,1,1449,1,,
17460,Driving License Must,1,1449,1,,
17462,Html5,1,1377,1,,
17463,Client Handling,1,1503,1,,
17464,IT Knowledege,1,1503,1,,
17465,Build Relationship,1,1503,1,,
17466,Pitching,1,1503,1,,
17467,Product Demo,1,1503,1,,
17468,Solutiondocuments,1,1503,1,,
17469,Revenue Generation,1,90,1,,
17470,Miro,1,1482,1,,
17471,Proto Pie,1,1482,1,,
17472,Adobe Animate,1,1502,1,,
17473,Microsoft,1,1502,1,,
17474,Ui Ux,1,854,1,,
17475,Prototype,1,854,1,,
17476,High Fedility,1,854,1,,
17477,Ui Ux Design,1,854,1,,
17478,Interperson,1,1193,1,,
17479,Sales,1,1559,1,,
17480,Bdm,1,1559,1,,
17481,Facility Management,1,1559,1,,
17482,Corporate Sales Management,1,1559,1,,
17483,B2B,1,1559,1,,
17484,Flutter,1,2,1,,
17485,Api Integration,1,2,1,,
17486,Amplitude,1,2,1,,
17487,Mern Stack,1,1633,1,,
17488,Full Stack,1,1633,1,,
17489,CI/CD,1,1633,1,,
17490,Convincing,0,1714,1,,
17491,Target Oriented,1,1714,1,,
17492,Telesales,1,1714,1,,
17493,Uk Sales,1,1714,1,,
17494,Print Design,1,1727,1,,
17495,Adobe Premiere Pro Basic,1,1765,1,,
17496,Modulars Knowledge,1,1776,1,,
17497,Client Handling,1,1835,1,,
17498,Getx,1,1839,1,,
17499,Firbase,1,1839,1,,
17500,Push Notification,1,1839,1,,
17501,Restful Api,1,1839,1,,
17502,3'rd Party Library,1,1839,1,,
17503,Provider,1,1839,1,,
17504,Supervisor,1,1856,1,,
17505,Human Resource Management,1,950,1,,
17506,Two Wheeler,0,1865,1,,
17507,R&D,1,1982,1,,
17508,Tele Sales,1,1996,1,,
17509,Telecalling,1,1996,1,,
17510,Client Serving,1,1996,1,,
17511,Welder,1,1972,1,,
17512,Shipyard,1,1972,1,,
17513,Firebase,1,2000,1,,
17514,React Js,1,1130,1,,
17515,Spring Boot,1,1130,1,,
17516,Brand Building Strategies,1,121,1,,
17517,Elementor,1,2159,1,,
17518,Orange,1,2147,1,,
17519,R Studio,1,2147,1,,
17520,Psd To Html,0,2229,1,,
17521,Web Optimization,1,2229,1,,
17522,Cross Browser Compatibility,1,2229,1,,
17523,Emailer,0,2229,1,,
17524,Zurb Foundation,0,2229,1,,
17525,Wordpress Theming,1,2229,1,,
17526,Coustomer Handling,1,2232,1,,
17527,Quick Learner,1,2232,1,,
17528,W3C Standards,1,2229,1,,
17529,Logo Desiging,1,2229,1,,
17530,Biopolymers,1,2241,1,,
17531,Sdwan,0,2252,1,,
17532,Gst Filling,1,2254,1,,
17533,Itr Filling,1,2254,1,,
17534,Balance Sheet Finalize,1,2254,1,,
17535,Time Office Managmenet,1,683,1,,
17536,Trainings,1,683,1,,
17537,Complaince,1,683,1,,
17538,Leave Managment,1,2306,1,,
17539,"Balance Sheet Finalization, Gst, Cash Flow  Payable Receivable",0,2326,1,,
17540,Mapbox,1,2213,1,,
17541,Qgis,1,2213,1,,
17542,Mapping,1,2213,1,,
17543,Google Sheets,1,2213,1,,
17544,Ms Powerpoint,1,2337,1,,
17545,15 Years,0,2350,1,,
17546,B2C,1,2369,1,,
17547,Kyc Analyst,1,2369,1,,
17548,Package Design,1,2409,1,,
17549,Fitness Trainer,1,2466,1,,
17550,Accounting Software,1,2478,1,,
17551,Training & Placement,1,2496,1,,
17552,"Hr Operations, Data Analyst, Create Dashboard, Presentation, Insights, Multiple Variables Reports",0,2501,1,,
17553,CRM Software,1,2241,1,,
17554,Client Engagement,1,2241,1,,
17555,B2B/Enterprise Sales Experience In Packaging Industry,1,2241,1,,
17556,Ability To Close Sales Targets,1,2241,1,,
17557,Deep Understanding Of Packaging Solutions,1,2241,1,,
17558,RERA Compliance,1,2596,1,,
17559,LTR,1,2596,1,,
17560,Account Payable,0,2596,1,,
17561,Account Receivable,0,2596,1,,
17562,Inshot,1,90,1,,
17563,"Workday Reporting, Power Bi Dashboards, Sla Governance, Hr Analytics, Global Stakeholder Collaboration, Audit & Compliance, Kpi Tracking, Client Onboarding",0,2647,1,,
17564,Qliksense,1,2682,1,,
17565,Sql,1,2682,1,,
17566,Data Cleansing,1,2682,1,,
17567,Set Analysis,1,2682,1,,
17568,Manufacturer,1,2703,1,,
17569,Letter Of Credit,1,2703,1,,
17570,Liquid,1,14,1,,
17571,User Experience (Ux),1,18,1,,
17572,Uiux,1,2719,1,,
17573,Business Continuity Management,1,2721,1,,
17574,Emergency Response,1,2721,1,,
17575,Customer Representatives,1,2745,1,,
17576,Agent Recruitment,1,2758,1,,
17577,Online Sales,1,2758,1,,
17578,Servicenow,1,2788,1,,
17579,Hpe Oneview,1,2788,1,,
17580,Failover Cluster,1,2788,1,,
17581,Azure Arc,1,2788,1,,
17582,Windows 2012,1,2788,1,,
17583,Ilo 4,0,2788,1,,
17584,Ilo 5,0,2788,1,,
17585,Ilo 6,0,2788,1,,
17586,Esxi Host,1,2788,1,,
17587,Software Test Engineer,1,2795,1,,
17588,Mobile Application Testing,1,2795,1,,
17589,Postman,1,2795,1,,
17590,Charles Web Proxy,1,2795,1,,
17591,Test Case Design,1,2795,1,,
17592,Test Case Execution,1,2795,1,,
17593,Security Testing,1,2795,1,,
17594,Soft Skill And Personality Development Certificate,1,2810,1,,
17595,React Native,1,2826,1,,
17596,Inside Sales,1,2834,1,,
17597,Inbound,1,2834,1,,
17598,Outbound,1,2834,1,,
17599,Django Rest Framework,1,2859,1,,
17600,"Html Css Js Tailwindcss Basic React,",0,2859,1,,
17601,Sql Mysql Postgresql,0,2859,1,,
17602,"Python, Django, Drf,  Html,  Css,  Tailwind Css, Javascript, Bootstrap, Basic React,Sql, Mysql, Postgresql",0,2859,1,,
17603,Positive Mindset,0,2865,1,,
17604,?	Team Supervision,0,2856,1,,
17605,?	Account Payable,0,2856,1,,
17606,Reconciliation,1,2856,1,,
17607,?	Master Data Management,0,2856,1,,
17608,Reporting Efficiency And Accuracy,1,2856,1,,
17609,?	Procure To Pay Subject Matter Expert,0,2856,1,,
17610,?	Account Reconciliation,0,2856,1,,
17611,?	Operations Analysis,0,2856,1,,
17612,?	Invoice Verification,0,2856,1,,
17613,Invoice Processing,1,2856,1,,
17614,?Account Payable,0,2856,1,,
17615,Operations Analysis,1,2856,1,,
17616,Plc Programer,1,2889,1,,
17617,Adobe Indesign,1,2896,1,,
17618,Adobe After Effects,1,2896,1,,
17619,Corporate Partnerships,1,2904,1,,
17620,Fund Raising,1,2904,1,,
17621,Strategic Consultant,1,2904,1,,
17622,First Class Licence,1,2928,1,,
17623,Nodejs,1,2670,1,,
17624,Angular,1,2670,1,,
17625,Mongo Db,1,2670,1,,
17626,Mui,1,2670,1,,
17627,Express Js,1,2670,1,,
17628,Ionic,1,2670,1,,
17629,Socket.Io,1,2670,1,,
17630,Websocket,1,2670,1,,
17631,Gcloud,1,2670,1,,
17632,Digital Ocean,1,2670,1,,
17633,Scss,1,2670,1,,
17634,Node Js,1,2670,1,,
17635,Prisma,1,2670,1,,
17636,Social Auth,1,2670,1,,
17637,Socket .Io,1,2670,1,,
17638,Jest,1,2670,1,,
17639,Material,0,2670,1,,
17640,Echart Js,1,2670,1,,
17641,Jwt,1,2670,1,,
17642,Nest Js,1,2670,1,,
17643,Aml,1,2891,1,,
17644,Sanction Screening,1,2891,1,,
17645,Transaction Monitoring,1,2891,1,,
17646,Codelgniter,1,2,1,,
17647,Los,1,2891,1,,
17648,Apms,1,2891,1,,
17649,Accounts,1,3026,1,,
17650,Client Acquisition & Retention,1,2241,1,,
17651,Understanding Of Complete Logistics Solution,0,2241,1,,
17652,Achieve Monthly / Annual Revenue Budget,1,2241,1,,
17653,Security Guard,1,3085,1,,
17654,Employees Engagement Activity,1,3146,1,,
17655,Ats And Hrms,1,3146,1,,
17656,Codeignitor,1,3170,1,,
17657,Doctor,1,3172,1,,
17658,Mbbs,1,3172,1,,
17659,Md,1,3172,1,,
17660,General Physician,1,3172,1,,
17661,Kotlin,1,3135,1,,
17662,"Mastery Of Windows Server Technologies, Networking, Scripting, And Cloud Computing",0,2921,1,,
17663,"?	Beincs/It,Msccs,Mcs,Mcascience.",0,2921,1,,
17664,?	4-6 Years Of Experience In .Net Development.,0,2921,1,,
17665,"?	Expertise In .Net 8, Asp.Net Core Web Api Development.",0,2921,1,,
17666,?	Strong Experience With Sql Server Database And Entity Framework.,0,2921,1,,
17667,"?	Proficiency In Unit Testing Frameworks Like Xunit, Coverlet.",0,2921,1,,
17668,?	Knowledge Of Sso (Single Sign-On) Implementation.,0,2921,1,,
17669,?	Hands-On Experience With Azure Services,0,2921,1,,
17670,"?	Experience With Ci/Cd Pipelines, Devops, And Cloud Deployments.",0,2921,1,,
17671,"?	Strong Understanding Of Restful Apis, Microservices Architecture, And Best Security Practices.",0,2921,1,,
17672,"?	Excellent Problem-Solving, Debugging, And Analytical Skills.",0,2921,1,,
17673,?	Strong Understanding Of Object-Oriented Programming (Oop) Concepts And Design Patterns.,0,2921,1,,
17674,"?	Experience With Html, Css, Javascript, And Front-End Technologies.",0,2921,1,,
17675,"?	Proficiency In Mysql, With Expertise In Database Schema Design And Query Optimization.",0,2921,1,,
17676,?	Experience In Building And Integrating Rest Apis.,0,2921,1,,
17677,"?	Knowledge Of Chart.Js, D3.Js, Highcharts, Or Apache Echarts.",0,2921,1,,
17678,?	Experience With Payment Gateway Integration.,0,2921,1,,
17679,"?	Development Experience On Linux Machine (Lamp), Devops Knowledge Is Desirable",0,2921,1,,
17680,"?	Experience With Redis, Cache Management",0,2921,1,,
17681,"?	Proven Ability To Write Clean, Maintainable, And High-Quality Code.",0,2921,1,,
17682,?	Familiarity With Git And Version Control Workflows.,0,2921,1,,
17683,?	Strong Problem-Solving Skills And Ability To Troubleshoot Application Issues Efficiently.,0,2921,1,,
17684,"?	Ability To Work Independently And As Part Of A Team, Delivering Projects On Time With A Focus On Performance And Scalability.",0,2921,1,,
17685,"Key Responsibilities ? Work Effectively In A Team Environment With A Pleasant, Professional, And Courteous Demeanor. ? Manage And Process Medical Prescriptions Accurately, Ensuring Compliance With Us Healthcare Regulations (E.G., Hipaa). ? Provide Supp",0,2921,1,,
17686,#NAME?,0,2921,1,,
17687,Excellent Communication Skills And Client Handling Experience,0,2921,1,,
17688,"Lead And Mentor A Team Of React Native Developers, Setting Clear Goals, Reviewing Code, And Guiding Them Technically. ? Drive Sprint Planning, Task Allocation, And Delivery Of Mobile Features Within Timelines. ? Foster A Strong Engineering Culture Focus",0,2921,1,,
17689,"Architect, Develop, And Maintain Robust Mobile Applications Using React Native. ? Collaborate With Ui/Ux Designers For Pixel-Perfect Implementation. ? Integrate With Restful And Graphql Apis From Backend Services. ? Conduct Performance Tuning, Memory O",0,2921,1,,
17690,Proven End-To-End Development Of Apps—Ideally Having Led Such Initiatives. ? A Long-Term Vision Of Continuing In A Hands-On Mobile Development Role. ? Deep Knowledge Of Mobile Platform Limitations And Capabilities. ? Strong Background In State Manageme,0,2921,1,,
17691,"Experience With Ci/Cd, Version Control (Git), Code Reviews, And Automated Testing In Mobile Workflows. ? Familiarity With Offline Capabilities, Background Sync, And Mobile Performance Tools",0,2921,1,,
17692,English Hindi,1,3205,1,,
17693,Customer Representatives Account,1,3205,1,,
17694,"Php,Mysql,Html ,Css,Javascript,Juery",0,3210,1,,
17695,English Communication,1,3219,1,,
17696,Crm  & Planner And Admin,0,3225,1,,
17697,Crm & Planner And Admin,0,3225,1,,
17698,RERA Compliance,1,3261,1,,
17699,Iti/Diploma,0,3302,1,,
17700,Strong Negotiation Skills,1,2241,1,,
17701,Handling Procurement,1,2241,1,,
17702,"End To End Recruitment, Client Management",0,3466,1,,
17703,"Sourcing, Screening, Interview, Onboarding",0,3466,1,,
17704,End To End Recruitment,1,3466,1,,
17705,Ats,1,3466,1,,
17706,Operations,1,3466,1,,
17707,Orders Picking,1,2921,1,,
17708,Parcel Scening,1,2921,1,,
17709,Woo Commerce,1,3508,1,,
17710,Web Developer Intern,1,3568,1,,
17711,Advance Excel,1,3584,1,,
17712,Tally Prime,1,3584,1,,
17713,Microservices,1,3599,1,,
17714,Web Api,1,3599,1,,
17715,Java 8,1,3599,1,,
17716,Material Quality Management,1,3625,1,,
17717,Site Explore,1,3625,1,,
17718,"Machine Learning,Python,Sql,Etl Powerbi,Excel",0,3629,1,,
17719,"Data Science, Data Engineer, Data Analyst",0,3629,1,,
17720,Life Insurance Sales & Target Achievement,0,3636,1,,
17721,"Business Development & Lead Generation (Walk-Ins, Referrals, Data Mining)",0,3636,1,,
17722,Sales Conversion & Branch-Level Productivity Enhancement,0,3636,1,,
17723,Training & Activation Of Bank Employees,1,3636,1,,
17724,Customer Servicing & Onboarding,1,3636,1,,
17725,Relationship Management With Bank Branch Staff & Managers,1,3636,1,,
17726,Deduction,1,3670,1,,
17727,"Profile Screening , Interviewing",0,3675,1,,
17728,Inventory Skills,1,2921,1,,
17729,Coordinate With Operations,1,3684,1,,
17730,SRS,1,3694,1,,
17731,BRD,1,3694,1,,
17732,Blockchain,1,3694,1,,
17733,NFT,1,3694,1,,
17734,Ethereum,1,3694,1,,
17735,Smart Contract,1,3694,1,,
17736,Altryx,1,3694,1,,
17737,Teaching And Administration,1,3770,1,,
17738,Teacher,1,3793,1,,
17739,Pre Primary Teacher,1,3793,1,,
17740,Teaching And Management,1,3790,1,,
17741,Configuration,1,3806,1,,
17742,Industrial Psychology,1,3947,1,,
17743,Performance Evaluation,1,3947,1,,
17744,Market Research & Recruitment Trends,1,3947,1,,
17745,Employee Satisfaction Analysis,1,3947,1,,
17746,Corporate Training,1,3947,1,,
17747,Strategic Od Planning,1,3947,1,,
17748,Change Management Interest,1,3947,1,,
17749,Understanding Of Hr Systems And Strategic Hr,1,3947,1,,
17750,Burger Singh,1,3990,1,,
17751,Flask,1,4005,1,,
17752,Data Processing,1,4062,1,,
17753,Ppt,1,4062,1,,
17754,Word Document,1,4062,1,,
17755,Solution Consultant,1,4057,1,,
17756,C++  Programming,1,4108,1,,
17757,C Programming,1,4108,1,,
17758,Interview Scheduling,1,4331,1,,
17759,Offer Letter,1,4331,1,,
17760,Technical And Customer Support,1,3890,1,,
17761,"Operation Monitoring, Complaint Resolution",0,3890,1,,
17762,Providing Quality Feedback,1,3890,1,,
17763,Handling Team,1,3890,1,,
17764,Maintaining Team Productivity Daily Targets,1,3890,1,,
17765,Docker,1,4435,1,,
17766,C#,1,4435,1,,
17767,Personal Hygine,1,2241,1,,
17768,Feeding & Nutrition Assistance,1,2241,1,,
17769,Medication Reminders,1,2241,1,,
17770,"Mobility Assistance (Wheelchair, Walking Support)",1,2241,1,,
17771,Toileting & Diaper Changing,1,2241,1,,
17772,First Aid Awareness,1,2241,1,,
17773,Power Query,1,4474,1,,
17774,"Eperience With Node.Js , Next.Js, Express.Js, Mongodb",0,4486,1,,
17775,"Html,  Css,  Tailwind Css, Javascript, Bootstrap, Basic React,Sql, Mysql, Postgresql",0,4486,1,,
17776,"Html,Css",0,4486,1,,
17777,Communication Skills,1,4516,1,,
17778,Springboot,1,4475,1,,
17779,Nats Messaging,1,4475,1,,
17780,Kubernetes,1,4475,1,,
17781,Selenium Webdriver,1,4577,1,,
17782,Quality Inspection,1,4598,1,,
17783,Product Design And Development,1,4598,1,,
17784,Fabrication,1,4598,1,,
17785,Measurements And Metrology,1,4598,1,,
17786,Product Listing,1,4632,1,,
17787,"Html,Css,Javascript",0,4652,1,,
17788,Ms Ecxel,1,4652,1,,
17789,Pndt,1,4737,1,,
17790,Brand Identity,1,4743,1,,
17791,Packaging Design,1,4743,1,,
17792,Infographic Design,1,4743,1,,
17793,Social Media Post,1,4743,1,,
17794,Ad Creatives,1,4743,1,,
17795,Brand Strategy,1,4743,1,,
17796,Design System,1,4757,1,,
17797,Sitemap,1,4757,1,,
17798,Counselling,1,4729,1,,
17799,"Manual Testing, Database Testing",0,4385,1,,
17800,"Performance Testing,Api Testing, Regression Testing,Etl Testing",0,4385,1,,
17801,Recovery Database Network,1,4866,1,,
17802,"Html, Java Script, Node Js, Css, Web Development",0,4875,1,,
17803,Frontend Development  Reactjs  React Native  Typescript  Ui Implementation  Design Integration  Responsive Web  Mobile Interfaces,0,4984,1,,
17804,Reactjs  Responsive Ui Development  Master Form  Landing Page Design  Frontend Structure  Alignment,0,4984,1,,
17805,Reactjs  Dashboard Development  Uiux Optimization  Crossfunctional Collaboration  Streamlining User Flows,0,4984,1,,
17806,Stemcell,1,4996,1,,
17807,Website Designing,1,5030,1,,
17808,Rmg Business Partner,1,5042,1,,
17809,Hr Operations,1,4930,1,,
17810,Full Stack Development,1,5041,1,,
17811,Garments Design,1,5096,1,,
17812,Garments Develpoment,1,5096,1,,
17813,Database Testing,1,5173,1,,
17814,Telecaller,1,3219,1,,
17815,"Sales Experience In Home D?Cor, Furniture, Lifestyle, Or Hard Goods",0,683,1,,
17816,"Proven Ability To Pitch, Negotiate, And Close Deals",0,683,1,,
17817,"Working Knowledge Of Crm Tools, Excel/Sheets",0,683,1,,
17818,"Network With Buying Agents/Export Houses Is A Strong Advantage Fluent In Crafting Emails, Pitch Decks, And Product Descriptions Must Be Mobile And Willing To Travel For Client Meetings, Tradefair And Exhibitions",0,683,1,,
17819,Export & B2B Sales,1,683,1,,
17820,Client Engagement & Mobility,1,683,1,,
17821,"σ?	3?6 Years Of Sales Experience In Home D?Cor, Furniture, Lifestyle, Or Hard Goods",0,683,1,,
17822,"σ?	Working Knowledge Of Crm Tools, Excel Sheets",0,683,1,,
17823,σ?	Network With Buying Agents Export Houses Is A Strong Advantage,0,683,1,,
17824,"σ?	Fluent In Crafting Emails, Pitch Decks, And Product Descriptions",0,683,1,,
17825,"σ?	Must Be Mobile And Willing To Travel For Client Meetings, Trade Fair And Exhibitions",0,683,1,,
17826,"σ?	Positive, Proactive, And Performance-Focused",0,683,1,,
17827,Sqlite,1,5294,1,,
17828,Documents Verfication,1,5311,1,,
17829,Travel & Destination Knowledge,1,3684,1,,
17830,Event Planning & Coordination,1,3684,1,,
17831,Customer Service & Guest Handling,1,3684,1,,
17832,Multitasking & Time Management,1,3684,1,,
17833,Budgeting & Cost Control,1,3684,1,,
17834,Communication & Interpersonal Skills,1,3684,1,,
17835,Problem Solving & Crisis Management,1,3684,1,,
17836,Leadership & Team Managemen,1,3684,1,,
17837,Sales & Negotiation Skills,1,3684,1,,
17838,Tech & Digital Skills,1,3684,1,,
17839,Problem Solving & Crisis Managemen,1,3684,1,,
17840,Leadership & Team Management,1,3684,1,,
17841,Sales And Marketing And Management. I Can Understand The Situation And Act Accordingly By Keeping All The Pros And Cons Of Work.,1,5397,1,,
17842,Loading,1,3792,1,,
17843,Pacaging,1,3792,1,,
17844,Homecare,1,5536,1,,
17845,Medical,1,5536,1,,
17846,Patient Care,1,5536,1,,
17847,"Html,Css,Javascript,Php,Sql",0,5558,1,,
17848,Mangment,1,5563,1,,
17849,Automation Testing,1,5557,1,,
17850,"Google Ads, Meta Business Suite, Seo, Sem, And Email Marketing, Photoshop, Editing, Adobe Illustrator, Add Campai",0,3684,1,,
17851,Fresher,1,5612,1,,
17852,Finance Manager,1,5654,1,,
17853,Mis Repor,1,5654,1,,
17854,Account Manager,1,5654,1,,
17855,Tally,1,5654,1,,
17856,Sales Officer,1,5654,1,,
17857,Online Bidding,1,5654,1,,
17858,Sales Manager,1,5654,1,,
17859,Field Sales,1,5654,1,,
17860,Deep Learning,1,5737,1,,
17861,Communication,1,5967,1,,
17862,Adobe Creative Suite Proficiency,1,3684,1,,
17863,Branding & Visual Storytelling,1,3684,1,,
17864,Typography & Layout Design,1,3684,1,,
17865,Creativity & Innovation,1,3684,1,,
17866,Color Theory & Image Composition,1,3684,1,,
17867,Destination-Focused Design,1,3684,1,,
17868,Social Media Graphics,1,3684,1,,
17869,Event & Promotional Material Design,1,3684,1,,
17870,"Adobe Photoshop , Illustrator , In Design , Premier Pro , After Effect",0,6074,1,,
17871,Show Operations,1,6168,1,,
17872,Ticket Checking  Entry Management,1,6168,1,,
17873,Food  Beverage Support,1,6168,1,,
17874,Cleaning  Auditorium Management,1,6168,1,,
17875,"I Have Strong Expertise In Cinema Operations, Customer Service, And Team Coordination. I Am Skilled In Managing Auditorium Flow, Ticket Validation, And Maintaining Hygiene And Safety Standards. With Hands-On Experience In Handling Food & Beverage Counters",0,6168,1,,
17876,Good Communication Skills,1,5034,1,,
17877,Tcs,1,2020,1,,
17878,Learning Management System,1,6330,1,,
17879,Hr Analytics,1,6330,1,,
17880,Interpersonal And Time Management,1,6330,1,,
17881,40 Wpm Typing Speed,1,6330,1,,
17882,Hr Notice Drafts,1,6330,1,,
17883,Operation Msnagement,1,4025,1,,
17884,Administrative & Reporting:,1,4025,1,,
17885,"Strong Understanding Of Digital Marketing Tools (Seo, Smm, Paid Ads, Email  Marketing) ? Proficiency In Canva And Working Knowledge Of Adobe Photoshop Or Similar Tools ? Experience In Basic Video Editing (For Social Media Content And Training Snippets) ",0,4025,1,,
17886,Lead Generation & Conversion,1,3684,1,,
17887,Client Relationship Management,1,3684,1,,
17888,Negotiation & Closing Deals,1,3684,1,,
17889,Target Achievement,1,3684,1,,
17890,Travel Products Understanding,1,3684,1,,
17891,Market Trends Awareness,1,3684,1,,
17892,Sales Planning,1,3684,1,,
17893,Reporting & Forecasting,1,3684,1,,
17894,Excellent Communication,1,3684,1,,
17895,Team Collaboration,1,3684,1,,
17896,Client Presentation Skills,1,3684,1,,
17897,Travel Willingness,1,3684,1,,
17898,Hardware Sales,1,4025,1,,
17899,Good Communication Skills,1,4025,1,,
17900,Fluency In English,1,4025,1,,
17901,Outbound Calls Handling,1,4025,1,,
17902,Promote Execube Coworking Services,1,4025,1,,
17903,Follow Up & Convert Leads,1,4025,1,,
17904,Inbounds Calls Handling,1,4025,1,,
17905,Convincing Skills,1,4025,1,,
17906,Basic Excel,1,4025,1,,
17907,Daily Record Maintain,1,4025,1,,
17908,Gold And Diamond Jewellery,1,6487,1,,
17909,"?	Talent Acquisition  ?	End-To-End Recruitment ?	Interviewing&Onboarding ?	Payroll Coordination ?	Performance Monitoring ?	Training&Development ?	Employee Engagement ?	Hr Data Management  (Basic Excel, Hr Dashboards) ?	Ms Office (Excel, Word, Pow",0,6032,1,,
17910,Record Keeping & Filing,1,3684,1,,
17911,Calendar & Meeting Management,1,3684,1,,
17912,Ms Office Proficiency,1,3684,1,,
17913,Email And Communication Tools,1,3684,1,,
17914,Basic Computer Knowledge,1,3684,1,,
17915,Verbal And Written Communication,1,3684,1,,
17916,Multitasking,1,3684,1,,
17917,Positive Attitude & Professionalism,1,3684,1,,
17918,Trustworthiness & Confidentiality,1,3684,1,,
17919,Proficient In Ms Office,1,6500,1,,
17920,"Proficient In Ms Word, Ms Excel & Outlook",0,6500,1,,
17921,Sales And Marketing,1,3684,1,,
17922,B2C Sales,1,3684,1,,
17923,"Travel Packages, Tour Itineraries,",0,3684,1,,
17924,"English, Hindi, And Telugu",0,3684,1,,
17925,"Graphic Designing And Video Editing, Social Media Manager",0,6587,1,,
17926,Member Of Student Relations In School,1,6664,1,,
17927,Member Of Corporate Relations And Finance In College,1,6664,1,,
17928,Microsoft Power Point,1,6711,1,,
17929,Whatsapp Marketing,1,2,1,,
17930,Whatsapp Campaigning,1,2,1,,
17931,Payroll Support,1,6330,1,,
17932,"System Design, Equipment Selection, Design, Estimation Costing, Installation And Commissioning Of Heating Ventilation And Air Conditioning System For Residential Commercial High Rise Building And Industries",0,6885,1,,
17933,"Ashrae Standards, Energy Efficiency,Indoor Air Quality, Refrigeration",0,6885,1,,
17934,"Basic Html, Css And Js",0,6942,1,,
17935,Account  Business To Class 11   12,0,6984,1,,
17936,Delivery Head,1,7040,1,,
17937,Basic Accounting Knowledge,1,3684,1,,
17938,Tally Or Accounting Software Proficiency,1,3684,1,,
17939,Gst And Tds Basics,1,3684,1,,
17940,Ms Excel Skills,1,3684,1,,
17941,Hr Functions And Operations,1,7171,1,,
17942,Tally Erp / Zoho Books / Ms Excel,0,7192,1,,
17943,Invoice Processing & Reconciliation,1,7192,1,,
17944,Entry Level,0,7001,1,,
17945,Discipline,0,3684,1,,
17946,Cleanliness And Hygiene Knowledge,1,3684,1,,
17947,Basic Teamwork And Cooperation,1,3684,1,,
17948,1 Year Experience,0,6443,1,,
17949,Indside Sales,1,7427,1,,
17950,Bengali Spoken,0,7434,1,,
17951,Client Interaction,1,7434,1,,
17952,Hindi Spoken,0,7434,1,,
17953,Ecommerce Executive  Store Manager  Divine Decor,0,7163,1,,
17954,Staff Nurse,1,3964,1,,
17955,Roas,1,7557,1,,
17956,Capcut,1,7557,1,,
17957,Snapchat Ads,1,7557,1,,
17958,Ui Xi Design,1,7557,1,,
17959,Ga4,1,7557,1,,
17960,Kitchen Supervisor,1,7584,1,,
17961,Sales Executive Head,1,4614,1,,
17962,Management Marketing,1,5688,1,,
17963,Sales Marketing,1,7598,1,,
17964,Metaads,1,4632,1,,
17965,"Manual Testing, Database Testing, Functional Testing, Regression Testing, Smoke Testing, Sanity Testing, Automation Testing, Api Testing",0,7631,1,,
17966,Primary Sales,1,7675,1,,
17967,Video Editing Skills,1,2241,1,,
17968,Reels,1,2241,1,,
17969,Personal Brand Presence.,1,2241,1,,
17970,I Am Hightly Organised And Detailed Oriented Individual With Strong Backgrond In Administrative Support And Proven Ability To Manage Strict Schedule And Projects,0,7718,1,,
17971,Executive Asistant Role,1,7718,1,,
17972,Cssd,1,3,1,,
17973,Mgps,1,3,1,,
17974,Quotation Management,1,4632,1,,
17975,Inbound Calling,1,4632,1,,
17976,Delivery On Time,1,7738,1,,
17977,Delivery Boy,1,7848,1,,
17978,Computer Opterator,1,7846,1,,
17979,Ms Power Point,1,7846,1,,
17980,Home Loan,1,7882,1,,
17981,Loan Against Property,1,7882,1,,
17982,Business Loan,1,7882,1,,
17983,Micro Business Loan,1,7882,1,,
17984,Used Car,1,7882,1,,
17985,Cam Report,1,7882,1,,
17986,Disbursement,1,7882,1,,
17987,Docket Disbursement,1,7882,1,,
17988,Perfoma Invoice,1,7882,1,,
17989,Trade Settlement,1,7916,1,,
17990,Business Communication,1,7921,1,,
17991,Integration Testing,1,7924,1,,
17992,Insurance Industry,1,7936,1,,
17993,Hardware And Networking,1,7955,1,,
17994,Ticketing Tools  Application Install And Troubleshoot  Windows Installation And Troubleshooting  Hardware Assemble And Dissemble  Network Topology  Server Installation  Ad Congratulations,0,7955,1,,
17995,Data Visualisation,1,7966,1,,
17996,Placement Pprovide Training,1,7996,1,,
17997,Employees Life Cycle Management,1,7996,1,,
17998,Sequrity Gaurd,1,8001,1,,
17999,Invoice Procssing & Reconcillation,1,3684,1,,
18000,Attendence Management,1,6422,1,,
18001,Ubi Attendence,1,6422,1,,
18002,Collection Framework,1,8120,1,,
18003,Store Delivery Head,1,8220,1,,
18004,Defect Management,1,8223,1,,
18005,Ai Testing,1,8223,1,,
18006,Web Developer,1,8251,1,,
18007,Prospect Profiling,1,8259,1,,
18008,Isuue Resolution,1,8259,1,,
18009,Query Handling,1,8259,1,,
18010,Referal Generation,1,8259,1,,
18011,Katalon,1,8354,1,,
18012,Playwright,1,8354,1,,
18013,Colocation,1,2483,1,,
18014,Algo Trading Platform,1,2483,1,,
18015,Broking Firm,1,2483,1,,
18016,Vpn Trading Setup,1,2483,1,,
18017,Ctcl Admin,1,2483,1,,
18018,Nse/Bse Compilance,1,2483,1,,
18019,Golang,1,8440,1,,
18020,Data Entry Operator,1,8449,1,,
18021,Core Java,1,8475,1,,
18022,Operations  Process Excellence,1,8504,1,,
18023,Tools  Tech Skills,1,8504,1,,
18024,Soft Skills  Client Handling,1,8504,1,,
18025,Waiter,1,2224,1,,
18026,Microsoft Visual Studio,1,8633,1,,
18027,"Digital Marketing Tools: Google Analytics, Google Keyword Planner, Shopify, Google Merchant Centre  Content & Design: Canva, Capcut, Premiere Pro, Ai Tools (Chatgpt, Jasper)  Seo: Keyword Research, On-Page Seo, Off-Page Seo, Backlinks, Meta Optimisation  ",0,8617,1,,
18028,Bank Entries,1,3172,1,,
18029,Making Of Voucher,1,3172,1,,
18030,Coordinate With Customers,1,3684,1,,
18031,Full Stack Java Development,1,8704,1,,
18032,Inbound Logistics,1,8766,1,,
18033,Outbound Logistics,1,8766,1,,
18034,"Manual Testing, Database Testing, Functional Testing, Regression Testing, Smoke Testing, Sanity Testing, Automation Testing, Api Testing , Java ,Html ,Css, Javascript ,Sql,Mysql ,",0,8845,1,,
18035,"Testng , Cucumber,Postman ,Maven , Selenium",0,8845,1,,
18036,Nutrition Education Health Fitness Wellness,1,8470,1,,
18037,3Ds Max,1,8896,1,,
18038,Pytest Framework,1,8937,1,,
18039,Sales Executive,1,8967,1,,
18040,"C++, Oops, Stl, Data Structure, Design Pattern, Debugging, Multi-Threading, Voip/Sip Rtp, Srtp And Developed On Windows/Linux/Mac Platform, Kernel Programming",0,9150,1,,
18041,C++,1,9150,1,,
18042,Oops,1,9150,1,,
18043,Design Pattern,1,9150,1,,
18044,Multi-Threading,1,9150,1,,
18045,Debugging,1,9150,1,,
18046,"Windows/Linux/Mac Platform, Kernel Programming",0,9150,1,,
18047,Devops,1,9150,1,,
18048,Voip/Sip Rtp,1,9150,1,,
18049,C Qt Mfc Vcnet Windows Debugging Multithreading,0,9150,1,,
18050,Cpp 11 Vlc Qt,1,9150,1,,
18051,Effective Communication,1,9225,1,,
18052,2D Cartoons,1,9225,1,,
18053,Counter Sales,1,1559,1,,
18054,Data Analytics Expert,1,9314,1,,
18055,Data Cleaning  Expert,1,9314,1,,
18056,Customer Relationship Management  Expert,1,9314,1,,
18057,Sales Strategy Development  Expert,1,9314,1,,
18058,Team Leadership Expert,1,9314,1,,
18059,Report Generation Expert,1,9314,1,,
18060,Caller Desk Portal Expert,1,9314,1,,
18061,Telecrm Portal  Expert,1,9314,1,,
18062,Data Integration Expert,1,9314,1,,
18063,Dashboard Creation Expert,1,9314,1,,
18064,Activity Management,1,9408,1,,
18065,Sponsirship Proposal,1,9442,1,,
18066,Tour Operations Management,1,3684,1,,
18067,Vendor Coordination,1,3684,1,,
18068,Booking & Reservation Systems,1,3684,1,,
18069,Mis Reporting,1,3684,1,,
18070,Basic Financial Handling,1,3684,1,,
18071,Problem-Solving,1,3684,1,,
18072,Domestic & International Travel Knowledge,1,3684,1,,
18073,Understanding Of Hospitality Standards,1,3684,1,,
18074,Loan Sales,1,9504,1,,
18075,Sales & Marketing,1,9572,1,,
18076,Reading,1,3227,1,,
18077,Driving,1,3227,1,,
18078,Chat Process,1,9579,1,,
18079,Customer Report,1,9579,1,,
18080,Social Media Post Design,1,9710,1,,
18081,Brochure Design,1,9710,1,,
18082,Product Analysis,1,3500,1,,
18083,Adverse Media Search,1,10076,1,,
18084,Adverse Media Screening,1,10076,1,,
18085,Graphql,1,5014,1,,
18086,After Sales Service,1,10203,1,,
18087,Service Spares Store Management,1,10203,1,,
18088,Innovative Creative,1,10225,1,,
18089,Priemere Pro,1,10236,1,,
18090,Graphic Design Illustration,1,10273,1,,
18091,Hub Operations,1,10306,1,,
18092,Creative Producer,1,7918,1,,
18093,Mangement,1,10412,1,,
18094,Cashier,1,10446,1,,
18095,Finished Goods Sourcing,1,10569,1,,
18096,Cost Negotiation,1,10569,1,,
18097,Vendor Onboarding,1,10569,1,,
18098,Labor,1,900,1,,
18099,Factory Helper,1,900,1,,
18100,Factory Worker,1,900,1,,
18101,Tack Welding,1,900,1,,
18102,"Advertising Sales, Marketing, Meta Ad Campaign,",0,10584,1,,
18103,V-Ray,1,8999,1,,
18104,Negotiatons,1,9001,1,,
18105,Maintain Fleet Operation With Vehices And Drivers And Working On All Ground Operation,1,10634,1,,
18106,Ai And Bi Consultation,1,10820,1,,
18107,Knoledge On Retail Management,1,10820,1,,
18108,Knoledge On Low Voltage System,1,10820,1,,
18109,Technical Skills,0,10779,1,,
18110,"Ms Excel , Tally Prime, Gst, Tds, Tcs, Accounts Payable, Accounts Receivable, Income Tax, Bank Reconciliation",0,10948,1,,
18111,Marketo,1,11011,1,,
18112,Digital Event Creation,1,11011,1,,
18113,Hr Admin,1,11043,1,,
18114,Lawyer,1,11048,1,,
18115,Uav Operator,1,11062,1,,
18116,Computer,0,4184,1,,
18117,Eway Bill,1,11177,1,,
18118,Cleaner,1,11200,1,,
18119,Lead Generation Skills,1,3946,1,,
18120,Client Acquisition,1,3946,1,,
18121,Negotiation & Closing Skills ?,1,3946,1,,
18122,Market Research & Analysis,1,3946,1,,
18123,Target-Oriented Mindset,1,3946,1,,
18124,Operation,1,11218,1,,
18125,Aerospace Operations Support Through Handson Departmental Project Involvement,1,11266,1,,
18126,Data Collection Analysis And Interpretation For Project Evaluation,1,11266,1,,
18127,Financial Reporting And Budgeting Support During Departmental Discussions,1,11266,1,,
18128,Documentation And Progress Reporting For Project Tracking And Decisionmaking,1,11266,1,,
18129,Collaboration With Crossfunctional Teams To Align Financial And Operational Goals,1,11266,1,,
18130,Proficiency In Microsoft Excel For Data Organization Reporting And Trend Analysis,1,11266,1,,
18131,Decision Support Through Preparation Of Insights And Analytical Reports,1,11266,1,,
18132,D5,1,11295,1,,
18133,Team Work,1,8470,1,,
18134,Defect Triage,1,8223,1,,
18135,Testrail,1,8223,1,,
18136,Confluence,1,8223,1,,
18137,Mix Panel,1,8223,1,,
18138,Test Documentatoin,1,8223,1,,
18139,Proficientinhrmanagementsoftwareandtools. Strong Understanding Of Labor Laws An,1,11384,1,,
18140,Core Php,1,11414,1,,
18141,Network Engineer Network Security Load Balancer,1,11477,1,,
18142,Foreman,1,3810,1,,
18143,Tally Software,1,11604,1,,
18144,Customer Care Support,1,11601,1,,
18145,Translate,1,11771,1,,
18146,Operations  Inventory Management,1,11747,1,,
18147,Office Administration  Vendor Management,1,11747,1,,
18148,Crossfunctional Coordination  Communication,1,11747,1,,
18149,Inventory Optimization  Stock Control,1,11747,1,,
18150,Sales Strategy  Growth,1,11747,1,,
18151,Customer Service Excellence,1,11747,1,,
18152,Inventory  Stock Management,1,11747,1,,
18153,Order Processing Accuracy,1,11747,1,,
18154,Branch Operations Coordination,1,11747,1,,
18155,Promotional Campaigns  Engagement,1,11747,1,,
18156,Process Optimization  Efficiency,1,11747,1,,
18157,Client Complaint Resolution,1,11747,1,,
18158,Parts Sales Distribution,1,11747,1,,
18159,Stock Control Availability,1,11747,1,,
18160,Logistics  Equipment Deployment,1,11747,1,,
18161,Customer Service  Client Relations,0,11747,1,,
18162,Accounts Receivable Collections,1,11747,1,,
18163,Amc Coordination Client Support,1,11747,1,,
18164,Spare Parts Dispatch Scheduling,1,11747,1,,
18165,Attendance,1,11747,1,,
18166,Tada Processing,1,11747,1,,
18167,Team Communication,1,11747,1,,
18168,Spare Parts Stock Control,1,11747,1,,
18169,Aftersales Support Warranty Handling,1,11747,1,,
18170,Customer Service Dealer Relations,1,11747,1,,
18171,Logistics Equipment Deployment,1,11747,1,,
18172,Mis Reporting Data Analysis,1,11747,1,,
18173,Service Reporting  Compliance,1,11747,1,,
18174,Product Feedback Improvement,1,11747,1,,
18175,Sales Strategy Revenue Growth,1,11747,1,,
18176,Aftersales Support,1,11747,1,,
18177,Logistics Dispatch Coordination,0,11747,1,,
18178,Vendor Supplier Purchase Orders,0,11747,1,,
18179,Stock Audits Verification,1,11747,1,,
18180,Fifo  Storage Best Practices,1,11747,1,,
18181,Crossfunctional Team Coordination,1,11747,1,,
18182,Ivr Support,1,11830,1,,
18183,Ms Exchange,1,11830,1,,
18184,Central It,1,11830,1,,
18185,Bing Ads,1,11901,1,,
18186,End-To-End Recruitment,1,2241,1,,
18187,Recruitment Statergies,1,2241,1,,
18188,Strong Knowledge Of Recruitment & Employment Laws.,0,2241,1,,
18189,Excellent Communication And Negotiation Skills,1,2241,1,,
18190,Managment Skill,1,876,1,,
18191,Cybersecurity,1,12277,1,,
18192,Skilled In Creating Responsive Websites,1,12307,1,,
18193,Developing Web Applications,1,12307,1,,
18194,Implementing Frontend And Backend Solutions,1,12307,1,,
18195,Skilled In Seo,1,12307,1,,
18196,Skilled In Sem Social Media And Content Strategy,1,12307,1,,
18197,Motivate The Colleagues For Achieving The Goal,0,12377,1,,
18198,Working Hard To Overcome The Challenges,0,12377,1,,
18199,Maintain High Standards In Workplace,1,12377,1,,
18200,Swagger,1,11597,1,,
18201,Tensorflow,1,12716,1,,
18202,Predication Modeling,1,12716,1,,
18203,Time Tracking,1,12716,1,,
18204,Team Training,1,12716,1,,
18205,Machine Learning Basic,1,12993,1,,
18206,Dsa,1,13017,1,,
18207,G2C,1,13042,1,,
18208,Vle,0,13042,1,,
18209,"Loan Sales, Credit Card Sales Executive, Technical Support, New Startup Ideas,",0,13042,1,,
18210,Empathetic,1,13103,1,,
18211,Probability,1,13103,1,,
18212,Skechup,0,13268,1,,
18213,Sap Abap,0,13410,1,,
18214,Automation Anywhere,1,13410,1,,
18215,Ro,0,13430,1,,
18216,Sales Strategy Development And Execution Relationship Building And Management Negotiation And Communication Business Development,0,13495,1,,
18217,Warehouse,1,4092,1,,
18218,Computer Network,1,6806,1,,
18219,Store Picker,1,13713,1,,
18220,Support Sap,1,13881,1,,
18221,Upgrade,1,13881,1,,
18222,Implementation,1,13881,1,,
18223,System Refresh,1,13881,1,,
18224,Db Upgrade,1,13881,1,,
18225,System Copy,1,13881,1,,
18226,Kernal Upgrade,1,13881,1,,
18227,"Html,  Css,  Tailwind Css, Javascript, Bootstrap, Basic React,Sql, Mysql,",0,13933,1,,
18228,Deep Understanding,1,14023,1,,
18229,Sales Promotion,1,14037,1,,
18230,Mail Drafting,1,14040,1,,
18231,Warehouse Management,1,13367,1,,
18232,Zode,1,14083,1,,
18233,Zet,0,14083,1,,
18234,Fullstack Development,1,13879,1,,
18235,Html5  Javascript,0,14200,1,,
18236,Busy Software,1,14208,1,,
18237,Day To Day Entry,1,14208,1,,
18238,Net Banking Handling,1,14208,1,,
18239,Gstr 1 And Gstr 3B Return Filing,1,14208,1,,
18240,Adjustment Of Expenses,1,14208,1,,
18241,Daily Voucher Entry,1,14208,1,,
18242,Transportation Billing,1,14252,1,,
18243,Logistics Billing,1,14252,1,,
18244,"Communication In English, Kannada And Hindi Mandatory",0,3892,1,,
18245,Retail Data Management Merchandising Verification Mis Reporting Ms Excel,0,14371,1,,
18246,Amazon Seller Central Product Listing  Cataloging Inventory  Order Management Sales Analysis,0,14371,1,,
18247,Sales Store Manager,1,14422,1,,
18248,Consultant,1,14456,1,,
18249,Finance And Insurance,1,14460,1,,
18250,"Digital Marketing,Communication,Sales",0,14531,1,,
18251,Socila Media,1,14615,1,,
18252,Store Mangement,1,14668,1,,
18253,Office Administration  Facility Management,1,14702,1,,
18254,Travel Desk Management,1,14702,1,,
18255,Office Setup  Property Management,0,14702,1,,
18256,Procurement  Vendor Management,0,14702,1,,
18257,Team Supervision,1,14702,1,,
18258,Finance  Accounts,1,14702,1,,
18259,Audit  Compliance Support,1,14702,1,,
18260,Training  Development,1,14764,1,,
18261,Commincation,1,14764,1,,
18262,Interpersonal Skill,1,14764,1,,
18263,Talaent Acquisition Talent Management,0,14764,1,,
18264,Microsoft Teams,1,14913,1,,
18265,Filed Sales Executive,1,14969,1,,
18266,Lead Sustainability And Carbon Capture Related Projects,0,14981,1,,
18267,Project Writing,1,14981,1,,
18268,Research And Development,1,14981,1,,
18269,It Support,1,15022,1,,
18270,Server Support,1,15022,1,,
18271,Find Optimize Solution,1,6018,1,,
18272,Android Studio,1,6018,1,,
18273,Fogjam,1,13825,1,,
18274,Tailwaind Css,1,13825,1,,
18275,Next Js Frontend Part,1,13825,1,,
18276,Prototyping,1,13825,1,,
18277,Promotion,1,15259,1,,
18278,Real State Deals,1,15320,1,,
18279,Team Mangement,1,15355,1,,
18280,Team Handling,1,15355,1,,
18281,Sales Marketing Executive,1,15362,1,,
18282,Developed And Executed Datadriven Acquisition Strategies Resulting In A 20 Increase In Student  Enrollment Over 500 New Enrollments Annually Led Market Segmentation And Competitor Analysis For New Course Launches Boosting Conversion By 18 Coordinated Cros,0,15393,1,,
18283,Tax Invoice,1,15409,1,,
18284,Make My Trip,1,15406,1,,
18285,"Leadership And Team Management Ms Excel, Quick Learner, Inventory Check, Sa, Ecommerce Platform, Problemsolving.",0,15428,1,,
18286,Utilize Ms Excel Sap And Internal Crm System For Tracking And Reports Online Orders  2 Managed Ecommerce Online Platforms And Generate Invoice  3 Utilized Sap Login For Efficient Data Management And Customer Support  4 Coordinated With Logistics Teams To ,0,15428,1,,
18287,Credit Officer,1,15447,1,,
18288,Credit Executive,1,15447,1,,
18289,B,1,15448,1,,
18290,Store Audit,1,15571,1,,
18291,?	Strong Problem-Solving Skills And Ability.,0,15571,1,,
18292,Crm-Dms,1,15571,1,,
18293,Comunication,1,13160,1,,
18294,Software Developer,1,13160,1,,
18295,Tecnical Problem Solving,1,13160,1,,
18296,Experience Of Sql And Linux,1,15672,1,,
18297,Printer Troubleshooting,1,15683,1,,
18298,Ai Expert,1,15852,1,,
18299,Supply Chain Foundations: Analytics,1,15248,1,,
18300,Supply Chain Foundations,1,15248,1,,
18301,Excel Data Analysis: Forecasting,1,15248,1,,
18302,Fluent In Hindi And  Conversational In English,0,15248,1,,
18303,Adaptability,0,15248,1,,
18304,Google Sheet,1,15908,1,,
18305,Chat Gpt,1,15937,1,,
18306,5-8 Years In Bpo And Health Care Process,0,15982,1,,
18307,Coraldraw,1,15984,1,,
18308,Process Inspection,1,16013,1,,
18309,Comprehensive Audit Experience,1,16013,1,,
18310,Influxdb,1,16033,1,,
18311,Powerbi,1,16013,1,,
18312,Electrical Wiring For Domestic & Industrial,1,16013,1,,
18313,Final Inspection,1,16013,1,,
18314,In-Process Inspection,1,16013,1,,
18315,Zdws Expertise,1,16013,1,,
18316,Strath Pass Ratio (Spr),1,16013,1,,
18317,Webflow,1,16161,1,,
18318,Problem Solveing,1,16197,1,,
18319,Filed Work,1,16197,1,,
18320,Midjourney Ai,1,16200,1,,
18321,Print Collaterals,1,16200,1,,
18322,"Packaging Artwork, Marketing Collateral, Digital Media, Ecommerce",1,16258,1,,
18323,Sales In Pharma Industry Pan India,1,16339,1,,
18324,Water Purifier,1,16371,1,,
18325,Water Purifier Service Professional,1,16371,1,,
18326,Kitchen Appliances Service Expart,1,16371,1,,
18327,House Keeping Management,1,16451,1,,
18328,Project Implemetation,1,16726,1,,
18329,Tracing Experts,1,16874,1,,
18330,Laser Cutting Oprator,1,16874,1,,
18331,Hindi English Typing,1,16874,1,,
18332,Graphic Designer,1,16874,1,,
18333,15Yrars Experience In Nbfc Mfi Finctch As Business Collection Manager For West Bengal Bihar Assam Location,0,17011,1,,
18334,"Back Office, Documentation Work",0,17131,1,,
18335,Managing Branch Operations,1,17200,1,,
18336,Data Analysis Excel Spss Power Bi,1,15401,1,,
18337,Adobe Creative Cloud,1,17229,1,,
18338,8 Years Experience In Fmcg Sector,0,17252,1,,
18339,Reporting,1,17279,1,,
18340,Peon,1,17303,1,,
18341,Office Assistant,1,17303,1,,
18342,"Web Testing, Mobile Testing",1,17356,1,,
18343,Dispatch Department,1,17387,1,,
18344,"Corel Draw, Adobe Photo Shop, Adobe Illustrator, Adobe Page Maker, Adobe Premier Pro, Final Cut Pro, Wordpress",0,17429,1,,
18345,Python Developer,1,17447,1,,
18346,Recovery Agent,1,17524,1,,
18347,Website Hosting,1,17534,1,,
18348,Wordpress Website Design,1,7469,1,,
18349,Costumer Relationship,1,17599,1,,
18350,Business Development Associate,1,17659,1,,
18351,"Over 20 + Years Of Domestic And Overseas Experience In The Infrastructure Industry With Epc  Contractors, And Freight Forwarding Company, Contracts Manager, Commercial Manager  Encompassing Project Management & Execution, Contract And Supply Management , ",0,17775,1,,
18352,Purchase And Logistics,1,17787,1,,
18353,Field Excutive,1,17788,1,,
18354,8 Years Experience In Civil Engineer,0,17804,1,,
18355,Verification Process Management  Back Office Operations  Documentation  Data Analysis  Advanced Ms Excel Pivot Tables Vlookup Reports  Quality Control  Compliance Monitoring  Workflow Optimization  Process Improvement  Client Coordination  Team Support,0,17844,1,,
18356,Handled Backoffice Documentation And Contractorrelated Verification Work  Maintained Records Of Contracts Invoices And Project Reports  Assisted In Data Entry Mis Reporting And File Management  Coordinated With Internal Teams For Project Updates And Compl,0,17844,1,,
18357,"Expertise ? Verification Industry (First Advantage Pvt. Ltd.)  End-To-End Verification Process Management  Back Office Operations & Documentation  Data Analysis, Mis Reporting & Advanced Ms Excel  Quality Control & Compliance Monitoring  Workflow Optimiz",0,17844,1,,
18358,"English (Read, Write & Speak)  Hindi (Read, Write & Speak)  Marathi (Read, Write & Speak)",0,17844,1,,
18359,Traffic Coordinator,1,17868,1,,
18360,3 Years,0,17891,1,,
18361,Tools Know,1,17891,1,,
18362,Home Loan Department,1,17898,1,,
18363,Credit Finance,1,18155,1,,
18364,Coustomer Relationship,1,18155,1,,
18365,Print Media Design,1,16812,1,,
18366,Customer Care,1,3892,1,,
18367,Financial Reporting  Analysis Finalization Of Accounts Statutory  Tax Compliance Risk  Compliance Management Mis  Cash Flow Reporting Budgeting Forecasting Gst Advisory  Filing Audit Coordination Internal Controls  Sops Regulatory  Roc Filings Cost Optimi,0,14324,1,,
18368,"Tally,Ms- Excel, Aml, Service Online, Net Reveal, Norkom, Customer Establishment, Reverse Australia, Abn, Equifax,",0,18626,1,,
18369,Micro Loan,1,18652,1,,
18370,Calling,1,18677,1,,
18371,Banking Operations,1,18652,1,,
18372,Motivation,1,12131,1,,
18373,Mobilization,1,12131,1,,
18374,Computer Work,1,12131,1,,
18375,Microfinance,1,12131,1,,
18376,Qr,1,18816,1,,
18377,Sound Box,1,18816,1,,
18378,Cross Sales,1,18816,1,,
18379,Winback Clients,1,18816,1,,
18380,Bulk Deals,1,18816,1,,
18381,Client Visits,1,18816,1,,
18382,Google Profile,1,18816,1,,
18383,Cpc Sales,1,18816,1,,
18384,Ppc Sales,1,18816,1,,
18385,Lead Package Selling,1,18816,1,,
18386,Qr Deployment,1,18816,1,,
18387,Client Revisits,1,18816,1,,
18388,Target Achivement,1,18816,1,,
18389,Sales Target Driving,1,18816,1,,
18390,"Sales And Marketing, B2B, Fintech",0,18816,1,,
18391,"Team Handling, Target Achivement",0,18816,1,,
18392,Experience In Selling Mutual Funds And Life Insurance.,1,18701,1,,
18393,Inventory Managemant,1,11689,1,,
18394,"Empathy, Patience & Active Listening",1,19145,1,,
18395,Accuracy In Typing & Documentation,1,19145,1,,
18396,Customer-Centric & Solution-Oriented Approach,1,19145,1,,
18397,"Windows Os Installation & Troubleshooting (Windows 8, 10, 11)",1,19145,1,,
18398,Troubleshooting & Problem Resolution,1,19145,1,,
18399,Communication Skills (English + Regional Languages),1,19145,1,,
18400,Banking And Finance,1,19168,1,,
18401,Experience L1 Linuxunix System Administrator  Cloud Infrastructure,0,19257,1,,
18402,"Sql , Mongodb,",0,19382,1,,
18403,"Firebase , Supabase",0,19382,1,,
18404,Scrum Master,1,19382,1,,
18405,Receptionist,1,19483,1,,
18406,Manager Mangement,1,19507,1,,
18407,Sales And Promotions,1,19517,1,,
18408,Sales And Promotions Promotion,1,19517,1,,
18409,Quality Check,1,11689,1,,
18410,Inventroy Management System,1,11689,1,,
18411,Insurance Finance,1,19619,1,,
18412,Computer Operator,1,19716,1,,
18413,Online Services,1,19716,1,,
18414,Excellent In English Communication,1,19865,1,,
18415,Policy Bazar Only Sales,1,19879,1,,
18416,Accuracy And Attention To Detail,1,3357,1,,
18417,Basic Technical Troubleshooting Skills,1,3357,1,,
18418,Time Management And Organisational Skills,1,3357,1,,
18419,Team Player With A Proactive Approach,1,3357,1,,
18420,Minimum Qualification: Graduate/12Th Pass With Computer Diploma (As Per Company Norms).,0,3357,1,,
18421,"Proficiency In Ms Office (Word, Excel, Powerpoint) And Internet Applications.",0,3357,1,,
18422,Knowledge Of Email Handling And Basic Accounting Software (Tally/Erp ? Preferred).,0,3357,1,,
18423,"Ability To Multitask, Prioritize Work, And Meet Deadlines.",0,3357,1,,
18424,On Time Delivery,1,19915,1,,
18425,Sales Promotion And Product Development,1,19953,1,,
18426,Keywords Analysis,1,20131,1,,
18427,Basic Computer Appliation  Excel,0,20149,1,,
18428,Relationship Manager,1,20179,1,,
18429,Sale,1,20179,1,,
18430,Warehouse Operations,1,8066,1,,
18431,Portfolios Management,1,20179,1,,
18432,Acquisitions,1,20179,1,,
18433,Customers Onboarding,1,20179,1,,
18434,Online Sales Handling,1,20200,1,,
18435,Deep Understanding Hotel Management,1,20223,1,,
18436,Business Intelligence Tool (Power Bi),1,20229,1,,
18437,Mis Reports,1,20229,1,,
18438,Mechanical Engineering; Steel Melting Shop; Ladle Furnace;,1,20362,1,,
18439,Mechanical Maintenance In Shutdown Or Running Time Taken Periods Etc.,1,20362,1,,
18440,Visulatization,1,20460,1,,
18441,Performance Optimization,1,20460,1,,
18442,Query Optimization,1,20460,1,,
18443,Python,1,20483,1,,
18444,Customer Support,1,20651,1,,
18445,Home Credit,1,20657,1,,
18446,Operation Management,1,20740,1,,
18447,It Operations Management,1,20740,1,,
18448,Data Analysis Ms Office,1,20784,1,,
18449,Unit Operation  Online Documentation,1,20992,1,,
18450,Unit Operation Online Documentation,1,20992,1,,
18451,All Rounder,0,21096,1,,
18452,Vfd,0,21103,1,,
18453,Automation System,1,21103,1,,
18454,Operation Managaement,1,21372,1,,
18455,Worpress Web Development,1,21486,1,,
18456,Expertise In Python Programming Language Api Integration And Data Analysis Skills,0,21547,1,,
18457,Handson Experience With Python Libraries Including Numpy Pandas And Matplotlib For Data Manipulation Cleaning And Insightful Visualization,0,21547,1,,
18458,S,0,21575,1,,
18459,Pandas,1,21547,1,,
18460,Matplotlib,1,21547,1,,
18461,Bug Fixing,1,21547,1,,
18462,C,1,21547,1,,
18463,Stock Mangement,1,21629,1,,
18464,Android Java,1,21611,1,,
18465,Roomdb,1,21611,1,,
18466,Livedata,1,21611,1,,
18467,Retrofit,1,21611,1,,
18468,Coroutines,1,21611,1,,
18469,Hilt,1,21611,1,,
18470,Koin,1,21611,1,,
18471,Aws S3,1,21611,1,,
18472,Mixpanel,1,21611,1,,
18473,Payment Gateway Integration,1,21611,1,,
18474,Google Maps & Location Services,1,21611,1,,
18475,Push Notifications,1,21611,1,,
18476,Field Collection,1,3892,1,,
18477,Qa/Qc Manufacturing,1,21647,1,,
18478,Vendor Negotiation,1,21726,1,,
18479,Teli Calling,1,8470,1,,
18480,Ui&Ux Designing,1,22152,1,,
18481,Full Stack Developer,1,22220,1,,
18482,Retail Store Operations,1,22233,1,,
18483,Us Mortgage,1,19375,1,,
18484,Architecture,1,22337,1,,
18485,Sales,1,22337,1,,
18486,Tellecaller,1,22337,1,,
18487,20Year,0,22359,1,,
18488,Sales And Service,1,22361,1,,
18489,Service,1,22361,1,,
18490,Sales Operation,1,22361,1,,
18491,Bank Relationship,1,22361,1,,
18492,Share Market,1,22361,1,,
18493,Basic Computer Knowledge Ms Excel,0,22524,1,,
18494,Karnal,0,15391,1,,
18495,Collection Office,0,15391,1,,
18496,Revenue Management,1,22977,1,,
18497,Business Developement,1,22977,1,,
18498,Hotel Operations Management,1,22977,1,,
18499,Distribution Management,1,22977,1,,
18500,Computer Operator Design,1,23049,1,,
18501,"Advanced Excel, Financial Modeling &Erp Software (E.G., Tally, Quickbooks,Sap), Data Analysis: Power Bi, Tableau,Excel (Advanced), Pandas, Numpy, Crmsystems: Salesforce, Zendesk, Bliss,Freshdesk, Power Bi, Tableau, Excel(Advanced), Pandas, Numpy, Operatin",0,22760,1,,
18502,"Soft Skills Collaboration, Problem-Solving, Communication, Time Management,Result-Oriented, Client Management",0,22760,1,,
18503,Field Sales Executive,1,23162,1,,
18504,Industrial Infrastructure,1,23220,1,,
18505,Site Engineer,1,23220,1,,
18506,Project Manager,1,23220,1,,
18507,?	B2B Sales & International Business Development,0,13491,1,,
18508,"?	Lubricants &Grease Additives, Oleochemicals & Biofuels",0,13491,1,,
18509,?	Key Account Management & Customer Retention,0,13491,1,,
18510,"?	Revenue Growth, Market Research & Competitive Intelligence",0,13491,1,,
18511,?	Cross-Functional Team Leadership,0,13491,1,,
18512,Product Devlopment,1,23447,1,,
18513,Visual Inspection,1,23447,1,,
18514,P2P,1,23450,1,,
18515,Asset Accounting,1,23450,1,,
18516,Video Editor,1,23584,1,,
18517,Hardworking,1,23681,1,,
18518,Technical Sales,1,4632,1,,
18519,"Tds,",0,23794,1,,
18520,Teliperfomance,0,23885,1,,
18521,Telicallng,0,23885,1,,
18522,Deep Understanding,1,23893,1,,
18523,Payment Processing,1,23998,1,,
18524,Iso9001,1,24093,1,,
18525,Electroplating,1,24093,1,,
18526,Production,1,24093,1,,
18527,Process Control,1,24093,1,,
18528,Zld,1,24093,1,,
18529,Special Process,1,24093,1,,
18530,Surface Treatment,1,24093,1,,
18531,Surface Finishing,1,24093,1,,
18532,Electrochemistry,1,24093,1,,
18533,Electrochemical,0,24093,1,,
18534,Chemical Analysis,1,24093,1,,
18535,Npd,1,24093,1,,
18536,Iso17025,1,24093,1,,
18537,Electrical General Ohe,1,24083,1,,
18538,6 Years Of Experience In Electrical Supervisor General Ohe,0,24083,1,,
18539,Powerbi Risk Management Government Project Execution Process Management Vendor  Stakeholder Coordination Cybersecurity Awareness Performance Management Project Management Data Analysis  Visualisation Production Management Operations Management Resource Op,0,14631,1,,
18540,Qa & Qc,1,14631,1,,
18541,Resource Optimization,1,14631,1,,
18542,Customer Operations,1,24211,1,,
18543,Leadership And Team Management,1,2241,1,,
18544,Strong P&L Experience,1,2241,1,,
18545,Excellent Communication & Stakeholder Management,1,2241,1,,
18546,Design & Build,1,2241,1,,
18547,Ra Officer,1,5,1,,
18548,Drug Regulatory Officer,1,5,1,,
18549,Ac Technician,1,24359,1,,
18550,Refrigerator Technician,1,24359,1,,
18551,Home Appliances Techniclan,1,24359,1,,
18552,Delivery Mangement,1,24368,1,,
18553,Secondary Research,1,24409,1,,
18554,Primary Research,1,24409,1,,
18555,Google Research,1,24409,1,,
18556,Linkedin Sales Navigation,1,24409,1,,
18557,Lusha,0,24409,1,,
18558,Ability To Learn And Adapt,0,24463,1,,
18559,Psql,1,24557,1,,
18560,4 Year Experience In Maintenance,0,24765,1,,
18561,Learn All Things Through Ai Or Chatgpt In Maximum Problem Solving Through Researching In Google Or Si Chatgpt,0,24963,1,,
18562,Fraud Reporting And Compliance,1,25010,1,,
18563,Fraud Preorting And Compliance,1,25010,1,,
18564,"Persuasive Pitch ,Excellent English, Basic Computer Proficency Ms Tool.",0,876,1,,
18565,Price Negotiation,1,5,1,,
18566,Purchase,1,5,1,,
18567,Good Communication Skills And Expert In Technical Resolution Regarding Browser And Windows Os,0,25204,1,,
18568,Banking Sector,1,6608,1,,
18569,"Managed Residential And Commercial Property Sales, Achieving Performance Targets. ? Built And Maintained Strong Client Relationships By Providing Personalised Solutions ? Conducted Market Analysis To Optimize Sales Strategies.",0,25273,1,,
18570,Man Power Handling,1,20476,1,,
18571,", Basic Computer Proficency Ms Tool",0,20476,1,,
18572,Firstcry Seller Account Manager,1,25360,1,,
18573,Marketing Executive,1,25500,1,,
18574,?	Accounts,0,25509,1,,
18575,Project Accounts,1,25509,1,,
18576,Buisness Development,1,25649,1,,
18577,Meta Cloud Api,1,25655,1,,
18578,Zld,1,25655,1,,
18579,Bricks,1,25732,1,,
18580,Photoshop Illustrator  Adobe Xd,0,25732,1,,
18581,Wordpress Oxygena Bricks Divi Html Css Photoshop Illustrator Adobe Xd,0,25732,1,,
18582,Firmware Developer,1,25491,1,,
18583,B.E.Electronics,1,25491,1,,
18584,Microprocessor Programing,1,25491,1,,
18585,Micro Processer Programing,1,25491,1,,
18586,Ms Executive,1,5654,1,,
18587,Vmc,0,5654,1,,
18588,Mechanical,1,5654,1,,
18589,Qc Inspection,1,5654,1,,
18590,Store Head,1,25868,1,,
18591,Service Manager,1,25871,1,,
18592,Log Entry,1,25871,1,,
18593,Ims Audit Documentation,1,25871,1,,
18594,Breakdown Report,1,25871,1,,
18595,Salesman,1,25876,1,,
18596,Ms Team,1,25896,1,,
18597,Screaming Frog,0,25929,1,,
18598,Producation Helper,1,876,1,,
18599,Cash Flow Handling,1,25976,1,,
18600,Market Analysis And Team Handling,1,26089,1,,
18601,Rf Testing,1,26117,1,,
18602,Manage Inventory,1,26127,1,,
18603,Filed Work And Customer Service,1,26145,1,,
18604,Lonas Again Property,0,26258,1,,
18605,Aem,0,26262,1,,
18606,Team Lead,1,26262,1,,
18607,Realestate,1,3861,1,,
18608,5 Years,0,26316,1,,
18609,B2B / Oem / Institutional Sales,0,2241,1,,
18610,Technical Textiles / Industrial Fabrics,0,2241,1,,
18611,Agri / Geo / Packaging / Automotive Textiles,0,2241,1,,
18612,Pricing & Margin Management,1,2241,1,,
18613,B2B Sales | Oem Sales | Technical Textiles | Industrial Fabrics | Agri Textiles | Geo Textiles | Packaging | Automotive | Techno-Commercial Negotiation | Pricing & Costing | Business Development | Market Research | Crm | Customer Relationship | Product Tr,0,2241,1,,
18614,Intunes,0,26434,1,,
18615,Instagram Ad,1,26500,1,,
18616,Adcopy Writing,1,26500,1,,
18617,Sales  Business Development,1,26558,1,,
18618,Market Analysis  Competitor Insights,1,26558,1,,
18619,Financial  Operational Management,1,26558,1,,
18620,Technocommercial Acumen,1,26558,1,,
18621,Debt Recovery,1,26583,1,,
18622,Creative And Detailoriented Video Editor And Graphic Designer With Handson Experience In Crafting Engaging Visual Content For Brands Social Media And Marketing Campaigns Proficient In Adobe Premiere Pro After Effects Photoshop And Illustrator With A Stron,1,26581,1,,
18623,Cpr,1,26645,1,,
18624,"Channel Sales,B2B Sales",0,26720,1,,
18625,Sales Promotion And Marketing,1,26790,1,,
18626,"Electrical Panel Design, Electrical Survay, Electrical Safety Audit, Thermography Audit, Fire Safety Audit, Electrical Wiring, Motor Load Survay, Compressor Fad Test, Building Load Survay, Electrical System Work Electrical Equipment Repairing Work Etc.",0,26866,1,,
18627,Corporate Legal,1,26990,1,,
18628,Logistics  Supply Chain Management  Audit  Compliance Reporting  Inventory Control  Stock Reconciliation  Sap Hana Sd  Fi Modules  Invoice Processing  Documentation  Transportation  Dispatch Coordination  Warehouse Operations  Fifo Management  Mis Reporti,0,27071,1,,
18629,Store Excutive,1,27167,1,,
18630,J2Ee,1,24256,1,,
18631,Staff,1,27236,1,,
18632,Leadership Hiring,1,27370,1,,
18633,Kpi And Kra,1,27370,1,,
18634,"Video Editor With Over 2 Years Of Experience In Creating Professional Visual Content For Brands And Weddings. Skilled In Adobe Premiere Pro And After Effects, With Additional Knowledge Of Photoshop, Illustrator, And Canva. I’Ve Worked With Multiple Brands",0,27392,1,,
18635,Creative And Detailoriented Video Editor  Graphic Designer With Handson Experience In Producing Engaging Visual Content For Social Media And Food Brands Skilled In Crafting Compelling Stories Through Reels Ad Videos And Promotional Posts Experienced In Bo,0,27392,1,,
18636,Dedicated And Detailoriented Video Editor With Experience In Crafting Fulllength Wedding Films Teasers Reels And Ad Videos Skilled In Storytelling Through Visual Editing Color Grading Sound Design And Music Integration Experienced In Handling Projects Ind,0,27392,1,,
18637,Analytics Skills,1,27418,1,,
18638,Instagram Ads,1,27418,1,,
18639,Messenger Ads,1,27418,1,,
18640,Business Insights,1,27418,1,,
18641,Research Skills,1,27418,1,,
18642,6Years Experience In Finance Sector,0,27424,1,,
18643,Relationship,0,27452,1,,
18644,"Ms Excel, Powerpoint, Ms Word",0,27497,1,,
18645,Xamarin,1,27517,1,,
18646,Xamarin Form,1,27517,1,,
18647,Net Maui,1,27517,1,,
18648,Csharp,1,27517,1,,
18649,Maui,1,27517,1,,
18650,Motar Insurance,1,27583,1,,
18651,App Development,1,27622,1,,
18652,Field Excutive Sales,1,27729,1,,
18653,Dispatch Supervisor,1,27793,1,,
18654,Server Support Engineer,1,27799,1,,
18655,Product Manager,1,27908,1,,
18656,Training Manager,1,27908,1,,
18657,Knowledge Of Computer,1,27914,1,,
18658,Smart Working,1,27914,1,,
18659,Basic Editing Skills,1,27914,1,,
18660,I Have Good Expertise In Ms Excel Advanced Excel And Also Good In Software Skills Like Communication Skills Process Optimization Skills And Time Management Skills,0,27999,1,,
18661,Software Tester,1,28037,1,,
18662,Intercompany Accounting,1,28025,1,,
18663,Intercompany Loans,1,28025,1,,
18664,Intercompany Fundings,1,28025,1,,
18665,Excellent Communication And Presentation,0,7434,1,,
18666,Strong Sales And Negotiation Ability,1,7434,1,,
18667,Lead Generation & Follow-Up,1,7434,1,,
18668,Confidence In Field Sales And Client Meetings,0,7434,1,,
18669,Basic Knowledge Of Digital Marketing / Crm / Business Software,0,7434,1,,
18670,Time Management And Goal-Oriented Mindset,0,7434,1,,
18671,"Proficiency In English, Hindi, Or Bengali",0,7434,1,,
18672,Ability To Work Independently And In A Team,0,7434,1,,
18673,Grafana,1,28053,1,,
18674,Ed Tech Sales,1,28158,1,,
18675,10Years Of Sales Executive,0,28288,1,,
18676,"Excellent English And Hindi Verbal Communication.  O Persuasive Pitch And Active Listening Abilities.  O Basic Computer Proficiency (Crm Tools, Ms Office).  O Target-Driven Mindset With Resilience In High-Pressure Environments.",0,876,1,,
18677,Build,1,28382,1,,
18678,Camunda,1,28382,1,,
18679,Web Language,1,28382,1,,
18680,"Agile Web Development, Manage Client Requirements",0,28439,1,,
18681,Php Laravel,1,28439,1,,
18682,Adca,1,28513,1,,
18683,Hippa,1,28571,1,,
18684,Us Healthcare,1,28571,1,,
18685,Direct Selling,1,28192,1,,
18686,"We Specialize In Comprehensive Compliance Solutions Including Aml (Anti-Money Laundering), Kyc (Know Your Customer), Odd (Ongoing Due Diligence), Cdd (Customer Due Diligence), Edd (Enhanced Due Diligence), And Pep (Politically Exposed Persons) Screening. ",0,28784,1,,
18687,"Aml, Kyc, Cdd, Edd, Odd, Screening, Client Onboarding",0,28784,1,,
18688,Collection,1,29128,1,,
18689,Loan Disbursement,1,29128,1,,
18690,Dealer And Distribution Onbording Management,1,29272,1,,
18691,Customer Service And Office Management,1,29232,1,,
18692,Data Analyst,1,28295,1,,
18693,I Can Make Engries Of Seel And Purchase.. I Can Hamdle Ghe Customer Queries.. Recruit Staff.. Can Speak Englush Fluently.. Have Basic Knowledge Of Computer And Tally.. Can Prepare Invoices.. And Cam.Explain The Details Of The Products..,0,29393,1,,
18694,Good Sales Skills,1,29403,1,,
18695,All System Work,1,29403,1,,
18696,Problem Resolving,1,29403,1,,
18697,Punctual,1,29403,1,,
18698,Second Command Of Store In Absense Of Manager,1,29403,1,,
18699,O365,1,29472,1,,
18700,Quality Executive N Quality Assurance,1,29501,1,,
18701,Network Support And Troubleshooting,1,29588,1,,
18702,Maintenance Tools,1,29622,1,,
18703,Provided Exceptional Customer Service And Maintained Strong Client Relationships,0,29695,1,,
18704,Assisted In Operations Including Coordinating Client Requests And Ensuring Quality Service Delivery,0,29695,1,,
18705,Recommended Service Improvements And Identified New Business Opportunities,0,29695,1,,
18706,Ensured Adherence To Transportation And Logistics Standards,0,29695,1,,
18707,System Support,1,29695,1,,
18708,Server Error Support,1,29695,1,,
18709,Product Support,1,29695,1,,
18710,Retraining,1,29695,1,,
18711,Saas Training,1,29695,1,,
18712,Sysytem Support,1,29695,1,,
18713,Client Success,1,29695,1,,
18714,Emr Support,1,29695,1,,
18715,Hims Support,1,29695,1,,
18716,Retraining Clients,1,29695,1,,
18717,Software Training,1,29695,1,,
18718,System Troubleshooting,1,29695,1,,
18719,Gold Apprisal And Team Handling,1,29860,1,,
18720,Profit And Lose,1,29843,1,,
18721,Cos Management,1,29843,1,,
18722,Labour Cost,1,29843,1,,
18723,Resolving Queries,1,29772,1,,
18724,Amazon Ads,1,29959,1,,
18725,Accops Vdi,1,30112,1,,
18726,Nutanix Hci,1,30112,1,,
18727,Local Seo,1,30168,1,,
18728,Onpage Seo,1,30168,1,,
18729,Offpage Seo,1,30168,1,,
18730,Web Content Publisher,1,30215,1,,
18731,Sonarqube,1,30263,1,,
18732,Safe6,1,30263,1,,
18733,Rpa Developer,1,30350,1,,
18734,Power Automate,1,30350,1,,
18735,Uipath,1,30350,1,,
18736,Lending Manager,1,30449,1,,
18737,Finance Underwriting,1,30449,1,,
18738,Trade Finance,1,30449,1,,
18739,Underwriting And Mis,1,30449,1,,
18740,Reception,1,30463,1,,
18741,Report Generation And Dashboard Marking,1,30503,1,,
18742,"Sales , Direct Sales",0,30530,1,,
18743,Ground Sourcing,1,3816,1,,
18744,Ev Repair,1,3816,1,,
18745,Erp Sales,1,28087,1,,
18746,Website Sales,1,28087,1,,
18747,Application Sales,1,28087,1,,
18748,High Side Boq,1,30753,1,,
18749,Substation Drawing,1,30753,1,,
18750,Dbr,1,30753,1,,
18751,Load Calculation,1,30753,1,,
18752,Voltage Drop,1,30753,1,,
18753,Auto Cad,1,30753,1,,
18754,Gfc Drawing,1,30753,1,,
18755,Voltage Drop Calculation,1,30753,1,,
18756,Space Planning Drawing,1,30753,1,,
18757,Tata Capital Financial Services Ltd,1,30785,1,,
18758,Ui Design,1,30899,1,,
18759,"Ssists In Various Manufacturing Tasks, From Machine Operation And Assembly To Quality Control And Site Maintenance. Key Responsibilities Include Learning And Performing Production Processes, Adhering To Safety And Quality Standards, Maintaining A Clean Wo",0,876,1,,
18760,"Order Picking & Packing: Accurately Select And Pack Items According To Production Or Customer Orders.  Inventory Management: Maintain Accurate Stock Records And Report Shortages Or Discrepancies.  Product Labeling: Apply Correct Labels, Barcodes, And Docu",0,876,1,,
18761,"Logistics Supervisor Skills Include Strong Leadership And Communication To Manage Teams, Organizational Skills For Managing Daily Operations, And Technical Proficiency With Logistics Software And Systems. Other Key Skills Are Problem-Solving For Handling ",0,876,1,,
18762,Online Store Manager,1,30932,1,,
18763,Student Placement,1,30925,1,,
18764,Typing,1,30925,1,,
18765,Expressjs,1,26671,1,,
18766,Ai Integrations,1,26671,1,,
18767,Prompt Engineer,1,26671,1,,
18768,Jetpack Compose,1,28030,1,,
18769,Deployment,1,28030,1,,
18770,Optimizing Production And Dispatch Planning Streamlining Manpower Allocation And Spearheading Cost Reduction Strategies Resulting In Improved Efficiency And Operational Excellenc,0,30965,1,,
18771,Service Now,1,31024,1,,
18772,Application Support,1,31024,1,,
18773,Basic Computer Proficency Ms Tool,1,31055,1,,
18774,Basic Of Networking,1,30512,1,,
18775,Cisco,1,30512,1,,
18776,Basic Of Digital Forensics,1,30512,1,,
18777,Customer Support Executive,1,30512,1,,
18778,Operations  Administration Managing Daily Operations Team Coordination And Office Documentation  Customer Service Handling Guest Queries Client Communication And Service Satisfaction  Data Management Skilled In Ms Excel Word And Tally For Accurate Reporti,0,30638,1,,
18779,?	4-6 Years Of Experience In Civil Supervisor,0,31210,1,,
18780,Develop Layouts Tailored To Specific Plot Sizes,0,31353,1,,
18781,Project Coordinator  Interior Designer With Extensive Experience In Overseeing And Coordinating Projects From Inception To  Completion,0,31353,1,,
18782,Flipkart Logistics  Wearhouse 4 Years In Oraprosation,0,31611,1,,
18783,10 Years Of Experience In Sales From Electrical Goods.,0,31631,1,,
18784,Allmost 10 Years Of Experience In Sales And Business Development In Electrical Industries,0,31631,1,,
18785,Export Documentation,1,31732,1,,
18786,Export Banking,1,31732,1,,
18787,Fullstack,1,31846,1,,
18788,Backend,1,31846,1,,
18789,Certified Data Analyst Pl300 Az204 Clfc02 With Expertise In Power Bi Tableau Qlik Sense  Cognos Skilled In Bi Architecture Etl And Data Modeling To Drive Strategic Datainformed Decisions,0,30170,1,,
18790,Terraform,1,32008,1,,
18791,Selas,1,32094,1,,
18792,Web Developper,1,32262,1,,
18793,Reports In Excel,1,32270,1,,
18794,Retail Operation,1,32341,1,,
18795,Outbound Calling,1,3684,1,,
18796,Outbound Sales,1,3684,1,,
18797,Outbound Process,1,3684,1,,
18798,Voice Process,1,3684,1,,
18799,Inbound Voice Process,1,3684,1,,
18800,Inbound Calls,1,3684,1,,
18801,Convincing Power,1,3684,1,,
18802,Pressure Handling,1,3684,1,,
18803,Telecollection,1,3684,1,,
18804,Fresher Hiring,1,3684,1,,
18805,Domestic Bpo,1,3684,1,,
18806,Pile Cap,0,32732,1,,
18807,Pier Cap,0,32732,1,,
18808,Steel Girder,1,32732,1,,
18809,Deck Slab,1,32732,1,,
18810,Piling,1,32732,1,,
18811,Civil Work,1,32732,1,,
18812,Furnace Workshop Civil Work,1,32732,1,,
18813,Dca,1,32436,1,,
18814,Js,1,13,1,,
18815,Turner,1,32882,1,,
18816,Operator,1,32882,1,,
18817,Iti Fitter,1,32882,1,,
18818,Iti Turner,1,32882,1,,
18819,Iti Mechanist,1,32882,1,,
18820,Staaf Mangement,1,32919,1,,
18821,Staff Selection,1,32919,1,,
18822,Personal Decision,1,33029,1,,
18823,Jpm,1,33097,1,,
18824,Accounts Finalization,1,32906,1,,
18825,Sap Fico S4Hana,1,32906,1,,
18826,Ai And Chatgpt Expert,1,32906,1,,
18827,Prompt Engineering,1,32906,1,,
18828,Paytm,1,33212,1,,
18829,Store Manager,1,33215,1,,
18830,Costumer Support,1,33214,1,,
18831,6 Years Experience In Credit Department,0,33255,1,,
18832,6 Years Of Experience In Credit Manager,0,33255,1,,
18833,Excellent Knowledge Of Advanced Excel Ms Word Power Poiint And A Good Fluency In Writting And Speaking English,0,33325,1,,
18834,Completed A Certificate Course In Tata Strive As A Beauty Advisor And Sales Associate And Also I Have Done A One Week Traning In Croma,0,33325,1,,
18835,Azure Devops,1,33336,1,,
18836,Insurance Advisor,1,33359,1,,
18837,Home  Loan,1,33421,1,,
18838,Warehouse Operations  Inventory Management  Inbound  Outbound Logistics  Material Handling  Storage Planning  Team Leadership  Staff Training,0,33329,1,,
18839,Civil Quality Control Engineer,1,33413,1,,
18840,Wrm,1,33634,1,,
18841,Channel Management,1,33733,1,,
18842,Sales And Business Development,1,33733,1,,
18843,Harness Layout In Wap 7,1,33828,1,,
18844,Harness Layout In Wag 9,1,33828,1,,
18845,Commissioning Engineer In Detc Tower Car,1,33828,1,,
18846,Knowledge Of Harness Layout,1,33828,1,,
18847,Full Testing Of Equipments In Detc Tower Car,1,33828,1,,
18848,Certificate Of Origin,1,33831,1,,
18849,Air Shipment,1,33831,1,,
18850,Post Shipment Documentation,1,33831,1,,
18851,Proforma Invoices,1,33831,1,,
18852,Sales Contract,1,33831,1,,
18853,Rest & Soap Apis,1,33599,1,,
18854,"Caching (Varnish, Redis)",1,33599,1,,
18855,Github/Gitlab,1,33599,1,,
18856,Page Speed Tuning,1,33599,1,,
18857,Azure Virtual Machine,1,33864,1,,
18858,Azure Vnet,1,33864,1,,
18859,Azure Storage,1,33864,1,,
18860,Azure Entra Id,1,33864,1,,
18861,Aws Iam,1,33864,1,,
18862,Microsoft 365,1,33864,1,,
18863,Database Optimization,1,33599,1,,
18864,Celery,1,28087,1,,
18865,Banking Api,1,28087,1,,
18866,Prometheus,1,28087,1,,
18867,Handling High Volumes Of Credit Applications On A Daily Basis,0,34267,1,,
18868,Linkedin Marketing,1,9342,1,,
18869,Hairing,0,34358,1,,
18870,Salary Preparation,1,34358,1,,
18871,Other Work,0,34358,1,,
18872,Zvgm Consultant Pvt Ltd,0,34527,1,,
18873,India Post Payments Bank,1,34527,1,,
18874,Servey Scheme Under Assam Govt,1,34527,1,,
18875,8 Year Experience In Microfinance Industries Now Working In Fusion Finaance Ltd Job Search Branch Manager And Area Maneger,0,34729,1,,
18876,Service Provider,1,34810,1,,
18877,Human Generalist,1,34884,1,,
18878,Graphics Design,1,34884,1,,
18879,Purchased,1,34884,1,,
18880,Labou Management,1,34884,1,,
18881,"Vb.Net ς? Visual Studios ς? Lightroom, Adobe Photoshop. ς? Microsoft Office (Excel, Power Point, Word)",0,24790,1,,
18882,"Team Work.  ς? Decision-Making Skills With Innovation.  ς? Critical Thinking.  ς? Communication Skills.  ς? Creative, Adaptability, Self-Awareness.",0,24790,1,,
18883,I Help Organizations To Improve Revenue Goals By Focussing On Sales  Customer Care,0,35177,1,,
18884,Cheque Clearing,1,24921,1,,
18885,Credit Appraisal,1,35300,1,,
18886,Risk Control,1,35300,1,,
18887,12 Th Pass,0,3054,1,,
18888,Personal Loan,1,35482,1,,
18889,Axis Bank,1,35549,1,,
18890,Back Office Operation,1,35552,1,,
18891,Agency Management,1,35552,1,,
18892,Collection Recovery,1,35552,1,,
18893,Opreration,1,35552,1,,
18894,Consumer Loan,1,35552,1,,
18895,Cutomer Service,1,35552,1,,
18896,Werehousing,1,35552,1,,
18897,Working In Warranty Department  Under Service,1,35705,1,,
18898,14 Years Experience In Purchase Department,0,35771,1,,
18899,Direct Indirect Purchasing,1,35771,1,,
18900,Material Planing,1,35771,1,,
18901,Schedule Planing,1,35771,1,,
18902,Budget Controlling,1,35771,1,,
18903,Purchase Controlling,1,35771,1,,
18904,Technical Support  Troubleshooting,1,16342,1,,
18905,Team Leadership  Training,1,16342,1,,
18906,Escalation  Incident Management,1,16342,1,,
18907,Networking  System Support,1,16342,1,,
18908,Sales & Logistic,1,36187,1,,
18909,Ms Fabric,1,35179,1,,
18910,Copilot,1,35179,1,,
18911,Llm,1,35179,1,,
18912,4-6 Years Of Experience,0,35179,1,,
18913,Income And Expenditure Report,1,36382,1,,
18914,Bank,1,36382,1,,
18915,Pf And Esic,1,36382,1,,
18916,Data Handling,1,36382,1,,
18917,Reports,1,36382,1,,
18918,Driver Coordinator,1,36382,1,,
18919,Statutory Compliance,1,11658,1,,
18920,Sales Engineer,1,36477,1,,
18921,Credit Card,1,36478,1,,
18922,Sales Promotion And Credit Card,1,36502,1,,
18923,Car Insurance,1,36703,1,,
18924,7 Years Of Experience In Handling Regional And International Project And Client In Localization Industry,0,36743,1,,
18925,Dubbing Direction In Multiple Regional Languages,1,36743,1,,
18926,Trainer,1,36747,1,,
18927,Vehicle Management,1,37053,1,,
18928,Customer Complaint,1,37053,1,,
18929,Branch Manager,1,37182,1,,
18930,Electrical Wiring,1,25491,1,,
18931,Luggage Sales,1,37329,1,,
18932,Expert In Ms Word Excel Powerpoint Presentation Inpage,0,37304,1,,
18933,Pyspark,1,37402,1,,
18934,Adhoc Testing,1,37463,1,,
18935,Motor Insurance,1,37626,1,,
18936,Insurance Sales,1,37626,1,,
18937,Doctor Assistant,1,37702,1,,
18938,Buyback Specialist,1,37702,1,,
18939,Marketing Electronics Waighbridge,1,37776,1,,
18940,Photoshop Cs3,1,37949,1,,
18941,Filed Sales,1,38035,1,,
18942,Express.Js,1,2241,1,,
18943,Nest.Js,1,2241,1,,
18944,Dynamodb,1,2241,1,,
18945,Event-Driven Architecture,1,2241,1,,
18946,Domain-Driven Design,1,2241,1,,
18947,Azure,1,2241,1,,
18948,Ci/Cd,1,2241,1,,
18949,Automated Testing,1,2241,1,,
18950,Restful Apis,1,2241,1,,
18951,Finance,1,38044,1,,
18952,Area Manager In Bancassurance,1,38293,1,,
18953,Direct Sales Experience 12 Years Marketing,0,38373,1,,
18954,Strong Costumer Relationship,1,38373,1,,
18955,Dispatch And Logistics,1,38417,1,,
18956,Salesforce,1,38530,1,,
18957,Microsoft Office(Excel),1,38654,1,,
18958,Mapinfo Pro Software (16),1,38654,1,,
18959,Qa Manual Test Creation,1,38654,1,,
18960,Arcgis Map,1,38654,1,,
18961,Agile,1,38654,1,,
18962,Qgis / Arcgis,1,38654,1,,
18963,Php Programming Languageframwork Laraveljqueryjavascriptkhushboo,0,5014,1,,
18964,Add Skill,1,26656,1,,
18965,Add Skillasdasd,1,26656,1,,
18966,New Optiondasdasdasdasdasdasdasdasdasdasdasdasdasd,0,26656,1,,
18967,ORACALE,1,19,1,2025-12-18 17:02:01,2025-12-18 17:02:01
18968,Html Css Tailwind Css Javascript Bootstrap Basic ReactSql Mysql Postgresql,1,5014,1,2025-12-18 18:48:15,2025-12-18 18:48:15
18969,Presentation Development,1,5014,1,2025-12-18 18:48:24,2025-12-18 18:48:24
18970,Excel &amp; PowerPoint Expertise,1,5014,1,2025-12-18 18:48:24,2025-12-18 18:48:24
18971,Sales & Revenue Growth,1,5014,1,2025-12-18 18:48:25,2025-12-18 18:48:25
18972,Communication &amp; Negotiation Skills,1,5014,1,2025-12-18 18:48:25,2025-12-18 18:48:25
18973,Target Achievement &amp; Performance Tracking,1,5014,1,2025-12-18 18:48:25,2025-12-18 18:48:25
18974,PowerPoint &amp; Word,1,5014,1,2025-12-18 18:48:26,2025-12-18 18:48:26
18975,Banking Software (HDFC internal platforms),1,5014,1,2025-12-18 18:48:26,2025-12-18 18:48:26
18976,Financial Planning Tools,1,5014,1,2025-12-18 18:48:26,2025-12-18 18:48:26
18977,uhu,1,38909,1,2025-12-23 15:48:19,2025-12-23 15:48:19
18978,ddcssvg,1,38593,1,2026-01-05 17:41:50,2026-01-05 17:41:50
18979,hdshffwhj,1,38593,1,2026-01-07 10:35:01,2026-01-07 10:35:01
18980,Flutter developer,1,38971,1,2026-01-08 18:25:07,2026-01-08 18:25:07
18981,hello skill test,1,38861,1,2026-01-13 12:58:44,2026-01-13 12:58:44
18982,SMS marketing,1,39013,1,2026-01-15 11:41:55,2026-01-15 11:41:55
18983,Meta business suite,1,39013,1,2026-01-15 11:41:55,2026-01-15 11:41:55
18984,Webdriver,1,39099,1,2026-01-23 17:31:36,2026-01-23 17:31:36
18985,automative testing,1,39079,1,2026-01-27 16:50:22,2026-01-27 16:50:22
18986,html react,1,2670,1,2026-01-29 11:22:52,2026-01-29 11:22:52
18987,Mergers &amp Acquisitions,1,39278,1,2026-02-17 17:01:45,2026-02-17 17:01:45
18988,Api Implementation,1,39314,1,2026-03-03 11:52:42,2026-03-03 11:52:42
18989,System Design,1,104,1,2026-03-05 18:33:04,2026-03-05 18:33:04
18990,Debugging & Testing,1,104,1,2026-03-05 18:33:04,2026-03-05 18:33:04
18991,full stack dev,1,39335,1,2026-03-10 16:45:04,2026-03-10 16:45:04
18992,better undersanding to rank site on Google on top page,1,39013,1,2026-03-12 13:33:00,2026-03-12 13:33:00
18993,UI Development,1,18,1,2026-03-13 17:56:31,2026-03-13 17:56:31
18994,Html Developer,1,18,1,2026-03-13 17:56:31,2026-03-13 17:56:31
18995,Project developer,1,18,1,2026-03-13 17:56:31,2026-03-13 17:56:31
18996,photographer ,1,39311,1,2026-03-16 17:17:06,2026-03-16 17:17:06
18997,Sales),1,18,1,2026-03-20 15:49:34,2026-03-20 15:49:34
18998,sales and Distribution,1,18,1,2026-03-20 15:49:34,2026-03-20 15:49:34
18999,Visual designer,1,18,1,2026-03-20 16:11:26,2026-03-20 16:11:26
19000,UX UI Design,1,18,1,2026-03-20 16:11:27,2026-03-20 16:11:27
19001,UI/UX Designing,1,18,1,2026-03-20 16:11:27,2026-03-20 16:11:27
19002,primary teacher,1,39359,1,2026-03-20 16:34:56,2026-03-20 16:34:56
19003,science teacher,1,39359,1,2026-03-20 16:34:56,2026-03-20 16:34:56
19004,senior Engineer,1,39359,1,2026-03-20 16:41:06,2026-03-20 16:41:06
19005,Service head,1,39359,1,2026-03-20 16:41:06,2026-03-20 16:41:06
19006,senior Analyst,1,39359,1,2026-03-20 16:41:06,2026-03-20 16:41:06
19007,Service to sales,1,39359,1,2026-03-21 12:01:09,2026-03-21 12:01:09
19008,sales support,1,39359,1,2026-03-21 12:01:09,2026-03-21 12:01:09
19009,Sales Lead,1,39359,1,2026-03-21 12:01:09,2026-03-21 12:01:09
19010,Sales and Coustomer service,1,39359,1,2026-03-21 12:01:09,2026-03-21 12:01:09
19011,sales head,1,39359,1,2026-03-21 12:01:09,2026-03-21 12:01:09
19012,Event planner,1,39072,1,2026-03-21 12:52:14,2026-03-21 12:52:14
19013,Event coordinator,1,39072,1,2026-03-21 12:52:14,2026-03-21 12:52:14
19014,coordinator,1,39072,1,2026-03-21 12:52:14,2026-03-21 12:52:14
19015,sales promotion and marketing head,1,39072,1,2026-03-21 12:52:14,2026-03-21 12:52:14
19016,Event Planning &amp; Management,1,39072,1,2026-03-21 12:52:14,2026-03-21 12:52:14
19017,ui,1,39072,1,2026-03-21 12:53:18,2026-03-21 12:53:18
19018,UI Testing,1,39072,1,2026-03-21 12:53:18,2026-03-21 12:53:18
19019,Textile,1,39072,1,2026-03-21 12:54:04,2026-03-21 12:54:04
19020,srfer,1,5014,1,2026-03-21 12:58:27,2026-03-21 12:58:27
19021,UI/UX Design,1,39072,1,2026-03-21 13:03:31,2026-03-21 13:03:31
19022,Network Engineer,1,39072,1,2026-03-21 13:04:21,2026-03-21 13:04:21
19023,Production engineer planning,1,39072,1,2026-03-21 13:04:21,2026-03-21 13:04:21
19024,project Engineer,1,39072,1,2026-03-21 13:04:21,2026-03-21 13:04:21
19025,Design &amp; Implementing in network infrastructure,1,39072,1,2026-03-21 13:04:21,2026-03-21 13:04:21
19026,hardware engineer,1,39072,1,2026-03-21 13:05:29,2026-03-21 13:05:29
19027,test engineer,1,39072,1,2026-03-21 13:05:29,2026-03-21 13:05:29
19028,Game Developing,1,39072,1,2026-03-21 13:05:29,2026-03-21 13:05:29
19029,production engineer,1,39072,1,2026-03-21 13:05:29,2026-03-21 13:05:29
19030,Production support engineer,1,39072,1,2026-03-21 13:05:29,2026-03-21 13:05:29
19031,PHPframework,1,5014,1,2026-03-21 13:10:45,2026-03-21 13:10:45
19032,PHP language,1,5014,1,2026-03-21 13:24:14,2026-03-21 13:24:14
19033,Customer analyst,1,19,1,2026-03-24 13:33:09,2026-03-24 13:33:09
19034,CRM management,1,19,1,2026-03-24 13:33:09,2026-03-24 13:33:09
19035,Leadsquared,1,39384,1,2026-03-24 18:22:53,2026-03-24 18:22:53
19036,Leadsquare,1,39384,1,2026-03-24 18:22:53,2026-03-24 18:22:53
19037,backend developer,1,39001,1,2026-03-25 11:41:35,2026-03-25 11:41:35
19038,Backend development,1,39340,1,2026-03-26 11:20:58,2026-03-26 11:20:58
19039,backend support,1,39340,1,2026-03-26 11:20:58,2026-03-26 11:20:58
19040,detail-oriented,1,39340,1,2026-03-26 11:39:50,2026-03-26 11:39:50
19041,Detail Oriented,1,39340,1,2026-03-26 11:39:50,2026-03-26 11:39:50
19042,Expertise in backend engineering with Java Spring Boot and Python complemented by frontend development using React and Nextjs API design databases and cloud services,1,39340,1,2026-03-26 11:40:44,2026-03-26 11:40:44
19043,legal expertise,1,39256,1,2026-03-30 15:41:42,2026-03-30 15:41:42
19044,contract drafting,1,39256,1,2026-03-30 15:41:42,2026-03-30 15:41:42
19045,responsive ui,1,313,1,2026-03-30 15:42:07,2026-03-30 15:42:07
19046,usability focus,1,313,1,2026-03-30 15:42:07,2026-03-30 15:42:07
19047,custom app development,1,313,1,2026-03-30 15:42:07,2026-03-30 15:42:07
19048,closing ability,1,5014,1,2026-03-31 11:05:20,2026-03-31 11:05:20
19049,problem diagnosis,1,5014,1,2026-03-31 11:05:35,2026-03-31 11:05:35
19050,debugging skill,1,5014,1,2026-03-31 11:15:02,2026-03-31 11:15:02
19051,cloud optimization,1,5014,1,2026-03-31 11:15:02,2026-03-31 11:15:02
19052,Stock Market Analyst,1,5014,1,2026-03-31 11:17:39,2026-03-31 11:17:39
19053,risk mitigation,1,5014,1,2026-03-31 11:32:00,2026-03-31 11:32:00
19054,strategic input,1,5014,1,2026-03-31 11:32:32,2026-03-31 11:32:32
19055,area manager,1,39360,1,2026-03-31 17:00:40,2026-03-31 17:00:40
19056,Area management,1,39360,1,2026-03-31 17:00:40,2026-03-31 17:00:40
19057,Technical Chat Support,1,31884,1,2026-03-31 17:03:37,2026-03-31 17:03:37
19058,Tech support,1,31884,1,2026-03-31 17:03:37,2026-03-31 17:03:37
19059,client advisory,1,5014,1,2026-04-01 14:56:05,2026-04-01 14:56:05
19060,return generation,1,5014,1,2026-04-01 16:20:06,2026-04-01 16:20:06
19061,A3,1,5014,1,2026-04-01 18:47:20,2026-04-01 18:47:20
19062,Product demonstration and consultant,1,19,1,2026-04-02 12:58:37,2026-04-02 12:58:37
19063,Implementation Consultant,1,19,1,2026-04-02 12:58:37,2026-04-02 12:58:37
19064,test,1,639,1,2026-04-02 15:10:46,2026-04-02 15:10:46
19065,technical knowledge,1,5014,1,2026-04-02 15:25:51,2026-04-02 15:25:51
19066,problem diagnosisss,1,38941,1,2026-04-02 15:45:39,2026-04-02 15:45:39
19067,escalation handling,1,38941,1,2026-04-02 15:46:17,2026-04-02 15:46:17
19068,ticket resolution,1,38941,1,2026-04-02 15:46:17,2026-04-02 15:46:17
19069,status reporting,1,38941,1,2026-04-02 16:03:01,2026-04-02 16:03:01
19070,software proficiency,1,5014,1,2026-04-04 11:37:22,2026-04-04 11:37:22
19071,monitoring implementation,1,5014,1,2026-04-04 11:37:22,2026-04-04 11:37:22
19072,safety enforcement,1,18,1,2026-04-07 12:22:06,2026-04-07 12:22:06
19073,production monitoring,1,18,1,2026-04-07 12:22:06,2026-04-07 12:22:06
19074,reporting quality,1,18,1,2026-04-07 12:22:06,2026-04-07 12:22:06
19075,process compliance,1,18,1,2026-04-07 12:22:06,2026-04-07 12:22:06
19076,quality management,1,39314,1,2026-04-08 12:08:17,2026-04-08 12:08:17
19077,Quality Management Systems (QMS),1,39314,1,2026-04-08 12:08:17,2026-04-08 12:08:17
19078,Management Expert,1,39314,1,2026-04-08 12:08:17,2026-04-08 12:08:17
19079,Implementor,1,39314,1,2026-04-08 12:42:26,2026-04-08 12:42:26
19080,Office Assitant,1,39314,1,2026-04-08 12:42:26,2026-04-08 12:42:26
19081,Application Support Engineer,1,38872,1,2026-04-08 12:54:04,2026-04-08 12:54:04
19082,Technical Field Assistant,1,38872,1,2026-04-08 12:54:04,2026-04-08 12:54:04
19083,analyst,1,39314,1,2026-04-08 15:13:01,2026-04-08 15:13:01
19084,Research Associate,1,39314,1,2026-04-08 15:13:02,2026-04-08 15:13:02
19085,Artificial Intelligence Analyst,1,39314,1,2026-04-08 15:13:02,2026-04-08 15:13:02
19086,R2R analyst,1,39314,1,2026-04-08 15:13:02,2026-04-08 15:13:02
19087,Housekeeping executive,1,39314,1,2026-04-08 15:23:16,2026-04-08 15:23:16
19088,Assistant manager,1,39314,1,2026-04-08 15:23:16,2026-04-08 15:23:16
19089,Housekeeping Management,1,39314,1,2026-04-08 15:23:16,2026-04-08 15:23:16
19090,Housekeeping services,1,39314,1,2026-04-08 15:23:16,2026-04-08 15:23:16
19091,assistant branch manager,1,39314,1,2026-04-08 15:23:16,2026-04-08 15:23:16
19092,Sales Assistant,1,39314,1,2026-04-08 15:23:16,2026-04-08 15:23:16
19093,full stack development using mern stack,1,39335,1,2026-04-09 16:01:16,2026-04-09 16:01:16
19094,Full-Stack Development,1,39335,1,2026-04-09 16:01:16,2026-04-09 16:01:16
19095,"frontend developement, Backend development , fullstack web app development",1,39335,1,2026-04-09 16:01:16,2026-04-09 16:01:16
19096,Driver,1,639,1,2026-04-09 16:43:43,2026-04-09 16:43:43
19097,technology versatility,1,639,1,2026-04-10 11:29:15,2026-04-10 11:29:15
19098,Culinary Techniques,1,39314,1,2026-04-10 11:30:52,2026-04-10 11:30:52
19099,Food Safety and Sanitation,1,39314,1,2026-04-10 11:30:52,2026-04-10 11:30:52
19100,Creativity and Innovation,1,39314,1,2026-04-10 11:30:53,2026-04-10 11:30:53
19101,Recipe Standardization,1,39314,1,2026-04-10 11:30:53,2026-04-10 11:30:53
19102,ui implementation,1,39072,1,2026-04-10 11:32:25,2026-04-10 11:32:25
19103,api design,1,39072,1,2026-04-10 11:32:25,2026-04-10 11:32:25
19104,SEO optimization,1,639,1,2026-04-10 11:56:35,2026-04-10 11:56:35
19105,Content management systems (CMS),1,639,1,2026-04-10 11:56:35,2026-04-10 11:56:35
19106,deployment proficiency,1,639,1,2026-04-10 12:10:16,2026-04-10 12:10:16
19107,Yash1,1,639,1,2026-04-10 16:00:15,2026-04-10 16:00:15
19108,Yash2,1,639,1,2026-04-10 16:00:15,2026-04-10 16:00:15
19109,Piano proficiency,1,39314,1,2026-04-10 17:32:38,2026-04-10 17:32:38
19110,Music theory knowledge,1,39314,1,2026-04-10 17:32:38,2026-04-10 17:32:38
19111,Patience,1,39314,1,2026-04-10 17:32:38,2026-04-10 17:32:38
19112,Figma for lesson design,1,39314,1,2026-04-10 17:32:38,2026-04-10 17:32:38
19113, adfja dfaj dakdfj adfj aldkfj adkjfak flak dfakd flakdjf akjdf aldfj lakdjf alkdjf alkdjf alkdjf akldfj alkdjfalkdjf alkdfja dkfja dkjfa dlfkjaldkf adlkfj aldkfj aldkfj aldkfj alkdfj a,1,39314,1,2026-04-10 17:32:38,2026-04-10 17:32:38
19114,stack integration,1,639,1,2026-04-11 10:52:17,2026-04-11 10:52:17
19115,end to end,1,639,1,2026-04-11 10:52:17,2026-04-11 10:52:17
19116,Roadmapping,1,39256,1,2026-04-11 11:57:58,2026-04-11 11:57:58
19117,Agile Methodology,1,39256,1,2026-04-11 12:37:32,2026-04-11 12:37:32
19118,Responsive Design,1,639,1,2026-04-13 12:39:16,2026-04-13 12:39:16
19119,React,1,639,1,2026-04-13 12:39:16,2026-04-13 12:39:16
19120,browser compatibility,1,639,1,2026-04-13 12:41:59,2026-04-13 12:41:59
19121,Clinical expertise,1,38860,1,2026-04-13 16:31:03,2026-04-13 16:31:03
19122,Project management (Agile methodology),1,38860,1,2026-04-13 16:31:03,2026-04-13 16:31:03
19123,Regulatory compliance knowledge,1,38860,1,2026-04-13 16:31:03,2026-04-13 16:31:03
19124,Electronic health record (EHR) systems,1,38860,1,2026-04-13 16:31:03,2026-04-13 16:31:03
19125,Project Management (Agile/Scrum),1,38860,1,2026-04-13 16:37:39,2026-04-13 16:37:39
19126,Collaboration,1,38860,1,2026-04-13 17:00:58,2026-04-13 17:00:58
19127,Tax compliance knowledge,1,38860,1,2026-04-14 12:51:28,2026-04-14 12:51:28
19128,"Proficiency in tax software (e.g., Intuit ProConnect, Thomson Reuters)",1,38860,1,2026-04-14 12:51:28,2026-04-14 12:51:28
19129,Data analysis skills,1,38860,1,2026-04-14 12:51:28,2026-04-14 12:51:28
19130,Understanding of tax regulations and laws,1,38860,1,2026-04-14 12:51:28,2026-04-14 12:51:28
19131,Assessment and Evaluation,1,39311,1,2026-04-14 13:30:16,2026-04-14 13:30:16
19132,Collaboration Tools (e.g. Google Classroom),1,39311,1,2026-04-14 13:30:16,2026-04-14 13:30:16
19133,infrastructure automation,1,39311,1,2026-04-16 13:30:34,2026-04-16 13:30:34
19134,multitasking ability,1,38872,1,2026-04-16 13:36:12,2026-04-16 13:36:12
19135,creative input,1,38872,1,2026-04-16 13:36:12,2026-04-16 13:36:12
19136,Rest Api,1,39001,1,2026-04-17 12:03:08,2026-04-17 12:03:08
19137,Artistic Techniques,1,39335,1,2026-04-17 15:05:50,2026-04-17 15:05:50
19138,Project Management (Agile),1,39335,1,2026-04-17 15:46:30,2026-04-17 15:46:30
19139,ISO 9001 Standards,1,38860,1,2026-04-17 16:54:07,2026-04-17 16:54:07
19140,FMEA (Failure Mode and Effects Analysis),1,38860,1,2026-04-17 16:54:08,2026-04-17 16:54:08
19141,performance analysis,1,38860,1,2026-04-17 17:33:19,2026-04-17 17:33:19
19142,report quality,1,38860,1,2026-04-17 17:36:11,2026-04-17 17:36:11
19143,documentation quality,1,38860,1,2026-04-17 17:36:11,2026-04-17 17:36:11
19144,defect reporting,1,38860,1,2026-04-17 17:36:11,2026-04-17 17:36:11
19145,lead conversion,1,5014,1,2026-04-20 10:47:36,2026-04-20 10:47:36
19146,API implement,1,5014,1,2026-04-20 11:06:39,2026-04-20 11:06:39
19147,AWS,1,5014,1,2026-04-20 11:06:39,2026-04-20 11:06:39
19148,CI4,1,5014,1,2026-04-20 11:06:39,2026-04-20 11:06:39
19149,ci cd integration,1,39311,1,2026-04-20 11:21:24,2026-04-20 11:21:24
19150,Judicial writing,1,639,1,2026-04-20 18:20:24,2026-04-20 18:20:24
19151,Microservices Architecture,1,40071,1,2026-04-21 15:28:35,2026-04-21 15:28:35
19152,DevOps Practices,1,40071,1,2026-04-21 15:28:35,2026-04-21 15:28:35
19153,rewrwrw,1,40071,1,2026-04-21 15:30:26,2026-04-21 15:30:26
19154,negotiation mastery,1,40071,1,2026-04-21 15:30:26,2026-04-21 15:30:26
19155,design innovation,1,40071,1,2026-04-21 15:30:26,2026-04-21 15:30:26
19156,test drive coordination,1,5014,1,2026-04-21 17:47:57,2026-04-21 17:47:57
19157,design accuracy,1,39256,1,2026-04-21 17:52:34,2026-04-21 17:52:34
19158,PHP programming,1,40072,1,2026-04-21 17:59:04,2026-04-21 17:59:04
19159,Laravel framework,1,40072,1,2026-04-21 17:59:04,2026-04-21 17:59:04
19160,Jira project management,1,40072,1,2026-04-21 17:59:04,2026-04-21 17:59:04
19161,security implementation,1,5014,1,2026-04-21 18:03:46,2026-04-21 18:03:46
19162,product expertise,1,39335,1,2026-04-22 13:13:09,2026-04-22 13:13:09
19163,customer advisory,1,39335,1,2026-04-22 13:13:09,2026-04-22 13:13:09
19164,sales conversion,1,39335,1,2026-04-22 13:13:09,2026-04-22 13:13:09
19165,Lean Methodology,1,313,1,2026-04-22 15:15:28,2026-04-22 15:15:28
19166,node,1,40071,1,2026-04-22 19:06:26,2026-04-22 19:06:26
19167,code maintainability,1,40071,1,2026-04-22 19:07:07,2026-04-22 19:07:07
19168,error handling,1,40071,1,2026-04-22 19:13:57,2026-04-22 19:13:57
19169,Organizational skills,1,39314,1,2026-04-23 14:39:42,2026-04-23 14:39:42
19170,Microsoft Office Suite,1,39314,1,2026-04-23 14:40:38,2026-04-23 14:40:38
19171,Recruitment Strategies,1,40071,1,2026-04-24 11:26:31,2026-04-24 11:26:31
19172,program design,1,5014,1,2026-04-24 13:00:18,2026-04-24 13:00:18
19173,Patient communication,1,38860,1,2026-04-27 13:27:01,2026-04-27 13:27:01
19174,Oral surgery techniques,1,38860,1,2026-04-27 13:27:01,2026-04-27 13:27:01
19175,Empathy,1,38860,1,2026-04-27 13:27:01,2026-04-27 13:27:01
19176,CAD/CAM technology,1,38860,1,2026-04-27 13:27:01,2026-04-27 13:27:01
19177,Physical fitness and endurance,1,38860,1,2026-04-27 14:52:43,2026-04-27 14:52:43
19178,Basic mechanical skills,1,38860,1,2026-04-27 14:52:43,2026-04-27 14:52:43
19179,coordination skill,1,38860,1,2026-04-27 17:15:15,2026-04-27 17:15:15
19180,software expertise,1,38860,1,2026-04-27 17:15:15,2026-04-27 17:15:15
19181,test coverage,1,38872,1,2026-04-27 17:29:03,2026-04-27 17:29:03
19182,test case writing,1,38860,1,2026-04-27 18:12:38,2026-04-27 18:12:38
19183,MySQL database management,1,40079,1,2026-04-27 18:42:45,2026-04-27 18:42:45
19184,RESTful API development,1,40079,1,2026-04-27 18:42:45,2026-04-27 18:42:45
19185,RESTful API design,1,40079,1,2026-04-28 10:24:19,2026-04-28 10:24:19
19186,SQL databases,1,40079,1,2026-04-28 10:24:19,2026-04-28 10:24:19
19187,User Experience (UX) Research,1,40071,1,2026-04-28 10:38:14,2026-04-28 10:38:14
19188,CRM Software (e.g. Salesforce),1,40071,1,2026-04-28 11:41:54,2026-04-28 11:41:54
19189,CRM software proficiency,1,39001,1,2026-04-28 14:50:43,2026-04-28 14:50:43
19190,business operations,1,38860,1,2026-04-28 18:45:13,2026-04-28 18:45:13
19191,job coordinatio,1,38860,1,2026-04-28 18:45:13,2026-04-28 18:45:13
19192,proactive support,1,38860,1,2026-04-28 18:45:13,2026-04-28 18:45:13
19193,Sas analyst,1,39001,1,2026-04-29 12:06:21,2026-04-29 12:06:21
19194,Sharepoint consultant,1,39001,1,2026-04-29 12:06:21,2026-04-29 12:06:21
19195,Neurosurgeon,1,39001,1,2026-04-29 12:08:28,2026-04-29 12:08:28
19196,Attendance clerk,1,39001,1,2026-04-29 12:08:28,2026-04-29 12:08:28
19197,component reusability,1,639,1,2026-04-29 12:21:41,2026-04-29 12:21:41
19198,code architecture,1,639,1,2026-05-01 13:33:04,2026-05-01 13:33:04
19199,ad optimization,1,39335,1,2026-05-02 10:41:20,2026-05-02 10:41:20
19200,campaign optimization,1,39335,1,2026-05-02 10:41:20,2026-05-02 10:41:20
19201,campaign execution,1,39335,1,2026-05-02 10:41:20,2026-05-02 10:41:20
19202,Creative Problem Solving,1,19,1,2026-05-04 12:24:05,2026-05-04 12:24:05
19203,Project Management (Jira),1,19,1,2026-05-04 12:24:05,2026-05-04 12:24:05
19204,equipment operation,1,19,1,2026-05-04 12:35:29,2026-05-04 12:35:29
19205,worker coordination,1,19,1,2026-05-04 12:38:57,2026-05-04 12:38:57
19206,production speed,1,39001,1,2026-05-04 13:40:37,2026-05-04 13:40:37
19207,Senior account,1,39001,1,2026-05-04 15:06:53,2026-05-04 15:06:53
19208,material preparation,1,27244,1,2026-05-05 11:31:02,2026-05-05 11:31:02
19209,audience targeting,1,27244,1,2026-05-05 11:32:25,2026-05-05 11:32:25
19210,Information technology consultant,1,39001,1,2026-05-06 10:39:21,2026-05-06 10:39:21
19211,Prosci ADKAR Model,1,18,1,2026-05-06 17:55:57,2026-05-06 17:55:57
19212,Change Impact Analysis,1,18,1,2026-05-06 17:55:57,2026-05-06 17:55:57
19213,next,1,40083,1,2026-05-07 11:37:23,2026-05-07 11:37:23
19214,process execution,1,39314,1,2026-05-07 14:44:12,2026-05-07 14:44:12
19215,research contribution,1,39314,1,2026-05-07 14:57:24,2026-05-07 14:57:24
19216,feedback implementation,1,39314,1,2026-05-07 15:53:43,2026-05-07 15:53:43
19217,roi tracking,1,27244,1,2026-05-11 11:56:35,2026-05-11 11:56:35
19218,partner onboarding,1,40088,1,2026-05-13 17:03:01,2026-05-13 17:03:01
19219,Excel proficiency,1,19,1,2026-05-14 17:56:55,2026-05-14 17:56:55
19220,Solution Developer,1,39314,1,2026-05-16 13:34:32,2026-05-16 13:34:32
19221,Lead software developer,1,39314,1,2026-05-16 13:34:32,2026-05-16 13:34:32
19222,It-manager,1,39314,1,2026-05-16 13:34:32,2026-05-16 13:34:32
19223,Education officer,1,39314,1,2026-05-16 13:34:32,2026-05-16 13:34:32
19224,Credit risk assessment,1,39346,1,2026-05-16 17:35:19,2026-05-16 17:35:19
19225,Loan origination software proficiency,1,39346,1,2026-05-16 17:35:19,2026-05-16 17:35:19
19226,Customer relationship management,1,39346,1,2026-05-16 17:35:19,2026-05-16 17:35:19
19227,Version control (Git),1,5014,1,2026-05-18 12:16:58,2026-05-18 12:16:58
19228,technical expertise,1,8545,1,2026-05-18 12:19:36,2026-05-18 12:19:36
19229,we fed,1,39001,1,2026-05-18 18:42:10,2026-05-18 18:42:10
19230,we fedsfef,1,39001,1,2026-05-18 18:42:10,2026-05-18 18:42:10
19231,system navigation,1,8545,1,2026-05-18 23:50:30,2026-05-18 23:50:30
19232,Python programming,1,39256,1,2026-05-19 11:16:47,2026-05-19 11:16:47
19233,shdghgd,1,39001,1,2026-05-19 15:53:18,2026-05-19 15:53:18
19234,Graphic design fundamentals,1,639,1,2026-05-19 17:28:03,2026-05-19 17:28:03
19235,UX/UI design principles,1,639,1,2026-05-19 17:28:03,2026-05-19 17:28:03
19236,wade,1,39001,1,2026-05-21 10:26:48,2026-05-21 10:26:48
19237,material issue,1,5014,1,2026-05-21 18:04:08,2026-05-21 18:04:08
19238,budget utilization,1,5014,1,2026-05-21 18:07:01,2026-05-21 18:07:01
19239,call handling,1,5014,1,2026-05-21 18:16:05,2026-05-21 18:16:05
19240,developer,1,5014,1,2026-05-21 18:19:25,2026-05-21 18:19:25
19241,this is my first skill,1,18,1,2026-05-22 12:51:34,2026-05-22 12:51:34
19242,test drive coordination test drive coordination test,1,18,1,2026-05-22 13:14:45,2026-05-22 13:14:45
19243,SQL for Database Testing,1,40119,1,2026-05-25 16:52:08,2026-05-25 16:52:08
19244,Manual Tester,1,40119,1,2026-05-25 18:04:34,2026-05-25 18:04:34
19245,c sharp,1,40119,1,2026-05-26 16:29:55,2026-05-26 16:29:55
19246,sql server,1,40119,1,2026-05-26 16:29:55,2026-05-26 16:29:55
19247,Ultrasonic Testing (UT),1,39256,1,2026-05-26 18:13:02,2026-05-26 18:13:02
19248,Safety Compliance,1,39256,1,2026-05-26 18:13:02,2026-05-26 18:13:02
19249,Radiographic Testing (RT),1,39256,1,2026-05-26 18:13:02,2026-05-26 18:13:02
19250,insight generation,1,8545,1,2026-05-26 18:19:19,2026-05-26 18:19:19
19251,application guidance,1,8545,1,2026-05-26 18:19:19,2026-05-26 18:19:19
19252,research depth,1,8545,1,2026-05-26 18:19:20,2026-05-26 18:19:20
19253,reporting discipline,1,639,1,2026-05-27 14:42:42,2026-05-27 14:42:42
19254,Benefits administrator,1,40135,1,2026-05-27 15:20:21,2026-05-27 15:20:21
19255,Enterprise account executive,1,40135,1,2026-05-27 15:20:21,2026-05-27 15:20:21
19256,Data Magriation,1,40119,1,2026-05-27 16:03:41,2026-05-27 16:03:41
19257,java selenium,1,40119,1,2026-05-28 11:53:49,2026-05-28 11:53:49
19258,java end selenium webdriver frontend PHP developer,1,40119,1,2026-05-28 11:54:57,2026-05-28 11:54:57
19259,subject expertise,1,39001,1,2026-05-29 10:59:10,2026-05-29 10:59:10
19260,professional development,1,39001,1,2026-05-29 10:59:10,2026-05-29 10:59:10
19261,emergency handling,1,39001,1,2026-05-29 10:59:10,2026-05-29 10:59:10
19262,Data analysis and reporting,1,40140,1,2026-05-29 14:56:16,2026-05-29 14:56:16
19263,creative briefing,1,40140,1,2026-05-30 11:26:09,2026-05-30 11:26:09
19264,offline handling,1,40140,1,2026-05-30 11:26:09,2026-05-30 11:26:09
19265,event execution,1,40140,1,2026-05-30 11:26:09,2026-05-30 11:26:09
19266,threat detection,1,39314,1,2026-06-01 12:03:49,2026-06-01 12:03:49
19267,source verification,1,39314,1,2026-06-01 12:13:06,2026-06-01 12:13:06
19268,market feedback,1,27244,1,2026-06-01 13:07:51,2026-06-01 13:07:51
19269,brand representation,1,27244,1,2026-06-01 13:07:51,2026-06-01 13:07:51
19270,policy sales,1,27244,1,2026-06-01 13:07:51,2026-06-01 13:07:51
19271,Test Automation Framework Development,1,39256,1,2026-06-01 17:16:48,2026-06-01 17:16:48
19272,Defect Tracking and Management,1,39256,1,2026-06-01 17:16:48,2026-06-01 17:16:48
19273,IoT Testing,1,40137,1,2026-06-02 15:34:41,2026-06-02 15:34:41
19274,Data Warehouse,1,40137,1,2026-06-02 15:42:05,2026-06-02 15:42:05
19275,Data Transformation,1,40137,1,2026-06-02 15:42:05,2026-06-02 15:42:05
19276,Data Modelling,1,40137,1,2026-06-02 15:42:05,2026-06-02 15:42:05
19277,Fabric,1,40137,1,2026-06-02 15:42:05,2026-06-02 15:42:05
19278,SQL Proficiency,1,40137,1,2026-06-02 15:42:05,2026-06-02 15:42:05
19279,Excel Expertise,1,40137,1,2026-06-02 15:42:05,2026-06-02 15:42:05
19280,Statistical Analysis,1,40137,1,2026-06-02 15:42:05,2026-06-02 15:42:05
19281,Market Research Methodologies,1,40137,1,2026-06-02 15:51:07,2026-06-02 15:51:07
19282,Excel Advanced Functions,1,40137,1,2026-06-02 15:51:07,2026-06-02 15:51:07
19283,Android SDK Proficiency,1,40137,1,2026-06-02 17:18:05,2026-06-02 17:18:05
19284,UI/UX Design Principles,1,40137,1,2026-06-02 17:18:05,2026-06-02 17:18:05
19285,CI/CD pipelines,1,40137,1,2026-06-02 17:18:05,2026-06-02 17:18:05
19286,Jetpack libraries,1,40137,1,2026-06-02 17:18:05,2026-06-02 17:18:05
19287,MVP,1,40137,1,2026-06-02 17:18:05,2026-06-02 17:18:05
19288,Problem-Solving Skills,1,40137,1,2026-06-02 17:18:05,2026-06-02 17:18:05
19289,API Tester,1,40137,1,2026-06-03 12:58:11,2026-06-03 12:58:11
19290,Validation Testing,1,40137,1,2026-06-03 12:58:11,2026-06-03 12:58:11
19291,videoo,1,39314,1,2026-06-03 13:25:33,2026-06-03 13:25:33
19292,mobile debugging,1,39239,1,2026-06-03 15:58:12,2026-06-03 15:58:12
19293,Digital Marketing Tools,1,40137,1,2026-06-03 17:59:32,2026-06-03 17:59:32
19294,conversion rate,1,27244,1,2026-06-04 11:27:58,2026-06-04 11:27:58
19295,campaign setup,1,27244,1,2026-06-04 11:27:58,2026-06-04 11:27:58
19296,conversion tracking,1,27244,1,2026-06-04 11:27:58,2026-06-04 11:27:58
19297,store deployment,1,27244,1,2026-06-04 11:43:26,2026-06-04 11:43:26
19298,apex development,1,27244,1,2026-06-04 11:43:26,2026-06-04 11:43:26
19299,concept of oops,1,40137,1,2026-06-04 17:15:43,2026-06-04 17:15:43
19300,Sales Forecasting,1,8545,1,2026-06-05 11:18:45,2026-06-05 11:18:45
19301,Scripting Languages,1,40218,1,2026-06-05 14:45:25,2026-06-05 14:45:25
19302,Robotic Process Automation (RPA),1,40218,1,2026-06-05 14:45:25,2026-06-05 14:45:25
19303,Senior application engineer,1,40222,1,2026-06-05 16:52:55,2026-06-05 16:52:55
19304,Senior reporter,1,40222,1,2026-06-05 16:52:55,2026-06-05 16:52:55
19305,DATA ANALYTICS,1,40245,1,2026-06-06 15:22:27,2026-06-06 15:22:27
19306,Constituent Engagement,1,40245,1,2026-06-06 15:25:15,2026-06-06 15:25:15
19307,Data Interpretation,1,40245,1,2026-06-06 15:25:15,2026-06-06 15:25:15
19308,Collaboration and Teamwork,1,40245,1,2026-06-06 15:26:39,2026-06-06 15:26:39
19309,Software Testing Techniques,1,40245,1,2026-06-06 15:26:39,2026-06-06 15:26:39
19310,system knowledge,1,40265,1,2026-06-08 13:45:58,2026-06-08 13:45:58
19311,candidate experience,1,39001,1,2026-06-08 15:05:04,2026-06-08 15:05:04
19312,abc,1,39314,1,2026-06-09 11:22:23,2026-06-09 11:22:23
19313,videoooooo,1,39314,1,2026-06-09 13:28:08,2026-06-09 13:28:08
19314,HTML/CSS,1,40290,1,2026-06-09 15:50:56,2026-06-09 15:50:56
19315,JavaScript,1,40290,1,2026-06-09 15:50:56,2026-06-09 15:50:56
19316,Problem Solving,1,40290,1,2026-06-09 15:50:56,2026-06-09 15:50:56
19317,Color Theory Expertise,1,39256,1,2026-06-09 18:03:48,2026-06-09 18:03:48
19318,Budgeting and Financial Planning,1,40279,1,2026-06-09 18:34:55,2026-06-09 18:34:55
19319,Email marketing,1,40312,1,2026-06-10 13:02:20,2026-06-10 13:02:20
19320,product knowledge,1,40312,1,2026-06-10 14:53:56,2026-06-10 14:53:56
19321,relationship management,1,40312,1,2026-06-10 14:53:56,2026-06-10 14:53:56
19322,analytics tracking,1,40312,1,2026-06-10 14:53:56,2026-06-10 14:53:56
19323,Inventory Management,1,38872,1,2026-06-10 16:55:11,2026-06-10 16:55:11
19324,Sales Strategy Development,1,38872,1,2026-06-10 16:55:11,2026-06-10 16:55:11
19325,Data Analysis Tools,1,38872,1,2026-06-10 16:55:11,2026-06-10 16:55:11
19326,Game Rules Knowledge,1,38872,1,2026-06-10 16:57:26,2026-06-10 16:57:26
19327,Conflict Resolution Skills,1,38872,1,2026-06-10 16:57:26,2026-06-10 16:57:26
19328,Time Management Techniques,1,38872,1,2026-06-10 16:57:26,2026-06-10 16:57:26
19329,deal closure,1,38872,1,2026-06-10 17:16:43,2026-06-10 17:16:43
19330,negotiation skill,1,38872,1,2026-06-10 17:16:43,2026-06-10 17:16:43
19331,Data Operation Associate,1,39001,1,2026-06-10 18:28:24,2026-06-10 18:28:24
19332,Information technology support specialist,1,39001,1,2026-06-10 18:28:24,2026-06-10 18:28:24
19333,Java,1,40326,1,2026-06-11 10:58:50,2026-06-11 10:58:50
19334,Version Control with Git,1,40325,1,2026-06-11 12:38:33,2026-06-11 12:38:33
19335,Project Management,1,38872,1,2026-06-11 15:47:55,2026-06-11 15:47:55
19336,Inventory Management Software Proficiency,1,19,1,2026-06-11 17:47:55,2026-06-11 17:47:55
19337,Lean Inventory Methodology,1,19,1,2026-06-11 17:47:55,2026-06-11 17:47:55
19338,network uptime,1,39239,1,2026-06-11 18:19:05,2026-06-11 18:19:05
19339,material handling,1,19,1,2026-06-11 18:23:22,2026-06-11 18:23:22
19340,inventory coordination,1,19,1,2026-06-11 18:23:49,2026-06-11 18:23:49
19341,technical proficiency,1,40279,1,2026-06-11 18:49:27,2026-06-11 18:49:27
19342,output quality,1,40279,1,2026-06-11 18:49:27,2026-06-11 18:49:27
19343,Data Entry,1,39314,1,2026-06-12 11:17:04,2026-06-12 11:17:04
19344,Commercial coordinator,1,39239,1,2026-06-12 11:20:09,2026-06-12 11:20:09
19345,Agile Methodologies,1,40331,1,2026-06-12 12:59:06,2026-06-12 12:59:06
19346,Dart,1,40335,1,2026-06-12 13:17:57,2026-06-12 13:17:57
19347,GitHub,1,40340,1,2026-06-12 16:39:57,2026-06-12 16:39:57
19348,GitLab,1,40340,1,2026-06-12 16:39:57,2026-06-12 16:39:57
19349,as s,1,18,1,2026-06-12 19:00:31,2026-06-12 19:00:31
19350,qwer qwe qwe,1,18,1,2026-06-12 19:00:44,2026-06-12 19:00:44
19351,HTML,1,40352,1,2026-06-13 11:58:07,2026-06-13 11:58:07
19352,Financial Analysis,1,40352,1,2026-06-13 12:47:03,2026-06-13 12:47:03
19353,Budgeting Techniques,1,40352,1,2026-06-13 12:47:03,2026-06-13 12:47:03
19354,API Testing,1,40355,1,2026-06-13 13:21:50,2026-06-13 13:21:50
19355,ArcGIS Pro,1,40355,1,2026-06-13 13:21:51,2026-06-13 13:21:51
19356,Geospatial Data Management,1,40355,1,2026-06-13 13:21:51,2026-06-13 13:21:51
19357,JIRA,1,40355,1,2026-06-13 13:25:55,2026-06-13 13:25:55
19358,Selenium,1,40355,1,2026-06-13 13:25:55,2026-06-13 13:25:55
19359,as asdasd,1,18,1,2026-06-13 15:24:37,2026-06-13 15:24:37
19360,LEGAL RESEARCH,1,40357,1,2026-06-13 16:16:12,2026-06-13 16:16:12
19361,DISPUTE RESOLUTION,1,40357,1,2026-06-13 16:16:12,2026-06-13 16:16:12
19362,Microsoft Excel Proficiency,1,40279,1,2026-06-15 14:58:10,2026-06-15 14:58:10
19363,JavaScript Frameworks,1,39256,1,2026-06-15 15:30:15,2026-06-15 15:30:15
19364,Kotlin Programming,1,40200,1,2026-06-16 13:41:22,2026-06-16 13:41:22
19365,Pediatric Neurology,1,40412,1,2026-06-16 18:28:28,2026-06-16 18:28:28
19366,Data Visualization,1,40349,1,2026-06-17 10:27:02,2026-06-17 10:27:02
19367,Data Migration,1,40349,1,2026-06-17 10:46:37,2026-06-17 10:46:37
19368,Tailwind CSS,1,40440,1,2026-06-18 11:02:03,2026-06-18 11:02:03
19369,Django,1,40440,1,2026-06-18 11:02:05,2026-06-18 11:02:05
19370,Razorpay,1,40440,1,2026-06-18 11:02:05,2026-06-18 11:02:05
19371,Node.js,1,40440,1,2026-06-18 11:02:05,2026-06-18 11:02:05
19372,Argo CD,1,40440,1,2026-06-18 11:02:06,2026-06-18 11:02:06
19373,PostgreSQL,1,40440,1,2026-06-18 11:02:06,2026-06-18 11:02:06
19374,Firebase Realtime Database,1,40440,1,2026-06-18 11:02:07,2026-06-18 11:02:07
19375,MongoDB,1,40440,1,2026-06-18 11:02:07,2026-06-18 11:02:07
19376,Redis,1,40440,1,2026-06-18 11:02:07,2026-06-18 11:02:07
19377,Git,1,40440,1,2026-06-18 11:02:08,2026-06-18 11:02:08
19378,Active Listening,1,40440,1,2026-06-18 12:55:12,2026-06-18 12:55:12
19379,Nutritional Knowledge,1,40440,1,2026-06-18 12:55:12,2026-06-18 12:55:12
19380,Regression Testing,1,40452,1,2026-06-19 16:03:06,2026-06-19 16:03:06
19381,Manual Testing,1,40452,1,2026-06-19 16:03:06,2026-06-19 16:03:06
19382,campaign coordination,1,18,1,2026-06-19 16:25:02,2026-06-19 16:25:02
19383,brand voice,1,18,1,2026-06-19 16:25:02,2026-06-19 16:25:02
19384,funnel optimization,1,18,1,2026-06-19 16:25:29,2026-06-19 16:25:29
19385,campaign planning,1,18,1,2026-06-19 16:31:04,2026-06-19 16:31:04
19386,HTML/CSS Proficiency,1,40290,1,2026-06-19 16:38:10,2026-06-19 16:38:10
19387,Responsive Web Design,1,40290,1,2026-06-19 16:38:10,2026-06-19 16:38:10
19388,Version Control Systems,1,40290,1,2026-06-19 16:38:10,2026-06-19 16:38:10
19389,tool proficiency,1,40465,1,2026-06-22 16:42:46,2026-06-22 16:42:46
19390,Data Analysis,1,40349,1,2026-06-23 18:55:11,2026-06-23 18:55:11
19391,Conflict Resolution,1,40349,1,2026-06-23 18:55:11,2026-06-23 18:55:11
19392,Stakeholder Communication,1,40349,1,2026-06-23 18:55:11,2026-06-23 18:55:11
19393,Research Methodology,1,40290,1,2026-06-24 15:28:35,2026-06-24 15:28:35
19394,Fashion Trend Analysis,1,40479,1,2026-06-24 17:04:15,2026-06-24 17:04:15
19395,Automated Testing Frameworks,1,38860,1,2026-06-25 14:48:23,2026-06-25 14:48:23
19396,Test-Driven Development,1,38860,1,2026-06-25 14:48:23,2026-06-25 14:48:23
19397,delivery quality,1,38860,1,2026-06-25 17:54:08,2026-06-25 17:54:08
19398,DAX (Data Analysis Expressions),1,40119,1,2026-06-26 15:45:41,2026-06-26 15:45:41
19399,Power Query M Language,1,40119,1,2026-06-26 15:45:41,2026-06-26 15:45:41
19400,Object-Oriented Programming,1,38860,1,2026-06-29 12:15:36,2026-06-29 12:15:36
19401,Sales Techniques,1,40515,1,2026-06-30 15:42:12,2026-06-30 15:42:12
19402,Warehouse Management Systems (WMS),1,39072,1,2026-06-30 17:52:25,2026-06-30 17:52:25
19403,Customer Relationship Management (CRM) Software,1,40473,1,2026-07-01 12:02:01,2026-07-01 12:02:01
19404,Market Research Proficiency,1,40473,1,2026-07-01 12:16:02,2026-07-01 12:16:02
19405,Supplier Relationship Management,1,40473,1,2026-07-01 12:16:02,2026-07-01 12:16:02
19406,Data Analysis Techniques,1,40473,1,2026-07-01 12:16:02,2026-07-01 12:16:02
19407,Inventory Management Systems,1,40473,1,2026-07-01 12:16:02,2026-07-01 12:16:02
19408,Investment Strategies,1,40473,1,2026-07-01 12:18:33,2026-07-01 12:18:33
19409,Financial Planning Software Proficiency,1,40473,1,2026-07-01 12:18:33,2026-07-01 12:18:33
19410,Adobe Creative Suite,1,40551,1,2026-07-01 17:08:01,2026-07-01 17:08:01
19411,JavaScript & jQuery,1,40551,1,2026-07-01 17:08:02,2026-07-01 17:08:02
19412,Financial Reporting,1,40551,1,2026-07-01 17:13:48,2026-07-01 17:13:48
19413,Photo Editing Software Proficiency,1,40551,1,2026-07-01 17:16:01,2026-07-01 17:16:01
19414,Lighting Techniques,1,40551,1,2026-07-01 17:16:01,2026-07-01 17:16:01
19415,Cost Estimation,1,40551,1,2026-07-01 17:26:53,2026-07-01 17:26:53
19416,PHP,1,40265,1,2026-07-01 17:51:56,2026-07-01 17:51:56
19417,Employee Communication,1,40551,1,2026-07-01 18:13:48,2026-07-01 18:13:48
19418,Budgeting and Financial Management,1,40551,1,2026-07-01 18:50:42,2026-07-01 18:50:42
19419,Facility Maintenance Software Proficiency,1,40551,1,2026-07-01 18:50:42,2026-07-01 18:50:42
19420,Root Cause Analysis,1,40290,1,2026-07-03 17:50:00,2026-07-03 17:50:00
19421,Quality Management Systems,1,40290,1,2026-07-03 17:50:00,2026-07-03 17:50:00
19422,ISO Standards Compliance,1,40290,1,2026-07-03 17:50:00,2026-07-03 17:50:00
19423,e4rtert ee,1,18,1,2026-07-04 11:46:07,2026-07-04 11:46:07
19424,Flutter Framework,1,19,1,2026-07-06 11:58:42,2026-07-06 11:58:42
19425,interview coordination,1,40449,1,2026-07-06 15:05:54,2026-07-06 15:05:54
19426,Negotiation Techniques,1,40449,1,2026-07-06 15:14:33,2026-07-06 15:14:33
19427,database management,1,40449,1,2026-07-06 15:46:52,2026-07-06 15:46:52
19428,offer acceptance,1,40449,1,2026-07-06 15:46:52,2026-07-06 15:46:52
19429,Branding and Identity Development,1,39072,1,2026-07-07 17:34:07,2026-07-07 17:34:07
19430,table management,1,18,1,2026-07-08 13:24:21,2026-07-08 13:24:21
19431,menu knowledge,1,18,1,2026-07-08 13:24:21,2026-07-08 13:24:21
19432,hygiene standards,1,18,1,2026-07-08 13:24:33,2026-07-08 13:24:33
19433,complaint management,1,18,1,2026-07-08 13:24:33,2026-07-08 13:24:33
19434,order accuracy,1,18,1,2026-07-08 14:44:25,2026-07-08 14:44:25
19435,Dart Programming,1,40660,1,2026-07-08 18:13:45,2026-07-08 18:13:45
19436,RESTful API Integration,1,40660,1,2026-07-08 18:13:45,2026-07-08 18:13:45
19437,change management,1,40265,1,2026-07-09 11:41:11,2026-07-09 11:41:11
19438,Differentiated Instruction,1,40662,1,2026-07-09 18:40:58,2026-07-09 18:40:58
19439,user feedback,1,40660,1,2026-07-11 10:36:36,2026-07-11 10:36:36
19440,product demonstration,1,40660,1,2026-07-11 10:36:36,2026-07-11 10:36:36
