id,group_id,menu_permission,event_permission,status,added_by,owner_id,is_deleted,create_date,modify_date
13,1,"[\""1\"",\""2\"",\""3\"",\""4\"",\""5\"",\""6\"",\""7\"",\""8\"",\""9\"",\""10\"",\""11\"",\""12\"",\""13\"",\""14\""]","[\""1\"",\""2\"",\""3\"",\""4\"",\""5\"",\""6\"",\""7\"",\""8\"",\""9\"",\""10\"",\""11\"",\""12\"",\""13\"",\""14\"",\""15\""]",1,39071,39071,0,2026-01-22 11:27:42,2026-01-22 11:27:42
14,2,"[\""1\"",\""2\"",\""5\"",\""6\"",\""7\"",\""8\"",\""13\"",\""14\""]","[\""1\"",\""2\"",\""3\"",\""5\"",\""6\"",\""7\"",\""8\"",\""9\"",\""11\"",\""12\"",\""13\"",\""14\"",\""15\""]",1,39071,39071,0,2026-01-22 11:27:42,2026-01-22 11:27:42
15,3,"[\""1\"",\""2\"",\""5\"",\""6\"",\""7\"",\""8\"",\""14\""]","[\""1\"",\""2\"",\""3\"",\""5\"",\""9\"",\""12\"",\""13\"",\""14\""]",1,39071,39071,0,2026-01-22 11:27:42,2026-01-22 11:27:42
16,4,"[\""1\"",\""7\"",\""8\"",\""14\""]","[\""1\"",\""10\"",\""12\""]",1,39071,39071,0,2026-01-22 11:27:42,2026-01-22 11:27:42
17,1,"[\""1\"",\""2\"",\""3\"",\""4\"",\""5\"",\""6\"",\""7\"",\""8\"",\""9\"",\""10\"",\""11\"",\""12\"",\""13\"",\""14\""]","[\""1\"",\""2\"",\""3\"",\""4\"",\""5\"",\""6\"",\""7\"",\""8\"",\""9\"",\""10\"",\""11\"",\""12\"",\""13\"",\""14\"",\""15\""]",1,38860,38860,0,2026-01-22 11:28:23,2026-01-22 11:28:23
18,2,"[\""1\"",\""2\"",\""5\"",\""6\"",\""7\"",\""8\"",\""13\"",\""14\""]","[\""1\"",\""2\"",\""3\"",\""5\"",\""6\"",\""7\"",\""8\"",\""9\"",\""11\"",\""12\"",\""13\"",\""14\"",\""15\""]",1,38860,38860,0,2026-01-22 11:28:23,2026-01-22 11:28:23
19,3,"[\""1\"",\""2\"",\""5\"",\""6\"",\""7\"",\""8\"",\""14\""]","[\""1\"",\""2\"",\""3\"",\""5\"",\""9\"",\""12\"",\""13\"",\""14\""]",1,38860,38860,0,2026-01-22 11:28:23,2026-01-22 11:28:23
20,4,"[\""1\"",\""7\"",\""8\"",\""14\""]","[\""1\"",\""10\"",\""12\""]",1,38860,38860,0,2026-01-22 11:28:23,2026-01-22 11:28:23
21,1,"[\""1\"",\""2\"",\""3\"",\""4\"",\""5\"",\""6\"",\""7\"",\""8\"",\""9\"",\""10\"",\""11\"",\""12\"",\""13\"",\""14\""]","[\""1\"",\""2\"",\""3\"",\""4\"",\""5\"",\""6\"",\""7\"",\""8\"",\""9\"",\""10\"",\""11\"",\""12\"",\""13\"",\""14\"",\""15\""]",1,39074,39074,0,2026-01-22 11:49:53,2026-01-22 11:49:53
22,2,"[\""1\"",\""2\"",\""5\"",\""6\"",\""7\"",\""8\"",\""13\"",\""14\""]","[\""1\"",\""2\"",\""3\"",\""5\"",\""6\"",\""7\"",\""8\"",\""9\"",\""11\"",\""12\"",\""13\"",\""14\"",\""15\""]",1,39074,39074,0,2026-01-22 11:49:53,2026-01-22 11:49:53
23,3,"[\""1\"",\""2\"",\""5\"",\""6\"",\""7\"",\""8\"",\""14\""]","[\""1\"",\""2\"",\""3\"",\""5\"",\""9\"",\""12\"",\""13\"",\""14\""]",1,39074,39074,0,2026-01-22 11:49:53,2026-01-22 11:49:53
24,4,"[\""1\"",\""7\"",\""8\"",\""14\""]","[\""1\"",\""10\"",\""12\""]",1,39074,39074,0,2026-01-22 11:49:53,2026-01-22 11:49:53
25,1,"[\""1\"",\""2\"",\""3\"",\""4\"",\""5\"",\""6\"",\""7\"",\""8\"",\""9\"",\""10\"",\""11\"",\""12\"",\""13\"",\""14\""]","[\""1\"",\""2\"",\""3\"",\""4\"",\""5\"",\""6\"",\""7\"",\""8\"",\""9\"",\""10\"",\""11\"",\""12\"",\""13\"",\""14\"",\""15\""]",1,39075,39075,0,2026-01-22 11:54:02,2026-01-22 11:54:02
26,2,"[\""1\"",\""2\"",\""5\"",\""6\"",\""7\"",\""8\"",\""13\"",\""14\""]","[\""1\"",\""2\"",\""3\"",\""5\"",\""6\"",\""7\"",\""8\"",\""9\"",\""11\"",\""12\"",\""13\"",\""14\"",\""15\""]",1,39075,39075,0,2026-01-22 11:54:02,2026-01-22 11:54:02
27,3,"[\""1\"",\""2\"",\""5\"",\""6\"",\""7\"",\""8\"",\""14\""]","[\""1\"",\""2\"",\""3\"",\""5\"",\""9\"",\""12\"",\""13\"",\""14\""]",1,39075,39075,0,2026-01-22 11:54:02,2026-01-22 11:54:02
28,4,"[\""1\"",\""7\"",\""8\"",\""14\""]","[\""1\"",\""10\"",\""12\""]",1,39075,39075,0,2026-01-22 11:54:02,2026-01-22 11:54:02
29,1,"[\""1\"",\""2\"",\""3\"",\""4\"",\""5\"",\""6\"",\""7\"",\""8\"",\""9\"",\""10\"",\""11\"",\""12\"",\""13\"",\""14\""]","[\""1\"",\""2\"",\""3\"",\""4\"",\""5\"",\""6\"",\""7\"",\""8\"",\""9\"",\""10\"",\""11\"",\""12\"",\""13\"",\""14\"",\""15\""]",1,39076,39076,0,2026-01-22 12:01:29,2026-01-22 12:01:29
30,2,"[\""1\"",\""2\"",\""5\"",\""6\"",\""7\"",\""8\"",\""13\"",\""14\""]","[\""1\"",\""2\"",\""3\"",\""5\"",\""6\"",\""7\"",\""8\"",\""9\"",\""11\"",\""12\"",\""13\"",\""14\"",\""15\""]",1,39076,39076,0,2026-01-22 12:01:29,2026-01-22 12:01:29
31,3,"[\""1\"",\""2\"",\""5\"",\""6\"",\""7\"",\""8\"",\""14\""]","[\""1\"",\""2\"",\""3\"",\""5\"",\""9\"",\""12\"",\""13\"",\""14\""]",1,39076,39076,0,2026-01-22 12:01:29,2026-01-22 12:01:29
32,4,"[\""1\"",\""7\"",\""8\"",\""14\""]","[\""1\"",\""10\"",\""12\""]",1,39076,39076,0,2026-01-22 12:01:29,2026-01-22 12:01:29
33,9,"[\""1\"", \""2\"", \""3\"", \""4\"", \""5\"", \""6\"", \""7\"", \""8\"", \""9\"", \""10\"", \""11\"", \""12\"", \""13\"", \""14\""]","[\""1\"",\""2\"",\""3\"",\""4\"",\""5\"",\""7\"",\""12\""]",1,38860,38860,1,2026-01-22 12:13:20,2026-02-13 15:48:09
34,10,"[\""1\"", \""2\"", \""3\"", \""4\"", \""5\"", \""6\"", \""7\"", \""8\"", \""9\"", \""10\"", \""11\"", \""12\"", \""13\"", \""14\""]","[\""1\"",\""6\""]",1,38860,38860,1,2026-01-22 12:16:23,2026-01-22 18:15:43
35,1,"[\""1\"",\""2\"",\""3\"",\""4\"",\""5\"",\""6\"",\""7\"",\""8\"",\""9\"",\""10\"",\""11\"",\""12\"",\""13\"",\""14\""]","[\""1\"",\""2\"",\""3\"",\""4\"",\""5\"",\""6\"",\""7\"",\""8\"",\""9\"",\""10\"",\""11\"",\""12\"",\""13\"",\""14\"",\""15\""]",1,39077,39077,0,2026-01-22 12:24:36,2026-01-22 12:24:36
36,2,"[\""1\"",\""2\"",\""5\"",\""6\"",\""7\"",\""8\"",\""13\"",\""14\""]","[\""1\"",\""2\"",\""3\"",\""5\"",\""6\"",\""7\"",\""8\"",\""9\"",\""11\"",\""12\"",\""13\"",\""14\"",\""15\""]",1,39077,39077,0,2026-01-22 12:24:36,2026-01-22 12:24:36
37,3,"[\""1\"",\""2\"",\""5\"",\""6\"",\""7\"",\""8\"",\""14\""]","[\""1\"",\""2\"",\""3\"",\""5\"",\""9\"",\""12\"",\""13\"",\""14\""]",1,39077,39077,0,2026-01-22 12:24:36,2026-01-22 12:24:36
38,4,"[\""1\"",\""7\"",\""8\"",\""14\""]","[\""1\"",\""10\"",\""12\""]",1,39077,39077,0,2026-01-22 12:24:36,2026-01-22 12:24:36
39,1,"[\""1\"",\""2\"",\""3\"",\""4\"",\""5\"",\""6\"",\""7\"",\""8\"",\""9\"",\""10\"",\""11\"",\""12\"",\""13\"",\""14\""]","[\""1\"",\""2\"",\""3\"",\""4\"",\""5\"",\""6\"",\""7\"",\""8\"",\""9\"",\""10\"",\""11\"",\""12\"",\""13\"",\""14\"",\""15\""]",1,39078,39078,0,2026-01-22 12:36:43,2026-01-22 12:36:43
40,2,"[\""1\"",\""2\"",\""5\"",\""6\"",\""7\"",\""8\"",\""13\"",\""14\""]","[\""1\"",\""2\"",\""3\"",\""5\"",\""6\"",\""7\"",\""8\"",\""9\"",\""11\"",\""12\"",\""13\"",\""14\"",\""15\""]",1,39078,39078,0,2026-01-22 12:36:43,2026-01-22 12:36:43
41,3,"[\""1\"",\""2\"",\""5\"",\""6\"",\""7\"",\""8\"",\""14\""]","[\""1\"",\""2\"",\""3\"",\""5\"",\""9\"",\""12\"",\""13\"",\""14\""]",1,39078,39078,0,2026-01-22 12:36:43,2026-01-22 12:36:43
42,4,"[\""1\"",\""7\"",\""8\"",\""14\""]","[\""1\"",\""10\"",\""12\""]",1,39078,39078,0,2026-01-22 12:36:43,2026-01-22 12:36:43
43,1,"[\""1\"",\""2\"",\""3\"",\""4\"",\""5\"",\""6\"",\""7\"",\""8\"",\""9\"",\""10\"",\""11\"",\""12\"",\""13\"",\""14\""]","[\""1\"",\""2\"",\""3\"",\""4\"",\""5\"",\""6\"",\""7\"",\""8\"",\""9\"",\""10\"",\""11\"",\""12\"",\""13\"",\""14\"",\""15\""]",1,39314,38985,0,2026-01-22 12:39:30,2026-04-20 13:35:11
44,2,"[\""1\"",\""2\"",\""5\"",\""6\"",\""7\"",\""8\"",\""13\"",\""14\""]","[\""1\"",\""2\"",\""3\"",\""5\"",\""6\"",\""7\"",\""8\"",\""9\"",\""11\"",\""12\"",\""13\"",\""14\"",\""15\""]",1,38985,38985,0,2026-01-22 12:39:30,2026-01-22 12:39:30
45,3,"[\""1\"",\""2\"",\""5\"",\""6\"",\""7\"",\""8\"",\""14\""]","[\""1\"",\""2\"",\""3\"",\""5\"",\""9\"",\""12\"",\""13\"",\""14\""]",1,38985,38985,0,2026-01-22 12:39:30,2026-01-22 12:39:30
46,4,"[\""1\"",\""7\"",\""8\"",\""14\""]","[\""1\"",\""10\"",\""12\""]",1,38985,38985,0,2026-01-22 12:39:30,2026-01-22 12:39:30
47,1,"[\""1\"",\""2\"",\""3\"",\""4\"",\""5\"",\""6\"",\""7\"",\""8\"",\""9\"",\""10\"",\""11\"",\""12\"",\""13\"",\""14\""]","[\""1\"",\""2\"",\""3\"",\""4\"",\""5\"",\""6\"",\""7\"",\""8\"",\""9\"",\""10\"",\""11\"",\""12\"",\""13\"",\""14\"",\""15\""]",1,19,19,0,2026-01-22 13:05:55,2026-01-22 13:05:55
48,2,"[\""1\"",\""2\"",\""5\"",\""6\"",\""7\"",\""8\"",\""13\"",\""14\""]","[\""1\"",\""2\"",\""3\"",\""5\"",\""6\"",\""7\"",\""8\"",\""9\"",\""11\"",\""12\"",\""13\"",\""14\"",\""15\""]",1,19,19,0,2026-01-22 13:05:55,2026-01-22 13:05:55
49,3,"[\""1\"",\""2\"",\""5\"",\""6\"",\""7\"",\""8\"",\""14\""]","[\""1\"",\""2\"",\""3\"",\""5\"",\""9\"",\""12\"",\""13\"",\""14\""]",1,19,19,0,2026-01-22 13:05:55,2026-01-22 13:05:55
50,4,"[\""1\"",\""7\"",\""8\"",\""14\""]","[\""1\"",\""10\"",\""12\""]",1,19,19,0,2026-01-22 13:05:55,2026-01-22 13:05:55
51,1,"[\""1\"",\""2\"",\""3\"",\""4\"",\""5\"",\""6\"",\""7\"",\""8\"",\""9\"",\""10\"",\""11\"",\""12\"",\""13\"",\""14\""]","[\""1\"",\""2\"",\""3\"",\""4\"",\""5\"",\""6\"",\""7\"",\""8\"",\""9\"",\""10\"",\""11\"",\""12\"",\""13\"",\""14\"",\""15\""]",1,5014,5014,0,2026-01-22 13:27:53,2026-01-22 13:27:53
52,2,"[\""1\"",\""2\"",\""5\"",\""6\"",\""7\"",\""8\"",\""13\"",\""14\""]","[\""1\"",\""2\"",\""3\"",\""5\"",\""6\"",\""7\"",\""8\"",\""9\"",\""11\"",\""12\"",\""13\"",\""14\"",\""15\""]",1,5014,5014,0,2026-01-22 13:27:53,2026-01-22 13:27:53
53,3,"[\""1\"",\""2\"",\""5\"",\""6\"",\""7\"",\""8\"",\""14\""]","[\""1\"",\""2\"",\""3\"",\""5\"",\""9\"",\""12\"",\""13\"",\""14\""]",1,5014,5014,0,2026-01-22 13:27:53,2026-01-22 13:27:53
54,4,"[\""1\"",\""7\"",\""8\"",\""14\""]","[\""1\"",\""10\"",\""12\""]",1,5014,5014,0,2026-01-22 13:27:53,2026-01-22 13:27:53
55,1,"[\""1\"",\""2\"",\""3\"",\""4\"",\""5\"",\""6\"",\""7\"",\""8\"",\""9\"",\""10\"",\""11\"",\""12\"",\""13\"",\""14\""]","[\""1\"",\""2\"",\""3\"",\""4\"",\""5\"",\""6\"",\""7\"",\""8\"",\""9\"",\""10\"",\""11\"",\""12\"",\""13\"",\""14\"",\""15\""]",1,2670,2670,0,2026-01-22 15:17:56,2026-01-22 15:17:56
56,2,"[\""1\"",\""2\"",\""5\"",\""6\"",\""7\"",\""8\"",\""13\"",\""14\""]","[\""1\"",\""2\"",\""3\"",\""5\"",\""6\"",\""7\"",\""8\"",\""9\"",\""11\"",\""12\"",\""13\"",\""14\"",\""15\""]",1,2670,2670,0,2026-01-22 15:17:56,2026-01-22 15:17:56
57,3,"[\""1\"",\""2\"",\""5\"",\""6\"",\""7\"",\""8\"",\""14\""]","[\""1\"",\""2\"",\""3\"",\""5\"",\""9\"",\""12\"",\""13\"",\""14\""]",1,2670,2670,0,2026-01-22 15:17:56,2026-01-22 15:17:56
58,4,"[\""1\"",\""7\"",\""8\"",\""14\""]","[\""1\"",\""10\"",\""12\""]",1,2670,2670,0,2026-01-22 15:17:56,2026-01-22 15:17:56
59,1,"[\""1\"",\""2\"",\""3\"",\""4\"",\""5\"",\""6\"",\""7\"",\""8\"",\""9\"",\""10\"",\""11\"",\""12\"",\""13\"",\""14\""]","[\""1\"",\""2\"",\""3\"",\""4\"",\""5\"",\""6\"",\""7\"",\""8\"",\""9\"",\""10\"",\""11\"",\""12\"",\""13\"",\""14\"",\""15\""]",1,39007,39007,0,2026-01-22 15:31:15,2026-01-22 15:31:15
60,2,"[\""1\"",\""2\"",\""5\"",\""6\"",\""7\"",\""8\"",\""13\"",\""14\""]","[\""1\"",\""2\"",\""3\"",\""5\"",\""6\"",\""7\"",\""8\"",\""9\"",\""11\"",\""12\"",\""13\"",\""14\"",\""15\""]",1,39007,39007,0,2026-01-22 15:31:15,2026-01-22 15:31:15
61,3,"[\""1\"",\""2\"",\""5\"",\""6\"",\""7\"",\""8\"",\""14\""]","[\""1\"",\""2\"",\""3\"",\""5\"",\""9\"",\""12\"",\""13\"",\""14\""]",1,39007,39007,0,2026-01-22 15:31:15,2026-01-22 15:31:15
62,4,"[\""1\"",\""7\"",\""8\"",\""14\""]","[\""1\"",\""10\"",\""12\""]",1,39007,39007,0,2026-01-22 15:31:15,2026-01-22 15:31:15
63,1,"[\""1\"",\""2\"",\""3\"",\""4\"",\""5\"",\""6\"",\""7\"",\""8\"",\""9\"",\""10\"",\""11\"",\""12\"",\""13\"",\""14\""]","[\""1\"",\""2\"",\""3\"",\""4\"",\""5\"",\""6\"",\""7\"",\""8\"",\""9\"",\""10\"",\""11\"",\""12\"",\""13\"",\""14\"",\""15\""]",1,39001,39001,0,2026-01-22 16:04:05,2026-01-22 16:04:05
64,2,"[\""1\"",\""2\"",\""5\"",\""6\"",\""7\"",\""8\"",\""13\"",\""14\""]","[\""1\"",\""2\"",\""3\"",\""5\"",\""6\"",\""7\"",\""8\"",\""9\"",\""11\"",\""12\"",\""13\"",\""14\"",\""15\""]",1,39001,39001,0,2026-01-22 16:04:05,2026-01-22 16:04:05
65,3,"[\""1\"",\""2\"",\""5\"",\""6\"",\""7\"",\""8\"",\""14\""]","[\""1\"",\""2\"",\""3\"",\""5\"",\""9\"",\""12\"",\""13\"",\""14\""]",1,39001,39001,0,2026-01-22 16:04:05,2026-01-22 16:04:05
66,4,"[\""1\"",\""7\"",\""8\"",\""14\""]","[\""1\"",\""10\"",\""12\""]",1,39001,39001,0,2026-01-22 16:04:05,2026-01-22 16:04:05
67,1,"[\""1\"",\""2\"",\""3\"",\""4\"",\""5\"",\""6\"",\""7\"",\""8\"",\""9\"",\""10\"",\""11\"",\""12\"",\""13\"",\""14\""]","[\""1\"",\""2\"",\""3\"",\""4\"",\""5\"",\""6\"",\""7\"",\""8\"",\""9\"",\""10\"",\""11\"",\""12\"",\""13\"",\""14\"",\""15\""]",1,39080,39080,0,2026-01-22 16:23:19,2026-01-22 16:23:19
68,2,"[\""1\"",\""2\"",\""5\"",\""6\"",\""7\"",\""8\"",\""13\"",\""14\""]","[\""1\"",\""2\"",\""3\"",\""5\"",\""6\"",\""7\"",\""8\"",\""9\"",\""11\"",\""12\"",\""13\"",\""14\"",\""15\""]",1,39080,39080,0,2026-01-22 16:23:19,2026-01-22 16:23:19
69,3,"[\""1\"",\""2\"",\""5\"",\""6\"",\""7\"",\""8\"",\""14\""]","[\""1\"",\""2\"",\""3\"",\""5\"",\""9\"",\""12\"",\""13\"",\""14\""]",1,39080,39080,0,2026-01-22 16:23:19,2026-01-22 16:23:19
70,4,"[\""1\"",\""7\"",\""8\"",\""14\""]","[\""1\"",\""10\"",\""12\""]",1,39080,39080,0,2026-01-22 16:23:19,2026-01-22 16:23:19
71,11,"[\""1\"", \""2\"", \""3\"", \""4\"", \""5\"", \""6\"", \""7\"", \""8\"", \""9\"", \""10\"", \""11\"", \""12\"", \""13\"", \""14\""]","[\""6\""]",1,38860,38860,1,2026-01-22 18:10:43,2026-01-22 18:10:43
72,1,"[\""1\"",\""2\"",\""3\"",\""4\"",\""5\"",\""6\"",\""7\"",\""8\"",\""9\"",\""10\"",\""11\"",\""12\"",\""13\"",\""14\""]","[\""1\"",\""2\"",\""3\"",\""4\"",\""5\"",\""6\"",\""7\"",\""8\"",\""9\"",\""10\"",\""11\"",\""12\"",\""13\"",\""14\"",\""15\""]",1,38872,38872,0,2026-01-23 11:20:00,2026-01-23 11:20:00
73,2,"[\""1\"",\""2\"",\""5\"",\""6\"",\""7\"",\""8\"",\""13\"",\""14\""]","[\""1\"",\""2\"",\""3\"",\""5\"",\""6\"",\""7\"",\""8\"",\""9\"",\""11\"",\""12\"",\""13\"",\""14\"",\""15\""]",1,38872,38872,0,2026-01-23 11:20:00,2026-01-23 11:20:00
74,3,"[\""1\"",\""2\"",\""5\"",\""6\"",\""7\"",\""8\"",\""14\""]","[\""1\"",\""2\"",\""3\"",\""5\"",\""9\"",\""12\"",\""13\"",\""14\""]",1,38872,38872,0,2026-01-23 11:20:00,2026-01-23 11:20:00
75,4,"[\""1\"",\""7\"",\""8\"",\""14\""]","[\""1\"",\""10\"",\""12\""]",1,38872,38872,0,2026-01-23 11:20:00,2026-01-23 11:20:00
76,1,"[\""1\"",\""2\"",\""3\"",\""4\"",\""5\"",\""6\"",\""7\"",\""8\"",\""9\"",\""10\"",\""11\"",\""12\"",\""13\"",\""14\""]","[\""1\"",\""2\"",\""3\"",\""4\"",\""5\"",\""6\"",\""7\"",\""8\"",\""9\"",\""10\"",\""11\"",\""12\"",\""13\"",\""14\"",\""15\""]",1,27244,27244,0,2026-01-23 13:29:17,2026-01-23 13:29:17
77,2,"[\""1\"",\""2\"",\""5\"",\""6\"",\""7\"",\""8\"",\""13\"",\""14\""]","[\""1\"",\""2\"",\""3\"",\""5\"",\""6\"",\""7\"",\""8\"",\""9\"",\""11\"",\""12\"",\""13\"",\""14\"",\""15\""]",1,27244,27244,0,2026-01-23 13:29:17,2026-01-23 13:29:17
78,3,"[\""1\"",\""2\"",\""5\"",\""6\"",\""7\"",\""8\"",\""14\""]","[\""1\"",\""2\"",\""3\"",\""5\"",\""9\"",\""12\"",\""13\"",\""14\""]",1,27244,27244,0,2026-01-23 13:29:17,2026-01-23 13:29:17
79,4,"[\""1\"",\""7\"",\""8\"",\""14\""]","[\""1\"",\""10\"",\""12\""]",1,27244,27244,0,2026-01-23 13:29:17,2026-01-23 13:29:17
80,1,"[\""1\"",\""2\"",\""3\"",\""4\"",\""5\"",\""6\"",\""7\"",\""8\"",\""9\"",\""10\"",\""11\"",\""12\"",\""13\"",\""14\""]","[\""1\"",\""2\"",\""3\"",\""4\"",\""5\"",\""6\"",\""7\"",\""8\"",\""9\"",\""10\"",\""11\"",\""12\"",\""13\"",\""14\"",\""15\""]",1,39082,39082,0,2026-01-23 13:35:08,2026-01-23 13:35:08
81,2,"[\""1\"",\""2\"",\""5\"",\""6\"",\""7\"",\""8\"",\""13\"",\""14\""]","[\""1\"",\""2\"",\""3\"",\""5\"",\""6\"",\""7\"",\""8\"",\""9\"",\""11\"",\""12\"",\""13\"",\""14\"",\""15\""]",1,39082,39082,0,2026-01-23 13:35:08,2026-01-23 13:35:08
82,3,"[\""1\"",\""2\"",\""5\"",\""6\"",\""7\"",\""8\"",\""14\""]","[\""1\"",\""2\"",\""3\"",\""5\"",\""9\"",\""12\"",\""13\"",\""14\""]",1,39082,39082,0,2026-01-23 13:35:08,2026-01-23 13:35:08
83,4,"[\""1\"",\""7\"",\""8\"",\""14\""]","[\""1\"",\""10\"",\""12\""]",1,39082,39082,0,2026-01-23 13:35:08,2026-01-23 13:35:08
84,1,"[\""1\"",\""2\"",\""3\"",\""4\"",\""5\"",\""6\"",\""7\"",\""8\"",\""9\"",\""10\"",\""11\"",\""12\"",\""13\"",\""14\""]","[\""1\"",\""2\"",\""3\"",\""4\"",\""5\"",\""6\"",\""7\"",\""8\"",\""9\"",\""10\"",\""11\"",\""12\"",\""13\"",\""14\"",\""15\""]",1,39083,39083,0,2026-01-23 14:27:34,2026-01-23 14:27:34
85,2,"[\""1\"",\""2\"",\""5\"",\""6\"",\""7\"",\""8\"",\""13\"",\""14\""]","[\""1\"",\""2\"",\""3\"",\""5\"",\""6\"",\""7\"",\""8\"",\""9\"",\""11\"",\""12\"",\""13\"",\""14\"",\""15\""]",1,39083,39083,0,2026-01-23 14:27:34,2026-01-23 14:27:34
86,3,"[\""1\"",\""2\"",\""5\"",\""6\"",\""7\"",\""8\"",\""14\""]","[\""1\"",\""2\"",\""3\"",\""5\"",\""9\"",\""12\"",\""13\"",\""14\""]",1,39083,39083,0,2026-01-23 14:27:34,2026-01-23 14:27:34
87,4,"[\""1\"",\""7\"",\""8\"",\""14\""]","[\""1\"",\""10\"",\""12\""]",1,39083,39083,0,2026-01-23 14:27:34,2026-01-23 14:27:34
88,1,"[\""1\"",\""2\"",\""3\"",\""4\"",\""5\"",\""6\"",\""7\"",\""8\"",\""9\"",\""10\"",\""11\"",\""12\"",\""13\"",\""14\""]","[\""1\"",\""2\"",\""3\"",\""4\"",\""5\"",\""6\"",\""7\"",\""8\"",\""9\"",\""10\"",\""11\"",\""12\"",\""13\"",\""14\"",\""15\""]",1,39084,39084,0,2026-01-23 14:38:29,2026-01-23 14:38:29
89,2,"[\""1\"",\""2\"",\""5\"",\""6\"",\""7\"",\""8\"",\""13\"",\""14\""]","[\""1\"",\""2\"",\""3\"",\""5\"",\""6\"",\""7\"",\""8\"",\""9\"",\""11\"",\""12\"",\""13\"",\""14\"",\""15\""]",1,39084,39084,0,2026-01-23 14:38:29,2026-01-23 14:38:29
90,3,"[\""1\"",\""2\"",\""5\"",\""6\"",\""7\"",\""8\"",\""14\""]","[\""1\"",\""2\"",\""3\"",\""5\"",\""9\"",\""12\"",\""13\"",\""14\""]",1,39084,39084,0,2026-01-23 14:38:29,2026-01-23 14:38:29
91,4,"[\""1\"",\""7\"",\""8\"",\""14\""]","[\""1\"",\""10\"",\""12\""]",1,39084,39084,0,2026-01-23 14:38:29,2026-01-23 14:38:29
92,1,"[\""1\"",\""2\"",\""3\"",\""4\"",\""5\"",\""6\"",\""7\"",\""8\"",\""9\"",\""10\"",\""11\"",\""12\"",\""13\"",\""14\""]","[\""1\"",\""2\"",\""3\"",\""4\"",\""5\"",\""6\"",\""7\"",\""8\"",\""9\"",\""10\"",\""11\"",\""12\"",\""13\"",\""14\"",\""15\""]",1,39085,39085,0,2026-01-23 14:44:52,2026-01-23 14:44:52
93,2,"[\""1\"",\""2\"",\""5\"",\""6\"",\""7\"",\""8\"",\""13\"",\""14\""]","[\""1\"",\""2\"",\""3\"",\""5\"",\""6\"",\""7\"",\""8\"",\""9\"",\""11\"",\""12\"",\""13\"",\""14\"",\""15\""]",1,39085,39085,0,2026-01-23 14:44:52,2026-01-23 14:44:52
94,3,"[\""1\"",\""2\"",\""5\"",\""6\"",\""7\"",\""8\"",\""14\""]","[\""1\"",\""2\"",\""3\"",\""5\"",\""9\"",\""12\"",\""13\"",\""14\""]",1,39085,39085,0,2026-01-23 14:44:52,2026-01-23 14:44:52
95,4,"[\""1\"",\""7\"",\""8\"",\""14\""]","[\""1\"",\""10\"",\""12\""]",1,39085,39085,0,2026-01-23 14:44:52,2026-01-23 14:44:52
96,1,"[\""1\"",\""2\"",\""3\"",\""4\"",\""5\"",\""6\"",\""7\"",\""8\"",\""9\"",\""10\"",\""11\"",\""12\"",\""13\"",\""14\""]","[\""1\"",\""2\"",\""3\"",\""4\"",\""5\"",\""6\"",\""7\"",\""8\"",\""9\"",\""10\"",\""11\"",\""12\"",\""13\"",\""14\"",\""15\""]",1,39086,39086,0,2026-01-23 14:59:04,2026-01-23 14:59:04
97,2,"[\""1\"",\""2\"",\""5\"",\""6\"",\""7\"",\""8\"",\""13\"",\""14\""]","[\""1\"",\""2\"",\""3\"",\""5\"",\""6\"",\""7\"",\""8\"",\""9\"",\""11\"",\""12\"",\""13\"",\""14\"",\""15\""]",1,39086,39086,0,2026-01-23 14:59:04,2026-01-23 14:59:04
98,3,"[\""1\"",\""2\"",\""5\"",\""6\"",\""7\"",\""8\"",\""14\""]","[\""1\"",\""2\"",\""3\"",\""5\"",\""9\"",\""12\"",\""13\"",\""14\""]",1,39086,39086,0,2026-01-23 14:59:04,2026-01-23 14:59:04
99,4,"[\""1\"",\""7\"",\""8\"",\""14\""]","[\""1\"",\""10\"",\""12\""]",1,39086,39086,0,2026-01-23 14:59:04,2026-01-23 14:59:04
100,1,"[\""1\"",\""2\"",\""3\"",\""4\"",\""5\"",\""6\"",\""7\"",\""8\"",\""9\"",\""10\"",\""11\"",\""12\"",\""13\"",\""14\""]","[\""1\"",\""2\"",\""3\"",\""4\"",\""5\"",\""6\"",\""7\"",\""8\"",\""9\"",\""10\"",\""11\"",\""12\"",\""13\"",\""14\"",\""15\""]",1,39087,39087,0,2026-01-23 15:03:52,2026-01-23 15:03:52
101,2,"[\""1\"",\""2\"",\""5\"",\""6\"",\""7\"",\""8\"",\""13\"",\""14\""]","[\""1\"",\""2\"",\""3\"",\""5\"",\""6\"",\""7\"",\""8\"",\""9\"",\""11\"",\""12\"",\""13\"",\""14\"",\""15\""]",1,39087,39087,0,2026-01-23 15:03:52,2026-01-23 15:03:52
102,3,"[\""1\"",\""2\"",\""5\"",\""6\"",\""7\"",\""8\"",\""14\""]","[\""1\"",\""2\"",\""3\"",\""5\"",\""9\"",\""12\"",\""13\"",\""14\""]",1,39087,39087,0,2026-01-23 15:03:52,2026-01-23 15:03:52
103,4,"[\""1\"",\""7\"",\""8\"",\""14\""]","[\""1\"",\""10\"",\""12\""]",1,39087,39087,0,2026-01-23 15:03:52,2026-01-23 15:03:52
104,1,"[\""1\"",\""2\"",\""3\"",\""4\"",\""5\"",\""6\"",\""7\"",\""8\"",\""9\"",\""10\"",\""11\"",\""12\"",\""13\"",\""14\""]","[\""1\"",\""2\"",\""3\"",\""4\"",\""5\"",\""6\"",\""7\"",\""8\"",\""9\"",\""10\"",\""11\"",\""12\"",\""13\"",\""14\"",\""15\""]",1,39088,39088,0,2026-01-23 15:09:09,2026-01-23 15:09:09
105,2,"[\""1\"",\""2\"",\""5\"",\""6\"",\""7\"",\""8\"",\""13\"",\""14\""]","[\""1\"",\""2\"",\""3\"",\""5\"",\""6\"",\""7\"",\""8\"",\""9\"",\""11\"",\""12\"",\""13\"",\""14\"",\""15\""]",1,39088,39088,0,2026-01-23 15:09:09,2026-01-23 15:09:09
106,3,"[\""1\"",\""2\"",\""5\"",\""6\"",\""7\"",\""8\"",\""14\""]","[\""1\"",\""2\"",\""3\"",\""5\"",\""9\"",\""12\"",\""13\"",\""14\""]",1,39088,39088,0,2026-01-23 15:09:09,2026-01-23 15:09:09
107,4,"[\""1\"",\""7\"",\""8\"",\""14\""]","[\""1\"",\""10\"",\""12\""]",1,39088,39088,0,2026-01-23 15:09:09,2026-01-23 15:09:09
108,1,"[\""1\"",\""2\"",\""3\"",\""4\"",\""5\"",\""6\"",\""7\"",\""8\"",\""9\"",\""10\"",\""11\"",\""12\"",\""13\"",\""14\""]","[\""1\"",\""2\"",\""3\"",\""4\"",\""5\"",\""6\"",\""7\"",\""8\"",\""9\"",\""10\"",\""11\"",\""12\"",\""13\"",\""14\"",\""15\""]",1,39089,39089,0,2026-01-23 15:15:17,2026-01-23 15:15:17
109,2,"[\""1\"",\""2\"",\""5\"",\""6\"",\""7\"",\""8\"",\""13\"",\""14\""]","[\""1\"",\""2\"",\""3\"",\""5\"",\""6\"",\""7\"",\""8\"",\""9\"",\""11\"",\""12\"",\""13\"",\""14\"",\""15\""]",1,39089,39089,0,2026-01-23 15:15:17,2026-01-23 15:15:17
110,3,"[\""1\"",\""2\"",\""5\"",\""6\"",\""7\"",\""8\"",\""14\""]","[\""1\"",\""2\"",\""3\"",\""5\"",\""9\"",\""12\"",\""13\"",\""14\""]",1,39089,39089,0,2026-01-23 15:15:17,2026-01-23 15:15:17
111,4,"[\""1\"",\""7\"",\""8\"",\""14\""]","[\""1\"",\""10\"",\""12\""]",1,39089,39089,0,2026-01-23 15:15:17,2026-01-23 15:15:17
112,1,"[\""1\"",\""2\"",\""3\"",\""4\"",\""5\"",\""6\"",\""7\"",\""8\"",\""9\"",\""10\"",\""11\"",\""12\"",\""13\"",\""14\""]","[\""1\"",\""2\"",\""3\"",\""4\"",\""5\"",\""6\"",\""7\"",\""8\"",\""9\"",\""10\"",\""11\"",\""12\"",\""13\"",\""14\"",\""15\""]",1,39090,39090,0,2026-01-23 15:19:36,2026-01-23 15:19:36
113,2,"[\""1\"",\""2\"",\""5\"",\""6\"",\""7\"",\""8\"",\""13\"",\""14\""]","[\""1\"",\""2\"",\""3\"",\""5\"",\""6\"",\""7\"",\""8\"",\""9\"",\""11\"",\""12\"",\""13\"",\""14\"",\""15\""]",1,39090,39090,0,2026-01-23 15:19:36,2026-01-23 15:19:36
114,3,"[\""1\"",\""2\"",\""5\"",\""6\"",\""7\"",\""8\"",\""14\""]","[\""1\"",\""2\"",\""3\"",\""5\"",\""9\"",\""12\"",\""13\"",\""14\""]",1,39090,39090,0,2026-01-23 15:19:36,2026-01-23 15:19:36
115,4,"[\""1\"",\""7\"",\""8\"",\""14\""]","[\""1\"",\""10\"",\""12\""]",1,39090,39090,0,2026-01-23 15:19:36,2026-01-23 15:19:36
116,1,"[\""1\"",\""2\"",\""3\"",\""4\"",\""5\"",\""6\"",\""7\"",\""8\"",\""9\"",\""10\"",\""11\"",\""12\"",\""13\"",\""14\""]","[\""1\"",\""2\"",\""3\"",\""4\"",\""5\"",\""6\"",\""7\"",\""8\"",\""9\"",\""10\"",\""11\"",\""12\"",\""13\"",\""14\"",\""15\""]",1,39091,39091,0,2026-01-23 15:33:38,2026-01-23 15:33:38
117,2,"[\""1\"",\""2\"",\""5\"",\""6\"",\""7\"",\""8\"",\""13\"",\""14\""]","[\""1\"",\""2\"",\""3\"",\""5\"",\""6\"",\""7\"",\""8\"",\""9\"",\""11\"",\""12\"",\""13\"",\""14\"",\""15\""]",1,39091,39091,0,2026-01-23 15:33:38,2026-01-23 15:33:38
118,3,"[\""1\"",\""2\"",\""5\"",\""6\"",\""7\"",\""8\"",\""14\""]","[\""1\"",\""2\"",\""3\"",\""5\"",\""9\"",\""12\"",\""13\"",\""14\""]",1,39091,39091,0,2026-01-23 15:33:38,2026-01-23 15:33:38
119,4,"[\""1\"",\""7\"",\""8\"",\""14\""]","[\""1\"",\""10\"",\""12\""]",1,39091,39091,0,2026-01-23 15:33:38,2026-01-23 15:33:38
120,1,"[\""1\"",\""2\"",\""3\"",\""4\"",\""5\"",\""6\"",\""7\"",\""8\"",\""9\"",\""10\"",\""11\"",\""12\"",\""13\"",\""14\""]","[\""1\"",\""2\"",\""3\"",\""4\"",\""5\"",\""6\"",\""7\"",\""8\"",\""9\"",\""10\"",\""11\"",\""12\"",\""13\"",\""14\"",\""15\""]",1,39092,39092,0,2026-01-23 15:40:22,2026-01-23 15:40:22
121,2,"[\""1\"",\""2\"",\""5\"",\""6\"",\""7\"",\""8\"",\""13\"",\""14\""]","[\""1\"",\""2\"",\""3\"",\""5\"",\""6\"",\""7\"",\""8\"",\""9\"",\""11\"",\""12\"",\""13\"",\""14\"",\""15\""]",1,39092,39092,0,2026-01-23 15:40:22,2026-01-23 15:40:22
122,3,"[\""1\"",\""2\"",\""5\"",\""6\"",\""7\"",\""8\"",\""14\""]","[\""1\"",\""2\"",\""3\"",\""5\"",\""9\"",\""12\"",\""13\"",\""14\""]",1,39092,39092,0,2026-01-23 15:40:22,2026-01-23 15:40:22
123,4,"[\""1\"",\""7\"",\""8\"",\""14\""]","[\""1\"",\""10\"",\""12\""]",1,39092,39092,0,2026-01-23 15:40:22,2026-01-23 15:40:22
124,1,"[\""1\"",\""2\"",\""3\"",\""4\"",\""5\"",\""6\"",\""7\"",\""8\"",\""9\"",\""10\"",\""11\"",\""12\"",\""13\"",\""14\""]","[\""1\"",\""2\"",\""3\"",\""4\"",\""5\"",\""6\"",\""7\"",\""8\"",\""9\"",\""10\"",\""11\"",\""12\"",\""13\"",\""14\"",\""15\""]",1,39093,39093,0,2026-01-23 15:42:50,2026-01-23 15:42:50
125,2,"[\""1\"",\""2\"",\""5\"",\""6\"",\""7\"",\""8\"",\""13\"",\""14\""]","[\""1\"",\""2\"",\""3\"",\""5\"",\""6\"",\""7\"",\""8\"",\""9\"",\""11\"",\""12\"",\""13\"",\""14\"",\""15\""]",1,39093,39093,0,2026-01-23 15:42:50,2026-01-23 15:42:50
126,3,"[\""1\"",\""2\"",\""5\"",\""6\"",\""7\"",\""8\"",\""14\""]","[\""1\"",\""2\"",\""3\"",\""5\"",\""9\"",\""12\"",\""13\"",\""14\""]",1,39093,39093,0,2026-01-23 15:42:50,2026-01-23 15:42:50
127,4,"[\""1\"",\""7\"",\""8\"",\""14\""]","[\""1\"",\""10\"",\""12\""]",1,39093,39093,0,2026-01-23 15:42:50,2026-01-23 15:42:50
128,1,"[\""1\"",\""2\"",\""3\"",\""4\"",\""5\"",\""6\"",\""7\"",\""8\"",\""9\"",\""10\"",\""11\"",\""12\"",\""13\"",\""14\""]","[\""1\"",\""2\"",\""3\"",\""4\"",\""5\"",\""6\"",\""7\"",\""8\"",\""9\"",\""10\"",\""11\"",\""12\"",\""13\"",\""14\"",\""15\""]",1,39094,39094,0,2026-01-23 15:47:51,2026-01-23 15:47:51
129,2,"[\""1\"",\""2\"",\""5\"",\""6\"",\""7\"",\""8\"",\""13\"",\""14\""]","[\""1\"",\""2\"",\""3\"",\""5\"",\""6\"",\""7\"",\""8\"",\""9\"",\""11\"",\""12\"",\""13\"",\""14\"",\""15\""]",1,39094,39094,0,2026-01-23 15:47:51,2026-01-23 15:47:51
130,3,"[\""1\"",\""2\"",\""5\"",\""6\"",\""7\"",\""8\"",\""14\""]","[\""1\"",\""2\"",\""3\"",\""5\"",\""9\"",\""12\"",\""13\"",\""14\""]",1,39094,39094,0,2026-01-23 15:47:51,2026-01-23 15:47:51
131,4,"[\""1\"",\""7\"",\""8\"",\""14\""]","[\""1\"",\""10\"",\""12\""]",1,39094,39094,0,2026-01-23 15:47:51,2026-01-23 15:47:51
132,1,"[\""1\"",\""2\"",\""3\"",\""4\"",\""5\"",\""6\"",\""7\"",\""8\"",\""9\"",\""10\"",\""11\"",\""12\"",\""13\"",\""14\""]","[\""1\"",\""2\"",\""3\"",\""4\"",\""5\"",\""6\"",\""7\"",\""8\"",\""9\"",\""10\"",\""11\"",\""12\"",\""13\"",\""14\"",\""15\""]",1,39095,39095,0,2026-01-23 15:55:50,2026-01-23 15:55:50
133,2,"[\""1\"",\""2\"",\""5\"",\""6\"",\""7\"",\""8\"",\""13\"",\""14\""]","[\""1\"",\""2\"",\""3\"",\""5\"",\""6\"",\""7\"",\""8\"",\""9\"",\""11\"",\""12\"",\""13\"",\""14\"",\""15\""]",1,39095,39095,0,2026-01-23 15:55:50,2026-01-23 15:55:50
134,3,"[\""1\"",\""2\"",\""5\"",\""6\"",\""7\"",\""8\"",\""14\""]","[\""1\"",\""2\"",\""3\"",\""5\"",\""9\"",\""12\"",\""13\"",\""14\""]",1,39095,39095,0,2026-01-23 15:55:50,2026-01-23 15:55:50
135,4,"[\""1\"",\""7\"",\""8\"",\""14\""]","[\""1\"",\""10\"",\""12\""]",1,39095,39095,0,2026-01-23 15:55:50,2026-01-23 15:55:50
136,1,"[\""1\"",\""2\"",\""3\"",\""4\"",\""5\"",\""6\"",\""7\"",\""8\"",\""9\"",\""10\"",\""11\"",\""12\"",\""13\"",\""14\""]","[\""1\"",\""2\"",\""3\"",\""4\"",\""5\"",\""6\"",\""7\"",\""8\"",\""9\"",\""10\"",\""11\"",\""12\"",\""13\"",\""14\"",\""15\""]",1,39096,39096,0,2026-01-23 16:07:16,2026-01-23 16:07:16
137,2,"[\""1\"",\""2\"",\""5\"",\""6\"",\""7\"",\""8\"",\""13\"",\""14\""]","[\""1\"",\""2\"",\""3\"",\""5\"",\""6\"",\""7\"",\""8\"",\""9\"",\""11\"",\""12\"",\""13\"",\""14\"",\""15\""]",1,39096,39096,0,2026-01-23 16:07:16,2026-01-23 16:07:16
138,3,"[\""1\"",\""2\"",\""5\"",\""6\"",\""7\"",\""8\"",\""14\""]","[\""1\"",\""2\"",\""3\"",\""5\"",\""9\"",\""12\"",\""13\"",\""14\""]",1,39096,39096,0,2026-01-23 16:07:16,2026-01-23 16:07:16
139,4,"[\""1\"",\""7\"",\""8\"",\""14\""]","[\""1\"",\""10\"",\""12\""]",1,39096,39096,0,2026-01-23 16:07:16,2026-01-23 16:07:16
140,1,"[\""1\"",\""2\"",\""3\"",\""4\"",\""5\"",\""6\"",\""7\"",\""8\"",\""9\"",\""10\"",\""11\"",\""12\"",\""13\"",\""14\""]","[\""1\"",\""2\"",\""3\"",\""4\"",\""5\"",\""6\"",\""7\"",\""8\"",\""9\"",\""10\"",\""11\"",\""12\"",\""13\"",\""14\"",\""15\""]",1,39097,39097,0,2026-01-23 16:15:39,2026-01-23 16:15:39
141,2,"[\""1\"",\""2\"",\""5\"",\""6\"",\""7\"",\""8\"",\""13\"",\""14\""]","[\""1\"",\""2\"",\""3\"",\""5\"",\""6\"",\""7\"",\""8\"",\""9\"",\""11\"",\""12\"",\""13\"",\""14\"",\""15\""]",1,39097,39097,0,2026-01-23 16:15:39,2026-01-23 16:15:39
142,3,"[\""1\"",\""2\"",\""5\"",\""6\"",\""7\"",\""8\"",\""14\""]","[\""1\"",\""2\"",\""3\"",\""5\"",\""9\"",\""12\"",\""13\"",\""14\""]",1,39097,39097,0,2026-01-23 16:15:39,2026-01-23 16:15:39
143,4,"[\""1\"",\""7\"",\""8\"",\""14\""]","[\""1\"",\""10\"",\""12\""]",1,39097,39097,0,2026-01-23 16:15:39,2026-01-23 16:15:39
144,1,"[\""1\"",\""2\"",\""3\"",\""4\"",\""5\"",\""6\"",\""7\"",\""8\"",\""9\"",\""10\"",\""11\"",\""12\"",\""13\"",\""14\""]","[\""1\"",\""2\"",\""3\"",\""4\"",\""5\"",\""6\"",\""7\"",\""8\"",\""9\"",\""10\"",\""11\"",\""12\"",\""13\"",\""14\"",\""15\""]",1,39098,39098,0,2026-01-23 16:19:08,2026-01-23 16:19:08
145,2,"[\""1\"",\""2\"",\""5\"",\""6\"",\""7\"",\""8\"",\""13\"",\""14\""]","[\""1\"",\""2\"",\""3\"",\""5\"",\""6\"",\""7\"",\""8\"",\""9\"",\""11\"",\""12\"",\""13\"",\""14\"",\""15\""]",1,39098,39098,0,2026-01-23 16:19:08,2026-01-23 16:19:08
146,3,"[\""1\"",\""2\"",\""5\"",\""6\"",\""7\"",\""8\"",\""14\""]","[\""1\"",\""2\"",\""3\"",\""5\"",\""9\"",\""12\"",\""13\"",\""14\""]",1,39098,39098,0,2026-01-23 16:19:08,2026-01-23 16:19:08
147,4,"[\""1\"",\""7\"",\""8\"",\""14\""]","[\""1\"",\""10\"",\""12\""]",1,39098,39098,0,2026-01-23 16:19:08,2026-01-23 16:19:08
148,1,"[\""1\"",\""2\"",\""3\"",\""4\"",\""5\"",\""6\"",\""7\"",\""8\"",\""9\"",\""10\"",\""11\"",\""12\"",\""13\"",\""14\""]","[\""1\"",\""2\"",\""3\"",\""4\"",\""5\"",\""6\"",\""7\"",\""8\"",\""9\"",\""10\"",\""11\"",\""12\"",\""13\"",\""14\"",\""15\""]",1,39099,39099,0,2026-01-23 16:49:02,2026-01-23 16:49:02
149,2,"[\""1\"",\""2\"",\""5\"",\""6\"",\""7\"",\""8\"",\""13\"",\""14\""]","[\""1\"",\""2\"",\""3\"",\""5\"",\""6\"",\""7\"",\""8\"",\""9\"",\""11\"",\""12\"",\""13\"",\""14\"",\""15\""]",1,39099,39099,0,2026-01-23 16:49:02,2026-01-23 16:49:02
150,3,"[\""1\"",\""2\"",\""5\"",\""6\"",\""7\"",\""8\"",\""14\""]","[\""1\"",\""2\"",\""3\"",\""5\"",\""9\"",\""12\"",\""13\"",\""14\""]",1,39099,39099,0,2026-01-23 16:49:02,2026-01-23 16:49:02
151,4,"[\""1\"",\""7\"",\""8\"",\""14\""]","[\""1\"",\""10\"",\""12\""]",1,39099,39099,0,2026-01-23 16:49:02,2026-01-23 16:49:02
152,1,"[\""1\"",\""2\"",\""3\"",\""4\"",\""5\"",\""6\"",\""7\"",\""8\"",\""9\"",\""10\"",\""11\"",\""12\"",\""13\"",\""14\""]","[\""1\"",\""2\"",\""3\"",\""4\"",\""5\"",\""6\"",\""7\"",\""8\"",\""9\"",\""10\"",\""11\"",\""12\"",\""13\"",\""14\"",\""15\""]",1,38829,38829,0,2026-01-23 17:36:43,2026-01-23 17:36:43
153,2,"[\""1\"",\""2\"",\""5\"",\""6\"",\""7\"",\""8\"",\""13\"",\""14\""]","[\""1\"",\""2\"",\""3\"",\""5\"",\""6\"",\""7\"",\""8\"",\""9\"",\""11\"",\""12\"",\""13\"",\""14\"",\""15\""]",1,38829,38829,0,2026-01-23 17:36:43,2026-01-23 17:36:43
154,3,"[\""1\"",\""2\"",\""5\"",\""6\"",\""7\"",\""8\"",\""14\""]","[\""1\"",\""2\"",\""3\"",\""5\"",\""9\"",\""12\"",\""13\"",\""14\""]",1,38829,38829,0,2026-01-23 17:36:43,2026-01-23 17:36:43
155,4,"[\""1\"",\""7\"",\""8\"",\""14\""]","[\""1\"",\""10\"",\""12\""]",1,38829,38829,0,2026-01-23 17:36:43,2026-01-23 17:36:43
156,10,"[\""1\"", \""2\"", \""3\"", \""4\"", \""5\"", \""6\"", \""7\"", \""8\"", \""9\"", \""10\"", \""11\"", \""12\"", \""13\"", \""14\""]","[\""12\""]",1,39080,39080,0,2026-01-23 18:51:26,2026-01-23 18:51:26
157,1,"[\""1\"",\""2\"",\""3\"",\""4\"",\""5\"",\""6\"",\""7\"",\""8\"",\""9\"",\""10\"",\""11\"",\""12\"",\""13\"",\""14\""]","[\""1\"",\""2\"",\""3\"",\""4\"",\""5\"",\""6\"",\""7\"",\""8\"",\""9\"",\""10\"",\""11\"",\""12\"",\""13\"",\""14\"",\""15\""]",1,39101,39101,0,2026-01-27 10:26:04,2026-01-27 10:26:04
158,2,"[\""1\"",\""2\"",\""5\"",\""6\"",\""7\"",\""8\"",\""13\"",\""14\""]","[\""1\"",\""2\"",\""3\"",\""5\"",\""6\"",\""7\"",\""8\"",\""9\"",\""11\"",\""12\"",\""13\"",\""14\"",\""15\""]",1,39101,39101,0,2026-01-27 10:26:04,2026-01-27 10:26:04
159,3,"[\""1\"",\""2\"",\""5\"",\""6\"",\""7\"",\""8\"",\""14\""]","[\""1\"",\""2\"",\""3\"",\""5\"",\""9\"",\""12\"",\""13\"",\""14\""]",1,39101,39101,0,2026-01-27 10:26:04,2026-01-27 10:26:04
160,4,"[\""1\"",\""7\"",\""8\"",\""14\""]","[\""1\"",\""10\"",\""12\""]",1,39101,39101,0,2026-01-27 10:26:04,2026-01-27 10:26:04
161,1,"[\""1\"",\""2\"",\""3\"",\""4\"",\""5\"",\""6\"",\""7\"",\""8\"",\""9\"",\""10\"",\""11\"",\""12\"",\""13\"",\""14\""]","[\""1\"",\""2\"",\""3\"",\""4\"",\""5\"",\""6\"",\""7\"",\""8\"",\""9\"",\""10\"",\""11\"",\""12\"",\""13\"",\""14\"",\""15\""]",1,639,639,0,2026-01-27 11:59:33,2026-01-27 11:59:33
162,2,"[\""1\"",\""2\"",\""5\"",\""6\"",\""7\"",\""8\"",\""13\"",\""14\""]","[\""1\"",\""2\"",\""3\"",\""5\"",\""6\"",\""7\"",\""8\"",\""9\"",\""11\"",\""12\"",\""13\"",\""14\"",\""15\""]",1,639,639,0,2026-01-27 11:59:33,2026-01-27 11:59:33
163,3,"[\""1\"",\""2\"",\""5\"",\""6\"",\""7\"",\""8\"",\""14\""]","[\""1\"",\""2\"",\""3\"",\""5\"",\""9\"",\""12\"",\""13\"",\""14\""]",1,639,639,0,2026-01-27 11:59:33,2026-01-27 11:59:33
164,4,"[\""1\"",\""7\"",\""8\"",\""14\""]","[\""1\"",\""10\"",\""12\""]",1,639,639,0,2026-01-27 11:59:33,2026-01-27 11:59:33
165,1,"[\""1\"",\""2\"",\""3\"",\""4\"",\""5\"",\""6\"",\""7\"",\""8\"",\""9\"",\""10\"",\""11\"",\""12\"",\""13\"",\""14\""]","[\""1\"",\""2\"",\""3\"",\""4\"",\""5\"",\""6\"",\""7\"",\""8\"",\""9\"",\""10\"",\""11\"",\""12\"",\""13\"",\""14\"",\""15\""]",1,39102,39102,0,2026-01-27 13:17:32,2026-01-27 13:17:32
166,2,"[\""1\"",\""2\"",\""5\"",\""6\"",\""7\"",\""8\"",\""13\"",\""14\""]","[\""1\"",\""2\"",\""3\"",\""5\"",\""6\"",\""7\"",\""8\"",\""9\"",\""11\"",\""12\"",\""13\"",\""14\"",\""15\""]",1,39102,39102,0,2026-01-27 13:17:32,2026-01-27 13:17:32
167,3,"[\""1\"",\""2\"",\""5\"",\""6\"",\""7\"",\""8\"",\""14\""]","[\""1\"",\""2\"",\""3\"",\""5\"",\""9\"",\""12\"",\""13\"",\""14\""]",1,39102,39102,0,2026-01-27 13:17:32,2026-01-27 13:17:32
168,4,"[\""1\"",\""7\"",\""8\"",\""14\""]","[\""1\"",\""10\"",\""12\""]",1,39102,39102,0,2026-01-27 13:17:32,2026-01-27 13:17:32
169,1,"[\""1\"",\""2\"",\""3\"",\""4\"",\""5\"",\""6\"",\""7\"",\""8\"",\""9\"",\""10\"",\""11\"",\""12\"",\""13\"",\""14\""]","[\""1\"",\""2\"",\""3\"",\""4\"",\""5\"",\""6\"",\""7\"",\""8\"",\""9\"",\""10\"",\""11\"",\""12\"",\""13\"",\""14\"",\""15\""]",1,39103,39103,0,2026-01-27 13:25:38,2026-01-27 13:25:38
170,2,"[\""1\"",\""2\"",\""5\"",\""6\"",\""7\"",\""8\"",\""13\"",\""14\""]","[\""1\"",\""2\"",\""3\"",\""5\"",\""6\"",\""7\"",\""8\"",\""9\"",\""11\"",\""12\"",\""13\"",\""14\"",\""15\""]",1,39103,39103,0,2026-01-27 13:25:38,2026-01-27 13:25:38
171,3,"[\""1\"",\""2\"",\""5\"",\""6\"",\""7\"",\""8\"",\""14\""]","[\""1\"",\""2\"",\""3\"",\""5\"",\""9\"",\""12\"",\""13\"",\""14\""]",1,39103,39103,0,2026-01-27 13:25:38,2026-01-27 13:25:38
172,4,"[\""1\"",\""7\"",\""8\"",\""14\""]","[\""1\"",\""10\"",\""12\""]",1,39103,39103,0,2026-01-27 13:25:38,2026-01-27 13:25:38
173,1,"[\""1\"",\""2\"",\""3\"",\""4\"",\""5\"",\""6\"",\""7\"",\""8\"",\""9\"",\""10\"",\""11\"",\""12\"",\""13\"",\""14\""]","[\""1\"",\""2\"",\""3\"",\""4\"",\""5\"",\""6\"",\""7\"",\""8\"",\""9\"",\""10\"",\""11\"",\""12\"",\""13\"",\""14\"",\""15\""]",1,39104,39104,0,2026-01-27 13:30:56,2026-01-27 13:30:56
174,2,"[\""1\"",\""2\"",\""5\"",\""6\"",\""7\"",\""8\"",\""13\"",\""14\""]","[\""1\"",\""2\"",\""3\"",\""5\"",\""6\"",\""7\"",\""8\"",\""9\"",\""11\"",\""12\"",\""13\"",\""14\"",\""15\""]",1,39104,39104,0,2026-01-27 13:30:56,2026-01-27 13:30:56
175,3,"[\""1\"",\""2\"",\""5\"",\""6\"",\""7\"",\""8\"",\""14\""]","[\""1\"",\""2\"",\""3\"",\""5\"",\""9\"",\""12\"",\""13\"",\""14\""]",1,39104,39104,0,2026-01-27 13:30:56,2026-01-27 13:30:56
176,4,"[\""1\"",\""7\"",\""8\"",\""14\""]","[\""1\"",\""10\"",\""12\""]",1,39104,39104,0,2026-01-27 13:30:56,2026-01-27 13:30:56
177,1,"[\""1\"",\""2\"",\""3\"",\""4\"",\""5\"",\""6\"",\""7\"",\""8\"",\""9\"",\""10\"",\""11\"",\""12\"",\""13\"",\""14\""]","[\""1\"",\""2\"",\""3\"",\""4\"",\""5\"",\""6\"",\""7\"",\""8\"",\""9\"",\""10\"",\""11\"",\""12\"",\""13\"",\""14\"",\""15\""]",1,39105,39105,0,2026-01-27 13:33:12,2026-01-27 13:33:12
178,2,"[\""1\"",\""2\"",\""5\"",\""6\"",\""7\"",\""8\"",\""13\"",\""14\""]","[\""1\"",\""2\"",\""3\"",\""5\"",\""6\"",\""7\"",\""8\"",\""9\"",\""11\"",\""12\"",\""13\"",\""14\"",\""15\""]",1,39105,39105,0,2026-01-27 13:33:12,2026-01-27 13:33:12
179,3,"[\""1\"",\""2\"",\""5\"",\""6\"",\""7\"",\""8\"",\""14\""]","[\""1\"",\""2\"",\""3\"",\""5\"",\""9\"",\""12\"",\""13\"",\""14\""]",1,39105,39105,0,2026-01-27 13:33:12,2026-01-27 13:33:12
180,4,"[\""1\"",\""7\"",\""8\"",\""14\""]","[\""1\"",\""10\"",\""12\""]",1,39105,39105,0,2026-01-27 13:33:12,2026-01-27 13:33:12
181,1,"[\""1\"",\""2\"",\""3\"",\""4\"",\""5\"",\""6\"",\""7\"",\""8\"",\""9\"",\""10\"",\""11\"",\""12\"",\""13\"",\""14\""]","[\""1\"",\""2\"",\""3\"",\""4\"",\""5\"",\""6\"",\""7\"",\""8\"",\""9\"",\""10\"",\""11\"",\""12\"",\""13\"",\""14\"",\""15\""]",1,39106,39106,0,2026-01-27 13:37:27,2026-01-27 13:37:27
182,2,"[\""1\"",\""2\"",\""5\"",\""6\"",\""7\"",\""8\"",\""13\"",\""14\""]","[\""1\"",\""2\"",\""3\"",\""5\"",\""6\"",\""7\"",\""8\"",\""9\"",\""11\"",\""12\"",\""13\"",\""14\"",\""15\""]",1,39106,39106,0,2026-01-27 13:37:27,2026-01-27 13:37:27
183,3,"[\""1\"",\""2\"",\""5\"",\""6\"",\""7\"",\""8\"",\""14\""]","[\""1\"",\""2\"",\""3\"",\""5\"",\""9\"",\""12\"",\""13\"",\""14\""]",1,39106,39106,0,2026-01-27 13:37:27,2026-01-27 13:37:27
184,4,"[\""1\"",\""7\"",\""8\"",\""14\""]","[\""1\"",\""10\"",\""12\""]",1,39106,39106,0,2026-01-27 13:37:27,2026-01-27 13:37:27
185,1,"[\""1\"",\""2\"",\""3\"",\""4\"",\""5\"",\""6\"",\""7\"",\""8\"",\""9\"",\""10\"",\""11\"",\""12\"",\""13\"",\""14\""]","[\""1\"",\""2\"",\""3\"",\""4\"",\""5\"",\""6\"",\""7\"",\""8\"",\""9\"",\""10\"",\""11\"",\""12\"",\""13\"",\""14\"",\""15\""]",1,39107,39107,0,2026-01-27 14:21:48,2026-01-27 14:21:48
186,2,"[\""1\"",\""2\"",\""5\"",\""6\"",\""7\"",\""8\"",\""13\"",\""14\""]","[\""1\"",\""2\"",\""3\"",\""5\"",\""6\"",\""7\"",\""8\"",\""9\"",\""11\"",\""12\"",\""13\"",\""14\"",\""15\""]",1,39107,39107,0,2026-01-27 14:21:48,2026-01-27 14:21:48
187,3,"[\""1\"",\""2\"",\""5\"",\""6\"",\""7\"",\""8\"",\""14\""]","[\""1\"",\""2\"",\""3\"",\""5\"",\""9\"",\""12\"",\""13\"",\""14\""]",1,39107,39107,0,2026-01-27 14:21:48,2026-01-27 14:21:48
188,4,"[\""1\"",\""7\"",\""8\"",\""14\""]","[\""1\"",\""10\"",\""12\""]",1,39107,39107,0,2026-01-27 14:21:48,2026-01-27 14:21:48
189,1,"[\""1\"",\""2\"",\""3\"",\""4\"",\""5\"",\""6\"",\""7\"",\""8\"",\""9\"",\""10\"",\""11\"",\""12\"",\""13\"",\""14\""]","[\""1\"",\""2\"",\""3\"",\""4\"",\""5\"",\""6\"",\""7\"",\""8\"",\""9\"",\""10\"",\""11\"",\""12\"",\""13\"",\""14\"",\""15\""]",1,39108,39108,0,2026-01-27 14:47:54,2026-01-27 14:47:54
190,2,"[\""1\"",\""2\"",\""5\"",\""6\"",\""7\"",\""8\"",\""13\"",\""14\""]","[\""1\"",\""2\"",\""3\"",\""5\"",\""6\"",\""7\"",\""8\"",\""9\"",\""11\"",\""12\"",\""13\"",\""14\"",\""15\""]",1,39108,39108,0,2026-01-27 14:47:54,2026-01-27 14:47:54
191,3,"[\""1\"",\""2\"",\""5\"",\""6\"",\""7\"",\""8\"",\""14\""]","[\""1\"",\""2\"",\""3\"",\""5\"",\""9\"",\""12\"",\""13\"",\""14\""]",1,39108,39108,0,2026-01-27 14:47:54,2026-01-27 14:47:54
192,4,"[\""1\"",\""7\"",\""8\"",\""14\""]","[\""1\"",\""10\"",\""12\""]",1,39108,39108,0,2026-01-27 14:47:54,2026-01-27 14:47:54
193,1,"[\""1\"",\""2\"",\""3\"",\""4\"",\""5\"",\""6\"",\""7\"",\""8\"",\""9\"",\""10\"",\""11\"",\""12\"",\""13\"",\""14\""]","[\""1\"",\""2\"",\""3\"",\""4\"",\""5\"",\""6\"",\""7\"",\""8\"",\""9\"",\""10\"",\""11\"",\""12\"",\""13\"",\""14\"",\""15\""]",1,39109,39109,0,2026-01-27 14:51:08,2026-01-27 14:51:08
194,2,"[\""1\"",\""2\"",\""5\"",\""6\"",\""7\"",\""8\"",\""13\"",\""14\""]","[\""1\"",\""2\"",\""3\"",\""5\"",\""6\"",\""7\"",\""8\"",\""9\"",\""11\"",\""12\"",\""13\"",\""14\"",\""15\""]",1,39109,39109,0,2026-01-27 14:51:08,2026-01-27 14:51:08
195,3,"[\""1\"",\""2\"",\""5\"",\""6\"",\""7\"",\""8\"",\""14\""]","[\""1\"",\""2\"",\""3\"",\""5\"",\""9\"",\""12\"",\""13\"",\""14\""]",1,39109,39109,0,2026-01-27 14:51:08,2026-01-27 14:51:08
196,4,"[\""1\"",\""7\"",\""8\"",\""14\""]","[\""1\"",\""10\"",\""12\""]",1,39109,39109,0,2026-01-27 14:51:08,2026-01-27 14:51:08
197,1,"[\""1\"",\""2\"",\""3\"",\""4\"",\""5\"",\""6\"",\""7\"",\""8\"",\""9\"",\""10\"",\""11\"",\""12\"",\""13\"",\""14\""]","[\""1\"",\""2\"",\""3\"",\""4\"",\""5\"",\""6\"",\""7\"",\""8\"",\""9\"",\""10\"",\""11\"",\""12\"",\""13\"",\""14\"",\""15\""]",1,39110,39110,0,2026-01-27 14:53:17,2026-01-27 14:53:17
198,2,"[\""1\"",\""2\"",\""5\"",\""6\"",\""7\"",\""8\"",\""13\"",\""14\""]","[\""1\"",\""2\"",\""3\"",\""5\"",\""6\"",\""7\"",\""8\"",\""9\"",\""11\"",\""12\"",\""13\"",\""14\"",\""15\""]",1,39110,39110,0,2026-01-27 14:53:17,2026-01-27 14:53:17
199,3,"[\""1\"",\""2\"",\""5\"",\""6\"",\""7\"",\""8\"",\""14\""]","[\""1\"",\""2\"",\""3\"",\""5\"",\""9\"",\""12\"",\""13\"",\""14\""]",1,39110,39110,0,2026-01-27 14:53:17,2026-01-27 14:53:17
200,4,"[\""1\"",\""7\"",\""8\"",\""14\""]","[\""1\"",\""10\"",\""12\""]",1,39110,39110,0,2026-01-27 14:53:17,2026-01-27 14:53:17
201,1,"[\""1\"",\""2\"",\""3\"",\""4\"",\""5\"",\""6\"",\""7\"",\""8\"",\""9\"",\""10\"",\""11\"",\""12\"",\""13\"",\""14\""]","[\""1\"",\""2\"",\""3\"",\""4\"",\""5\"",\""6\"",\""7\"",\""8\"",\""9\"",\""10\"",\""11\"",\""12\"",\""13\"",\""14\"",\""15\""]",1,39111,39111,0,2026-01-27 14:56:23,2026-01-27 14:56:23
202,2,"[\""1\"",\""2\"",\""5\"",\""6\"",\""7\"",\""8\"",\""13\"",\""14\""]","[\""1\"",\""2\"",\""3\"",\""5\"",\""6\"",\""7\"",\""8\"",\""9\"",\""11\"",\""12\"",\""13\"",\""14\"",\""15\""]",1,39111,39111,0,2026-01-27 14:56:23,2026-01-27 14:56:23
203,3,"[\""1\"",\""2\"",\""5\"",\""6\"",\""7\"",\""8\"",\""14\""]","[\""1\"",\""2\"",\""3\"",\""5\"",\""9\"",\""12\"",\""13\"",\""14\""]",1,39111,39111,0,2026-01-27 14:56:23,2026-01-27 14:56:23
204,4,"[\""1\"",\""7\"",\""8\"",\""14\""]","[\""1\"",\""10\"",\""12\""]",1,39111,39111,0,2026-01-27 14:56:23,2026-01-27 14:56:23
205,1,"[\""1\"",\""2\"",\""3\"",\""4\"",\""5\"",\""6\"",\""7\"",\""8\"",\""9\"",\""10\"",\""11\"",\""12\"",\""13\"",\""14\""]","[\""1\"",\""2\"",\""3\"",\""4\"",\""5\"",\""6\"",\""7\"",\""8\"",\""9\"",\""10\"",\""11\"",\""12\"",\""13\"",\""14\"",\""15\""]",1,39112,39112,0,2026-01-27 15:05:12,2026-01-27 15:05:12
206,2,"[\""1\"",\""2\"",\""5\"",\""6\"",\""7\"",\""8\"",\""13\"",\""14\""]","[\""1\"",\""2\"",\""3\"",\""5\"",\""6\"",\""7\"",\""8\"",\""9\"",\""11\"",\""12\"",\""13\"",\""14\"",\""15\""]",1,39112,39112,0,2026-01-27 15:05:12,2026-01-27 15:05:12
207,3,"[\""1\"",\""2\"",\""5\"",\""6\"",\""7\"",\""8\"",\""14\""]","[\""1\"",\""2\"",\""3\"",\""5\"",\""9\"",\""12\"",\""13\"",\""14\""]",1,39112,39112,0,2026-01-27 15:05:12,2026-01-27 15:05:12
208,4,"[\""1\"",\""7\"",\""8\"",\""14\""]","[\""1\"",\""10\"",\""12\""]",1,39112,39112,0,2026-01-27 15:05:12,2026-01-27 15:05:12
209,1,"[\""1\"",\""2\"",\""3\"",\""4\"",\""5\"",\""6\"",\""7\"",\""8\"",\""9\"",\""10\"",\""11\"",\""12\"",\""13\"",\""14\""]","[\""1\"",\""2\"",\""3\"",\""4\"",\""5\"",\""6\"",\""7\"",\""8\"",\""9\"",\""10\"",\""11\"",\""12\"",\""13\"",\""14\"",\""15\""]",1,39113,39113,0,2026-01-27 15:10:51,2026-01-27 15:10:51
210,2,"[\""1\"",\""2\"",\""5\"",\""6\"",\""7\"",\""8\"",\""13\"",\""14\""]","[\""1\"",\""2\"",\""3\"",\""5\"",\""6\"",\""7\"",\""8\"",\""9\"",\""11\"",\""12\"",\""13\"",\""14\"",\""15\""]",1,39113,39113,0,2026-01-27 15:10:51,2026-01-27 15:10:51
211,3,"[\""1\"",\""2\"",\""5\"",\""6\"",\""7\"",\""8\"",\""14\""]","[\""1\"",\""2\"",\""3\"",\""5\"",\""9\"",\""12\"",\""13\"",\""14\""]",1,39113,39113,0,2026-01-27 15:10:51,2026-01-27 15:10:51
212,4,"[\""1\"",\""7\"",\""8\"",\""14\""]","[\""1\"",\""10\"",\""12\""]",1,39113,39113,0,2026-01-27 15:10:51,2026-01-27 15:10:51
213,1,"[\""1\"",\""2\"",\""3\"",\""4\"",\""5\"",\""6\"",\""7\"",\""8\"",\""9\"",\""10\"",\""11\"",\""12\"",\""13\"",\""14\""]","[\""1\"",\""2\"",\""3\"",\""4\"",\""5\"",\""6\"",\""7\"",\""8\"",\""9\"",\""10\"",\""11\"",\""12\"",\""13\"",\""14\"",\""15\""]",1,39114,39114,0,2026-01-27 15:17:37,2026-01-27 15:17:37
214,2,"[\""1\"",\""2\"",\""5\"",\""6\"",\""7\"",\""8\"",\""13\"",\""14\""]","[\""1\"",\""2\"",\""3\"",\""5\"",\""6\"",\""7\"",\""8\"",\""9\"",\""11\"",\""12\"",\""13\"",\""14\"",\""15\""]",1,39114,39114,0,2026-01-27 15:17:37,2026-01-27 15:17:37
215,3,"[\""1\"",\""2\"",\""5\"",\""6\"",\""7\"",\""8\"",\""14\""]","[\""1\"",\""2\"",\""3\"",\""5\"",\""9\"",\""12\"",\""13\"",\""14\""]",1,39114,39114,0,2026-01-27 15:17:37,2026-01-27 15:17:37
216,4,"[\""1\"",\""7\"",\""8\"",\""14\""]","[\""1\"",\""10\"",\""12\""]",1,39114,39114,0,2026-01-27 15:17:37,2026-01-27 15:17:37
217,1,"[\""1\"",\""2\"",\""3\"",\""4\"",\""5\"",\""6\"",\""7\"",\""8\"",\""9\"",\""10\"",\""11\"",\""12\"",\""13\"",\""14\""]","[\""1\"",\""2\"",\""3\"",\""4\"",\""5\"",\""6\"",\""7\"",\""8\"",\""9\"",\""10\"",\""11\"",\""12\"",\""13\"",\""14\"",\""15\""]",1,39115,39115,0,2026-01-27 15:23:16,2026-01-27 15:23:16
218,2,"[\""1\"",\""2\"",\""5\"",\""6\"",\""7\"",\""8\"",\""13\"",\""14\""]","[\""1\"",\""2\"",\""3\"",\""5\"",\""6\"",\""7\"",\""8\"",\""9\"",\""11\"",\""12\"",\""13\"",\""14\"",\""15\""]",1,39115,39115,0,2026-01-27 15:23:16,2026-01-27 15:23:16
219,3,"[\""1\"",\""2\"",\""5\"",\""6\"",\""7\"",\""8\"",\""14\""]","[\""1\"",\""2\"",\""3\"",\""5\"",\""9\"",\""12\"",\""13\"",\""14\""]",1,39115,39115,0,2026-01-27 15:23:16,2026-01-27 15:23:16
220,4,"[\""1\"",\""7\"",\""8\"",\""14\""]","[\""1\"",\""10\"",\""12\""]",1,39115,39115,0,2026-01-27 15:23:16,2026-01-27 15:23:16
221,1,"[\""1\"",\""2\"",\""3\"",\""4\"",\""5\"",\""6\"",\""7\"",\""8\"",\""9\"",\""10\"",\""11\"",\""12\"",\""13\"",\""14\""]","[\""1\"",\""2\"",\""3\"",\""4\"",\""5\"",\""6\"",\""7\"",\""8\"",\""9\"",\""10\"",\""11\"",\""12\"",\""13\"",\""14\"",\""15\""]",1,39116,39116,0,2026-01-27 17:58:52,2026-01-27 17:58:52
222,2,"[\""1\"",\""2\"",\""5\"",\""6\"",\""7\"",\""8\"",\""13\"",\""14\""]","[\""1\"",\""2\"",\""3\"",\""5\"",\""6\"",\""7\"",\""8\"",\""9\"",\""11\"",\""12\"",\""13\"",\""14\"",\""15\""]",1,39116,39116,0,2026-01-27 17:58:52,2026-01-27 17:58:52
223,3,"[\""1\"",\""2\"",\""5\"",\""6\"",\""7\"",\""8\"",\""14\""]","[\""1\"",\""2\"",\""3\"",\""5\"",\""9\"",\""12\"",\""13\"",\""14\""]",1,39116,39116,0,2026-01-27 17:58:52,2026-01-27 17:58:52
224,4,"[\""1\"",\""7\"",\""8\"",\""14\""]","[\""1\"",\""10\"",\""12\""]",1,39116,39116,0,2026-01-27 17:58:52,2026-01-27 17:58:52
225,1,"[\""1\"",\""2\"",\""3\"",\""4\"",\""5\"",\""6\"",\""7\"",\""8\"",\""9\"",\""10\"",\""11\"",\""12\"",\""13\"",\""14\""]","[\""1\"",\""2\"",\""3\"",\""4\"",\""5\"",\""6\"",\""7\"",\""8\"",\""9\"",\""10\"",\""11\"",\""12\"",\""13\"",\""14\"",\""15\""]",1,39117,39117,0,2026-01-28 11:55:27,2026-01-28 11:55:27
226,2,"[\""1\"",\""2\"",\""5\"",\""6\"",\""7\"",\""8\"",\""13\"",\""14\""]","[\""1\"",\""2\"",\""3\"",\""5\"",\""6\"",\""7\"",\""8\"",\""9\"",\""11\"",\""12\"",\""13\"",\""14\"",\""15\""]",1,39117,39117,0,2026-01-28 11:55:27,2026-01-28 11:55:27
227,3,"[\""1\"",\""2\"",\""5\"",\""6\"",\""7\"",\""8\"",\""14\""]","[\""1\"",\""2\"",\""3\"",\""5\"",\""9\"",\""12\"",\""13\"",\""14\""]",1,39117,39117,0,2026-01-28 11:55:27,2026-01-28 11:55:27
228,4,"[\""1\"",\""7\"",\""8\"",\""14\""]","[\""1\"",\""10\"",\""12\""]",1,39117,39117,0,2026-01-28 11:55:27,2026-01-28 11:55:27
229,1,"[\""1\"",\""2\"",\""3\"",\""4\"",\""5\"",\""6\"",\""7\"",\""8\"",\""9\"",\""10\"",\""11\"",\""12\"",\""13\"",\""14\""]","[\""1\"",\""2\"",\""3\"",\""4\"",\""5\"",\""6\"",\""7\"",\""8\"",\""9\"",\""10\"",\""11\"",\""12\"",\""13\"",\""14\"",\""15\""]",1,39118,39118,0,2026-01-28 13:23:31,2026-01-28 13:23:31
230,2,"[\""1\"",\""2\"",\""5\"",\""6\"",\""7\"",\""8\"",\""13\"",\""14\""]","[\""1\"",\""2\"",\""3\"",\""5\"",\""6\"",\""7\"",\""8\"",\""9\"",\""11\"",\""12\"",\""13\"",\""14\"",\""15\""]",1,39118,39118,0,2026-01-28 13:23:31,2026-01-28 13:23:31
231,3,"[\""1\"",\""2\"",\""5\"",\""6\"",\""7\"",\""8\"",\""14\""]","[\""1\"",\""2\"",\""3\"",\""5\"",\""9\"",\""12\"",\""13\"",\""14\""]",1,39118,39118,0,2026-01-28 13:23:31,2026-01-28 13:23:31
232,4,"[\""1\"",\""7\"",\""8\"",\""14\""]","[\""1\"",\""10\"",\""12\""]",1,39118,39118,0,2026-01-28 13:23:31,2026-01-28 13:23:31
233,1,"[\""1\"",\""2\"",\""3\"",\""4\"",\""5\"",\""6\"",\""7\"",\""8\"",\""9\"",\""10\"",\""11\"",\""12\"",\""13\"",\""14\""]","[\""1\"",\""2\"",\""3\"",\""4\"",\""5\"",\""6\"",\""7\"",\""8\"",\""9\"",\""10\"",\""11\"",\""12\"",\""13\"",\""14\"",\""15\""]",1,39119,39119,0,2026-01-28 14:19:05,2026-01-28 14:19:05
234,2,"[\""1\"",\""2\"",\""5\"",\""6\"",\""7\"",\""8\"",\""13\"",\""14\""]","[\""1\"",\""2\"",\""3\"",\""5\"",\""6\"",\""7\"",\""8\"",\""9\"",\""11\"",\""12\"",\""13\"",\""14\"",\""15\""]",1,39119,39119,0,2026-01-28 14:19:05,2026-01-28 14:19:05
235,3,"[\""1\"",\""2\"",\""5\"",\""6\"",\""7\"",\""8\"",\""14\""]","[\""1\"",\""2\"",\""3\"",\""5\"",\""9\"",\""12\"",\""13\"",\""14\""]",1,39119,39119,0,2026-01-28 14:19:05,2026-01-28 14:19:05
236,4,"[\""1\"",\""7\"",\""8\"",\""14\""]","[\""1\"",\""10\"",\""12\""]",1,39119,39119,0,2026-01-28 14:19:05,2026-01-28 14:19:05
237,1,"[\""1\"",\""2\"",\""3\"",\""4\"",\""5\"",\""6\"",\""7\"",\""8\"",\""9\"",\""10\"",\""11\"",\""12\"",\""13\"",\""14\""]","[\""1\"",\""2\"",\""3\"",\""4\"",\""5\"",\""6\"",\""7\"",\""8\"",\""9\"",\""10\"",\""11\"",\""12\"",\""13\"",\""14\"",\""15\""]",1,39120,39120,0,2026-01-28 14:28:20,2026-01-28 14:28:20
238,2,"[\""1\"",\""2\"",\""5\"",\""6\"",\""7\"",\""8\"",\""13\"",\""14\""]","[\""1\"",\""2\"",\""3\"",\""5\"",\""6\"",\""7\"",\""8\"",\""9\"",\""11\"",\""12\"",\""13\"",\""14\"",\""15\""]",1,39120,39120,0,2026-01-28 14:28:20,2026-01-28 14:28:20
239,3,"[\""1\"",\""2\"",\""5\"",\""6\"",\""7\"",\""8\"",\""14\""]","[\""1\"",\""2\"",\""3\"",\""5\"",\""9\"",\""12\"",\""13\"",\""14\""]",1,39120,39120,0,2026-01-28 14:28:20,2026-01-28 14:28:20
240,4,"[\""1\"",\""7\"",\""8\"",\""14\""]","[\""1\"",\""10\"",\""12\""]",1,39120,39120,0,2026-01-28 14:28:20,2026-01-28 14:28:20
241,1,"[\""1\"",\""2\"",\""3\"",\""4\"",\""5\"",\""6\"",\""7\"",\""8\"",\""9\"",\""10\"",\""11\"",\""12\"",\""13\"",\""14\""]","[\""1\"",\""2\"",\""3\"",\""4\"",\""5\"",\""6\"",\""7\"",\""8\"",\""9\"",\""10\"",\""11\"",\""12\"",\""13\"",\""14\"",\""15\""]",1,39121,39121,0,2026-01-28 18:01:21,2026-01-28 18:01:21
242,2,"[\""1\"",\""2\"",\""5\"",\""6\"",\""7\"",\""8\"",\""13\"",\""14\""]","[\""1\"",\""2\"",\""3\"",\""5\"",\""6\"",\""7\"",\""8\"",\""9\"",\""11\"",\""12\"",\""13\"",\""14\"",\""15\""]",1,39121,39121,0,2026-01-28 18:01:21,2026-01-28 18:01:21
243,3,"[\""1\"",\""2\"",\""5\"",\""6\"",\""7\"",\""8\"",\""14\""]","[\""1\"",\""2\"",\""3\"",\""5\"",\""9\"",\""12\"",\""13\"",\""14\""]",1,39121,39121,0,2026-01-28 18:01:21,2026-01-28 18:01:21
244,4,"[\""1\"",\""7\"",\""8\"",\""14\""]","[\""1\"",\""10\"",\""12\""]",1,39121,39121,0,2026-01-28 18:01:21,2026-01-28 18:01:21
245,1,"[\""1\"",\""2\"",\""3\"",\""4\"",\""5\"",\""6\"",\""7\"",\""8\"",\""9\"",\""10\"",\""11\"",\""12\"",\""13\"",\""14\""]","[\""1\"",\""2\"",\""3\"",\""4\"",\""5\"",\""6\"",\""7\"",\""8\"",\""9\"",\""10\"",\""11\"",\""12\"",\""13\"",\""14\"",\""15\""]",1,39123,39123,0,2026-01-28 18:09:05,2026-01-28 18:09:05
246,2,"[\""1\"",\""2\"",\""5\"",\""6\"",\""7\"",\""8\"",\""13\"",\""14\""]","[\""1\"",\""2\"",\""3\"",\""5\"",\""6\"",\""7\"",\""8\"",\""9\"",\""11\"",\""12\"",\""13\"",\""14\"",\""15\""]",1,39123,39123,0,2026-01-28 18:09:05,2026-01-28 18:09:05
247,3,"[\""1\"",\""2\"",\""5\"",\""6\"",\""7\"",\""8\"",\""14\""]","[\""1\"",\""2\"",\""3\"",\""5\"",\""9\"",\""12\"",\""13\"",\""14\""]",1,39123,39123,0,2026-01-28 18:09:05,2026-01-28 18:09:05
248,4,"[\""1\"",\""7\"",\""8\"",\""14\""]","[\""1\"",\""10\"",\""12\""]",1,39123,39123,0,2026-01-28 18:09:05,2026-01-28 18:09:05
249,1,"[\""1\"",\""2\"",\""3\"",\""4\"",\""5\"",\""6\"",\""7\"",\""8\"",\""9\"",\""10\"",\""11\"",\""12\"",\""13\"",\""14\""]","[\""1\"",\""2\"",\""3\"",\""4\"",\""5\"",\""6\"",\""7\"",\""8\"",\""9\"",\""10\"",\""11\"",\""12\"",\""13\"",\""14\"",\""15\""]",1,39124,39124,0,2026-01-29 11:09:09,2026-01-29 11:09:09
250,2,"[\""1\"",\""2\"",\""5\"",\""6\"",\""7\"",\""8\"",\""13\"",\""14\""]","[\""1\"",\""2\"",\""3\"",\""5\"",\""6\"",\""7\"",\""8\"",\""9\"",\""11\"",\""12\"",\""13\"",\""14\"",\""15\""]",1,39124,39124,0,2026-01-29 11:09:09,2026-01-29 11:09:09
251,3,"[\""1\"",\""2\"",\""5\"",\""6\"",\""7\"",\""8\"",\""14\""]","[\""1\"",\""2\"",\""3\"",\""5\"",\""9\"",\""12\"",\""13\"",\""14\""]",1,39124,39124,0,2026-01-29 11:09:09,2026-01-29 11:09:09
252,4,"[\""1\"",\""7\"",\""8\"",\""14\""]","[\""1\"",\""10\"",\""12\""]",1,39124,39124,0,2026-01-29 11:09:09,2026-01-29 11:09:09
253,1,"[\""1\"",\""2\"",\""3\"",\""4\"",\""5\"",\""6\"",\""7\"",\""8\"",\""9\"",\""10\"",\""11\"",\""12\"",\""13\"",\""14\""]","[\""1\"",\""2\"",\""3\"",\""4\"",\""5\"",\""6\"",\""7\"",\""8\"",\""9\"",\""10\"",\""11\"",\""12\"",\""13\"",\""14\"",\""15\""]",1,39125,39125,0,2026-01-29 13:27:05,2026-01-29 13:27:05
254,2,"[\""1\"",\""2\"",\""5\"",\""6\"",\""7\"",\""8\"",\""13\"",\""14\""]","[\""1\"",\""2\"",\""3\"",\""5\"",\""6\"",\""7\"",\""8\"",\""9\"",\""11\"",\""12\"",\""13\"",\""14\"",\""15\""]",1,39125,39125,0,2026-01-29 13:27:05,2026-01-29 13:27:05
255,3,"[\""1\"",\""2\"",\""5\"",\""6\"",\""7\"",\""8\"",\""14\""]","[\""1\"",\""2\"",\""3\"",\""5\"",\""9\"",\""12\"",\""13\"",\""14\""]",1,39125,39125,0,2026-01-29 13:27:05,2026-01-29 13:27:05
256,4,"[\""1\"",\""7\"",\""8\"",\""14\""]","[\""1\"",\""10\"",\""12\""]",1,39125,39125,0,2026-01-29 13:27:05,2026-01-29 13:27:05
257,1,"[\""1\"",\""2\"",\""3\"",\""4\"",\""5\"",\""6\"",\""7\"",\""8\"",\""9\"",\""10\"",\""11\"",\""12\"",\""13\"",\""14\""]","[\""1\"",\""2\"",\""3\"",\""4\"",\""5\"",\""6\"",\""7\"",\""8\"",\""9\"",\""10\"",\""11\"",\""12\"",\""13\"",\""14\"",\""15\""]",1,39126,39126,0,2026-01-29 14:37:24,2026-01-29 14:37:24
258,2,"[\""1\"",\""2\"",\""5\"",\""6\"",\""7\"",\""8\"",\""13\"",\""14\""]","[\""1\"",\""2\"",\""3\"",\""5\"",\""6\"",\""7\"",\""8\"",\""9\"",\""11\"",\""12\"",\""13\"",\""14\"",\""15\""]",1,39126,39126,0,2026-01-29 14:37:24,2026-01-29 14:37:24
259,3,"[\""1\"",\""2\"",\""5\"",\""6\"",\""7\"",\""8\"",\""14\""]","[\""1\"",\""2\"",\""3\"",\""5\"",\""9\"",\""12\"",\""13\"",\""14\""]",1,39126,39126,0,2026-01-29 14:37:24,2026-01-29 14:37:24
260,4,"[\""1\"",\""7\"",\""8\"",\""14\""]","[\""1\"",\""10\"",\""12\""]",1,39126,39126,0,2026-01-29 14:37:24,2026-01-29 14:37:24
261,1,"[\""1\"",\""2\"",\""3\"",\""4\"",\""5\"",\""6\"",\""7\"",\""8\"",\""9\"",\""10\"",\""11\"",\""12\"",\""13\"",\""14\""]","[\""1\"",\""2\"",\""3\"",\""4\"",\""5\"",\""6\"",\""7\"",\""8\"",\""9\"",\""10\"",\""11\"",\""12\"",\""13\"",\""14\"",\""15\""]",1,39127,39127,0,2026-01-29 14:37:28,2026-01-29 14:37:28
262,2,"[\""1\"",\""2\"",\""5\"",\""6\"",\""7\"",\""8\"",\""13\"",\""14\""]","[\""1\"",\""2\"",\""3\"",\""5\"",\""6\"",\""7\"",\""8\"",\""9\"",\""11\"",\""12\"",\""13\"",\""14\"",\""15\""]",1,39127,39127,0,2026-01-29 14:37:28,2026-01-29 14:37:28
263,3,"[\""1\"",\""2\"",\""5\"",\""6\"",\""7\"",\""8\"",\""14\""]","[\""1\"",\""2\"",\""3\"",\""5\"",\""9\"",\""12\"",\""13\"",\""14\""]",1,39127,39127,0,2026-01-29 14:37:28,2026-01-29 14:37:28
264,4,"[\""1\"",\""7\"",\""8\"",\""14\""]","[\""1\"",\""10\"",\""12\""]",1,39127,39127,0,2026-01-29 14:37:28,2026-01-29 14:37:28
265,1,"[\""1\"",\""2\"",\""3\"",\""4\"",\""5\"",\""6\"",\""7\"",\""8\"",\""9\"",\""10\"",\""11\"",\""12\"",\""13\"",\""14\""]","[\""1\"",\""2\"",\""3\"",\""4\"",\""5\"",\""6\"",\""7\"",\""8\"",\""9\"",\""10\"",\""11\"",\""12\"",\""13\"",\""14\"",\""15\""]",1,39013,27244,0,2026-01-23 14:59:04,2026-01-23 14:59:04
266,1,"[\""1\"",\""2\"",\""3\"",\""4\"",\""5\"",\""6\"",\""7\"",\""8\"",\""9\"",\""10\"",\""11\"",\""12\"",\""13\"",\""14\""]","[\""1\"",\""2\"",\""3\"",\""4\"",\""5\"",\""6\"",\""7\"",\""8\"",\""9\"",\""10\"",\""11\"",\""12\"",\""13\"",\""14\"",\""15\""]",1,39131,39131,0,2026-02-02 17:42:33,2026-02-02 17:42:33
267,2,"[\""1\"",\""2\"",\""5\"",\""6\"",\""7\"",\""8\"",\""13\"",\""14\""]","[\""1\"",\""2\"",\""3\"",\""5\"",\""6\"",\""7\"",\""8\"",\""9\"",\""11\"",\""12\"",\""13\"",\""14\"",\""15\""]",1,39131,39131,0,2026-02-02 17:42:33,2026-02-02 17:42:33
268,3,"[\""1\"",\""2\"",\""5\"",\""6\"",\""7\"",\""8\"",\""14\""]","[\""1\"",\""2\"",\""3\"",\""5\"",\""9\"",\""12\"",\""13\"",\""14\""]",1,39131,39131,0,2026-02-02 17:42:33,2026-02-02 17:42:33
269,4,"[\""1\"",\""7\"",\""8\"",\""14\""]","[\""1\"",\""10\"",\""12\""]",1,39131,39131,0,2026-02-02 17:42:33,2026-02-02 17:42:33
270,1,"[\""1\"",\""2\"",\""3\"",\""4\"",\""5\"",\""6\"",\""7\"",\""8\"",\""9\"",\""10\"",\""11\"",\""12\"",\""13\"",\""14\""]","[\""1\"",\""2\"",\""3\"",\""4\"",\""5\"",\""6\"",\""7\"",\""8\"",\""9\"",\""10\"",\""11\"",\""12\"",\""13\"",\""14\"",\""15\""]",1,39132,39132,0,2026-02-03 13:19:13,2026-02-03 13:19:13
271,2,"[\""1\"",\""2\"",\""5\"",\""6\"",\""7\"",\""8\"",\""13\"",\""14\""]","[\""1\"",\""2\"",\""3\"",\""5\"",\""6\"",\""7\"",\""8\"",\""9\"",\""11\"",\""12\"",\""13\"",\""14\"",\""15\""]",1,39132,39132,0,2026-02-03 13:19:13,2026-02-03 13:19:13
272,3,"[\""1\"",\""2\"",\""5\"",\""6\"",\""7\"",\""8\"",\""14\""]","[\""1\"",\""2\"",\""3\"",\""5\"",\""9\"",\""12\"",\""13\"",\""14\""]",1,39132,39132,0,2026-02-03 13:19:13,2026-02-03 13:19:13
273,4,"[\""1\"",\""7\"",\""8\"",\""14\""]","[\""1\"",\""10\"",\""12\""]",1,39132,39132,0,2026-02-03 13:19:13,2026-02-03 13:19:13
274,1,"[\""1\"",\""2\"",\""3\"",\""4\"",\""5\"",\""6\"",\""7\"",\""8\"",\""9\"",\""10\"",\""11\"",\""12\"",\""13\"",\""14\""]","[\""1\"",\""2\"",\""3\"",\""4\"",\""5\"",\""6\"",\""7\"",\""8\"",\""9\"",\""10\"",\""11\"",\""12\"",\""13\"",\""14\"",\""15\""]",1,39133,39133,0,2026-02-03 13:29:39,2026-02-03 13:29:39
275,2,"[\""1\"",\""2\"",\""5\"",\""6\"",\""7\"",\""8\"",\""13\"",\""14\""]","[\""1\"",\""2\"",\""3\"",\""5\"",\""6\"",\""7\"",\""8\"",\""9\"",\""11\"",\""12\"",\""13\"",\""14\"",\""15\""]",1,39133,39133,0,2026-02-03 13:29:39,2026-02-03 13:29:39
276,3,"[\""1\"",\""2\"",\""5\"",\""6\"",\""7\"",\""8\"",\""14\""]","[\""1\"",\""2\"",\""3\"",\""5\"",\""9\"",\""12\"",\""13\"",\""14\""]",1,39133,39133,0,2026-02-03 13:29:39,2026-02-03 13:29:39
277,4,"[\""1\"",\""7\"",\""8\"",\""14\""]","[\""1\"",\""10\"",\""12\""]",1,39133,39133,0,2026-02-03 13:29:39,2026-02-03 13:29:39
278,1,"[\""1\"",\""2\"",\""3\"",\""4\"",\""5\"",\""6\"",\""7\"",\""8\"",\""9\"",\""10\"",\""11\"",\""12\"",\""13\"",\""14\""]","[\""1\"",\""2\"",\""3\"",\""4\"",\""5\"",\""6\"",\""7\"",\""8\"",\""9\"",\""10\"",\""11\"",\""12\"",\""13\"",\""14\"",\""15\""]",1,39134,39134,0,2026-02-03 13:33:00,2026-02-03 13:33:00
279,2,"[\""1\"",\""2\"",\""5\"",\""6\"",\""7\"",\""8\"",\""13\"",\""14\""]","[\""1\"",\""2\"",\""3\"",\""5\"",\""6\"",\""7\"",\""8\"",\""9\"",\""11\"",\""12\"",\""13\"",\""14\"",\""15\""]",1,39134,39134,0,2026-02-03 13:33:00,2026-02-03 13:33:00
280,3,"[\""1\"",\""2\"",\""5\"",\""6\"",\""7\"",\""8\"",\""14\""]","[\""1\"",\""2\"",\""3\"",\""5\"",\""9\"",\""12\"",\""13\"",\""14\""]",1,39134,39134,0,2026-02-03 13:33:00,2026-02-03 13:33:00
281,4,"[\""1\"",\""7\"",\""8\"",\""14\""]","[\""1\"",\""10\"",\""12\""]",1,39134,39134,0,2026-02-03 13:33:00,2026-02-03 13:33:00
282,1,"[\""1\"",\""2\"",\""3\"",\""4\"",\""5\"",\""6\"",\""7\"",\""8\"",\""9\"",\""10\"",\""11\"",\""12\"",\""13\"",\""14\""]","[\""1\"",\""2\"",\""3\"",\""4\"",\""5\"",\""6\"",\""7\"",\""8\"",\""9\"",\""10\"",\""11\"",\""12\"",\""13\"",\""14\"",\""15\""]",1,39135,39135,0,2026-02-03 14:39:12,2026-02-03 14:39:12
283,2,"[\""1\"",\""2\"",\""5\"",\""6\"",\""7\"",\""8\"",\""13\"",\""14\""]","[\""1\"",\""2\"",\""3\"",\""5\"",\""6\"",\""7\"",\""8\"",\""9\"",\""11\"",\""12\"",\""13\"",\""14\"",\""15\""]",1,39135,39135,0,2026-02-03 14:39:12,2026-02-03 14:39:12
284,3,"[\""1\"",\""2\"",\""5\"",\""6\"",\""7\"",\""8\"",\""14\""]","[\""1\"",\""2\"",\""3\"",\""5\"",\""9\"",\""12\"",\""13\"",\""14\""]",1,39135,39135,0,2026-02-03 14:39:12,2026-02-03 14:39:12
285,4,"[\""1\"",\""7\"",\""8\"",\""14\""]","[\""1\"",\""10\"",\""12\""]",1,39135,39135,0,2026-02-03 14:39:12,2026-02-03 14:39:12
286,1,"[\""1\"",\""2\"",\""3\"",\""4\"",\""5\"",\""6\"",\""7\"",\""8\"",\""9\"",\""10\"",\""11\"",\""12\"",\""13\"",\""14\""]","[\""1\"",\""2\"",\""3\"",\""4\"",\""5\"",\""6\"",\""7\"",\""8\"",\""9\"",\""10\"",\""11\"",\""12\"",\""13\"",\""14\"",\""15\""]",1,39136,39136,0,2026-02-03 16:14:08,2026-02-03 16:14:08
287,2,"[\""1\"",\""2\"",\""5\"",\""6\"",\""7\"",\""8\"",\""13\"",\""14\""]","[\""1\"",\""2\"",\""3\"",\""5\"",\""6\"",\""7\"",\""8\"",\""9\"",\""11\"",\""12\"",\""13\"",\""14\"",\""15\""]",1,39136,39136,0,2026-02-03 16:14:08,2026-02-03 16:14:08
288,3,"[\""1\"",\""2\"",\""5\"",\""6\"",\""7\"",\""8\"",\""14\""]","[\""1\"",\""2\"",\""3\"",\""5\"",\""9\"",\""12\"",\""13\"",\""14\""]",1,39136,39136,0,2026-02-03 16:14:08,2026-02-03 16:14:08
289,4,"[\""1\"",\""7\"",\""8\"",\""14\""]","[\""1\"",\""10\"",\""12\""]",1,39136,39136,0,2026-02-03 16:14:08,2026-02-03 16:14:08
290,1,"[\""1\"",\""2\"",\""3\"",\""4\"",\""5\"",\""6\"",\""7\"",\""8\"",\""9\"",\""10\"",\""11\"",\""12\"",\""13\"",\""14\""]","[\""1\"",\""2\"",\""3\"",\""4\"",\""5\"",\""6\"",\""7\"",\""8\"",\""9\"",\""10\"",\""11\"",\""12\"",\""13\"",\""14\"",\""15\""]",1,39137,39137,0,2026-02-03 16:18:04,2026-02-03 16:18:04
291,2,"[\""1\"",\""2\"",\""5\"",\""6\"",\""7\"",\""8\"",\""13\"",\""14\""]","[\""1\"",\""2\"",\""3\"",\""5\"",\""6\"",\""7\"",\""8\"",\""9\"",\""11\"",\""12\"",\""13\"",\""14\"",\""15\""]",1,39137,39137,0,2026-02-03 16:18:04,2026-02-03 16:18:04
292,3,"[\""1\"",\""2\"",\""5\"",\""6\"",\""7\"",\""8\"",\""14\""]","[\""1\"",\""2\"",\""3\"",\""5\"",\""9\"",\""12\"",\""13\"",\""14\""]",1,39137,39137,0,2026-02-03 16:18:04,2026-02-03 16:18:04
293,4,"[\""1\"",\""7\"",\""8\"",\""14\""]","[\""1\"",\""10\"",\""12\""]",1,39137,39137,0,2026-02-03 16:18:04,2026-02-03 16:18:04
294,1,"[\""1\"",\""2\"",\""3\"",\""4\"",\""5\"",\""6\"",\""7\"",\""8\"",\""9\"",\""10\"",\""11\"",\""12\"",\""13\"",\""14\""]","[\""1\"",\""2\"",\""3\"",\""4\"",\""5\"",\""6\"",\""7\"",\""8\"",\""9\"",\""10\"",\""11\"",\""12\"",\""13\"",\""14\"",\""15\""]",1,39138,39138,0,2026-02-03 16:21:03,2026-02-03 16:21:03
295,2,"[\""1\"",\""2\"",\""5\"",\""6\"",\""7\"",\""8\"",\""13\"",\""14\""]","[\""1\"",\""2\"",\""3\"",\""5\"",\""6\"",\""7\"",\""8\"",\""9\"",\""11\"",\""12\"",\""13\"",\""14\"",\""15\""]",1,39138,39138,0,2026-02-03 16:21:03,2026-02-03 16:21:03
296,3,"[\""1\"",\""2\"",\""5\"",\""6\"",\""7\"",\""8\"",\""14\""]","[\""1\"",\""2\"",\""3\"",\""5\"",\""9\"",\""12\"",\""13\"",\""14\""]",1,39138,39138,0,2026-02-03 16:21:03,2026-02-03 16:21:03
297,4,"[\""1\"",\""7\"",\""8\"",\""14\""]","[\""1\"",\""10\"",\""12\""]",1,39138,39138,0,2026-02-03 16:21:03,2026-02-03 16:21:03
298,1,"[\""1\"",\""2\"",\""3\"",\""4\"",\""5\"",\""6\"",\""7\"",\""8\"",\""9\"",\""10\"",\""11\"",\""12\"",\""13\"",\""14\""]","[\""1\"",\""2\"",\""3\"",\""4\"",\""5\"",\""6\"",\""7\"",\""8\"",\""9\"",\""10\"",\""11\"",\""12\"",\""13\"",\""14\"",\""15\""]",1,39139,39139,0,2026-02-03 16:26:44,2026-02-03 16:26:44
299,2,"[\""1\"",\""2\"",\""5\"",\""6\"",\""7\"",\""8\"",\""13\"",\""14\""]","[\""1\"",\""2\"",\""3\"",\""5\"",\""6\"",\""7\"",\""8\"",\""9\"",\""11\"",\""12\"",\""13\"",\""14\"",\""15\""]",1,39139,39139,0,2026-02-03 16:26:44,2026-02-03 16:26:44
300,3,"[\""1\"",\""2\"",\""5\"",\""6\"",\""7\"",\""8\"",\""14\""]","[\""1\"",\""2\"",\""3\"",\""5\"",\""9\"",\""12\"",\""13\"",\""14\""]",1,39139,39139,0,2026-02-03 16:26:44,2026-02-03 16:26:44
301,4,"[\""1\"",\""7\"",\""8\"",\""14\""]","[\""1\"",\""10\"",\""12\""]",1,39139,39139,0,2026-02-03 16:26:44,2026-02-03 16:26:44
302,1,"[\""1\"",\""2\"",\""3\"",\""4\"",\""5\"",\""6\"",\""7\"",\""8\"",\""9\"",\""10\"",\""11\"",\""12\"",\""13\"",\""14\""]","[\""1\"",\""2\"",\""3\"",\""4\"",\""5\"",\""6\"",\""7\"",\""8\"",\""9\"",\""10\"",\""11\"",\""12\"",\""13\"",\""14\"",\""15\""]",1,39140,39140,0,2026-02-03 16:29:45,2026-02-03 16:29:45
303,2,"[\""1\"",\""2\"",\""5\"",\""6\"",\""7\"",\""8\"",\""13\"",\""14\""]","[\""1\"",\""2\"",\""3\"",\""5\"",\""6\"",\""7\"",\""8\"",\""9\"",\""11\"",\""12\"",\""13\"",\""14\"",\""15\""]",1,39140,39140,0,2026-02-03 16:29:45,2026-02-03 16:29:45
304,3,"[\""1\"",\""2\"",\""5\"",\""6\"",\""7\"",\""8\"",\""14\""]","[\""1\"",\""2\"",\""3\"",\""5\"",\""9\"",\""12\"",\""13\"",\""14\""]",1,39140,39140,0,2026-02-03 16:29:45,2026-02-03 16:29:45
305,4,"[\""1\"",\""7\"",\""8\"",\""14\""]","[\""1\"",\""10\"",\""12\""]",1,39140,39140,0,2026-02-03 16:29:45,2026-02-03 16:29:45
306,1,"[\""1\"",\""2\"",\""3\"",\""4\"",\""5\"",\""6\"",\""7\"",\""8\"",\""9\"",\""10\"",\""11\"",\""12\"",\""13\"",\""14\""]","[\""1\"",\""2\"",\""3\"",\""4\"",\""5\"",\""6\"",\""7\"",\""8\"",\""9\"",\""10\"",\""11\"",\""12\"",\""13\"",\""14\"",\""15\""]",1,39141,39141,0,2026-02-03 16:39:09,2026-02-03 16:39:09
307,2,"[\""1\"",\""2\"",\""5\"",\""6\"",\""7\"",\""8\"",\""13\"",\""14\""]","[\""1\"",\""2\"",\""3\"",\""5\"",\""6\"",\""7\"",\""8\"",\""9\"",\""11\"",\""12\"",\""13\"",\""14\"",\""15\""]",1,39141,39141,0,2026-02-03 16:39:09,2026-02-03 16:39:09
308,3,"[\""1\"",\""2\"",\""5\"",\""6\"",\""7\"",\""8\"",\""14\""]","[\""1\"",\""2\"",\""3\"",\""5\"",\""9\"",\""12\"",\""13\"",\""14\""]",1,39141,39141,0,2026-02-03 16:39:09,2026-02-03 16:39:09
309,4,"[\""1\"",\""7\"",\""8\"",\""14\""]","[\""1\"",\""10\"",\""12\""]",1,39141,39141,0,2026-02-03 16:39:09,2026-02-03 16:39:09
310,1,"[\""1\"",\""2\"",\""3\"",\""4\"",\""5\"",\""6\"",\""7\"",\""8\"",\""9\"",\""10\"",\""11\"",\""12\"",\""13\"",\""14\""]","[\""1\"",\""2\"",\""3\"",\""4\"",\""5\"",\""6\"",\""7\"",\""8\"",\""9\"",\""10\"",\""11\"",\""12\"",\""13\"",\""14\"",\""15\""]",1,39142,39142,0,2026-02-03 16:56:58,2026-02-03 16:56:58
311,2,"[\""1\"",\""2\"",\""5\"",\""6\"",\""7\"",\""8\"",\""13\"",\""14\""]","[\""1\"",\""2\"",\""3\"",\""5\"",\""6\"",\""7\"",\""8\"",\""9\"",\""11\"",\""12\"",\""13\"",\""14\"",\""15\""]",1,39142,39142,0,2026-02-03 16:56:58,2026-02-03 16:56:58
312,3,"[\""1\"",\""2\"",\""5\"",\""6\"",\""7\"",\""8\"",\""14\""]","[\""1\"",\""2\"",\""3\"",\""5\"",\""9\"",\""12\"",\""13\"",\""14\""]",1,39142,39142,0,2026-02-03 16:56:58,2026-02-03 16:56:58
313,4,"[\""1\"",\""7\"",\""8\"",\""14\""]","[\""1\"",\""10\"",\""12\""]",1,39142,39142,0,2026-02-03 16:56:58,2026-02-03 16:56:58
314,1,"[\""1\"",\""2\"",\""3\"",\""4\"",\""5\"",\""6\"",\""7\"",\""8\"",\""9\"",\""10\"",\""11\"",\""12\"",\""13\"",\""14\""]","[\""1\"",\""2\"",\""3\"",\""4\"",\""5\"",\""6\"",\""7\"",\""8\"",\""9\"",\""10\"",\""11\"",\""12\"",\""13\"",\""14\"",\""15\""]",1,39146,39146,0,2026-02-03 17:00:26,2026-02-03 17:00:26
315,2,"[\""1\"",\""2\"",\""5\"",\""6\"",\""7\"",\""8\"",\""13\"",\""14\""]","[\""1\"",\""2\"",\""3\"",\""5\"",\""6\"",\""7\"",\""8\"",\""9\"",\""11\"",\""12\"",\""13\"",\""14\"",\""15\""]",1,39146,39146,0,2026-02-03 17:00:26,2026-02-03 17:00:26
316,3,"[\""1\"",\""2\"",\""5\"",\""6\"",\""7\"",\""8\"",\""14\""]","[\""1\"",\""2\"",\""3\"",\""5\"",\""9\"",\""12\"",\""13\"",\""14\""]",1,39146,39146,0,2026-02-03 17:00:26,2026-02-03 17:00:26
317,4,"[\""1\"",\""7\"",\""8\"",\""14\""]","[\""1\"",\""10\"",\""12\""]",1,39146,39146,0,2026-02-03 17:00:26,2026-02-03 17:00:26
318,1,"[\""1\"",\""2\"",\""3\"",\""4\"",\""5\"",\""6\"",\""7\"",\""8\"",\""9\"",\""10\"",\""11\"",\""12\"",\""13\"",\""14\""]","[\""1\"",\""2\"",\""3\"",\""4\"",\""5\"",\""6\"",\""7\"",\""8\"",\""9\"",\""10\"",\""11\"",\""12\"",\""13\"",\""14\"",\""15\""]",1,39148,39148,0,2026-02-03 17:04:32,2026-02-03 17:04:32
319,2,"[\""1\"",\""2\"",\""5\"",\""6\"",\""7\"",\""8\"",\""13\"",\""14\""]","[\""1\"",\""2\"",\""3\"",\""5\"",\""6\"",\""7\"",\""8\"",\""9\"",\""11\"",\""12\"",\""13\"",\""14\"",\""15\""]",1,39148,39148,0,2026-02-03 17:04:32,2026-02-03 17:04:32
320,3,"[\""1\"",\""2\"",\""5\"",\""6\"",\""7\"",\""8\"",\""14\""]","[\""1\"",\""2\"",\""3\"",\""5\"",\""9\"",\""12\"",\""13\"",\""14\""]",1,39148,39148,0,2026-02-03 17:04:32,2026-02-03 17:04:32
321,4,"[\""1\"",\""7\"",\""8\"",\""14\""]","[\""1\"",\""10\"",\""12\""]",1,39148,39148,0,2026-02-03 17:04:32,2026-02-03 17:04:32
322,1,"[\""1\"",\""2\"",\""3\"",\""4\"",\""5\"",\""6\"",\""7\"",\""8\"",\""9\"",\""10\"",\""11\"",\""12\"",\""13\"",\""14\""]","[\""1\"",\""2\"",\""3\"",\""4\"",\""5\"",\""6\"",\""7\"",\""8\"",\""9\"",\""10\"",\""11\"",\""12\"",\""13\"",\""14\"",\""15\""]",1,39150,39150,0,2026-02-03 17:19:08,2026-02-03 17:19:08
323,2,"[\""1\"",\""2\"",\""5\"",\""6\"",\""7\"",\""8\"",\""13\"",\""14\""]","[\""1\"",\""2\"",\""3\"",\""5\"",\""6\"",\""7\"",\""8\"",\""9\"",\""11\"",\""12\"",\""13\"",\""14\"",\""15\""]",1,39150,39150,0,2026-02-03 17:19:08,2026-02-03 17:19:08
324,3,"[\""1\"",\""2\"",\""5\"",\""6\"",\""7\"",\""8\"",\""14\""]","[\""1\"",\""2\"",\""3\"",\""5\"",\""9\"",\""12\"",\""13\"",\""14\""]",1,39150,39150,0,2026-02-03 17:19:08,2026-02-03 17:19:08
325,4,"[\""1\"",\""7\"",\""8\"",\""14\""]","[\""1\"",\""10\"",\""12\""]",1,39150,39150,0,2026-02-03 17:19:08,2026-02-03 17:19:08
326,1,"[\""1\"",\""2\"",\""3\"",\""4\"",\""5\"",\""6\"",\""7\"",\""8\"",\""9\"",\""10\"",\""11\"",\""12\"",\""13\"",\""14\""]","[\""1\"",\""2\"",\""3\"",\""4\"",\""5\"",\""6\"",\""7\"",\""8\"",\""9\"",\""10\"",\""11\"",\""12\"",\""13\"",\""14\"",\""15\""]",1,39152,39152,0,2026-02-03 17:25:46,2026-02-03 17:25:46
327,2,"[\""1\"",\""2\"",\""5\"",\""6\"",\""7\"",\""8\"",\""13\"",\""14\""]","[\""1\"",\""2\"",\""3\"",\""5\"",\""6\"",\""7\"",\""8\"",\""9\"",\""11\"",\""12\"",\""13\"",\""14\"",\""15\""]",1,39152,39152,0,2026-02-03 17:25:46,2026-02-03 17:25:46
328,3,"[\""1\"",\""2\"",\""5\"",\""6\"",\""7\"",\""8\"",\""14\""]","[\""1\"",\""2\"",\""3\"",\""5\"",\""9\"",\""12\"",\""13\"",\""14\""]",1,39152,39152,0,2026-02-03 17:25:46,2026-02-03 17:25:46
329,4,"[\""1\"",\""7\"",\""8\"",\""14\""]","[\""1\"",\""10\"",\""12\""]",1,39152,39152,0,2026-02-03 17:25:46,2026-02-03 17:25:46
334,1,"[\""1\"",\""2\"",\""3\"",\""4\"",\""5\"",\""6\"",\""7\"",\""8\"",\""9\"",\""10\"",\""11\"",\""12\"",\""13\"",\""14\""]","[\""1\"",\""2\"",\""3\"",\""4\"",\""5\"",\""6\"",\""7\"",\""8\"",\""9\"",\""10\"",\""11\"",\""12\"",\""13\"",\""14\"",\""15\""]",1,39154,39154,0,2026-02-03 17:31:05,2026-02-03 17:31:05
335,2,"[\""1\"",\""2\"",\""5\"",\""6\"",\""7\"",\""8\"",\""13\"",\""14\""]","[\""1\"",\""2\"",\""3\"",\""5\"",\""6\"",\""7\"",\""8\"",\""9\"",\""11\"",\""12\"",\""13\"",\""14\"",\""15\""]",1,39154,39154,0,2026-02-03 17:31:05,2026-02-03 17:31:05
336,3,"[\""1\"",\""2\"",\""5\"",\""6\"",\""7\"",\""8\"",\""14\""]","[\""1\"",\""2\"",\""3\"",\""5\"",\""9\"",\""12\"",\""13\"",\""14\""]",1,39154,39154,0,2026-02-03 17:31:05,2026-02-03 17:31:05
337,4,"[\""1\"",\""7\"",\""8\"",\""14\""]","[\""1\"",\""10\"",\""12\""]",1,39154,39154,0,2026-02-03 17:31:05,2026-02-03 17:31:05
338,1,"[\""1\"",\""2\"",\""3\"",\""4\"",\""5\"",\""6\"",\""7\"",\""8\"",\""9\"",\""10\"",\""11\"",\""12\"",\""13\"",\""14\""]","[\""1\"",\""2\"",\""3\"",\""4\"",\""5\"",\""6\"",\""7\"",\""8\"",\""9\"",\""10\"",\""11\"",\""12\"",\""13\"",\""14\"",\""15\""]",1,39155,39155,0,2026-02-03 17:35:31,2026-02-03 17:35:31
339,2,"[\""1\"",\""2\"",\""5\"",\""6\"",\""7\"",\""8\"",\""13\"",\""14\""]","[\""1\"",\""2\"",\""3\"",\""5\"",\""6\"",\""7\"",\""8\"",\""9\"",\""11\"",\""12\"",\""13\"",\""14\"",\""15\""]",1,39155,39155,0,2026-02-03 17:35:31,2026-02-03 17:35:31
340,3,"[\""1\"",\""2\"",\""5\"",\""6\"",\""7\"",\""8\"",\""14\""]","[\""1\"",\""2\"",\""3\"",\""5\"",\""9\"",\""12\"",\""13\"",\""14\""]",1,39155,39155,0,2026-02-03 17:35:31,2026-02-03 17:35:31
341,4,"[\""1\"",\""7\"",\""8\"",\""14\""]","[\""1\"",\""10\"",\""12\""]",1,39155,39155,0,2026-02-03 17:35:31,2026-02-03 17:35:31
342,1,"[\""1\"",\""2\"",\""3\"",\""4\"",\""5\"",\""6\"",\""7\"",\""8\"",\""9\"",\""10\"",\""11\"",\""12\"",\""13\"",\""14\""]","[\""1\"",\""2\"",\""3\"",\""4\"",\""5\"",\""6\"",\""7\"",\""8\"",\""9\"",\""10\"",\""11\"",\""12\"",\""13\"",\""14\"",\""15\""]",1,39156,39156,0,2026-02-03 17:48:42,2026-02-03 17:48:42
343,2,"[\""1\"",\""2\"",\""5\"",\""6\"",\""7\"",\""8\"",\""13\"",\""14\""]","[\""1\"",\""2\"",\""3\"",\""5\"",\""6\"",\""7\"",\""8\"",\""9\"",\""11\"",\""12\"",\""13\"",\""14\"",\""15\""]",1,39156,39156,0,2026-02-03 17:48:42,2026-02-03 17:48:42
344,3,"[\""1\"",\""2\"",\""5\"",\""6\"",\""7\"",\""8\"",\""14\""]","[\""1\"",\""2\"",\""3\"",\""5\"",\""9\"",\""12\"",\""13\"",\""14\""]",1,39156,39156,0,2026-02-03 17:48:42,2026-02-03 17:48:42
345,4,"[\""1\"",\""7\"",\""8\"",\""14\""]","[\""1\"",\""10\"",\""12\""]",1,39156,39156,0,2026-02-03 17:48:42,2026-02-03 17:48:42
346,1,"[\""1\"",\""2\"",\""3\"",\""4\"",\""5\"",\""6\"",\""7\"",\""8\"",\""9\"",\""10\"",\""11\"",\""12\"",\""13\"",\""14\""]","[\""1\"",\""2\"",\""3\"",\""4\"",\""5\"",\""6\"",\""7\"",\""8\"",\""9\"",\""10\"",\""11\"",\""12\"",\""13\"",\""14\"",\""15\""]",1,39157,39157,0,2026-02-03 17:59:52,2026-02-03 17:59:52
347,2,"[\""1\"",\""2\"",\""5\"",\""6\"",\""7\"",\""8\"",\""13\"",\""14\""]","[\""1\"",\""2\"",\""3\"",\""5\"",\""6\"",\""7\"",\""8\"",\""9\"",\""11\"",\""12\"",\""13\"",\""14\"",\""15\""]",1,39157,39157,0,2026-02-03 17:59:52,2026-02-03 17:59:52
348,3,"[\""1\"",\""2\"",\""5\"",\""6\"",\""7\"",\""8\"",\""14\""]","[\""1\"",\""2\"",\""3\"",\""5\"",\""9\"",\""12\"",\""13\"",\""14\""]",1,39157,39157,0,2026-02-03 17:59:52,2026-02-03 17:59:52
349,4,"[\""1\"",\""7\"",\""8\"",\""14\""]","[\""1\"",\""10\"",\""12\""]",1,39157,39157,0,2026-02-03 17:59:52,2026-02-03 17:59:52
350,1,"[\""1\"",\""2\"",\""3\"",\""4\"",\""5\"",\""6\"",\""7\"",\""8\"",\""9\"",\""10\"",\""11\"",\""12\"",\""13\"",\""14\""]","[\""1\"",\""2\"",\""3\"",\""4\"",\""5\"",\""6\"",\""7\"",\""8\"",\""9\"",\""10\"",\""11\"",\""12\"",\""13\"",\""14\"",\""15\""]",1,39159,39159,0,2026-02-04 10:53:19,2026-02-04 10:53:19
351,2,"[\""1\"",\""2\"",\""5\"",\""6\"",\""7\"",\""8\"",\""13\"",\""14\""]","[\""1\"",\""2\"",\""3\"",\""5\"",\""6\"",\""7\"",\""8\"",\""9\"",\""11\"",\""12\"",\""13\"",\""14\"",\""15\""]",1,39159,39159,0,2026-02-04 10:53:19,2026-02-04 10:53:19
352,3,"[\""1\"",\""2\"",\""5\"",\""6\"",\""7\"",\""8\"",\""14\""]","[\""1\"",\""2\"",\""3\"",\""5\"",\""9\"",\""12\"",\""13\"",\""14\""]",1,39159,39159,0,2026-02-04 10:53:19,2026-02-04 10:53:19
353,4,"[\""1\"",\""7\"",\""8\"",\""14\""]","[\""1\"",\""10\"",\""12\""]",1,39159,39159,0,2026-02-04 10:53:19,2026-02-04 10:53:19
354,1,"[\""1\"",\""2\"",\""3\"",\""4\"",\""5\"",\""6\"",\""7\"",\""8\"",\""9\"",\""10\"",\""11\"",\""12\"",\""13\"",\""14\""]","[\""1\"",\""2\"",\""3\"",\""4\"",\""5\"",\""6\"",\""7\"",\""8\"",\""9\"",\""10\"",\""11\"",\""12\"",\""13\"",\""14\"",\""15\""]",1,39160,39160,0,2026-02-04 15:42:33,2026-02-04 15:42:33
355,2,"[\""1\"",\""2\"",\""5\"",\""6\"",\""7\"",\""8\"",\""13\"",\""14\""]","[\""1\"",\""2\"",\""3\"",\""5\"",\""6\"",\""7\"",\""8\"",\""9\"",\""11\"",\""12\"",\""13\"",\""14\"",\""15\""]",1,39160,39160,0,2026-02-04 15:42:33,2026-02-04 15:42:33
356,3,"[\""1\"",\""2\"",\""5\"",\""6\"",\""7\"",\""8\"",\""14\""]","[\""1\"",\""2\"",\""3\"",\""5\"",\""9\"",\""12\"",\""13\"",\""14\""]",1,39160,39160,0,2026-02-04 15:42:33,2026-02-04 15:42:33
357,4,"[\""1\"",\""7\"",\""8\"",\""14\""]","[\""1\"",\""10\"",\""12\""]",1,39160,39160,0,2026-02-04 15:42:33,2026-02-04 15:42:33
358,1,"[\""1\"",\""2\"",\""3\"",\""4\"",\""5\"",\""6\"",\""7\"",\""8\"",\""9\"",\""10\"",\""11\"",\""12\"",\""13\"",\""14\""]","[\""1\"",\""2\"",\""3\"",\""4\"",\""5\"",\""6\"",\""7\"",\""8\"",\""9\"",\""10\"",\""11\"",\""12\"",\""13\"",\""14\"",\""15\""]",1,39161,39161,0,2026-02-04 16:18:07,2026-02-04 16:18:07
359,2,"[\""1\"",\""2\"",\""5\"",\""6\"",\""7\"",\""8\"",\""13\"",\""14\""]","[\""1\"",\""2\"",\""3\"",\""5\"",\""6\"",\""7\"",\""8\"",\""9\"",\""11\"",\""12\"",\""13\"",\""14\"",\""15\""]",1,39161,39161,0,2026-02-04 16:18:07,2026-02-04 16:18:07
360,3,"[\""1\"",\""2\"",\""5\"",\""6\"",\""7\"",\""8\"",\""14\""]","[\""1\"",\""2\"",\""3\"",\""5\"",\""9\"",\""12\"",\""13\"",\""14\""]",1,39161,39161,0,2026-02-04 16:18:07,2026-02-04 16:18:07
361,4,"[\""1\"",\""7\"",\""8\"",\""14\""]","[\""1\"",\""10\"",\""12\""]",1,39161,39161,0,2026-02-04 16:18:07,2026-02-04 16:18:07
362,1,"[\""1\"",\""2\"",\""3\"",\""4\"",\""5\"",\""6\"",\""7\"",\""8\"",\""9\"",\""10\"",\""11\"",\""12\"",\""13\"",\""14\""]","[\""1\"",\""2\"",\""3\"",\""4\"",\""5\"",\""6\"",\""7\"",\""8\"",\""9\"",\""10\"",\""11\"",\""12\"",\""13\"",\""14\"",\""15\""]",1,39162,39162,0,2026-02-04 16:42:38,2026-02-04 16:42:38
363,2,"[\""1\"",\""2\"",\""5\"",\""6\"",\""7\"",\""8\"",\""13\"",\""14\""]","[\""1\"",\""2\"",\""3\"",\""5\"",\""6\"",\""7\"",\""8\"",\""9\"",\""11\"",\""12\"",\""13\"",\""14\"",\""15\""]",1,39162,39162,0,2026-02-04 16:42:38,2026-02-04 16:42:38
364,3,"[\""1\"",\""2\"",\""5\"",\""6\"",\""7\"",\""8\"",\""14\""]","[\""1\"",\""2\"",\""3\"",\""5\"",\""9\"",\""12\"",\""13\"",\""14\""]",1,39162,39162,0,2026-02-04 16:42:38,2026-02-04 16:42:38
365,4,"[\""1\"",\""7\"",\""8\"",\""14\""]","[\""1\"",\""10\"",\""12\""]",1,39162,39162,0,2026-02-04 16:42:38,2026-02-04 16:42:38
366,1,"[\""1\"",\""2\"",\""3\"",\""4\"",\""5\"",\""6\"",\""7\"",\""8\"",\""9\"",\""10\"",\""11\"",\""12\"",\""13\"",\""14\""]","[\""1\"",\""2\"",\""3\"",\""4\"",\""5\"",\""6\"",\""7\"",\""8\"",\""9\"",\""10\"",\""11\"",\""12\"",\""13\"",\""14\"",\""15\""]",1,39163,39163,0,2026-02-04 17:48:21,2026-02-04 17:48:21
367,2,"[\""1\"",\""2\"",\""5\"",\""6\"",\""7\"",\""8\"",\""13\"",\""14\""]","[\""1\"",\""2\"",\""3\"",\""5\"",\""6\"",\""7\"",\""8\"",\""9\"",\""11\"",\""12\"",\""13\"",\""14\"",\""15\""]",1,39163,39163,0,2026-02-04 17:48:21,2026-02-04 17:48:21
368,3,"[\""1\"",\""2\"",\""5\"",\""6\"",\""7\"",\""8\"",\""14\""]","[\""1\"",\""2\"",\""3\"",\""5\"",\""9\"",\""12\"",\""13\"",\""14\""]",1,39163,39163,0,2026-02-04 17:48:21,2026-02-04 17:48:21
369,4,"[\""1\"",\""7\"",\""8\"",\""14\""]","[\""1\"",\""10\"",\""12\""]",1,39163,39163,0,2026-02-04 17:48:21,2026-02-04 17:48:21
370,1,"[\""1\"",\""2\"",\""3\"",\""4\"",\""5\"",\""6\"",\""7\"",\""8\"",\""9\"",\""10\"",\""11\"",\""12\"",\""13\"",\""14\""]","[\""1\"",\""2\"",\""3\"",\""4\"",\""5\"",\""6\"",\""7\"",\""8\"",\""9\"",\""10\"",\""11\"",\""12\"",\""13\"",\""14\"",\""15\""]",1,39164,39164,0,2026-02-05 10:24:00,2026-02-05 10:24:00
371,2,"[\""1\"",\""2\"",\""5\"",\""6\"",\""7\"",\""8\"",\""13\"",\""14\""]","[\""1\"",\""2\"",\""3\"",\""5\"",\""6\"",\""7\"",\""8\"",\""9\"",\""11\"",\""12\"",\""13\"",\""14\"",\""15\""]",1,39164,39164,0,2026-02-05 10:24:00,2026-02-05 10:24:00
372,3,"[\""1\"",\""2\"",\""5\"",\""6\"",\""7\"",\""8\"",\""14\""]","[\""1\"",\""2\"",\""3\"",\""5\"",\""9\"",\""12\"",\""13\"",\""14\""]",1,39164,39164,0,2026-02-05 10:24:00,2026-02-05 10:24:00
373,4,"[\""1\"",\""7\"",\""8\"",\""14\""]","[\""1\"",\""10\"",\""12\""]",1,39164,39164,0,2026-02-05 10:24:00,2026-02-05 10:24:00
374,1,"[\""1\"",\""2\"",\""3\"",\""4\"",\""5\"",\""6\"",\""7\"",\""8\"",\""9\"",\""10\"",\""11\"",\""12\"",\""13\"",\""14\""]","[\""1\"",\""2\"",\""3\"",\""4\"",\""5\"",\""6\"",\""7\"",\""8\"",\""9\"",\""10\"",\""11\"",\""12\"",\""13\"",\""14\"",\""15\""]",1,39165,39165,0,2026-02-05 10:42:15,2026-02-05 10:42:15
375,2,"[\""1\"",\""2\"",\""5\"",\""6\"",\""7\"",\""8\"",\""13\"",\""14\""]","[\""1\"",\""2\"",\""3\"",\""5\"",\""6\"",\""7\"",\""8\"",\""9\"",\""11\"",\""12\"",\""13\"",\""14\"",\""15\""]",1,39165,39165,0,2026-02-05 10:42:15,2026-02-05 10:42:15
376,3,"[\""1\"",\""2\"",\""5\"",\""6\"",\""7\"",\""8\"",\""14\""]","[\""1\"",\""2\"",\""3\"",\""5\"",\""9\"",\""12\"",\""13\"",\""14\""]",1,39165,39165,0,2026-02-05 10:42:15,2026-02-05 10:42:15
377,4,"[\""1\"",\""7\"",\""8\"",\""14\""]","[\""1\"",\""10\"",\""12\""]",1,39165,39165,0,2026-02-05 10:42:15,2026-02-05 10:42:15
378,1,"[\""1\"",\""2\"",\""3\"",\""4\"",\""5\"",\""6\"",\""7\"",\""8\"",\""9\"",\""10\"",\""11\"",\""12\"",\""13\"",\""14\""]","[\""1\"",\""2\"",\""3\"",\""4\"",\""5\"",\""6\"",\""7\"",\""8\"",\""9\"",\""10\"",\""11\"",\""12\"",\""13\"",\""14\"",\""15\""]",1,39166,39166,0,2026-02-05 10:48:57,2026-02-05 10:48:57
379,2,"[\""1\"",\""2\"",\""5\"",\""6\"",\""7\"",\""8\"",\""13\"",\""14\""]","[\""1\"",\""2\"",\""3\"",\""5\"",\""6\"",\""7\"",\""8\"",\""9\"",\""11\"",\""12\"",\""13\"",\""14\"",\""15\""]",1,39166,39166,0,2026-02-05 10:48:57,2026-02-05 10:48:57
380,3,"[\""1\"",\""2\"",\""5\"",\""6\"",\""7\"",\""8\"",\""14\""]","[\""1\"",\""2\"",\""3\"",\""5\"",\""9\"",\""12\"",\""13\"",\""14\""]",1,39166,39166,0,2026-02-05 10:48:57,2026-02-05 10:48:57
381,4,"[\""1\"",\""7\"",\""8\"",\""14\""]","[\""1\"",\""10\"",\""12\""]",1,39166,39166,0,2026-02-05 10:48:57,2026-02-05 10:48:57
382,1,"[\""1\"",\""2\"",\""3\"",\""4\"",\""5\"",\""6\"",\""7\"",\""8\"",\""9\"",\""10\"",\""11\"",\""12\"",\""13\"",\""14\""]","[\""1\"",\""2\"",\""3\"",\""4\"",\""5\"",\""6\"",\""7\"",\""8\"",\""9\"",\""10\"",\""11\"",\""12\"",\""13\"",\""14\"",\""15\""]",1,39167,39167,0,2026-02-05 11:30:38,2026-02-05 11:30:38
383,2,"[\""1\"",\""2\"",\""5\"",\""6\"",\""7\"",\""8\"",\""13\"",\""14\""]","[\""1\"",\""2\"",\""3\"",\""5\"",\""6\"",\""7\"",\""8\"",\""9\"",\""11\"",\""12\"",\""13\"",\""14\"",\""15\""]",1,39167,39167,0,2026-02-05 11:30:38,2026-02-05 11:30:38
384,3,"[\""1\"",\""2\"",\""5\"",\""6\"",\""7\"",\""8\"",\""14\""]","[\""1\"",\""2\"",\""3\"",\""5\"",\""9\"",\""12\"",\""13\"",\""14\""]",1,39167,39167,0,2026-02-05 11:30:38,2026-02-05 11:30:38
385,4,"[\""1\"",\""7\"",\""8\"",\""14\""]","[\""1\"",\""10\"",\""12\""]",1,39167,39167,0,2026-02-05 11:30:38,2026-02-05 11:30:38
386,1,"[\""1\"",\""2\"",\""3\"",\""4\"",\""5\"",\""6\"",\""7\"",\""8\"",\""9\"",\""10\"",\""11\"",\""12\"",\""13\"",\""14\""]","[\""1\"",\""2\"",\""3\"",\""4\"",\""5\"",\""6\"",\""7\"",\""8\"",\""9\"",\""10\"",\""11\"",\""12\"",\""13\"",\""14\"",\""15\""]",1,39168,39168,0,2026-02-05 11:42:47,2026-02-05 11:42:47
387,2,"[\""1\"",\""2\"",\""5\"",\""6\"",\""7\"",\""8\"",\""13\"",\""14\""]","[\""1\"",\""2\"",\""3\"",\""5\"",\""6\"",\""7\"",\""8\"",\""9\"",\""11\"",\""12\"",\""13\"",\""14\"",\""15\""]",1,39168,39168,0,2026-02-05 11:42:47,2026-02-05 11:42:47
388,3,"[\""1\"",\""2\"",\""5\"",\""6\"",\""7\"",\""8\"",\""14\""]","[\""1\"",\""2\"",\""3\"",\""5\"",\""9\"",\""12\"",\""13\"",\""14\""]",1,39168,39168,0,2026-02-05 11:42:47,2026-02-05 11:42:47
389,4,"[\""1\"",\""7\"",\""8\"",\""14\""]","[\""1\"",\""10\"",\""12\""]",1,39168,39168,0,2026-02-05 11:42:47,2026-02-05 11:42:47
390,1,"[\""1\"",\""2\"",\""3\"",\""4\"",\""5\"",\""6\"",\""7\"",\""8\"",\""9\"",\""10\"",\""11\"",\""12\"",\""13\"",\""14\""]","[\""1\"",\""2\"",\""3\"",\""4\"",\""5\"",\""6\"",\""7\"",\""8\"",\""9\"",\""10\"",\""11\"",\""12\"",\""13\"",\""14\"",\""15\""]",1,39169,39169,0,2026-02-06 12:04:40,2026-02-06 12:04:40
391,2,"[\""1\"",\""2\"",\""5\"",\""6\"",\""7\"",\""8\"",\""13\"",\""14\""]","[\""1\"",\""2\"",\""3\"",\""5\"",\""6\"",\""7\"",\""8\"",\""9\"",\""11\"",\""12\"",\""13\"",\""14\"",\""15\""]",1,39169,39169,0,2026-02-06 12:04:40,2026-02-06 12:04:40
392,3,"[\""1\"",\""2\"",\""5\"",\""6\"",\""7\"",\""8\"",\""14\""]","[\""1\"",\""2\"",\""3\"",\""5\"",\""9\"",\""12\"",\""13\"",\""14\""]",1,39169,39169,0,2026-02-06 12:04:40,2026-02-06 12:04:40
393,4,"[\""1\"",\""7\"",\""8\"",\""14\""]","[\""1\"",\""10\"",\""12\""]",1,39169,39169,0,2026-02-06 12:04:40,2026-02-06 12:04:40
398,1,"[\""1\"",\""2\"",\""3\"",\""4\"",\""5\"",\""6\"",\""7\"",\""8\"",\""9\"",\""10\"",\""11\"",\""12\"",\""13\"",\""14\""]","[\""1\"",\""2\"",\""3\"",\""4\"",\""5\"",\""6\"",\""7\"",\""8\"",\""9\"",\""10\"",\""11\"",\""12\"",\""13\"",\""14\"",\""15\""]",1,39172,39172,0,2026-02-06 15:53:21,2026-02-06 15:53:21
399,2,"[\""1\"",\""2\"",\""5\"",\""6\"",\""7\"",\""8\"",\""13\"",\""14\""]","[\""1\"",\""2\"",\""3\"",\""5\"",\""6\"",\""7\"",\""8\"",\""9\"",\""11\"",\""12\"",\""13\"",\""14\"",\""15\""]",1,39172,39172,0,2026-02-06 15:53:21,2026-02-06 15:53:21
400,3,"[\""1\"",\""2\"",\""5\"",\""6\"",\""7\"",\""8\"",\""14\""]","[\""1\"",\""2\"",\""3\"",\""5\"",\""9\"",\""12\"",\""13\"",\""14\""]",1,39172,39172,0,2026-02-06 15:53:21,2026-02-06 15:53:21
401,4,"[\""1\"",\""7\"",\""8\"",\""14\""]","[\""1\"",\""10\"",\""12\""]",1,39172,39172,0,2026-02-06 15:53:21,2026-02-06 15:53:21
402,1,"[\""1\"",\""2\"",\""3\"",\""4\"",\""5\"",\""6\"",\""7\"",\""8\"",\""9\"",\""10\"",\""11\"",\""12\"",\""13\"",\""14\""]","[\""1\"",\""2\"",\""3\"",\""4\"",\""5\"",\""6\"",\""7\"",\""8\"",\""9\"",\""10\"",\""11\"",\""12\"",\""13\"",\""14\"",\""15\""]",1,39173,39173,0,2026-02-06 16:05:12,2026-02-06 16:05:12
403,2,"[\""1\"",\""2\"",\""5\"",\""6\"",\""7\"",\""8\"",\""13\"",\""14\""]","[\""1\"",\""2\"",\""3\"",\""5\"",\""6\"",\""7\"",\""8\"",\""9\"",\""11\"",\""12\"",\""13\"",\""14\"",\""15\""]",1,39173,39173,0,2026-02-06 16:05:12,2026-02-06 16:05:12
404,3,"[\""1\"",\""2\"",\""5\"",\""6\"",\""7\"",\""8\"",\""14\""]","[\""1\"",\""2\"",\""3\"",\""5\"",\""9\"",\""12\"",\""13\"",\""14\""]",1,39173,39173,0,2026-02-06 16:05:12,2026-02-06 16:05:12
405,4,"[\""1\"",\""7\"",\""8\"",\""14\""]","[\""1\"",\""10\"",\""12\""]",1,39173,39173,0,2026-02-06 16:05:12,2026-02-06 16:05:12
406,1,"[\""1\"",\""2\"",\""3\"",\""4\"",\""5\"",\""6\"",\""7\"",\""8\"",\""9\"",\""10\"",\""11\"",\""12\"",\""13\"",\""14\""]","[\""1\"",\""2\"",\""3\"",\""4\"",\""5\"",\""6\"",\""7\"",\""8\"",\""9\"",\""10\"",\""11\"",\""12\"",\""13\"",\""14\"",\""15\""]",1,39174,39174,0,2026-02-06 16:26:57,2026-02-06 16:26:57
407,2,"[\""1\"",\""2\"",\""5\"",\""6\"",\""7\"",\""8\"",\""13\"",\""14\""]","[\""1\"",\""2\"",\""3\"",\""5\"",\""6\"",\""7\"",\""8\"",\""9\"",\""11\"",\""12\"",\""13\"",\""14\"",\""15\""]",1,39174,39174,0,2026-02-06 16:26:57,2026-02-06 16:26:57
408,3,"[\""1\"",\""2\"",\""5\"",\""6\"",\""7\"",\""8\"",\""14\""]","[\""1\"",\""2\"",\""3\"",\""5\"",\""9\"",\""12\"",\""13\"",\""14\""]",1,39174,39174,0,2026-02-06 16:26:57,2026-02-06 16:26:57
409,4,"[\""1\"",\""7\"",\""8\"",\""14\""]","[\""1\"",\""10\"",\""12\""]",1,39174,39174,0,2026-02-06 16:26:57,2026-02-06 16:26:57
410,1,"[\""1\"",\""2\"",\""3\"",\""4\"",\""5\"",\""6\"",\""7\"",\""8\"",\""9\"",\""10\"",\""11\"",\""12\"",\""13\"",\""14\""]","[\""1\"",\""2\"",\""3\"",\""4\"",\""5\"",\""6\"",\""7\"",\""8\"",\""9\"",\""10\"",\""11\"",\""12\"",\""13\"",\""14\"",\""15\""]",1,39175,39175,0,2026-02-06 16:32:48,2026-02-06 16:32:48
411,2,"[\""1\"",\""2\"",\""5\"",\""6\"",\""7\"",\""8\"",\""13\"",\""14\""]","[\""1\"",\""2\"",\""3\"",\""5\"",\""6\"",\""7\"",\""8\"",\""9\"",\""11\"",\""12\"",\""13\"",\""14\"",\""15\""]",1,39175,39175,0,2026-02-06 16:32:48,2026-02-06 16:32:48
412,3,"[\""1\"",\""2\"",\""5\"",\""6\"",\""7\"",\""8\"",\""14\""]","[\""1\"",\""2\"",\""3\"",\""5\"",\""9\"",\""12\"",\""13\"",\""14\""]",1,39175,39175,0,2026-02-06 16:32:48,2026-02-06 16:32:48
413,4,"[\""1\"",\""7\"",\""8\"",\""14\""]","[\""1\"",\""10\"",\""12\""]",1,39175,39175,0,2026-02-06 16:32:48,2026-02-06 16:32:48
414,1,"[\""1\"",\""2\"",\""3\"",\""4\"",\""5\"",\""6\"",\""7\"",\""8\"",\""9\"",\""10\"",\""11\"",\""12\"",\""13\"",\""14\""]","[\""1\"",\""2\"",\""3\"",\""4\"",\""5\"",\""6\"",\""7\"",\""8\"",\""9\"",\""10\"",\""11\"",\""12\"",\""13\"",\""14\"",\""15\""]",1,39178,39178,0,2026-02-06 16:38:13,2026-02-06 16:38:13
415,2,"[\""1\"",\""2\"",\""5\"",\""6\"",\""7\"",\""8\"",\""13\"",\""14\""]","[\""1\"",\""2\"",\""3\"",\""5\"",\""6\"",\""7\"",\""8\"",\""9\"",\""11\"",\""12\"",\""13\"",\""14\"",\""15\""]",1,39178,39178,0,2026-02-06 16:38:13,2026-02-06 16:38:13
416,3,"[\""1\"",\""2\"",\""5\"",\""6\"",\""7\"",\""8\"",\""14\""]","[\""1\"",\""2\"",\""3\"",\""5\"",\""9\"",\""12\"",\""13\"",\""14\""]",1,39178,39178,0,2026-02-06 16:38:13,2026-02-06 16:38:13
417,4,"[\""1\"",\""7\"",\""8\"",\""14\""]","[\""1\"",\""10\"",\""12\""]",1,39178,39178,0,2026-02-06 16:38:13,2026-02-06 16:38:13
418,1,"[\""1\"",\""2\"",\""3\"",\""4\"",\""5\"",\""6\"",\""7\"",\""8\"",\""9\"",\""10\"",\""11\"",\""12\"",\""13\"",\""14\""]","[\""1\"",\""2\"",\""3\"",\""4\"",\""5\"",\""6\"",\""7\"",\""8\"",\""9\"",\""10\"",\""11\"",\""12\"",\""13\"",\""14\"",\""15\""]",1,39179,39179,0,2026-02-06 17:20:36,2026-02-06 17:20:36
419,2,"[\""1\"",\""2\"",\""5\"",\""6\"",\""7\"",\""8\"",\""13\"",\""14\""]","[\""1\"",\""2\"",\""3\"",\""5\"",\""6\"",\""7\"",\""8\"",\""9\"",\""11\"",\""12\"",\""13\"",\""14\"",\""15\""]",1,39179,39179,0,2026-02-06 17:20:36,2026-02-06 17:20:36
420,3,"[\""1\"",\""2\"",\""5\"",\""6\"",\""7\"",\""8\"",\""14\""]","[\""1\"",\""2\"",\""3\"",\""5\"",\""9\"",\""12\"",\""13\"",\""14\""]",1,39179,39179,0,2026-02-06 17:20:36,2026-02-06 17:20:36
421,4,"[\""1\"",\""7\"",\""8\"",\""14\""]","[\""1\"",\""10\"",\""12\""]",1,39179,39179,0,2026-02-06 17:20:36,2026-02-06 17:20:36
422,1,"[\""1\"",\""2\"",\""3\"",\""4\"",\""5\"",\""6\"",\""7\"",\""8\"",\""9\"",\""10\"",\""11\"",\""12\"",\""13\"",\""14\""]","[\""1\"",\""2\"",\""3\"",\""4\"",\""5\"",\""6\"",\""7\"",\""8\"",\""9\"",\""10\"",\""11\"",\""12\"",\""13\"",\""14\"",\""15\""]",1,39180,39180,0,2026-02-06 17:22:09,2026-02-06 17:22:09
423,2,"[\""1\"",\""2\"",\""5\"",\""6\"",\""7\"",\""8\"",\""13\"",\""14\""]","[\""1\"",\""2\"",\""3\"",\""5\"",\""6\"",\""7\"",\""8\"",\""9\"",\""11\"",\""12\"",\""13\"",\""14\"",\""15\""]",1,39180,39180,0,2026-02-06 17:22:09,2026-02-06 17:22:09
424,3,"[\""1\"",\""2\"",\""5\"",\""6\"",\""7\"",\""8\"",\""14\""]","[\""1\"",\""2\"",\""3\"",\""5\"",\""9\"",\""12\"",\""13\"",\""14\""]",1,39180,39180,0,2026-02-06 17:22:09,2026-02-06 17:22:09
425,4,"[\""1\"",\""7\"",\""8\"",\""14\""]","[\""1\"",\""10\"",\""12\""]",1,39180,39180,0,2026-02-06 17:22:09,2026-02-06 17:22:09
426,1,"[\""1\"",\""2\"",\""3\"",\""4\"",\""5\"",\""6\"",\""7\"",\""8\"",\""9\"",\""10\"",\""11\"",\""12\"",\""13\"",\""14\""]","[\""1\"",\""2\"",\""3\"",\""4\"",\""5\"",\""6\"",\""7\"",\""8\"",\""9\"",\""10\"",\""11\"",\""12\"",\""13\"",\""14\"",\""15\""]",1,39181,39181,0,2026-02-06 17:23:19,2026-02-06 17:23:19
427,2,"[\""1\"",\""2\"",\""5\"",\""6\"",\""7\"",\""8\"",\""13\"",\""14\""]","[\""1\"",\""2\"",\""3\"",\""5\"",\""6\"",\""7\"",\""8\"",\""9\"",\""11\"",\""12\"",\""13\"",\""14\"",\""15\""]",1,39181,39181,0,2026-02-06 17:23:19,2026-02-06 17:23:19
428,3,"[\""1\"",\""2\"",\""5\"",\""6\"",\""7\"",\""8\"",\""14\""]","[\""1\"",\""2\"",\""3\"",\""5\"",\""9\"",\""12\"",\""13\"",\""14\""]",1,39181,39181,0,2026-02-06 17:23:19,2026-02-06 17:23:19
429,4,"[\""1\"",\""7\"",\""8\"",\""14\""]","[\""1\"",\""10\"",\""12\""]",1,39181,39181,0,2026-02-06 17:23:19,2026-02-06 17:23:19
430,1,"[\""1\"",\""2\"",\""3\"",\""4\"",\""5\"",\""6\"",\""7\"",\""8\"",\""9\"",\""10\"",\""11\"",\""12\"",\""13\"",\""14\""]","[\""1\"",\""2\"",\""3\"",\""4\"",\""5\"",\""6\"",\""7\"",\""8\"",\""9\"",\""10\"",\""11\"",\""12\"",\""13\"",\""14\"",\""15\""]",1,39182,39182,0,2026-02-06 18:08:05,2026-02-06 18:08:05
431,2,"[\""1\"",\""2\"",\""5\"",\""6\"",\""7\"",\""8\"",\""13\"",\""14\""]","[\""1\"",\""2\"",\""3\"",\""5\"",\""6\"",\""7\"",\""8\"",\""9\"",\""11\"",\""12\"",\""13\"",\""14\"",\""15\""]",1,39182,39182,0,2026-02-06 18:08:05,2026-02-06 18:08:05
432,3,"[\""1\"",\""2\"",\""5\"",\""6\"",\""7\"",\""8\"",\""14\""]","[\""1\"",\""2\"",\""3\"",\""5\"",\""9\"",\""12\"",\""13\"",\""14\""]",1,39182,39182,0,2026-02-06 18:08:05,2026-02-06 18:08:05
433,4,"[\""1\"",\""7\"",\""8\"",\""14\""]","[\""1\"",\""10\"",\""12\""]",1,39182,39182,0,2026-02-06 18:08:05,2026-02-06 18:08:05
434,1,"[\""1\"",\""2\"",\""3\"",\""4\"",\""5\"",\""6\"",\""7\"",\""8\"",\""9\"",\""10\"",\""11\"",\""12\"",\""13\"",\""14\""]","[\""1\"",\""2\"",\""3\"",\""4\"",\""5\"",\""6\"",\""7\"",\""8\"",\""9\"",\""10\"",\""11\"",\""12\"",\""13\"",\""14\"",\""15\""]",1,39183,39183,0,2026-02-07 10:37:20,2026-02-07 10:37:20
435,2,"[\""1\"",\""2\"",\""5\"",\""6\"",\""7\"",\""8\"",\""13\"",\""14\""]","[\""1\"",\""2\"",\""3\"",\""5\"",\""6\"",\""7\"",\""8\"",\""9\"",\""11\"",\""12\"",\""13\"",\""14\"",\""15\""]",1,39183,39183,0,2026-02-07 10:37:20,2026-02-07 10:37:20
436,3,"[\""1\"",\""2\"",\""5\"",\""6\"",\""7\"",\""8\"",\""14\""]","[\""1\"",\""2\"",\""3\"",\""5\"",\""9\"",\""12\"",\""13\"",\""14\""]",1,39183,39183,0,2026-02-07 10:37:20,2026-02-07 10:37:20
437,4,"[\""1\"",\""7\"",\""8\"",\""14\""]","[\""1\"",\""10\"",\""12\""]",1,39183,39183,0,2026-02-07 10:37:20,2026-02-07 10:37:20
438,1,"[\""1\"",\""2\"",\""3\"",\""4\"",\""5\"",\""6\"",\""7\"",\""8\"",\""9\"",\""10\"",\""11\"",\""12\"",\""13\"",\""14\""]","[\""1\"",\""2\"",\""3\"",\""4\"",\""5\"",\""6\"",\""7\"",\""8\"",\""9\"",\""10\"",\""11\"",\""12\"",\""13\"",\""14\"",\""15\""]",1,39184,39184,0,2026-02-07 10:53:42,2026-02-07 10:53:42
439,2,"[\""1\"",\""2\"",\""5\"",\""6\"",\""7\"",\""8\"",\""13\"",\""14\""]","[\""1\"",\""2\"",\""3\"",\""5\"",\""6\"",\""7\"",\""8\"",\""9\"",\""11\"",\""12\"",\""13\"",\""14\"",\""15\""]",1,39184,39184,0,2026-02-07 10:53:42,2026-02-07 10:53:42
440,3,"[\""1\"",\""2\"",\""5\"",\""6\"",\""7\"",\""8\"",\""14\""]","[\""1\"",\""2\"",\""3\"",\""5\"",\""9\"",\""12\"",\""13\"",\""14\""]",1,39184,39184,0,2026-02-07 10:53:42,2026-02-07 10:53:42
441,4,"[\""1\"",\""7\"",\""8\"",\""14\""]","[\""1\"",\""10\"",\""12\""]",1,39184,39184,0,2026-02-07 10:53:42,2026-02-07 10:53:42
442,1,"[\""1\"",\""2\"",\""3\"",\""4\"",\""5\"",\""6\"",\""7\"",\""8\"",\""9\"",\""10\"",\""11\"",\""12\"",\""13\"",\""14\""]","[\""1\"",\""2\"",\""3\"",\""4\"",\""5\"",\""6\"",\""7\"",\""8\"",\""9\"",\""10\"",\""11\"",\""12\"",\""13\"",\""14\"",\""15\""]",1,39185,39185,0,2026-02-07 11:06:11,2026-02-07 11:06:11
443,2,"[\""1\"",\""2\"",\""5\"",\""6\"",\""7\"",\""8\"",\""13\"",\""14\""]","[\""1\"",\""2\"",\""3\"",\""5\"",\""6\"",\""7\"",\""8\"",\""9\"",\""11\"",\""12\"",\""13\"",\""14\"",\""15\""]",1,39185,39185,0,2026-02-07 11:06:11,2026-02-07 11:06:11
444,3,"[\""1\"",\""2\"",\""5\"",\""6\"",\""7\"",\""8\"",\""14\""]","[\""1\"",\""2\"",\""3\"",\""5\"",\""9\"",\""12\"",\""13\"",\""14\""]",1,39185,39185,0,2026-02-07 11:06:11,2026-02-07 11:06:11
445,4,"[\""1\"",\""7\"",\""8\"",\""14\""]","[\""1\"",\""10\"",\""12\""]",1,39185,39185,0,2026-02-07 11:06:11,2026-02-07 11:06:11
446,1,"[\""1\"",\""2\"",\""3\"",\""4\"",\""5\"",\""6\"",\""7\"",\""8\"",\""9\"",\""10\"",\""11\"",\""12\"",\""13\"",\""14\""]","[\""1\"",\""2\"",\""3\"",\""4\"",\""5\"",\""6\"",\""7\"",\""8\"",\""9\"",\""10\"",\""11\"",\""12\"",\""13\"",\""14\"",\""15\""]",1,39186,39186,0,2026-02-07 11:15:27,2026-02-07 11:15:27
447,2,"[\""1\"",\""2\"",\""5\"",\""6\"",\""7\"",\""8\"",\""13\"",\""14\""]","[\""1\"",\""2\"",\""3\"",\""5\"",\""6\"",\""7\"",\""8\"",\""9\"",\""11\"",\""12\"",\""13\"",\""14\"",\""15\""]",1,39186,39186,0,2026-02-07 11:15:27,2026-02-07 11:15:27
448,3,"[\""1\"",\""2\"",\""5\"",\""6\"",\""7\"",\""8\"",\""14\""]","[\""1\"",\""2\"",\""3\"",\""5\"",\""9\"",\""12\"",\""13\"",\""14\""]",1,39186,39186,0,2026-02-07 11:15:27,2026-02-07 11:15:27
449,4,"[\""1\"",\""7\"",\""8\"",\""14\""]","[\""1\"",\""10\"",\""12\""]",1,39186,39186,0,2026-02-07 11:15:27,2026-02-07 11:15:27
450,1,"[\""1\"",\""2\"",\""3\"",\""4\"",\""5\"",\""6\"",\""7\"",\""8\"",\""9\"",\""10\"",\""11\"",\""12\"",\""13\"",\""14\""]","[\""1\"",\""2\"",\""3\"",\""4\"",\""5\"",\""6\"",\""7\"",\""8\"",\""9\"",\""10\"",\""11\"",\""12\"",\""13\"",\""14\"",\""15\""]",1,39187,39187,0,2026-02-07 11:28:35,2026-02-07 11:28:35
451,2,"[\""1\"",\""2\"",\""5\"",\""6\"",\""7\"",\""8\"",\""13\"",\""14\""]","[\""1\"",\""2\"",\""3\"",\""5\"",\""6\"",\""7\"",\""8\"",\""9\"",\""11\"",\""12\"",\""13\"",\""14\"",\""15\""]",1,39187,39187,0,2026-02-07 11:28:35,2026-02-07 11:28:35
452,3,"[\""1\"",\""2\"",\""5\"",\""6\"",\""7\"",\""8\"",\""14\""]","[\""1\"",\""2\"",\""3\"",\""5\"",\""9\"",\""12\"",\""13\"",\""14\""]",1,39187,39187,0,2026-02-07 11:28:35,2026-02-07 11:28:35
453,4,"[\""1\"",\""7\"",\""8\"",\""14\""]","[\""1\"",\""10\"",\""12\""]",1,39187,39187,0,2026-02-07 11:28:35,2026-02-07 11:28:35
454,1,"[\""1\"",\""2\"",\""3\"",\""4\"",\""5\"",\""6\"",\""7\"",\""8\"",\""9\"",\""10\"",\""11\"",\""12\"",\""13\"",\""14\""]","[\""1\"",\""2\"",\""3\"",\""4\"",\""5\"",\""6\"",\""7\"",\""8\"",\""9\"",\""10\"",\""11\"",\""12\"",\""13\"",\""14\"",\""15\""]",1,39188,39188,0,2026-02-07 11:32:31,2026-02-07 11:32:31
455,2,"[\""1\"",\""2\"",\""5\"",\""6\"",\""7\"",\""8\"",\""13\"",\""14\""]","[\""1\"",\""2\"",\""3\"",\""5\"",\""6\"",\""7\"",\""8\"",\""9\"",\""11\"",\""12\"",\""13\"",\""14\"",\""15\""]",1,39188,39188,0,2026-02-07 11:32:31,2026-02-07 11:32:31
456,3,"[\""1\"",\""2\"",\""5\"",\""6\"",\""7\"",\""8\"",\""14\""]","[\""1\"",\""2\"",\""3\"",\""5\"",\""9\"",\""12\"",\""13\"",\""14\""]",1,39188,39188,0,2026-02-07 11:32:31,2026-02-07 11:32:31
457,4,"[\""1\"",\""7\"",\""8\"",\""14\""]","[\""1\"",\""10\"",\""12\""]",1,39188,39188,0,2026-02-07 11:32:31,2026-02-07 11:32:31
458,1,"[\""1\"",\""2\"",\""3\"",\""4\"",\""5\"",\""6\"",\""7\"",\""8\"",\""9\"",\""10\"",\""11\"",\""12\"",\""13\"",\""14\""]","[\""1\"",\""2\"",\""3\"",\""4\"",\""5\"",\""6\"",\""7\"",\""8\"",\""9\"",\""10\"",\""11\"",\""12\"",\""13\"",\""14\"",\""15\""]",1,39189,39189,0,2026-02-07 13:11:35,2026-02-07 13:11:35
459,2,"[\""1\"",\""2\"",\""5\"",\""6\"",\""7\"",\""8\"",\""13\"",\""14\""]","[\""1\"",\""2\"",\""3\"",\""5\"",\""6\"",\""7\"",\""8\"",\""9\"",\""11\"",\""12\"",\""13\"",\""14\"",\""15\""]",1,39189,39189,0,2026-02-07 13:11:35,2026-02-07 13:11:35
460,3,"[\""1\"",\""2\"",\""5\"",\""6\"",\""7\"",\""8\"",\""14\""]","[\""1\"",\""2\"",\""3\"",\""5\"",\""9\"",\""12\"",\""13\"",\""14\""]",1,39189,39189,0,2026-02-07 13:11:35,2026-02-07 13:11:35
461,4,"[\""1\"",\""7\"",\""8\"",\""14\""]","[\""1\"",\""10\"",\""12\""]",1,39189,39189,0,2026-02-07 13:11:35,2026-02-07 13:11:35
462,1,"[\""1\"",\""2\"",\""3\"",\""4\"",\""5\"",\""6\"",\""7\"",\""8\"",\""9\"",\""10\"",\""11\"",\""12\"",\""13\"",\""14\""]","[\""1\"",\""2\"",\""3\"",\""4\"",\""5\"",\""6\"",\""7\"",\""8\"",\""9\"",\""10\"",\""11\"",\""12\"",\""13\"",\""14\"",\""15\""]",1,39192,39192,0,2026-02-07 13:24:59,2026-02-07 13:24:59
463,2,"[\""1\"",\""2\"",\""5\"",\""6\"",\""7\"",\""8\"",\""13\"",\""14\""]","[\""1\"",\""2\"",\""3\"",\""5\"",\""6\"",\""7\"",\""8\"",\""9\"",\""11\"",\""12\"",\""13\"",\""14\"",\""15\""]",1,39192,39192,0,2026-02-07 13:24:59,2026-02-07 13:24:59
464,3,"[\""1\"",\""2\"",\""5\"",\""6\"",\""7\"",\""8\"",\""14\""]","[\""1\"",\""2\"",\""3\"",\""5\"",\""9\"",\""12\"",\""13\"",\""14\""]",1,39192,39192,0,2026-02-07 13:24:59,2026-02-07 13:24:59
465,4,"[\""1\"",\""7\"",\""8\"",\""14\""]","[\""1\"",\""10\"",\""12\""]",1,39192,39192,0,2026-02-07 13:24:59,2026-02-07 13:24:59
466,1,"[\""1\"",\""2\"",\""3\"",\""4\"",\""5\"",\""6\"",\""7\"",\""8\"",\""9\"",\""10\"",\""11\"",\""12\"",\""13\"",\""14\""]","[\""1\"",\""2\"",\""3\"",\""4\"",\""5\"",\""6\"",\""7\"",\""8\"",\""9\"",\""10\"",\""11\"",\""12\"",\""13\"",\""14\"",\""15\""]",1,39194,39194,0,2026-02-07 13:29:07,2026-02-07 13:29:07
467,2,"[\""1\"",\""2\"",\""5\"",\""6\"",\""7\"",\""8\"",\""13\"",\""14\""]","[\""1\"",\""2\"",\""3\"",\""5\"",\""6\"",\""7\"",\""8\"",\""9\"",\""11\"",\""12\"",\""13\"",\""14\"",\""15\""]",1,39194,39194,0,2026-02-07 13:29:07,2026-02-07 13:29:07
468,3,"[\""1\"",\""2\"",\""5\"",\""6\"",\""7\"",\""8\"",\""14\""]","[\""1\"",\""2\"",\""3\"",\""5\"",\""9\"",\""12\"",\""13\"",\""14\""]",1,39194,39194,0,2026-02-07 13:29:07,2026-02-07 13:29:07
469,4,"[\""1\"",\""7\"",\""8\"",\""14\""]","[\""1\"",\""10\"",\""12\""]",1,39194,39194,0,2026-02-07 13:29:07,2026-02-07 13:29:07
470,1,"[\""1\"",\""2\"",\""3\"",\""4\"",\""5\"",\""6\"",\""7\"",\""8\"",\""9\"",\""10\"",\""11\"",\""12\"",\""13\"",\""14\""]","[\""1\"",\""2\"",\""3\"",\""4\"",\""5\"",\""6\"",\""7\"",\""8\"",\""9\"",\""10\"",\""11\"",\""12\"",\""13\"",\""14\"",\""15\""]",1,39196,39196,0,2026-02-07 13:33:26,2026-02-07 13:33:26
471,2,"[\""1\"",\""2\"",\""5\"",\""6\"",\""7\"",\""8\"",\""13\"",\""14\""]","[\""1\"",\""2\"",\""3\"",\""5\"",\""6\"",\""7\"",\""8\"",\""9\"",\""11\"",\""12\"",\""13\"",\""14\"",\""15\""]",1,39196,39196,0,2026-02-07 13:33:26,2026-02-07 13:33:26
472,3,"[\""1\"",\""2\"",\""5\"",\""6\"",\""7\"",\""8\"",\""14\""]","[\""1\"",\""2\"",\""3\"",\""5\"",\""9\"",\""12\"",\""13\"",\""14\""]",1,39196,39196,0,2026-02-07 13:33:26,2026-02-07 13:33:26
473,4,"[\""1\"",\""7\"",\""8\"",\""14\""]","[\""1\"",\""10\"",\""12\""]",1,39196,39196,0,2026-02-07 13:33:26,2026-02-07 13:33:26
474,1,"[\""1\"",\""2\"",\""3\"",\""4\"",\""5\"",\""6\"",\""7\"",\""8\"",\""9\"",\""10\"",\""11\"",\""12\"",\""13\"",\""14\""]","[\""1\"",\""2\"",\""3\"",\""4\"",\""5\"",\""6\"",\""7\"",\""8\"",\""9\"",\""10\"",\""11\"",\""12\"",\""13\"",\""14\"",\""15\""]",1,26656,26656,0,2026-02-07 15:11:13,2026-02-07 15:11:13
475,2,"[\""1\"",\""2\"",\""5\"",\""6\"",\""7\"",\""8\"",\""13\"",\""14\""]","[\""1\"",\""2\"",\""3\"",\""5\"",\""6\"",\""7\"",\""8\"",\""9\"",\""11\"",\""12\"",\""13\"",\""14\"",\""15\""]",1,26656,26656,0,2026-02-07 15:11:13,2026-02-07 15:11:13
476,3,"[\""1\"",\""2\"",\""5\"",\""6\"",\""7\"",\""8\"",\""14\""]","[\""1\"",\""2\"",\""3\"",\""5\"",\""9\"",\""12\"",\""13\"",\""14\""]",1,26656,26656,0,2026-02-07 15:11:13,2026-02-07 15:11:13
477,4,"[\""1\"",\""7\"",\""8\"",\""14\""]","[\""1\"",\""10\"",\""12\""]",1,26656,26656,0,2026-02-07 15:11:13,2026-02-07 15:11:13
478,1,"[\""1\"",\""2\"",\""3\"",\""4\"",\""5\"",\""6\"",\""7\"",\""8\"",\""9\"",\""10\"",\""11\"",\""12\"",\""13\"",\""14\""]","[\""1\"",\""2\"",\""3\"",\""4\"",\""5\"",\""6\"",\""7\"",\""8\"",\""9\"",\""10\"",\""11\"",\""12\"",\""13\"",\""14\"",\""15\""]",1,39198,39198,0,2026-02-07 18:17:14,2026-02-07 18:17:14
479,2,"[\""1\"",\""2\"",\""5\"",\""6\"",\""7\"",\""8\"",\""13\"",\""14\""]","[\""1\"",\""2\"",\""3\"",\""5\"",\""6\"",\""7\"",\""8\"",\""9\"",\""11\"",\""12\"",\""13\"",\""14\"",\""15\""]",1,39198,39198,0,2026-02-07 18:17:14,2026-02-07 18:17:14
480,3,"[\""1\"",\""2\"",\""5\"",\""6\"",\""7\"",\""8\"",\""14\""]","[\""1\"",\""2\"",\""3\"",\""5\"",\""9\"",\""12\"",\""13\"",\""14\""]",1,39198,39198,0,2026-02-07 18:17:14,2026-02-07 18:17:14
481,4,"[\""1\"",\""7\"",\""8\"",\""14\""]","[\""1\"",\""10\"",\""12\""]",1,39198,39198,0,2026-02-07 18:17:14,2026-02-07 18:17:14
482,1,"[\""1\"",\""2\"",\""3\"",\""4\"",\""5\"",\""6\"",\""7\"",\""8\"",\""9\"",\""10\"",\""11\"",\""12\"",\""13\"",\""14\""]","[\""1\"",\""2\"",\""3\"",\""4\"",\""5\"",\""6\"",\""7\"",\""8\"",\""9\"",\""10\"",\""11\"",\""12\"",\""13\"",\""14\"",\""15\""]",1,39199,39199,0,2026-02-09 12:25:20,2026-02-09 12:25:20
483,2,"[\""1\"",\""2\"",\""5\"",\""6\"",\""7\"",\""8\"",\""13\"",\""14\""]","[\""1\"",\""2\"",\""3\"",\""5\"",\""6\"",\""7\"",\""8\"",\""9\"",\""11\"",\""12\"",\""13\"",\""14\"",\""15\""]",1,39199,39199,0,2026-02-09 12:25:20,2026-02-09 12:25:20
484,3,"[\""1\"",\""2\"",\""5\"",\""6\"",\""7\"",\""8\"",\""14\""]","[\""1\"",\""2\"",\""3\"",\""5\"",\""9\"",\""12\"",\""13\"",\""14\""]",1,39199,39199,0,2026-02-09 12:25:20,2026-02-09 12:25:20
485,4,"[\""1\"",\""7\"",\""8\"",\""14\""]","[\""1\"",\""10\"",\""12\""]",1,39199,39199,0,2026-02-09 12:25:20,2026-02-09 12:25:20
486,1,"[\""1\"",\""2\"",\""3\"",\""4\"",\""5\"",\""6\"",\""7\"",\""8\"",\""9\"",\""10\"",\""11\"",\""12\"",\""13\"",\""14\""]","[\""1\"",\""2\"",\""3\"",\""4\"",\""5\"",\""6\"",\""7\"",\""8\"",\""9\"",\""10\"",\""11\"",\""12\"",\""13\"",\""14\"",\""15\""]",1,39200,39200,0,2026-02-09 14:41:10,2026-02-09 14:41:10
487,2,"[\""1\"",\""2\"",\""5\"",\""6\"",\""7\"",\""8\"",\""13\"",\""14\""]","[\""1\"",\""2\"",\""3\"",\""5\"",\""6\"",\""7\"",\""8\"",\""9\"",\""11\"",\""12\"",\""13\"",\""14\"",\""15\""]",1,39200,39200,0,2026-02-09 14:41:10,2026-02-09 14:41:10
488,3,"[\""1\"",\""2\"",\""5\"",\""6\"",\""7\"",\""8\"",\""14\""]","[\""1\"",\""2\"",\""3\"",\""5\"",\""9\"",\""12\"",\""13\"",\""14\""]",1,39200,39200,0,2026-02-09 14:41:10,2026-02-09 14:41:10
489,4,"[\""1\"",\""7\"",\""8\"",\""14\""]","[\""1\"",\""10\"",\""12\""]",1,39200,39200,0,2026-02-09 14:41:10,2026-02-09 14:41:10
490,1,"[\""1\"",\""2\"",\""3\"",\""4\"",\""5\"",\""6\"",\""7\"",\""8\"",\""9\"",\""10\"",\""11\"",\""12\"",\""13\"",\""14\""]","[\""1\"",\""2\"",\""3\"",\""4\"",\""5\"",\""6\"",\""7\"",\""8\"",\""9\"",\""10\"",\""11\"",\""12\"",\""13\"",\""14\"",\""15\""]",1,39201,39201,0,2026-02-09 14:49:13,2026-02-09 14:49:13
491,2,"[\""1\"",\""2\"",\""5\"",\""6\"",\""7\"",\""8\"",\""13\"",\""14\""]","[\""1\"",\""2\"",\""3\"",\""5\"",\""6\"",\""7\"",\""8\"",\""9\"",\""11\"",\""12\"",\""13\"",\""14\"",\""15\""]",1,39201,39201,0,2026-02-09 14:49:13,2026-02-09 14:49:13
492,3,"[\""1\"",\""2\"",\""5\"",\""6\"",\""7\"",\""8\"",\""14\""]","[\""1\"",\""2\"",\""3\"",\""5\"",\""9\"",\""12\"",\""13\"",\""14\""]",1,39201,39201,0,2026-02-09 14:49:13,2026-02-09 14:49:13
493,4,"[\""1\"",\""7\"",\""8\"",\""14\""]","[\""1\"",\""10\"",\""12\""]",1,39201,39201,0,2026-02-09 14:49:13,2026-02-09 14:49:13
494,1,"[\""1\"",\""2\"",\""3\"",\""4\"",\""5\"",\""6\"",\""7\"",\""8\"",\""9\"",\""10\"",\""11\"",\""12\"",\""13\"",\""14\""]","[\""1\"",\""2\"",\""3\"",\""4\"",\""5\"",\""6\"",\""7\"",\""8\"",\""9\"",\""10\"",\""11\"",\""12\"",\""13\"",\""14\"",\""15\""]",1,39202,39202,0,2026-02-09 14:59:17,2026-02-09 14:59:17
495,2,"[\""1\"",\""2\"",\""5\"",\""6\"",\""7\"",\""8\"",\""13\"",\""14\""]","[\""1\"",\""2\"",\""3\"",\""5\"",\""6\"",\""7\"",\""8\"",\""9\"",\""11\"",\""12\"",\""13\"",\""14\"",\""15\""]",1,39202,39202,0,2026-02-09 14:59:17,2026-02-09 14:59:17
496,3,"[\""1\"",\""2\"",\""5\"",\""6\"",\""7\"",\""8\"",\""14\""]","[\""1\"",\""2\"",\""3\"",\""5\"",\""9\"",\""12\"",\""13\"",\""14\""]",1,39202,39202,0,2026-02-09 14:59:17,2026-02-09 14:59:17
497,4,"[\""1\"",\""7\"",\""8\"",\""14\""]","[\""1\"",\""10\"",\""12\""]",1,39202,39202,0,2026-02-09 14:59:17,2026-02-09 14:59:17
498,1,"[\""1\"",\""2\"",\""3\"",\""4\"",\""5\"",\""6\"",\""7\"",\""8\"",\""9\"",\""10\"",\""11\"",\""12\"",\""13\"",\""14\""]","[\""1\"",\""2\"",\""3\"",\""4\"",\""5\"",\""6\"",\""7\"",\""8\"",\""9\"",\""10\"",\""11\"",\""12\"",\""13\"",\""14\"",\""15\""]",1,39203,39203,0,2026-02-09 15:23:06,2026-02-09 15:23:06
499,2,"[\""1\"",\""2\"",\""5\"",\""6\"",\""7\"",\""8\"",\""13\"",\""14\""]","[\""1\"",\""2\"",\""3\"",\""5\"",\""6\"",\""7\"",\""8\"",\""9\"",\""11\"",\""12\"",\""13\"",\""14\"",\""15\""]",1,39203,39203,0,2026-02-09 15:23:06,2026-02-09 15:23:06
500,3,"[\""1\"",\""2\"",\""5\"",\""6\"",\""7\"",\""8\"",\""14\""]","[\""1\"",\""2\"",\""3\"",\""5\"",\""9\"",\""12\"",\""13\"",\""14\""]",1,39203,39203,0,2026-02-09 15:23:06,2026-02-09 15:23:06
501,4,"[\""1\"",\""7\"",\""8\"",\""14\""]","[\""1\"",\""10\"",\""12\""]",1,39203,39203,0,2026-02-09 15:23:06,2026-02-09 15:23:06
502,1,"[\""1\"",\""2\"",\""3\"",\""4\"",\""5\"",\""6\"",\""7\"",\""8\"",\""9\"",\""10\"",\""11\"",\""12\"",\""13\"",\""14\""]","[\""1\"",\""2\"",\""3\"",\""4\"",\""5\"",\""6\"",\""7\"",\""8\"",\""9\"",\""10\"",\""11\"",\""12\"",\""13\"",\""14\"",\""15\""]",1,39204,39204,0,2026-02-09 16:11:41,2026-02-09 16:11:41
503,2,"[\""1\"",\""2\"",\""5\"",\""6\"",\""7\"",\""8\"",\""13\"",\""14\""]","[\""1\"",\""2\"",\""3\"",\""5\"",\""6\"",\""7\"",\""8\"",\""9\"",\""11\"",\""12\"",\""13\"",\""14\"",\""15\""]",1,39204,39204,0,2026-02-09 16:11:41,2026-02-09 16:11:41
504,3,"[\""1\"",\""2\"",\""5\"",\""6\"",\""7\"",\""8\"",\""14\""]","[\""1\"",\""2\"",\""3\"",\""5\"",\""9\"",\""12\"",\""13\"",\""14\""]",1,39204,39204,0,2026-02-09 16:11:41,2026-02-09 16:11:41
505,4,"[\""1\"",\""7\"",\""8\"",\""14\""]","[\""1\"",\""10\"",\""12\""]",1,39204,39204,0,2026-02-09 16:11:41,2026-02-09 16:11:41
506,1,"[\""1\"",\""2\"",\""3\"",\""4\"",\""5\"",\""6\"",\""7\"",\""8\"",\""9\"",\""10\"",\""11\"",\""12\"",\""13\"",\""14\""]","[\""1\"",\""2\"",\""3\"",\""4\"",\""5\"",\""6\"",\""7\"",\""8\"",\""9\"",\""10\"",\""11\"",\""12\"",\""13\"",\""14\"",\""15\""]",1,39205,39205,0,2026-02-09 16:25:27,2026-02-09 16:25:27
507,2,"[\""1\"",\""2\"",\""5\"",\""6\"",\""7\"",\""8\"",\""13\"",\""14\""]","[\""1\"",\""2\"",\""3\"",\""5\"",\""6\"",\""7\"",\""8\"",\""9\"",\""11\"",\""12\"",\""13\"",\""14\"",\""15\""]",1,39205,39205,0,2026-02-09 16:25:27,2026-02-09 16:25:27
508,3,"[\""1\"",\""2\"",\""5\"",\""6\"",\""7\"",\""8\"",\""14\""]","[\""1\"",\""2\"",\""3\"",\""5\"",\""9\"",\""12\"",\""13\"",\""14\""]",1,39205,39205,0,2026-02-09 16:25:27,2026-02-09 16:25:27
509,4,"[\""1\"",\""7\"",\""8\"",\""14\""]","[\""1\"",\""10\"",\""12\""]",1,39205,39205,0,2026-02-09 16:25:27,2026-02-09 16:25:27
510,1,"[\""1\"",\""2\"",\""3\"",\""4\"",\""5\"",\""6\"",\""7\"",\""8\"",\""9\"",\""10\"",\""11\"",\""12\"",\""13\"",\""14\""]","[\""1\"",\""2\"",\""3\"",\""4\"",\""5\"",\""6\"",\""7\"",\""8\"",\""9\"",\""10\"",\""11\"",\""12\"",\""13\"",\""14\"",\""15\""]",1,39206,39206,0,2026-02-09 16:47:07,2026-02-09 16:47:07
511,2,"[\""1\"",\""2\"",\""5\"",\""6\"",\""7\"",\""8\"",\""13\"",\""14\""]","[\""1\"",\""2\"",\""3\"",\""5\"",\""6\"",\""7\"",\""8\"",\""9\"",\""11\"",\""12\"",\""13\"",\""14\"",\""15\""]",1,39206,39206,0,2026-02-09 16:47:07,2026-02-09 16:47:07
512,3,"[\""1\"",\""2\"",\""5\"",\""6\"",\""7\"",\""8\"",\""14\""]","[\""1\"",\""2\"",\""3\"",\""5\"",\""9\"",\""12\"",\""13\"",\""14\""]",1,39206,39206,0,2026-02-09 16:47:07,2026-02-09 16:47:07
513,4,"[\""1\"",\""7\"",\""8\"",\""14\""]","[\""1\"",\""10\"",\""12\""]",1,39206,39206,0,2026-02-09 16:47:07,2026-02-09 16:47:07
514,1,"[\""1\"",\""2\"",\""3\"",\""4\"",\""5\"",\""6\"",\""7\"",\""8\"",\""9\"",\""10\"",\""11\"",\""12\"",\""13\"",\""14\""]","[\""1\"",\""2\"",\""3\"",\""4\"",\""5\"",\""6\"",\""7\"",\""8\"",\""9\"",\""10\"",\""11\"",\""12\"",\""13\"",\""14\"",\""15\""]",1,39207,39207,0,2026-02-09 16:52:49,2026-02-09 16:52:49
515,2,"[\""1\"",\""2\"",\""5\"",\""6\"",\""7\"",\""8\"",\""13\"",\""14\""]","[\""1\"",\""2\"",\""3\"",\""5\"",\""6\"",\""7\"",\""8\"",\""9\"",\""11\"",\""12\"",\""13\"",\""14\"",\""15\""]",1,39207,39207,0,2026-02-09 16:52:49,2026-02-09 16:52:49
516,3,"[\""1\"",\""2\"",\""5\"",\""6\"",\""7\"",\""8\"",\""14\""]","[\""1\"",\""2\"",\""3\"",\""5\"",\""9\"",\""12\"",\""13\"",\""14\""]",1,39207,39207,0,2026-02-09 16:52:49,2026-02-09 16:52:49
517,4,"[\""1\"",\""7\"",\""8\"",\""14\""]","[\""1\"",\""10\"",\""12\""]",1,39207,39207,0,2026-02-09 16:52:49,2026-02-09 16:52:49
518,1,"[\""1\"",\""2\"",\""3\"",\""4\"",\""5\"",\""6\"",\""7\"",\""8\"",\""9\"",\""10\"",\""11\"",\""12\"",\""13\"",\""14\""]","[\""1\"",\""2\"",\""3\"",\""4\"",\""5\"",\""6\"",\""7\"",\""8\"",\""9\"",\""10\"",\""11\"",\""12\"",\""13\"",\""14\"",\""15\""]",1,39208,39208,0,2026-02-09 17:09:32,2026-02-09 17:09:32
519,2,"[\""1\"",\""2\"",\""5\"",\""6\"",\""7\"",\""8\"",\""13\"",\""14\""]","[\""1\"",\""2\"",\""3\"",\""5\"",\""6\"",\""7\"",\""8\"",\""9\"",\""11\"",\""12\"",\""13\"",\""14\"",\""15\""]",1,39208,39208,0,2026-02-09 17:09:32,2026-02-09 17:09:32
520,3,"[\""1\"",\""2\"",\""5\"",\""6\"",\""7\"",\""8\"",\""14\""]","[\""1\"",\""2\"",\""3\"",\""5\"",\""9\"",\""12\"",\""13\"",\""14\""]",1,39208,39208,0,2026-02-09 17:09:32,2026-02-09 17:09:32
521,4,"[\""1\"",\""7\"",\""8\"",\""14\""]","[\""1\"",\""10\"",\""12\""]",1,39208,39208,0,2026-02-09 17:09:32,2026-02-09 17:09:32
522,1,"[\""1\"",\""2\"",\""3\"",\""4\"",\""5\"",\""6\"",\""7\"",\""8\"",\""9\"",\""10\"",\""11\"",\""12\"",\""13\"",\""14\""]","[\""1\"",\""2\"",\""3\"",\""4\"",\""5\"",\""6\"",\""7\"",\""8\"",\""9\"",\""10\"",\""11\"",\""12\"",\""13\"",\""14\"",\""15\""]",1,39209,39209,0,2026-02-09 17:18:18,2026-02-09 17:18:18
523,2,"[\""1\"",\""2\"",\""5\"",\""6\"",\""7\"",\""8\"",\""13\"",\""14\""]","[\""1\"",\""2\"",\""3\"",\""5\"",\""6\"",\""7\"",\""8\"",\""9\"",\""11\"",\""12\"",\""13\"",\""14\"",\""15\""]",1,39209,39209,0,2026-02-09 17:18:18,2026-02-09 17:18:18
524,3,"[\""1\"",\""2\"",\""5\"",\""6\"",\""7\"",\""8\"",\""14\""]","[\""1\"",\""2\"",\""3\"",\""5\"",\""9\"",\""12\"",\""13\"",\""14\""]",1,39209,39209,0,2026-02-09 17:18:18,2026-02-09 17:18:18
525,4,"[\""1\"",\""7\"",\""8\"",\""14\""]","[\""1\"",\""10\"",\""12\""]",1,39209,39209,0,2026-02-09 17:18:18,2026-02-09 17:18:18
526,1,"[\""1\"",\""2\"",\""3\"",\""4\"",\""5\"",\""6\"",\""7\"",\""8\"",\""9\"",\""10\"",\""11\"",\""12\"",\""13\"",\""14\""]","[\""1\"",\""2\"",\""3\"",\""4\"",\""5\"",\""6\"",\""7\"",\""8\"",\""9\"",\""10\"",\""11\"",\""12\"",\""13\"",\""14\"",\""15\""]",1,39210,39210,0,2026-02-09 17:26:03,2026-02-09 17:26:03
527,2,"[\""1\"",\""2\"",\""5\"",\""6\"",\""7\"",\""8\"",\""13\"",\""14\""]","[\""1\"",\""2\"",\""3\"",\""5\"",\""6\"",\""7\"",\""8\"",\""9\"",\""11\"",\""12\"",\""13\"",\""14\"",\""15\""]",1,39210,39210,0,2026-02-09 17:26:03,2026-02-09 17:26:03
528,3,"[\""1\"",\""2\"",\""5\"",\""6\"",\""7\"",\""8\"",\""14\""]","[\""1\"",\""2\"",\""3\"",\""5\"",\""9\"",\""12\"",\""13\"",\""14\""]",1,39210,39210,0,2026-02-09 17:26:03,2026-02-09 17:26:03
529,4,"[\""1\"",\""7\"",\""8\"",\""14\""]","[\""1\"",\""10\"",\""12\""]",1,39210,39210,0,2026-02-09 17:26:03,2026-02-09 17:26:03
530,1,"[\""1\"",\""2\"",\""3\"",\""4\"",\""5\"",\""6\"",\""7\"",\""8\"",\""9\"",\""10\"",\""11\"",\""12\"",\""13\"",\""14\""]","[\""1\"",\""2\"",\""3\"",\""4\"",\""5\"",\""6\"",\""7\"",\""8\"",\""9\"",\""10\"",\""11\"",\""12\"",\""13\"",\""14\"",\""15\""]",1,39211,39211,0,2026-02-09 17:28:58,2026-02-09 17:28:58
531,2,"[\""1\"",\""2\"",\""5\"",\""6\"",\""7\"",\""8\"",\""13\"",\""14\""]","[\""1\"",\""2\"",\""3\"",\""5\"",\""6\"",\""7\"",\""8\"",\""9\"",\""11\"",\""12\"",\""13\"",\""14\"",\""15\""]",1,39211,39211,0,2026-02-09 17:28:58,2026-02-09 17:28:58
532,3,"[\""1\"",\""2\"",\""5\"",\""6\"",\""7\"",\""8\"",\""14\""]","[\""1\"",\""2\"",\""3\"",\""5\"",\""9\"",\""12\"",\""13\"",\""14\""]",1,39211,39211,0,2026-02-09 17:28:58,2026-02-09 17:28:58
533,4,"[\""1\"",\""7\"",\""8\"",\""14\""]","[\""1\"",\""10\"",\""12\""]",1,39211,39211,0,2026-02-09 17:28:58,2026-02-09 17:28:58
534,1,"[\""1\"",\""2\"",\""3\"",\""4\"",\""5\"",\""6\"",\""7\"",\""8\"",\""9\"",\""10\"",\""11\"",\""12\"",\""13\"",\""14\""]","[\""1\"",\""2\"",\""3\"",\""4\"",\""5\"",\""6\"",\""7\"",\""8\"",\""9\"",\""10\"",\""11\"",\""12\"",\""13\"",\""14\"",\""15\""]",1,39212,39212,0,2026-02-09 18:58:29,2026-02-09 18:58:29
535,2,"[\""1\"",\""2\"",\""5\"",\""6\"",\""7\"",\""8\"",\""13\"",\""14\""]","[\""1\"",\""2\"",\""3\"",\""5\"",\""6\"",\""7\"",\""8\"",\""9\"",\""11\"",\""12\"",\""13\"",\""14\"",\""15\""]",1,39212,39212,0,2026-02-09 18:58:29,2026-02-09 18:58:29
536,3,"[\""1\"",\""2\"",\""5\"",\""6\"",\""7\"",\""8\"",\""14\""]","[\""1\"",\""2\"",\""3\"",\""5\"",\""9\"",\""12\"",\""13\"",\""14\""]",1,39212,39212,0,2026-02-09 18:58:29,2026-02-09 18:58:29
537,4,"[\""1\"",\""7\"",\""8\"",\""14\""]","[\""1\"",\""10\"",\""12\""]",1,39212,39212,0,2026-02-09 18:58:29,2026-02-09 18:58:29
538,1,"[\""1\"",\""2\"",\""3\"",\""4\"",\""5\"",\""6\"",\""7\"",\""8\"",\""9\"",\""10\"",\""11\"",\""12\"",\""13\"",\""14\""]","[\""1\"",\""2\"",\""3\"",\""4\"",\""5\"",\""6\"",\""7\"",\""8\"",\""9\"",\""10\"",\""11\"",\""12\"",\""13\"",\""14\"",\""15\""]",1,39213,39213,0,2026-02-10 11:19:22,2026-02-10 11:19:22
539,2,"[\""1\"",\""2\"",\""5\"",\""6\"",\""7\"",\""8\"",\""13\"",\""14\""]","[\""1\"",\""2\"",\""3\"",\""5\"",\""6\"",\""7\"",\""8\"",\""9\"",\""11\"",\""12\"",\""13\"",\""14\"",\""15\""]",1,39213,39213,0,2026-02-10 11:19:22,2026-02-10 11:19:22
540,3,"[\""1\"",\""2\"",\""5\"",\""6\"",\""7\"",\""8\"",\""14\""]","[\""1\"",\""2\"",\""3\"",\""5\"",\""9\"",\""12\"",\""13\"",\""14\""]",1,39213,39213,0,2026-02-10 11:19:22,2026-02-10 11:19:22
541,4,"[\""1\"",\""7\"",\""8\"",\""14\""]","[\""1\"",\""10\"",\""12\""]",1,39213,39213,0,2026-02-10 11:19:22,2026-02-10 11:19:22
542,1,"[\""1\"",\""2\"",\""3\"",\""4\"",\""5\"",\""6\"",\""7\"",\""8\"",\""9\"",\""10\"",\""11\"",\""12\"",\""13\"",\""14\""]","[\""1\"",\""2\"",\""3\"",\""4\"",\""5\"",\""6\"",\""7\"",\""8\"",\""9\"",\""10\"",\""11\"",\""12\"",\""13\"",\""14\"",\""15\""]",1,39214,39214,0,2026-02-10 12:04:02,2026-02-10 12:04:02
543,2,"[\""1\"",\""2\"",\""5\"",\""6\"",\""7\"",\""8\"",\""13\"",\""14\""]","[\""1\"",\""2\"",\""3\"",\""5\"",\""6\"",\""7\"",\""8\"",\""9\"",\""11\"",\""12\"",\""13\"",\""14\"",\""15\""]",1,39214,39214,0,2026-02-10 12:04:02,2026-02-10 12:04:02
544,3,"[\""1\"",\""2\"",\""5\"",\""6\"",\""7\"",\""8\"",\""14\""]","[\""1\"",\""2\"",\""3\"",\""5\"",\""9\"",\""12\"",\""13\"",\""14\""]",1,39214,39214,0,2026-02-10 12:04:02,2026-02-10 12:04:02
545,4,"[\""1\"",\""7\"",\""8\"",\""14\""]","[\""1\"",\""10\"",\""12\""]",1,39214,39214,0,2026-02-10 12:04:02,2026-02-10 12:04:02
546,1,"[\""1\"",\""2\"",\""3\"",\""4\"",\""5\"",\""6\"",\""7\"",\""8\"",\""9\"",\""10\"",\""11\"",\""12\"",\""13\"",\""14\""]","[\""1\"",\""2\"",\""3\"",\""4\"",\""5\"",\""6\"",\""7\"",\""8\"",\""9\"",\""10\"",\""11\"",\""12\"",\""13\"",\""14\"",\""15\""]",1,39216,39216,0,2026-02-10 15:20:27,2026-02-10 15:20:27
547,2,"[\""1\"",\""2\"",\""5\"",\""6\"",\""7\"",\""8\"",\""13\"",\""14\""]","[\""1\"",\""2\"",\""3\"",\""5\"",\""6\"",\""7\"",\""8\"",\""9\"",\""11\"",\""12\"",\""13\"",\""14\"",\""15\""]",1,39216,39216,0,2026-02-10 15:20:27,2026-02-10 15:20:27
548,3,"[\""1\"",\""2\"",\""5\"",\""6\"",\""7\"",\""8\"",\""14\""]","[\""1\"",\""2\"",\""3\"",\""5\"",\""9\"",\""12\"",\""13\"",\""14\""]",1,39216,39216,0,2026-02-10 15:20:27,2026-02-10 15:20:27
549,4,"[\""1\"",\""7\"",\""8\"",\""14\""]","[\""1\"",\""10\"",\""12\""]",1,39216,39216,0,2026-02-10 15:20:27,2026-02-10 15:20:27
550,1,"[\""1\"",\""2\"",\""3\"",\""4\"",\""5\"",\""6\"",\""7\"",\""8\"",\""9\"",\""10\"",\""11\"",\""12\"",\""13\"",\""14\""]","[\""1\"",\""2\"",\""3\"",\""4\"",\""5\"",\""6\"",\""7\"",\""8\"",\""9\"",\""10\"",\""11\"",\""12\"",\""13\"",\""14\"",\""15\""]",1,39217,39217,0,2026-02-10 16:48:57,2026-02-10 16:48:57
551,2,"[\""1\"",\""2\"",\""5\"",\""6\"",\""7\"",\""8\"",\""13\"",\""14\""]","[\""1\"",\""2\"",\""3\"",\""5\"",\""6\"",\""7\"",\""8\"",\""9\"",\""11\"",\""12\"",\""13\"",\""14\"",\""15\""]",1,39217,39217,0,2026-02-10 16:48:57,2026-02-10 16:48:57
552,3,"[\""1\"",\""2\"",\""5\"",\""6\"",\""7\"",\""8\"",\""14\""]","[\""1\"",\""2\"",\""3\"",\""5\"",\""9\"",\""12\"",\""13\"",\""14\""]",1,39217,39217,0,2026-02-10 16:48:57,2026-02-10 16:48:57
553,4,"[\""1\"",\""7\"",\""8\"",\""14\""]","[\""1\"",\""10\"",\""12\""]",1,39217,39217,0,2026-02-10 16:48:57,2026-02-10 16:48:57
554,1,"[\""1\"",\""2\"",\""3\"",\""4\"",\""5\"",\""6\"",\""7\"",\""8\"",\""9\"",\""10\"",\""11\"",\""12\"",\""13\"",\""14\""]","[\""1\"",\""2\"",\""3\"",\""4\"",\""5\"",\""6\"",\""7\"",\""8\"",\""9\"",\""10\"",\""11\"",\""12\"",\""13\"",\""14\"",\""15\""]",1,39218,39218,0,2026-02-11 12:55:24,2026-02-11 12:55:24
555,2,"[\""1\"",\""2\"",\""5\"",\""6\"",\""7\"",\""8\"",\""13\"",\""14\""]","[\""1\"",\""2\"",\""3\"",\""5\"",\""6\"",\""7\"",\""8\"",\""9\"",\""11\"",\""12\"",\""13\"",\""14\"",\""15\""]",1,39218,39218,0,2026-02-11 12:55:24,2026-02-11 12:55:24
556,3,"[\""1\"",\""2\"",\""5\"",\""6\"",\""7\"",\""8\"",\""14\""]","[\""1\"",\""2\"",\""3\"",\""5\"",\""9\"",\""12\"",\""13\"",\""14\""]",1,39218,39218,0,2026-02-11 12:55:24,2026-02-11 12:55:24
557,4,"[\""1\"",\""7\"",\""8\"",\""14\""]","[\""1\"",\""10\"",\""12\""]",1,39218,39218,0,2026-02-11 12:55:24,2026-02-11 12:55:24
558,1,"[\""1\"",\""2\"",\""3\"",\""4\"",\""5\"",\""6\"",\""7\"",\""8\"",\""9\"",\""10\"",\""11\"",\""12\"",\""13\"",\""14\""]","[\""1\"",\""2\"",\""3\"",\""4\"",\""5\"",\""6\"",\""7\"",\""8\"",\""9\"",\""10\"",\""11\"",\""12\"",\""13\"",\""14\"",\""15\""]",1,39219,39219,0,2026-02-11 15:07:30,2026-02-11 15:07:30
559,2,"[\""1\"",\""2\"",\""5\"",\""6\"",\""7\"",\""8\"",\""13\"",\""14\""]","[\""1\"",\""2\"",\""3\"",\""5\"",\""6\"",\""7\"",\""8\"",\""9\"",\""11\"",\""12\"",\""13\"",\""14\"",\""15\""]",1,39219,39219,0,2026-02-11 15:07:30,2026-02-11 15:07:30
560,3,"[\""1\"",\""2\"",\""5\"",\""6\"",\""7\"",\""8\"",\""14\""]","[\""1\"",\""2\"",\""3\"",\""5\"",\""9\"",\""12\"",\""13\"",\""14\""]",1,39219,39219,0,2026-02-11 15:07:30,2026-02-11 15:07:30
561,4,"[\""1\"",\""7\"",\""8\"",\""14\""]","[\""1\"",\""10\"",\""12\""]",1,39219,39219,0,2026-02-11 15:07:30,2026-02-11 15:07:30
562,1,"[\""1\"",\""2\"",\""3\"",\""4\"",\""5\"",\""6\"",\""7\"",\""8\"",\""9\"",\""10\"",\""11\"",\""12\"",\""13\"",\""14\""]","[\""1\"",\""2\"",\""3\"",\""4\"",\""5\"",\""6\"",\""7\"",\""8\"",\""9\"",\""10\"",\""11\"",\""12\"",\""13\"",\""14\"",\""15\""]",1,39220,39220,0,2026-02-11 18:55:34,2026-02-11 18:55:34
563,2,"[\""1\"",\""2\"",\""5\"",\""6\"",\""7\"",\""8\"",\""13\"",\""14\""]","[\""1\"",\""2\"",\""3\"",\""5\"",\""6\"",\""7\"",\""8\"",\""9\"",\""11\"",\""12\"",\""13\"",\""14\"",\""15\""]",1,39220,39220,0,2026-02-11 18:55:34,2026-02-11 18:55:34
564,3,"[\""1\"",\""2\"",\""5\"",\""6\"",\""7\"",\""8\"",\""14\""]","[\""1\"",\""2\"",\""3\"",\""5\"",\""9\"",\""12\"",\""13\"",\""14\""]",1,39220,39220,0,2026-02-11 18:55:34,2026-02-11 18:55:34
565,4,"[\""1\"",\""7\"",\""8\"",\""14\""]","[\""1\"",\""10\"",\""12\""]",1,39220,39220,0,2026-02-11 18:55:34,2026-02-11 18:55:34
566,1,"[\""1\"",\""2\"",\""3\"",\""4\"",\""5\"",\""6\"",\""7\"",\""8\"",\""9\"",\""10\"",\""11\"",\""12\"",\""13\"",\""14\""]","[\""1\"",\""2\"",\""3\"",\""4\"",\""5\"",\""6\"",\""7\"",\""8\"",\""9\"",\""10\"",\""11\"",\""12\"",\""13\"",\""14\"",\""15\""]",1,39221,39221,0,2026-02-12 13:29:36,2026-02-12 13:29:36
567,2,"[\""1\"",\""2\"",\""5\"",\""6\"",\""7\"",\""8\"",\""13\"",\""14\""]","[\""1\"",\""2\"",\""3\"",\""5\"",\""6\"",\""7\"",\""8\"",\""9\"",\""11\"",\""12\"",\""13\"",\""14\"",\""15\""]",1,39221,39221,0,2026-02-12 13:29:36,2026-02-12 13:29:36
568,3,"[\""1\"",\""2\"",\""5\"",\""6\"",\""7\"",\""8\"",\""14\""]","[\""1\"",\""2\"",\""3\"",\""5\"",\""9\"",\""12\"",\""13\"",\""14\""]",1,39221,39221,0,2026-02-12 13:29:36,2026-02-12 13:29:36
569,4,"[\""1\"",\""7\"",\""8\"",\""14\""]","[\""1\"",\""10\"",\""12\""]",1,39221,39221,0,2026-02-12 13:29:36,2026-02-12 13:29:36
570,1,"[\""1\"",\""2\"",\""3\"",\""4\"",\""5\"",\""6\"",\""7\"",\""8\"",\""9\"",\""10\"",\""11\"",\""12\"",\""13\"",\""14\""]","[\""1\"",\""2\"",\""3\"",\""4\"",\""5\"",\""6\"",\""7\"",\""8\"",\""9\"",\""10\"",\""11\"",\""12\"",\""13\"",\""14\"",\""15\""]",1,39222,39222,0,2026-02-12 13:35:30,2026-02-12 13:35:30
571,2,"[\""1\"",\""2\"",\""5\"",\""6\"",\""7\"",\""8\"",\""13\"",\""14\""]","[\""1\"",\""2\"",\""3\"",\""5\"",\""6\"",\""7\"",\""8\"",\""9\"",\""11\"",\""12\"",\""13\"",\""14\"",\""15\""]",1,39222,39222,0,2026-02-12 13:35:30,2026-02-12 13:35:30
572,3,"[\""1\"",\""2\"",\""5\"",\""6\"",\""7\"",\""8\"",\""14\""]","[\""1\"",\""2\"",\""3\"",\""5\"",\""9\"",\""12\"",\""13\"",\""14\""]",1,39222,39222,0,2026-02-12 13:35:30,2026-02-12 13:35:30
573,4,"[\""1\"",\""7\"",\""8\"",\""14\""]","[\""1\"",\""10\"",\""12\""]",1,39222,39222,0,2026-02-12 13:35:30,2026-02-12 13:35:30
574,1,"[\""1\"",\""2\"",\""3\"",\""4\"",\""5\"",\""6\"",\""7\"",\""8\"",\""9\"",\""10\"",\""11\"",\""12\"",\""13\"",\""14\""]","[\""1\"",\""2\"",\""3\"",\""4\"",\""5\"",\""6\"",\""7\"",\""8\"",\""9\"",\""10\"",\""11\"",\""12\"",\""13\"",\""14\"",\""15\""]",1,39223,39223,0,2026-02-12 13:40:29,2026-02-12 13:40:29
575,2,"[\""1\"",\""2\"",\""5\"",\""6\"",\""7\"",\""8\"",\""13\"",\""14\""]","[\""1\"",\""2\"",\""3\"",\""5\"",\""6\"",\""7\"",\""8\"",\""9\"",\""11\"",\""12\"",\""13\"",\""14\"",\""15\""]",1,39223,39223,0,2026-02-12 13:40:29,2026-02-12 13:40:29
576,3,"[\""1\"",\""2\"",\""5\"",\""6\"",\""7\"",\""8\"",\""14\""]","[\""1\"",\""2\"",\""3\"",\""5\"",\""9\"",\""12\"",\""13\"",\""14\""]",1,39223,39223,0,2026-02-12 13:40:29,2026-02-12 13:40:29
577,4,"[\""1\"",\""7\"",\""8\"",\""14\""]","[\""1\"",\""10\"",\""12\""]",1,39223,39223,0,2026-02-12 13:40:29,2026-02-12 13:40:29
578,1,"[\""1\"",\""2\"",\""3\"",\""4\"",\""5\"",\""6\"",\""7\"",\""8\"",\""9\"",\""10\"",\""11\"",\""12\"",\""13\"",\""14\""]","[\""1\"",\""2\"",\""3\"",\""4\"",\""5\"",\""6\"",\""7\"",\""8\"",\""9\"",\""10\"",\""11\"",\""12\"",\""13\"",\""14\"",\""15\""]",1,39224,39224,0,2026-02-12 14:47:01,2026-02-12 14:47:01
579,2,"[\""1\"",\""2\"",\""5\"",\""6\"",\""7\"",\""8\"",\""13\"",\""14\""]","[\""1\"",\""2\"",\""3\"",\""5\"",\""6\"",\""7\"",\""8\"",\""9\"",\""11\"",\""12\"",\""13\"",\""14\"",\""15\""]",1,39224,39224,0,2026-02-12 14:47:01,2026-02-12 14:47:01
580,3,"[\""1\"",\""2\"",\""5\"",\""6\"",\""7\"",\""8\"",\""14\""]","[\""1\"",\""2\"",\""3\"",\""5\"",\""9\"",\""12\"",\""13\"",\""14\""]",1,39224,39224,0,2026-02-12 14:47:01,2026-02-12 14:47:01
581,4,"[\""1\"",\""7\"",\""8\"",\""14\""]","[\""1\"",\""10\"",\""12\""]",1,39224,39224,0,2026-02-12 14:47:01,2026-02-12 14:47:01
582,1,"[\""1\"",\""2\"",\""3\"",\""4\"",\""5\"",\""6\"",\""7\"",\""8\"",\""9\"",\""10\"",\""11\"",\""12\"",\""13\"",\""14\""]","[\""1\"",\""2\"",\""3\"",\""4\"",\""5\"",\""6\"",\""7\"",\""8\"",\""9\"",\""10\"",\""11\"",\""12\"",\""13\"",\""14\"",\""15\""]",1,39225,39225,0,2026-02-12 14:49:17,2026-02-12 14:49:17
583,2,"[\""1\"",\""2\"",\""5\"",\""6\"",\""7\"",\""8\"",\""13\"",\""14\""]","[\""1\"",\""2\"",\""3\"",\""5\"",\""6\"",\""7\"",\""8\"",\""9\"",\""11\"",\""12\"",\""13\"",\""14\"",\""15\""]",1,39225,39225,0,2026-02-12 14:49:17,2026-02-12 14:49:17
584,3,"[\""1\"",\""2\"",\""5\"",\""6\"",\""7\"",\""8\"",\""14\""]","[\""1\"",\""2\"",\""3\"",\""5\"",\""9\"",\""12\"",\""13\"",\""14\""]",1,39225,39225,0,2026-02-12 14:49:17,2026-02-12 14:49:17
585,4,"[\""1\"",\""7\"",\""8\"",\""14\""]","[\""1\"",\""10\"",\""12\""]",1,39225,39225,0,2026-02-12 14:49:17,2026-02-12 14:49:17
586,1,"[\""1\"",\""2\"",\""3\"",\""4\"",\""5\"",\""6\"",\""7\"",\""8\"",\""9\"",\""10\"",\""11\"",\""12\"",\""13\"",\""14\""]","[\""1\"",\""2\"",\""3\"",\""4\"",\""5\"",\""6\"",\""7\"",\""8\"",\""9\"",\""10\"",\""11\"",\""12\"",\""13\"",\""14\"",\""15\""]",1,39226,39226,0,2026-02-12 15:01:24,2026-02-12 15:01:24
587,2,"[\""1\"",\""2\"",\""5\"",\""6\"",\""7\"",\""8\"",\""13\"",\""14\""]","[\""1\"",\""2\"",\""3\"",\""5\"",\""6\"",\""7\"",\""8\"",\""9\"",\""11\"",\""12\"",\""13\"",\""14\"",\""15\""]",1,39226,39226,0,2026-02-12 15:01:24,2026-02-12 15:01:24
588,3,"[\""1\"",\""2\"",\""5\"",\""6\"",\""7\"",\""8\"",\""14\""]","[\""1\"",\""2\"",\""3\"",\""5\"",\""9\"",\""12\"",\""13\"",\""14\""]",1,39226,39226,0,2026-02-12 15:01:24,2026-02-12 15:01:24
589,4,"[\""1\"",\""7\"",\""8\"",\""14\""]","[\""1\"",\""10\"",\""12\""]",1,39226,39226,0,2026-02-12 15:01:24,2026-02-12 15:01:24
590,1,"[\""1\"",\""2\"",\""3\"",\""4\"",\""5\"",\""6\"",\""7\"",\""8\"",\""9\"",\""10\"",\""11\"",\""12\"",\""13\"",\""14\""]","[\""1\"",\""2\"",\""3\"",\""4\"",\""5\"",\""6\"",\""7\"",\""8\"",\""9\"",\""10\"",\""11\"",\""12\"",\""13\"",\""14\"",\""15\""]",1,39227,39227,0,2026-02-12 15:21:58,2026-02-12 15:21:58
591,2,"[\""1\"",\""2\"",\""5\"",\""6\"",\""7\"",\""8\"",\""13\"",\""14\""]","[\""1\"",\""2\"",\""3\"",\""5\"",\""6\"",\""7\"",\""8\"",\""9\"",\""11\"",\""12\"",\""13\"",\""14\"",\""15\""]",1,39227,39227,0,2026-02-12 15:21:58,2026-02-12 15:21:58
592,3,"[\""1\"",\""2\"",\""5\"",\""6\"",\""7\"",\""8\"",\""14\""]","[\""1\"",\""2\"",\""3\"",\""5\"",\""9\"",\""12\"",\""13\"",\""14\""]",1,39227,39227,0,2026-02-12 15:21:58,2026-02-12 15:21:58
593,4,"[\""1\"",\""7\"",\""8\"",\""14\""]","[\""1\"",\""10\"",\""12\""]",1,39227,39227,0,2026-02-12 15:21:58,2026-02-12 15:21:58
594,1,"[\""1\"",\""2\"",\""3\"",\""4\"",\""5\"",\""6\"",\""7\"",\""8\"",\""9\"",\""10\"",\""11\"",\""12\"",\""13\"",\""14\""]","[\""1\"",\""2\"",\""3\"",\""4\"",\""5\"",\""6\"",\""7\"",\""8\"",\""9\"",\""10\"",\""11\"",\""12\"",\""13\"",\""14\"",\""15\""]",1,39228,39228,0,2026-02-12 15:24:45,2026-02-12 15:24:45
595,2,"[\""1\"",\""2\"",\""5\"",\""6\"",\""7\"",\""8\"",\""13\"",\""14\""]","[\""1\"",\""2\"",\""3\"",\""5\"",\""6\"",\""7\"",\""8\"",\""9\"",\""11\"",\""12\"",\""13\"",\""14\"",\""15\""]",1,39228,39228,0,2026-02-12 15:24:45,2026-02-12 15:24:45
596,3,"[\""1\"",\""2\"",\""5\"",\""6\"",\""7\"",\""8\"",\""14\""]","[\""1\"",\""2\"",\""3\"",\""5\"",\""9\"",\""12\"",\""13\"",\""14\""]",1,39228,39228,0,2026-02-12 15:24:45,2026-02-12 15:24:45
597,4,"[\""1\"",\""7\"",\""8\"",\""14\""]","[\""1\"",\""10\"",\""12\""]",1,39228,39228,0,2026-02-12 15:24:45,2026-02-12 15:24:45
598,1,"[\""1\"",\""2\"",\""3\"",\""4\"",\""5\"",\""6\"",\""7\"",\""8\"",\""9\"",\""10\"",\""11\"",\""12\"",\""13\"",\""14\""]","[\""1\"",\""2\"",\""3\"",\""4\"",\""5\"",\""6\"",\""7\"",\""8\"",\""9\"",\""10\"",\""11\"",\""12\"",\""13\"",\""14\"",\""15\""]",1,39229,39229,0,2026-02-12 15:25:01,2026-02-12 15:25:01
599,2,"[\""1\"",\""2\"",\""5\"",\""6\"",\""7\"",\""8\"",\""13\"",\""14\""]","[\""1\"",\""2\"",\""3\"",\""5\"",\""6\"",\""7\"",\""8\"",\""9\"",\""11\"",\""12\"",\""13\"",\""14\"",\""15\""]",1,39229,39229,0,2026-02-12 15:25:01,2026-02-12 15:25:01
600,3,"[\""1\"",\""2\"",\""5\"",\""6\"",\""7\"",\""8\"",\""14\""]","[\""1\"",\""2\"",\""3\"",\""5\"",\""9\"",\""12\"",\""13\"",\""14\""]",1,39229,39229,0,2026-02-12 15:25:01,2026-02-12 15:25:01
601,4,"[\""1\"",\""7\"",\""8\"",\""14\""]","[\""1\"",\""10\"",\""12\""]",1,39229,39229,0,2026-02-12 15:25:01,2026-02-12 15:25:01
602,1,"[\""1\"",\""2\"",\""3\"",\""4\"",\""5\"",\""6\"",\""7\"",\""8\"",\""9\"",\""10\"",\""11\"",\""12\"",\""13\"",\""14\""]","[\""1\"",\""2\"",\""3\"",\""4\"",\""5\"",\""6\"",\""7\"",\""8\"",\""9\"",\""10\"",\""11\"",\""12\"",\""13\"",\""14\"",\""15\""]",1,39230,39230,0,2026-02-12 15:31:02,2026-02-12 15:31:02
603,2,"[\""1\"",\""2\"",\""5\"",\""6\"",\""7\"",\""8\"",\""13\"",\""14\""]","[\""1\"",\""2\"",\""3\"",\""5\"",\""6\"",\""7\"",\""8\"",\""9\"",\""11\"",\""12\"",\""13\"",\""14\"",\""15\""]",1,39230,39230,0,2026-02-12 15:31:02,2026-02-12 15:31:02
604,3,"[\""1\"",\""2\"",\""5\"",\""6\"",\""7\"",\""8\"",\""14\""]","[\""1\"",\""2\"",\""3\"",\""5\"",\""9\"",\""12\"",\""13\"",\""14\""]",1,39230,39230,0,2026-02-12 15:31:02,2026-02-12 15:31:02
605,4,"[\""1\"",\""7\"",\""8\"",\""14\""]","[\""1\"",\""10\"",\""12\""]",1,39230,39230,0,2026-02-12 15:31:02,2026-02-12 15:31:02
606,1,"[\""1\"",\""2\"",\""3\"",\""4\"",\""5\"",\""6\"",\""7\"",\""8\"",\""9\"",\""10\"",\""11\"",\""12\"",\""13\"",\""14\""]","[\""1\"",\""2\"",\""3\"",\""4\"",\""5\"",\""6\"",\""7\"",\""8\"",\""9\"",\""10\"",\""11\"",\""12\"",\""13\"",\""14\"",\""15\""]",1,39231,39231,0,2026-02-12 15:38:33,2026-02-12 15:38:33
607,2,"[\""1\"",\""2\"",\""5\"",\""6\"",\""7\"",\""8\"",\""13\"",\""14\""]","[\""1\"",\""2\"",\""3\"",\""5\"",\""6\"",\""7\"",\""8\"",\""9\"",\""11\"",\""12\"",\""13\"",\""14\"",\""15\""]",1,39231,39231,0,2026-02-12 15:38:33,2026-02-12 15:38:33
608,3,"[\""1\"",\""2\"",\""5\"",\""6\"",\""7\"",\""8\"",\""14\""]","[\""1\"",\""2\"",\""3\"",\""5\"",\""9\"",\""12\"",\""13\"",\""14\""]",1,39231,39231,0,2026-02-12 15:38:33,2026-02-12 15:38:33
609,4,"[\""1\"",\""7\"",\""8\"",\""14\""]","[\""1\"",\""10\"",\""12\""]",1,39231,39231,0,2026-02-12 15:38:33,2026-02-12 15:38:33
610,1,"[\""1\"",\""2\"",\""3\"",\""4\"",\""5\"",\""6\"",\""7\"",\""8\"",\""9\"",\""10\"",\""11\"",\""12\"",\""13\"",\""14\""]","[\""1\"",\""2\"",\""3\"",\""4\"",\""5\"",\""6\"",\""7\"",\""8\"",\""9\"",\""10\"",\""11\"",\""12\"",\""13\"",\""14\"",\""15\""]",1,39232,39232,0,2026-02-12 15:54:19,2026-02-12 15:54:19
611,2,"[\""1\"",\""2\"",\""5\"",\""6\"",\""7\"",\""8\"",\""13\"",\""14\""]","[\""1\"",\""2\"",\""3\"",\""5\"",\""6\"",\""7\"",\""8\"",\""9\"",\""11\"",\""12\"",\""13\"",\""14\"",\""15\""]",1,39232,39232,0,2026-02-12 15:54:19,2026-02-12 15:54:19
612,3,"[\""1\"",\""2\"",\""5\"",\""6\"",\""7\"",\""8\"",\""14\""]","[\""1\"",\""2\"",\""3\"",\""5\"",\""9\"",\""12\"",\""13\"",\""14\""]",1,39232,39232,0,2026-02-12 15:54:19,2026-02-12 15:54:19
613,4,"[\""1\"",\""7\"",\""8\"",\""14\""]","[\""1\"",\""10\"",\""12\""]",1,39232,39232,0,2026-02-12 15:54:19,2026-02-12 15:54:19
614,1,"[\""1\"",\""2\"",\""3\"",\""4\"",\""5\"",\""6\"",\""7\"",\""8\"",\""9\"",\""10\"",\""11\"",\""12\"",\""13\"",\""14\""]","[\""1\"",\""2\"",\""3\"",\""4\"",\""5\"",\""6\"",\""7\"",\""8\"",\""9\"",\""10\"",\""11\"",\""12\"",\""13\"",\""14\"",\""15\""]",1,39233,39233,0,2026-02-12 15:57:24,2026-02-12 15:57:24
615,2,"[\""1\"",\""2\"",\""5\"",\""6\"",\""7\"",\""8\"",\""13\"",\""14\""]","[\""1\"",\""2\"",\""3\"",\""5\"",\""6\"",\""7\"",\""8\"",\""9\"",\""11\"",\""12\"",\""13\"",\""14\"",\""15\""]",1,39233,39233,0,2026-02-12 15:57:24,2026-02-12 15:57:24
616,3,"[\""1\"",\""2\"",\""5\"",\""6\"",\""7\"",\""8\"",\""14\""]","[\""1\"",\""2\"",\""3\"",\""5\"",\""9\"",\""12\"",\""13\"",\""14\""]",1,39233,39233,0,2026-02-12 15:57:24,2026-02-12 15:57:24
617,4,"[\""1\"",\""7\"",\""8\"",\""14\""]","[\""1\"",\""10\"",\""12\""]",1,39233,39233,0,2026-02-12 15:57:24,2026-02-12 15:57:24
618,1,"[\""1\"",\""2\"",\""3\"",\""4\"",\""5\"",\""6\"",\""7\"",\""8\"",\""9\"",\""10\"",\""11\"",\""12\"",\""13\"",\""14\""]","[\""1\"",\""2\"",\""3\"",\""4\"",\""5\"",\""6\"",\""7\"",\""8\"",\""9\"",\""10\"",\""11\"",\""12\"",\""13\"",\""14\"",\""15\""]",1,39234,39234,0,2026-02-12 18:24:57,2026-02-12 18:24:57
619,2,"[\""1\"",\""2\"",\""5\"",\""6\"",\""7\"",\""8\"",\""13\"",\""14\""]","[\""1\"",\""2\"",\""3\"",\""5\"",\""6\"",\""7\"",\""8\"",\""9\"",\""11\"",\""12\"",\""13\"",\""14\"",\""15\""]",1,39234,39234,0,2026-02-12 18:24:57,2026-02-12 18:24:57
620,3,"[\""1\"",\""2\"",\""5\"",\""6\"",\""7\"",\""8\"",\""14\""]","[\""1\"",\""2\"",\""3\"",\""5\"",\""9\"",\""12\"",\""13\"",\""14\""]",1,39234,39234,0,2026-02-12 18:24:57,2026-02-12 18:24:57
621,4,"[\""1\"",\""7\"",\""8\"",\""14\""]","[\""1\"",\""10\"",\""12\""]",1,39234,39234,0,2026-02-12 18:24:57,2026-02-12 18:24:57
622,1,"[\""1\"",\""2\"",\""3\"",\""4\"",\""5\"",\""6\"",\""7\"",\""8\"",\""9\"",\""10\"",\""11\"",\""12\"",\""13\"",\""14\""]","[\""1\"",\""2\"",\""3\"",\""4\"",\""5\"",\""6\"",\""7\"",\""8\"",\""9\"",\""10\"",\""11\"",\""12\"",\""13\"",\""14\"",\""15\""]",1,39235,39235,0,2026-02-12 18:46:20,2026-02-12 18:46:20
623,2,"[\""1\"",\""2\"",\""5\"",\""6\"",\""7\"",\""8\"",\""13\"",\""14\""]","[\""1\"",\""2\"",\""3\"",\""5\"",\""6\"",\""7\"",\""8\"",\""9\"",\""11\"",\""12\"",\""13\"",\""14\"",\""15\""]",1,39235,39235,0,2026-02-12 18:46:20,2026-02-12 18:46:20
624,3,"[\""1\"",\""2\"",\""5\"",\""6\"",\""7\"",\""8\"",\""14\""]","[\""1\"",\""2\"",\""3\"",\""5\"",\""9\"",\""12\"",\""13\"",\""14\""]",1,39235,39235,0,2026-02-12 18:46:20,2026-02-12 18:46:20
625,4,"[\""1\"",\""7\"",\""8\"",\""14\""]","[\""1\"",\""10\"",\""12\""]",1,39235,39235,0,2026-02-12 18:46:20,2026-02-12 18:46:20
626,1,"[\""1\"",\""2\"",\""3\"",\""4\"",\""5\"",\""6\"",\""7\"",\""8\"",\""9\"",\""10\"",\""11\"",\""12\"",\""13\"",\""14\""]","[\""1\"",\""2\"",\""3\"",\""4\"",\""5\"",\""6\"",\""7\"",\""8\"",\""9\"",\""10\"",\""11\"",\""12\"",\""13\"",\""14\"",\""15\""]",1,39236,39236,0,2026-02-12 19:11:30,2026-02-12 19:11:30
627,2,"[\""1\"",\""2\"",\""5\"",\""6\"",\""7\"",\""8\"",\""13\"",\""14\""]","[\""1\"",\""2\"",\""3\"",\""5\"",\""6\"",\""7\"",\""8\"",\""9\"",\""11\"",\""12\"",\""13\"",\""14\"",\""15\""]",1,39236,39236,0,2026-02-12 19:11:30,2026-02-12 19:11:30
628,3,"[\""1\"",\""2\"",\""5\"",\""6\"",\""7\"",\""8\"",\""14\""]","[\""1\"",\""2\"",\""3\"",\""5\"",\""9\"",\""12\"",\""13\"",\""14\""]",1,39236,39236,0,2026-02-12 19:11:30,2026-02-12 19:11:30
629,4,"[\""1\"",\""7\"",\""8\"",\""14\""]","[\""1\"",\""10\"",\""12\""]",1,39236,39236,0,2026-02-12 19:11:30,2026-02-12 19:11:30
630,1,"[\""1\"",\""2\"",\""3\"",\""4\"",\""5\"",\""6\"",\""7\"",\""8\"",\""9\"",\""10\"",\""11\"",\""12\"",\""13\"",\""14\""]","[\""1\"",\""2\"",\""3\"",\""4\"",\""5\"",\""6\"",\""7\"",\""8\"",\""9\"",\""10\"",\""11\"",\""12\"",\""13\"",\""14\"",\""15\""]",1,39237,39237,0,2026-02-13 10:30:57,2026-02-13 10:30:57
631,2,"[\""1\"",\""2\"",\""5\"",\""6\"",\""7\"",\""8\"",\""13\"",\""14\""]","[\""1\"",\""2\"",\""3\"",\""5\"",\""6\"",\""7\"",\""8\"",\""9\"",\""11\"",\""12\"",\""13\"",\""14\"",\""15\""]",1,39237,39237,0,2026-02-13 10:30:57,2026-02-13 10:30:57
632,3,"[\""1\"",\""2\"",\""5\"",\""6\"",\""7\"",\""8\"",\""14\""]","[\""1\"",\""2\"",\""3\"",\""5\"",\""9\"",\""12\"",\""13\"",\""14\""]",1,39237,39237,0,2026-02-13 10:30:57,2026-02-13 10:30:57
633,4,"[\""1\"",\""7\"",\""8\"",\""14\""]","[\""1\"",\""10\"",\""12\""]",1,39237,39237,0,2026-02-13 10:30:57,2026-02-13 10:30:57
634,1,"[\""1\"",\""2\"",\""3\"",\""4\"",\""5\"",\""6\"",\""7\"",\""8\"",\""9\"",\""10\"",\""11\"",\""12\"",\""13\"",\""14\""]","[\""1\"",\""2\"",\""3\"",\""4\"",\""5\"",\""6\"",\""7\"",\""8\"",\""9\"",\""10\"",\""11\"",\""12\"",\""13\"",\""14\"",\""15\""]",1,39238,39238,0,2026-02-13 11:02:35,2026-02-13 11:02:35
635,2,"[\""1\"",\""2\"",\""5\"",\""6\"",\""7\"",\""8\"",\""13\"",\""14\""]","[\""1\"",\""2\"",\""3\"",\""5\"",\""6\"",\""7\"",\""8\"",\""9\"",\""11\"",\""12\"",\""13\"",\""14\"",\""15\""]",1,39238,39238,0,2026-02-13 11:02:35,2026-02-13 11:02:35
636,3,"[\""1\"",\""2\"",\""5\"",\""6\"",\""7\"",\""8\"",\""14\""]","[\""1\"",\""2\"",\""3\"",\""5\"",\""9\"",\""12\"",\""13\"",\""14\""]",1,39238,39238,0,2026-02-13 11:02:35,2026-02-13 11:02:35
637,4,"[\""1\"",\""7\"",\""8\"",\""14\""]","[\""1\"",\""10\"",\""12\""]",1,39238,39238,0,2026-02-13 11:02:35,2026-02-13 11:02:35
638,1,"[\""1\"",\""2\"",\""3\"",\""4\"",\""5\"",\""6\"",\""7\"",\""8\"",\""9\"",\""10\"",\""11\"",\""12\"",\""13\"",\""14\""]","[\""1\"",\""2\"",\""3\"",\""4\"",\""5\"",\""6\"",\""7\"",\""8\"",\""9\"",\""10\"",\""11\"",\""12\"",\""13\"",\""14\"",\""15\""]",1,39239,39239,0,2026-02-13 11:45:44,2026-02-13 11:45:44
639,2,"[\""1\"",\""2\"",\""5\"",\""6\"",\""7\"",\""8\"",\""13\"",\""14\""]","[\""1\"",\""2\"",\""3\"",\""5\"",\""6\"",\""7\"",\""8\"",\""9\"",\""11\"",\""12\"",\""13\"",\""14\"",\""15\""]",1,39239,39239,0,2026-02-13 11:45:44,2026-02-13 11:45:44
640,3,"[\""1\"",\""2\"",\""5\"",\""6\"",\""7\"",\""8\"",\""14\""]","[\""1\"",\""2\"",\""3\"",\""5\"",\""9\"",\""12\"",\""13\"",\""14\""]",1,39239,39239,0,2026-02-13 11:45:44,2026-02-13 11:45:44
641,4,"[\""1\"",\""7\"",\""8\"",\""14\""]","[\""1\"",\""10\"",\""12\""]",1,39239,39239,0,2026-02-13 11:45:44,2026-02-13 11:45:44
642,1,"[\""1\"",\""2\"",\""3\"",\""4\"",\""5\"",\""6\"",\""7\"",\""8\"",\""9\"",\""10\"",\""11\"",\""12\"",\""13\"",\""14\""]","[\""1\"",\""2\"",\""3\"",\""4\"",\""5\"",\""6\"",\""7\"",\""8\"",\""9\"",\""10\"",\""11\"",\""12\"",\""13\"",\""14\"",\""15\""]",1,39242,39242,0,2026-02-13 17:23:12,2026-02-13 17:23:12
643,2,"[\""1\"",\""2\"",\""5\"",\""6\"",\""7\"",\""8\"",\""13\"",\""14\""]","[\""1\"",\""2\"",\""3\"",\""5\"",\""6\"",\""7\"",\""8\"",\""9\"",\""11\"",\""12\"",\""13\"",\""14\"",\""15\""]",1,39242,39242,0,2026-02-13 17:23:12,2026-02-13 17:23:12
644,3,"[\""1\"",\""2\"",\""5\"",\""6\"",\""7\"",\""8\"",\""14\""]","[\""1\"",\""2\"",\""3\"",\""5\"",\""9\"",\""12\"",\""13\"",\""14\""]",1,39242,39242,0,2026-02-13 17:23:12,2026-02-13 17:23:12
645,4,"[\""1\"",\""7\"",\""8\"",\""14\""]","[\""1\"",\""10\"",\""12\""]",1,39242,39242,0,2026-02-13 17:23:12,2026-02-13 17:23:12
646,1,"[\""1\"",\""2\"",\""3\"",\""4\"",\""5\"",\""6\"",\""7\"",\""8\"",\""9\"",\""10\"",\""11\"",\""12\"",\""13\"",\""14\""]","[\""1\"",\""2\"",\""3\"",\""4\"",\""5\"",\""6\"",\""7\"",\""8\"",\""9\"",\""10\"",\""11\"",\""12\"",\""13\"",\""14\"",\""15\""]",1,39243,39243,0,2026-02-13 17:27:57,2026-02-13 17:27:57
647,2,"[\""1\"",\""2\"",\""5\"",\""6\"",\""7\"",\""8\"",\""13\"",\""14\""]","[\""1\"",\""2\"",\""3\"",\""5\"",\""6\"",\""7\"",\""8\"",\""9\"",\""11\"",\""12\"",\""13\"",\""14\"",\""15\""]",1,39243,39243,0,2026-02-13 17:27:57,2026-02-13 17:27:57
648,3,"[\""1\"",\""2\"",\""5\"",\""6\"",\""7\"",\""8\"",\""14\""]","[\""1\"",\""2\"",\""3\"",\""5\"",\""9\"",\""12\"",\""13\"",\""14\""]",1,39243,39243,0,2026-02-13 17:27:57,2026-02-13 17:27:57
649,4,"[\""1\"",\""7\"",\""8\"",\""14\""]","[\""1\"",\""10\"",\""12\""]",1,39243,39243,0,2026-02-13 17:27:57,2026-02-13 17:27:57
650,1,"[\""1\"",\""2\"",\""3\"",\""4\"",\""5\"",\""6\"",\""7\"",\""8\"",\""9\"",\""10\"",\""11\"",\""12\"",\""13\"",\""14\""]","[\""1\"",\""2\"",\""3\"",\""4\"",\""5\"",\""6\"",\""7\"",\""8\"",\""9\"",\""10\"",\""11\"",\""12\"",\""13\"",\""14\"",\""15\""]",1,39244,39244,0,2026-02-13 17:43:57,2026-02-13 17:43:57
651,2,"[\""1\"",\""2\"",\""5\"",\""6\"",\""7\"",\""8\"",\""13\"",\""14\""]","[\""1\"",\""2\"",\""3\"",\""5\"",\""6\"",\""7\"",\""8\"",\""9\"",\""11\"",\""12\"",\""13\"",\""14\"",\""15\""]",1,39244,39244,0,2026-02-13 17:43:57,2026-02-13 17:43:57
652,3,"[\""1\"",\""2\"",\""5\"",\""6\"",\""7\"",\""8\"",\""14\""]","[\""1\"",\""2\"",\""3\"",\""5\"",\""9\"",\""12\"",\""13\"",\""14\""]",1,39244,39244,0,2026-02-13 17:43:57,2026-02-13 17:43:57
653,4,"[\""1\"",\""7\"",\""8\"",\""14\""]","[\""1\"",\""10\"",\""12\""]",1,39244,39244,0,2026-02-13 17:43:57,2026-02-13 17:43:57
654,1,"[\""1\"",\""2\"",\""3\"",\""4\"",\""5\"",\""6\"",\""7\"",\""8\"",\""9\"",\""10\"",\""11\"",\""12\"",\""13\"",\""14\""]","[\""1\"",\""2\"",\""3\"",\""4\"",\""5\"",\""6\"",\""7\"",\""8\"",\""9\"",\""10\"",\""11\"",\""12\"",\""13\"",\""14\"",\""15\""]",1,39245,39245,0,2026-02-13 17:52:26,2026-02-13 17:52:26
655,2,"[\""1\"",\""2\"",\""5\"",\""6\"",\""7\"",\""8\"",\""13\"",\""14\""]","[\""1\"",\""2\"",\""3\"",\""5\"",\""6\"",\""7\"",\""8\"",\""9\"",\""11\"",\""12\"",\""13\"",\""14\"",\""15\""]",1,39245,39245,0,2026-02-13 17:52:26,2026-02-13 17:52:26
656,3,"[\""1\"",\""2\"",\""5\"",\""6\"",\""7\"",\""8\"",\""14\""]","[\""1\"",\""2\"",\""3\"",\""5\"",\""9\"",\""12\"",\""13\"",\""14\""]",1,39245,39245,0,2026-02-13 17:52:26,2026-02-13 17:52:26
657,4,"[\""1\"",\""7\"",\""8\"",\""14\""]","[\""1\"",\""10\"",\""12\""]",1,39245,39245,0,2026-02-13 17:52:26,2026-02-13 17:52:26
658,1,"[\""1\"",\""2\"",\""3\"",\""4\"",\""5\"",\""6\"",\""7\"",\""8\"",\""9\"",\""10\"",\""11\"",\""12\"",\""13\"",\""14\""]","[\""1\"",\""2\"",\""3\"",\""4\"",\""5\"",\""6\"",\""7\"",\""8\"",\""9\"",\""10\"",\""11\"",\""12\"",\""13\"",\""14\"",\""15\""]",1,39246,39246,0,2026-02-13 17:54:32,2026-02-13 17:54:32
659,2,"[\""1\"",\""2\"",\""5\"",\""6\"",\""7\"",\""8\"",\""13\"",\""14\""]","[\""1\"",\""2\"",\""3\"",\""5\"",\""6\"",\""7\"",\""8\"",\""9\"",\""11\"",\""12\"",\""13\"",\""14\"",\""15\""]",1,39246,39246,0,2026-02-13 17:54:32,2026-02-13 17:54:32
660,3,"[\""1\"",\""2\"",\""5\"",\""6\"",\""7\"",\""8\"",\""14\""]","[\""1\"",\""2\"",\""3\"",\""5\"",\""9\"",\""12\"",\""13\"",\""14\""]",1,39246,39246,0,2026-02-13 17:54:32,2026-02-13 17:54:32
661,4,"[\""1\"",\""7\"",\""8\"",\""14\""]","[\""1\"",\""10\"",\""12\""]",1,39246,39246,0,2026-02-13 17:54:32,2026-02-13 17:54:32
662,1,"[\""1\"",\""2\"",\""3\"",\""4\"",\""5\"",\""6\"",\""7\"",\""8\"",\""9\"",\""10\"",\""11\"",\""12\"",\""13\"",\""14\""]","[\""1\"",\""2\"",\""3\"",\""4\"",\""5\"",\""6\"",\""7\"",\""8\"",\""9\"",\""10\"",\""11\"",\""12\"",\""13\"",\""14\"",\""15\""]",1,39247,39247,0,2026-02-13 18:00:26,2026-02-13 18:00:26
663,2,"[\""1\"",\""2\"",\""5\"",\""6\"",\""7\"",\""8\"",\""13\"",\""14\""]","[\""1\"",\""2\"",\""3\"",\""5\"",\""6\"",\""7\"",\""8\"",\""9\"",\""11\"",\""12\"",\""13\"",\""14\"",\""15\""]",1,39247,39247,0,2026-02-13 18:00:26,2026-02-13 18:00:26
664,3,"[\""1\"",\""2\"",\""5\"",\""6\"",\""7\"",\""8\"",\""14\""]","[\""1\"",\""2\"",\""3\"",\""5\"",\""9\"",\""12\"",\""13\"",\""14\""]",1,39247,39247,0,2026-02-13 18:00:26,2026-02-13 18:00:26
665,4,"[\""1\"",\""7\"",\""8\"",\""14\""]","[\""1\"",\""10\"",\""12\""]",1,39247,39247,0,2026-02-13 18:00:26,2026-02-13 18:00:26
666,1,"[\""1\"",\""2\"",\""3\"",\""4\"",\""5\"",\""6\"",\""7\"",\""8\"",\""9\"",\""10\"",\""11\"",\""12\"",\""13\"",\""14\""]","[\""1\"",\""2\"",\""3\"",\""4\"",\""5\"",\""6\"",\""7\"",\""8\"",\""9\"",\""10\"",\""11\"",\""12\"",\""13\"",\""14\"",\""15\""]",1,39248,39248,0,2026-02-13 18:19:36,2026-02-13 18:19:36
667,2,"[\""1\"",\""2\"",\""5\"",\""6\"",\""7\"",\""8\"",\""13\"",\""14\""]","[\""1\"",\""2\"",\""3\"",\""5\"",\""6\"",\""7\"",\""8\"",\""9\"",\""11\"",\""12\"",\""13\"",\""14\"",\""15\""]",1,39248,39248,0,2026-02-13 18:19:36,2026-02-13 18:19:36
668,3,"[\""1\"",\""2\"",\""5\"",\""6\"",\""7\"",\""8\"",\""14\""]","[\""1\"",\""2\"",\""3\"",\""5\"",\""9\"",\""12\"",\""13\"",\""14\""]",1,39248,39248,0,2026-02-13 18:19:36,2026-02-13 18:19:36
669,4,"[\""1\"",\""7\"",\""8\"",\""14\""]","[\""1\"",\""10\"",\""12\""]",1,39248,39248,0,2026-02-13 18:19:36,2026-02-13 18:19:36
670,1,"[\""1\"",\""2\"",\""3\"",\""4\"",\""5\"",\""6\"",\""7\"",\""8\"",\""9\"",\""10\"",\""11\"",\""12\"",\""13\"",\""14\""]","[\""1\"",\""2\"",\""3\"",\""4\"",\""5\"",\""6\"",\""7\"",\""8\"",\""9\"",\""10\"",\""11\"",\""12\"",\""13\"",\""14\"",\""15\""]",1,39249,39249,0,2026-02-13 18:26:31,2026-02-13 18:26:31
671,2,"[\""1\"",\""2\"",\""5\"",\""6\"",\""7\"",\""8\"",\""13\"",\""14\""]","[\""1\"",\""2\"",\""3\"",\""5\"",\""6\"",\""7\"",\""8\"",\""9\"",\""11\"",\""12\"",\""13\"",\""14\"",\""15\""]",1,39249,39249,0,2026-02-13 18:26:31,2026-02-13 18:26:31
672,3,"[\""1\"",\""2\"",\""5\"",\""6\"",\""7\"",\""8\"",\""14\""]","[\""1\"",\""2\"",\""3\"",\""5\"",\""9\"",\""12\"",\""13\"",\""14\""]",1,39249,39249,0,2026-02-13 18:26:31,2026-02-13 18:26:31
673,4,"[\""1\"",\""7\"",\""8\"",\""14\""]","[\""1\"",\""10\"",\""12\""]",1,39249,39249,0,2026-02-13 18:26:31,2026-02-13 18:26:31
674,1,"[\""1\"",\""2\"",\""3\"",\""4\"",\""5\"",\""6\"",\""7\"",\""8\"",\""9\"",\""10\"",\""11\"",\""12\"",\""13\"",\""14\""]","[\""1\"",\""2\"",\""3\"",\""4\"",\""5\"",\""6\"",\""7\"",\""8\"",\""9\"",\""10\"",\""11\"",\""12\"",\""13\"",\""14\"",\""15\""]",1,39250,39250,0,2026-02-13 18:28:16,2026-02-13 18:28:16
675,2,"[\""1\"",\""2\"",\""5\"",\""6\"",\""7\"",\""8\"",\""13\"",\""14\""]","[\""1\"",\""2\"",\""3\"",\""5\"",\""6\"",\""7\"",\""8\"",\""9\"",\""11\"",\""12\"",\""13\"",\""14\"",\""15\""]",1,39250,39250,0,2026-02-13 18:28:16,2026-02-13 18:28:16
676,3,"[\""1\"",\""2\"",\""5\"",\""6\"",\""7\"",\""8\"",\""14\""]","[\""1\"",\""2\"",\""3\"",\""5\"",\""9\"",\""12\"",\""13\"",\""14\""]",1,39250,39250,0,2026-02-13 18:28:16,2026-02-13 18:28:16
677,4,"[\""1\"",\""7\"",\""8\"",\""14\""]","[\""1\"",\""10\"",\""12\""]",1,39250,39250,0,2026-02-13 18:28:16,2026-02-13 18:28:16
678,1,"[\""1\"",\""2\"",\""3\"",\""4\"",\""5\"",\""6\"",\""7\"",\""8\"",\""9\"",\""10\"",\""11\"",\""12\"",\""13\"",\""14\""]","[\""1\"",\""2\"",\""3\"",\""4\"",\""5\"",\""6\"",\""7\"",\""8\"",\""9\"",\""10\"",\""11\"",\""12\"",\""13\"",\""14\"",\""15\""]",1,39251,39251,0,2026-02-13 18:32:49,2026-02-13 18:32:49
679,2,"[\""1\"",\""2\"",\""5\"",\""6\"",\""7\"",\""8\"",\""13\"",\""14\""]","[\""1\"",\""2\"",\""3\"",\""5\"",\""6\"",\""7\"",\""8\"",\""9\"",\""11\"",\""12\"",\""13\"",\""14\"",\""15\""]",1,39251,39251,0,2026-02-13 18:32:49,2026-02-13 18:32:49
680,3,"[\""1\"",\""2\"",\""5\"",\""6\"",\""7\"",\""8\"",\""14\""]","[\""1\"",\""2\"",\""3\"",\""5\"",\""9\"",\""12\"",\""13\"",\""14\""]",1,39251,39251,0,2026-02-13 18:32:49,2026-02-13 18:32:49
681,4,"[\""1\"",\""7\"",\""8\"",\""14\""]","[\""1\"",\""10\"",\""12\""]",1,39251,39251,0,2026-02-13 18:32:49,2026-02-13 18:32:49
682,1,"[\""1\"",\""2\"",\""3\"",\""4\"",\""5\"",\""6\"",\""7\"",\""8\"",\""9\"",\""10\"",\""11\"",\""12\"",\""13\"",\""14\""]","[\""1\"",\""2\"",\""3\"",\""4\"",\""5\"",\""6\"",\""7\"",\""8\"",\""9\"",\""10\"",\""11\"",\""12\"",\""13\"",\""14\"",\""15\""]",1,39252,39252,0,2026-02-13 18:49:35,2026-02-13 18:49:35
683,2,"[\""1\"",\""2\"",\""5\"",\""6\"",\""7\"",\""8\"",\""13\"",\""14\""]","[\""1\"",\""2\"",\""3\"",\""5\"",\""6\"",\""7\"",\""8\"",\""9\"",\""11\"",\""12\"",\""13\"",\""14\"",\""15\""]",1,39252,39252,0,2026-02-13 18:49:35,2026-02-13 18:49:35
684,3,"[\""1\"",\""2\"",\""5\"",\""6\"",\""7\"",\""8\"",\""14\""]","[\""1\"",\""2\"",\""3\"",\""5\"",\""9\"",\""12\"",\""13\"",\""14\""]",1,39252,39252,0,2026-02-13 18:49:35,2026-02-13 18:49:35
685,4,"[\""1\"",\""7\"",\""8\"",\""14\""]","[\""1\"",\""10\"",\""12\""]",1,39252,39252,0,2026-02-13 18:49:35,2026-02-13 18:49:35
686,1,"[\""1\"",\""2\"",\""3\"",\""4\"",\""5\"",\""6\"",\""7\"",\""8\"",\""9\"",\""10\"",\""11\"",\""12\"",\""13\"",\""14\""]","[\""1\"",\""2\"",\""3\"",\""4\"",\""5\"",\""6\"",\""7\"",\""8\"",\""9\"",\""10\"",\""11\"",\""12\"",\""13\"",\""14\"",\""15\""]",1,39253,39253,0,2026-02-13 18:54:48,2026-02-13 18:54:48
687,2,"[\""1\"",\""2\"",\""5\"",\""6\"",\""7\"",\""8\"",\""13\"",\""14\""]","[\""1\"",\""2\"",\""3\"",\""5\"",\""6\"",\""7\"",\""8\"",\""9\"",\""11\"",\""12\"",\""13\"",\""14\"",\""15\""]",1,39253,39253,0,2026-02-13 18:54:48,2026-02-13 18:54:48
688,3,"[\""1\"",\""2\"",\""5\"",\""6\"",\""7\"",\""8\"",\""14\""]","[\""1\"",\""2\"",\""3\"",\""5\"",\""9\"",\""12\"",\""13\"",\""14\""]",1,39253,39253,0,2026-02-13 18:54:48,2026-02-13 18:54:48
689,4,"[\""1\"",\""7\"",\""8\"",\""14\""]","[\""1\"",\""10\"",\""12\""]",1,39253,39253,0,2026-02-13 18:54:48,2026-02-13 18:54:48
690,1,"[\""1\"",\""2\"",\""3\"",\""4\"",\""5\"",\""6\"",\""7\"",\""8\"",\""9\"",\""10\"",\""11\"",\""12\"",\""13\"",\""14\""]","[\""1\"",\""2\"",\""3\"",\""4\"",\""5\"",\""6\"",\""7\"",\""8\"",\""9\"",\""10\"",\""11\"",\""12\"",\""13\"",\""14\"",\""15\""]",1,39254,39254,0,2026-02-13 19:05:56,2026-02-13 19:05:56
691,2,"[\""1\"",\""2\"",\""5\"",\""6\"",\""7\"",\""8\"",\""13\"",\""14\""]","[\""1\"",\""2\"",\""3\"",\""5\"",\""6\"",\""7\"",\""8\"",\""9\"",\""11\"",\""12\"",\""13\"",\""14\"",\""15\""]",1,39254,39254,0,2026-02-13 19:05:56,2026-02-13 19:05:56
692,3,"[\""1\"",\""2\"",\""5\"",\""6\"",\""7\"",\""8\"",\""14\""]","[\""1\"",\""2\"",\""3\"",\""5\"",\""9\"",\""12\"",\""13\"",\""14\""]",1,39254,39254,0,2026-02-13 19:05:56,2026-02-13 19:05:56
693,4,"[\""1\"",\""7\"",\""8\"",\""14\""]","[\""1\"",\""10\"",\""12\""]",1,39254,39254,0,2026-02-13 19:05:56,2026-02-13 19:05:56
694,1,"[\""1\"",\""2\"",\""3\"",\""4\"",\""5\"",\""6\"",\""7\"",\""8\"",\""9\"",\""10\"",\""11\"",\""12\"",\""13\"",\""14\""]","[\""1\"",\""2\"",\""3\"",\""4\"",\""5\"",\""6\"",\""7\"",\""8\"",\""9\"",\""10\"",\""11\"",\""12\"",\""13\"",\""14\"",\""15\""]",1,39255,39255,0,2026-02-14 11:04:01,2026-02-14 11:04:01
695,2,"[\""1\"",\""2\"",\""5\"",\""6\"",\""7\"",\""8\"",\""13\"",\""14\""]","[\""1\"",\""2\"",\""3\"",\""5\"",\""6\"",\""7\"",\""8\"",\""9\"",\""11\"",\""12\"",\""13\"",\""14\"",\""15\""]",1,39255,39255,0,2026-02-14 11:04:01,2026-02-14 11:04:01
696,3,"[\""1\"",\""2\"",\""5\"",\""6\"",\""7\"",\""8\"",\""14\""]","[\""1\"",\""2\"",\""3\"",\""5\"",\""9\"",\""12\"",\""13\"",\""14\""]",1,39255,39255,0,2026-02-14 11:04:01,2026-02-14 11:04:01
697,4,"[\""1\"",\""7\"",\""8\"",\""14\""]","[\""1\"",\""10\"",\""12\""]",1,39255,39255,0,2026-02-14 11:04:01,2026-02-14 11:04:01
698,1,"[\""1\"",\""2\"",\""3\"",\""4\"",\""5\"",\""6\"",\""7\"",\""8\"",\""9\"",\""10\"",\""11\"",\""12\"",\""13\"",\""14\""]","[\""1\"",\""2\"",\""3\"",\""4\"",\""5\"",\""6\"",\""7\"",\""8\"",\""9\"",\""10\"",\""11\"",\""12\"",\""13\"",\""14\"",\""15\""]",1,39257,39257,0,2026-02-14 13:37:11,2026-02-14 13:37:11
699,2,"[\""1\"",\""2\"",\""5\"",\""6\"",\""7\"",\""8\"",\""13\"",\""14\""]","[\""1\"",\""2\"",\""3\"",\""5\"",\""6\"",\""7\"",\""8\"",\""9\"",\""11\"",\""12\"",\""13\"",\""14\"",\""15\""]",1,39257,39257,0,2026-02-14 13:37:11,2026-02-14 13:37:11
700,3,"[\""1\"",\""2\"",\""5\"",\""6\"",\""7\"",\""8\"",\""14\""]","[\""1\"",\""2\"",\""3\"",\""5\"",\""9\"",\""12\"",\""13\"",\""14\""]",1,39257,39257,0,2026-02-14 13:37:11,2026-02-14 13:37:11
701,4,"[\""1\"",\""7\"",\""8\"",\""14\""]","[\""1\"",\""10\"",\""12\""]",1,39257,39257,0,2026-02-14 13:37:11,2026-02-14 13:37:11
702,1,"[\""1\"",\""2\"",\""3\"",\""4\"",\""5\"",\""6\"",\""7\"",\""8\"",\""9\"",\""10\"",\""11\"",\""12\"",\""13\"",\""14\""]","[\""1\"",\""2\"",\""3\"",\""4\"",\""5\"",\""6\"",\""7\"",\""8\"",\""9\"",\""10\"",\""11\"",\""12\"",\""13\"",\""14\"",\""15\""]",1,39258,39258,0,2026-02-14 13:40:01,2026-02-14 13:40:01
703,2,"[\""1\"",\""2\"",\""5\"",\""6\"",\""7\"",\""8\"",\""13\"",\""14\""]","[\""1\"",\""2\"",\""3\"",\""5\"",\""6\"",\""7\"",\""8\"",\""9\"",\""11\"",\""12\"",\""13\"",\""14\"",\""15\""]",1,39258,39258,0,2026-02-14 13:40:01,2026-02-14 13:40:01
704,3,"[\""1\"",\""2\"",\""5\"",\""6\"",\""7\"",\""8\"",\""14\""]","[\""1\"",\""2\"",\""3\"",\""5\"",\""9\"",\""12\"",\""13\"",\""14\""]",1,39258,39258,0,2026-02-14 13:40:01,2026-02-14 13:40:01
705,4,"[\""1\"",\""7\"",\""8\"",\""14\""]","[\""1\"",\""10\"",\""12\""]",1,39258,39258,0,2026-02-14 13:40:01,2026-02-14 13:40:01
706,1,"[\""1\"",\""2\"",\""3\"",\""4\"",\""5\"",\""6\"",\""7\"",\""8\"",\""9\"",\""10\"",\""11\"",\""12\"",\""13\"",\""14\""]","[\""1\"",\""2\"",\""3\"",\""4\"",\""5\"",\""6\"",\""7\"",\""8\"",\""9\"",\""10\"",\""11\"",\""12\"",\""13\"",\""14\"",\""15\""]",1,39259,39259,0,2026-02-14 14:30:04,2026-02-14 14:30:04
707,2,"[\""1\"",\""2\"",\""5\"",\""6\"",\""7\"",\""8\"",\""13\"",\""14\""]","[\""1\"",\""2\"",\""3\"",\""5\"",\""6\"",\""7\"",\""8\"",\""9\"",\""11\"",\""12\"",\""13\"",\""14\"",\""15\""]",1,39259,39259,0,2026-02-14 14:30:04,2026-02-14 14:30:04
708,3,"[\""1\"",\""2\"",\""5\"",\""6\"",\""7\"",\""8\"",\""14\""]","[\""1\"",\""2\"",\""3\"",\""5\"",\""9\"",\""12\"",\""13\"",\""14\""]",1,39259,39259,0,2026-02-14 14:30:04,2026-02-14 14:30:04
709,4,"[\""1\"",\""7\"",\""8\"",\""14\""]","[\""1\"",\""10\"",\""12\""]",1,39259,39259,0,2026-02-14 14:30:04,2026-02-14 14:30:04
710,1,"[\""1\"",\""2\"",\""3\"",\""4\"",\""5\"",\""6\"",\""7\"",\""8\"",\""9\"",\""10\"",\""11\"",\""12\"",\""13\"",\""14\""]","[\""1\"",\""2\"",\""3\"",\""4\"",\""5\"",\""6\"",\""7\"",\""8\"",\""9\"",\""10\"",\""11\"",\""12\"",\""13\"",\""14\"",\""15\""]",1,39260,39260,0,2026-02-14 14:43:50,2026-02-14 14:43:50
711,2,"[\""1\"",\""2\"",\""5\"",\""6\"",\""7\"",\""8\"",\""13\"",\""14\""]","[\""1\"",\""2\"",\""3\"",\""5\"",\""6\"",\""7\"",\""8\"",\""9\"",\""11\"",\""12\"",\""13\"",\""14\"",\""15\""]",1,39260,39260,0,2026-02-14 14:43:50,2026-02-14 14:43:50
712,3,"[\""1\"",\""2\"",\""5\"",\""6\"",\""7\"",\""8\"",\""14\""]","[\""1\"",\""2\"",\""3\"",\""5\"",\""9\"",\""12\"",\""13\"",\""14\""]",1,39260,39260,0,2026-02-14 14:43:50,2026-02-14 14:43:50
713,4,"[\""1\"",\""7\"",\""8\"",\""14\""]","[\""1\"",\""10\"",\""12\""]",1,39260,39260,0,2026-02-14 14:43:50,2026-02-14 14:43:50
714,1,"[\""1\"",\""2\"",\""3\"",\""4\"",\""5\"",\""6\"",\""7\"",\""8\"",\""9\"",\""10\"",\""11\"",\""12\"",\""13\"",\""14\""]","[\""1\"",\""2\"",\""3\"",\""4\"",\""5\"",\""6\"",\""7\"",\""8\"",\""9\"",\""10\"",\""11\"",\""12\"",\""13\"",\""14\"",\""15\""]",1,39261,39261,0,2026-02-14 15:16:03,2026-02-14 15:16:03
715,2,"[\""1\"",\""2\"",\""5\"",\""6\"",\""7\"",\""8\"",\""13\"",\""14\""]","[\""1\"",\""2\"",\""3\"",\""5\"",\""6\"",\""7\"",\""8\"",\""9\"",\""11\"",\""12\"",\""13\"",\""14\"",\""15\""]",1,39261,39261,0,2026-02-14 15:16:03,2026-02-14 15:16:03
716,3,"[\""1\"",\""2\"",\""5\"",\""6\"",\""7\"",\""8\"",\""14\""]","[\""1\"",\""2\"",\""3\"",\""5\"",\""9\"",\""12\"",\""13\"",\""14\""]",1,39261,39261,0,2026-02-14 15:16:03,2026-02-14 15:16:03
717,4,"[\""1\"",\""7\"",\""8\"",\""14\""]","[\""1\"",\""10\"",\""12\""]",1,39261,39261,0,2026-02-14 15:16:03,2026-02-14 15:16:03
718,1,"[\""1\"",\""2\"",\""3\"",\""4\"",\""5\"",\""6\"",\""7\"",\""8\"",\""9\"",\""10\"",\""11\"",\""12\"",\""13\"",\""14\""]","[\""1\"",\""2\"",\""3\"",\""4\"",\""5\"",\""6\"",\""7\"",\""8\"",\""9\"",\""10\"",\""11\"",\""12\"",\""13\"",\""14\"",\""15\""]",1,39263,39263,0,2026-02-14 15:34:07,2026-02-14 15:34:07
719,2,"[\""1\"",\""2\"",\""5\"",\""6\"",\""7\"",\""8\"",\""13\"",\""14\""]","[\""1\"",\""2\"",\""3\"",\""5\"",\""6\"",\""7\"",\""8\"",\""9\"",\""11\"",\""12\"",\""13\"",\""14\"",\""15\""]",1,39263,39263,0,2026-02-14 15:34:07,2026-02-14 15:34:07
720,3,"[\""1\"",\""2\"",\""5\"",\""6\"",\""7\"",\""8\"",\""14\""]","[\""1\"",\""2\"",\""3\"",\""5\"",\""9\"",\""12\"",\""13\"",\""14\""]",1,39263,39263,0,2026-02-14 15:34:07,2026-02-14 15:34:07
721,4,"[\""1\"",\""7\"",\""8\"",\""14\""]","[\""1\"",\""10\"",\""12\""]",1,39263,39263,0,2026-02-14 15:34:07,2026-02-14 15:34:07
722,1,"[\""1\"",\""2\"",\""3\"",\""4\"",\""5\"",\""6\"",\""7\"",\""8\"",\""9\"",\""10\"",\""11\"",\""12\"",\""13\"",\""14\""]","[\""1\"",\""2\"",\""3\"",\""4\"",\""5\"",\""6\"",\""7\"",\""8\"",\""9\"",\""10\"",\""11\"",\""12\"",\""13\"",\""14\"",\""15\""]",1,39264,39264,0,2026-02-14 15:40:06,2026-02-14 15:40:06
723,2,"[\""1\"",\""2\"",\""5\"",\""6\"",\""7\"",\""8\"",\""13\"",\""14\""]","[\""1\"",\""2\"",\""3\"",\""5\"",\""6\"",\""7\"",\""8\"",\""9\"",\""11\"",\""12\"",\""13\"",\""14\"",\""15\""]",1,39264,39264,0,2026-02-14 15:40:06,2026-02-14 15:40:06
724,3,"[\""1\"",\""2\"",\""5\"",\""6\"",\""7\"",\""8\"",\""14\""]","[\""1\"",\""2\"",\""3\"",\""5\"",\""9\"",\""12\"",\""13\"",\""14\""]",1,39264,39264,0,2026-02-14 15:40:06,2026-02-14 15:40:06
725,4,"[\""1\"",\""7\"",\""8\"",\""14\""]","[\""1\"",\""10\"",\""12\""]",1,39264,39264,0,2026-02-14 15:40:06,2026-02-14 15:40:06
726,1,"[\""1\"",\""2\"",\""3\"",\""4\"",\""5\"",\""6\"",\""7\"",\""8\"",\""9\"",\""10\"",\""11\"",\""12\"",\""13\"",\""14\""]","[\""1\"",\""2\"",\""3\"",\""4\"",\""5\"",\""6\"",\""7\"",\""8\"",\""9\"",\""10\"",\""11\"",\""12\"",\""13\"",\""14\"",\""15\""]",1,39265,39265,0,2026-02-14 15:46:00,2026-02-14 15:46:00
727,2,"[\""1\"",\""2\"",\""5\"",\""6\"",\""7\"",\""8\"",\""13\"",\""14\""]","[\""1\"",\""2\"",\""3\"",\""5\"",\""6\"",\""7\"",\""8\"",\""9\"",\""11\"",\""12\"",\""13\"",\""14\"",\""15\""]",1,39265,39265,0,2026-02-14 15:46:00,2026-02-14 15:46:00
728,3,"[\""1\"",\""2\"",\""5\"",\""6\"",\""7\"",\""8\"",\""14\""]","[\""1\"",\""2\"",\""3\"",\""5\"",\""9\"",\""12\"",\""13\"",\""14\""]",1,39265,39265,0,2026-02-14 15:46:00,2026-02-14 15:46:00
729,4,"[\""1\"",\""7\"",\""8\"",\""14\""]","[\""1\"",\""10\"",\""12\""]",1,39265,39265,0,2026-02-14 15:46:00,2026-02-14 15:46:00
730,1,"[\""1\"",\""2\"",\""3\"",\""4\"",\""5\"",\""6\"",\""7\"",\""8\"",\""9\"",\""10\"",\""11\"",\""12\"",\""13\"",\""14\""]","[\""1\"",\""2\"",\""3\"",\""4\"",\""5\"",\""6\"",\""7\"",\""8\"",\""9\"",\""10\"",\""11\"",\""12\"",\""13\"",\""14\"",\""15\""]",1,39267,39267,0,2026-02-14 16:13:18,2026-02-14 16:13:18
731,2,"[\""1\"",\""2\"",\""5\"",\""6\"",\""7\"",\""8\"",\""13\"",\""14\""]","[\""1\"",\""2\"",\""3\"",\""5\"",\""6\"",\""7\"",\""8\"",\""9\"",\""11\"",\""12\"",\""13\"",\""14\"",\""15\""]",1,39267,39267,0,2026-02-14 16:13:18,2026-02-14 16:13:18
732,3,"[\""1\"",\""2\"",\""5\"",\""6\"",\""7\"",\""8\"",\""14\""]","[\""1\"",\""2\"",\""3\"",\""5\"",\""9\"",\""12\"",\""13\"",\""14\""]",1,39267,39267,0,2026-02-14 16:13:18,2026-02-14 16:13:18
733,4,"[\""1\"",\""7\"",\""8\"",\""14\""]","[\""1\"",\""10\"",\""12\""]",1,39267,39267,0,2026-02-14 16:13:18,2026-02-14 16:13:18
734,1,"[\""1\"",\""2\"",\""3\"",\""4\"",\""5\"",\""6\"",\""7\"",\""8\"",\""9\"",\""10\"",\""11\"",\""12\"",\""13\"",\""14\""]","[\""1\"",\""2\"",\""3\"",\""4\"",\""5\"",\""6\"",\""7\"",\""8\"",\""9\"",\""10\"",\""11\"",\""12\"",\""13\"",\""14\"",\""15\""]",1,39269,39269,0,2026-02-14 16:34:40,2026-02-14 16:34:40
735,2,"[\""1\"",\""2\"",\""5\"",\""6\"",\""7\"",\""8\"",\""13\"",\""14\""]","[\""1\"",\""2\"",\""3\"",\""5\"",\""6\"",\""7\"",\""8\"",\""9\"",\""11\"",\""12\"",\""13\"",\""14\"",\""15\""]",1,39269,39269,0,2026-02-14 16:34:40,2026-02-14 16:34:40
736,3,"[\""1\"",\""2\"",\""5\"",\""6\"",\""7\"",\""8\"",\""14\""]","[\""1\"",\""2\"",\""3\"",\""5\"",\""9\"",\""12\"",\""13\"",\""14\""]",1,39269,39269,0,2026-02-14 16:34:40,2026-02-14 16:34:40
737,4,"[\""1\"",\""7\"",\""8\"",\""14\""]","[\""1\"",\""10\"",\""12\""]",1,39269,39269,0,2026-02-14 16:34:40,2026-02-14 16:34:40
738,1,"[\""1\"",\""2\"",\""3\"",\""4\"",\""5\"",\""6\"",\""7\"",\""8\"",\""9\"",\""10\"",\""11\"",\""12\"",\""13\"",\""14\""]","[\""1\"",\""2\"",\""3\"",\""4\"",\""5\"",\""6\"",\""7\"",\""8\"",\""9\"",\""10\"",\""11\"",\""12\"",\""13\"",\""14\"",\""15\""]",1,39270,39270,0,2026-02-14 17:07:36,2026-02-14 17:07:36
739,2,"[\""1\"",\""2\"",\""5\"",\""6\"",\""7\"",\""8\"",\""13\"",\""14\""]","[\""1\"",\""2\"",\""3\"",\""5\"",\""6\"",\""7\"",\""8\"",\""9\"",\""11\"",\""12\"",\""13\"",\""14\"",\""15\""]",1,39270,39270,0,2026-02-14 17:07:36,2026-02-14 17:07:36
740,3,"[\""1\"",\""2\"",\""5\"",\""6\"",\""7\"",\""8\"",\""14\""]","[\""1\"",\""2\"",\""3\"",\""5\"",\""9\"",\""12\"",\""13\"",\""14\""]",1,39270,39270,0,2026-02-14 17:07:36,2026-02-14 17:07:36
741,4,"[\""1\"",\""7\"",\""8\"",\""14\""]","[\""1\"",\""10\"",\""12\""]",1,39270,39270,0,2026-02-14 17:07:36,2026-02-14 17:07:36
742,1,"[\""1\"",\""2\"",\""3\"",\""4\"",\""5\"",\""6\"",\""7\"",\""8\"",\""9\"",\""10\"",\""11\"",\""12\"",\""13\"",\""14\""]","[\""1\"",\""2\"",\""3\"",\""4\"",\""5\"",\""6\"",\""7\"",\""8\"",\""9\"",\""10\"",\""11\"",\""12\"",\""13\"",\""14\"",\""15\""]",1,39271,39271,0,2026-02-14 17:10:09,2026-02-14 17:10:09
743,2,"[\""1\"",\""2\"",\""5\"",\""6\"",\""7\"",\""8\"",\""13\"",\""14\""]","[\""1\"",\""2\"",\""3\"",\""5\"",\""6\"",\""7\"",\""8\"",\""9\"",\""11\"",\""12\"",\""13\"",\""14\"",\""15\""]",1,39271,39271,0,2026-02-14 17:10:09,2026-02-14 17:10:09
744,3,"[\""1\"",\""2\"",\""5\"",\""6\"",\""7\"",\""8\"",\""14\""]","[\""1\"",\""2\"",\""3\"",\""5\"",\""9\"",\""12\"",\""13\"",\""14\""]",1,39271,39271,0,2026-02-14 17:10:09,2026-02-14 17:10:09
745,4,"[\""1\"",\""7\"",\""8\"",\""14\""]","[\""1\"",\""10\"",\""12\""]",1,39271,39271,0,2026-02-14 17:10:09,2026-02-14 17:10:09
746,1,"[\""1\"",\""2\"",\""3\"",\""4\"",\""5\"",\""6\"",\""7\"",\""8\"",\""9\"",\""10\"",\""11\"",\""12\"",\""13\"",\""14\""]","[\""1\"",\""2\"",\""3\"",\""4\"",\""5\"",\""6\"",\""7\"",\""8\"",\""9\"",\""10\"",\""11\"",\""12\"",\""13\"",\""14\"",\""15\""]",1,39273,39273,0,2026-02-14 17:43:24,2026-02-14 17:43:24
747,2,"[\""1\"",\""2\"",\""5\"",\""6\"",\""7\"",\""8\"",\""13\"",\""14\""]","[\""1\"",\""2\"",\""3\"",\""5\"",\""6\"",\""7\"",\""8\"",\""9\"",\""11\"",\""12\"",\""13\"",\""14\"",\""15\""]",1,39273,39273,0,2026-02-14 17:43:24,2026-02-14 17:43:24
748,3,"[\""1\"",\""2\"",\""5\"",\""6\"",\""7\"",\""8\"",\""14\""]","[\""1\"",\""2\"",\""3\"",\""5\"",\""9\"",\""12\"",\""13\"",\""14\""]",1,39273,39273,0,2026-02-14 17:43:24,2026-02-14 17:43:24
749,4,"[\""1\"",\""7\"",\""8\"",\""14\""]","[\""1\"",\""10\"",\""12\""]",1,39273,39273,0,2026-02-14 17:43:24,2026-02-14 17:43:24
750,1,"[\""1\"",\""2\"",\""3\"",\""4\"",\""5\"",\""6\"",\""7\"",\""8\"",\""9\"",\""10\"",\""11\"",\""12\"",\""13\"",\""14\""]","[\""1\"",\""2\"",\""3\"",\""4\"",\""5\"",\""6\"",\""7\"",\""8\"",\""9\"",\""10\"",\""11\"",\""12\"",\""13\"",\""14\"",\""15\""]",1,39275,39275,0,2026-02-16 11:20:52,2026-02-16 11:20:52
751,2,"[\""1\"",\""2\"",\""5\"",\""6\"",\""7\"",\""8\"",\""13\"",\""14\""]","[\""1\"",\""2\"",\""3\"",\""5\"",\""6\"",\""7\"",\""8\"",\""9\"",\""11\"",\""12\"",\""13\"",\""14\"",\""15\""]",1,39275,39275,0,2026-02-16 11:20:52,2026-02-16 11:20:52
752,3,"[\""1\"",\""2\"",\""5\"",\""6\"",\""7\"",\""8\"",\""14\""]","[\""1\"",\""2\"",\""3\"",\""5\"",\""9\"",\""12\"",\""13\"",\""14\""]",1,39275,39275,0,2026-02-16 11:20:52,2026-02-16 11:20:52
753,4,"[\""1\"",\""7\"",\""8\"",\""14\""]","[\""1\"",\""10\"",\""12\""]",1,39275,39275,0,2026-02-16 11:20:52,2026-02-16 11:20:52
754,1,"[\""1\"",\""2\"",\""3\"",\""4\"",\""5\"",\""6\"",\""7\"",\""8\"",\""9\"",\""10\"",\""11\"",\""12\"",\""13\"",\""14\""]","[\""1\"",\""2\"",\""3\"",\""4\"",\""5\"",\""6\"",\""7\"",\""8\"",\""9\"",\""10\"",\""11\"",\""12\"",\""13\"",\""14\"",\""15\""]",1,39274,39274,0,2026-02-16 11:20:54,2026-02-16 11:20:54
755,2,"[\""1\"",\""2\"",\""5\"",\""6\"",\""7\"",\""8\"",\""13\"",\""14\""]","[\""1\"",\""2\"",\""3\"",\""5\"",\""6\"",\""7\"",\""8\"",\""9\"",\""11\"",\""12\"",\""13\"",\""14\"",\""15\""]",1,39274,39274,0,2026-02-16 11:20:54,2026-02-16 11:20:54
756,3,"[\""1\"",\""2\"",\""5\"",\""6\"",\""7\"",\""8\"",\""14\""]","[\""1\"",\""2\"",\""3\"",\""5\"",\""9\"",\""12\"",\""13\"",\""14\""]",1,39274,39274,0,2026-02-16 11:20:54,2026-02-16 11:20:54
757,4,"[\""1\"",\""7\"",\""8\"",\""14\""]","[\""1\"",\""10\"",\""12\""]",1,39274,39274,0,2026-02-16 11:20:54,2026-02-16 11:20:54
758,1,"[\""1\"",\""2\"",\""3\"",\""4\"",\""5\"",\""6\"",\""7\"",\""8\"",\""9\"",\""10\"",\""11\"",\""12\"",\""13\"",\""14\""]","[\""1\"",\""2\"",\""3\"",\""4\"",\""5\"",\""6\"",\""7\"",\""8\"",\""9\"",\""10\"",\""11\"",\""12\"",\""13\"",\""14\"",\""15\""]",1,39276,39276,0,2026-02-16 11:36:34,2026-02-16 11:36:34
759,2,"[\""1\"",\""2\"",\""5\"",\""6\"",\""7\"",\""8\"",\""13\"",\""14\""]","[\""1\"",\""2\"",\""3\"",\""5\"",\""6\"",\""7\"",\""8\"",\""9\"",\""11\"",\""12\"",\""13\"",\""14\"",\""15\""]",1,39276,39276,0,2026-02-16 11:36:34,2026-02-16 11:36:34
760,3,"[\""1\"",\""2\"",\""5\"",\""6\"",\""7\"",\""8\"",\""14\""]","[\""1\"",\""2\"",\""3\"",\""5\"",\""9\"",\""12\"",\""13\"",\""14\""]",1,39276,39276,0,2026-02-16 11:36:34,2026-02-16 11:36:34
761,4,"[\""1\"",\""7\"",\""8\"",\""14\""]","[\""1\"",\""10\"",\""12\""]",1,39276,39276,0,2026-02-16 11:36:34,2026-02-16 11:36:34
762,1,"[\""1\"",\""2\"",\""3\"",\""4\"",\""5\"",\""6\"",\""7\"",\""8\"",\""9\"",\""10\"",\""11\"",\""12\"",\""13\"",\""14\""]","[\""1\"",\""2\"",\""3\"",\""4\"",\""5\"",\""6\"",\""7\"",\""8\"",\""9\"",\""10\"",\""11\"",\""12\"",\""13\"",\""14\"",\""15\""]",1,39277,39277,0,2026-02-16 15:38:20,2026-02-16 15:38:20
763,2,"[\""1\"",\""2\"",\""5\"",\""6\"",\""7\"",\""8\"",\""13\"",\""14\""]","[\""1\"",\""2\"",\""3\"",\""5\"",\""6\"",\""7\"",\""8\"",\""9\"",\""11\"",\""12\"",\""13\"",\""14\"",\""15\""]",1,39277,39277,0,2026-02-16 15:38:20,2026-02-16 15:38:20
764,3,"[\""1\"",\""2\"",\""5\"",\""6\"",\""7\"",\""8\"",\""14\""]","[\""1\"",\""2\"",\""3\"",\""5\"",\""9\"",\""12\"",\""13\"",\""14\""]",1,39277,39277,0,2026-02-16 15:38:20,2026-02-16 15:38:20
765,4,"[\""1\"",\""7\"",\""8\"",\""14\""]","[\""1\"",\""10\"",\""12\""]",1,39277,39277,0,2026-02-16 15:38:20,2026-02-16 15:38:20
766,1,"[\""1\"",\""2\"",\""3\"",\""4\"",\""5\"",\""6\"",\""7\"",\""8\"",\""9\"",\""10\"",\""11\"",\""12\"",\""13\"",\""14\""]","[\""1\"",\""2\"",\""3\"",\""4\"",\""5\"",\""6\"",\""7\"",\""8\"",\""9\"",\""10\"",\""11\"",\""12\"",\""13\"",\""14\"",\""15\""]",1,39278,39278,0,2026-02-16 16:01:18,2026-02-16 16:01:18
767,2,"[\""1\"",\""2\"",\""5\"",\""6\"",\""7\"",\""8\"",\""13\"",\""14\""]","[\""1\"",\""2\"",\""3\"",\""5\"",\""6\"",\""7\"",\""8\"",\""9\"",\""11\"",\""12\"",\""13\"",\""14\"",\""15\""]",1,39278,39278,0,2026-02-16 16:01:18,2026-02-16 16:01:18
768,3,"[\""1\"",\""2\"",\""5\"",\""6\"",\""7\"",\""8\"",\""14\""]","[\""1\"",\""2\"",\""3\"",\""5\"",\""9\"",\""12\"",\""13\"",\""14\""]",1,39278,39278,0,2026-02-16 16:01:18,2026-02-16 16:01:18
769,4,"[\""1\"",\""7\"",\""8\"",\""14\""]","[\""1\"",\""10\"",\""12\""]",1,39278,39278,0,2026-02-16 16:01:18,2026-02-16 16:01:18
770,1,"[\""1\"",\""2\"",\""3\"",\""4\"",\""5\"",\""6\"",\""7\"",\""8\"",\""9\"",\""10\"",\""11\"",\""12\"",\""13\"",\""14\""]","[\""1\"",\""2\"",\""3\"",\""4\"",\""5\"",\""6\"",\""7\"",\""8\"",\""9\"",\""10\"",\""11\"",\""12\"",\""13\"",\""14\"",\""15\""]",1,39279,39279,0,2026-02-17 10:43:45,2026-02-17 10:43:45
771,2,"[\""1\"",\""2\"",\""5\"",\""6\"",\""7\"",\""8\"",\""13\"",\""14\""]","[\""1\"",\""2\"",\""3\"",\""5\"",\""6\"",\""7\"",\""8\"",\""9\"",\""11\"",\""12\"",\""13\"",\""14\"",\""15\""]",1,39279,39279,0,2026-02-17 10:43:45,2026-02-17 10:43:45
772,3,"[\""1\"",\""2\"",\""5\"",\""6\"",\""7\"",\""8\"",\""14\""]","[\""1\"",\""2\"",\""3\"",\""5\"",\""9\"",\""12\"",\""13\"",\""14\""]",1,39279,39279,0,2026-02-17 10:43:45,2026-02-17 10:43:45
773,4,"[\""1\"",\""7\"",\""8\"",\""14\""]","[\""1\"",\""10\"",\""12\""]",1,39279,39279,0,2026-02-17 10:43:45,2026-02-17 10:43:45
774,1,"[\""1\"",\""2\"",\""3\"",\""4\"",\""5\"",\""6\"",\""7\"",\""8\"",\""9\"",\""10\"",\""11\"",\""12\"",\""13\"",\""14\""]","[\""1\"",\""2\"",\""3\"",\""4\"",\""5\"",\""6\"",\""7\"",\""8\"",\""9\"",\""10\"",\""11\"",\""12\"",\""13\"",\""14\"",\""15\""]",1,39280,39280,0,2026-02-17 16:35:02,2026-02-17 16:35:02
775,2,"[\""1\"",\""2\"",\""5\"",\""6\"",\""7\"",\""8\"",\""13\"",\""14\""]","[\""1\"",\""2\"",\""3\"",\""5\"",\""6\"",\""7\"",\""8\"",\""9\"",\""11\"",\""12\"",\""13\"",\""14\"",\""15\""]",1,39280,39280,0,2026-02-17 16:35:02,2026-02-17 16:35:02
776,3,"[\""1\"",\""2\"",\""5\"",\""6\"",\""7\"",\""8\"",\""14\""]","[\""1\"",\""2\"",\""3\"",\""5\"",\""9\"",\""12\"",\""13\"",\""14\""]",1,39280,39280,0,2026-02-17 16:35:02,2026-02-17 16:35:02
777,4,"[\""1\"",\""7\"",\""8\"",\""14\""]","[\""1\"",\""10\"",\""12\""]",1,39280,39280,0,2026-02-17 16:35:02,2026-02-17 16:35:02
778,1,"[\""1\"",\""2\"",\""3\"",\""4\"",\""5\"",\""6\"",\""7\"",\""8\"",\""9\"",\""10\"",\""11\"",\""12\"",\""13\"",\""14\""]","[\""1\"",\""2\"",\""3\"",\""4\"",\""5\"",\""6\"",\""7\"",\""8\"",\""9\"",\""10\"",\""11\"",\""12\"",\""13\"",\""14\"",\""15\""]",1,39281,39281,0,2026-02-17 16:35:09,2026-02-17 16:35:09
779,2,"[\""1\"",\""2\"",\""5\"",\""6\"",\""7\"",\""8\"",\""13\"",\""14\""]","[\""1\"",\""2\"",\""3\"",\""5\"",\""6\"",\""7\"",\""8\"",\""9\"",\""11\"",\""12\"",\""13\"",\""14\"",\""15\""]",1,39281,39281,0,2026-02-17 16:35:09,2026-02-17 16:35:09
780,3,"[\""1\"",\""2\"",\""5\"",\""6\"",\""7\"",\""8\"",\""14\""]","[\""1\"",\""2\"",\""3\"",\""5\"",\""9\"",\""12\"",\""13\"",\""14\""]",1,39281,39281,0,2026-02-17 16:35:09,2026-02-17 16:35:09
781,4,"[\""1\"",\""7\"",\""8\"",\""14\""]","[\""1\"",\""10\"",\""12\""]",1,39281,39281,0,2026-02-17 16:35:09,2026-02-17 16:35:09
782,1,"[\""1\"",\""2\"",\""3\"",\""4\"",\""5\"",\""6\"",\""7\"",\""8\"",\""9\"",\""10\"",\""11\"",\""12\"",\""13\"",\""14\""]","[\""1\"",\""2\"",\""3\"",\""4\"",\""5\"",\""6\"",\""7\"",\""8\"",\""9\"",\""10\"",\""11\"",\""12\"",\""13\"",\""14\"",\""15\""]",1,39282,39282,0,2026-02-17 16:35:30,2026-02-17 16:35:30
783,2,"[\""1\"",\""2\"",\""5\"",\""6\"",\""7\"",\""8\"",\""13\"",\""14\""]","[\""1\"",\""2\"",\""3\"",\""5\"",\""6\"",\""7\"",\""8\"",\""9\"",\""11\"",\""12\"",\""13\"",\""14\"",\""15\""]",1,39282,39282,0,2026-02-17 16:35:30,2026-02-17 16:35:30
784,3,"[\""1\"",\""2\"",\""5\"",\""6\"",\""7\"",\""8\"",\""14\""]","[\""1\"",\""2\"",\""3\"",\""5\"",\""9\"",\""12\"",\""13\"",\""14\""]",1,39282,39282,0,2026-02-17 16:35:30,2026-02-17 16:35:30
785,4,"[\""1\"",\""7\"",\""8\"",\""14\""]","[\""1\"",\""10\"",\""12\""]",1,39282,39282,0,2026-02-17 16:35:30,2026-02-17 16:35:30
786,1,"[\""1\"",\""2\"",\""3\"",\""4\"",\""5\"",\""6\"",\""7\"",\""8\"",\""9\"",\""10\"",\""11\"",\""12\"",\""13\"",\""14\""]","[\""1\"",\""2\"",\""3\"",\""4\"",\""5\"",\""6\"",\""7\"",\""8\"",\""9\"",\""10\"",\""11\"",\""12\"",\""13\"",\""14\"",\""15\""]",1,39283,39283,0,2026-02-17 16:37:48,2026-02-17 16:37:48
787,2,"[\""1\"",\""2\"",\""5\"",\""6\"",\""7\"",\""8\"",\""13\"",\""14\""]","[\""1\"",\""2\"",\""3\"",\""5\"",\""6\"",\""7\"",\""8\"",\""9\"",\""11\"",\""12\"",\""13\"",\""14\"",\""15\""]",1,39283,39283,0,2026-02-17 16:37:48,2026-02-17 16:37:48
788,3,"[\""1\"",\""2\"",\""5\"",\""6\"",\""7\"",\""8\"",\""14\""]","[\""1\"",\""2\"",\""3\"",\""5\"",\""9\"",\""12\"",\""13\"",\""14\""]",1,39283,39283,0,2026-02-17 16:37:48,2026-02-17 16:37:48
789,4,"[\""1\"",\""7\"",\""8\"",\""14\""]","[\""1\"",\""10\"",\""12\""]",1,39283,39283,0,2026-02-17 16:37:48,2026-02-17 16:37:48
790,1,"[\""1\"",\""2\"",\""3\"",\""4\"",\""5\"",\""6\"",\""7\"",\""8\"",\""9\"",\""10\"",\""11\"",\""12\"",\""13\"",\""14\""]","[\""1\"",\""2\"",\""3\"",\""4\"",\""5\"",\""6\"",\""7\"",\""8\"",\""9\"",\""10\"",\""11\"",\""12\"",\""13\"",\""14\"",\""15\""]",1,39284,39284,0,2026-02-18 14:48:15,2026-02-18 14:48:15
791,2,"[\""1\"",\""2\"",\""5\"",\""6\"",\""7\"",\""8\"",\""13\"",\""14\""]","[\""1\"",\""2\"",\""3\"",\""5\"",\""6\"",\""7\"",\""8\"",\""9\"",\""11\"",\""12\"",\""13\"",\""14\"",\""15\""]",1,39284,39284,0,2026-02-18 14:48:15,2026-02-18 14:48:15
792,3,"[\""1\"",\""2\"",\""5\"",\""6\"",\""7\"",\""8\"",\""14\""]","[\""1\"",\""2\"",\""3\"",\""5\"",\""9\"",\""12\"",\""13\"",\""14\""]",1,39284,39284,0,2026-02-18 14:48:15,2026-02-18 14:48:15
793,4,"[\""1\"",\""7\"",\""8\"",\""14\""]","[\""1\"",\""10\"",\""12\""]",1,39284,39284,0,2026-02-18 14:48:15,2026-02-18 14:48:15
794,1,"[\""1\"",\""2\"",\""3\"",\""4\"",\""5\"",\""6\"",\""7\"",\""8\"",\""9\"",\""10\"",\""11\"",\""12\"",\""13\"",\""14\""]","[\""1\"",\""2\"",\""3\"",\""4\"",\""5\"",\""6\"",\""7\"",\""8\"",\""9\"",\""10\"",\""11\"",\""12\"",\""13\"",\""14\"",\""15\""]",1,39285,39285,0,2026-02-18 15:57:06,2026-02-18 15:57:06
795,2,"[\""1\"",\""2\"",\""5\"",\""6\"",\""7\"",\""8\"",\""13\"",\""14\""]","[\""1\"",\""2\"",\""3\"",\""5\"",\""6\"",\""7\"",\""8\"",\""9\"",\""11\"",\""12\"",\""13\"",\""14\"",\""15\""]",1,39285,39285,0,2026-02-18 15:57:06,2026-02-18 15:57:06
796,3,"[\""1\"",\""2\"",\""5\"",\""6\"",\""7\"",\""8\"",\""14\""]","[\""1\"",\""2\"",\""3\"",\""5\"",\""9\"",\""12\"",\""13\"",\""14\""]",1,39285,39285,0,2026-02-18 15:57:06,2026-02-18 15:57:06
797,4,"[\""1\"",\""7\"",\""8\"",\""14\""]","[\""1\"",\""10\"",\""12\""]",1,39285,39285,0,2026-02-18 15:57:06,2026-02-18 15:57:06
798,1,"[\""1\"",\""2\"",\""3\"",\""4\"",\""5\"",\""6\"",\""7\"",\""8\"",\""9\"",\""10\"",\""11\"",\""12\"",\""13\"",\""14\""]","[\""1\"",\""2\"",\""3\"",\""4\"",\""5\"",\""6\"",\""7\"",\""8\"",\""9\"",\""10\"",\""11\"",\""12\"",\""13\"",\""14\"",\""15\""]",1,39287,39287,0,2026-02-19 12:04:27,2026-02-19 12:04:27
799,2,"[\""1\"",\""2\"",\""5\"",\""6\"",\""7\"",\""8\"",\""13\"",\""14\""]","[\""1\"",\""2\"",\""3\"",\""5\"",\""6\"",\""7\"",\""8\"",\""9\"",\""11\"",\""12\"",\""13\"",\""14\"",\""15\""]",1,39287,39287,0,2026-02-19 12:04:27,2026-02-19 12:04:27
800,3,"[\""1\"",\""2\"",\""5\"",\""6\"",\""7\"",\""8\"",\""14\""]","[\""1\"",\""2\"",\""3\"",\""5\"",\""9\"",\""12\"",\""13\"",\""14\""]",1,39287,39287,0,2026-02-19 12:04:27,2026-02-19 12:04:27
801,4,"[\""1\"",\""7\"",\""8\"",\""14\""]","[\""1\"",\""10\"",\""12\""]",1,39287,39287,0,2026-02-19 12:04:27,2026-02-19 12:04:27
802,1,"[\""1\"",\""2\"",\""3\"",\""4\"",\""5\"",\""6\"",\""7\"",\""8\"",\""9\"",\""10\"",\""11\"",\""12\"",\""13\"",\""14\""]","[\""1\"",\""2\"",\""3\"",\""4\"",\""5\"",\""6\"",\""7\"",\""8\"",\""9\"",\""10\"",\""11\"",\""12\"",\""13\"",\""14\"",\""15\""]",1,39288,39288,0,2026-02-20 11:00:40,2026-02-20 11:00:40
803,2,"[\""1\"",\""2\"",\""5\"",\""6\"",\""7\"",\""8\"",\""13\"",\""14\""]","[\""1\"",\""2\"",\""3\"",\""5\"",\""6\"",\""7\"",\""8\"",\""9\"",\""11\"",\""12\"",\""13\"",\""14\"",\""15\""]",1,39288,39288,0,2026-02-20 11:00:40,2026-02-20 11:00:40
804,3,"[\""1\"",\""2\"",\""5\"",\""6\"",\""7\"",\""8\"",\""14\""]","[\""1\"",\""2\"",\""3\"",\""5\"",\""9\"",\""12\"",\""13\"",\""14\""]",1,39288,39288,0,2026-02-20 11:00:40,2026-02-20 11:00:40
805,4,"[\""1\"",\""7\"",\""8\"",\""14\""]","[\""1\"",\""10\"",\""12\""]",1,39288,39288,0,2026-02-20 11:00:40,2026-02-20 11:00:40
806,1,"[\""1\"",\""2\"",\""3\"",\""4\"",\""5\"",\""6\"",\""7\"",\""8\"",\""9\"",\""10\"",\""11\"",\""12\"",\""13\"",\""14\""]","[\""1\"",\""2\"",\""3\"",\""4\"",\""5\"",\""6\"",\""7\"",\""8\"",\""9\"",\""10\"",\""11\"",\""12\"",\""13\"",\""14\"",\""15\""]",1,39289,39289,0,2026-02-20 11:14:35,2026-02-20 11:14:35
807,2,"[\""1\"",\""2\"",\""5\"",\""6\"",\""7\"",\""8\"",\""13\"",\""14\""]","[\""1\"",\""2\"",\""3\"",\""5\"",\""6\"",\""7\"",\""8\"",\""9\"",\""11\"",\""12\"",\""13\"",\""14\"",\""15\""]",1,39289,39289,0,2026-02-20 11:14:35,2026-02-20 11:14:35
808,3,"[\""1\"",\""2\"",\""5\"",\""6\"",\""7\"",\""8\"",\""14\""]","[\""1\"",\""2\"",\""3\"",\""5\"",\""9\"",\""12\"",\""13\"",\""14\""]",1,39289,39289,0,2026-02-20 11:14:35,2026-02-20 11:14:35
809,4,"[\""1\"",\""7\"",\""8\"",\""14\""]","[\""1\"",\""10\"",\""12\""]",1,39289,39289,0,2026-02-20 11:14:35,2026-02-20 11:14:35
810,1,"[\""1\"",\""2\"",\""3\"",\""4\"",\""5\"",\""6\"",\""7\"",\""8\"",\""9\"",\""10\"",\""11\"",\""12\"",\""13\"",\""14\""]","[\""1\"",\""2\"",\""3\"",\""4\"",\""5\"",\""6\"",\""7\"",\""8\"",\""9\"",\""10\"",\""11\"",\""12\"",\""13\"",\""14\"",\""15\""]",1,39291,39291,0,2026-02-20 16:42:45,2026-02-20 16:42:45
811,2,"[\""1\"",\""2\"",\""5\"",\""6\"",\""7\"",\""8\"",\""13\"",\""14\""]","[\""1\"",\""2\"",\""3\"",\""5\"",\""6\"",\""7\"",\""8\"",\""9\"",\""11\"",\""12\"",\""13\"",\""14\"",\""15\""]",1,39291,39291,0,2026-02-20 16:42:45,2026-02-20 16:42:45
812,3,"[\""1\"",\""2\"",\""5\"",\""6\"",\""7\"",\""8\"",\""14\""]","[\""1\"",\""2\"",\""3\"",\""5\"",\""9\"",\""12\"",\""13\"",\""14\""]",1,39291,39291,0,2026-02-20 16:42:45,2026-02-20 16:42:45
813,4,"[\""1\"",\""7\"",\""8\"",\""14\""]","[\""1\"",\""10\"",\""12\""]",1,39291,39291,0,2026-02-20 16:42:45,2026-02-20 16:42:45
814,1,"[\""1\"",\""2\"",\""3\"",\""4\"",\""5\"",\""6\"",\""7\"",\""8\"",\""9\"",\""10\"",\""11\"",\""12\"",\""13\"",\""14\""]","[\""1\"",\""2\"",\""3\"",\""4\"",\""5\"",\""6\"",\""7\"",\""8\"",\""9\"",\""10\"",\""11\"",\""12\"",\""13\"",\""14\"",\""15\""]",1,39293,39293,0,2026-02-21 18:18:01,2026-02-21 18:18:01
815,2,"[\""1\"",\""2\"",\""5\"",\""6\"",\""7\"",\""8\"",\""13\"",\""14\""]","[\""1\"",\""2\"",\""3\"",\""5\"",\""6\"",\""7\"",\""8\"",\""9\"",\""11\"",\""12\"",\""13\"",\""14\"",\""15\""]",1,39293,39293,0,2026-02-21 18:18:01,2026-02-21 18:18:01
816,3,"[\""1\"",\""2\"",\""5\"",\""6\"",\""7\"",\""8\"",\""14\""]","[\""1\"",\""2\"",\""3\"",\""5\"",\""9\"",\""12\"",\""13\"",\""14\""]",1,39293,39293,0,2026-02-21 18:18:01,2026-02-21 18:18:01
817,4,"[\""1\"",\""7\"",\""8\"",\""14\""]","[\""1\"",\""10\"",\""12\""]",1,39293,39293,0,2026-02-21 18:18:01,2026-02-21 18:18:01
818,1,"[\""1\"",\""2\"",\""3\"",\""4\"",\""5\"",\""6\"",\""7\"",\""8\"",\""9\"",\""10\"",\""11\"",\""12\"",\""13\"",\""14\""]","[\""1\"",\""2\"",\""3\"",\""4\"",\""5\"",\""6\"",\""7\"",\""8\"",\""9\"",\""10\"",\""11\"",\""12\"",\""13\"",\""14\"",\""15\""]",1,39303,39303,0,2026-02-24 12:30:38,2026-02-24 12:30:38
819,2,"[\""1\"",\""2\"",\""5\"",\""6\"",\""7\"",\""8\"",\""13\"",\""14\""]","[\""1\"",\""2\"",\""3\"",\""5\"",\""6\"",\""7\"",\""8\"",\""9\"",\""11\"",\""12\"",\""13\"",\""14\"",\""15\""]",1,39303,39303,0,2026-02-24 12:30:38,2026-02-24 12:30:38
820,3,"[\""1\"",\""2\"",\""5\"",\""6\"",\""7\"",\""8\"",\""14\""]","[\""1\"",\""2\"",\""3\"",\""5\"",\""9\"",\""12\"",\""13\"",\""14\""]",1,39303,39303,0,2026-02-24 12:30:38,2026-02-24 12:30:38
821,4,"[\""1\"",\""7\"",\""8\"",\""14\""]","[\""1\"",\""10\"",\""12\""]",1,39303,39303,0,2026-02-24 12:30:38,2026-02-24 12:30:38
822,1,"[\""1\"",\""2\"",\""3\"",\""4\"",\""5\"",\""6\"",\""7\"",\""8\"",\""9\"",\""10\"",\""11\"",\""12\"",\""13\"",\""14\""]","[\""1\"",\""2\"",\""3\"",\""4\"",\""5\"",\""6\"",\""7\"",\""8\"",\""9\"",\""10\"",\""11\"",\""12\"",\""13\"",\""14\"",\""15\""]",1,39304,39304,0,2026-02-25 18:27:26,2026-02-25 18:27:26
823,2,"[\""1\"",\""2\"",\""5\"",\""6\"",\""7\"",\""8\"",\""13\"",\""14\""]","[\""1\"",\""2\"",\""3\"",\""5\"",\""6\"",\""7\"",\""8\"",\""9\"",\""11\"",\""12\"",\""13\"",\""14\"",\""15\""]",1,39304,39304,0,2026-02-25 18:27:26,2026-02-25 18:27:26
824,3,"[\""1\"",\""2\"",\""5\"",\""6\"",\""7\"",\""8\"",\""14\""]","[\""1\"",\""2\"",\""3\"",\""5\"",\""9\"",\""12\"",\""13\"",\""14\""]",1,39304,39304,0,2026-02-25 18:27:26,2026-02-25 18:27:26
825,4,"[\""1\"",\""7\"",\""8\"",\""14\""]","[\""1\"",\""10\"",\""12\""]",1,39304,39304,0,2026-02-25 18:27:26,2026-02-25 18:27:26
826,1,"[\""1\"",\""2\"",\""3\"",\""4\"",\""5\"",\""6\"",\""7\"",\""8\"",\""9\"",\""10\"",\""11\"",\""12\"",\""13\"",\""14\""]","[\""1\"",\""2\"",\""3\"",\""4\"",\""5\"",\""6\"",\""7\"",\""8\"",\""9\"",\""10\"",\""11\"",\""12\"",\""13\"",\""14\"",\""15\""]",1,104,104,0,2026-02-26 17:33:47,2026-02-26 17:33:47
827,2,"[\""1\"",\""2\"",\""5\"",\""6\"",\""7\"",\""8\"",\""13\"",\""14\""]","[\""1\"",\""2\"",\""3\"",\""5\"",\""6\"",\""7\"",\""8\"",\""9\"",\""11\"",\""12\"",\""13\"",\""14\"",\""15\""]",1,104,104,0,2026-02-26 17:33:47,2026-02-26 17:33:47
828,3,"[\""1\"",\""2\"",\""5\"",\""6\"",\""7\"",\""8\"",\""14\""]","[\""1\"",\""2\"",\""3\"",\""5\"",\""9\"",\""12\"",\""13\"",\""14\""]",1,104,104,0,2026-02-26 17:33:47,2026-02-26 17:33:47
829,4,"[\""1\"",\""7\"",\""8\"",\""14\""]","[\""1\"",\""10\"",\""12\""]",1,104,104,0,2026-02-26 17:33:47,2026-02-26 17:33:47
830,1,"[\""1\"",\""2\"",\""3\"",\""4\"",\""5\"",\""6\"",\""7\"",\""8\"",\""9\"",\""10\"",\""11\"",\""12\"",\""13\"",\""14\""]","[\""1\"",\""2\"",\""3\"",\""4\"",\""5\"",\""6\"",\""7\"",\""8\"",\""9\"",\""10\"",\""11\"",\""12\"",\""13\"",\""14\"",\""15\""]",1,39307,39307,0,2026-03-02 15:15:06,2026-03-02 15:15:06
831,2,"[\""1\"",\""2\"",\""5\"",\""6\"",\""7\"",\""8\"",\""13\"",\""14\""]","[\""1\"",\""2\"",\""3\"",\""5\"",\""6\"",\""7\"",\""8\"",\""9\"",\""11\"",\""12\"",\""13\"",\""14\"",\""15\""]",1,39307,39307,0,2026-03-02 15:15:06,2026-03-02 15:15:06
832,3,"[\""1\"",\""2\"",\""5\"",\""6\"",\""7\"",\""8\"",\""14\""]","[\""1\"",\""2\"",\""3\"",\""5\"",\""9\"",\""12\"",\""13\"",\""14\""]",1,39307,39307,0,2026-03-02 15:15:06,2026-03-02 15:15:06
833,4,"[\""1\"",\""7\"",\""8\"",\""14\""]","[\""1\"",\""10\"",\""12\""]",1,39307,39307,0,2026-03-02 15:15:06,2026-03-02 15:15:06
834,1,"[\""1\"",\""2\"",\""3\"",\""4\"",\""5\"",\""6\"",\""7\"",\""8\"",\""9\"",\""10\"",\""11\"",\""12\"",\""13\"",\""14\""]","[\""1\"",\""2\"",\""3\"",\""4\"",\""5\"",\""6\"",\""7\"",\""8\"",\""9\"",\""10\"",\""11\"",\""12\"",\""13\"",\""14\"",\""15\""]",1,39313,39313,0,2026-03-03 11:02:30,2026-03-03 11:02:30
835,2,"[\""1\"",\""2\"",\""5\"",\""6\"",\""7\"",\""8\"",\""13\"",\""14\""]","[\""1\"",\""2\"",\""3\"",\""5\"",\""6\"",\""7\"",\""8\"",\""9\"",\""11\"",\""12\"",\""13\"",\""14\"",\""15\""]",1,39313,39313,0,2026-03-03 11:02:30,2026-03-03 11:02:30
836,3,"[\""1\"",\""2\"",\""5\"",\""6\"",\""7\"",\""8\"",\""14\""]","[\""1\"",\""2\"",\""3\"",\""5\"",\""9\"",\""12\"",\""13\"",\""14\""]",1,39313,39313,0,2026-03-03 11:02:30,2026-03-03 11:02:30
837,4,"[\""1\"",\""7\"",\""8\"",\""14\""]","[\""1\"",\""10\"",\""12\""]",1,39313,39313,0,2026-03-03 11:02:30,2026-03-03 11:02:30
838,1,"[\""1\"",\""2\"",\""3\"",\""4\"",\""5\"",\""6\"",\""7\"",\""8\"",\""9\"",\""10\"",\""11\"",\""12\"",\""13\"",\""14\""]","[\""1\"",\""2\"",\""3\"",\""4\"",\""5\"",\""6\"",\""7\"",\""8\"",\""9\"",\""10\"",\""11\"",\""12\"",\""13\"",\""14\"",\""15\""]",1,39314,39314,0,2026-03-03 11:29:48,2026-03-03 11:29:48
839,2,"[\""1\"",\""2\"",\""5\"",\""6\"",\""7\"",\""8\"",\""13\"",\""14\""]","[\""1\"",\""2\"",\""3\"",\""5\"",\""6\"",\""7\"",\""8\"",\""9\"",\""11\"",\""12\"",\""13\"",\""14\"",\""15\""]",1,39314,39314,0,2026-03-03 11:29:48,2026-03-03 11:29:48
840,3,"[\""1\"",\""2\"",\""5\"",\""6\"",\""7\"",\""8\"",\""14\""]","[\""1\"",\""2\"",\""3\"",\""5\"",\""9\"",\""12\"",\""13\"",\""14\""]",1,39314,39314,0,2026-03-03 11:29:48,2026-03-03 11:29:48
841,4,"[\""1\"",\""7\"",\""8\"",\""14\""]","[\""1\"",\""10\"",\""12\""]",1,39314,39314,0,2026-03-03 11:29:48,2026-03-03 11:29:48
842,1,"[\""1\"",\""2\"",\""3\"",\""4\"",\""5\"",\""6\"",\""7\"",\""8\"",\""9\"",\""10\"",\""11\"",\""12\"",\""13\"",\""14\""]","[\""1\"",\""2\"",\""3\"",\""4\"",\""5\"",\""6\"",\""7\"",\""8\"",\""9\"",\""10\"",\""11\"",\""12\"",\""13\"",\""14\"",\""15\""]",1,39316,39316,0,2026-03-03 13:37:17,2026-03-03 13:37:17
843,2,"[\""1\"",\""2\"",\""5\"",\""6\"",\""7\"",\""8\"",\""13\"",\""14\""]","[\""1\"",\""2\"",\""3\"",\""5\"",\""6\"",\""7\"",\""8\"",\""9\"",\""11\"",\""12\"",\""13\"",\""14\"",\""15\""]",1,39316,39316,0,2026-03-03 13:37:17,2026-03-03 13:37:17
844,3,"[\""1\"",\""2\"",\""5\"",\""6\"",\""7\"",\""8\"",\""14\""]","[\""1\"",\""2\"",\""3\"",\""5\"",\""9\"",\""12\"",\""13\"",\""14\""]",1,39316,39316,0,2026-03-03 13:37:17,2026-03-03 13:37:17
845,4,"[\""1\"",\""7\"",\""8\"",\""14\""]","[\""1\"",\""10\"",\""12\""]",1,39316,39316,0,2026-03-03 13:37:17,2026-03-03 13:37:17
846,1,"[\""1\"",\""2\"",\""3\"",\""4\"",\""5\"",\""6\"",\""7\"",\""8\"",\""9\"",\""10\"",\""11\"",\""12\"",\""13\"",\""14\""]","[\""1\"",\""2\"",\""3\"",\""4\"",\""5\"",\""6\"",\""7\"",\""8\"",\""9\"",\""10\"",\""11\"",\""12\"",\""13\"",\""14\"",\""15\""]",1,39317,39317,0,2026-03-03 13:42:34,2026-03-03 13:42:34
847,2,"[\""1\"",\""2\"",\""5\"",\""6\"",\""7\"",\""8\"",\""13\"",\""14\""]","[\""1\"",\""2\"",\""3\"",\""5\"",\""6\"",\""7\"",\""8\"",\""9\"",\""11\"",\""12\"",\""13\"",\""14\"",\""15\""]",1,39317,39317,0,2026-03-03 13:42:34,2026-03-03 13:42:34
848,3,"[\""1\"",\""2\"",\""5\"",\""6\"",\""7\"",\""8\"",\""14\""]","[\""1\"",\""2\"",\""3\"",\""5\"",\""9\"",\""12\"",\""13\"",\""14\""]",1,39317,39317,0,2026-03-03 13:42:34,2026-03-03 13:42:34
849,4,"[\""1\"",\""7\"",\""8\"",\""14\""]","[\""1\"",\""10\"",\""12\""]",1,39317,39317,0,2026-03-03 13:42:34,2026-03-03 13:42:34
850,1,"[\""1\"",\""2\"",\""3\"",\""4\"",\""5\"",\""6\"",\""7\"",\""8\"",\""9\"",\""10\"",\""11\"",\""12\"",\""13\"",\""14\""]","[\""1\"",\""2\"",\""3\"",\""4\"",\""5\""]",1,38872,38985,0,2026-03-03 14:41:07,2026-03-03 14:45:31
851,1,"[\""1\"",\""2\"",\""3\"",\""4\"",\""5\"",\""6\"",\""7\"",\""8\"",\""9\"",\""10\"",\""11\"",\""12\"",\""13\"",\""14\""]","[\""1\"",\""2\"",\""3\"",\""4\"",\""5\"",\""6\"",\""7\"",\""8\"",\""9\"",\""10\"",\""11\"",\""12\"",\""13\"",\""14\"",\""15\""]",1,39318,39318,0,2026-03-03 22:48:41,2026-03-03 22:48:41
852,2,"[\""1\"",\""2\"",\""5\"",\""6\"",\""7\"",\""8\"",\""13\"",\""14\""]","[\""1\"",\""2\"",\""3\"",\""5\"",\""6\"",\""7\"",\""8\"",\""9\"",\""11\"",\""12\"",\""13\"",\""14\"",\""15\""]",1,39318,39318,0,2026-03-03 22:48:41,2026-03-03 22:48:41
853,3,"[\""1\"",\""2\"",\""5\"",\""6\"",\""7\"",\""8\"",\""14\""]","[\""1\"",\""2\"",\""3\"",\""5\"",\""9\"",\""12\"",\""13\"",\""14\""]",1,39318,39318,0,2026-03-03 22:48:41,2026-03-03 22:48:41
854,4,"[\""1\"",\""7\"",\""8\"",\""14\""]","[\""1\"",\""10\"",\""12\""]",1,39318,39318,0,2026-03-03 22:48:41,2026-03-03 22:48:41
855,1,"[\""1\"",\""2\"",\""3\"",\""4\"",\""5\"",\""6\"",\""7\"",\""8\"",\""9\"",\""10\"",\""11\"",\""12\"",\""13\"",\""14\""]","[\""1\"",\""2\"",\""3\"",\""4\"",\""5\"",\""6\"",\""7\"",\""8\"",\""9\"",\""10\"",\""11\"",\""12\"",\""13\"",\""14\"",\""15\""]",1,39320,39320,0,2026-03-05 02:04:10,2026-03-05 02:04:10
856,2,"[\""1\"",\""2\"",\""5\"",\""6\"",\""7\"",\""8\"",\""13\"",\""14\""]","[\""1\"",\""2\"",\""3\"",\""5\"",\""6\"",\""7\"",\""8\"",\""9\"",\""11\"",\""12\"",\""13\"",\""14\"",\""15\""]",1,39320,39320,0,2026-03-05 02:04:10,2026-03-05 02:04:10
857,3,"[\""1\"",\""2\"",\""5\"",\""6\"",\""7\"",\""8\"",\""14\""]","[\""1\"",\""2\"",\""3\"",\""5\"",\""9\"",\""12\"",\""13\"",\""14\""]",1,39320,39320,0,2026-03-05 02:04:10,2026-03-05 02:04:10
858,4,"[\""1\"",\""7\"",\""8\"",\""14\""]","[\""1\"",\""10\"",\""12\""]",1,39320,39320,0,2026-03-05 02:04:10,2026-03-05 02:04:10
859,13,"[\""1\"", \""2\"", \""3\"", \""4\"", \""5\"", \""6\"", \""7\"", \""8\"", \""9\"", \""10\"", \""11\"", \""12\"", \""13\"", \""14\""]","[\""1\"",\""2\"",\""3\"",\""4\"",\""5\""]",1,39320,39320,0,2026-03-05 02:41:00,2026-03-05 02:41:00
860,1,"[\""1\"",\""2\"",\""3\"",\""4\"",\""5\"",\""6\"",\""7\"",\""8\"",\""9\"",\""10\"",\""11\"",\""12\"",\""13\"",\""14\""]","[\""1\"",\""2\"",\""3\"",\""4\"",\""5\"",\""6\"",\""7\"",\""8\"",\""9\"",\""10\"",\""11\"",\""12\"",\""13\"",\""14\"",\""15\""]",1,18,18,0,2026-03-05 15:14:58,2026-03-05 15:14:58
861,2,"[\""1\"",\""2\"",\""5\"",\""6\"",\""7\"",\""8\"",\""13\"",\""14\""]","[\""1\"",\""2\"",\""3\"",\""5\"",\""6\"",\""7\"",\""8\"",\""9\"",\""11\"",\""12\"",\""13\"",\""14\"",\""15\""]",1,18,18,0,2026-03-05 15:14:58,2026-03-05 15:14:58
862,3,"[\""1\"",\""2\"",\""5\"",\""6\"",\""7\"",\""8\"",\""14\""]","[\""1\"",\""2\"",\""3\"",\""5\"",\""9\"",\""12\"",\""13\"",\""14\""]",1,18,18,0,2026-03-05 15:14:58,2026-03-05 15:14:58
863,4,"[\""1\"",\""7\"",\""8\"",\""14\""]","[\""1\"",\""10\"",\""12\""]",1,18,18,0,2026-03-05 15:14:58,2026-03-05 15:14:58
864,1,"[\""1\"",\""2\"",\""3\"",\""4\"",\""5\"",\""6\"",\""7\"",\""8\"",\""9\"",\""10\"",\""11\"",\""12\"",\""13\"",\""14\""]","[\""1\"",\""2\"",\""3\"",\""4\"",\""5\"",\""6\"",\""7\"",\""8\"",\""9\"",\""10\"",\""11\"",\""12\"",\""13\"",\""14\"",\""15\""]",1,39325,39325,0,2026-03-06 16:58:01,2026-03-06 16:58:01
865,2,"[\""1\"",\""2\"",\""5\"",\""6\"",\""7\"",\""8\"",\""13\"",\""14\""]","[\""1\"",\""2\"",\""3\"",\""5\"",\""6\"",\""7\"",\""8\"",\""9\"",\""11\"",\""12\"",\""13\"",\""14\"",\""15\""]",1,39325,39325,0,2026-03-06 16:58:01,2026-03-06 16:58:01
866,3,"[\""1\"",\""2\"",\""5\"",\""6\"",\""7\"",\""8\"",\""14\""]","[\""1\"",\""2\"",\""3\"",\""5\"",\""9\"",\""12\"",\""13\"",\""14\""]",1,39325,39325,0,2026-03-06 16:58:01,2026-03-06 16:58:01
867,4,"[\""1\"",\""7\"",\""8\"",\""14\""]","[\""1\"",\""10\"",\""12\""]",1,39325,39325,0,2026-03-06 16:58:01,2026-03-06 16:58:01
868,1,"[\""1\"",\""2\"",\""3\"",\""4\"",\""5\"",\""6\"",\""7\"",\""8\"",\""9\"",\""10\"",\""11\"",\""12\"",\""13\"",\""14\""]","[\""1\"",\""2\"",\""3\"",\""4\"",\""5\"",\""6\"",\""7\"",\""8\"",\""9\"",\""10\"",\""11\"",\""12\"",\""13\"",\""14\"",\""15\""]",1,39326,39326,0,2026-03-06 21:31:05,2026-03-06 21:31:05
869,2,"[\""1\"",\""2\"",\""5\"",\""6\"",\""7\"",\""8\"",\""13\"",\""14\""]","[\""1\"",\""2\"",\""3\"",\""5\"",\""6\"",\""7\"",\""8\"",\""9\"",\""11\"",\""12\"",\""13\"",\""14\"",\""15\""]",1,39326,39326,0,2026-03-06 21:31:05,2026-03-06 21:31:05
870,3,"[\""1\"",\""2\"",\""5\"",\""6\"",\""7\"",\""8\"",\""14\""]","[\""1\"",\""2\"",\""3\"",\""5\"",\""9\"",\""12\"",\""13\"",\""14\""]",1,39326,39326,0,2026-03-06 21:31:05,2026-03-06 21:31:05
871,4,"[\""1\"",\""7\"",\""8\"",\""14\""]","[\""1\"",\""10\"",\""12\""]",1,39326,39326,0,2026-03-06 21:31:05,2026-03-06 21:31:05
872,1,"[\""1\"",\""2\"",\""3\"",\""4\"",\""5\"",\""6\"",\""7\"",\""8\"",\""9\"",\""10\"",\""11\"",\""12\"",\""13\"",\""14\""]","[\""1\"",\""2\"",\""3\"",\""4\"",\""5\"",\""6\"",\""7\"",\""8\"",\""9\"",\""10\"",\""11\"",\""12\"",\""13\"",\""14\"",\""15\""]",1,39328,39328,0,2026-03-07 11:39:00,2026-03-07 11:39:00
873,2,"[\""1\"",\""2\"",\""5\"",\""6\"",\""7\"",\""8\"",\""13\"",\""14\""]","[\""1\"",\""2\"",\""3\"",\""5\"",\""6\"",\""7\"",\""8\"",\""9\"",\""11\"",\""12\"",\""13\"",\""14\"",\""15\""]",1,39328,39328,0,2026-03-07 11:39:00,2026-03-07 11:39:00
874,3,"[\""1\"",\""2\"",\""5\"",\""6\"",\""7\"",\""8\"",\""14\""]","[\""1\"",\""2\"",\""3\"",\""5\"",\""9\"",\""12\"",\""13\"",\""14\""]",1,39328,39328,0,2026-03-07 11:39:00,2026-03-07 11:39:00
875,4,"[\""1\"",\""7\"",\""8\"",\""14\""]","[\""1\"",\""10\"",\""12\""]",1,39328,39328,0,2026-03-07 11:39:00,2026-03-07 11:39:00
876,1,"[\""1\"",\""2\"",\""3\"",\""4\"",\""5\"",\""6\"",\""7\"",\""8\"",\""9\"",\""10\"",\""11\"",\""12\"",\""13\"",\""14\""]","[\""1\"",\""2\"",\""3\"",\""4\"",\""5\"",\""6\"",\""7\"",\""8\"",\""9\"",\""10\"",\""11\"",\""12\"",\""13\"",\""14\"",\""15\""]",1,39330,39330,0,2026-03-07 17:55:44,2026-03-07 17:55:44
877,2,"[\""1\"",\""2\"",\""5\"",\""6\"",\""7\"",\""8\"",\""13\"",\""14\""]","[\""1\"",\""2\"",\""3\"",\""5\"",\""6\"",\""7\"",\""8\"",\""9\"",\""11\"",\""12\"",\""13\"",\""14\"",\""15\""]",1,39330,39330,0,2026-03-07 17:55:44,2026-03-07 17:55:44
878,3,"[\""1\"",\""2\"",\""5\"",\""6\"",\""7\"",\""8\"",\""14\""]","[\""1\"",\""2\"",\""3\"",\""5\"",\""9\"",\""12\"",\""13\"",\""14\""]",1,39330,39330,0,2026-03-07 17:55:44,2026-03-07 17:55:44
879,4,"[\""1\"",\""7\"",\""8\"",\""14\""]","[\""1\"",\""10\"",\""12\""]",1,39330,39330,0,2026-03-07 17:55:44,2026-03-07 17:55:44
880,1,"[\""1\"",\""2\"",\""3\"",\""4\"",\""5\"",\""6\"",\""7\"",\""8\"",\""9\"",\""10\"",\""11\"",\""12\"",\""13\"",\""14\""]","[\""1\"",\""2\"",\""3\"",\""4\"",\""5\"",\""6\"",\""7\"",\""8\"",\""9\"",\""10\"",\""11\"",\""12\"",\""13\"",\""14\"",\""15\""]",1,14655,14655,0,2026-03-09 12:03:39,2026-03-09 12:03:39
881,2,"[\""1\"",\""2\"",\""5\"",\""6\"",\""7\"",\""8\"",\""13\"",\""14\""]","[\""1\"",\""2\"",\""3\"",\""5\"",\""6\"",\""7\"",\""8\"",\""9\"",\""11\"",\""12\"",\""13\"",\""14\"",\""15\""]",1,14655,14655,0,2026-03-09 12:03:39,2026-03-09 12:03:39
882,3,"[\""1\"",\""2\"",\""5\"",\""6\"",\""7\"",\""8\"",\""14\""]","[\""1\"",\""2\"",\""3\"",\""5\"",\""9\"",\""12\"",\""13\"",\""14\""]",1,14655,14655,0,2026-03-09 12:03:39,2026-03-09 12:03:39
883,4,"[\""1\"",\""7\"",\""8\"",\""14\""]","[\""1\"",\""10\"",\""12\""]",1,14655,14655,0,2026-03-09 12:03:39,2026-03-09 12:03:39
884,1,"[\""1\"",\""2\"",\""3\"",\""4\"",\""5\"",\""6\"",\""7\"",\""8\"",\""9\"",\""10\"",\""11\"",\""12\"",\""13\"",\""14\""]","[\""1\"",\""2\"",\""3\"",\""4\"",\""5\"",\""6\"",\""7\"",\""8\"",\""9\"",\""10\"",\""11\"",\""12\"",\""13\"",\""14\"",\""15\""]",1,39331,39331,0,2026-03-09 12:34:14,2026-03-09 12:34:14
885,2,"[\""1\"",\""2\"",\""5\"",\""6\"",\""7\"",\""8\"",\""13\"",\""14\""]","[\""1\"",\""2\"",\""3\"",\""5\"",\""6\"",\""7\"",\""8\"",\""9\"",\""11\"",\""12\"",\""13\"",\""14\"",\""15\""]",1,39331,39331,0,2026-03-09 12:34:14,2026-03-09 12:34:14
886,3,"[\""1\"",\""2\"",\""5\"",\""6\"",\""7\"",\""8\"",\""14\""]","[\""1\"",\""2\"",\""3\"",\""5\"",\""9\"",\""12\"",\""13\"",\""14\""]",1,39331,39331,0,2026-03-09 12:34:14,2026-03-09 12:34:14
887,4,"[\""1\"",\""7\"",\""8\"",\""14\""]","[\""1\"",\""10\"",\""12\""]",1,39331,39331,0,2026-03-09 12:34:14,2026-03-09 12:34:14
888,1,"[\""1\"",\""2\"",\""3\"",\""4\"",\""5\"",\""6\"",\""7\"",\""8\"",\""9\"",\""10\"",\""11\"",\""12\"",\""13\"",\""14\""]","[\""1\"",\""2\"",\""3\"",\""4\"",\""5\"",\""6\"",\""7\"",\""8\"",\""9\"",\""10\"",\""11\"",\""12\"",\""13\"",\""14\"",\""15\""]",1,39332,39332,0,2026-03-09 12:47:54,2026-03-09 12:47:54
889,2,"[\""1\"",\""2\"",\""5\"",\""6\"",\""7\"",\""8\"",\""13\"",\""14\""]","[\""1\"",\""2\"",\""3\"",\""5\"",\""6\"",\""7\"",\""8\"",\""9\"",\""11\"",\""12\"",\""13\"",\""14\"",\""15\""]",1,39332,39332,0,2026-03-09 12:47:54,2026-03-09 12:47:54
890,3,"[\""1\"",\""2\"",\""5\"",\""6\"",\""7\"",\""8\"",\""14\""]","[\""1\"",\""2\"",\""3\"",\""5\"",\""9\"",\""12\"",\""13\"",\""14\""]",1,39332,39332,0,2026-03-09 12:47:54,2026-03-09 12:47:54
891,4,"[\""1\"",\""7\"",\""8\"",\""14\""]","[\""1\"",\""10\"",\""12\""]",1,39332,39332,0,2026-03-09 12:47:54,2026-03-09 12:47:54
892,1,"[\""1\"",\""2\"",\""3\"",\""4\"",\""5\"",\""6\"",\""7\"",\""8\"",\""9\"",\""10\"",\""11\"",\""12\"",\""13\"",\""14\""]","[\""1\"",\""2\"",\""3\"",\""4\"",\""5\"",\""6\"",\""7\"",\""8\"",\""9\"",\""10\"",\""11\"",\""12\"",\""13\"",\""14\"",\""15\""]",1,39333,39333,0,2026-03-09 14:43:11,2026-03-09 14:43:11
893,2,"[\""1\"",\""2\"",\""5\"",\""6\"",\""7\"",\""8\"",\""13\"",\""14\""]","[\""1\"",\""2\"",\""3\"",\""5\"",\""6\"",\""7\"",\""8\"",\""9\"",\""11\"",\""12\"",\""13\"",\""14\"",\""15\""]",1,39333,39333,0,2026-03-09 14:43:11,2026-03-09 14:43:11
894,3,"[\""1\"",\""2\"",\""5\"",\""6\"",\""7\"",\""8\"",\""14\""]","[\""1\"",\""2\"",\""3\"",\""5\"",\""9\"",\""12\"",\""13\"",\""14\""]",1,39333,39333,0,2026-03-09 14:43:11,2026-03-09 14:43:11
895,4,"[\""1\"",\""7\"",\""8\"",\""14\""]","[\""1\"",\""10\"",\""12\""]",1,39333,39333,0,2026-03-09 14:43:11,2026-03-09 14:43:11
896,14,"[\""1\"", \""2\"", \""3\"", \""4\"", \""5\"", \""6\"", \""7\"", \""8\"", \""9\"", \""10\"", \""11\"", \""12\"", \""13\"", \""14\""]","[\""7\"",\""9\"",\""12\""]",1,19,38985,1,2026-03-09 18:00:34,2026-03-09 18:00:34
897,1,"[\""1\"",\""2\"",\""3\"",\""4\"",\""5\"",\""6\"",\""7\"",\""8\"",\""9\"",\""10\"",\""11\"",\""12\"",\""13\"",\""14\""]","[\""1\"",\""2\"",\""3\"",\""4\"",\""5\"",\""6\"",\""7\"",\""8\"",\""9\"",\""10\"",\""11\"",\""12\"",\""13\"",\""14\"",\""15\""]",1,39335,39335,0,2026-03-10 11:43:35,2026-03-10 11:43:35
898,2,"[\""1\"",\""2\"",\""5\"",\""6\"",\""7\"",\""8\"",\""13\"",\""14\""]","[\""1\"",\""2\"",\""3\"",\""5\"",\""6\"",\""7\"",\""8\"",\""9\"",\""11\"",\""12\"",\""13\"",\""14\"",\""15\""]",1,39335,39335,0,2026-03-10 11:43:35,2026-03-10 11:43:35
899,3,"[\""1\"",\""2\"",\""5\"",\""6\"",\""7\"",\""8\"",\""14\""]","[\""1\"",\""2\"",\""3\"",\""5\"",\""9\"",\""12\"",\""13\"",\""14\""]",1,39335,39335,0,2026-03-10 11:43:35,2026-03-10 11:43:35
900,4,"[\""1\"",\""7\"",\""8\"",\""14\""]","[\""1\"",\""10\"",\""12\""]",1,39335,39335,0,2026-03-10 11:43:35,2026-03-10 11:43:35
901,1,"[\""1\"",\""2\"",\""3\"",\""4\"",\""5\"",\""6\"",\""7\"",\""8\"",\""9\"",\""10\"",\""11\"",\""12\"",\""13\"",\""14\""]","[\""1\"",\""2\"",\""3\"",\""4\"",\""7\"",\""12\""]",1,38860,38860,0,2026-03-13 12:09:51,2026-03-13 12:12:21
902,16,"[\""1\"", \""2\"", \""3\"", \""4\"", \""5\"", \""6\"", \""7\"", \""8\"", \""9\"", \""10\"", \""11\"", \""12\"", \""13\"", \""14\""]","{\""1\"":\""2\"",\""2\"":\""7\"",\""3\"":\""11\""}",1,38860,38860,0,2026-03-13 12:17:08,2026-04-22 13:38:51
903,1,"[\""1\"",\""2\"",\""3\"",\""4\"",\""5\"",\""6\"",\""7\"",\""8\"",\""9\"",\""10\"",\""11\"",\""12\"",\""13\"",\""14\""]","[\""1\"",\""2\"",\""3\"",\""4\"",\""5\"",\""6\"",\""7\"",\""8\"",\""9\"",\""10\"",\""11\"",\""12\"",\""13\"",\""14\"",\""15\""]",1,39341,39341,0,2026-03-14 16:03:15,2026-03-14 16:03:15
904,2,"[\""1\"",\""2\"",\""5\"",\""6\"",\""7\"",\""8\"",\""13\"",\""14\""]","[\""1\"",\""2\"",\""3\"",\""5\"",\""6\"",\""7\"",\""8\"",\""9\"",\""11\"",\""12\"",\""13\"",\""14\"",\""15\""]",1,39341,39341,0,2026-03-14 16:03:15,2026-03-14 16:03:15
905,3,"[\""1\"",\""2\"",\""5\"",\""6\"",\""7\"",\""8\"",\""14\""]","[\""1\"",\""2\"",\""3\"",\""5\"",\""9\"",\""12\"",\""13\"",\""14\""]",1,39341,39341,0,2026-03-14 16:03:15,2026-03-14 16:03:15
906,4,"[\""1\"",\""7\"",\""8\"",\""14\""]","[\""1\"",\""10\"",\""12\""]",1,39341,39341,0,2026-03-14 16:03:15,2026-03-14 16:03:15
907,1,"[\""1\"",\""2\"",\""3\"",\""4\"",\""5\"",\""6\"",\""7\"",\""8\"",\""9\"",\""10\"",\""11\"",\""12\"",\""13\"",\""14\""]","[\""1\"",\""2\"",\""3\"",\""4\"",\""5\"",\""6\"",\""7\"",\""8\"",\""9\"",\""10\"",\""11\"",\""12\"",\""13\"",\""14\"",\""15\""]",1,39342,39342,0,2026-03-14 16:42:10,2026-03-14 16:42:10
908,2,"[\""1\"",\""2\"",\""5\"",\""6\"",\""7\"",\""8\"",\""13\"",\""14\""]","[\""1\"",\""2\"",\""3\"",\""5\"",\""6\"",\""7\"",\""8\"",\""9\"",\""11\"",\""12\"",\""13\"",\""14\"",\""15\""]",1,39342,39342,0,2026-03-14 16:42:10,2026-03-14 16:42:10
909,3,"[\""1\"",\""2\"",\""5\"",\""6\"",\""7\"",\""8\"",\""14\""]","[\""1\"",\""2\"",\""3\"",\""5\"",\""9\"",\""12\"",\""13\"",\""14\""]",1,39342,39342,0,2026-03-14 16:42:10,2026-03-14 16:42:10
910,4,"[\""1\"",\""7\"",\""8\"",\""14\""]","[\""1\"",\""10\"",\""12\""]",1,39342,39342,0,2026-03-14 16:42:10,2026-03-14 16:42:10
911,1,"[\""1\"",\""2\"",\""3\"",\""4\"",\""5\"",\""6\"",\""7\"",\""8\"",\""9\"",\""10\"",\""11\"",\""12\"",\""13\"",\""14\""]","[\""1\"",\""2\"",\""3\"",\""4\"",\""5\"",\""6\"",\""7\"",\""8\"",\""9\"",\""10\"",\""11\"",\""12\"",\""13\"",\""14\"",\""15\""]",1,39343,39343,0,2026-03-14 16:50:34,2026-03-14 16:50:34
912,2,"[\""1\"",\""2\"",\""5\"",\""6\"",\""7\"",\""8\"",\""13\"",\""14\""]","[\""1\"",\""2\"",\""3\"",\""5\"",\""6\"",\""7\"",\""8\"",\""9\"",\""11\"",\""12\"",\""13\"",\""14\"",\""15\""]",1,39343,39343,0,2026-03-14 16:50:34,2026-03-14 16:50:34
913,3,"[\""1\"",\""2\"",\""5\"",\""6\"",\""7\"",\""8\"",\""14\""]","[\""1\"",\""2\"",\""3\"",\""5\"",\""9\"",\""12\"",\""13\"",\""14\""]",1,39343,39343,0,2026-03-14 16:50:34,2026-03-14 16:50:34
914,4,"[\""1\"",\""7\"",\""8\"",\""14\""]","[\""1\"",\""10\"",\""12\""]",1,39343,39343,0,2026-03-14 16:50:34,2026-03-14 16:50:34
915,1,"[\""1\"",\""2\"",\""3\"",\""4\"",\""5\"",\""6\"",\""7\"",\""8\"",\""9\"",\""10\"",\""11\"",\""12\"",\""13\"",\""14\""]","[\""1\"",\""2\"",\""3\"",\""4\"",\""5\"",\""6\"",\""7\"",\""8\"",\""9\"",\""10\"",\""11\"",\""12\"",\""13\"",\""14\"",\""15\""]",1,39344,39344,0,2026-03-14 17:21:59,2026-03-14 17:21:59
916,2,"[\""1\"",\""2\"",\""5\"",\""6\"",\""7\"",\""8\"",\""13\"",\""14\""]","[\""1\"",\""2\"",\""3\"",\""5\"",\""6\"",\""7\"",\""8\"",\""9\"",\""11\"",\""12\"",\""13\"",\""14\"",\""15\""]",1,39344,39344,0,2026-03-14 17:21:59,2026-03-14 17:21:59
917,3,"[\""1\"",\""2\"",\""5\"",\""6\"",\""7\"",\""8\"",\""14\""]","[\""1\"",\""2\"",\""3\"",\""5\"",\""9\"",\""12\"",\""13\"",\""14\""]",1,39344,39344,0,2026-03-14 17:21:59,2026-03-14 17:21:59
918,4,"[\""1\"",\""7\"",\""8\"",\""14\""]","[\""1\"",\""10\"",\""12\""]",1,39344,39344,0,2026-03-14 17:21:59,2026-03-14 17:21:59
919,1,"[\""1\"",\""2\"",\""3\"",\""4\"",\""5\"",\""6\"",\""7\"",\""8\"",\""9\"",\""10\"",\""11\"",\""12\"",\""13\"",\""14\""]","[\""1\"",\""2\"",\""3\"",\""4\"",\""5\"",\""6\"",\""7\"",\""8\"",\""9\"",\""10\"",\""11\"",\""12\"",\""13\"",\""14\"",\""15\""]",1,39345,39345,0,2026-03-15 00:57:09,2026-03-15 00:57:09
920,2,"[\""1\"",\""2\"",\""5\"",\""6\"",\""7\"",\""8\"",\""13\"",\""14\""]","[\""1\"",\""2\"",\""3\"",\""5\"",\""6\"",\""7\"",\""8\"",\""9\"",\""11\"",\""12\"",\""13\"",\""14\"",\""15\""]",1,39345,39345,0,2026-03-15 00:57:09,2026-03-15 00:57:09
921,3,"[\""1\"",\""2\"",\""5\"",\""6\"",\""7\"",\""8\"",\""14\""]","[\""1\"",\""2\"",\""3\"",\""5\"",\""9\"",\""12\"",\""13\"",\""14\""]",1,39345,39345,0,2026-03-15 00:57:09,2026-03-15 00:57:09
922,4,"[\""1\"",\""7\"",\""8\"",\""14\""]","[\""1\"",\""10\"",\""12\""]",1,39345,39345,0,2026-03-15 00:57:09,2026-03-15 00:57:09
923,1,"[\""1\"",\""2\"",\""3\"",\""4\"",\""5\"",\""6\"",\""7\"",\""8\"",\""9\"",\""10\"",\""11\"",\""12\"",\""13\"",\""14\""]","[\""1\"",\""2\"",\""3\"",\""4\"",\""5\"",\""6\"",\""7\"",\""8\"",\""9\"",\""10\"",\""11\"",\""12\"",\""13\"",\""14\"",\""15\""]",1,39346,39346,0,2026-03-15 02:33:02,2026-03-15 02:33:02
924,2,"[\""1\"",\""2\"",\""5\"",\""6\"",\""7\"",\""8\"",\""13\"",\""14\""]","[\""1\"",\""2\"",\""3\"",\""5\"",\""6\"",\""7\"",\""8\"",\""9\"",\""11\"",\""12\"",\""13\"",\""14\"",\""15\""]",1,39346,39346,0,2026-03-15 02:33:02,2026-03-15 02:33:02
925,3,"[\""1\"",\""2\"",\""5\"",\""6\"",\""7\"",\""8\"",\""14\""]","[\""1\"",\""2\"",\""3\"",\""5\"",\""9\"",\""12\"",\""13\"",\""14\""]",1,39346,39346,0,2026-03-15 02:33:02,2026-03-15 02:33:02
926,4,"[\""1\"",\""7\"",\""8\"",\""14\""]","[\""1\"",\""10\"",\""12\""]",1,39346,39346,0,2026-03-15 02:33:02,2026-03-15 02:33:02
927,1,"[\""1\"",\""2\"",\""3\"",\""4\"",\""5\"",\""6\"",\""7\"",\""8\"",\""9\"",\""10\"",\""11\"",\""12\"",\""13\"",\""14\""]","[\""1\"",\""2\"",\""3\"",\""4\"",\""5\"",\""6\"",\""7\"",\""8\"",\""9\"",\""10\"",\""11\"",\""12\"",\""13\"",\""14\"",\""15\""]",1,39347,39347,0,2026-03-16 14:49:37,2026-03-16 14:49:37
928,2,"[\""1\"",\""2\"",\""5\"",\""6\"",\""7\"",\""8\"",\""13\"",\""14\""]","[\""1\"",\""2\"",\""3\"",\""5\"",\""6\"",\""7\"",\""8\"",\""9\"",\""11\"",\""12\"",\""13\"",\""14\"",\""15\""]",1,39347,39347,0,2026-03-16 14:49:37,2026-03-16 14:49:37
929,3,"[\""1\"",\""2\"",\""5\"",\""6\"",\""7\"",\""8\"",\""14\""]","[\""1\"",\""2\"",\""3\"",\""5\"",\""9\"",\""12\"",\""13\"",\""14\""]",1,39347,39347,0,2026-03-16 14:49:37,2026-03-16 14:49:37
930,4,"[\""1\"",\""7\"",\""8\"",\""14\""]","[\""1\"",\""10\"",\""12\""]",1,39347,39347,0,2026-03-16 14:49:37,2026-03-16 14:49:37
931,1,"[\""1\"",\""2\"",\""3\"",\""4\"",\""5\"",\""6\"",\""7\"",\""8\"",\""9\"",\""10\"",\""11\"",\""12\"",\""13\"",\""14\""]","[\""1\"",\""2\"",\""3\"",\""4\"",\""5\"",\""6\"",\""7\"",\""8\"",\""9\"",\""10\"",\""11\"",\""12\"",\""13\"",\""14\"",\""15\""]",1,39348,39348,0,2026-03-16 16:03:59,2026-03-16 16:03:59
932,2,"[\""1\"",\""2\"",\""5\"",\""6\"",\""7\"",\""8\"",\""13\"",\""14\""]","[\""1\"",\""2\"",\""3\"",\""5\"",\""6\"",\""7\"",\""8\"",\""9\"",\""11\"",\""12\"",\""13\"",\""14\"",\""15\""]",1,39348,39348,0,2026-03-16 16:03:59,2026-03-16 16:03:59
933,3,"[\""1\"",\""2\"",\""5\"",\""6\"",\""7\"",\""8\"",\""14\""]","[\""1\"",\""2\"",\""3\"",\""5\"",\""9\"",\""12\"",\""13\"",\""14\""]",1,39348,39348,0,2026-03-16 16:03:59,2026-03-16 16:03:59
934,4,"[\""1\"",\""7\"",\""8\"",\""14\""]","[\""1\"",\""10\"",\""12\""]",1,39348,39348,0,2026-03-16 16:03:59,2026-03-16 16:03:59
935,1,"[\""1\"",\""2\"",\""3\"",\""4\"",\""5\"",\""6\"",\""7\"",\""8\"",\""9\"",\""10\"",\""11\"",\""12\"",\""13\"",\""14\""]","[\""1\"",\""2\"",\""3\"",\""4\"",\""5\"",\""6\"",\""7\"",\""8\"",\""9\"",\""10\"",\""11\"",\""12\"",\""13\"",\""14\"",\""15\""]",1,39349,39349,0,2026-03-16 16:05:48,2026-03-16 16:05:48
936,2,"[\""1\"",\""2\"",\""5\"",\""6\"",\""7\"",\""8\"",\""13\"",\""14\""]","[\""1\"",\""2\"",\""3\"",\""5\"",\""6\"",\""7\"",\""8\"",\""9\"",\""11\"",\""12\"",\""13\"",\""14\"",\""15\""]",1,39349,39349,0,2026-03-16 16:05:48,2026-03-16 16:05:48
937,3,"[\""1\"",\""2\"",\""5\"",\""6\"",\""7\"",\""8\"",\""14\""]","[\""1\"",\""2\"",\""3\"",\""5\"",\""9\"",\""12\"",\""13\"",\""14\""]",1,39349,39349,0,2026-03-16 16:05:48,2026-03-16 16:05:48
938,4,"[\""1\"",\""7\"",\""8\"",\""14\""]","[\""1\"",\""10\"",\""12\""]",1,39349,39349,0,2026-03-16 16:05:48,2026-03-16 16:05:48
939,1,"[\""1\"",\""2\"",\""3\"",\""4\"",\""5\"",\""6\"",\""7\"",\""8\"",\""9\"",\""10\"",\""11\"",\""12\"",\""13\"",\""14\""]","[\""1\"",\""2\"",\""3\"",\""4\"",\""5\"",\""6\"",\""7\"",\""8\"",\""9\"",\""10\"",\""11\"",\""12\"",\""13\"",\""14\"",\""15\""]",1,39350,39350,0,2026-03-16 16:17:03,2026-03-16 16:17:03
940,2,"[\""1\"",\""2\"",\""5\"",\""6\"",\""7\"",\""8\"",\""13\"",\""14\""]","[\""1\"",\""2\"",\""3\"",\""5\"",\""6\"",\""7\"",\""8\"",\""9\"",\""11\"",\""12\"",\""13\"",\""14\"",\""15\""]",1,39350,39350,0,2026-03-16 16:17:03,2026-03-16 16:17:03
941,3,"[\""1\"",\""2\"",\""5\"",\""6\"",\""7\"",\""8\"",\""14\""]","[\""1\"",\""2\"",\""3\"",\""5\"",\""9\"",\""12\"",\""13\"",\""14\""]",1,39350,39350,0,2026-03-16 16:17:03,2026-03-16 16:17:03
942,4,"[\""1\"",\""7\"",\""8\"",\""14\""]","[\""1\"",\""10\"",\""12\""]",1,39350,39350,0,2026-03-16 16:17:03,2026-03-16 16:17:03
943,1,"[\""1\"",\""2\"",\""3\"",\""4\"",\""5\"",\""6\"",\""7\"",\""8\"",\""9\"",\""10\"",\""11\"",\""12\"",\""13\"",\""14\""]","[\""1\"",\""2\"",\""3\"",\""4\"",\""5\"",\""6\"",\""7\"",\""8\"",\""9\"",\""10\"",\""11\"",\""12\"",\""13\"",\""14\"",\""15\""]",1,39351,39351,0,2026-03-16 16:20:41,2026-03-16 16:20:41
944,2,"[\""1\"",\""2\"",\""5\"",\""6\"",\""7\"",\""8\"",\""13\"",\""14\""]","[\""1\"",\""2\"",\""3\"",\""5\"",\""6\"",\""7\"",\""8\"",\""9\"",\""11\"",\""12\"",\""13\"",\""14\"",\""15\""]",1,39351,39351,0,2026-03-16 16:20:41,2026-03-16 16:20:41
945,3,"[\""1\"",\""2\"",\""5\"",\""6\"",\""7\"",\""8\"",\""14\""]","[\""1\"",\""2\"",\""3\"",\""5\"",\""9\"",\""12\"",\""13\"",\""14\""]",1,39351,39351,0,2026-03-16 16:20:41,2026-03-16 16:20:41
946,4,"[\""1\"",\""7\"",\""8\"",\""14\""]","[\""1\"",\""10\"",\""12\""]",1,39351,39351,0,2026-03-16 16:20:41,2026-03-16 16:20:41
947,1,"[\""1\"",\""2\"",\""3\"",\""4\"",\""5\"",\""6\"",\""7\"",\""8\"",\""9\"",\""10\"",\""11\"",\""12\"",\""13\"",\""14\""]","[\""1\"",\""2\"",\""3\"",\""4\"",\""5\"",\""6\"",\""7\"",\""8\"",\""9\"",\""10\"",\""11\"",\""12\"",\""13\"",\""14\"",\""15\""]",1,39352,39352,0,2026-03-16 17:21:43,2026-03-16 17:21:43
948,2,"[\""1\"",\""2\"",\""5\"",\""6\"",\""7\"",\""8\"",\""13\"",\""14\""]","[\""1\"",\""2\"",\""3\"",\""5\"",\""6\"",\""7\"",\""8\"",\""9\"",\""11\"",\""12\"",\""13\"",\""14\"",\""15\""]",1,39352,39352,0,2026-03-16 17:21:43,2026-03-16 17:21:43
949,3,"[\""1\"",\""2\"",\""5\"",\""6\"",\""7\"",\""8\"",\""14\""]","[\""1\"",\""2\"",\""3\"",\""5\"",\""9\"",\""12\"",\""13\"",\""14\""]",1,39352,39352,0,2026-03-16 17:21:43,2026-03-16 17:21:43
950,4,"[\""1\"",\""7\"",\""8\"",\""14\""]","[\""1\"",\""10\"",\""12\""]",1,39352,39352,0,2026-03-16 17:21:43,2026-03-16 17:21:43
951,1,"[\""1\"",\""2\"",\""3\"",\""4\"",\""5\"",\""6\"",\""7\"",\""8\"",\""9\"",\""10\"",\""11\"",\""12\"",\""13\"",\""14\""]","[\""1\"",\""2\"",\""3\"",\""4\"",\""5\"",\""6\"",\""7\"",\""8\"",\""9\"",\""10\"",\""11\"",\""12\"",\""13\"",\""14\"",\""15\""]",1,39353,39353,0,2026-03-17 10:46:05,2026-03-17 10:46:05
952,2,"[\""1\"",\""2\"",\""5\"",\""6\"",\""7\"",\""8\"",\""13\"",\""14\""]","[\""1\"",\""2\"",\""3\"",\""5\"",\""6\"",\""7\"",\""8\"",\""9\"",\""11\"",\""12\"",\""13\"",\""14\"",\""15\""]",1,39353,39353,0,2026-03-17 10:46:05,2026-03-17 10:46:05
953,3,"[\""1\"",\""2\"",\""5\"",\""6\"",\""7\"",\""8\"",\""14\""]","[\""1\"",\""2\"",\""3\"",\""5\"",\""9\"",\""12\"",\""13\"",\""14\""]",1,39353,39353,0,2026-03-17 10:46:05,2026-03-17 10:46:05
954,4,"[\""1\"",\""7\"",\""8\"",\""14\""]","[\""1\"",\""10\"",\""12\""]",1,39353,39353,0,2026-03-17 10:46:05,2026-03-17 10:46:05
955,1,"[\""1\"",\""2\"",\""3\"",\""4\"",\""5\"",\""6\"",\""7\"",\""8\"",\""9\"",\""10\"",\""11\"",\""12\"",\""13\"",\""14\""]","[\""1\"",\""2\"",\""3\"",\""4\"",\""5\"",\""6\"",\""7\"",\""8\"",\""9\"",\""10\"",\""11\"",\""12\"",\""13\"",\""14\"",\""15\""]",1,39354,39354,0,2026-03-17 18:06:10,2026-03-17 18:06:10
956,2,"[\""1\"",\""2\"",\""5\"",\""6\"",\""7\"",\""8\"",\""13\"",\""14\""]","[\""1\"",\""2\"",\""3\"",\""5\"",\""6\"",\""7\"",\""8\"",\""9\"",\""11\"",\""12\"",\""13\"",\""14\"",\""15\""]",1,39354,39354,0,2026-03-17 18:06:10,2026-03-17 18:06:10
957,3,"[\""1\"",\""2\"",\""5\"",\""6\"",\""7\"",\""8\"",\""14\""]","[\""1\"",\""2\"",\""3\"",\""5\"",\""9\"",\""12\"",\""13\"",\""14\""]",1,39354,39354,0,2026-03-17 18:06:10,2026-03-17 18:06:10
958,4,"[\""1\"",\""7\"",\""8\"",\""14\""]","[\""1\"",\""10\"",\""12\""]",1,39354,39354,0,2026-03-17 18:06:10,2026-03-17 18:06:10
959,1,"[\""1\"",\""2\"",\""3\"",\""4\"",\""5\"",\""6\"",\""7\"",\""8\"",\""9\"",\""10\"",\""11\"",\""12\"",\""13\"",\""14\""]","[\""1\"",\""2\"",\""3\"",\""4\"",\""5\"",\""6\"",\""7\"",\""8\"",\""9\"",\""10\"",\""11\"",\""12\"",\""13\"",\""14\"",\""15\""]",1,39355,39355,0,2026-03-18 11:08:28,2026-03-18 11:08:28
960,2,"[\""1\"",\""2\"",\""5\"",\""6\"",\""7\"",\""8\"",\""13\"",\""14\""]","[\""1\"",\""2\"",\""3\"",\""5\"",\""6\"",\""7\"",\""8\"",\""9\"",\""11\"",\""12\"",\""13\"",\""14\"",\""15\""]",1,39355,39355,0,2026-03-18 11:08:28,2026-03-18 11:08:28
961,3,"[\""1\"",\""2\"",\""5\"",\""6\"",\""7\"",\""8\"",\""14\""]","[\""1\"",\""2\"",\""3\"",\""5\"",\""9\"",\""12\"",\""13\"",\""14\""]",1,39355,39355,0,2026-03-18 11:08:28,2026-03-18 11:08:28
962,4,"[\""1\"",\""7\"",\""8\"",\""14\""]","[\""1\"",\""10\"",\""12\""]",1,39355,39355,0,2026-03-18 11:08:28,2026-03-18 11:08:28
963,1,"[\""1\"",\""2\"",\""3\"",\""4\"",\""5\"",\""6\"",\""7\"",\""8\"",\""9\"",\""10\"",\""11\"",\""12\"",\""13\"",\""14\""]","[\""1\"",\""2\"",\""3\"",\""4\"",\""5\"",\""6\"",\""7\"",\""8\"",\""9\"",\""10\"",\""11\"",\""12\"",\""13\"",\""14\"",\""15\""]",1,39356,39356,0,2026-03-18 11:22:33,2026-03-18 11:22:33
964,2,"[\""1\"",\""2\"",\""5\"",\""6\"",\""7\"",\""8\"",\""13\"",\""14\""]","[\""1\"",\""2\"",\""3\"",\""5\"",\""6\"",\""7\"",\""8\"",\""9\"",\""11\"",\""12\"",\""13\"",\""14\"",\""15\""]",1,39356,39356,0,2026-03-18 11:22:33,2026-03-18 11:22:33
965,3,"[\""1\"",\""2\"",\""5\"",\""6\"",\""7\"",\""8\"",\""14\""]","[\""1\"",\""2\"",\""3\"",\""5\"",\""9\"",\""12\"",\""13\"",\""14\""]",1,39356,39356,0,2026-03-18 11:22:33,2026-03-18 11:22:33
966,4,"[\""1\"",\""7\"",\""8\"",\""14\""]","[\""1\"",\""10\"",\""12\""]",1,39356,39356,0,2026-03-18 11:22:33,2026-03-18 11:22:33
967,53,"[\""1\"", \""2\"", \""3\"", \""4\"", \""5\"", \""6\"", \""7\"", \""8\"", \""9\"", \""10\"", \""11\"", \""12\"", \""13\"", \""14\""]","[\""1\"",\""2\""]",1,39314,38985,1,2026-03-18 13:09:10,2026-04-21 15:59:47
968,18,"[\""1\"", \""2\"", \""3\"", \""4\"", \""5\"", \""6\"", \""7\"", \""8\"", \""9\"", \""10\"", \""11\"", \""12\"", \""13\"", \""14\""]","[\""2\"",\""3\"",\""5\""]",1,38872,38860,1,2026-03-18 16:43:50,2026-03-18 16:43:50
969,18,"[\""1\"", \""2\"", \""3\"", \""4\"", \""5\"", \""6\"", \""7\"", \""8\"", \""9\"", \""10\"", \""11\"", \""12\"", \""13\"", \""14\""]","[\""1\"",\""7\""]",1,38860,38860,1,2026-03-18 16:44:42,2026-03-21 18:11:49
970,20,"[\""1\"", \""2\"", \""3\"", \""4\"", \""5\"", \""6\"", \""7\"", \""8\"", \""9\"", \""10\"", \""11\"", \""12\"", \""13\"", \""14\""]","[\""1\"",\""4\""]",1,38872,38860,0,2026-03-18 18:26:35,2026-03-18 18:26:35
971,1,"[\""1\"",\""2\"",\""3\"",\""4\"",\""5\"",\""6\"",\""7\"",\""8\"",\""9\"",\""10\"",\""11\"",\""12\"",\""13\"",\""14\""]","[\""1\"",\""2\"",\""3\"",\""4\"",\""5\"",\""6\"",\""7\"",\""8\"",\""9\"",\""10\"",\""11\"",\""12\"",\""13\"",\""14\"",\""15\""]",1,39357,39357,0,2026-03-19 13:13:35,2026-03-19 13:13:35
972,2,"[\""1\"",\""2\"",\""5\"",\""6\"",\""7\"",\""8\"",\""13\"",\""14\""]","[\""1\"",\""2\"",\""3\"",\""5\"",\""6\"",\""7\"",\""8\"",\""9\"",\""11\"",\""12\"",\""13\"",\""14\"",\""15\""]",1,39357,39357,0,2026-03-19 13:13:35,2026-03-19 13:13:35
973,3,"[\""1\"",\""2\"",\""5\"",\""6\"",\""7\"",\""8\"",\""14\""]","[\""1\"",\""2\"",\""3\"",\""5\"",\""9\"",\""12\"",\""13\"",\""14\""]",1,39357,39357,0,2026-03-19 13:13:35,2026-03-19 13:13:35
974,4,"[\""1\"",\""7\"",\""8\"",\""14\""]","[\""1\"",\""10\"",\""12\""]",1,39357,39357,0,2026-03-19 13:13:35,2026-03-19 13:13:35
975,1,"[\""1\"",\""2\"",\""3\"",\""4\"",\""5\"",\""6\"",\""7\"",\""8\"",\""9\"",\""10\"",\""11\"",\""12\"",\""13\"",\""14\""]","[\""1\"",\""2\"",\""3\"",\""4\"",\""5\"",\""6\"",\""7\"",\""8\"",\""9\"",\""10\"",\""11\"",\""12\"",\""13\"",\""14\"",\""15\""]",1,39362,39362,0,2026-03-19 16:47:06,2026-03-19 16:47:06
976,2,"[\""1\"",\""2\"",\""5\"",\""6\"",\""7\"",\""8\"",\""13\"",\""14\""]","[\""1\"",\""2\"",\""3\"",\""5\"",\""6\"",\""7\"",\""8\"",\""9\"",\""11\"",\""12\"",\""13\"",\""14\"",\""15\""]",1,39362,39362,0,2026-03-19 16:47:06,2026-03-19 16:47:06
977,3,"[\""1\"",\""2\"",\""5\"",\""6\"",\""7\"",\""8\"",\""14\""]","[\""1\"",\""2\"",\""3\"",\""5\"",\""9\"",\""12\"",\""13\"",\""14\""]",1,39362,39362,0,2026-03-19 16:47:06,2026-03-19 16:47:06
978,4,"[\""1\"",\""7\"",\""8\"",\""14\""]","[\""1\"",\""10\"",\""12\""]",1,39362,39362,0,2026-03-19 16:47:06,2026-03-19 16:47:06
979,1,"[\""1\"",\""2\"",\""3\"",\""4\"",\""5\"",\""6\"",\""7\"",\""8\"",\""9\"",\""10\"",\""11\"",\""12\"",\""13\"",\""14\""]","[\""1\"",\""2\"",\""3\"",\""4\"",\""5\"",\""6\"",\""7\"",\""8\"",\""9\"",\""10\"",\""11\"",\""12\"",\""13\"",\""14\"",\""15\""]",1,39366,39366,0,2026-03-20 13:24:57,2026-03-20 13:24:57
980,2,"[\""1\"",\""2\"",\""5\"",\""6\"",\""7\"",\""8\"",\""13\"",\""14\""]","[\""1\"",\""2\"",\""3\"",\""5\"",\""6\"",\""7\"",\""8\"",\""9\"",\""11\"",\""12\"",\""13\"",\""14\"",\""15\""]",1,39366,39366,0,2026-03-20 13:24:57,2026-03-20 13:24:57
981,3,"[\""1\"",\""2\"",\""5\"",\""6\"",\""7\"",\""8\"",\""14\""]","[\""1\"",\""2\"",\""3\"",\""5\"",\""9\"",\""12\"",\""13\"",\""14\""]",1,39366,39366,0,2026-03-20 13:24:57,2026-03-20 13:24:57
982,4,"[\""1\"",\""7\"",\""8\"",\""14\""]","[\""1\"",\""10\"",\""12\""]",1,39366,39366,0,2026-03-20 13:24:57,2026-03-20 13:24:57
983,22,"[\""1\"", \""2\"", \""3\"", \""4\"", \""5\"", \""6\"", \""7\"", \""8\"", \""9\"", \""10\"", \""11\"", \""12\"", \""13\"", \""14\""]","[\""1\"",\""2\"",\""3\""]",1,639,38985,1,2026-03-20 17:28:50,2026-03-20 17:28:56
984,21,"[\""1\"", \""2\"", \""3\"", \""4\"", \""5\"", \""6\"", \""7\"", \""8\"", \""9\"", \""10\"", \""11\"", \""12\"", \""13\"", \""14\""]","[\""1\""]",1,639,38985,1,2026-03-20 17:29:11,2026-03-20 17:29:11
985,1,"[\""1\"",\""2\"",\""3\"",\""4\"",\""5\"",\""6\"",\""7\"",\""8\"",\""9\"",\""10\"",\""11\"",\""12\"",\""13\"",\""14\""]","[\""1\"",\""2\"",\""3\"",\""4\"",\""5\"",\""6\"",\""7\"",\""8\"",\""9\"",\""10\"",\""11\"",\""12\"",\""13\"",\""14\"",\""15\""]",1,39367,39367,0,2026-03-20 17:32:28,2026-03-20 17:32:28
986,2,"[\""1\"",\""2\"",\""5\"",\""6\"",\""7\"",\""8\"",\""13\"",\""14\""]","[\""1\"",\""2\"",\""3\"",\""5\"",\""6\"",\""7\"",\""8\"",\""9\"",\""11\"",\""12\"",\""13\"",\""14\"",\""15\""]",1,39367,39367,0,2026-03-20 17:32:28,2026-03-20 17:32:28
987,3,"[\""1\"",\""2\"",\""5\"",\""6\"",\""7\"",\""8\"",\""14\""]","[\""1\"",\""2\"",\""3\"",\""5\"",\""9\"",\""12\"",\""13\"",\""14\""]",1,39367,39367,0,2026-03-20 17:32:28,2026-03-20 17:32:28
988,4,"[\""1\"",\""7\"",\""8\"",\""14\""]","[\""1\"",\""10\"",\""12\""]",1,39367,39367,0,2026-03-20 17:32:28,2026-03-20 17:32:28
989,23,"[\""1\"", \""2\"", \""3\"", \""4\"", \""5\"", \""6\"", \""7\"", \""8\"", \""9\"", \""10\"", \""11\"", \""12\"", \""13\"", \""14\""]","[\""1\""]",1,639,38985,1,2026-03-20 17:43:00,2026-03-20 17:43:00
990,1,"[\""1\"",\""2\"",\""3\"",\""4\"",\""5\"",\""6\"",\""7\"",\""8\"",\""9\"",\""10\"",\""11\"",\""12\"",\""13\"",\""14\""]","[\""1\"",\""2\"",\""3\"",\""4\"",\""5\"",\""6\"",\""7\"",\""8\"",\""9\"",\""10\"",\""11\"",\""12\"",\""13\"",\""14\"",\""15\""]",1,39368,39368,0,2026-03-21 13:13:01,2026-03-21 13:13:01
991,2,"[\""1\"",\""2\"",\""5\"",\""6\"",\""7\"",\""8\"",\""13\"",\""14\""]","[\""1\"",\""2\"",\""3\"",\""5\"",\""6\"",\""7\"",\""8\"",\""9\"",\""11\"",\""12\"",\""13\"",\""14\"",\""15\""]",1,39368,39368,0,2026-03-21 13:13:01,2026-03-21 13:13:01
992,3,"[\""1\"",\""2\"",\""5\"",\""6\"",\""7\"",\""8\"",\""14\""]","[\""1\"",\""2\"",\""3\"",\""5\"",\""9\"",\""12\"",\""13\"",\""14\""]",1,39368,39368,0,2026-03-21 13:13:01,2026-03-21 13:13:01
993,4,"[\""1\"",\""7\"",\""8\"",\""14\""]","[\""1\"",\""10\"",\""12\""]",1,39368,39368,0,2026-03-21 13:13:01,2026-03-21 13:13:01
994,1,"[\""1\"",\""2\"",\""3\"",\""4\"",\""5\"",\""6\"",\""7\"",\""8\"",\""9\"",\""10\"",\""11\"",\""12\"",\""13\"",\""14\""]","[\""1\"",\""2\"",\""3\"",\""4\"",\""5\"",\""6\"",\""7\"",\""8\"",\""9\"",\""10\"",\""11\"",\""12\"",\""13\"",\""14\"",\""15\""]",1,39369,39369,0,2026-03-21 13:21:32,2026-03-21 13:21:32
995,2,"[\""1\"",\""2\"",\""5\"",\""6\"",\""7\"",\""8\"",\""13\"",\""14\""]","[\""1\"",\""2\"",\""3\"",\""5\"",\""6\"",\""7\"",\""8\"",\""9\"",\""11\"",\""12\"",\""13\"",\""14\"",\""15\""]",1,39369,39369,0,2026-03-21 13:21:32,2026-03-21 13:21:32
996,3,"[\""1\"",\""2\"",\""5\"",\""6\"",\""7\"",\""8\"",\""14\""]","[\""1\"",\""2\"",\""3\"",\""5\"",\""9\"",\""12\"",\""13\"",\""14\""]",1,39369,39369,0,2026-03-21 13:21:32,2026-03-21 13:21:32
997,4,"[\""1\"",\""7\"",\""8\"",\""14\""]","[\""1\"",\""10\"",\""12\""]",1,39369,39369,0,2026-03-21 13:21:32,2026-03-21 13:21:32
998,1,"[\""1\"",\""2\"",\""3\"",\""4\"",\""5\"",\""6\"",\""7\"",\""8\"",\""9\"",\""10\"",\""11\"",\""12\"",\""13\"",\""14\""]","[\""1\"",\""2\"",\""3\"",\""4\"",\""5\"",\""6\"",\""7\"",\""8\"",\""9\"",\""10\"",\""11\"",\""12\"",\""13\"",\""14\"",\""15\""]",1,39370,39370,0,2026-03-21 13:30:56,2026-03-21 13:30:56
999,2,"[\""1\"",\""2\"",\""5\"",\""6\"",\""7\"",\""8\"",\""13\"",\""14\""]","[\""1\"",\""2\"",\""3\"",\""5\"",\""6\"",\""7\"",\""8\"",\""9\"",\""11\"",\""12\"",\""13\"",\""14\"",\""15\""]",1,39370,39370,0,2026-03-21 13:30:56,2026-03-21 13:30:56
1000,3,"[\""1\"",\""2\"",\""5\"",\""6\"",\""7\"",\""8\"",\""14\""]","[\""1\"",\""2\"",\""3\"",\""5\"",\""9\"",\""12\"",\""13\"",\""14\""]",1,39370,39370,0,2026-03-21 13:30:56,2026-03-21 13:30:56
1001,4,"[\""1\"",\""7\"",\""8\"",\""14\""]","[\""1\"",\""10\"",\""12\""]",1,39370,39370,0,2026-03-21 13:30:56,2026-03-21 13:30:56
1002,1,"[\""1\"",\""2\"",\""3\"",\""4\"",\""5\"",\""6\"",\""7\"",\""8\"",\""9\"",\""10\"",\""11\"",\""12\"",\""13\"",\""14\""]","[\""1\"",\""2\"",\""3\"",\""4\"",\""5\"",\""6\"",\""7\"",\""8\"",\""9\"",\""10\"",\""11\"",\""12\"",\""13\"",\""14\"",\""15\""]",1,39371,39371,0,2026-03-21 13:40:55,2026-03-21 13:40:55
1003,2,"[\""1\"",\""2\"",\""5\"",\""6\"",\""7\"",\""8\"",\""13\"",\""14\""]","[\""1\"",\""2\"",\""3\"",\""5\"",\""6\"",\""7\"",\""8\"",\""9\"",\""11\"",\""12\"",\""13\"",\""14\"",\""15\""]",1,39371,39371,0,2026-03-21 13:40:55,2026-03-21 13:40:55
1004,3,"[\""1\"",\""2\"",\""5\"",\""6\"",\""7\"",\""8\"",\""14\""]","[\""1\"",\""2\"",\""3\"",\""5\"",\""9\"",\""12\"",\""13\"",\""14\""]",1,39371,39371,0,2026-03-21 13:40:55,2026-03-21 13:40:55
1005,4,"[\""1\"",\""7\"",\""8\"",\""14\""]","[\""1\"",\""10\"",\""12\""]",1,39371,39371,0,2026-03-21 13:40:55,2026-03-21 13:40:55
1006,1,"[\""1\"",\""2\"",\""3\"",\""4\"",\""5\"",\""6\"",\""7\"",\""8\"",\""9\"",\""10\"",\""11\"",\""12\"",\""13\"",\""14\""]","[\""1\"",\""2\"",\""3\"",\""4\"",\""5\"",\""6\"",\""7\"",\""8\"",\""9\"",\""10\"",\""11\"",\""12\"",\""13\"",\""14\"",\""15\""]",1,39373,39373,0,2026-03-21 13:44:57,2026-03-21 13:44:57
1007,2,"[\""1\"",\""2\"",\""5\"",\""6\"",\""7\"",\""8\"",\""13\"",\""14\""]","[\""1\"",\""2\"",\""3\"",\""5\"",\""6\"",\""7\"",\""8\"",\""9\"",\""11\"",\""12\"",\""13\"",\""14\"",\""15\""]",1,39373,39373,0,2026-03-21 13:44:57,2026-03-21 13:44:57
1008,3,"[\""1\"",\""2\"",\""5\"",\""6\"",\""7\"",\""8\"",\""14\""]","[\""1\"",\""2\"",\""3\"",\""5\"",\""9\"",\""12\"",\""13\"",\""14\""]",1,39373,39373,0,2026-03-21 13:44:57,2026-03-21 13:44:57
1009,4,"[\""1\"",\""7\"",\""8\"",\""14\""]","[\""1\"",\""10\"",\""12\""]",1,39373,39373,0,2026-03-21 13:44:57,2026-03-21 13:44:57
1010,1,"[\""1\"",\""2\"",\""3\"",\""4\"",\""5\"",\""6\"",\""7\"",\""8\"",\""9\"",\""10\"",\""11\"",\""12\"",\""13\"",\""14\""]","[\""1\"",\""2\"",\""3\"",\""4\"",\""5\"",\""6\"",\""7\"",\""8\"",\""9\"",\""10\"",\""11\"",\""12\"",\""13\"",\""14\"",\""15\""]",1,39374,39374,0,2026-03-21 14:42:06,2026-03-21 14:42:06
1011,2,"[\""1\"",\""2\"",\""5\"",\""6\"",\""7\"",\""8\"",\""13\"",\""14\""]","[\""1\"",\""2\"",\""3\"",\""5\"",\""6\"",\""7\"",\""8\"",\""9\"",\""11\"",\""12\"",\""13\"",\""14\"",\""15\""]",1,39374,39374,0,2026-03-21 14:42:06,2026-03-21 14:42:06
1012,3,"[\""1\"",\""2\"",\""5\"",\""6\"",\""7\"",\""8\"",\""14\""]","[\""1\"",\""2\"",\""3\"",\""5\"",\""9\"",\""12\"",\""13\"",\""14\""]",1,39374,39374,0,2026-03-21 14:42:06,2026-03-21 14:42:06
1013,4,"[\""1\"",\""7\"",\""8\"",\""14\""]","[\""1\"",\""10\"",\""12\""]",1,39374,39374,0,2026-03-21 14:42:06,2026-03-21 14:42:06
1014,1,"[\""1\"",\""2\"",\""3\"",\""4\"",\""5\"",\""6\"",\""7\"",\""8\"",\""9\"",\""10\"",\""11\"",\""12\"",\""13\"",\""14\""]","[\""1\"",\""2\"",\""3\"",\""4\"",\""5\"",\""6\"",\""7\"",\""8\"",\""9\"",\""10\"",\""11\"",\""12\"",\""13\"",\""14\"",\""15\""]",1,39375,39375,0,2026-03-21 14:47:58,2026-03-21 14:47:58
1015,2,"[\""1\"",\""2\"",\""5\"",\""6\"",\""7\"",\""8\"",\""13\"",\""14\""]","[\""1\"",\""2\"",\""3\"",\""5\"",\""6\"",\""7\"",\""8\"",\""9\"",\""11\"",\""12\"",\""13\"",\""14\"",\""15\""]",1,39375,39375,0,2026-03-21 14:47:58,2026-03-21 14:47:58
1016,3,"[\""1\"",\""2\"",\""5\"",\""6\"",\""7\"",\""8\"",\""14\""]","[\""1\"",\""2\"",\""3\"",\""5\"",\""9\"",\""12\"",\""13\"",\""14\""]",1,39375,39375,0,2026-03-21 14:47:58,2026-03-21 14:47:58
1017,4,"[\""1\"",\""7\"",\""8\"",\""14\""]","[\""1\"",\""10\"",\""12\""]",1,39375,39375,0,2026-03-21 14:47:58,2026-03-21 14:47:58
1018,1,"[\""1\"",\""2\"",\""3\"",\""4\"",\""5\"",\""6\"",\""7\"",\""8\"",\""9\"",\""10\"",\""11\"",\""12\"",\""13\"",\""14\""]","[\""1\"",\""2\"",\""3\"",\""4\"",\""5\"",\""6\"",\""7\"",\""8\"",\""9\"",\""10\"",\""11\"",\""12\"",\""13\"",\""14\"",\""15\""]",1,39377,39377,0,2026-03-21 15:18:42,2026-03-21 15:18:42
1019,2,"[\""1\"",\""2\"",\""5\"",\""6\"",\""7\"",\""8\"",\""13\"",\""14\""]","[\""1\"",\""2\"",\""3\"",\""5\"",\""6\"",\""7\"",\""8\"",\""9\"",\""11\"",\""12\"",\""13\"",\""14\"",\""15\""]",1,39377,39377,0,2026-03-21 15:18:42,2026-03-21 15:18:42
1020,3,"[\""1\"",\""2\"",\""5\"",\""6\"",\""7\"",\""8\"",\""14\""]","[\""1\"",\""2\"",\""3\"",\""5\"",\""9\"",\""12\"",\""13\"",\""14\""]",1,39377,39377,0,2026-03-21 15:18:42,2026-03-21 15:18:42
1021,4,"[\""1\"",\""7\"",\""8\"",\""14\""]","[\""1\"",\""10\"",\""12\""]",1,39377,39377,0,2026-03-21 15:18:42,2026-03-21 15:18:42
1022,1,"[\""1\"",\""2\"",\""3\"",\""4\"",\""5\"",\""6\"",\""7\"",\""8\"",\""9\"",\""10\"",\""11\"",\""12\"",\""13\"",\""14\""]","[\""1\"",\""2\"",\""3\"",\""4\"",\""5\"",\""6\"",\""7\"",\""8\"",\""9\"",\""10\"",\""11\"",\""12\"",\""13\"",\""14\"",\""15\""]",1,39381,39381,0,2026-03-24 12:44:12,2026-03-24 12:44:12
1023,2,"[\""1\"",\""2\"",\""5\"",\""6\"",\""7\"",\""8\"",\""13\"",\""14\""]","[\""1\"",\""2\"",\""3\"",\""5\"",\""6\"",\""7\"",\""8\"",\""9\"",\""11\"",\""12\"",\""13\"",\""14\"",\""15\""]",1,39381,39381,0,2026-03-24 12:44:12,2026-03-24 12:44:12
1024,3,"[\""1\"",\""2\"",\""5\"",\""6\"",\""7\"",\""8\"",\""14\""]","[\""1\"",\""2\"",\""3\"",\""5\"",\""9\"",\""12\"",\""13\"",\""14\""]",1,39381,39381,0,2026-03-24 12:44:12,2026-03-24 12:44:12
1025,4,"[\""1\"",\""7\"",\""8\"",\""14\""]","[\""1\"",\""10\"",\""12\""]",1,39381,39381,0,2026-03-24 12:44:12,2026-03-24 12:44:12
1026,1,"[\""1\"",\""2\"",\""3\"",\""4\"",\""5\"",\""6\"",\""7\"",\""8\"",\""9\"",\""10\"",\""11\"",\""12\"",\""13\"",\""14\""]","[\""1\"",\""2\"",\""3\"",\""4\"",\""5\"",\""6\"",\""7\"",\""8\"",\""9\"",\""10\"",\""11\"",\""12\"",\""13\"",\""14\"",\""15\""]",1,17,17,0,2026-03-24 15:18:10,2026-03-24 15:18:10
1027,2,"[\""1\"",\""2\"",\""5\"",\""6\"",\""7\"",\""8\"",\""13\"",\""14\""]","[\""1\"",\""2\"",\""3\"",\""5\"",\""6\"",\""7\"",\""8\"",\""9\"",\""11\"",\""12\"",\""13\"",\""14\"",\""15\""]",1,17,17,0,2026-03-24 15:18:10,2026-03-24 15:18:10
1028,3,"[\""1\"",\""2\"",\""5\"",\""6\"",\""7\"",\""8\"",\""14\""]","[\""1\"",\""2\"",\""3\"",\""5\"",\""9\"",\""12\"",\""13\"",\""14\""]",1,17,17,0,2026-03-24 15:18:10,2026-03-24 15:18:10
1029,4,"[\""1\"",\""7\"",\""8\"",\""14\""]","[\""1\"",\""10\"",\""12\""]",1,17,17,0,2026-03-24 15:18:10,2026-03-24 15:18:10
1030,1,"[\""1\"",\""2\"",\""3\"",\""4\"",\""5\"",\""6\"",\""7\"",\""8\"",\""9\"",\""10\"",\""11\"",\""12\"",\""13\"",\""14\""]","[\""1\"",\""2\"",\""3\"",\""4\"",\""5\"",\""6\"",\""7\"",\""8\"",\""9\"",\""10\"",\""11\"",\""12\"",\""13\"",\""14\"",\""15\""]",1,0,0,0,2026-03-24 15:18:58,2026-03-24 15:18:58
1031,2,"[\""1\"",\""2\"",\""5\"",\""6\"",\""7\"",\""8\"",\""13\"",\""14\""]","[\""1\"",\""2\"",\""3\"",\""5\"",\""6\"",\""7\"",\""8\"",\""9\"",\""11\"",\""12\"",\""13\"",\""14\"",\""15\""]",1,0,0,0,2026-03-24 15:18:58,2026-03-24 15:18:58
1032,3,"[\""1\"",\""2\"",\""5\"",\""6\"",\""7\"",\""8\"",\""14\""]","[\""1\"",\""2\"",\""3\"",\""5\"",\""9\"",\""12\"",\""13\"",\""14\""]",1,0,0,0,2026-03-24 15:18:58,2026-03-24 15:18:58
1033,4,"[\""1\"",\""7\"",\""8\"",\""14\""]","[\""1\"",\""10\"",\""12\""]",1,0,0,0,2026-03-24 15:18:58,2026-03-24 15:18:58
1034,1,"[\""1\"",\""2\"",\""3\"",\""4\"",\""5\"",\""6\"",\""7\"",\""8\"",\""9\"",\""10\"",\""11\"",\""12\"",\""13\"",\""14\""]","[\""1\"",\""2\"",\""3\"",\""4\"",\""5\"",\""6\"",\""7\"",\""8\"",\""9\"",\""10\"",\""11\"",\""12\"",\""13\"",\""14\"",\""15\""]",1,39388,39388,0,2026-03-25 11:52:23,2026-03-25 11:52:23
1035,2,"[\""1\"",\""2\"",\""5\"",\""6\"",\""7\"",\""8\"",\""13\"",\""14\""]","[\""1\"",\""2\"",\""3\"",\""5\"",\""6\"",\""7\"",\""8\"",\""9\"",\""11\"",\""12\"",\""13\"",\""14\"",\""15\""]",1,39388,39388,0,2026-03-25 11:52:23,2026-03-25 11:52:23
1036,3,"[\""1\"",\""2\"",\""5\"",\""6\"",\""7\"",\""8\"",\""14\""]","[\""1\"",\""2\"",\""3\"",\""5\"",\""9\"",\""12\"",\""13\"",\""14\""]",1,39388,39388,0,2026-03-25 11:52:23,2026-03-25 11:52:23
1037,4,"[\""1\"",\""7\"",\""8\"",\""14\""]","[\""1\"",\""10\"",\""12\""]",1,39388,39388,0,2026-03-25 11:52:23,2026-03-25 11:52:23
1038,1,"[\""1\"",\""2\"",\""3\"",\""4\"",\""5\"",\""6\"",\""7\"",\""8\"",\""9\"",\""10\"",\""11\"",\""12\"",\""13\"",\""14\""]","[\""1\"",\""2\"",\""3\"",\""4\"",\""5\"",\""6\"",\""7\"",\""8\"",\""9\"",\""10\"",\""11\"",\""12\"",\""13\"",\""14\"",\""15\""]",1,39389,39389,0,2026-03-25 16:54:32,2026-03-25 16:54:32
1039,2,"[\""1\"",\""2\"",\""5\"",\""6\"",\""7\"",\""8\"",\""13\"",\""14\""]","[\""1\"",\""2\"",\""3\"",\""5\"",\""6\"",\""7\"",\""8\"",\""9\"",\""11\"",\""12\"",\""13\"",\""14\"",\""15\""]",1,39389,39389,0,2026-03-25 16:54:32,2026-03-25 16:54:32
1040,3,"[\""1\"",\""2\"",\""5\"",\""6\"",\""7\"",\""8\"",\""14\""]","[\""1\"",\""2\"",\""3\"",\""5\"",\""9\"",\""12\"",\""13\"",\""14\""]",1,39389,39389,0,2026-03-25 16:54:32,2026-03-25 16:54:32
1041,4,"[\""1\"",\""7\"",\""8\"",\""14\""]","[\""1\"",\""10\"",\""12\""]",1,39389,39389,0,2026-03-25 16:54:32,2026-03-25 16:54:32
1042,1,"[\""1\"",\""2\"",\""3\"",\""4\"",\""5\"",\""6\"",\""7\"",\""8\"",\""9\"",\""10\"",\""11\"",\""12\"",\""13\"",\""14\""]","[\""1\"",\""2\"",\""3\"",\""4\"",\""5\"",\""6\"",\""7\"",\""8\"",\""9\"",\""10\"",\""11\"",\""12\"",\""13\"",\""14\"",\""15\""]",1,39390,39390,0,2026-03-25 16:56:12,2026-03-25 16:56:12
1043,2,"[\""1\"",\""2\"",\""5\"",\""6\"",\""7\"",\""8\"",\""13\"",\""14\""]","[\""1\"",\""2\"",\""3\"",\""5\"",\""6\"",\""7\"",\""8\"",\""9\"",\""11\"",\""12\"",\""13\"",\""14\"",\""15\""]",1,39390,39390,0,2026-03-25 16:56:12,2026-03-25 16:56:12
1044,3,"[\""1\"",\""2\"",\""5\"",\""6\"",\""7\"",\""8\"",\""14\""]","[\""1\"",\""2\"",\""3\"",\""5\"",\""9\"",\""12\"",\""13\"",\""14\""]",1,39390,39390,0,2026-03-25 16:56:12,2026-03-25 16:56:12
1045,4,"[\""1\"",\""7\"",\""8\"",\""14\""]","[\""1\"",\""10\"",\""12\""]",1,39390,39390,0,2026-03-25 16:56:12,2026-03-25 16:56:12
1046,1,"[\""1\"",\""2\"",\""3\"",\""4\"",\""5\"",\""6\"",\""7\"",\""8\"",\""9\"",\""10\"",\""11\"",\""12\"",\""13\"",\""14\""]","[\""1\"",\""2\"",\""3\"",\""4\"",\""5\"",\""6\"",\""7\"",\""8\"",\""9\"",\""10\"",\""11\"",\""12\"",\""13\"",\""14\"",\""15\""]",1,39391,39391,0,2026-03-25 16:59:52,2026-03-25 16:59:52
1047,2,"[\""1\"",\""2\"",\""5\"",\""6\"",\""7\"",\""8\"",\""13\"",\""14\""]","[\""1\"",\""2\"",\""3\"",\""5\"",\""6\"",\""7\"",\""8\"",\""9\"",\""11\"",\""12\"",\""13\"",\""14\"",\""15\""]",1,39391,39391,0,2026-03-25 16:59:52,2026-03-25 16:59:52
1048,3,"[\""1\"",\""2\"",\""5\"",\""6\"",\""7\"",\""8\"",\""14\""]","[\""1\"",\""2\"",\""3\"",\""5\"",\""9\"",\""12\"",\""13\"",\""14\""]",1,39391,39391,0,2026-03-25 16:59:52,2026-03-25 16:59:52
1049,4,"[\""1\"",\""7\"",\""8\"",\""14\""]","[\""1\"",\""10\"",\""12\""]",1,39391,39391,0,2026-03-25 16:59:52,2026-03-25 16:59:52
1050,1,"[\""1\"",\""2\"",\""3\"",\""4\"",\""5\"",\""6\"",\""7\"",\""8\"",\""9\"",\""10\"",\""11\"",\""12\"",\""13\"",\""14\""]","[\""1\"",\""2\"",\""3\"",\""4\"",\""5\"",\""6\"",\""7\"",\""8\"",\""9\"",\""10\"",\""11\"",\""12\"",\""13\"",\""14\"",\""15\""]",1,39392,39392,0,2026-03-25 17:00:31,2026-03-25 17:00:31
1051,2,"[\""1\"",\""2\"",\""5\"",\""6\"",\""7\"",\""8\"",\""13\"",\""14\""]","[\""1\"",\""2\"",\""3\"",\""5\"",\""6\"",\""7\"",\""8\"",\""9\"",\""11\"",\""12\"",\""13\"",\""14\"",\""15\""]",1,39392,39392,0,2026-03-25 17:00:31,2026-03-25 17:00:31
1052,3,"[\""1\"",\""2\"",\""5\"",\""6\"",\""7\"",\""8\"",\""14\""]","[\""1\"",\""2\"",\""3\"",\""5\"",\""9\"",\""12\"",\""13\"",\""14\""]",1,39392,39392,0,2026-03-25 17:00:31,2026-03-25 17:00:31
1053,4,"[\""1\"",\""7\"",\""8\"",\""14\""]","[\""1\"",\""10\"",\""12\""]",1,39392,39392,0,2026-03-25 17:00:31,2026-03-25 17:00:31
1054,1,"[\""1\"",\""2\"",\""3\"",\""4\"",\""5\"",\""6\"",\""7\"",\""8\"",\""9\"",\""10\"",\""11\"",\""12\"",\""13\"",\""14\""]","[\""1\"",\""2\"",\""3\"",\""4\"",\""5\"",\""6\"",\""7\"",\""8\"",\""9\"",\""10\"",\""11\"",\""12\"",\""13\"",\""14\"",\""15\""]",1,39393,39393,0,2026-03-25 17:01:48,2026-03-25 17:01:48
1055,2,"[\""1\"",\""2\"",\""5\"",\""6\"",\""7\"",\""8\"",\""13\"",\""14\""]","[\""1\"",\""2\"",\""3\"",\""5\"",\""6\"",\""7\"",\""8\"",\""9\"",\""11\"",\""12\"",\""13\"",\""14\"",\""15\""]",1,39393,39393,0,2026-03-25 17:01:48,2026-03-25 17:01:48
1056,3,"[\""1\"",\""2\"",\""5\"",\""6\"",\""7\"",\""8\"",\""14\""]","[\""1\"",\""2\"",\""3\"",\""5\"",\""9\"",\""12\"",\""13\"",\""14\""]",1,39393,39393,0,2026-03-25 17:01:48,2026-03-25 17:01:48
1057,4,"[\""1\"",\""7\"",\""8\"",\""14\""]","[\""1\"",\""10\"",\""12\""]",1,39393,39393,0,2026-03-25 17:01:48,2026-03-25 17:01:48
1058,1,"[\""1\"",\""2\"",\""3\"",\""4\"",\""5\"",\""6\"",\""7\"",\""8\"",\""9\"",\""10\"",\""11\"",\""12\"",\""13\"",\""14\""]","[\""1\"",\""2\"",\""3\"",\""4\"",\""5\"",\""6\"",\""7\"",\""8\"",\""9\"",\""10\"",\""11\"",\""12\"",\""13\"",\""14\"",\""15\""]",1,39394,39394,0,2026-03-25 17:34:48,2026-03-25 17:34:48
1059,2,"[\""1\"",\""2\"",\""5\"",\""6\"",\""7\"",\""8\"",\""13\"",\""14\""]","[\""1\"",\""2\"",\""3\"",\""5\"",\""6\"",\""7\"",\""8\"",\""9\"",\""11\"",\""12\"",\""13\"",\""14\"",\""15\""]",1,39394,39394,0,2026-03-25 17:34:48,2026-03-25 17:34:48
1060,3,"[\""1\"",\""2\"",\""5\"",\""6\"",\""7\"",\""8\"",\""14\""]","[\""1\"",\""2\"",\""3\"",\""5\"",\""9\"",\""12\"",\""13\"",\""14\""]",1,39394,39394,0,2026-03-25 17:34:48,2026-03-25 17:34:48
1061,4,"[\""1\"",\""7\"",\""8\"",\""14\""]","[\""1\"",\""10\"",\""12\""]",1,39394,39394,0,2026-03-25 17:34:48,2026-03-25 17:34:48
1062,1,"[\""1\"",\""2\"",\""3\"",\""4\"",\""5\"",\""6\"",\""7\"",\""8\"",\""9\"",\""10\"",\""11\"",\""12\"",\""13\"",\""14\""]","[\""1\"",\""2\"",\""3\"",\""4\"",\""5\"",\""6\"",\""7\"",\""8\"",\""9\"",\""10\"",\""11\"",\""12\"",\""13\"",\""14\"",\""15\""]",1,39395,39395,0,2026-03-26 11:17:35,2026-03-26 11:17:35
1063,2,"[\""1\"",\""2\"",\""5\"",\""6\"",\""7\"",\""8\"",\""13\"",\""14\""]","[\""1\"",\""2\"",\""3\"",\""5\"",\""6\"",\""7\"",\""8\"",\""9\"",\""11\"",\""12\"",\""13\"",\""14\"",\""15\""]",1,39395,39395,0,2026-03-26 11:17:35,2026-03-26 11:17:35
1064,3,"[\""1\"",\""2\"",\""5\"",\""6\"",\""7\"",\""8\"",\""14\""]","[\""1\"",\""2\"",\""3\"",\""5\"",\""9\"",\""12\"",\""13\"",\""14\""]",1,39395,39395,0,2026-03-26 11:17:35,2026-03-26 11:17:35
1065,4,"[\""1\"",\""7\"",\""8\"",\""14\""]","[\""1\"",\""10\"",\""12\""]",1,39395,39395,0,2026-03-26 11:17:35,2026-03-26 11:17:35
1066,1,"[\""1\"",\""2\"",\""3\"",\""4\"",\""5\"",\""6\"",\""7\"",\""8\"",\""9\"",\""10\"",\""11\"",\""12\"",\""13\"",\""14\""]","[\""1\"",\""2\"",\""3\"",\""4\"",\""5\"",\""6\"",\""7\"",\""8\"",\""9\"",\""10\"",\""11\"",\""12\"",\""13\"",\""14\"",\""15\""]",1,39397,39397,0,2026-03-26 12:08:17,2026-03-26 12:08:17
1067,2,"[\""1\"",\""2\"",\""5\"",\""6\"",\""7\"",\""8\"",\""13\"",\""14\""]","[\""1\"",\""2\"",\""3\"",\""5\"",\""6\"",\""7\"",\""8\"",\""9\"",\""11\"",\""12\"",\""13\"",\""14\"",\""15\""]",1,39397,39397,0,2026-03-26 12:08:17,2026-03-26 12:08:17
1068,3,"[\""1\"",\""2\"",\""5\"",\""6\"",\""7\"",\""8\"",\""14\""]","[\""1\"",\""2\"",\""3\"",\""5\"",\""9\"",\""12\"",\""13\"",\""14\""]",1,39397,39397,0,2026-03-26 12:08:17,2026-03-26 12:08:17
1069,4,"[\""1\"",\""7\"",\""8\"",\""14\""]","[\""1\"",\""10\"",\""12\""]",1,39397,39397,0,2026-03-26 12:08:17,2026-03-26 12:08:17
1070,1,"[\""1\"",\""2\"",\""3\"",\""4\"",\""5\"",\""6\"",\""7\"",\""8\"",\""9\"",\""10\"",\""11\"",\""12\"",\""13\"",\""14\""]","[\""1\"",\""2\"",\""3\"",\""4\"",\""5\"",\""6\"",\""7\"",\""8\"",\""9\"",\""10\"",\""11\"",\""12\"",\""13\"",\""14\"",\""15\""]",1,39398,39398,0,2026-03-26 12:25:40,2026-03-26 12:25:40
1071,2,"[\""1\"",\""2\"",\""5\"",\""6\"",\""7\"",\""8\"",\""13\"",\""14\""]","[\""1\"",\""2\"",\""3\"",\""5\"",\""6\"",\""7\"",\""8\"",\""9\"",\""11\"",\""12\"",\""13\"",\""14\"",\""15\""]",1,39398,39398,0,2026-03-26 12:25:40,2026-03-26 12:25:40
1072,3,"[\""1\"",\""2\"",\""5\"",\""6\"",\""7\"",\""8\"",\""14\""]","[\""1\"",\""2\"",\""3\"",\""5\"",\""9\"",\""12\"",\""13\"",\""14\""]",1,39398,39398,0,2026-03-26 12:25:40,2026-03-26 12:25:40
1073,4,"[\""1\"",\""7\"",\""8\"",\""14\""]","[\""1\"",\""10\"",\""12\""]",1,39398,39398,0,2026-03-26 12:25:40,2026-03-26 12:25:40
1074,1,"[\""1\"",\""2\"",\""3\"",\""4\"",\""5\"",\""6\"",\""7\"",\""8\"",\""9\"",\""10\"",\""11\"",\""12\"",\""13\"",\""14\""]","[\""1\"",\""2\"",\""3\"",\""4\"",\""5\"",\""6\"",\""7\"",\""8\"",\""9\"",\""10\"",\""11\"",\""12\"",\""13\"",\""14\"",\""15\""]",1,39400,39400,0,2026-03-26 12:40:49,2026-03-26 12:40:49
1075,2,"[\""1\"",\""2\"",\""5\"",\""6\"",\""7\"",\""8\"",\""13\"",\""14\""]","[\""1\"",\""2\"",\""3\"",\""5\"",\""6\"",\""7\"",\""8\"",\""9\"",\""11\"",\""12\"",\""13\"",\""14\"",\""15\""]",1,39400,39400,0,2026-03-26 12:40:49,2026-03-26 12:40:49
1076,3,"[\""1\"",\""2\"",\""5\"",\""6\"",\""7\"",\""8\"",\""14\""]","[\""1\"",\""2\"",\""3\"",\""5\"",\""9\"",\""12\"",\""13\"",\""14\""]",1,39400,39400,0,2026-03-26 12:40:49,2026-03-26 12:40:49
1077,4,"[\""1\"",\""7\"",\""8\"",\""14\""]","[\""1\"",\""10\"",\""12\""]",1,39400,39400,0,2026-03-26 12:40:49,2026-03-26 12:40:49
1078,1,"[\""1\"",\""2\"",\""3\"",\""4\"",\""5\"",\""6\"",\""7\"",\""8\"",\""9\"",\""10\"",\""11\"",\""12\"",\""13\"",\""14\""]","[\""1\"",\""2\"",\""3\"",\""4\"",\""5\"",\""6\"",\""7\"",\""8\"",\""9\"",\""10\"",\""11\"",\""12\"",\""13\"",\""14\"",\""15\""]",1,39402,39402,0,2026-03-26 12:56:45,2026-03-26 12:56:45
1079,2,"[\""1\"",\""2\"",\""5\"",\""6\"",\""7\"",\""8\"",\""13\"",\""14\""]","[\""1\"",\""2\"",\""3\"",\""5\"",\""6\"",\""7\"",\""8\"",\""9\"",\""11\"",\""12\"",\""13\"",\""14\"",\""15\""]",1,39402,39402,0,2026-03-26 12:56:45,2026-03-26 12:56:45
1080,3,"[\""1\"",\""2\"",\""5\"",\""6\"",\""7\"",\""8\"",\""14\""]","[\""1\"",\""2\"",\""3\"",\""5\"",\""9\"",\""12\"",\""13\"",\""14\""]",1,39402,39402,0,2026-03-26 12:56:45,2026-03-26 12:56:45
1081,4,"[\""1\"",\""7\"",\""8\"",\""14\""]","[\""1\"",\""10\"",\""12\""]",1,39402,39402,0,2026-03-26 12:56:45,2026-03-26 12:56:45
1082,1,"[\""1\"",\""2\"",\""3\"",\""4\"",\""5\"",\""6\"",\""7\"",\""8\"",\""9\"",\""10\"",\""11\"",\""12\"",\""13\"",\""14\""]","[\""1\"",\""2\"",\""3\"",\""4\"",\""5\"",\""6\"",\""7\"",\""8\"",\""9\"",\""10\"",\""11\"",\""12\"",\""13\"",\""14\"",\""15\""]",1,39404,39404,0,2026-03-26 13:00:09,2026-03-26 13:00:09
1083,2,"[\""1\"",\""2\"",\""5\"",\""6\"",\""7\"",\""8\"",\""13\"",\""14\""]","[\""1\"",\""2\"",\""3\"",\""5\"",\""6\"",\""7\"",\""8\"",\""9\"",\""11\"",\""12\"",\""13\"",\""14\"",\""15\""]",1,39404,39404,0,2026-03-26 13:00:09,2026-03-26 13:00:09
1084,3,"[\""1\"",\""2\"",\""5\"",\""6\"",\""7\"",\""8\"",\""14\""]","[\""1\"",\""2\"",\""3\"",\""5\"",\""9\"",\""12\"",\""13\"",\""14\""]",1,39404,39404,0,2026-03-26 13:00:09,2026-03-26 13:00:09
1085,4,"[\""1\"",\""7\"",\""8\"",\""14\""]","[\""1\"",\""10\"",\""12\""]",1,39404,39404,0,2026-03-26 13:00:09,2026-03-26 13:00:09
1086,1,"[\""1\"",\""2\"",\""3\"",\""4\"",\""5\"",\""6\"",\""7\"",\""8\"",\""9\"",\""10\"",\""11\"",\""12\"",\""13\"",\""14\""]","[\""1\"",\""2\"",\""3\"",\""4\"",\""5\"",\""6\"",\""7\"",\""8\"",\""9\"",\""10\"",\""11\"",\""12\"",\""13\"",\""14\"",\""15\""]",1,39406,39406,0,2026-03-26 13:20:14,2026-03-26 13:20:14
1087,2,"[\""1\"",\""2\"",\""5\"",\""6\"",\""7\"",\""8\"",\""13\"",\""14\""]","[\""1\"",\""2\"",\""3\"",\""5\"",\""6\"",\""7\"",\""8\"",\""9\"",\""11\"",\""12\"",\""13\"",\""14\"",\""15\""]",1,39406,39406,0,2026-03-26 13:20:14,2026-03-26 13:20:14
1088,3,"[\""1\"",\""2\"",\""5\"",\""6\"",\""7\"",\""8\"",\""14\""]","[\""1\"",\""2\"",\""3\"",\""5\"",\""9\"",\""12\"",\""13\"",\""14\""]",1,39406,39406,0,2026-03-26 13:20:14,2026-03-26 13:20:14
1089,4,"[\""1\"",\""7\"",\""8\"",\""14\""]","[\""1\"",\""10\"",\""12\""]",1,39406,39406,0,2026-03-26 13:20:14,2026-03-26 13:20:14
1090,1,"[\""1\"",\""2\"",\""3\"",\""4\"",\""5\"",\""6\"",\""7\"",\""8\"",\""9\"",\""10\"",\""11\"",\""12\"",\""13\"",\""14\""]","[\""1\"",\""2\"",\""3\"",\""4\"",\""5\"",\""6\"",\""7\"",\""8\"",\""9\"",\""10\"",\""11\"",\""12\"",\""13\"",\""14\"",\""15\""]",1,39408,39408,0,2026-03-26 13:27:35,2026-03-26 13:27:35
1091,2,"[\""1\"",\""2\"",\""5\"",\""6\"",\""7\"",\""8\"",\""13\"",\""14\""]","[\""1\"",\""2\"",\""3\"",\""5\"",\""6\"",\""7\"",\""8\"",\""9\"",\""11\"",\""12\"",\""13\"",\""14\"",\""15\""]",1,39408,39408,0,2026-03-26 13:27:35,2026-03-26 13:27:35
1092,3,"[\""1\"",\""2\"",\""5\"",\""6\"",\""7\"",\""8\"",\""14\""]","[\""1\"",\""2\"",\""3\"",\""5\"",\""9\"",\""12\"",\""13\"",\""14\""]",1,39408,39408,0,2026-03-26 13:27:35,2026-03-26 13:27:35
1093,4,"[\""1\"",\""7\"",\""8\"",\""14\""]","[\""1\"",\""10\"",\""12\""]",1,39408,39408,0,2026-03-26 13:27:35,2026-03-26 13:27:35
1094,1,"[\""1\"",\""2\"",\""3\"",\""4\"",\""5\"",\""6\"",\""7\"",\""8\"",\""9\"",\""10\"",\""11\"",\""12\"",\""13\"",\""14\""]","[\""1\"",\""2\"",\""3\"",\""4\"",\""5\"",\""6\"",\""7\"",\""8\"",\""9\"",\""10\"",\""11\"",\""12\"",\""13\"",\""14\"",\""15\""]",1,313,313,0,2026-03-30 14:45:25,2026-03-30 14:45:25
1095,2,"[\""1\"",\""2\"",\""5\"",\""6\"",\""7\"",\""8\"",\""13\"",\""14\""]","[\""1\"",\""2\"",\""3\"",\""5\"",\""6\"",\""7\"",\""8\"",\""9\"",\""11\"",\""12\"",\""13\"",\""14\"",\""15\""]",1,313,313,0,2026-03-30 14:45:25,2026-03-30 14:45:25
1096,3,"[\""1\"",\""2\"",\""5\"",\""6\"",\""7\"",\""8\"",\""14\""]","[\""1\"",\""2\"",\""3\"",\""5\"",\""9\"",\""12\"",\""13\"",\""14\""]",1,313,313,0,2026-03-30 14:45:25,2026-03-30 14:45:25
1097,4,"[\""1\"",\""7\"",\""8\"",\""14\""]","[\""1\"",\""10\"",\""12\""]",1,313,313,0,2026-03-30 14:45:25,2026-03-30 14:45:25
1098,1,"[\""1\"",\""2\"",\""3\"",\""4\"",\""5\"",\""6\"",\""7\"",\""8\"",\""9\"",\""10\"",\""11\"",\""12\"",\""13\"",\""14\""]","[\""1\"",\""2\"",\""3\"",\""4\"",\""5\"",\""6\"",\""7\"",\""8\"",\""9\"",\""10\"",\""11\"",\""12\"",\""13\"",\""14\"",\""15\""]",1,39415,39415,0,2026-03-31 16:46:58,2026-03-31 16:46:58
1099,2,"[\""1\"",\""2\"",\""5\"",\""6\"",\""7\"",\""8\"",\""13\"",\""14\""]","[\""1\"",\""2\"",\""3\"",\""5\"",\""6\"",\""7\"",\""8\"",\""9\"",\""11\"",\""12\"",\""13\"",\""14\"",\""15\""]",1,39415,39415,0,2026-03-31 16:46:58,2026-03-31 16:46:58
1100,3,"[\""1\"",\""2\"",\""5\"",\""6\"",\""7\"",\""8\"",\""14\""]","[\""1\"",\""2\"",\""3\"",\""5\"",\""9\"",\""12\"",\""13\"",\""14\""]",1,39415,39415,0,2026-03-31 16:46:58,2026-03-31 16:46:58
1101,4,"[\""1\"",\""7\"",\""8\"",\""14\""]","[\""1\"",\""10\"",\""12\""]",1,39415,39415,0,2026-03-31 16:46:58,2026-03-31 16:46:58
1102,1,"[\""1\"",\""2\"",\""3\"",\""4\"",\""5\"",\""6\"",\""7\"",\""8\"",\""9\"",\""10\"",\""11\"",\""12\"",\""13\"",\""14\""]","[\""1\"",\""2\"",\""3\"",\""4\"",\""5\"",\""6\"",\""7\"",\""8\"",\""9\"",\""10\"",\""11\"",\""12\"",\""13\"",\""14\"",\""15\""]",1,39416,39416,0,2026-03-31 16:48:05,2026-03-31 16:48:05
1103,2,"[\""1\"",\""2\"",\""5\"",\""6\"",\""7\"",\""8\"",\""13\"",\""14\""]","[\""1\"",\""2\"",\""3\"",\""5\"",\""6\"",\""7\"",\""8\"",\""9\"",\""11\"",\""12\"",\""13\"",\""14\"",\""15\""]",1,39416,39416,0,2026-03-31 16:48:05,2026-03-31 16:48:05
1104,3,"[\""1\"",\""2\"",\""5\"",\""6\"",\""7\"",\""8\"",\""14\""]","[\""1\"",\""2\"",\""3\"",\""5\"",\""9\"",\""12\"",\""13\"",\""14\""]",1,39416,39416,0,2026-03-31 16:48:05,2026-03-31 16:48:05
1105,4,"[\""1\"",\""7\"",\""8\"",\""14\""]","[\""1\"",\""10\"",\""12\""]",1,39416,39416,0,2026-03-31 16:48:05,2026-03-31 16:48:05
1106,1,"[\""1\"",\""2\"",\""3\"",\""4\"",\""5\"",\""6\"",\""7\"",\""8\"",\""9\"",\""10\"",\""11\"",\""12\"",\""13\"",\""14\""]","[\""1\"",\""2\"",\""3\"",\""4\"",\""5\"",\""6\"",\""7\"",\""8\"",\""9\"",\""10\"",\""11\"",\""12\"",\""13\"",\""14\"",\""15\""]",1,39419,39419,0,2026-03-31 18:53:20,2026-03-31 18:53:20
1107,2,"[\""1\"",\""2\"",\""5\"",\""6\"",\""7\"",\""8\"",\""13\"",\""14\""]","[\""1\"",\""2\"",\""3\"",\""5\"",\""6\"",\""7\"",\""8\"",\""9\"",\""11\"",\""12\"",\""13\"",\""14\"",\""15\""]",1,39419,39419,0,2026-03-31 18:53:20,2026-03-31 18:53:20
1108,3,"[\""1\"",\""2\"",\""5\"",\""6\"",\""7\"",\""8\"",\""14\""]","[\""1\"",\""2\"",\""3\"",\""5\"",\""9\"",\""12\"",\""13\"",\""14\""]",1,39419,39419,0,2026-03-31 18:53:20,2026-03-31 18:53:20
1109,4,"[\""1\"",\""7\"",\""8\"",\""14\""]","[\""1\"",\""10\"",\""12\""]",1,39419,39419,0,2026-03-31 18:53:20,2026-03-31 18:53:20
1110,1,"[\""1\"",\""2\"",\""3\"",\""4\"",\""5\"",\""6\"",\""7\"",\""8\"",\""9\"",\""10\"",\""11\"",\""12\"",\""13\"",\""14\""]","[\""1\"",\""2\"",\""3\"",\""4\"",\""5\"",\""6\"",\""7\"",\""8\"",\""9\"",\""10\"",\""11\"",\""12\"",\""13\"",\""14\"",\""15\""]",1,39420,39420,0,2026-03-31 19:17:13,2026-03-31 19:17:13
1111,2,"[\""1\"",\""2\"",\""5\"",\""6\"",\""7\"",\""8\"",\""13\"",\""14\""]","[\""1\"",\""2\"",\""3\"",\""5\"",\""6\"",\""7\"",\""8\"",\""9\"",\""11\"",\""12\"",\""13\"",\""14\"",\""15\""]",1,39420,39420,0,2026-03-31 19:17:13,2026-03-31 19:17:13
1112,3,"[\""1\"",\""2\"",\""5\"",\""6\"",\""7\"",\""8\"",\""14\""]","[\""1\"",\""2\"",\""3\"",\""5\"",\""9\"",\""12\"",\""13\"",\""14\""]",1,39420,39420,0,2026-03-31 19:17:13,2026-03-31 19:17:13
1113,4,"[\""1\"",\""7\"",\""8\"",\""14\""]","[\""1\"",\""10\"",\""12\""]",1,39420,39420,0,2026-03-31 19:17:13,2026-03-31 19:17:13
1114,1,"[\""1\"",\""2\"",\""3\"",\""4\"",\""5\"",\""6\"",\""7\"",\""8\"",\""9\"",\""10\"",\""11\"",\""12\"",\""13\"",\""14\""]","[\""1\"",\""2\"",\""3\"",\""4\"",\""5\"",\""6\"",\""7\"",\""8\"",\""9\"",\""10\"",\""11\"",\""12\"",\""13\"",\""14\"",\""15\""]",1,39979,39979,0,2026-04-02 15:03:33,2026-04-02 15:03:33
1115,2,"[\""1\"",\""2\"",\""5\"",\""6\"",\""7\"",\""8\"",\""13\"",\""14\""]","[\""1\"",\""2\"",\""3\"",\""5\"",\""6\"",\""7\"",\""8\"",\""9\"",\""11\"",\""12\"",\""13\"",\""14\"",\""15\""]",1,39979,39979,0,2026-04-02 15:03:33,2026-04-02 15:03:33
1116,3,"[\""1\"",\""2\"",\""5\"",\""6\"",\""7\"",\""8\"",\""14\""]","[\""1\"",\""2\"",\""3\"",\""5\"",\""9\"",\""12\"",\""13\"",\""14\""]",1,39979,39979,0,2026-04-02 15:03:33,2026-04-02 15:03:33
1117,4,"[\""1\"",\""7\"",\""8\"",\""14\""]","[\""1\"",\""10\"",\""12\""]",1,39979,39979,0,2026-04-02 15:03:33,2026-04-02 15:03:33
1118,1,"[\""1\"",\""2\"",\""3\"",\""4\"",\""5\"",\""6\"",\""7\"",\""8\"",\""9\"",\""10\"",\""11\"",\""12\"",\""13\"",\""14\""]","[\""1\"",\""2\"",\""3\"",\""4\"",\""5\"",\""6\"",\""7\"",\""8\"",\""9\"",\""10\"",\""11\"",\""12\"",\""13\"",\""14\"",\""15\""]",1,39984,39984,0,2026-04-02 16:46:15,2026-04-02 16:46:15
1119,2,"[\""1\"",\""2\"",\""5\"",\""6\"",\""7\"",\""8\"",\""13\"",\""14\""]","[\""1\"",\""2\"",\""3\"",\""5\"",\""6\"",\""7\"",\""8\"",\""9\"",\""11\"",\""12\"",\""13\"",\""14\"",\""15\""]",1,39984,39984,0,2026-04-02 16:46:15,2026-04-02 16:46:15
1120,3,"[\""1\"",\""2\"",\""5\"",\""6\"",\""7\"",\""8\"",\""14\""]","[\""1\"",\""2\"",\""3\"",\""5\"",\""9\"",\""12\"",\""13\"",\""14\""]",1,39984,39984,0,2026-04-02 16:46:15,2026-04-02 16:46:15
1121,4,"[\""1\"",\""7\"",\""8\"",\""14\""]","[\""1\"",\""10\"",\""12\""]",1,39984,39984,0,2026-04-02 16:46:15,2026-04-02 16:46:15
1122,1,"[\""1\"",\""2\"",\""3\"",\""4\"",\""5\"",\""6\"",\""7\"",\""8\"",\""9\"",\""10\"",\""11\"",\""12\"",\""13\"",\""14\""]","[\""1\"",\""2\"",\""3\"",\""4\"",\""5\"",\""6\"",\""7\"",\""8\"",\""9\"",\""10\"",\""11\"",\""12\"",\""13\"",\""14\"",\""15\""]",1,39986,39986,0,2026-04-02 16:59:36,2026-04-02 16:59:36
1123,2,"[\""1\"",\""2\"",\""5\"",\""6\"",\""7\"",\""8\"",\""13\"",\""14\""]","[\""1\"",\""2\"",\""3\"",\""5\"",\""6\"",\""7\"",\""8\"",\""9\"",\""11\"",\""12\"",\""13\"",\""14\"",\""15\""]",1,39986,39986,0,2026-04-02 16:59:36,2026-04-02 16:59:36
1124,3,"[\""1\"",\""2\"",\""5\"",\""6\"",\""7\"",\""8\"",\""14\""]","[\""1\"",\""2\"",\""3\"",\""5\"",\""9\"",\""12\"",\""13\"",\""14\""]",1,39986,39986,0,2026-04-02 16:59:36,2026-04-02 16:59:36
1125,4,"[\""1\"",\""7\"",\""8\"",\""14\""]","[\""1\"",\""10\"",\""12\""]",1,39986,39986,0,2026-04-02 16:59:36,2026-04-02 16:59:36
1126,1,"[\""1\"",\""2\"",\""3\"",\""4\"",\""5\"",\""6\"",\""7\"",\""8\"",\""9\"",\""10\"",\""11\"",\""12\"",\""13\"",\""14\""]","[\""1\"",\""2\"",\""3\"",\""4\"",\""5\"",\""6\"",\""7\"",\""8\"",\""9\"",\""10\"",\""11\"",\""12\"",\""13\"",\""14\"",\""15\""]",1,39988,39988,0,2026-04-02 17:15:35,2026-04-02 17:15:35
1127,2,"[\""1\"",\""2\"",\""5\"",\""6\"",\""7\"",\""8\"",\""13\"",\""14\""]","[\""1\"",\""2\"",\""3\"",\""5\"",\""6\"",\""7\"",\""8\"",\""9\"",\""11\"",\""12\"",\""13\"",\""14\"",\""15\""]",1,39988,39988,0,2026-04-02 17:15:35,2026-04-02 17:15:35
1128,3,"[\""1\"",\""2\"",\""5\"",\""6\"",\""7\"",\""8\"",\""14\""]","[\""1\"",\""2\"",\""3\"",\""5\"",\""9\"",\""12\"",\""13\"",\""14\""]",1,39988,39988,0,2026-04-02 17:15:35,2026-04-02 17:15:35
1129,4,"[\""1\"",\""7\"",\""8\"",\""14\""]","[\""1\"",\""10\"",\""12\""]",1,39988,39988,0,2026-04-02 17:15:35,2026-04-02 17:15:35
1130,1,"[\""1\"",\""2\"",\""3\"",\""4\"",\""5\"",\""6\"",\""7\"",\""8\"",\""9\"",\""10\"",\""11\"",\""12\"",\""13\"",\""14\""]","[\""1\"",\""2\"",\""3\"",\""4\"",\""5\"",\""6\"",\""7\"",\""8\"",\""9\"",\""10\"",\""11\"",\""12\"",\""13\"",\""14\"",\""15\""]",1,39990,39990,0,2026-04-02 17:20:29,2026-04-02 17:20:29
1131,2,"[\""1\"",\""2\"",\""5\"",\""6\"",\""7\"",\""8\"",\""13\"",\""14\""]","[\""1\"",\""2\"",\""3\"",\""5\"",\""6\"",\""7\"",\""8\"",\""9\"",\""11\"",\""12\"",\""13\"",\""14\"",\""15\""]",1,39990,39990,0,2026-04-02 17:20:29,2026-04-02 17:20:29
1132,3,"[\""1\"",\""2\"",\""5\"",\""6\"",\""7\"",\""8\"",\""14\""]","[\""1\"",\""2\"",\""3\"",\""5\"",\""9\"",\""12\"",\""13\"",\""14\""]",1,39990,39990,0,2026-04-02 17:20:29,2026-04-02 17:20:29
1133,4,"[\""1\"",\""7\"",\""8\"",\""14\""]","[\""1\"",\""10\"",\""12\""]",1,39990,39990,0,2026-04-02 17:20:29,2026-04-02 17:20:29
1134,1,"[\""1\"",\""2\"",\""3\"",\""4\"",\""5\"",\""6\"",\""7\"",\""8\"",\""9\"",\""10\"",\""11\"",\""12\"",\""13\"",\""14\""]","[\""1\"",\""2\"",\""3\"",\""4\"",\""5\"",\""6\"",\""7\"",\""8\"",\""9\"",\""10\"",\""11\"",\""12\"",\""13\"",\""14\"",\""15\""]",1,40001,40001,0,2026-04-03 15:07:42,2026-04-03 15:07:42
1135,2,"[\""1\"",\""2\"",\""5\"",\""6\"",\""7\"",\""8\"",\""13\"",\""14\""]","[\""1\"",\""2\"",\""3\"",\""5\"",\""6\"",\""7\"",\""8\"",\""9\"",\""11\"",\""12\"",\""13\"",\""14\"",\""15\""]",1,40001,40001,0,2026-04-03 15:07:42,2026-04-03 15:07:42
1136,3,"[\""1\"",\""2\"",\""5\"",\""6\"",\""7\"",\""8\"",\""14\""]","[\""1\"",\""2\"",\""3\"",\""5\"",\""9\"",\""12\"",\""13\"",\""14\""]",1,40001,40001,0,2026-04-03 15:07:42,2026-04-03 15:07:42
1137,4,"[\""1\"",\""7\"",\""8\"",\""14\""]","[\""1\"",\""10\"",\""12\""]",1,40001,40001,0,2026-04-03 15:07:42,2026-04-03 15:07:42
1138,24,"[\""1\"", \""2\"", \""3\"", \""4\"", \""5\"", \""6\"", \""7\"", \""8\"", \""9\"", \""10\"", \""11\"", \""12\"", \""13\"", \""14\""]","[\""1\"",\""4\""]",1,39314,38860,1,2026-04-03 15:35:52,2026-04-03 15:35:52
1139,1,"[\""1\"",\""2\"",\""3\"",\""4\"",\""5\"",\""6\"",\""7\"",\""8\"",\""9\"",\""10\"",\""11\"",\""12\"",\""13\"",\""14\""]","[\""1\"",\""2\"",\""3\"",\""4\"",\""5\"",\""6\"",\""7\"",\""8\"",\""9\"",\""10\"",\""11\"",\""12\"",\""13\"",\""14\"",\""15\""]",1,40021,40021,0,2026-04-03 18:08:37,2026-04-03 18:08:37
1140,2,"[\""1\"",\""2\"",\""5\"",\""6\"",\""7\"",\""8\"",\""13\"",\""14\""]","[\""1\"",\""2\"",\""3\"",\""5\"",\""6\"",\""7\"",\""8\"",\""9\"",\""11\"",\""12\"",\""13\"",\""14\"",\""15\""]",1,40021,40021,0,2026-04-03 18:08:37,2026-04-03 18:08:37
1141,3,"[\""1\"",\""2\"",\""5\"",\""6\"",\""7\"",\""8\"",\""14\""]","[\""1\"",\""2\"",\""3\"",\""5\"",\""9\"",\""12\"",\""13\"",\""14\""]",1,40021,40021,0,2026-04-03 18:08:37,2026-04-03 18:08:37
1142,4,"[\""1\"",\""7\"",\""8\"",\""14\""]","[\""1\"",\""10\"",\""12\""]",1,40021,40021,0,2026-04-03 18:08:37,2026-04-03 18:08:37
1143,1,"[\""1\"",\""2\"",\""3\"",\""4\"",\""5\"",\""6\"",\""7\"",\""8\"",\""9\"",\""10\"",\""11\"",\""12\"",\""13\"",\""14\""]","[\""1\"",\""2\"",\""3\"",\""4\"",\""5\"",\""6\"",\""7\"",\""8\"",\""9\"",\""10\"",\""11\"",\""12\"",\""13\"",\""14\"",\""15\""]",1,40036,40036,0,2026-04-03 18:55:25,2026-04-03 18:55:25
1144,2,"[\""1\"",\""2\"",\""5\"",\""6\"",\""7\"",\""8\"",\""13\"",\""14\""]","[\""1\"",\""2\"",\""3\"",\""5\"",\""6\"",\""7\"",\""8\"",\""9\"",\""11\"",\""12\"",\""13\"",\""14\"",\""15\""]",1,40036,40036,0,2026-04-03 18:55:25,2026-04-03 18:55:25
1145,3,"[\""1\"",\""2\"",\""5\"",\""6\"",\""7\"",\""8\"",\""14\""]","[\""1\"",\""2\"",\""3\"",\""5\"",\""9\"",\""12\"",\""13\"",\""14\""]",1,40036,40036,0,2026-04-03 18:55:25,2026-04-03 18:55:25
1146,4,"[\""1\"",\""7\"",\""8\"",\""14\""]","[\""1\"",\""10\"",\""12\""]",1,40036,40036,0,2026-04-03 18:55:25,2026-04-03 18:55:25
1147,1,"[\""1\"",\""2\"",\""3\"",\""4\"",\""5\"",\""6\"",\""7\"",\""8\"",\""9\"",\""10\"",\""11\"",\""12\"",\""13\"",\""14\""]","[\""1\"",\""2\"",\""3\"",\""4\"",\""5\"",\""6\"",\""7\"",\""8\"",\""9\"",\""10\"",\""11\"",\""12\"",\""13\"",\""14\"",\""15\""]",1,40038,40038,0,2026-04-04 13:30:30,2026-04-04 13:30:30
1148,2,"[\""1\"",\""2\"",\""5\"",\""6\"",\""7\"",\""8\"",\""13\"",\""14\""]","[\""1\"",\""2\"",\""3\"",\""5\"",\""6\"",\""7\"",\""8\"",\""9\"",\""11\"",\""12\"",\""13\"",\""14\"",\""15\""]",1,40038,40038,0,2026-04-04 13:30:30,2026-04-04 13:30:30
1149,3,"[\""1\"",\""2\"",\""5\"",\""6\"",\""7\"",\""8\"",\""14\""]","[\""1\"",\""2\"",\""3\"",\""5\"",\""9\"",\""12\"",\""13\"",\""14\""]",1,40038,40038,0,2026-04-04 13:30:30,2026-04-04 13:30:30
1150,4,"[\""1\"",\""7\"",\""8\"",\""14\""]","[\""1\"",\""10\"",\""12\""]",1,40038,40038,0,2026-04-04 13:30:30,2026-04-04 13:30:30
1151,1,"[\""1\"",\""2\"",\""3\"",\""4\"",\""5\"",\""6\"",\""7\"",\""8\"",\""9\"",\""10\"",\""11\"",\""12\"",\""13\"",\""14\""]","[\""1\"",\""2\"",\""3\"",\""4\"",\""5\"",\""6\"",\""7\"",\""8\"",\""9\"",\""10\"",\""11\"",\""12\"",\""13\"",\""14\"",\""15\""]",1,40039,40039,0,2026-04-04 13:36:01,2026-04-04 13:36:01
1152,2,"[\""1\"",\""2\"",\""5\"",\""6\"",\""7\"",\""8\"",\""13\"",\""14\""]","[\""1\"",\""2\"",\""3\"",\""5\"",\""6\"",\""7\"",\""8\"",\""9\"",\""11\"",\""12\"",\""13\"",\""14\"",\""15\""]",1,40039,40039,0,2026-04-04 13:36:01,2026-04-04 13:36:01
1153,3,"[\""1\"",\""2\"",\""5\"",\""6\"",\""7\"",\""8\"",\""14\""]","[\""1\"",\""2\"",\""3\"",\""5\"",\""9\"",\""12\"",\""13\"",\""14\""]",1,40039,40039,0,2026-04-04 13:36:01,2026-04-04 13:36:01
1154,4,"[\""1\"",\""7\"",\""8\"",\""14\""]","[\""1\"",\""10\"",\""12\""]",1,40039,40039,0,2026-04-04 13:36:01,2026-04-04 13:36:01
1155,1,"[\""1\"",\""2\"",\""3\"",\""4\"",\""5\"",\""6\"",\""7\"",\""8\"",\""9\"",\""10\"",\""11\"",\""12\"",\""13\"",\""14\""]","[\""1\"",\""2\"",\""3\"",\""4\"",\""5\"",\""6\"",\""7\"",\""8\"",\""9\"",\""10\"",\""11\"",\""12\"",\""13\"",\""14\"",\""15\""]",1,40045,40045,0,2026-04-04 17:50:13,2026-04-04 17:50:13
1156,2,"[\""1\"",\""2\"",\""5\"",\""6\"",\""7\"",\""8\"",\""13\"",\""14\""]","[\""1\"",\""2\"",\""3\"",\""5\"",\""6\"",\""7\"",\""8\"",\""9\"",\""11\"",\""12\"",\""13\"",\""14\"",\""15\""]",1,40045,40045,0,2026-04-04 17:50:13,2026-04-04 17:50:13
1157,3,"[\""1\"",\""2\"",\""5\"",\""6\"",\""7\"",\""8\"",\""14\""]","[\""1\"",\""2\"",\""3\"",\""5\"",\""9\"",\""12\"",\""13\"",\""14\""]",1,40045,40045,0,2026-04-04 17:50:13,2026-04-04 17:50:13
1158,4,"[\""1\"",\""7\"",\""8\"",\""14\""]","[\""1\"",\""10\"",\""12\""]",1,40045,40045,0,2026-04-04 17:50:13,2026-04-04 17:50:13
1159,1,"[\""1\"",\""2\"",\""3\"",\""4\"",\""5\"",\""6\"",\""7\"",\""8\"",\""9\"",\""10\"",\""11\"",\""12\"",\""13\"",\""14\""]","[\""1\"",\""2\"",\""3\"",\""4\"",\""5\"",\""6\"",\""7\"",\""8\"",\""9\"",\""10\"",\""11\"",\""12\"",\""13\"",\""14\"",\""15\""]",1,40047,40047,0,2026-04-04 17:54:45,2026-04-04 17:54:45
1160,2,"[\""1\"",\""2\"",\""5\"",\""6\"",\""7\"",\""8\"",\""13\"",\""14\""]","[\""1\"",\""2\"",\""3\"",\""5\"",\""6\"",\""7\"",\""8\"",\""9\"",\""11\"",\""12\"",\""13\"",\""14\"",\""15\""]",1,40047,40047,0,2026-04-04 17:54:45,2026-04-04 17:54:45
1161,3,"[\""1\"",\""2\"",\""5\"",\""6\"",\""7\"",\""8\"",\""14\""]","[\""1\"",\""2\"",\""3\"",\""5\"",\""9\"",\""12\"",\""13\"",\""14\""]",1,40047,40047,0,2026-04-04 17:54:45,2026-04-04 17:54:45
1162,4,"[\""1\"",\""7\"",\""8\"",\""14\""]","[\""1\"",\""10\"",\""12\""]",1,40047,40047,0,2026-04-04 17:54:45,2026-04-04 17:54:45
1163,1,"[\""1\"",\""2\"",\""3\"",\""4\"",\""5\"",\""6\"",\""7\"",\""8\"",\""9\"",\""10\"",\""11\"",\""12\"",\""13\"",\""14\""]","[\""1\"",\""2\"",\""3\"",\""4\"",\""5\"",\""6\"",\""7\"",\""8\"",\""9\"",\""10\"",\""11\"",\""12\"",\""13\"",\""14\"",\""15\""]",1,40053,40053,0,2026-04-07 13:42:04,2026-04-07 13:42:04
1164,2,"[\""1\"",\""2\"",\""5\"",\""6\"",\""7\"",\""8\"",\""13\"",\""14\""]","[\""1\"",\""2\"",\""3\"",\""5\"",\""6\"",\""7\"",\""8\"",\""9\"",\""11\"",\""12\"",\""13\"",\""14\"",\""15\""]",1,40053,40053,0,2026-04-07 13:42:04,2026-04-07 13:42:04
1165,3,"[\""1\"",\""2\"",\""5\"",\""6\"",\""7\"",\""8\"",\""14\""]","[\""1\"",\""2\"",\""3\"",\""5\"",\""9\"",\""12\"",\""13\"",\""14\""]",1,40053,40053,0,2026-04-07 13:42:04,2026-04-07 13:42:04
1166,4,"[\""1\"",\""7\"",\""8\"",\""14\""]","[\""1\"",\""10\"",\""12\""]",1,40053,40053,0,2026-04-07 13:42:04,2026-04-07 13:42:04
1167,1,"[\""1\"",\""2\"",\""3\"",\""4\"",\""5\"",\""6\"",\""7\"",\""8\"",\""9\"",\""10\"",\""11\"",\""12\"",\""13\"",\""14\""]","[\""1\"",\""2\"",\""3\"",\""4\"",\""5\"",\""6\"",\""7\"",\""8\"",\""9\"",\""10\"",\""11\"",\""12\"",\""13\"",\""14\"",\""15\""]",1,40057,40057,0,2026-04-09 18:39:45,2026-04-09 18:39:45
1168,2,"[\""1\"",\""2\"",\""5\"",\""6\"",\""7\"",\""8\"",\""13\"",\""14\""]","[\""1\"",\""2\"",\""3\"",\""5\"",\""6\"",\""7\"",\""8\"",\""9\"",\""11\"",\""12\"",\""13\"",\""14\"",\""15\""]",1,40057,40057,0,2026-04-09 18:39:45,2026-04-09 18:39:45
1169,3,"[\""1\"",\""2\"",\""5\"",\""6\"",\""7\"",\""8\"",\""14\""]","[\""1\"",\""2\"",\""3\"",\""5\"",\""9\"",\""12\"",\""13\"",\""14\""]",1,40057,40057,0,2026-04-09 18:39:45,2026-04-09 18:39:45
1170,4,"[\""1\"",\""7\"",\""8\"",\""14\""]","[\""1\"",\""10\"",\""12\""]",1,40057,40057,0,2026-04-09 18:39:45,2026-04-09 18:39:45
1171,1,"[\""1\"",\""2\"",\""3\"",\""4\"",\""5\"",\""6\"",\""7\"",\""8\"",\""9\"",\""10\"",\""11\"",\""12\"",\""13\"",\""14\""]","[\""1\"",\""2\"",\""3\"",\""4\"",\""5\"",\""6\"",\""7\"",\""8\"",\""9\"",\""10\"",\""11\"",\""12\"",\""13\"",\""14\"",\""15\""]",1,40058,40058,0,2026-04-10 11:28:04,2026-04-10 11:28:04
1172,2,"[\""1\"",\""2\"",\""5\"",\""6\"",\""7\"",\""8\"",\""13\"",\""14\""]","[\""1\"",\""2\"",\""3\"",\""5\"",\""6\"",\""7\"",\""8\"",\""9\"",\""11\"",\""12\"",\""13\"",\""14\"",\""15\""]",1,40058,40058,0,2026-04-10 11:28:04,2026-04-10 11:28:04
1173,3,"[\""1\"",\""2\"",\""5\"",\""6\"",\""7\"",\""8\"",\""14\""]","[\""1\"",\""2\"",\""3\"",\""5\"",\""9\"",\""12\"",\""13\"",\""14\""]",1,40058,40058,0,2026-04-10 11:28:04,2026-04-10 11:28:04
1174,4,"[\""1\"",\""7\"",\""8\"",\""14\""]","[\""1\"",\""10\"",\""12\""]",1,40058,40058,0,2026-04-10 11:28:04,2026-04-10 11:28:04
1175,1,"[\""1\"",\""2\"",\""3\"",\""4\"",\""5\"",\""6\"",\""7\"",\""8\"",\""9\"",\""10\"",\""11\"",\""12\"",\""13\"",\""14\""]","[\""1\"",\""2\"",\""3\"",\""4\"",\""5\"",\""6\"",\""7\"",\""8\"",\""9\"",\""10\"",\""11\"",\""12\"",\""13\"",\""14\"",\""15\""]",1,40059,40059,0,2026-04-10 13:38:35,2026-04-10 13:38:35
1176,2,"[\""1\"",\""2\"",\""5\"",\""6\"",\""7\"",\""8\"",\""13\"",\""14\""]","[\""1\"",\""2\"",\""3\"",\""5\"",\""6\"",\""7\"",\""8\"",\""9\"",\""11\"",\""12\"",\""13\"",\""14\"",\""15\""]",1,40059,40059,0,2026-04-10 13:38:35,2026-04-10 13:38:35
1177,3,"[\""1\"",\""2\"",\""5\"",\""6\"",\""7\"",\""8\"",\""14\""]","[\""1\"",\""2\"",\""3\"",\""5\"",\""9\"",\""12\"",\""13\"",\""14\""]",1,40059,40059,0,2026-04-10 13:38:35,2026-04-10 13:38:35
1178,4,"[\""1\"",\""7\"",\""8\"",\""14\""]","[\""1\"",\""10\"",\""12\""]",1,40059,40059,0,2026-04-10 13:38:35,2026-04-10 13:38:35
1179,25,"[\""1\"",\""5\"",\""6\"",\""7\""]","[\""9\"",\""11\"",\""12\"",\""8\""]",1,639,38985,0,2026-04-10 18:26:04,2026-05-18 15:08:41
1180,1,"[\""1\"",\""2\"",\""3\"",\""4\"",\""5\"",\""6\"",\""7\"",\""8\"",\""9\"",\""10\"",\""11\"",\""12\"",\""13\"",\""14\""]","[\""1\"",\""2\"",\""3\"",\""4\"",\""5\"",\""6\"",\""7\"",\""8\"",\""9\"",\""10\"",\""11\"",\""12\"",\""13\"",\""14\"",\""15\""]",1,40061,40061,0,2026-04-11 15:41:21,2026-04-11 15:41:21
1181,2,"[\""1\"",\""2\"",\""5\"",\""6\"",\""7\"",\""8\"",\""13\"",\""14\""]","[\""1\"",\""2\"",\""3\"",\""5\"",\""6\"",\""7\"",\""8\"",\""9\"",\""11\"",\""12\"",\""13\"",\""14\"",\""15\""]",1,40061,40061,0,2026-04-11 15:41:21,2026-04-11 15:41:21
1182,3,"[\""1\"",\""2\"",\""5\"",\""6\"",\""7\"",\""8\"",\""14\""]","[\""1\"",\""2\"",\""3\"",\""5\"",\""9\"",\""12\"",\""13\"",\""14\""]",1,40061,40061,0,2026-04-11 15:41:21,2026-04-11 15:41:21
1183,4,"[\""1\"",\""7\"",\""8\"",\""14\""]","[\""1\"",\""10\"",\""12\""]",1,40061,40061,0,2026-04-11 15:41:21,2026-04-11 15:41:21
1184,1,"[\""1\"",\""2\"",\""3\"",\""4\"",\""5\"",\""6\"",\""7\"",\""8\"",\""9\"",\""10\"",\""11\"",\""12\"",\""13\"",\""14\""]","[\""1\"",\""2\"",\""3\"",\""4\"",\""5\"",\""6\"",\""7\"",\""8\"",\""9\"",\""10\"",\""11\"",\""12\"",\""13\"",\""14\"",\""15\""]",1,40063,40063,0,2026-04-11 16:14:34,2026-04-11 16:14:34
1185,2,"[\""1\"",\""2\"",\""5\"",\""6\"",\""7\"",\""8\"",\""13\"",\""14\""]","[\""1\"",\""2\"",\""3\"",\""5\"",\""6\"",\""7\"",\""8\"",\""9\"",\""11\"",\""12\"",\""13\"",\""14\"",\""15\""]",1,40063,40063,0,2026-04-11 16:14:34,2026-04-11 16:14:34
1186,3,"[\""1\"",\""2\"",\""5\"",\""6\"",\""7\"",\""8\"",\""14\""]","[\""1\"",\""2\"",\""3\"",\""5\"",\""9\"",\""12\"",\""13\"",\""14\""]",1,40063,40063,0,2026-04-11 16:14:34,2026-04-11 16:14:34
1187,4,"[\""1\"",\""7\"",\""8\"",\""14\""]","[\""1\"",\""10\"",\""12\""]",1,40063,40063,0,2026-04-11 16:14:34,2026-04-11 16:14:34
1188,1,"[\""1\"",\""2\"",\""3\"",\""4\"",\""5\"",\""6\"",\""7\"",\""8\"",\""9\"",\""10\"",\""11\"",\""12\"",\""13\"",\""14\""]","[\""1\"",\""2\"",\""3\"",\""4\"",\""5\"",\""6\"",\""7\"",\""8\"",\""9\"",\""10\"",\""11\"",\""12\"",\""13\"",\""14\"",\""15\""]",1,40065,40065,0,2026-04-11 16:16:20,2026-04-11 16:16:20
1189,2,"[\""1\"",\""2\"",\""5\"",\""6\"",\""7\"",\""8\"",\""13\"",\""14\""]","[\""1\"",\""2\"",\""3\"",\""5\"",\""6\"",\""7\"",\""8\"",\""9\"",\""11\"",\""12\"",\""13\"",\""14\"",\""15\""]",1,40065,40065,0,2026-04-11 16:16:20,2026-04-11 16:16:20
1190,3,"[\""1\"",\""2\"",\""5\"",\""6\"",\""7\"",\""8\"",\""14\""]","[\""1\"",\""2\"",\""3\"",\""5\"",\""9\"",\""12\"",\""13\"",\""14\""]",1,40065,40065,0,2026-04-11 16:16:20,2026-04-11 16:16:20
1191,4,"[\""1\"",\""7\"",\""8\"",\""14\""]","[\""1\"",\""10\"",\""12\""]",1,40065,40065,0,2026-04-11 16:16:20,2026-04-11 16:16:20
1192,1,"[\""1\"",\""2\"",\""3\"",\""4\"",\""5\"",\""6\"",\""7\"",\""8\"",\""9\"",\""10\"",\""11\"",\""12\"",\""13\"",\""14\""]","[\""1\"",\""2\"",\""3\"",\""4\"",\""5\"",\""6\"",\""7\"",\""8\"",\""9\"",\""10\"",\""11\"",\""12\"",\""13\"",\""14\"",\""15\""]",1,40068,40068,0,2026-04-15 03:09:43,2026-04-15 03:09:43
1193,2,"[\""1\"",\""2\"",\""5\"",\""6\"",\""7\"",\""8\"",\""13\"",\""14\""]","[\""1\"",\""2\"",\""3\"",\""5\"",\""6\"",\""7\"",\""8\"",\""9\"",\""11\"",\""12\"",\""13\"",\""14\"",\""15\""]",1,40068,40068,0,2026-04-15 03:09:43,2026-04-15 03:09:43
1194,3,"[\""1\"",\""2\"",\""5\"",\""6\"",\""7\"",\""8\"",\""14\""]","[\""1\"",\""2\"",\""3\"",\""5\"",\""9\"",\""12\"",\""13\"",\""14\""]",1,40068,40068,0,2026-04-15 03:09:43,2026-04-15 03:09:43
1195,4,"[\""1\"",\""7\"",\""8\"",\""14\""]","[\""1\"",\""10\"",\""12\""]",1,40068,40068,0,2026-04-15 03:09:43,2026-04-15 03:09:43
1196,1,"[\""1\"",\""2\"",\""3\"",\""4\"",\""5\"",\""6\"",\""7\"",\""8\"",\""9\"",\""10\"",\""11\"",\""12\"",\""13\"",\""14\""]","[\""1\"",\""2\"",\""3\"",\""4\"",\""5\"",\""6\"",\""7\"",\""8\"",\""9\"",\""10\"",\""11\"",\""12\"",\""13\"",\""14\"",\""15\""]",1,40069,40069,0,2026-04-17 16:48:46,2026-04-17 16:48:46
1197,2,"[\""1\"",\""2\"",\""5\"",\""6\"",\""7\"",\""8\"",\""13\"",\""14\""]","[\""1\"",\""2\"",\""3\"",\""5\"",\""6\"",\""7\"",\""8\"",\""9\"",\""11\"",\""12\"",\""13\"",\""14\"",\""15\""]",1,40069,40069,0,2026-04-17 16:48:46,2026-04-17 16:48:46
1198,3,"[\""1\"",\""2\"",\""5\"",\""6\"",\""7\"",\""8\"",\""14\""]","[\""1\"",\""2\"",\""3\"",\""5\"",\""9\"",\""12\"",\""13\"",\""14\""]",1,40069,40069,0,2026-04-17 16:48:46,2026-04-17 16:48:46
1199,4,"[\""1\"",\""7\"",\""8\"",\""14\""]","[\""1\"",\""10\"",\""12\""]",1,40069,40069,0,2026-04-17 16:48:46,2026-04-17 16:48:46
1200,26,"[\""1\"", \""2\"", \""3\"", \""4\"", \""5\"", \""6\"", \""7\"", \""8\"", \""9\"", \""10\"", \""11\"", \""12\"", \""13\"", \""14\""]","[\""2\"",\""11\""]",1,39314,38985,0,2026-04-17 17:28:01,2026-04-17 17:28:01
1201,27,"[\""1\"", \""2\"", \""3\"", \""4\"", \""5\"", \""6\"", \""7\"", \""8\"", \""9\"", \""10\"", \""11\"", \""12\"", \""13\"", \""14\""]","[\""2\"",\""9\""]",1,39239,38985,1,2026-04-17 17:49:53,2026-04-22 12:50:17
1202,28,"[\""1\"", \""2\"", \""3\"", \""4\"", \""5\"", \""6\"", \""7\"", \""8\"", \""9\"", \""10\"", \""11\"", \""12\"", \""13\"", \""14\""]","[\""1\"",\""4\""]",1,39314,38985,0,2026-04-17 17:52:11,2026-04-17 17:52:11
1203,29,"[\""1\"", \""2\"", \""3\"", \""4\"", \""5\"", \""6\"", \""7\"", \""8\"", \""9\"", \""10\"", \""11\"", \""12\"", \""13\"", \""14\""]","[\""7\""]",1,39314,38985,0,2026-04-17 17:54:22,2026-04-17 17:54:22
1204,30,"[\""1\"", \""2\"", \""3\"", \""4\"", \""5\"", \""6\"", \""7\"", \""8\"", \""9\"", \""10\"", \""11\"", \""12\"", \""13\"", \""14\""]","[\""1\"",\""2\""]",1,39314,38985,1,2026-04-17 18:07:04,2026-04-17 18:07:04
1205,31,"[\""1\"", \""2\"", \""3\"", \""4\"", \""5\"", \""6\"", \""7\"", \""8\"", \""9\"", \""10\"", \""11\"", \""12\"", \""13\"", \""14\""]","[\""1\"",\""2\""]",1,39314,38985,1,2026-04-17 18:11:09,2026-04-17 18:11:09
1206,32,"[\""1\"", \""2\"", \""3\"", \""4\"", \""5\"", \""6\"", \""7\"", \""8\"", \""9\"", \""10\"", \""11\"", \""12\"", \""13\"", \""14\""]","[\""4\"",\""3\""]",1,39314,38985,1,2026-04-17 18:24:33,2026-04-17 18:24:33
1207,33,"[\""1\"", \""2\"", \""3\"", \""4\"", \""5\"", \""6\"", \""7\"", \""8\"", \""9\"", \""10\"", \""11\"", \""12\"", \""13\"", \""14\""]","[\""3\""]",1,39314,38985,1,2026-04-17 18:35:53,2026-04-17 18:35:53
1208,34,"[\""1\"", \""2\"", \""3\"", \""4\"", \""5\"", \""6\"", \""7\"", \""8\"", \""9\"", \""10\"", \""11\"", \""12\"", \""13\"", \""14\""]","[\""1\""]",1,39314,38985,1,2026-04-17 18:36:33,2026-04-17 18:36:33
1209,35,"[\""1\"", \""2\"", \""3\"", \""4\"", \""5\"", \""6\"", \""7\"", \""8\"", \""9\"", \""10\"", \""11\"", \""12\"", \""13\"", \""14\""]","[\""4\""]",1,39314,38985,1,2026-04-17 18:38:59,2026-04-17 18:38:59
1210,36,"[\""1\"", \""2\"", \""3\"", \""4\"", \""5\"", \""6\"", \""7\"", \""8\"", \""9\"", \""10\"", \""11\"", \""12\"", \""13\"", \""14\""]","[\""1\"",\""2\""]",1,39314,38985,1,2026-04-17 18:39:35,2026-04-20 12:33:32
1211,1,"[\""1\"",\""2\"",\""3\"",\""4\"",\""5\"",\""6\"",\""7\"",\""8\"",\""9\"",\""10\"",\""11\"",\""12\"",\""13\"",\""14\""]","[\""1\"",\""2\"",\""3\"",\""4\"",\""5\"",\""6\"",\""7\"",\""8\"",\""9\"",\""10\"",\""11\"",\""12\"",\""13\"",\""14\"",\""15\""]",1,40071,40071,0,2026-04-17 18:58:58,2026-04-17 18:58:58
1212,2,"[\""1\"",\""2\"",\""5\"",\""6\"",\""7\"",\""8\"",\""13\"",\""14\""]","[\""1\"",\""2\"",\""3\"",\""5\"",\""6\"",\""7\"",\""8\"",\""9\"",\""11\"",\""12\"",\""13\"",\""14\"",\""15\""]",1,40071,40071,0,2026-04-17 18:58:58,2026-04-17 18:58:58
1213,3,"[\""1\"",\""2\"",\""5\"",\""6\"",\""7\"",\""8\"",\""14\""]","[\""1\"",\""2\"",\""3\"",\""5\"",\""9\"",\""12\"",\""13\"",\""14\""]",1,40071,40071,0,2026-04-17 18:58:58,2026-04-17 18:58:58
1214,4,"[\""1\"",\""7\"",\""8\"",\""14\""]","[\""1\"",\""10\"",\""12\""]",1,40071,40071,0,2026-04-17 18:58:58,2026-04-17 18:58:58
1215,37,"[\""1\"", \""2\"", \""3\"", \""4\"", \""5\"", \""6\"", \""7\"", \""8\"", \""9\"", \""10\"", \""11\"", \""12\"", \""13\"", \""14\""]","{\""2\"":\""3\""}",1,39239,38985,0,2026-04-21 11:12:26,2026-04-22 11:24:25
1216,38,"[\""1\"", \""2\"", \""3\"", \""4\"", \""5\"", \""6\"", \""7\"", \""8\"", \""9\"", \""10\"", \""11\"", \""12\"", \""13\"", \""14\""]","[\""1\"",\""2\"",\""4\""]",1,5014,38985,1,2026-04-21 11:25:15,2026-04-21 11:25:49
1217,39,"[\""1\"", \""2\"", \""3\"", \""4\"", \""5\"", \""6\"", \""7\"", \""8\"", \""9\"", \""10\"", \""11\"", \""12\"", \""13\"", \""14\""]","[\""1\""]",1,38860,38860,1,2026-04-21 12:06:09,2026-04-21 12:06:09
1218,40,"[\""1\"", \""2\"", \""3\"", \""4\"", \""5\"", \""6\"", \""7\"", \""8\"", \""9\"", \""10\"", \""11\"", \""12\"", \""13\"", \""14\""]","[\""1\""]",1,39314,38985,1,2026-04-21 12:14:48,2026-04-21 12:14:48
1219,41,"[\""1\"", \""2\"", \""3\"", \""4\"", \""5\"", \""6\"", \""7\"", \""8\"", \""9\"", \""10\"", \""11\"", \""12\"", \""13\"", \""14\""]","[\""7\"",\""8\""]",1,39314,38985,1,2026-04-21 12:18:56,2026-04-21 12:18:56
1220,42,"[\""1\"", \""2\"", \""3\"", \""4\"", \""5\"", \""6\"", \""7\"", \""8\"", \""9\"", \""10\"", \""11\"", \""12\"", \""13\"", \""14\""]","[\""1\""]",1,39314,38985,1,2026-04-21 12:20:51,2026-04-21 12:20:51
1221,43,"[\""1\"", \""2\"", \""3\"", \""4\"", \""5\"", \""6\"", \""7\"", \""8\"", \""9\"", \""10\"", \""11\"", \""12\"", \""13\"", \""14\""]","[\""4\""]",1,38860,38860,1,2026-04-21 12:46:52,2026-04-21 12:46:52
1222,44,"[\""1\"", \""2\"", \""3\"", \""4\"", \""5\"", \""6\"", \""7\"", \""8\"", \""9\"", \""10\"", \""11\"", \""12\"", \""13\"", \""14\""]","[\""1\"",\""12\""]",1,39314,38985,1,2026-04-21 12:53:12,2026-04-21 12:53:12
1223,45,"[\""1\"", \""2\"", \""3\"", \""4\"", \""5\"", \""6\"", \""7\"", \""8\"", \""9\"", \""10\"", \""11\"", \""12\"", \""13\"", \""14\""]","[\""1\"",\""2\""]",1,18,38860,1,2026-04-21 13:03:39,2026-04-21 13:03:39
1224,46,"[\""1\"", \""2\"", \""3\"", \""4\"", \""5\"", \""6\"", \""7\"", \""8\"", \""9\"", \""10\"", \""11\"", \""12\"", \""13\"", \""14\""]","[\""3\""]",1,39314,38985,1,2026-04-21 15:13:02,2026-04-21 15:13:02
1225,47,"[\""1\"", \""2\"", \""3\"", \""4\"", \""5\"", \""6\"", \""7\"", \""8\"", \""9\"", \""10\"", \""11\"", \""12\"", \""13\"", \""14\""]","[\""2\"",\""3\""]",1,39314,38985,1,2026-04-21 15:17:26,2026-04-21 15:17:26
1226,48,"[\""1\"", \""2\"", \""3\"", \""4\"", \""5\"", \""6\"", \""7\"", \""8\"", \""9\"", \""10\"", \""11\"", \""12\"", \""13\"", \""14\""]","[\""1\"",\""2\""]",1,39314,38985,1,2026-04-21 15:17:49,2026-04-21 15:17:49
1227,49,"[\""1\"", \""2\"", \""3\"", \""4\"", \""5\"", \""6\"", \""7\"", \""8\"", \""9\"", \""10\"", \""11\"", \""12\"", \""13\"", \""14\""]","[\""1\"",\""2\""]",1,39314,38985,1,2026-04-21 15:19:36,2026-04-21 15:19:36
1228,50,"[\""1\"", \""2\"", \""3\"", \""4\"", \""5\"", \""6\"", \""7\"", \""8\"", \""9\"", \""10\"", \""11\"", \""12\"", \""13\"", \""14\""]","[\""3\"",\""4\""]",1,39314,38985,1,2026-04-21 15:22:06,2026-04-21 15:22:06
1229,1,"[\""1\"",\""2\"",\""3\"",\""4\"",\""5\"",\""6\"",\""7\"",\""8\"",\""9\"",\""10\"",\""11\"",\""12\"",\""13\"",\""14\""]","[\""1\"",\""2\"",\""3\"",\""4\"",\""5\"",\""6\"",\""7\"",\""8\"",\""9\"",\""10\"",\""11\"",\""12\"",\""13\"",\""14\"",\""15\""]",1,40072,40072,0,2026-04-21 17:29:14,2026-04-21 17:29:14
1230,2,"[\""1\"",\""2\"",\""5\"",\""6\"",\""7\"",\""8\"",\""13\"",\""14\""]","[\""1\"",\""2\"",\""3\"",\""5\"",\""6\"",\""7\"",\""8\"",\""9\"",\""11\"",\""12\"",\""13\"",\""14\"",\""15\""]",1,40072,40072,0,2026-04-21 17:29:14,2026-04-21 17:29:14
1231,3,"[\""1\"",\""2\"",\""5\"",\""6\"",\""7\"",\""8\"",\""14\""]","[\""1\"",\""2\"",\""3\"",\""5\"",\""9\"",\""12\"",\""13\"",\""14\""]",1,40072,40072,0,2026-04-21 17:29:14,2026-04-21 17:29:14
1232,4,"[\""1\"",\""7\"",\""8\"",\""14\""]","[\""1\"",\""10\"",\""12\""]",1,40072,40072,0,2026-04-21 17:29:14,2026-04-21 17:29:14
1233,54,"[\""1\"", \""2\"", \""3\"", \""4\"", \""5\"", \""6\"", \""7\"", \""8\"", \""9\"", \""10\"", \""11\"", \""12\"", \""13\"", \""14\""]","[\""1\"",\""2\"",\""3\""]",1,39239,38985,1,2026-04-22 12:14:41,2026-04-22 12:14:41
1234,7,"[\""1\"", \""2\"", \""3\"", \""4\"", \""5\"", \""6\"", \""7\"", \""8\"", \""9\"", \""10\"", \""11\"", \""12\"", \""13\"", \""14\""]","[\""4\"",\""5\"",\""7\""]",1,38860,38860,1,2026-04-22 15:02:20,2026-04-22 15:02:20
1235,59,"[\""1\"",\""7\""]","{\""2\"":\""12\""}",1,19,38985,1,2026-04-22 15:03:01,2026-05-04 17:48:05
1236,56,"[\""1\"",\""7\""]","[\""9\""]",1,19,38860,1,2026-04-22 15:05:53,2026-05-04 18:17:37
1237,57,"[\""1\"", \""2\"", \""3\"", \""4\"", \""5\"", \""6\"", \""7\"", \""8\"", \""9\"", \""10\"", \""11\"", \""12\"", \""13\"", \""14\""]","[\""2\"",\""3\""]",1,38860,38860,1,2026-04-22 15:07:38,2026-04-22 15:07:38
1238,58,"[\""1\"", \""2\"", \""3\"", \""4\"", \""5\"", \""6\"", \""7\"", \""8\"", \""9\"", \""10\"", \""11\"", \""12\"", \""13\"", \""14\""]","[\""3\"",\""4\"",\""5\""]",1,40071,38985,1,2026-04-22 15:37:11,2026-04-22 15:37:11
1239,1,"[\""1\"",\""2\"",\""3\"",\""4\"",\""5\"",\""6\"",\""7\"",\""8\"",\""9\"",\""10\"",\""11\"",\""12\"",\""13\"",\""14\""]","[\""1\"",\""2\"",\""3\"",\""4\"",\""5\"",\""6\"",\""7\"",\""8\"",\""9\"",\""10\"",\""11\"",\""12\"",\""13\"",\""14\"",\""15\""]",1,40075,40075,0,2026-04-23 18:16:53,2026-04-23 18:16:53
1240,2,"[\""1\"",\""2\"",\""5\"",\""6\"",\""7\"",\""8\"",\""13\"",\""14\""]","[\""1\"",\""2\"",\""3\"",\""5\"",\""6\"",\""7\"",\""8\"",\""9\"",\""11\"",\""12\"",\""13\"",\""14\"",\""15\""]",1,40075,40075,0,2026-04-23 18:16:53,2026-04-23 18:16:53
1241,3,"[\""1\"",\""2\"",\""5\"",\""6\"",\""7\"",\""8\"",\""14\""]","[\""1\"",\""2\"",\""3\"",\""5\"",\""9\"",\""12\"",\""13\"",\""14\""]",1,40075,40075,0,2026-04-23 18:16:53,2026-04-23 18:16:53
1242,4,"[\""1\"",\""7\"",\""8\"",\""14\""]","[\""1\"",\""10\"",\""12\""]",1,40075,40075,0,2026-04-23 18:16:53,2026-04-23 18:16:53
1243,1,"[\""1\"",\""2\"",\""3\"",\""4\"",\""5\"",\""6\"",\""7\"",\""8\"",\""9\"",\""10\"",\""11\"",\""12\"",\""13\"",\""14\""]","[\""1\"",\""2\"",\""3\"",\""4\"",\""5\"",\""6\"",\""7\"",\""8\"",\""9\"",\""10\"",\""11\"",\""12\"",\""13\"",\""14\"",\""15\""]",1,40079,40079,0,2026-04-27 12:06:16,2026-04-27 12:06:16
1244,2,"[\""1\"",\""2\"",\""5\"",\""6\"",\""7\"",\""8\"",\""13\"",\""14\""]","[\""1\"",\""2\"",\""3\"",\""5\"",\""6\"",\""7\"",\""8\"",\""9\"",\""11\"",\""12\"",\""13\"",\""14\"",\""15\""]",1,40079,40079,0,2026-04-27 12:06:16,2026-04-27 12:06:16
1245,3,"[\""1\"",\""2\"",\""5\"",\""6\"",\""7\"",\""8\"",\""14\""]","[\""1\"",\""2\"",\""3\"",\""5\"",\""9\"",\""12\"",\""13\"",\""14\""]",1,40079,40079,0,2026-04-27 12:06:16,2026-04-27 12:06:16
1246,4,"[\""1\"",\""7\"",\""8\"",\""14\""]","[\""1\"",\""10\"",\""12\""]",1,40079,40079,0,2026-04-27 12:06:16,2026-04-27 12:06:16
1247,1,"[\""1\"",\""2\"",\""3\"",\""4\"",\""5\"",\""6\"",\""7\"",\""8\"",\""9\"",\""10\"",\""11\"",\""12\"",\""13\"",\""14\""]","[\""1\"",\""2\"",\""3\"",\""4\"",\""5\"",\""6\"",\""7\"",\""8\"",\""9\"",\""10\"",\""11\"",\""12\"",\""13\"",\""14\"",\""15\""]",1,1938,1938,0,2026-05-02 13:05:39,2026-05-02 13:05:39
1248,2,"[\""1\"",\""2\"",\""5\"",\""6\"",\""7\"",\""8\"",\""13\"",\""14\""]","[\""1\"",\""2\"",\""3\"",\""5\"",\""6\"",\""7\"",\""8\"",\""9\"",\""11\"",\""12\"",\""13\"",\""14\"",\""15\""]",1,1938,1938,0,2026-05-02 13:05:39,2026-05-02 13:05:39
1249,3,"[\""1\"",\""2\"",\""5\"",\""6\"",\""7\"",\""8\"",\""14\""]","[\""1\"",\""2\"",\""3\"",\""5\"",\""9\"",\""12\"",\""13\"",\""14\""]",1,1938,1938,0,2026-05-02 13:05:39,2026-05-02 13:05:39
1250,4,"[\""1\"",\""7\"",\""8\"",\""14\""]","[\""1\"",\""10\"",\""12\""]",1,1938,1938,0,2026-05-02 13:05:39,2026-05-02 13:05:39
1251,1,"[\""1\"",\""2\"",\""3\"",\""4\"",\""5\"",\""6\"",\""7\"",\""8\"",\""9\"",\""10\"",\""11\"",\""12\"",\""13\"",\""14\""]","[\""1\"",\""2\"",\""3\"",\""4\"",\""5\"",\""6\"",\""7\"",\""8\"",\""9\"",\""10\"",\""11\"",\""12\"",\""13\"",\""14\"",\""15\""]",1,40081,40081,0,2026-05-06 11:33:57,2026-05-06 11:33:57
1252,2,"[\""1\"",\""2\"",\""5\"",\""6\"",\""7\"",\""8\"",\""13\"",\""14\""]","[\""1\"",\""2\"",\""3\"",\""5\"",\""6\"",\""7\"",\""8\"",\""9\"",\""11\"",\""12\"",\""13\"",\""14\"",\""15\""]",1,40081,40081,0,2026-05-06 11:33:57,2026-05-06 11:33:57
1253,3,"[\""1\"",\""2\"",\""5\"",\""6\"",\""7\"",\""8\"",\""14\""]","[\""1\"",\""2\"",\""3\"",\""5\"",\""9\"",\""12\"",\""13\"",\""14\""]",1,40081,40081,0,2026-05-06 11:33:57,2026-05-06 11:33:57
1254,4,"[\""1\"",\""7\"",\""8\"",\""14\""]","[\""1\"",\""10\"",\""12\""]",1,40081,40081,0,2026-05-06 11:33:57,2026-05-06 11:33:57
1255,1,"[\""1\"",\""2\"",\""3\"",\""4\"",\""5\"",\""6\"",\""7\"",\""8\"",\""9\"",\""10\"",\""11\"",\""12\"",\""13\"",\""14\""]","[\""1\"",\""2\"",\""3\"",\""4\"",\""5\"",\""6\"",\""7\"",\""8\"",\""9\"",\""10\"",\""11\"",\""12\"",\""13\"",\""14\"",\""15\""]",1,40083,40083,0,2026-05-07 10:52:20,2026-05-07 10:52:20
1256,2,"[\""1\"",\""2\"",\""5\"",\""6\"",\""7\"",\""8\"",\""13\"",\""14\""]","[\""1\"",\""2\"",\""3\"",\""5\"",\""6\"",\""7\"",\""8\"",\""9\"",\""11\"",\""12\"",\""13\"",\""14\"",\""15\""]",1,40083,40083,0,2026-05-07 10:52:20,2026-05-07 10:52:20
1257,3,"[\""1\"",\""2\"",\""5\"",\""6\"",\""7\"",\""8\"",\""14\""]","[\""1\"",\""2\"",\""3\"",\""5\"",\""9\"",\""12\"",\""13\"",\""14\""]",1,40083,40083,0,2026-05-07 10:52:20,2026-05-07 10:52:20
1258,4,"[\""1\"",\""7\"",\""8\"",\""14\""]","[\""1\"",\""10\"",\""12\""]",1,40083,40083,0,2026-05-07 10:52:20,2026-05-07 10:52:20
1273,74,"[\""1\"",\""5\"",\""7\"",\""8\""]","[\""1\"",\""2\"",\""3\"",\""12\""]",1,19,38860,1,2026-05-07 13:35:20,2026-05-07 13:37:33
1274,75,"[\""1\"",\""8\""]","[\""1\""]",1,39314,38985,1,2026-05-07 13:41:04,2026-05-07 13:41:04
1275,74,"[\""1\"",\""5\""]","[\""2\""]",1,19,38860,1,2026-05-07 14:38:42,2026-05-07 14:38:42
1276,76,"[\""1\"",\""5\""]","[\""2\""]",1,19,38860,1,2026-05-07 14:38:56,2026-05-07 14:38:56
1277,77,"[\""1\"",\""8\""]","[\""1\""]",1,39314,38985,1,2026-05-07 15:02:18,2026-05-07 15:02:18
1278,78,"[\""1\"",\""8\""]","[\""1\""]",1,39314,38985,1,2026-05-07 15:02:47,2026-05-07 15:02:47
1279,1,"[\""1\"",\""2\"",\""3\"",\""4\"",\""5\"",\""6\"",\""7\"",\""8\"",\""9\"",\""10\"",\""11\"",\""12\"",\""13\"",\""14\""]","[\""1\"",\""2\"",\""3\"",\""4\"",\""5\"",\""6\"",\""7\"",\""8\"",\""9\"",\""10\"",\""11\"",\""12\"",\""13\"",\""14\"",\""15\""]",1,40084,40084,0,2026-05-09 11:45:13,2026-05-09 11:45:13
1280,2,"[\""1\"",\""2\"",\""5\"",\""6\"",\""7\"",\""8\"",\""13\"",\""14\""]","[\""1\"",\""2\"",\""3\"",\""5\"",\""6\"",\""7\"",\""8\"",\""9\"",\""11\"",\""12\"",\""13\"",\""14\"",\""15\""]",1,40084,40084,0,2026-05-09 11:45:13,2026-05-09 11:45:13
1281,3,"[\""1\"",\""2\"",\""5\"",\""6\"",\""7\"",\""8\"",\""14\""]","[\""1\"",\""2\"",\""3\"",\""5\"",\""9\"",\""12\"",\""13\"",\""14\""]",1,40084,40084,0,2026-05-09 11:45:13,2026-05-09 11:45:13
1282,4,"[\""1\"",\""7\"",\""8\"",\""14\""]","[\""1\"",\""10\"",\""12\""]",1,40084,40084,0,2026-05-09 11:45:13,2026-05-09 11:45:13
1283,1,"[\""1\"",\""2\"",\""3\"",\""4\"",\""5\"",\""6\"",\""7\"",\""8\"",\""9\"",\""10\"",\""11\"",\""12\"",\""13\"",\""14\""]","[\""1\"",\""2\"",\""3\"",\""4\"",\""5\"",\""6\"",\""7\"",\""8\"",\""9\"",\""10\"",\""11\"",\""12\"",\""13\"",\""14\"",\""15\""]",1,40085,40085,0,2026-05-11 12:11:09,2026-05-11 12:11:09
1284,2,"[\""1\"",\""2\"",\""5\"",\""6\"",\""7\"",\""8\"",\""13\"",\""14\""]","[\""1\"",\""2\"",\""3\"",\""5\"",\""6\"",\""7\"",\""8\"",\""9\"",\""11\"",\""12\"",\""13\"",\""14\"",\""15\""]",1,40085,40085,0,2026-05-11 12:11:09,2026-05-11 12:11:09
1285,3,"[\""1\"",\""2\"",\""5\"",\""6\"",\""7\"",\""8\"",\""14\""]","[\""1\"",\""2\"",\""3\"",\""5\"",\""9\"",\""12\"",\""13\"",\""14\""]",1,40085,40085,0,2026-05-11 12:11:09,2026-05-11 12:11:09
1286,4,"[\""1\"",\""7\"",\""8\"",\""14\""]","[\""1\"",\""10\"",\""12\""]",1,40085,40085,0,2026-05-11 12:11:09,2026-05-11 12:11:09
1287,1,"[\""1\"",\""2\"",\""3\"",\""4\"",\""5\"",\""6\"",\""7\"",\""8\"",\""9\"",\""10\"",\""11\"",\""12\"",\""13\"",\""14\""]","[\""1\"",\""2\"",\""3\"",\""4\"",\""5\"",\""6\"",\""7\"",\""8\"",\""9\"",\""10\"",\""11\"",\""12\"",\""13\"",\""14\"",\""15\""]",1,40087,40087,0,2026-05-13 11:32:11,2026-05-13 11:32:11
1288,2,"[\""1\"",\""2\"",\""5\"",\""6\"",\""7\"",\""8\"",\""13\"",\""14\""]","[\""1\"",\""2\"",\""3\"",\""5\"",\""6\"",\""7\"",\""8\"",\""9\"",\""11\"",\""12\"",\""13\"",\""14\"",\""15\""]",1,40087,40087,0,2026-05-13 11:32:11,2026-05-13 11:32:11
1289,3,"[\""1\"",\""2\"",\""5\"",\""6\"",\""7\"",\""8\"",\""14\""]","[\""1\"",\""2\"",\""3\"",\""5\"",\""9\"",\""12\"",\""13\"",\""14\""]",1,40087,40087,0,2026-05-13 11:32:11,2026-05-13 11:32:11
1290,4,"[\""1\"",\""7\"",\""8\"",\""14\""]","[\""1\"",\""10\"",\""12\""]",1,40087,40087,0,2026-05-13 11:32:11,2026-05-13 11:32:11
1291,1,"[\""1\"",\""2\"",\""3\"",\""4\"",\""5\"",\""6\"",\""7\"",\""8\"",\""9\"",\""10\"",\""11\"",\""12\"",\""13\"",\""14\""]","[\""1\"",\""2\"",\""3\"",\""4\"",\""5\"",\""6\"",\""7\"",\""8\"",\""9\"",\""10\"",\""11\"",\""12\"",\""13\"",\""14\"",\""15\""]",1,40088,40088,0,2026-05-13 14:42:36,2026-05-13 14:42:36
1292,2,"[\""1\"",\""2\"",\""5\"",\""6\"",\""7\"",\""8\"",\""13\"",\""14\""]","[\""1\"",\""2\"",\""3\"",\""5\"",\""6\"",\""7\"",\""8\"",\""9\"",\""11\"",\""12\"",\""13\"",\""14\"",\""15\""]",1,40088,40088,0,2026-05-13 14:42:36,2026-05-13 14:42:36
1293,3,"[\""1\"",\""2\"",\""5\"",\""6\"",\""7\"",\""8\"",\""14\""]","[\""1\"",\""2\"",\""3\"",\""5\"",\""9\"",\""12\"",\""13\"",\""14\""]",1,40088,40088,0,2026-05-13 14:42:36,2026-05-13 14:42:36
1294,4,"[\""1\"",\""7\"",\""8\"",\""14\""]","[\""1\"",\""10\"",\""12\""]",1,40088,40088,0,2026-05-13 14:42:36,2026-05-13 14:42:36
1295,1,"[\""1\"",\""2\"",\""3\"",\""4\"",\""5\"",\""6\"",\""7\"",\""8\"",\""9\"",\""10\"",\""11\"",\""12\"",\""13\"",\""14\""]","[\""1\"",\""2\"",\""3\"",\""4\"",\""5\"",\""6\"",\""7\"",\""8\"",\""9\"",\""10\"",\""11\"",\""12\"",\""13\"",\""14\"",\""15\""]",1,39022,39022,0,2026-05-14 12:04:33,2026-05-14 12:04:33
1296,2,"[\""1\"",\""2\"",\""5\"",\""6\"",\""7\"",\""8\"",\""13\"",\""14\""]","[\""1\"",\""2\"",\""3\"",\""5\"",\""6\"",\""7\"",\""8\"",\""9\"",\""11\"",\""12\"",\""13\"",\""14\"",\""15\""]",1,39022,39022,0,2026-05-14 12:04:33,2026-05-14 12:04:33
1297,3,"[\""1\"",\""2\"",\""5\"",\""6\"",\""7\"",\""8\"",\""14\""]","[\""1\"",\""2\"",\""3\"",\""5\"",\""9\"",\""12\"",\""13\"",\""14\""]",1,39022,39022,0,2026-05-14 12:04:33,2026-05-14 12:04:33
1298,4,"[\""1\"",\""7\"",\""8\"",\""14\""]","[\""1\"",\""10\"",\""12\""]",1,39022,39022,0,2026-05-14 12:04:33,2026-05-14 12:04:33
1299,1,"[\""1\"",\""2\"",\""3\"",\""4\"",\""5\"",\""6\"",\""7\"",\""8\"",\""9\"",\""10\"",\""11\"",\""12\"",\""13\"",\""14\""]","[\""1\"",\""2\"",\""3\"",\""4\"",\""5\"",\""6\"",\""7\"",\""8\"",\""9\"",\""10\"",\""11\"",\""12\"",\""13\"",\""14\"",\""15\""]",1,40094,40094,0,2026-05-14 12:08:22,2026-05-14 12:08:22
1300,2,"[\""1\"",\""2\"",\""5\"",\""6\"",\""7\"",\""8\"",\""13\"",\""14\""]","[\""1\"",\""2\"",\""3\"",\""5\"",\""6\"",\""7\"",\""8\"",\""9\"",\""11\"",\""12\"",\""13\"",\""14\"",\""15\""]",1,40094,40094,0,2026-05-14 12:08:22,2026-05-14 12:08:22
1301,3,"[\""1\"",\""2\"",\""5\"",\""6\"",\""7\"",\""8\"",\""14\""]","[\""1\"",\""2\"",\""3\"",\""5\"",\""9\"",\""12\"",\""13\"",\""14\""]",1,40094,40094,0,2026-05-14 12:08:22,2026-05-14 12:08:22
1302,4,"[\""1\"",\""7\"",\""8\"",\""14\""]","[\""1\"",\""10\"",\""12\""]",1,40094,40094,0,2026-05-14 12:08:22,2026-05-14 12:08:22
1303,1,"[\""1\"",\""2\"",\""3\"",\""4\"",\""5\"",\""6\"",\""7\"",\""8\"",\""9\"",\""10\"",\""11\"",\""12\"",\""13\"",\""14\""]","[\""1\"",\""2\"",\""3\"",\""4\"",\""5\"",\""6\"",\""7\"",\""8\"",\""9\"",\""10\"",\""11\"",\""12\"",\""13\"",\""14\"",\""15\""]",1,40096,40096,0,2026-05-15 11:55:21,2026-05-15 11:55:21
1304,2,"[\""1\"",\""2\"",\""5\"",\""6\"",\""7\"",\""8\"",\""13\"",\""14\""]","[\""1\"",\""2\"",\""3\"",\""5\"",\""6\"",\""7\"",\""8\"",\""9\"",\""11\"",\""12\"",\""13\"",\""14\"",\""15\""]",1,40096,40096,0,2026-05-15 11:55:21,2026-05-15 11:55:21
1305,3,"[\""1\"",\""2\"",\""5\"",\""6\"",\""7\"",\""8\"",\""14\""]","[\""1\"",\""2\"",\""3\"",\""5\"",\""9\"",\""12\"",\""13\"",\""14\""]",1,40096,40096,0,2026-05-15 11:55:21,2026-05-15 11:55:21
1306,4,"[\""1\"",\""7\"",\""8\"",\""14\""]","[\""1\"",\""10\"",\""12\""]",1,40096,40096,0,2026-05-15 11:55:21,2026-05-15 11:55:21
1307,1,"[\""1\"",\""2\"",\""3\"",\""4\"",\""5\"",\""6\"",\""7\"",\""8\"",\""9\"",\""10\"",\""11\"",\""12\"",\""13\"",\""14\""]","[\""1\"",\""2\"",\""3\"",\""4\"",\""5\"",\""6\"",\""7\"",\""8\"",\""9\"",\""10\"",\""11\"",\""12\"",\""13\"",\""14\"",\""15\""]",1,40097,40097,0,2026-05-16 11:05:37,2026-05-16 11:05:37
1308,2,"[\""1\"",\""2\"",\""5\"",\""6\"",\""7\"",\""8\"",\""13\"",\""14\""]","[\""1\"",\""2\"",\""3\"",\""5\"",\""6\"",\""7\"",\""8\"",\""9\"",\""11\"",\""12\"",\""13\"",\""14\"",\""15\""]",1,40097,40097,0,2026-05-16 11:05:37,2026-05-16 11:05:37
1309,3,"[\""1\"",\""2\"",\""5\"",\""6\"",\""7\"",\""8\"",\""14\""]","[\""1\"",\""2\"",\""3\"",\""5\"",\""9\"",\""12\"",\""13\"",\""14\""]",1,40097,40097,0,2026-05-16 11:05:37,2026-05-16 11:05:37
1310,4,"[\""1\"",\""7\"",\""8\"",\""14\""]","[\""1\"",\""10\"",\""12\""]",1,40097,40097,0,2026-05-16 11:05:37,2026-05-16 11:05:37
1311,1,"[\""1\"",\""2\"",\""3\"",\""4\"",\""5\"",\""6\"",\""7\"",\""8\"",\""9\"",\""10\"",\""11\"",\""12\"",\""13\"",\""14\""]","[\""1\"",\""2\"",\""3\"",\""4\"",\""5\"",\""6\"",\""7\"",\""8\"",\""9\"",\""10\"",\""11\"",\""12\"",\""13\"",\""14\"",\""15\""]",1,40098,40098,0,2026-05-16 12:25:02,2026-05-16 12:25:02
1312,2,"[\""1\"",\""2\"",\""5\"",\""6\"",\""7\"",\""8\"",\""13\"",\""14\""]","[\""1\"",\""2\"",\""3\"",\""5\"",\""6\"",\""7\"",\""8\"",\""9\"",\""11\"",\""12\"",\""13\"",\""14\"",\""15\""]",1,40098,40098,0,2026-05-16 12:25:02,2026-05-16 12:25:02
1313,3,"[\""1\"",\""2\"",\""5\"",\""6\"",\""7\"",\""8\"",\""14\""]","[\""1\"",\""2\"",\""3\"",\""5\"",\""9\"",\""12\"",\""13\"",\""14\""]",1,40098,40098,0,2026-05-16 12:25:02,2026-05-16 12:25:02
1314,4,"[\""1\"",\""7\"",\""8\"",\""14\""]","[\""1\"",\""10\"",\""12\""]",1,40098,40098,0,2026-05-16 12:25:02,2026-05-16 12:25:02
1315,1,"[\""1\"",\""2\"",\""3\"",\""4\"",\""5\"",\""6\"",\""7\"",\""8\"",\""9\"",\""10\"",\""11\"",\""12\"",\""13\"",\""14\""]","[\""1\"",\""2\"",\""3\"",\""4\"",\""5\"",\""6\"",\""7\"",\""8\"",\""9\"",\""10\"",\""11\"",\""12\"",\""13\"",\""14\"",\""15\""]",1,40099,40099,0,2026-05-16 12:25:32,2026-05-16 12:25:32
1316,2,"[\""1\"",\""2\"",\""5\"",\""6\"",\""7\"",\""8\"",\""13\"",\""14\""]","[\""1\"",\""2\"",\""3\"",\""5\"",\""6\"",\""7\"",\""8\"",\""9\"",\""11\"",\""12\"",\""13\"",\""14\"",\""15\""]",1,40099,40099,0,2026-05-16 12:25:32,2026-05-16 12:25:32
1317,3,"[\""1\"",\""2\"",\""5\"",\""6\"",\""7\"",\""8\"",\""14\""]","[\""1\"",\""2\"",\""3\"",\""5\"",\""9\"",\""12\"",\""13\"",\""14\""]",1,40099,40099,0,2026-05-16 12:25:32,2026-05-16 12:25:32
1318,4,"[\""1\"",\""7\"",\""8\"",\""14\""]","[\""1\"",\""10\"",\""12\""]",1,40099,40099,0,2026-05-16 12:25:32,2026-05-16 12:25:32
1319,1,"[\""1\"",\""2\"",\""3\"",\""4\"",\""5\"",\""6\"",\""7\"",\""8\"",\""9\"",\""10\"",\""11\"",\""12\"",\""13\"",\""14\""]","[\""1\"",\""2\"",\""3\"",\""4\"",\""5\"",\""6\"",\""7\"",\""8\"",\""9\"",\""10\"",\""11\"",\""12\"",\""13\"",\""14\"",\""15\""]",1,40100,40100,0,2026-05-16 12:25:53,2026-05-16 12:25:53
1320,2,"[\""1\"",\""2\"",\""5\"",\""6\"",\""7\"",\""8\"",\""13\"",\""14\""]","[\""1\"",\""2\"",\""3\"",\""5\"",\""6\"",\""7\"",\""8\"",\""9\"",\""11\"",\""12\"",\""13\"",\""14\"",\""15\""]",1,40100,40100,0,2026-05-16 12:25:53,2026-05-16 12:25:53
1321,3,"[\""1\"",\""2\"",\""5\"",\""6\"",\""7\"",\""8\"",\""14\""]","[\""1\"",\""2\"",\""3\"",\""5\"",\""9\"",\""12\"",\""13\"",\""14\""]",1,40100,40100,0,2026-05-16 12:25:53,2026-05-16 12:25:53
1322,4,"[\""1\"",\""7\"",\""8\"",\""14\""]","[\""1\"",\""10\"",\""12\""]",1,40100,40100,0,2026-05-16 12:25:53,2026-05-16 12:25:53
1323,1,"[\""1\"",\""2\"",\""3\"",\""4\"",\""5\"",\""6\"",\""7\"",\""8\"",\""9\"",\""10\"",\""11\"",\""12\"",\""13\"",\""14\""]","[\""1\"",\""2\"",\""3\"",\""4\"",\""5\"",\""6\"",\""7\"",\""8\"",\""9\"",\""10\"",\""11\"",\""12\"",\""13\"",\""14\"",\""15\""]",1,40101,40101,0,2026-05-16 12:28:15,2026-05-16 12:28:15
1324,2,"[\""1\"",\""2\"",\""5\"",\""6\"",\""7\"",\""8\"",\""13\"",\""14\""]","[\""1\"",\""2\"",\""3\"",\""5\"",\""6\"",\""7\"",\""8\"",\""9\"",\""11\"",\""12\"",\""13\"",\""14\"",\""15\""]",1,40101,40101,0,2026-05-16 12:28:15,2026-05-16 12:28:15
1325,3,"[\""1\"",\""2\"",\""5\"",\""6\"",\""7\"",\""8\"",\""14\""]","[\""1\"",\""2\"",\""3\"",\""5\"",\""9\"",\""12\"",\""13\"",\""14\""]",1,40101,40101,0,2026-05-16 12:28:15,2026-05-16 12:28:15
1326,4,"[\""1\"",\""7\"",\""8\"",\""14\""]","[\""1\"",\""10\"",\""12\""]",1,40101,40101,0,2026-05-16 12:28:15,2026-05-16 12:28:15
1327,1,"[\""1\"",\""2\"",\""3\"",\""4\"",\""5\"",\""6\"",\""7\"",\""8\"",\""9\"",\""10\"",\""11\"",\""12\"",\""13\"",\""14\""]","[\""1\"",\""2\"",\""3\"",\""4\"",\""5\"",\""6\"",\""7\"",\""8\"",\""9\"",\""10\"",\""11\"",\""12\"",\""13\"",\""14\"",\""15\""]",1,40102,40102,0,2026-05-16 12:36:39,2026-05-16 12:36:39
1328,2,"[\""1\"",\""2\"",\""5\"",\""6\"",\""7\"",\""8\"",\""13\"",\""14\""]","[\""1\"",\""2\"",\""3\"",\""5\"",\""6\"",\""7\"",\""8\"",\""9\"",\""11\"",\""12\"",\""13\"",\""14\"",\""15\""]",1,40102,40102,0,2026-05-16 12:36:39,2026-05-16 12:36:39
1329,3,"[\""1\"",\""2\"",\""5\"",\""6\"",\""7\"",\""8\"",\""14\""]","[\""1\"",\""2\"",\""3\"",\""5\"",\""9\"",\""12\"",\""13\"",\""14\""]",1,40102,40102,0,2026-05-16 12:36:39,2026-05-16 12:36:39
1330,4,"[\""1\"",\""7\"",\""8\"",\""14\""]","[\""1\"",\""10\"",\""12\""]",1,40102,40102,0,2026-05-16 12:36:39,2026-05-16 12:36:39
1331,1,"[\""1\"",\""2\"",\""3\"",\""4\"",\""5\"",\""6\"",\""7\"",\""8\"",\""9\"",\""10\"",\""11\"",\""12\"",\""13\"",\""14\""]","[\""1\"",\""2\"",\""3\"",\""4\"",\""5\"",\""6\"",\""7\"",\""8\"",\""9\"",\""10\"",\""11\"",\""12\"",\""13\"",\""14\"",\""15\""]",1,40103,40103,0,2026-05-16 12:37:53,2026-05-16 12:37:53
1332,2,"[\""1\"",\""2\"",\""5\"",\""6\"",\""7\"",\""8\"",\""13\"",\""14\""]","[\""1\"",\""2\"",\""3\"",\""5\"",\""6\"",\""7\"",\""8\"",\""9\"",\""11\"",\""12\"",\""13\"",\""14\"",\""15\""]",1,40103,40103,0,2026-05-16 12:37:53,2026-05-16 12:37:53
1333,3,"[\""1\"",\""2\"",\""5\"",\""6\"",\""7\"",\""8\"",\""14\""]","[\""1\"",\""2\"",\""3\"",\""5\"",\""9\"",\""12\"",\""13\"",\""14\""]",1,40103,40103,0,2026-05-16 12:37:53,2026-05-16 12:37:53
1334,4,"[\""1\"",\""7\"",\""8\"",\""14\""]","[\""1\"",\""10\"",\""12\""]",1,40103,40103,0,2026-05-16 12:37:53,2026-05-16 12:37:53
1335,1,"[\""1\"",\""2\"",\""3\"",\""4\"",\""5\"",\""6\"",\""7\"",\""8\"",\""9\"",\""10\"",\""11\"",\""12\"",\""13\"",\""14\""]","[\""1\"",\""2\"",\""3\"",\""4\"",\""5\"",\""6\"",\""7\"",\""8\"",\""9\"",\""10\"",\""11\"",\""12\"",\""13\"",\""14\"",\""15\""]",1,27332,27332,0,2026-05-16 12:39:49,2026-05-16 12:39:49
1336,2,"[\""1\"",\""2\"",\""5\"",\""6\"",\""7\"",\""8\"",\""13\"",\""14\""]","[\""1\"",\""2\"",\""3\"",\""5\"",\""6\"",\""7\"",\""8\"",\""9\"",\""11\"",\""12\"",\""13\"",\""14\"",\""15\""]",1,27332,27332,0,2026-05-16 12:39:49,2026-05-16 12:39:49
1337,3,"[\""1\"",\""2\"",\""5\"",\""6\"",\""7\"",\""8\"",\""14\""]","[\""1\"",\""2\"",\""3\"",\""5\"",\""9\"",\""12\"",\""13\"",\""14\""]",1,27332,27332,0,2026-05-16 12:39:49,2026-05-16 12:39:49
1338,4,"[\""1\"",\""7\"",\""8\"",\""14\""]","[\""1\"",\""10\"",\""12\""]",1,27332,27332,0,2026-05-16 12:39:49,2026-05-16 12:39:49
1339,1,"[\""1\"",\""2\"",\""3\"",\""4\"",\""5\"",\""6\"",\""7\"",\""8\"",\""9\"",\""10\"",\""11\"",\""12\"",\""13\"",\""14\""]","[\""1\"",\""2\"",\""3\"",\""4\"",\""5\"",\""6\"",\""7\"",\""8\"",\""9\"",\""10\"",\""11\"",\""12\"",\""13\"",\""14\"",\""15\""]",1,40104,40104,0,2026-05-16 12:42:01,2026-05-16 12:42:01
1340,2,"[\""1\"",\""2\"",\""5\"",\""6\"",\""7\"",\""8\"",\""13\"",\""14\""]","[\""1\"",\""2\"",\""3\"",\""5\"",\""6\"",\""7\"",\""8\"",\""9\"",\""11\"",\""12\"",\""13\"",\""14\"",\""15\""]",1,40104,40104,0,2026-05-16 12:42:01,2026-05-16 12:42:01
1341,3,"[\""1\"",\""2\"",\""5\"",\""6\"",\""7\"",\""8\"",\""14\""]","[\""1\"",\""2\"",\""3\"",\""5\"",\""9\"",\""12\"",\""13\"",\""14\""]",1,40104,40104,0,2026-05-16 12:42:01,2026-05-16 12:42:01
1342,4,"[\""1\"",\""7\"",\""8\"",\""14\""]","[\""1\"",\""10\"",\""12\""]",1,40104,40104,0,2026-05-16 12:42:01,2026-05-16 12:42:01
1343,1,"[\""1\"",\""2\"",\""3\"",\""4\"",\""5\"",\""6\"",\""7\"",\""8\"",\""9\"",\""10\"",\""11\"",\""12\"",\""13\"",\""14\""]","[\""1\"",\""2\"",\""3\"",\""4\"",\""5\"",\""6\"",\""7\"",\""8\"",\""9\"",\""10\"",\""11\"",\""12\"",\""13\"",\""14\"",\""15\""]",1,40105,40105,0,2026-05-16 12:43:46,2026-05-16 12:43:46
1344,2,"[\""1\"",\""2\"",\""5\"",\""6\"",\""7\"",\""8\"",\""13\"",\""14\""]","[\""1\"",\""2\"",\""3\"",\""5\"",\""6\"",\""7\"",\""8\"",\""9\"",\""11\"",\""12\"",\""13\"",\""14\"",\""15\""]",1,40105,40105,0,2026-05-16 12:43:46,2026-05-16 12:43:46
1345,3,"[\""1\"",\""2\"",\""5\"",\""6\"",\""7\"",\""8\"",\""14\""]","[\""1\"",\""2\"",\""3\"",\""5\"",\""9\"",\""12\"",\""13\"",\""14\""]",1,40105,40105,0,2026-05-16 12:43:46,2026-05-16 12:43:46
1346,4,"[\""1\"",\""7\"",\""8\"",\""14\""]","[\""1\"",\""10\"",\""12\""]",1,40105,40105,0,2026-05-16 12:43:46,2026-05-16 12:43:46
1347,1,"[\""1\"",\""2\"",\""3\"",\""4\"",\""5\"",\""6\"",\""7\"",\""8\"",\""9\"",\""10\"",\""11\"",\""12\"",\""13\"",\""14\""]","[\""1\"",\""2\"",\""3\"",\""4\"",\""5\"",\""6\"",\""7\"",\""8\"",\""9\"",\""10\"",\""11\"",\""12\"",\""13\"",\""14\"",\""15\""]",1,40106,40106,0,2026-05-16 12:45:49,2026-05-16 12:45:49
1348,2,"[\""1\"",\""2\"",\""5\"",\""6\"",\""7\"",\""8\"",\""13\"",\""14\""]","[\""1\"",\""2\"",\""3\"",\""5\"",\""6\"",\""7\"",\""8\"",\""9\"",\""11\"",\""12\"",\""13\"",\""14\"",\""15\""]",1,40106,40106,0,2026-05-16 12:45:49,2026-05-16 12:45:49
1349,3,"[\""1\"",\""2\"",\""5\"",\""6\"",\""7\"",\""8\"",\""14\""]","[\""1\"",\""2\"",\""3\"",\""5\"",\""9\"",\""12\"",\""13\"",\""14\""]",1,40106,40106,0,2026-05-16 12:45:49,2026-05-16 12:45:49
1350,4,"[\""1\"",\""7\"",\""8\"",\""14\""]","[\""1\"",\""10\"",\""12\""]",1,40106,40106,0,2026-05-16 12:45:49,2026-05-16 12:45:49
1351,1,"[\""1\"",\""2\"",\""3\"",\""4\"",\""5\"",\""6\"",\""7\"",\""8\"",\""9\"",\""10\"",\""11\"",\""12\"",\""13\"",\""14\""]","[\""1\"",\""2\"",\""3\"",\""4\"",\""5\"",\""6\"",\""7\"",\""8\"",\""9\"",\""10\"",\""11\"",\""12\"",\""13\"",\""14\"",\""15\""]",1,40107,40107,0,2026-05-16 12:54:50,2026-05-16 12:54:50
1352,2,"[\""1\"",\""2\"",\""5\"",\""6\"",\""7\"",\""8\"",\""13\"",\""14\""]","[\""1\"",\""2\"",\""3\"",\""5\"",\""6\"",\""7\"",\""8\"",\""9\"",\""11\"",\""12\"",\""13\"",\""14\"",\""15\""]",1,40107,40107,0,2026-05-16 12:54:50,2026-05-16 12:54:50
1353,3,"[\""1\"",\""2\"",\""5\"",\""6\"",\""7\"",\""8\"",\""14\""]","[\""1\"",\""2\"",\""3\"",\""5\"",\""9\"",\""12\"",\""13\"",\""14\""]",1,40107,40107,0,2026-05-16 12:54:50,2026-05-16 12:54:50
1354,4,"[\""1\"",\""7\"",\""8\"",\""14\""]","[\""1\"",\""10\"",\""12\""]",1,40107,40107,0,2026-05-16 12:54:50,2026-05-16 12:54:50
1355,1,"[\""1\"",\""2\"",\""3\"",\""4\"",\""5\"",\""6\"",\""7\"",\""8\"",\""9\"",\""10\"",\""11\"",\""12\"",\""13\"",\""14\""]","[\""1\"",\""2\"",\""3\"",\""4\"",\""5\"",\""6\"",\""7\"",\""8\"",\""9\"",\""10\"",\""11\"",\""12\"",\""13\"",\""14\"",\""15\""]",1,8545,8545,0,2026-05-18 11:12:14,2026-05-18 11:12:14
1356,2,"[\""1\"",\""2\"",\""5\"",\""6\"",\""7\"",\""8\"",\""13\"",\""14\""]","[\""1\"",\""2\"",\""3\"",\""5\"",\""6\"",\""7\"",\""8\"",\""9\"",\""11\"",\""12\"",\""13\"",\""14\"",\""15\""]",1,8545,8545,0,2026-05-18 11:12:14,2026-05-18 11:12:14
1357,3,"[\""1\"",\""2\"",\""5\"",\""6\"",\""7\"",\""8\"",\""14\""]","[\""1\"",\""2\"",\""3\"",\""5\"",\""9\"",\""12\"",\""13\"",\""14\""]",1,8545,8545,0,2026-05-18 11:12:14,2026-05-18 11:12:14
1358,4,"[\""1\"",\""7\"",\""8\"",\""14\""]","[\""1\"",\""10\"",\""12\""]",1,8545,8545,0,2026-05-18 11:12:14,2026-05-18 11:12:14
1359,1,"[\""1\"",\""2\"",\""3\"",\""4\"",\""5\"",\""6\"",\""7\"",\""8\"",\""9\"",\""10\"",\""11\"",\""12\"",\""13\"",\""14\""]","[\""1\"",\""2\"",\""3\"",\""4\"",\""5\"",\""6\"",\""7\"",\""8\"",\""9\"",\""10\"",\""11\"",\""12\"",\""13\"",\""14\"",\""15\""]",1,40109,40109,0,2026-05-18 14:39:07,2026-05-18 14:39:07
1360,2,"[\""1\"",\""2\"",\""5\"",\""6\"",\""7\"",\""8\"",\""13\"",\""14\""]","[\""1\"",\""2\"",\""3\"",\""5\"",\""6\"",\""7\"",\""8\"",\""9\"",\""11\"",\""12\"",\""13\"",\""14\"",\""15\""]",1,40109,40109,0,2026-05-18 14:39:07,2026-05-18 14:39:07
1361,3,"[\""1\"",\""2\"",\""5\"",\""6\"",\""7\"",\""8\"",\""14\""]","[\""1\"",\""2\"",\""3\"",\""5\"",\""9\"",\""12\"",\""13\"",\""14\""]",1,40109,40109,0,2026-05-18 14:39:07,2026-05-18 14:39:07
1362,4,"[\""1\"",\""7\"",\""8\"",\""14\""]","[\""1\"",\""10\"",\""12\""]",1,40109,40109,0,2026-05-18 14:39:07,2026-05-18 14:39:07
1363,1,"[\""1\"",\""2\"",\""3\"",\""4\"",\""5\"",\""6\"",\""7\"",\""8\"",\""9\"",\""10\"",\""11\"",\""12\"",\""13\"",\""14\""]","[\""1\"",\""2\"",\""3\"",\""4\"",\""5\"",\""6\"",\""7\"",\""8\"",\""9\"",\""10\"",\""11\"",\""12\"",\""13\"",\""14\"",\""15\""]",1,40110,40110,0,2026-05-18 14:50:50,2026-05-18 14:50:50
1364,2,"[\""1\"",\""2\"",\""5\"",\""6\"",\""7\"",\""8\"",\""13\"",\""14\""]","[\""1\"",\""2\"",\""3\"",\""5\"",\""6\"",\""7\"",\""8\"",\""9\"",\""11\"",\""12\"",\""13\"",\""14\"",\""15\""]",1,40110,40110,0,2026-05-18 14:50:50,2026-05-18 14:50:50
1365,3,"[\""1\"",\""2\"",\""5\"",\""6\"",\""7\"",\""8\"",\""14\""]","[\""1\"",\""2\"",\""3\"",\""5\"",\""9\"",\""12\"",\""13\"",\""14\""]",1,40110,40110,0,2026-05-18 14:50:50,2026-05-18 14:50:50
1366,4,"[\""1\"",\""7\"",\""8\"",\""14\""]","[\""1\"",\""10\"",\""12\""]",1,40110,40110,0,2026-05-18 14:50:50,2026-05-18 14:50:50
1367,1,"[\""1\"",\""2\"",\""3\"",\""4\"",\""5\"",\""6\"",\""7\"",\""8\"",\""9\"",\""10\"",\""11\"",\""12\"",\""13\"",\""14\""]","[\""1\"",\""2\"",\""3\"",\""4\"",\""5\"",\""6\"",\""7\"",\""8\"",\""9\"",\""10\"",\""11\"",\""12\"",\""13\"",\""14\"",\""15\""]",1,40111,40111,0,2026-05-18 14:55:00,2026-05-18 14:55:00
1368,2,"[\""1\"",\""2\"",\""5\"",\""6\"",\""7\"",\""8\"",\""13\"",\""14\""]","[\""1\"",\""2\"",\""3\"",\""5\"",\""6\"",\""7\"",\""8\"",\""9\"",\""11\"",\""12\"",\""13\"",\""14\"",\""15\""]",1,40111,40111,0,2026-05-18 14:55:00,2026-05-18 14:55:00
1369,3,"[\""1\"",\""2\"",\""5\"",\""6\"",\""7\"",\""8\"",\""14\""]","[\""1\"",\""2\"",\""3\"",\""5\"",\""9\"",\""12\"",\""13\"",\""14\""]",1,40111,40111,0,2026-05-18 14:55:00,2026-05-18 14:55:00
1370,4,"[\""1\"",\""7\"",\""8\"",\""14\""]","[\""1\"",\""10\"",\""12\""]",1,40111,40111,0,2026-05-18 14:55:00,2026-05-18 14:55:00
1371,17,"[\""1\"",\""5\"",\""8\""]","[\""1\"",\""2\""]",1,639,38985,1,2026-05-18 15:09:40,2026-05-18 15:09:40
1372,17,"[\""1\"",\""5\"",\""8\""]","[\""1\"",\""2\""]",1,639,38985,1,2026-05-18 15:09:50,2026-05-18 15:09:50
1373,17,"[\""1\"",\""5\"",\""8\""]","[\""1\"",\""2\""]",1,639,38985,0,2026-05-18 15:10:49,2026-05-18 15:10:49
1374,1,"[\""1\"",\""2\"",\""3\"",\""4\"",\""5\"",\""6\"",\""7\"",\""8\"",\""9\"",\""10\"",\""11\"",\""12\"",\""13\"",\""14\""]","[\""1\"",\""2\"",\""3\"",\""4\"",\""5\"",\""6\"",\""7\"",\""8\"",\""9\"",\""10\"",\""11\"",\""12\"",\""13\"",\""14\"",\""15\""]",1,40113,40113,0,2026-05-19 13:29:53,2026-05-19 13:29:53
1375,2,"[\""1\"",\""2\"",\""5\"",\""6\"",\""7\"",\""8\"",\""13\"",\""14\""]","[\""1\"",\""2\"",\""3\"",\""5\"",\""6\"",\""7\"",\""8\"",\""9\"",\""11\"",\""12\"",\""13\"",\""14\"",\""15\""]",1,40113,40113,0,2026-05-19 13:29:53,2026-05-19 13:29:53
1376,3,"[\""1\"",\""2\"",\""5\"",\""6\"",\""7\"",\""8\"",\""14\""]","[\""1\"",\""2\"",\""3\"",\""5\"",\""9\"",\""12\"",\""13\"",\""14\""]",1,40113,40113,0,2026-05-19 13:29:53,2026-05-19 13:29:53
1377,4,"[\""1\"",\""7\"",\""8\"",\""14\""]","[\""1\"",\""10\"",\""12\""]",1,40113,40113,0,2026-05-19 13:29:53,2026-05-19 13:29:53
1378,1,"[\""1\"",\""2\"",\""3\"",\""4\"",\""5\"",\""6\"",\""7\"",\""8\"",\""9\"",\""10\"",\""11\"",\""12\"",\""13\"",\""14\""]","[\""1\"",\""2\"",\""3\"",\""4\"",\""5\"",\""6\"",\""7\"",\""8\"",\""9\"",\""10\"",\""11\"",\""12\"",\""13\"",\""14\"",\""15\""]",1,40114,40114,0,2026-05-19 16:30:28,2026-05-19 16:30:28
1379,2,"[\""1\"",\""2\"",\""5\"",\""6\"",\""7\"",\""8\"",\""13\"",\""14\""]","[\""1\"",\""2\"",\""3\"",\""5\"",\""6\"",\""7\"",\""8\"",\""9\"",\""11\"",\""12\"",\""13\"",\""14\"",\""15\""]",1,40114,40114,0,2026-05-19 16:30:28,2026-05-19 16:30:28
1380,3,"[\""1\"",\""2\"",\""5\"",\""6\"",\""7\"",\""8\"",\""14\""]","[\""1\"",\""2\"",\""3\"",\""5\"",\""9\"",\""12\"",\""13\"",\""14\""]",1,40114,40114,0,2026-05-19 16:30:28,2026-05-19 16:30:28
1381,4,"[\""1\"",\""7\"",\""8\"",\""14\""]","[\""1\"",\""10\"",\""12\""]",1,40114,40114,0,2026-05-19 16:30:28,2026-05-19 16:30:28
1382,1,"[\""1\"",\""2\"",\""3\"",\""4\"",\""5\"",\""6\"",\""7\"",\""8\"",\""9\"",\""10\"",\""11\"",\""12\"",\""13\"",\""14\""]","[\""1\"",\""2\"",\""3\"",\""4\"",\""5\"",\""6\"",\""7\"",\""8\"",\""9\"",\""10\"",\""11\"",\""12\"",\""13\"",\""14\"",\""15\""]",1,40115,40115,0,2026-05-19 16:55:21,2026-05-19 16:55:21
1383,2,"[\""1\"",\""2\"",\""5\"",\""6\"",\""7\"",\""8\"",\""13\"",\""14\""]","[\""1\"",\""2\"",\""3\"",\""5\"",\""6\"",\""7\"",\""8\"",\""9\"",\""11\"",\""12\"",\""13\"",\""14\"",\""15\""]",1,40115,40115,0,2026-05-19 16:55:21,2026-05-19 16:55:21
1384,3,"[\""1\"",\""2\"",\""5\"",\""6\"",\""7\"",\""8\"",\""14\""]","[\""1\"",\""2\"",\""3\"",\""5\"",\""9\"",\""12\"",\""13\"",\""14\""]",1,40115,40115,0,2026-05-19 16:55:21,2026-05-19 16:55:21
1385,4,"[\""1\"",\""7\"",\""8\"",\""14\""]","[\""1\"",\""10\"",\""12\""]",1,40115,40115,0,2026-05-19 16:55:21,2026-05-19 16:55:21
1386,1,"[\""1\"",\""2\"",\""3\"",\""4\"",\""5\"",\""6\"",\""7\"",\""8\"",\""9\"",\""10\"",\""11\"",\""12\"",\""13\"",\""14\""]","[\""1\"",\""2\"",\""3\"",\""4\"",\""5\"",\""6\"",\""7\"",\""8\"",\""9\"",\""10\"",\""11\"",\""12\"",\""13\"",\""14\"",\""15\""]",1,40116,40116,0,2026-05-20 16:43:15,2026-05-20 16:43:15
1387,2,"[\""1\"",\""2\"",\""5\"",\""6\"",\""7\"",\""8\"",\""13\"",\""14\""]","[\""1\"",\""2\"",\""3\"",\""5\"",\""6\"",\""7\"",\""8\"",\""9\"",\""11\"",\""12\"",\""13\"",\""14\"",\""15\""]",1,40116,40116,0,2026-05-20 16:43:15,2026-05-20 16:43:15
1388,3,"[\""1\"",\""2\"",\""5\"",\""6\"",\""7\"",\""8\"",\""14\""]","[\""1\"",\""2\"",\""3\"",\""5\"",\""9\"",\""12\"",\""13\"",\""14\""]",1,40116,40116,0,2026-05-20 16:43:15,2026-05-20 16:43:15
1389,4,"[\""1\"",\""7\"",\""8\"",\""14\""]","[\""1\"",\""10\"",\""12\""]",1,40116,40116,0,2026-05-20 16:43:15,2026-05-20 16:43:15
1390,1,"[\""1\"",\""2\"",\""3\"",\""4\"",\""5\"",\""6\"",\""7\"",\""8\"",\""9\"",\""10\"",\""11\"",\""12\"",\""13\"",\""14\""]","[\""1\"",\""2\"",\""3\"",\""4\"",\""5\"",\""6\"",\""7\"",\""8\"",\""9\"",\""10\"",\""11\"",\""12\"",\""13\"",\""14\"",\""15\""]",1,40117,40117,0,2026-05-20 17:07:49,2026-05-20 17:07:49
1391,2,"[\""1\"",\""2\"",\""5\"",\""6\"",\""7\"",\""8\"",\""13\"",\""14\""]","[\""1\"",\""2\"",\""3\"",\""5\"",\""6\"",\""7\"",\""8\"",\""9\"",\""11\"",\""12\"",\""13\"",\""14\"",\""15\""]",1,40117,40117,0,2026-05-20 17:07:49,2026-05-20 17:07:49
1392,3,"[\""1\"",\""2\"",\""5\"",\""6\"",\""7\"",\""8\"",\""14\""]","[\""1\"",\""2\"",\""3\"",\""5\"",\""9\"",\""12\"",\""13\"",\""14\""]",1,40117,40117,0,2026-05-20 17:07:49,2026-05-20 17:07:49
1393,4,"[\""1\"",\""7\"",\""8\"",\""14\""]","[\""1\"",\""10\"",\""12\""]",1,40117,40117,0,2026-05-20 17:07:49,2026-05-20 17:07:49
1394,1,"[\""1\"",\""2\"",\""3\"",\""4\"",\""5\"",\""6\"",\""7\"",\""8\"",\""9\"",\""10\"",\""11\"",\""12\"",\""13\"",\""14\""]","[\""1\"",\""2\"",\""3\"",\""4\"",\""5\"",\""6\"",\""7\"",\""8\"",\""9\"",\""10\"",\""11\"",\""12\"",\""13\"",\""14\"",\""15\""]",1,40119,40119,0,2026-05-21 17:38:30,2026-05-21 17:38:30
1395,2,"[\""1\"",\""2\"",\""5\"",\""6\"",\""7\"",\""8\"",\""13\"",\""14\""]","[\""1\"",\""2\"",\""3\"",\""5\"",\""6\"",\""7\"",\""8\"",\""9\"",\""11\"",\""12\"",\""13\"",\""14\"",\""15\""]",1,40119,40119,0,2026-05-21 17:38:30,2026-05-21 17:38:30
1396,3,"[\""1\"",\""2\"",\""5\"",\""6\"",\""7\"",\""8\"",\""14\""]","[\""1\"",\""2\"",\""3\"",\""5\"",\""9\"",\""12\"",\""13\"",\""14\""]",1,40119,40119,0,2026-05-21 17:38:30,2026-05-21 17:38:30
1397,4,"[\""1\"",\""7\"",\""8\"",\""14\""]","[\""1\"",\""10\"",\""12\""]",1,40119,40119,0,2026-05-21 17:38:30,2026-05-21 17:38:30
1398,1,"[\""1\"",\""2\"",\""3\"",\""4\"",\""5\"",\""6\"",\""7\"",\""8\"",\""9\"",\""10\"",\""11\"",\""12\"",\""13\"",\""14\""]","[\""1\"",\""2\"",\""3\"",\""4\"",\""5\"",\""6\"",\""7\"",\""8\"",\""9\"",\""10\"",\""11\"",\""12\"",\""13\"",\""14\"",\""15\""]",1,40132,40132,0,2026-05-25 16:56:46,2026-05-25 16:56:46
1399,2,"[\""1\"",\""2\"",\""5\"",\""6\"",\""7\"",\""8\"",\""13\"",\""14\""]","[\""1\"",\""2\"",\""3\"",\""5\"",\""6\"",\""7\"",\""8\"",\""9\"",\""11\"",\""12\"",\""13\"",\""14\"",\""15\""]",1,40132,40132,0,2026-05-25 16:56:46,2026-05-25 16:56:46
1400,3,"[\""1\"",\""2\"",\""5\"",\""6\"",\""7\"",\""8\"",\""14\""]","[\""1\"",\""2\"",\""3\"",\""5\"",\""9\"",\""12\"",\""13\"",\""14\""]",1,40132,40132,0,2026-05-25 16:56:46,2026-05-25 16:56:46
1401,4,"[\""1\"",\""7\"",\""8\"",\""14\""]","[\""1\"",\""10\"",\""12\""]",1,40132,40132,0,2026-05-25 16:56:46,2026-05-25 16:56:46
1402,79,"[\""1\"",\""5\"",\""13\""]","[\""7\"",\""9\""]",1,639,38985,0,2026-05-27 12:40:38,2026-05-27 12:40:48
1403,80,"[\""1\"",\""5\"",\""8\""]","[\""1\"",\""2\"",\""3\"",\""4\""]",1,639,38985,0,2026-05-27 12:41:41,2026-05-27 12:41:54
1404,1,"[\""1\"",\""2\"",\""3\"",\""4\"",\""5\"",\""6\"",\""7\"",\""8\"",\""9\"",\""10\"",\""11\"",\""12\"",\""13\"",\""14\""]","[\""1\"",\""2\"",\""3\"",\""4\"",\""5\"",\""6\"",\""7\"",\""8\"",\""9\"",\""10\"",\""11\"",\""12\"",\""13\"",\""14\"",\""15\""]",1,40134,40134,0,2026-05-27 14:55:58,2026-05-27 14:55:58
1405,2,"[\""1\"",\""2\"",\""5\"",\""6\"",\""7\"",\""8\"",\""13\"",\""14\""]","[\""1\"",\""2\"",\""3\"",\""5\"",\""6\"",\""7\"",\""8\"",\""9\"",\""11\"",\""12\"",\""13\"",\""14\"",\""15\""]",1,40134,40134,0,2026-05-27 14:55:58,2026-05-27 14:55:58
1406,3,"[\""1\"",\""2\"",\""5\"",\""6\"",\""7\"",\""8\"",\""14\""]","[\""1\"",\""2\"",\""3\"",\""5\"",\""9\"",\""12\"",\""13\"",\""14\""]",1,40134,40134,0,2026-05-27 14:55:58,2026-05-27 14:55:58
1407,4,"[\""1\"",\""7\"",\""8\"",\""14\""]","[\""1\"",\""10\"",\""12\""]",1,40134,40134,0,2026-05-27 14:55:58,2026-05-27 14:55:58
1408,1,"[\""1\"",\""2\"",\""3\"",\""4\"",\""5\"",\""6\"",\""7\"",\""8\"",\""9\"",\""10\"",\""11\"",\""12\"",\""13\"",\""14\""]","[\""1\"",\""2\"",\""3\"",\""4\"",\""5\"",\""6\"",\""7\"",\""8\"",\""9\"",\""10\"",\""11\"",\""12\"",\""13\"",\""14\"",\""15\""]",1,40135,40135,0,2026-05-27 15:18:00,2026-05-27 15:18:00
1409,2,"[\""1\"",\""2\"",\""5\"",\""6\"",\""7\"",\""8\"",\""13\"",\""14\""]","[\""1\"",\""2\"",\""3\"",\""5\"",\""6\"",\""7\"",\""8\"",\""9\"",\""11\"",\""12\"",\""13\"",\""14\"",\""15\""]",1,40135,40135,0,2026-05-27 15:18:00,2026-05-27 15:18:00
1410,3,"[\""1\"",\""2\"",\""5\"",\""6\"",\""7\"",\""8\"",\""14\""]","[\""1\"",\""2\"",\""3\"",\""5\"",\""9\"",\""12\"",\""13\"",\""14\""]",1,40135,40135,0,2026-05-27 15:18:00,2026-05-27 15:18:00
1411,4,"[\""1\"",\""7\"",\""8\"",\""14\""]","[\""1\"",\""10\"",\""12\""]",1,40135,40135,0,2026-05-27 15:18:00,2026-05-27 15:18:00
1412,1,"[\""1\"",\""2\"",\""3\"",\""4\"",\""5\"",\""6\"",\""7\"",\""8\"",\""9\"",\""10\"",\""11\"",\""12\"",\""13\"",\""14\""]","[\""1\"",\""2\"",\""3\"",\""4\"",\""5\"",\""6\"",\""7\"",\""8\"",\""9\"",\""10\"",\""11\"",\""12\"",\""13\"",\""14\"",\""15\""]",1,40138,40138,0,2026-05-28 13:10:54,2026-05-28 13:10:54
1413,2,"[\""1\"",\""2\"",\""5\"",\""6\"",\""7\"",\""8\"",\""13\"",\""14\""]","[\""1\"",\""2\"",\""3\"",\""5\"",\""6\"",\""7\"",\""8\"",\""9\"",\""11\"",\""12\"",\""13\"",\""14\"",\""15\""]",1,40138,40138,0,2026-05-28 13:10:54,2026-05-28 13:10:54
1414,3,"[\""1\"",\""2\"",\""5\"",\""6\"",\""7\"",\""8\"",\""14\""]","[\""1\"",\""2\"",\""3\"",\""5\"",\""9\"",\""12\"",\""13\"",\""14\""]",1,40138,40138,0,2026-05-28 13:10:54,2026-05-28 13:10:54
1415,4,"[\""1\"",\""7\"",\""8\"",\""14\""]","[\""1\"",\""10\"",\""12\""]",1,40138,40138,0,2026-05-28 13:10:54,2026-05-28 13:10:54
1416,1,"[\""1\"",\""2\"",\""3\"",\""4\"",\""5\"",\""6\"",\""7\"",\""8\"",\""9\"",\""10\"",\""11\"",\""12\"",\""13\"",\""14\""]","[\""1\"",\""2\"",\""3\"",\""4\"",\""5\"",\""6\"",\""7\"",\""8\"",\""9\"",\""10\"",\""11\"",\""12\"",\""13\"",\""14\"",\""15\""]",1,40139,40139,0,2026-05-29 12:16:11,2026-05-29 12:16:11
1417,2,"[\""1\"",\""2\"",\""5\"",\""6\"",\""7\"",\""8\"",\""13\"",\""14\""]","[\""1\"",\""2\"",\""3\"",\""5\"",\""6\"",\""7\"",\""8\"",\""9\"",\""11\"",\""12\"",\""13\"",\""14\"",\""15\""]",1,40139,40139,0,2026-05-29 12:16:11,2026-05-29 12:16:11
1418,3,"[\""1\"",\""2\"",\""5\"",\""6\"",\""7\"",\""8\"",\""14\""]","[\""1\"",\""2\"",\""3\"",\""5\"",\""9\"",\""12\"",\""13\"",\""14\""]",1,40139,40139,0,2026-05-29 12:16:11,2026-05-29 12:16:11
1419,4,"[\""1\"",\""7\"",\""8\"",\""14\""]","[\""1\"",\""10\"",\""12\""]",1,40139,40139,0,2026-05-29 12:16:11,2026-05-29 12:16:11
1420,1,"[\""1\"",\""2\"",\""3\"",\""4\"",\""5\"",\""6\"",\""7\"",\""8\"",\""9\"",\""10\"",\""11\"",\""12\"",\""13\"",\""14\""]","[\""1\"",\""2\"",\""3\"",\""4\"",\""5\"",\""6\"",\""7\"",\""8\"",\""9\"",\""10\"",\""11\"",\""12\"",\""13\"",\""14\"",\""15\""]",1,40140,40140,0,2026-05-29 14:43:03,2026-05-29 14:43:03
1421,2,"[\""1\"",\""2\"",\""5\"",\""6\"",\""7\"",\""8\"",\""13\"",\""14\""]","[\""1\"",\""2\"",\""3\"",\""5\"",\""6\"",\""7\"",\""8\"",\""9\"",\""11\"",\""12\"",\""13\"",\""14\"",\""15\""]",1,40140,40140,0,2026-05-29 14:43:03,2026-05-29 14:43:03
1422,3,"[\""1\"",\""2\"",\""5\"",\""6\"",\""7\"",\""8\"",\""14\""]","[\""1\"",\""2\"",\""3\"",\""5\"",\""9\"",\""12\"",\""13\"",\""14\""]",1,40140,40140,0,2026-05-29 14:43:03,2026-05-29 14:43:03
1423,4,"[\""1\"",\""7\"",\""8\"",\""14\""]","[\""1\"",\""10\"",\""12\""]",1,40140,40140,0,2026-05-29 14:43:03,2026-05-29 14:43:03
1424,1,"[\""1\"",\""2\"",\""3\"",\""4\"",\""5\"",\""6\"",\""7\"",\""8\"",\""9\"",\""10\"",\""11\"",\""12\"",\""13\"",\""14\""]","[\""1\"",\""2\"",\""3\"",\""4\"",\""5\"",\""6\"",\""7\"",\""8\"",\""9\"",\""10\"",\""11\"",\""12\"",\""13\"",\""14\"",\""15\""]",1,40142,40142,0,2026-05-29 16:40:50,2026-05-29 16:40:50
1425,2,"[\""1\"",\""2\"",\""5\"",\""6\"",\""7\"",\""8\"",\""13\"",\""14\""]","[\""1\"",\""2\"",\""3\"",\""5\"",\""6\"",\""7\"",\""8\"",\""9\"",\""11\"",\""12\"",\""13\"",\""14\"",\""15\""]",1,40142,40142,0,2026-05-29 16:40:50,2026-05-29 16:40:50
1426,3,"[\""1\"",\""2\"",\""5\"",\""6\"",\""7\"",\""8\"",\""14\""]","[\""1\"",\""2\"",\""3\"",\""5\"",\""9\"",\""12\"",\""13\"",\""14\""]",1,40142,40142,0,2026-05-29 16:40:50,2026-05-29 16:40:50
1427,4,"[\""1\"",\""7\"",\""8\"",\""14\""]","[\""1\"",\""10\"",\""12\""]",1,40142,40142,0,2026-05-29 16:40:50,2026-05-29 16:40:50
1428,1,"[\""1\"",\""2\"",\""3\"",\""4\"",\""5\"",\""6\"",\""7\"",\""8\"",\""9\"",\""10\"",\""11\"",\""12\"",\""13\"",\""14\""]","[\""1\"",\""2\"",\""3\"",\""4\"",\""5\"",\""6\"",\""7\"",\""8\"",\""9\"",\""10\"",\""11\"",\""12\"",\""13\"",\""14\"",\""15\""]",1,40143,40143,0,2026-05-29 16:54:47,2026-05-29 16:54:47
1429,2,"[\""1\"",\""2\"",\""5\"",\""6\"",\""7\"",\""8\"",\""13\"",\""14\""]","[\""1\"",\""2\"",\""3\"",\""5\"",\""6\"",\""7\"",\""8\"",\""9\"",\""11\"",\""12\"",\""13\"",\""14\"",\""15\""]",1,40143,40143,0,2026-05-29 16:54:47,2026-05-29 16:54:47
1430,3,"[\""1\"",\""2\"",\""5\"",\""6\"",\""7\"",\""8\"",\""14\""]","[\""1\"",\""2\"",\""3\"",\""5\"",\""9\"",\""12\"",\""13\"",\""14\""]",1,40143,40143,0,2026-05-29 16:54:47,2026-05-29 16:54:47
1431,4,"[\""1\"",\""7\"",\""8\"",\""14\""]","[\""1\"",\""10\"",\""12\""]",1,40143,40143,0,2026-05-29 16:54:47,2026-05-29 16:54:47
1432,1,"[\""1\"",\""2\"",\""3\"",\""4\"",\""5\"",\""6\"",\""7\"",\""8\"",\""9\"",\""10\"",\""11\"",\""12\"",\""13\"",\""14\""]","[\""1\"",\""2\"",\""3\"",\""4\"",\""5\"",\""6\"",\""7\"",\""8\"",\""9\"",\""10\"",\""11\"",\""12\"",\""13\"",\""14\"",\""15\""]",1,40144,40144,0,2026-05-29 18:17:53,2026-05-29 18:17:53
1433,2,"[\""1\"",\""2\"",\""5\"",\""6\"",\""7\"",\""8\"",\""13\"",\""14\""]","[\""1\"",\""2\"",\""3\"",\""5\"",\""6\"",\""7\"",\""8\"",\""9\"",\""11\"",\""12\"",\""13\"",\""14\"",\""15\""]",1,40144,40144,0,2026-05-29 18:17:53,2026-05-29 18:17:53
1434,3,"[\""1\"",\""2\"",\""5\"",\""6\"",\""7\"",\""8\"",\""14\""]","[\""1\"",\""2\"",\""3\"",\""5\"",\""9\"",\""12\"",\""13\"",\""14\""]",1,40144,40144,0,2026-05-29 18:17:53,2026-05-29 18:17:53
1435,4,"[\""1\"",\""7\"",\""8\"",\""14\""]","[\""1\"",\""10\"",\""12\""]",1,40144,40144,0,2026-05-29 18:17:53,2026-05-29 18:17:53
1436,1,"[\""1\"",\""2\"",\""3\"",\""4\"",\""5\"",\""6\"",\""7\"",\""8\"",\""9\"",\""10\"",\""11\"",\""12\"",\""13\"",\""14\""]","[\""1\"",\""2\"",\""3\"",\""4\"",\""5\"",\""6\"",\""7\"",\""8\"",\""9\"",\""10\"",\""11\"",\""12\"",\""13\"",\""14\"",\""15\""]",1,40145,40145,0,2026-05-30 11:26:25,2026-05-30 11:26:25
1437,2,"[\""1\"",\""2\"",\""5\"",\""6\"",\""7\"",\""8\"",\""13\"",\""14\""]","[\""1\"",\""2\"",\""3\"",\""5\"",\""6\"",\""7\"",\""8\"",\""9\"",\""11\"",\""12\"",\""13\"",\""14\"",\""15\""]",1,40145,40145,0,2026-05-30 11:26:25,2026-05-30 11:26:25
1438,3,"[\""1\"",\""2\"",\""5\"",\""6\"",\""7\"",\""8\"",\""14\""]","[\""1\"",\""2\"",\""3\"",\""5\"",\""9\"",\""12\"",\""13\"",\""14\""]",1,40145,40145,0,2026-05-30 11:26:25,2026-05-30 11:26:25
1439,4,"[\""1\"",\""7\"",\""8\"",\""14\""]","[\""1\"",\""10\"",\""12\""]",1,40145,40145,0,2026-05-30 11:26:25,2026-05-30 11:26:25
1440,1,"[\""1\"",\""2\"",\""3\"",\""4\"",\""5\"",\""6\"",\""7\"",\""8\"",\""9\"",\""10\"",\""11\"",\""12\"",\""13\"",\""14\""]","[\""1\"",\""2\"",\""3\"",\""4\"",\""5\"",\""6\"",\""7\"",\""8\"",\""9\"",\""10\"",\""11\"",\""12\"",\""13\"",\""14\"",\""15\""]",1,40146,40146,0,2026-05-30 11:59:50,2026-05-30 11:59:50
1441,2,"[\""1\"",\""2\"",\""5\"",\""6\"",\""7\"",\""8\"",\""13\"",\""14\""]","[\""1\"",\""2\"",\""3\"",\""5\"",\""6\"",\""7\"",\""8\"",\""9\"",\""11\"",\""12\"",\""13\"",\""14\"",\""15\""]",1,40146,40146,0,2026-05-30 11:59:50,2026-05-30 11:59:50
1442,3,"[\""1\"",\""2\"",\""5\"",\""6\"",\""7\"",\""8\"",\""14\""]","[\""1\"",\""2\"",\""3\"",\""5\"",\""9\"",\""12\"",\""13\"",\""14\""]",1,40146,40146,0,2026-05-30 11:59:50,2026-05-30 11:59:50
1443,4,"[\""1\"",\""7\"",\""8\"",\""14\""]","[\""1\"",\""10\"",\""12\""]",1,40146,40146,0,2026-05-30 11:59:50,2026-05-30 11:59:50
1444,1,"[\""1\"",\""2\"",\""3\"",\""4\"",\""5\"",\""6\"",\""7\"",\""8\"",\""9\"",\""10\"",\""11\"",\""12\"",\""13\"",\""14\""]","[\""1\"",\""2\"",\""3\"",\""4\"",\""5\"",\""6\"",\""7\"",\""8\"",\""9\"",\""10\"",\""11\"",\""12\"",\""13\"",\""14\"",\""15\""]",1,40147,40147,0,2026-05-30 12:24:10,2026-05-30 12:24:10
1445,2,"[\""1\"",\""2\"",\""5\"",\""6\"",\""7\"",\""8\"",\""13\"",\""14\""]","[\""1\"",\""2\"",\""3\"",\""5\"",\""6\"",\""7\"",\""8\"",\""9\"",\""11\"",\""12\"",\""13\"",\""14\"",\""15\""]",1,40147,40147,0,2026-05-30 12:24:10,2026-05-30 12:24:10
1446,3,"[\""1\"",\""2\"",\""5\"",\""6\"",\""7\"",\""8\"",\""14\""]","[\""1\"",\""2\"",\""3\"",\""5\"",\""9\"",\""12\"",\""13\"",\""14\""]",1,40147,40147,0,2026-05-30 12:24:10,2026-05-30 12:24:10
1447,4,"[\""1\"",\""7\"",\""8\"",\""14\""]","[\""1\"",\""10\"",\""12\""]",1,40147,40147,0,2026-05-30 12:24:10,2026-05-30 12:24:10
1448,1,"[\""1\"",\""2\"",\""3\"",\""4\"",\""5\"",\""6\"",\""7\"",\""8\"",\""9\"",\""10\"",\""11\"",\""12\"",\""13\"",\""14\""]","[\""1\"",\""2\"",\""3\"",\""4\"",\""5\"",\""6\"",\""7\"",\""8\"",\""9\"",\""10\"",\""11\"",\""12\"",\""13\"",\""14\"",\""15\""]",1,40148,40148,0,2026-05-30 13:07:30,2026-05-30 13:07:30
1449,2,"[\""1\"",\""2\"",\""5\"",\""6\"",\""7\"",\""8\"",\""13\"",\""14\""]","[\""1\"",\""2\"",\""3\"",\""5\"",\""6\"",\""7\"",\""8\"",\""9\"",\""11\"",\""12\"",\""13\"",\""14\"",\""15\""]",1,40148,40148,0,2026-05-30 13:07:30,2026-05-30 13:07:30
1450,3,"[\""1\"",\""2\"",\""5\"",\""6\"",\""7\"",\""8\"",\""14\""]","[\""1\"",\""2\"",\""3\"",\""5\"",\""9\"",\""12\"",\""13\"",\""14\""]",1,40148,40148,0,2026-05-30 13:07:30,2026-05-30 13:07:30
1451,4,"[\""1\"",\""7\"",\""8\"",\""14\""]","[\""1\"",\""10\"",\""12\""]",1,40148,40148,0,2026-05-30 13:07:30,2026-05-30 13:07:30
1452,1,"[\""1\"",\""2\"",\""3\"",\""4\"",\""5\"",\""6\"",\""7\"",\""8\"",\""9\"",\""10\"",\""11\"",\""12\"",\""13\"",\""14\""]","[\""1\"",\""2\"",\""3\"",\""4\"",\""5\"",\""6\"",\""7\"",\""8\"",\""9\"",\""10\"",\""11\"",\""12\"",\""13\"",\""14\"",\""15\""]",1,14651,14651,0,2026-05-30 13:24:30,2026-05-30 13:24:30
1453,2,"[\""1\"",\""2\"",\""5\"",\""6\"",\""7\"",\""8\"",\""13\"",\""14\""]","[\""1\"",\""2\"",\""3\"",\""5\"",\""6\"",\""7\"",\""8\"",\""9\"",\""11\"",\""12\"",\""13\"",\""14\"",\""15\""]",1,14651,14651,0,2026-05-30 13:24:30,2026-05-30 13:24:30
1454,3,"[\""1\"",\""2\"",\""5\"",\""6\"",\""7\"",\""8\"",\""14\""]","[\""1\"",\""2\"",\""3\"",\""5\"",\""9\"",\""12\"",\""13\"",\""14\""]",1,14651,14651,0,2026-05-30 13:24:30,2026-05-30 13:24:30
1455,4,"[\""1\"",\""7\"",\""8\"",\""14\""]","[\""1\"",\""10\"",\""12\""]",1,14651,14651,0,2026-05-30 13:24:30,2026-05-30 13:24:30
1456,1,"[\""1\"",\""2\"",\""3\"",\""4\"",\""5\"",\""6\"",\""7\"",\""8\"",\""9\"",\""10\"",\""11\"",\""12\"",\""13\"",\""14\""]","[\""1\"",\""2\"",\""3\"",\""4\"",\""5\"",\""6\"",\""7\"",\""8\"",\""9\"",\""10\"",\""11\"",\""12\"",\""13\"",\""14\"",\""15\""]",1,40149,40149,0,2026-05-30 14:48:11,2026-05-30 14:48:11
1457,2,"[\""1\"",\""2\"",\""5\"",\""6\"",\""7\"",\""8\"",\""13\"",\""14\""]","[\""1\"",\""2\"",\""3\"",\""5\"",\""6\"",\""7\"",\""8\"",\""9\"",\""11\"",\""12\"",\""13\"",\""14\"",\""15\""]",1,40149,40149,0,2026-05-30 14:48:11,2026-05-30 14:48:11
1458,3,"[\""1\"",\""2\"",\""5\"",\""6\"",\""7\"",\""8\"",\""14\""]","[\""1\"",\""2\"",\""3\"",\""5\"",\""9\"",\""12\"",\""13\"",\""14\""]",1,40149,40149,0,2026-05-30 14:48:11,2026-05-30 14:48:11
1459,4,"[\""1\"",\""7\"",\""8\"",\""14\""]","[\""1\"",\""10\"",\""12\""]",1,40149,40149,0,2026-05-30 14:48:11,2026-05-30 14:48:11
1460,1,"[\""1\"",\""2\"",\""3\"",\""4\"",\""5\"",\""6\"",\""7\"",\""8\"",\""9\"",\""10\"",\""11\"",\""12\"",\""13\"",\""14\""]","[\""1\"",\""2\"",\""3\"",\""4\"",\""5\"",\""6\"",\""7\"",\""8\"",\""9\"",\""10\"",\""11\"",\""12\"",\""13\"",\""14\"",\""15\""]",1,40150,40150,0,2026-05-30 18:22:40,2026-05-30 18:22:40
1461,2,"[\""1\"",\""2\"",\""5\"",\""6\"",\""7\"",\""8\"",\""13\"",\""14\""]","[\""1\"",\""2\"",\""3\"",\""5\"",\""6\"",\""7\"",\""8\"",\""9\"",\""11\"",\""12\"",\""13\"",\""14\"",\""15\""]",1,40150,40150,0,2026-05-30 18:22:40,2026-05-30 18:22:40
1462,3,"[\""1\"",\""2\"",\""5\"",\""6\"",\""7\"",\""8\"",\""14\""]","[\""1\"",\""2\"",\""3\"",\""5\"",\""9\"",\""12\"",\""13\"",\""14\""]",1,40150,40150,0,2026-05-30 18:22:40,2026-05-30 18:22:40
1463,4,"[\""1\"",\""7\"",\""8\"",\""14\""]","[\""1\"",\""10\"",\""12\""]",1,40150,40150,0,2026-05-30 18:22:40,2026-05-30 18:22:40
1464,1,"[\""1\"",\""2\"",\""3\"",\""4\"",\""5\"",\""6\"",\""7\"",\""8\"",\""9\"",\""10\"",\""11\"",\""12\"",\""13\"",\""14\""]","[\""1\"",\""2\"",\""3\"",\""4\"",\""5\"",\""6\"",\""7\"",\""8\"",\""9\"",\""10\"",\""11\"",\""12\"",\""13\"",\""14\"",\""15\""]",1,40151,40151,0,2026-05-30 19:01:01,2026-05-30 19:01:01
1465,2,"[\""1\"",\""2\"",\""5\"",\""6\"",\""7\"",\""8\"",\""13\"",\""14\""]","[\""1\"",\""2\"",\""3\"",\""5\"",\""6\"",\""7\"",\""8\"",\""9\"",\""11\"",\""12\"",\""13\"",\""14\"",\""15\""]",1,40151,40151,0,2026-05-30 19:01:01,2026-05-30 19:01:01
1466,3,"[\""1\"",\""2\"",\""5\"",\""6\"",\""7\"",\""8\"",\""14\""]","[\""1\"",\""2\"",\""3\"",\""5\"",\""9\"",\""12\"",\""13\"",\""14\""]",1,40151,40151,0,2026-05-30 19:01:01,2026-05-30 19:01:01
1467,4,"[\""1\"",\""7\"",\""8\"",\""14\""]","[\""1\"",\""10\"",\""12\""]",1,40151,40151,0,2026-05-30 19:01:01,2026-05-30 19:01:01
1468,1,"[\""1\"",\""2\"",\""3\"",\""4\"",\""5\"",\""6\"",\""7\"",\""8\"",\""9\"",\""10\"",\""11\"",\""12\"",\""13\"",\""14\""]","[\""1\"",\""2\"",\""3\"",\""4\"",\""5\"",\""6\"",\""7\"",\""8\"",\""9\"",\""10\"",\""11\"",\""12\"",\""13\"",\""14\"",\""15\""]",1,40152,40152,0,2026-05-30 19:03:30,2026-05-30 19:03:30
1469,2,"[\""1\"",\""2\"",\""5\"",\""6\"",\""7\"",\""8\"",\""13\"",\""14\""]","[\""1\"",\""2\"",\""3\"",\""5\"",\""6\"",\""7\"",\""8\"",\""9\"",\""11\"",\""12\"",\""13\"",\""14\"",\""15\""]",1,40152,40152,0,2026-05-30 19:03:30,2026-05-30 19:03:30
1470,3,"[\""1\"",\""2\"",\""5\"",\""6\"",\""7\"",\""8\"",\""14\""]","[\""1\"",\""2\"",\""3\"",\""5\"",\""9\"",\""12\"",\""13\"",\""14\""]",1,40152,40152,0,2026-05-30 19:03:30,2026-05-30 19:03:30
1471,4,"[\""1\"",\""7\"",\""8\"",\""14\""]","[\""1\"",\""10\"",\""12\""]",1,40152,40152,0,2026-05-30 19:03:30,2026-05-30 19:03:30
1472,1,"[\""1\"",\""2\"",\""3\"",\""4\"",\""5\"",\""6\"",\""7\"",\""8\"",\""9\"",\""10\"",\""11\"",\""12\"",\""13\"",\""14\""]","[\""1\"",\""2\"",\""3\"",\""4\"",\""5\"",\""6\"",\""7\"",\""8\"",\""9\"",\""10\"",\""11\"",\""12\"",\""13\"",\""14\"",\""15\""]",1,40153,40153,0,2026-06-01 10:32:49,2026-06-01 10:32:49
1473,2,"[\""1\"",\""2\"",\""5\"",\""6\"",\""7\"",\""8\"",\""13\"",\""14\""]","[\""1\"",\""2\"",\""3\"",\""5\"",\""6\"",\""7\"",\""8\"",\""9\"",\""11\"",\""12\"",\""13\"",\""14\"",\""15\""]",1,40153,40153,0,2026-06-01 10:32:49,2026-06-01 10:32:49
1474,3,"[\""1\"",\""2\"",\""5\"",\""6\"",\""7\"",\""8\"",\""14\""]","[\""1\"",\""2\"",\""3\"",\""5\"",\""9\"",\""12\"",\""13\"",\""14\""]",1,40153,40153,0,2026-06-01 10:32:49,2026-06-01 10:32:49
1475,4,"[\""1\"",\""7\"",\""8\"",\""14\""]","[\""1\"",\""10\"",\""12\""]",1,40153,40153,0,2026-06-01 10:32:49,2026-06-01 10:32:49
1476,1,"[\""1\"",\""2\"",\""3\"",\""4\"",\""5\"",\""6\"",\""7\"",\""8\"",\""9\"",\""10\"",\""11\"",\""12\"",\""13\"",\""14\""]","[\""1\"",\""2\"",\""3\"",\""4\"",\""5\"",\""6\"",\""7\"",\""8\"",\""9\"",\""10\"",\""11\"",\""12\"",\""13\"",\""14\"",\""15\""]",1,40154,40154,0,2026-06-01 10:38:08,2026-06-01 10:38:08
1477,2,"[\""1\"",\""2\"",\""5\"",\""6\"",\""7\"",\""8\"",\""13\"",\""14\""]","[\""1\"",\""2\"",\""3\"",\""5\"",\""6\"",\""7\"",\""8\"",\""9\"",\""11\"",\""12\"",\""13\"",\""14\"",\""15\""]",1,40154,40154,0,2026-06-01 10:38:08,2026-06-01 10:38:08
1478,3,"[\""1\"",\""2\"",\""5\"",\""6\"",\""7\"",\""8\"",\""14\""]","[\""1\"",\""2\"",\""3\"",\""5\"",\""9\"",\""12\"",\""13\"",\""14\""]",1,40154,40154,0,2026-06-01 10:38:08,2026-06-01 10:38:08
1479,4,"[\""1\"",\""7\"",\""8\"",\""14\""]","[\""1\"",\""10\"",\""12\""]",1,40154,40154,0,2026-06-01 10:38:08,2026-06-01 10:38:08
1480,1,"[\""1\"",\""2\"",\""3\"",\""4\"",\""5\"",\""6\"",\""7\"",\""8\"",\""9\"",\""10\"",\""11\"",\""12\"",\""13\"",\""14\""]","[\""1\"",\""2\"",\""3\"",\""4\"",\""5\"",\""6\"",\""7\"",\""8\"",\""9\"",\""10\"",\""11\"",\""12\"",\""13\"",\""14\"",\""15\""]",1,40155,40155,0,2026-06-01 10:39:41,2026-06-01 10:39:41
1481,2,"[\""1\"",\""2\"",\""5\"",\""6\"",\""7\"",\""8\"",\""13\"",\""14\""]","[\""1\"",\""2\"",\""3\"",\""5\"",\""6\"",\""7\"",\""8\"",\""9\"",\""11\"",\""12\"",\""13\"",\""14\"",\""15\""]",1,40155,40155,0,2026-06-01 10:39:41,2026-06-01 10:39:41
1482,3,"[\""1\"",\""2\"",\""5\"",\""6\"",\""7\"",\""8\"",\""14\""]","[\""1\"",\""2\"",\""3\"",\""5\"",\""9\"",\""12\"",\""13\"",\""14\""]",1,40155,40155,0,2026-06-01 10:39:41,2026-06-01 10:39:41
1483,4,"[\""1\"",\""7\"",\""8\"",\""14\""]","[\""1\"",\""10\"",\""12\""]",1,40155,40155,0,2026-06-01 10:39:41,2026-06-01 10:39:41
1484,1,"[\""1\"",\""2\"",\""3\"",\""4\"",\""5\"",\""6\"",\""7\"",\""8\"",\""9\"",\""10\"",\""11\"",\""12\"",\""13\"",\""14\""]","[\""1\"",\""2\"",\""3\"",\""4\"",\""5\"",\""6\"",\""7\"",\""8\"",\""9\"",\""10\"",\""11\"",\""12\"",\""13\"",\""14\"",\""15\""]",1,40156,40156,0,2026-06-01 10:42:53,2026-06-01 10:42:53
1485,2,"[\""1\"",\""2\"",\""5\"",\""6\"",\""7\"",\""8\"",\""13\"",\""14\""]","[\""1\"",\""2\"",\""3\"",\""5\"",\""6\"",\""7\"",\""8\"",\""9\"",\""11\"",\""12\"",\""13\"",\""14\"",\""15\""]",1,40156,40156,0,2026-06-01 10:42:53,2026-06-01 10:42:53
1486,3,"[\""1\"",\""2\"",\""5\"",\""6\"",\""7\"",\""8\"",\""14\""]","[\""1\"",\""2\"",\""3\"",\""5\"",\""9\"",\""12\"",\""13\"",\""14\""]",1,40156,40156,0,2026-06-01 10:42:53,2026-06-01 10:42:53
1487,4,"[\""1\"",\""7\"",\""8\"",\""14\""]","[\""1\"",\""10\"",\""12\""]",1,40156,40156,0,2026-06-01 10:42:53,2026-06-01 10:42:53
1488,1,"[\""1\"",\""2\"",\""3\"",\""4\"",\""5\"",\""6\"",\""7\"",\""8\"",\""9\"",\""10\"",\""11\"",\""12\"",\""13\"",\""14\""]","[\""1\"",\""2\"",\""3\"",\""4\"",\""5\"",\""6\"",\""7\"",\""8\"",\""9\"",\""10\"",\""11\"",\""12\"",\""13\"",\""14\"",\""15\""]",1,40157,40157,0,2026-06-01 10:46:31,2026-06-01 10:46:31
1489,2,"[\""1\"",\""2\"",\""5\"",\""6\"",\""7\"",\""8\"",\""13\"",\""14\""]","[\""1\"",\""2\"",\""3\"",\""5\"",\""6\"",\""7\"",\""8\"",\""9\"",\""11\"",\""12\"",\""13\"",\""14\"",\""15\""]",1,40157,40157,0,2026-06-01 10:46:31,2026-06-01 10:46:31
1490,3,"[\""1\"",\""2\"",\""5\"",\""6\"",\""7\"",\""8\"",\""14\""]","[\""1\"",\""2\"",\""3\"",\""5\"",\""9\"",\""12\"",\""13\"",\""14\""]",1,40157,40157,0,2026-06-01 10:46:31,2026-06-01 10:46:31
1491,4,"[\""1\"",\""7\"",\""8\"",\""14\""]","[\""1\"",\""10\"",\""12\""]",1,40157,40157,0,2026-06-01 10:46:31,2026-06-01 10:46:31
1492,1,"[\""1\"",\""2\"",\""3\"",\""4\"",\""5\"",\""6\"",\""7\"",\""8\"",\""9\"",\""10\"",\""11\"",\""12\"",\""13\"",\""14\""]","[\""1\"",\""2\"",\""3\"",\""4\"",\""5\"",\""6\"",\""7\"",\""8\"",\""9\"",\""10\"",\""11\"",\""12\"",\""13\"",\""14\"",\""15\""]",1,40158,40158,0,2026-06-01 10:47:08,2026-06-01 10:47:08
1493,2,"[\""1\"",\""2\"",\""5\"",\""6\"",\""7\"",\""8\"",\""13\"",\""14\""]","[\""1\"",\""2\"",\""3\"",\""5\"",\""6\"",\""7\"",\""8\"",\""9\"",\""11\"",\""12\"",\""13\"",\""14\"",\""15\""]",1,40158,40158,0,2026-06-01 10:47:08,2026-06-01 10:47:08
1494,3,"[\""1\"",\""2\"",\""5\"",\""6\"",\""7\"",\""8\"",\""14\""]","[\""1\"",\""2\"",\""3\"",\""5\"",\""9\"",\""12\"",\""13\"",\""14\""]",1,40158,40158,0,2026-06-01 10:47:08,2026-06-01 10:47:08
1495,4,"[\""1\"",\""7\"",\""8\"",\""14\""]","[\""1\"",\""10\"",\""12\""]",1,40158,40158,0,2026-06-01 10:47:08,2026-06-01 10:47:08
1496,1,"[\""1\"",\""2\"",\""3\"",\""4\"",\""5\"",\""6\"",\""7\"",\""8\"",\""9\"",\""10\"",\""11\"",\""12\"",\""13\"",\""14\""]","[\""1\"",\""2\"",\""3\"",\""4\"",\""5\"",\""6\"",\""7\"",\""8\"",\""9\"",\""10\"",\""11\"",\""12\"",\""13\"",\""14\"",\""15\""]",1,40159,40159,0,2026-06-01 11:19:08,2026-06-01 11:19:08
1497,2,"[\""1\"",\""2\"",\""5\"",\""6\"",\""7\"",\""8\"",\""13\"",\""14\""]","[\""1\"",\""2\"",\""3\"",\""5\"",\""6\"",\""7\"",\""8\"",\""9\"",\""11\"",\""12\"",\""13\"",\""14\"",\""15\""]",1,40159,40159,0,2026-06-01 11:19:08,2026-06-01 11:19:08
1498,3,"[\""1\"",\""2\"",\""5\"",\""6\"",\""7\"",\""8\"",\""14\""]","[\""1\"",\""2\"",\""3\"",\""5\"",\""9\"",\""12\"",\""13\"",\""14\""]",1,40159,40159,0,2026-06-01 11:19:08,2026-06-01 11:19:08
1499,4,"[\""1\"",\""7\"",\""8\"",\""14\""]","[\""1\"",\""10\"",\""12\""]",1,40159,40159,0,2026-06-01 11:19:08,2026-06-01 11:19:08
1500,1,"[\""1\"",\""2\"",\""3\"",\""4\"",\""5\"",\""6\"",\""7\"",\""8\"",\""9\"",\""10\"",\""11\"",\""12\"",\""13\"",\""14\""]","[\""1\"",\""2\"",\""3\"",\""4\"",\""5\"",\""6\"",\""7\"",\""8\"",\""9\"",\""10\"",\""11\"",\""12\"",\""13\"",\""14\"",\""15\""]",1,40160,40160,0,2026-06-01 11:21:55,2026-06-01 11:21:55
1501,2,"[\""1\"",\""2\"",\""5\"",\""6\"",\""7\"",\""8\"",\""13\"",\""14\""]","[\""1\"",\""2\"",\""3\"",\""5\"",\""6\"",\""7\"",\""8\"",\""9\"",\""11\"",\""12\"",\""13\"",\""14\"",\""15\""]",1,40160,40160,0,2026-06-01 11:21:55,2026-06-01 11:21:55
1502,3,"[\""1\"",\""2\"",\""5\"",\""6\"",\""7\"",\""8\"",\""14\""]","[\""1\"",\""2\"",\""3\"",\""5\"",\""9\"",\""12\"",\""13\"",\""14\""]",1,40160,40160,0,2026-06-01 11:21:55,2026-06-01 11:21:55
1503,4,"[\""1\"",\""7\"",\""8\"",\""14\""]","[\""1\"",\""10\"",\""12\""]",1,40160,40160,0,2026-06-01 11:21:55,2026-06-01 11:21:55
1504,1,"[\""1\"",\""2\"",\""3\"",\""4\"",\""5\"",\""6\"",\""7\"",\""8\"",\""9\"",\""10\"",\""11\"",\""12\"",\""13\"",\""14\""]","[\""1\"",\""2\"",\""3\"",\""4\"",\""5\"",\""6\"",\""7\"",\""8\"",\""9\"",\""10\"",\""11\"",\""12\"",\""13\"",\""14\"",\""15\""]",1,40161,40161,0,2026-06-01 11:23:06,2026-06-01 11:23:06
1505,2,"[\""1\"",\""2\"",\""5\"",\""6\"",\""7\"",\""8\"",\""13\"",\""14\""]","[\""1\"",\""2\"",\""3\"",\""5\"",\""6\"",\""7\"",\""8\"",\""9\"",\""11\"",\""12\"",\""13\"",\""14\"",\""15\""]",1,40161,40161,0,2026-06-01 11:23:06,2026-06-01 11:23:06
1506,3,"[\""1\"",\""2\"",\""5\"",\""6\"",\""7\"",\""8\"",\""14\""]","[\""1\"",\""2\"",\""3\"",\""5\"",\""9\"",\""12\"",\""13\"",\""14\""]",1,40161,40161,0,2026-06-01 11:23:06,2026-06-01 11:23:06
1507,4,"[\""1\"",\""7\"",\""8\"",\""14\""]","[\""1\"",\""10\"",\""12\""]",1,40161,40161,0,2026-06-01 11:23:06,2026-06-01 11:23:06
1508,1,"[\""1\"",\""2\"",\""3\"",\""4\"",\""5\"",\""6\"",\""7\"",\""8\"",\""9\"",\""10\"",\""11\"",\""12\"",\""13\"",\""14\""]","[\""1\"",\""2\"",\""3\"",\""4\"",\""5\"",\""6\"",\""7\"",\""8\"",\""9\"",\""10\"",\""11\"",\""12\"",\""13\"",\""14\"",\""15\""]",1,40162,40162,0,2026-06-01 11:24:07,2026-06-01 11:24:07
1509,2,"[\""1\"",\""2\"",\""5\"",\""6\"",\""7\"",\""8\"",\""13\"",\""14\""]","[\""1\"",\""2\"",\""3\"",\""5\"",\""6\"",\""7\"",\""8\"",\""9\"",\""11\"",\""12\"",\""13\"",\""14\"",\""15\""]",1,40162,40162,0,2026-06-01 11:24:07,2026-06-01 11:24:07
1510,3,"[\""1\"",\""2\"",\""5\"",\""6\"",\""7\"",\""8\"",\""14\""]","[\""1\"",\""2\"",\""3\"",\""5\"",\""9\"",\""12\"",\""13\"",\""14\""]",1,40162,40162,0,2026-06-01 11:24:07,2026-06-01 11:24:07
1511,4,"[\""1\"",\""7\"",\""8\"",\""14\""]","[\""1\"",\""10\"",\""12\""]",1,40162,40162,0,2026-06-01 11:24:07,2026-06-01 11:24:07
1512,1,"[\""1\"",\""2\"",\""3\"",\""4\"",\""5\"",\""6\"",\""7\"",\""8\"",\""9\"",\""10\"",\""11\"",\""12\"",\""13\"",\""14\""]","[\""1\"",\""2\"",\""3\"",\""4\"",\""5\"",\""6\"",\""7\"",\""8\"",\""9\"",\""10\"",\""11\"",\""12\"",\""13\"",\""14\"",\""15\""]",1,40163,40163,0,2026-06-01 11:29:19,2026-06-01 11:29:19
1513,2,"[\""1\"",\""2\"",\""5\"",\""6\"",\""7\"",\""8\"",\""13\"",\""14\""]","[\""1\"",\""2\"",\""3\"",\""5\"",\""6\"",\""7\"",\""8\"",\""9\"",\""11\"",\""12\"",\""13\"",\""14\"",\""15\""]",1,40163,40163,0,2026-06-01 11:29:19,2026-06-01 11:29:19
1514,3,"[\""1\"",\""2\"",\""5\"",\""6\"",\""7\"",\""8\"",\""14\""]","[\""1\"",\""2\"",\""3\"",\""5\"",\""9\"",\""12\"",\""13\"",\""14\""]",1,40163,40163,0,2026-06-01 11:29:19,2026-06-01 11:29:19
1515,4,"[\""1\"",\""7\"",\""8\"",\""14\""]","[\""1\"",\""10\"",\""12\""]",1,40163,40163,0,2026-06-01 11:29:19,2026-06-01 11:29:19
1516,1,"[\""1\"",\""2\"",\""3\"",\""4\"",\""5\"",\""6\"",\""7\"",\""8\"",\""9\"",\""10\"",\""11\"",\""12\"",\""13\"",\""14\""]","[\""1\"",\""2\"",\""3\"",\""4\"",\""5\"",\""6\"",\""7\"",\""8\"",\""9\"",\""10\"",\""11\"",\""12\"",\""13\"",\""14\"",\""15\""]",1,40164,40164,0,2026-06-01 11:38:34,2026-06-01 11:38:34
1517,2,"[\""1\"",\""2\"",\""5\"",\""6\"",\""7\"",\""8\"",\""13\"",\""14\""]","[\""1\"",\""2\"",\""3\"",\""5\"",\""6\"",\""7\"",\""8\"",\""9\"",\""11\"",\""12\"",\""13\"",\""14\"",\""15\""]",1,40164,40164,0,2026-06-01 11:38:34,2026-06-01 11:38:34
1518,3,"[\""1\"",\""2\"",\""5\"",\""6\"",\""7\"",\""8\"",\""14\""]","[\""1\"",\""2\"",\""3\"",\""5\"",\""9\"",\""12\"",\""13\"",\""14\""]",1,40164,40164,0,2026-06-01 11:38:34,2026-06-01 11:38:34
1519,4,"[\""1\"",\""7\"",\""8\"",\""14\""]","[\""1\"",\""10\"",\""12\""]",1,40164,40164,0,2026-06-01 11:38:34,2026-06-01 11:38:34
1520,1,"[\""1\"",\""2\"",\""3\"",\""4\"",\""5\"",\""6\"",\""7\"",\""8\"",\""9\"",\""10\"",\""11\"",\""12\"",\""13\"",\""14\""]","[\""1\"",\""2\"",\""3\"",\""4\"",\""5\"",\""6\"",\""7\"",\""8\"",\""9\"",\""10\"",\""11\"",\""12\"",\""13\"",\""14\"",\""15\""]",1,40165,40165,0,2026-06-01 11:45:22,2026-06-01 11:45:22
1521,2,"[\""1\"",\""2\"",\""5\"",\""6\"",\""7\"",\""8\"",\""13\"",\""14\""]","[\""1\"",\""2\"",\""3\"",\""5\"",\""6\"",\""7\"",\""8\"",\""9\"",\""11\"",\""12\"",\""13\"",\""14\"",\""15\""]",1,40165,40165,0,2026-06-01 11:45:22,2026-06-01 11:45:22
1522,3,"[\""1\"",\""2\"",\""5\"",\""6\"",\""7\"",\""8\"",\""14\""]","[\""1\"",\""2\"",\""3\"",\""5\"",\""9\"",\""12\"",\""13\"",\""14\""]",1,40165,40165,0,2026-06-01 11:45:22,2026-06-01 11:45:22
1523,4,"[\""1\"",\""7\"",\""8\"",\""14\""]","[\""1\"",\""10\"",\""12\""]",1,40165,40165,0,2026-06-01 11:45:22,2026-06-01 11:45:22
1524,1,"[\""1\"",\""2\"",\""3\"",\""4\"",\""5\"",\""6\"",\""7\"",\""8\"",\""9\"",\""10\"",\""11\"",\""12\"",\""13\"",\""14\""]","[\""1\"",\""2\"",\""3\"",\""4\"",\""5\"",\""6\"",\""7\"",\""8\"",\""9\"",\""10\"",\""11\"",\""12\"",\""13\"",\""14\"",\""15\""]",1,40167,40167,0,2026-06-01 16:03:53,2026-06-01 16:03:53
1525,2,"[\""1\"",\""2\"",\""5\"",\""6\"",\""7\"",\""8\"",\""13\"",\""14\""]","[\""1\"",\""2\"",\""3\"",\""5\"",\""6\"",\""7\"",\""8\"",\""9\"",\""11\"",\""12\"",\""13\"",\""14\"",\""15\""]",1,40167,40167,0,2026-06-01 16:03:53,2026-06-01 16:03:53
1526,3,"[\""1\"",\""2\"",\""5\"",\""6\"",\""7\"",\""8\"",\""14\""]","[\""1\"",\""2\"",\""3\"",\""5\"",\""9\"",\""12\"",\""13\"",\""14\""]",1,40167,40167,0,2026-06-01 16:03:53,2026-06-01 16:03:53
1527,4,"[\""1\"",\""7\"",\""8\"",\""14\""]","[\""1\"",\""10\"",\""12\""]",1,40167,40167,0,2026-06-01 16:03:53,2026-06-01 16:03:53
1528,1,"[\""1\"",\""2\"",\""3\"",\""4\"",\""5\"",\""6\"",\""7\"",\""8\"",\""9\"",\""10\"",\""11\"",\""12\"",\""13\"",\""14\""]","[\""1\"",\""2\"",\""3\"",\""4\"",\""5\"",\""6\"",\""7\"",\""8\"",\""9\"",\""10\"",\""11\"",\""12\"",\""13\"",\""14\"",\""15\""]",1,40168,40168,0,2026-06-01 17:07:50,2026-06-01 17:07:50
1529,2,"[\""1\"",\""2\"",\""5\"",\""6\"",\""7\"",\""8\"",\""13\"",\""14\""]","[\""1\"",\""2\"",\""3\"",\""5\"",\""6\"",\""7\"",\""8\"",\""9\"",\""11\"",\""12\"",\""13\"",\""14\"",\""15\""]",1,40168,40168,0,2026-06-01 17:07:50,2026-06-01 17:07:50
1530,3,"[\""1\"",\""2\"",\""5\"",\""6\"",\""7\"",\""8\"",\""14\""]","[\""1\"",\""2\"",\""3\"",\""5\"",\""9\"",\""12\"",\""13\"",\""14\""]",1,40168,40168,0,2026-06-01 17:07:50,2026-06-01 17:07:50
1531,4,"[\""1\"",\""7\"",\""8\"",\""14\""]","[\""1\"",\""10\"",\""12\""]",1,40168,40168,0,2026-06-01 17:07:50,2026-06-01 17:07:50
1532,1,"[\""1\"",\""2\"",\""3\"",\""4\"",\""5\"",\""6\"",\""7\"",\""8\"",\""9\"",\""10\"",\""11\"",\""12\"",\""13\"",\""14\""]","[\""1\"",\""2\"",\""3\"",\""4\"",\""5\"",\""6\"",\""7\"",\""8\"",\""9\"",\""10\"",\""11\"",\""12\"",\""13\"",\""14\"",\""15\""]",1,40169,40169,0,2026-06-01 17:09:06,2026-06-01 17:09:06
1533,2,"[\""1\"",\""2\"",\""5\"",\""6\"",\""7\"",\""8\"",\""13\"",\""14\""]","[\""1\"",\""2\"",\""3\"",\""5\"",\""6\"",\""7\"",\""8\"",\""9\"",\""11\"",\""12\"",\""13\"",\""14\"",\""15\""]",1,40169,40169,0,2026-06-01 17:09:06,2026-06-01 17:09:06
1534,3,"[\""1\"",\""2\"",\""5\"",\""6\"",\""7\"",\""8\"",\""14\""]","[\""1\"",\""2\"",\""3\"",\""5\"",\""9\"",\""12\"",\""13\"",\""14\""]",1,40169,40169,0,2026-06-01 17:09:06,2026-06-01 17:09:06
1535,4,"[\""1\"",\""7\"",\""8\"",\""14\""]","[\""1\"",\""10\"",\""12\""]",1,40169,40169,0,2026-06-01 17:09:06,2026-06-01 17:09:06
1536,1,"[\""1\"",\""2\"",\""3\"",\""4\"",\""5\"",\""6\"",\""7\"",\""8\"",\""9\"",\""10\"",\""11\"",\""12\"",\""13\"",\""14\""]","[\""1\"",\""2\"",\""3\"",\""4\"",\""5\"",\""6\"",\""7\"",\""8\"",\""9\"",\""10\"",\""11\"",\""12\"",\""13\"",\""14\"",\""15\""]",1,40170,40170,0,2026-06-01 17:12:07,2026-06-01 17:12:07
1537,2,"[\""1\"",\""2\"",\""5\"",\""6\"",\""7\"",\""8\"",\""13\"",\""14\""]","[\""1\"",\""2\"",\""3\"",\""5\"",\""6\"",\""7\"",\""8\"",\""9\"",\""11\"",\""12\"",\""13\"",\""14\"",\""15\""]",1,40170,40170,0,2026-06-01 17:12:07,2026-06-01 17:12:07
1538,3,"[\""1\"",\""2\"",\""5\"",\""6\"",\""7\"",\""8\"",\""14\""]","[\""1\"",\""2\"",\""3\"",\""5\"",\""9\"",\""12\"",\""13\"",\""14\""]",1,40170,40170,0,2026-06-01 17:12:07,2026-06-01 17:12:07
1539,4,"[\""1\"",\""7\"",\""8\"",\""14\""]","[\""1\"",\""10\"",\""12\""]",1,40170,40170,0,2026-06-01 17:12:07,2026-06-01 17:12:07
1540,1,"[\""1\"",\""2\"",\""3\"",\""4\"",\""5\"",\""6\"",\""7\"",\""8\"",\""9\"",\""10\"",\""11\"",\""12\"",\""13\"",\""14\""]","[\""1\"",\""2\"",\""3\"",\""4\"",\""5\"",\""6\"",\""7\"",\""8\"",\""9\"",\""10\"",\""11\"",\""12\"",\""13\"",\""14\"",\""15\""]",1,40171,40171,0,2026-06-01 17:26:22,2026-06-01 17:26:22
1541,2,"[\""1\"",\""2\"",\""5\"",\""6\"",\""7\"",\""8\"",\""13\"",\""14\""]","[\""1\"",\""2\"",\""3\"",\""5\"",\""6\"",\""7\"",\""8\"",\""9\"",\""11\"",\""12\"",\""13\"",\""14\"",\""15\""]",1,40171,40171,0,2026-06-01 17:26:22,2026-06-01 17:26:22
1542,3,"[\""1\"",\""2\"",\""5\"",\""6\"",\""7\"",\""8\"",\""14\""]","[\""1\"",\""2\"",\""3\"",\""5\"",\""9\"",\""12\"",\""13\"",\""14\""]",1,40171,40171,0,2026-06-01 17:26:22,2026-06-01 17:26:22
1543,4,"[\""1\"",\""7\"",\""8\"",\""14\""]","[\""1\"",\""10\"",\""12\""]",1,40171,40171,0,2026-06-01 17:26:22,2026-06-01 17:26:22
1544,1,"[\""1\"",\""2\"",\""3\"",\""4\"",\""5\"",\""6\"",\""7\"",\""8\"",\""9\"",\""10\"",\""11\"",\""12\"",\""13\"",\""14\""]","[\""1\"",\""2\"",\""3\"",\""4\"",\""5\"",\""6\"",\""7\"",\""8\"",\""9\"",\""10\"",\""11\"",\""12\"",\""13\"",\""14\"",\""15\""]",1,40172,40172,0,2026-06-01 17:27:29,2026-06-01 17:27:29
1545,2,"[\""1\"",\""2\"",\""5\"",\""6\"",\""7\"",\""8\"",\""13\"",\""14\""]","[\""1\"",\""2\"",\""3\"",\""5\"",\""6\"",\""7\"",\""8\"",\""9\"",\""11\"",\""12\"",\""13\"",\""14\"",\""15\""]",1,40172,40172,0,2026-06-01 17:27:29,2026-06-01 17:27:29
1546,3,"[\""1\"",\""2\"",\""5\"",\""6\"",\""7\"",\""8\"",\""14\""]","[\""1\"",\""2\"",\""3\"",\""5\"",\""9\"",\""12\"",\""13\"",\""14\""]",1,40172,40172,0,2026-06-01 17:27:29,2026-06-01 17:27:29
1547,4,"[\""1\"",\""7\"",\""8\"",\""14\""]","[\""1\"",\""10\"",\""12\""]",1,40172,40172,0,2026-06-01 17:27:29,2026-06-01 17:27:29
1548,1,"[\""1\"",\""2\"",\""3\"",\""4\"",\""5\"",\""6\"",\""7\"",\""8\"",\""9\"",\""10\"",\""11\"",\""12\"",\""13\"",\""14\""]","[\""1\"",\""2\"",\""3\"",\""4\"",\""5\"",\""6\"",\""7\"",\""8\"",\""9\"",\""10\"",\""11\"",\""12\"",\""13\"",\""14\"",\""15\""]",1,40173,40173,0,2026-06-01 17:58:54,2026-06-01 17:58:54
1549,2,"[\""1\"",\""2\"",\""5\"",\""6\"",\""7\"",\""8\"",\""13\"",\""14\""]","[\""1\"",\""2\"",\""3\"",\""5\"",\""6\"",\""7\"",\""8\"",\""9\"",\""11\"",\""12\"",\""13\"",\""14\"",\""15\""]",1,40173,40173,0,2026-06-01 17:58:54,2026-06-01 17:58:54
1550,3,"[\""1\"",\""2\"",\""5\"",\""6\"",\""7\"",\""8\"",\""14\""]","[\""1\"",\""2\"",\""3\"",\""5\"",\""9\"",\""12\"",\""13\"",\""14\""]",1,40173,40173,0,2026-06-01 17:58:54,2026-06-01 17:58:54
1551,4,"[\""1\"",\""7\"",\""8\"",\""14\""]","[\""1\"",\""10\"",\""12\""]",1,40173,40173,0,2026-06-01 17:58:54,2026-06-01 17:58:54
1552,1,"[\""1\"",\""2\"",\""3\"",\""4\"",\""5\"",\""6\"",\""7\"",\""8\"",\""9\"",\""10\"",\""11\"",\""12\"",\""13\"",\""14\""]","[\""1\"",\""2\"",\""3\"",\""4\"",\""5\"",\""6\"",\""7\"",\""8\"",\""9\"",\""10\"",\""11\"",\""12\"",\""13\"",\""14\"",\""15\""]",1,40174,40174,0,2026-06-01 18:09:21,2026-06-01 18:09:21
1553,2,"[\""1\"",\""2\"",\""5\"",\""6\"",\""7\"",\""8\"",\""13\"",\""14\""]","[\""1\"",\""2\"",\""3\"",\""5\"",\""6\"",\""7\"",\""8\"",\""9\"",\""11\"",\""12\"",\""13\"",\""14\"",\""15\""]",1,40174,40174,0,2026-06-01 18:09:21,2026-06-01 18:09:21
1554,3,"[\""1\"",\""2\"",\""5\"",\""6\"",\""7\"",\""8\"",\""14\""]","[\""1\"",\""2\"",\""3\"",\""5\"",\""9\"",\""12\"",\""13\"",\""14\""]",1,40174,40174,0,2026-06-01 18:09:21,2026-06-01 18:09:21
1555,4,"[\""1\"",\""7\"",\""8\"",\""14\""]","[\""1\"",\""10\"",\""12\""]",1,40174,40174,0,2026-06-01 18:09:21,2026-06-01 18:09:21
1556,1,"[\""1\"",\""2\"",\""3\"",\""4\"",\""5\"",\""6\"",\""7\"",\""8\"",\""9\"",\""10\"",\""11\"",\""12\"",\""13\"",\""14\""]","[\""1\"",\""2\"",\""3\"",\""4\"",\""5\"",\""6\"",\""7\"",\""8\"",\""9\"",\""10\"",\""11\"",\""12\"",\""13\"",\""14\"",\""15\""]",1,40175,40175,0,2026-06-01 18:11:14,2026-06-01 18:11:14
1557,2,"[\""1\"",\""2\"",\""5\"",\""6\"",\""7\"",\""8\"",\""13\"",\""14\""]","[\""1\"",\""2\"",\""3\"",\""5\"",\""6\"",\""7\"",\""8\"",\""9\"",\""11\"",\""12\"",\""13\"",\""14\"",\""15\""]",1,40175,40175,0,2026-06-01 18:11:14,2026-06-01 18:11:14
1558,3,"[\""1\"",\""2\"",\""5\"",\""6\"",\""7\"",\""8\"",\""14\""]","[\""1\"",\""2\"",\""3\"",\""5\"",\""9\"",\""12\"",\""13\"",\""14\""]",1,40175,40175,0,2026-06-01 18:11:14,2026-06-01 18:11:14
1559,4,"[\""1\"",\""7\"",\""8\"",\""14\""]","[\""1\"",\""10\"",\""12\""]",1,40175,40175,0,2026-06-01 18:11:14,2026-06-01 18:11:14
1560,1,"[\""1\"",\""2\"",\""3\"",\""4\"",\""5\"",\""6\"",\""7\"",\""8\"",\""9\"",\""10\"",\""11\"",\""12\"",\""13\"",\""14\""]","[\""1\"",\""2\"",\""3\"",\""4\"",\""5\"",\""6\"",\""7\"",\""8\"",\""9\"",\""10\"",\""11\"",\""12\"",\""13\"",\""14\"",\""15\""]",1,40176,40176,0,2026-06-01 18:14:05,2026-06-01 18:14:05
1561,2,"[\""1\"",\""2\"",\""5\"",\""6\"",\""7\"",\""8\"",\""13\"",\""14\""]","[\""1\"",\""2\"",\""3\"",\""5\"",\""6\"",\""7\"",\""8\"",\""9\"",\""11\"",\""12\"",\""13\"",\""14\"",\""15\""]",1,40176,40176,0,2026-06-01 18:14:05,2026-06-01 18:14:05
1562,3,"[\""1\"",\""2\"",\""5\"",\""6\"",\""7\"",\""8\"",\""14\""]","[\""1\"",\""2\"",\""3\"",\""5\"",\""9\"",\""12\"",\""13\"",\""14\""]",1,40176,40176,0,2026-06-01 18:14:05,2026-06-01 18:14:05
1563,4,"[\""1\"",\""7\"",\""8\"",\""14\""]","[\""1\"",\""10\"",\""12\""]",1,40176,40176,0,2026-06-01 18:14:05,2026-06-01 18:14:05
1564,1,"[\""1\"",\""2\"",\""3\"",\""4\"",\""5\"",\""6\"",\""7\"",\""8\"",\""9\"",\""10\"",\""11\"",\""12\"",\""13\"",\""14\""]","[\""1\"",\""2\"",\""3\"",\""4\"",\""5\"",\""6\"",\""7\"",\""8\"",\""9\"",\""10\"",\""11\"",\""12\"",\""13\"",\""14\"",\""15\""]",1,40177,40177,0,2026-06-01 18:23:37,2026-06-01 18:23:37
1565,2,"[\""1\"",\""2\"",\""5\"",\""6\"",\""7\"",\""8\"",\""13\"",\""14\""]","[\""1\"",\""2\"",\""3\"",\""5\"",\""6\"",\""7\"",\""8\"",\""9\"",\""11\"",\""12\"",\""13\"",\""14\"",\""15\""]",1,40177,40177,0,2026-06-01 18:23:37,2026-06-01 18:23:37
1566,3,"[\""1\"",\""2\"",\""5\"",\""6\"",\""7\"",\""8\"",\""14\""]","[\""1\"",\""2\"",\""3\"",\""5\"",\""9\"",\""12\"",\""13\"",\""14\""]",1,40177,40177,0,2026-06-01 18:23:37,2026-06-01 18:23:37
1567,4,"[\""1\"",\""7\"",\""8\"",\""14\""]","[\""1\"",\""10\"",\""12\""]",1,40177,40177,0,2026-06-01 18:23:37,2026-06-01 18:23:37
1568,1,"[\""1\"",\""2\"",\""3\"",\""4\"",\""5\"",\""6\"",\""7\"",\""8\"",\""9\"",\""10\"",\""11\"",\""12\"",\""13\"",\""14\""]","[\""1\"",\""2\"",\""3\"",\""4\"",\""5\"",\""6\"",\""7\"",\""8\"",\""9\"",\""10\"",\""11\"",\""12\"",\""13\"",\""14\"",\""15\""]",1,40178,40178,0,2026-06-01 18:27:27,2026-06-01 18:27:27
1569,2,"[\""1\"",\""2\"",\""5\"",\""6\"",\""7\"",\""8\"",\""13\"",\""14\""]","[\""1\"",\""2\"",\""3\"",\""5\"",\""6\"",\""7\"",\""8\"",\""9\"",\""11\"",\""12\"",\""13\"",\""14\"",\""15\""]",1,40178,40178,0,2026-06-01 18:27:27,2026-06-01 18:27:27
1570,3,"[\""1\"",\""2\"",\""5\"",\""6\"",\""7\"",\""8\"",\""14\""]","[\""1\"",\""2\"",\""3\"",\""5\"",\""9\"",\""12\"",\""13\"",\""14\""]",1,40178,40178,0,2026-06-01 18:27:27,2026-06-01 18:27:27
1571,4,"[\""1\"",\""7\"",\""8\"",\""14\""]","[\""1\"",\""10\"",\""12\""]",1,40178,40178,0,2026-06-01 18:27:27,2026-06-01 18:27:27
1572,1,"[\""1\"",\""2\"",\""3\"",\""4\"",\""5\"",\""6\"",\""7\"",\""8\"",\""9\"",\""10\"",\""11\"",\""12\"",\""13\"",\""14\""]","[\""1\"",\""2\"",\""3\"",\""4\"",\""5\"",\""6\"",\""7\"",\""8\"",\""9\"",\""10\"",\""11\"",\""12\"",\""13\"",\""14\"",\""15\""]",1,40179,40179,0,2026-06-01 18:43:11,2026-06-01 18:43:11
1573,2,"[\""1\"",\""2\"",\""5\"",\""6\"",\""7\"",\""8\"",\""13\"",\""14\""]","[\""1\"",\""2\"",\""3\"",\""5\"",\""6\"",\""7\"",\""8\"",\""9\"",\""11\"",\""12\"",\""13\"",\""14\"",\""15\""]",1,40179,40179,0,2026-06-01 18:43:11,2026-06-01 18:43:11
1574,3,"[\""1\"",\""2\"",\""5\"",\""6\"",\""7\"",\""8\"",\""14\""]","[\""1\"",\""2\"",\""3\"",\""5\"",\""9\"",\""12\"",\""13\"",\""14\""]",1,40179,40179,0,2026-06-01 18:43:11,2026-06-01 18:43:11
1575,4,"[\""1\"",\""7\"",\""8\"",\""14\""]","[\""1\"",\""10\"",\""12\""]",1,40179,40179,0,2026-06-01 18:43:11,2026-06-01 18:43:11
1576,1,"[\""1\"",\""2\"",\""3\"",\""4\"",\""5\"",\""6\"",\""7\"",\""8\"",\""9\"",\""10\"",\""11\"",\""12\"",\""13\"",\""14\""]","[\""1\"",\""2\"",\""3\"",\""4\"",\""5\"",\""6\"",\""7\"",\""8\"",\""9\"",\""10\"",\""11\"",\""12\"",\""13\"",\""14\"",\""15\""]",1,40180,40180,0,2026-06-01 18:44:33,2026-06-01 18:44:33
1577,2,"[\""1\"",\""2\"",\""5\"",\""6\"",\""7\"",\""8\"",\""13\"",\""14\""]","[\""1\"",\""2\"",\""3\"",\""5\"",\""6\"",\""7\"",\""8\"",\""9\"",\""11\"",\""12\"",\""13\"",\""14\"",\""15\""]",1,40180,40180,0,2026-06-01 18:44:33,2026-06-01 18:44:33
1578,3,"[\""1\"",\""2\"",\""5\"",\""6\"",\""7\"",\""8\"",\""14\""]","[\""1\"",\""2\"",\""3\"",\""5\"",\""9\"",\""12\"",\""13\"",\""14\""]",1,40180,40180,0,2026-06-01 18:44:33,2026-06-01 18:44:33
1579,4,"[\""1\"",\""7\"",\""8\"",\""14\""]","[\""1\"",\""10\"",\""12\""]",1,40180,40180,0,2026-06-01 18:44:33,2026-06-01 18:44:33
1580,1,"[\""1\"",\""2\"",\""3\"",\""4\"",\""5\"",\""6\"",\""7\"",\""8\"",\""9\"",\""10\"",\""11\"",\""12\"",\""13\"",\""14\""]","[\""1\"",\""2\"",\""3\"",\""4\"",\""5\"",\""6\"",\""7\"",\""8\"",\""9\"",\""10\"",\""11\"",\""12\"",\""13\"",\""14\"",\""15\""]",1,40181,40181,0,2026-06-02 11:25:09,2026-06-02 11:25:09
1581,2,"[\""1\"",\""2\"",\""5\"",\""6\"",\""7\"",\""8\"",\""13\"",\""14\""]","[\""1\"",\""2\"",\""3\"",\""5\"",\""6\"",\""7\"",\""8\"",\""9\"",\""11\"",\""12\"",\""13\"",\""14\"",\""15\""]",1,40181,40181,0,2026-06-02 11:25:09,2026-06-02 11:25:09
1582,3,"[\""1\"",\""2\"",\""5\"",\""6\"",\""7\"",\""8\"",\""14\""]","[\""1\"",\""2\"",\""3\"",\""5\"",\""9\"",\""12\"",\""13\"",\""14\""]",1,40181,40181,0,2026-06-02 11:25:09,2026-06-02 11:25:09
1583,4,"[\""1\"",\""7\"",\""8\"",\""14\""]","[\""1\"",\""10\"",\""12\""]",1,40181,40181,0,2026-06-02 11:25:09,2026-06-02 11:25:09
1584,1,"[\""1\"",\""2\"",\""3\"",\""4\"",\""5\"",\""6\"",\""7\"",\""8\"",\""9\"",\""10\"",\""11\"",\""12\"",\""13\"",\""14\""]","[\""1\"",\""2\"",\""3\"",\""4\"",\""5\"",\""6\"",\""7\"",\""8\"",\""9\"",\""10\"",\""11\"",\""12\"",\""13\"",\""14\"",\""15\""]",1,40182,40182,0,2026-06-02 11:26:56,2026-06-02 11:26:56
1585,2,"[\""1\"",\""2\"",\""5\"",\""6\"",\""7\"",\""8\"",\""13\"",\""14\""]","[\""1\"",\""2\"",\""3\"",\""5\"",\""6\"",\""7\"",\""8\"",\""9\"",\""11\"",\""12\"",\""13\"",\""14\"",\""15\""]",1,40182,40182,0,2026-06-02 11:26:56,2026-06-02 11:26:56
1586,3,"[\""1\"",\""2\"",\""5\"",\""6\"",\""7\"",\""8\"",\""14\""]","[\""1\"",\""2\"",\""3\"",\""5\"",\""9\"",\""12\"",\""13\"",\""14\""]",1,40182,40182,0,2026-06-02 11:26:56,2026-06-02 11:26:56
1587,4,"[\""1\"",\""7\"",\""8\"",\""14\""]","[\""1\"",\""10\"",\""12\""]",1,40182,40182,0,2026-06-02 11:26:56,2026-06-02 11:26:56
1588,1,"[\""1\"",\""2\"",\""3\"",\""4\"",\""5\"",\""6\"",\""7\"",\""8\"",\""9\"",\""10\"",\""11\"",\""12\"",\""13\"",\""14\""]","[\""1\"",\""2\"",\""3\"",\""4\"",\""5\"",\""6\"",\""7\"",\""8\"",\""9\"",\""10\"",\""11\"",\""12\"",\""13\"",\""14\"",\""15\""]",1,40183,40183,0,2026-06-02 12:28:52,2026-06-02 12:28:52
1589,2,"[\""1\"",\""2\"",\""5\"",\""6\"",\""7\"",\""8\"",\""13\"",\""14\""]","[\""1\"",\""2\"",\""3\"",\""5\"",\""6\"",\""7\"",\""8\"",\""9\"",\""11\"",\""12\"",\""13\"",\""14\"",\""15\""]",1,40183,40183,0,2026-06-02 12:28:52,2026-06-02 12:28:52
1590,3,"[\""1\"",\""2\"",\""5\"",\""6\"",\""7\"",\""8\"",\""14\""]","[\""1\"",\""2\"",\""3\"",\""5\"",\""9\"",\""12\"",\""13\"",\""14\""]",1,40183,40183,0,2026-06-02 12:28:52,2026-06-02 12:28:52
1591,4,"[\""1\"",\""7\"",\""8\"",\""14\""]","[\""1\"",\""10\"",\""12\""]",1,40183,40183,0,2026-06-02 12:28:52,2026-06-02 12:28:52
1592,1,"[\""1\"",\""2\"",\""3\"",\""4\"",\""5\"",\""6\"",\""7\"",\""8\"",\""9\"",\""10\"",\""11\"",\""12\"",\""13\"",\""14\""]","[\""1\"",\""2\"",\""3\"",\""4\"",\""5\"",\""6\"",\""7\"",\""8\"",\""9\"",\""10\"",\""11\"",\""12\"",\""13\"",\""14\"",\""15\""]",1,40184,40184,0,2026-06-02 13:03:02,2026-06-02 13:03:02
1593,2,"[\""1\"",\""2\"",\""5\"",\""6\"",\""7\"",\""8\"",\""13\"",\""14\""]","[\""1\"",\""2\"",\""3\"",\""5\"",\""6\"",\""7\"",\""8\"",\""9\"",\""11\"",\""12\"",\""13\"",\""14\"",\""15\""]",1,40184,40184,0,2026-06-02 13:03:02,2026-06-02 13:03:02
1594,3,"[\""1\"",\""2\"",\""5\"",\""6\"",\""7\"",\""8\"",\""14\""]","[\""1\"",\""2\"",\""3\"",\""5\"",\""9\"",\""12\"",\""13\"",\""14\""]",1,40184,40184,0,2026-06-02 13:03:02,2026-06-02 13:03:02
1595,4,"[\""1\"",\""7\"",\""8\"",\""14\""]","[\""1\"",\""10\"",\""12\""]",1,40184,40184,0,2026-06-02 13:03:02,2026-06-02 13:03:02
1596,1,"[\""1\"",\""2\"",\""3\"",\""4\"",\""5\"",\""6\"",\""7\"",\""8\"",\""9\"",\""10\"",\""11\"",\""12\"",\""13\"",\""14\""]","[\""1\"",\""2\"",\""3\"",\""4\"",\""5\"",\""6\"",\""7\"",\""8\"",\""9\"",\""10\"",\""11\"",\""12\"",\""13\"",\""14\"",\""15\""]",1,40185,40185,0,2026-06-02 13:39:15,2026-06-02 13:39:15
1597,2,"[\""1\"",\""2\"",\""5\"",\""6\"",\""7\"",\""8\"",\""13\"",\""14\""]","[\""1\"",\""2\"",\""3\"",\""5\"",\""6\"",\""7\"",\""8\"",\""9\"",\""11\"",\""12\"",\""13\"",\""14\"",\""15\""]",1,40185,40185,0,2026-06-02 13:39:15,2026-06-02 13:39:15
1598,3,"[\""1\"",\""2\"",\""5\"",\""6\"",\""7\"",\""8\"",\""14\""]","[\""1\"",\""2\"",\""3\"",\""5\"",\""9\"",\""12\"",\""13\"",\""14\""]",1,40185,40185,0,2026-06-02 13:39:15,2026-06-02 13:39:15
1599,4,"[\""1\"",\""7\"",\""8\"",\""14\""]","[\""1\"",\""10\"",\""12\""]",1,40185,40185,0,2026-06-02 13:39:15,2026-06-02 13:39:15
1600,1,"[\""1\"",\""2\"",\""3\"",\""4\"",\""5\"",\""6\"",\""7\"",\""8\"",\""9\"",\""10\"",\""11\"",\""12\"",\""13\"",\""14\""]","[\""1\"",\""2\"",\""3\"",\""4\"",\""5\"",\""6\"",\""7\"",\""8\"",\""9\"",\""10\"",\""11\"",\""12\"",\""13\"",\""14\"",\""15\""]",1,40186,40186,0,2026-06-02 14:42:53,2026-06-02 14:42:53
1601,2,"[\""1\"",\""2\"",\""5\"",\""6\"",\""7\"",\""8\"",\""13\"",\""14\""]","[\""1\"",\""2\"",\""3\"",\""5\"",\""6\"",\""7\"",\""8\"",\""9\"",\""11\"",\""12\"",\""13\"",\""14\"",\""15\""]",1,40186,40186,0,2026-06-02 14:42:53,2026-06-02 14:42:53
1602,3,"[\""1\"",\""2\"",\""5\"",\""6\"",\""7\"",\""8\"",\""14\""]","[\""1\"",\""2\"",\""3\"",\""5\"",\""9\"",\""12\"",\""13\"",\""14\""]",1,40186,40186,0,2026-06-02 14:42:53,2026-06-02 14:42:53
1603,4,"[\""1\"",\""7\"",\""8\"",\""14\""]","[\""1\"",\""10\"",\""12\""]",1,40186,40186,0,2026-06-02 14:42:53,2026-06-02 14:42:53
1604,1,"[\""1\"",\""2\"",\""3\"",\""4\"",\""5\"",\""6\"",\""7\"",\""8\"",\""9\"",\""10\"",\""11\"",\""12\"",\""13\"",\""14\""]","[\""1\"",\""2\"",\""3\"",\""4\"",\""5\"",\""6\"",\""7\"",\""8\"",\""9\"",\""10\"",\""11\"",\""12\"",\""13\"",\""14\"",\""15\""]",1,40187,40187,0,2026-06-02 14:52:13,2026-06-02 14:52:13
1605,2,"[\""1\"",\""2\"",\""5\"",\""6\"",\""7\"",\""8\"",\""13\"",\""14\""]","[\""1\"",\""2\"",\""3\"",\""5\"",\""6\"",\""7\"",\""8\"",\""9\"",\""11\"",\""12\"",\""13\"",\""14\"",\""15\""]",1,40187,40187,0,2026-06-02 14:52:13,2026-06-02 14:52:13
1606,3,"[\""1\"",\""2\"",\""5\"",\""6\"",\""7\"",\""8\"",\""14\""]","[\""1\"",\""2\"",\""3\"",\""5\"",\""9\"",\""12\"",\""13\"",\""14\""]",1,40187,40187,0,2026-06-02 14:52:13,2026-06-02 14:52:13
1607,4,"[\""1\"",\""7\"",\""8\"",\""14\""]","[\""1\"",\""10\"",\""12\""]",1,40187,40187,0,2026-06-02 14:52:13,2026-06-02 14:52:13
1608,1,"[\""1\"",\""2\"",\""3\"",\""4\"",\""5\"",\""6\"",\""7\"",\""8\"",\""9\"",\""10\"",\""11\"",\""12\"",\""13\"",\""14\""]","[\""1\"",\""2\"",\""3\"",\""4\"",\""5\"",\""6\"",\""7\"",\""8\"",\""9\"",\""10\"",\""11\"",\""12\"",\""13\"",\""14\"",\""15\""]",1,40188,40188,0,2026-06-02 14:57:37,2026-06-02 14:57:37
1609,2,"[\""1\"",\""2\"",\""5\"",\""6\"",\""7\"",\""8\"",\""13\"",\""14\""]","[\""1\"",\""2\"",\""3\"",\""5\"",\""6\"",\""7\"",\""8\"",\""9\"",\""11\"",\""12\"",\""13\"",\""14\"",\""15\""]",1,40188,40188,0,2026-06-02 14:57:37,2026-06-02 14:57:37
1610,3,"[\""1\"",\""2\"",\""5\"",\""6\"",\""7\"",\""8\"",\""14\""]","[\""1\"",\""2\"",\""3\"",\""5\"",\""9\"",\""12\"",\""13\"",\""14\""]",1,40188,40188,0,2026-06-02 14:57:37,2026-06-02 14:57:37
1611,4,"[\""1\"",\""7\"",\""8\"",\""14\""]","[\""1\"",\""10\"",\""12\""]",1,40188,40188,0,2026-06-02 14:57:37,2026-06-02 14:57:37
1612,1,"[\""1\"",\""2\"",\""3\"",\""4\"",\""5\"",\""6\"",\""7\"",\""8\"",\""9\"",\""10\"",\""11\"",\""12\"",\""13\"",\""14\""]","[\""1\"",\""2\"",\""3\"",\""4\"",\""5\"",\""6\"",\""7\"",\""8\"",\""9\"",\""10\"",\""11\"",\""12\"",\""13\"",\""14\"",\""15\""]",1,40190,40190,0,2026-06-02 16:21:52,2026-06-02 16:21:52
1613,2,"[\""1\"",\""2\"",\""5\"",\""6\"",\""7\"",\""8\"",\""13\"",\""14\""]","[\""1\"",\""2\"",\""3\"",\""5\"",\""6\"",\""7\"",\""8\"",\""9\"",\""11\"",\""12\"",\""13\"",\""14\"",\""15\""]",1,40190,40190,0,2026-06-02 16:21:52,2026-06-02 16:21:52
1614,3,"[\""1\"",\""2\"",\""5\"",\""6\"",\""7\"",\""8\"",\""14\""]","[\""1\"",\""2\"",\""3\"",\""5\"",\""9\"",\""12\"",\""13\"",\""14\""]",1,40190,40190,0,2026-06-02 16:21:52,2026-06-02 16:21:52
1615,4,"[\""1\"",\""7\"",\""8\"",\""14\""]","[\""1\"",\""10\"",\""12\""]",1,40190,40190,0,2026-06-02 16:21:52,2026-06-02 16:21:52
1616,1,"[\""1\"",\""2\"",\""3\"",\""4\"",\""5\"",\""6\"",\""7\"",\""8\"",\""9\"",\""10\"",\""11\"",\""12\"",\""13\"",\""14\""]","[\""1\"",\""2\"",\""3\"",\""4\"",\""5\"",\""6\"",\""7\"",\""8\"",\""9\"",\""10\"",\""11\"",\""12\"",\""13\"",\""14\"",\""15\""]",1,40191,40191,0,2026-06-02 16:26:17,2026-06-02 16:26:17
1617,2,"[\""1\"",\""2\"",\""5\"",\""6\"",\""7\"",\""8\"",\""13\"",\""14\""]","[\""1\"",\""2\"",\""3\"",\""5\"",\""6\"",\""7\"",\""8\"",\""9\"",\""11\"",\""12\"",\""13\"",\""14\"",\""15\""]",1,40191,40191,0,2026-06-02 16:26:17,2026-06-02 16:26:17
1618,3,"[\""1\"",\""2\"",\""5\"",\""6\"",\""7\"",\""8\"",\""14\""]","[\""1\"",\""2\"",\""3\"",\""5\"",\""9\"",\""12\"",\""13\"",\""14\""]",1,40191,40191,0,2026-06-02 16:26:17,2026-06-02 16:26:17
1619,4,"[\""1\"",\""7\"",\""8\"",\""14\""]","[\""1\"",\""10\"",\""12\""]",1,40191,40191,0,2026-06-02 16:26:17,2026-06-02 16:26:17
1620,1,"[\""1\"",\""2\"",\""3\"",\""4\"",\""5\"",\""6\"",\""7\"",\""8\"",\""9\"",\""10\"",\""11\"",\""12\"",\""13\"",\""14\""]","[\""1\"",\""2\"",\""3\"",\""4\"",\""5\"",\""6\"",\""7\"",\""8\"",\""9\"",\""10\"",\""11\"",\""12\"",\""13\"",\""14\"",\""15\""]",1,40192,40192,0,2026-06-02 16:51:06,2026-06-02 16:51:06
1621,2,"[\""1\"",\""2\"",\""5\"",\""6\"",\""7\"",\""8\"",\""13\"",\""14\""]","[\""1\"",\""2\"",\""3\"",\""5\"",\""6\"",\""7\"",\""8\"",\""9\"",\""11\"",\""12\"",\""13\"",\""14\"",\""15\""]",1,40192,40192,0,2026-06-02 16:51:06,2026-06-02 16:51:06
1622,3,"[\""1\"",\""2\"",\""5\"",\""6\"",\""7\"",\""8\"",\""14\""]","[\""1\"",\""2\"",\""3\"",\""5\"",\""9\"",\""12\"",\""13\"",\""14\""]",1,40192,40192,0,2026-06-02 16:51:06,2026-06-02 16:51:06
1623,4,"[\""1\"",\""7\"",\""8\"",\""14\""]","[\""1\"",\""10\"",\""12\""]",1,40192,40192,0,2026-06-02 16:51:06,2026-06-02 16:51:06
1624,1,"[\""1\"",\""2\"",\""3\"",\""4\"",\""5\"",\""6\"",\""7\"",\""8\"",\""9\"",\""10\"",\""11\"",\""12\"",\""13\"",\""14\""]","[\""1\"",\""2\"",\""3\"",\""4\"",\""5\"",\""6\"",\""7\"",\""8\"",\""9\"",\""10\"",\""11\"",\""12\"",\""13\"",\""14\"",\""15\""]",1,40193,40193,0,2026-06-02 17:01:56,2026-06-02 17:01:56
1625,2,"[\""1\"",\""2\"",\""5\"",\""6\"",\""7\"",\""8\"",\""13\"",\""14\""]","[\""1\"",\""2\"",\""3\"",\""5\"",\""6\"",\""7\"",\""8\"",\""9\"",\""11\"",\""12\"",\""13\"",\""14\"",\""15\""]",1,40193,40193,0,2026-06-02 17:01:56,2026-06-02 17:01:56
1626,3,"[\""1\"",\""2\"",\""5\"",\""6\"",\""7\"",\""8\"",\""14\""]","[\""1\"",\""2\"",\""3\"",\""5\"",\""9\"",\""12\"",\""13\"",\""14\""]",1,40193,40193,0,2026-06-02 17:01:56,2026-06-02 17:01:56
1627,4,"[\""1\"",\""7\"",\""8\"",\""14\""]","[\""1\"",\""10\"",\""12\""]",1,40193,40193,0,2026-06-02 17:01:56,2026-06-02 17:01:56
1628,1,"[\""1\"",\""2\"",\""3\"",\""4\"",\""5\"",\""6\"",\""7\"",\""8\"",\""9\"",\""10\"",\""11\"",\""12\"",\""13\"",\""14\""]","[\""1\"",\""2\"",\""3\"",\""4\"",\""5\"",\""6\"",\""7\"",\""8\"",\""9\"",\""10\"",\""11\"",\""12\"",\""13\"",\""14\"",\""15\""]",1,40194,40194,0,2026-06-02 17:11:40,2026-06-02 17:11:40
1629,2,"[\""1\"",\""2\"",\""5\"",\""6\"",\""7\"",\""8\"",\""13\"",\""14\""]","[\""1\"",\""2\"",\""3\"",\""5\"",\""6\"",\""7\"",\""8\"",\""9\"",\""11\"",\""12\"",\""13\"",\""14\"",\""15\""]",1,40194,40194,0,2026-06-02 17:11:40,2026-06-02 17:11:40
1630,3,"[\""1\"",\""2\"",\""5\"",\""6\"",\""7\"",\""8\"",\""14\""]","[\""1\"",\""2\"",\""3\"",\""5\"",\""9\"",\""12\"",\""13\"",\""14\""]",1,40194,40194,0,2026-06-02 17:11:40,2026-06-02 17:11:40
1631,4,"[\""1\"",\""7\"",\""8\"",\""14\""]","[\""1\"",\""10\"",\""12\""]",1,40194,40194,0,2026-06-02 17:11:40,2026-06-02 17:11:40
1632,1,"[\""1\"",\""2\"",\""3\"",\""4\"",\""5\"",\""6\"",\""7\"",\""8\"",\""9\"",\""10\"",\""11\"",\""12\"",\""13\"",\""14\""]","[\""1\"",\""2\"",\""3\"",\""4\"",\""5\"",\""6\"",\""7\"",\""8\"",\""9\"",\""10\"",\""11\"",\""12\"",\""13\"",\""14\"",\""15\""]",1,40195,40195,0,2026-06-02 17:46:23,2026-06-02 17:46:23
1633,2,"[\""1\"",\""2\"",\""5\"",\""6\"",\""7\"",\""8\"",\""13\"",\""14\""]","[\""1\"",\""2\"",\""3\"",\""5\"",\""6\"",\""7\"",\""8\"",\""9\"",\""11\"",\""12\"",\""13\"",\""14\"",\""15\""]",1,40195,40195,0,2026-06-02 17:46:23,2026-06-02 17:46:23
1634,3,"[\""1\"",\""2\"",\""5\"",\""6\"",\""7\"",\""8\"",\""14\""]","[\""1\"",\""2\"",\""3\"",\""5\"",\""9\"",\""12\"",\""13\"",\""14\""]",1,40195,40195,0,2026-06-02 17:46:23,2026-06-02 17:46:23
1635,4,"[\""1\"",\""7\"",\""8\"",\""14\""]","[\""1\"",\""10\"",\""12\""]",1,40195,40195,0,2026-06-02 17:46:23,2026-06-02 17:46:23
1636,1,"[\""1\"",\""2\"",\""3\"",\""4\"",\""5\"",\""6\"",\""7\"",\""8\"",\""9\"",\""10\"",\""11\"",\""12\"",\""13\"",\""14\""]","[\""1\"",\""2\"",\""3\"",\""4\"",\""5\"",\""6\"",\""7\"",\""8\"",\""9\"",\""10\"",\""11\"",\""12\"",\""13\"",\""14\"",\""15\""]",1,40196,40196,0,2026-06-02 18:13:36,2026-06-02 18:13:36
1637,2,"[\""1\"",\""2\"",\""5\"",\""6\"",\""7\"",\""8\"",\""13\"",\""14\""]","[\""1\"",\""2\"",\""3\"",\""5\"",\""6\"",\""7\"",\""8\"",\""9\"",\""11\"",\""12\"",\""13\"",\""14\"",\""15\""]",1,40196,40196,0,2026-06-02 18:13:36,2026-06-02 18:13:36
1638,3,"[\""1\"",\""2\"",\""5\"",\""6\"",\""7\"",\""8\"",\""14\""]","[\""1\"",\""2\"",\""3\"",\""5\"",\""9\"",\""12\"",\""13\"",\""14\""]",1,40196,40196,0,2026-06-02 18:13:36,2026-06-02 18:13:36
1639,4,"[\""1\"",\""7\"",\""8\"",\""14\""]","[\""1\"",\""10\"",\""12\""]",1,40196,40196,0,2026-06-02 18:13:36,2026-06-02 18:13:36
1640,1,"[\""1\"",\""2\"",\""3\"",\""4\"",\""5\"",\""6\"",\""7\"",\""8\"",\""9\"",\""10\"",\""11\"",\""12\"",\""13\"",\""14\""]","[\""1\"",\""2\"",\""3\"",\""4\"",\""5\"",\""6\"",\""7\"",\""8\"",\""9\"",\""10\"",\""11\"",\""12\"",\""13\"",\""14\"",\""15\""]",1,40197,40197,0,2026-06-03 10:55:40,2026-06-03 10:55:40
1641,2,"[\""1\"",\""2\"",\""5\"",\""6\"",\""7\"",\""8\"",\""13\"",\""14\""]","[\""1\"",\""2\"",\""3\"",\""5\"",\""6\"",\""7\"",\""8\"",\""9\"",\""11\"",\""12\"",\""13\"",\""14\"",\""15\""]",1,40197,40197,0,2026-06-03 10:55:40,2026-06-03 10:55:40
1642,3,"[\""1\"",\""2\"",\""5\"",\""6\"",\""7\"",\""8\"",\""14\""]","[\""1\"",\""2\"",\""3\"",\""5\"",\""9\"",\""12\"",\""13\"",\""14\""]",1,40197,40197,0,2026-06-03 10:55:40,2026-06-03 10:55:40
1643,4,"[\""1\"",\""7\"",\""8\"",\""14\""]","[\""1\"",\""10\"",\""12\""]",1,40197,40197,0,2026-06-03 10:55:40,2026-06-03 10:55:40
1644,1,"[\""1\"",\""2\"",\""3\"",\""4\"",\""5\"",\""6\"",\""7\"",\""8\"",\""9\"",\""10\"",\""11\"",\""12\"",\""13\"",\""14\""]","[\""1\"",\""2\"",\""3\"",\""4\"",\""5\"",\""6\"",\""7\"",\""8\"",\""9\"",\""10\"",\""11\"",\""12\"",\""13\"",\""14\"",\""15\""]",1,40198,40198,0,2026-06-03 11:05:06,2026-06-03 11:05:06
1645,2,"[\""1\"",\""2\"",\""5\"",\""6\"",\""7\"",\""8\"",\""13\"",\""14\""]","[\""1\"",\""2\"",\""3\"",\""5\"",\""6\"",\""7\"",\""8\"",\""9\"",\""11\"",\""12\"",\""13\"",\""14\"",\""15\""]",1,40198,40198,0,2026-06-03 11:05:06,2026-06-03 11:05:06
1646,3,"[\""1\"",\""2\"",\""5\"",\""6\"",\""7\"",\""8\"",\""14\""]","[\""1\"",\""2\"",\""3\"",\""5\"",\""9\"",\""12\"",\""13\"",\""14\""]",1,40198,40198,0,2026-06-03 11:05:06,2026-06-03 11:05:06
1647,4,"[\""1\"",\""7\"",\""8\"",\""14\""]","[\""1\"",\""10\"",\""12\""]",1,40198,40198,0,2026-06-03 11:05:06,2026-06-03 11:05:06
1648,1,"[\""1\"",\""2\"",\""3\"",\""4\"",\""5\"",\""6\"",\""7\"",\""8\"",\""9\"",\""10\"",\""11\"",\""12\"",\""13\"",\""14\""]","[\""1\"",\""2\"",\""3\"",\""4\"",\""5\"",\""6\"",\""7\"",\""8\"",\""9\"",\""10\"",\""11\"",\""12\"",\""13\"",\""14\"",\""15\""]",1,40201,40201,0,2026-06-03 12:09:36,2026-06-03 12:09:36
1649,2,"[\""1\"",\""2\"",\""5\"",\""6\"",\""7\"",\""8\"",\""13\"",\""14\""]","[\""1\"",\""2\"",\""3\"",\""5\"",\""6\"",\""7\"",\""8\"",\""9\"",\""11\"",\""12\"",\""13\"",\""14\"",\""15\""]",1,40201,40201,0,2026-06-03 12:09:36,2026-06-03 12:09:36
1650,3,"[\""1\"",\""2\"",\""5\"",\""6\"",\""7\"",\""8\"",\""14\""]","[\""1\"",\""2\"",\""3\"",\""5\"",\""9\"",\""12\"",\""13\"",\""14\""]",1,40201,40201,0,2026-06-03 12:09:36,2026-06-03 12:09:36
1651,4,"[\""1\"",\""7\"",\""8\"",\""14\""]","[\""1\"",\""10\"",\""12\""]",1,40201,40201,0,2026-06-03 12:09:36,2026-06-03 12:09:36
1652,1,"[\""1\"",\""2\"",\""3\"",\""4\"",\""5\"",\""6\"",\""7\"",\""8\"",\""9\"",\""10\"",\""11\"",\""12\"",\""13\"",\""14\""]","[\""1\"",\""2\"",\""3\"",\""4\"",\""5\"",\""6\"",\""7\"",\""8\"",\""9\"",\""10\"",\""11\"",\""12\"",\""13\"",\""14\"",\""15\""]",1,40202,40202,0,2026-06-03 13:14:56,2026-06-03 13:14:56
1653,2,"[\""1\"",\""2\"",\""5\"",\""6\"",\""7\"",\""8\"",\""13\"",\""14\""]","[\""1\"",\""2\"",\""3\"",\""5\"",\""6\"",\""7\"",\""8\"",\""9\"",\""11\"",\""12\"",\""13\"",\""14\"",\""15\""]",1,40202,40202,0,2026-06-03 13:14:56,2026-06-03 13:14:56
1654,3,"[\""1\"",\""2\"",\""5\"",\""6\"",\""7\"",\""8\"",\""14\""]","[\""1\"",\""2\"",\""3\"",\""5\"",\""9\"",\""12\"",\""13\"",\""14\""]",1,40202,40202,0,2026-06-03 13:14:56,2026-06-03 13:14:56
1655,4,"[\""1\"",\""7\"",\""8\"",\""14\""]","[\""1\"",\""10\"",\""12\""]",1,40202,40202,0,2026-06-03 13:14:56,2026-06-03 13:14:56
1656,1,"[\""1\"",\""2\"",\""3\"",\""4\"",\""5\"",\""6\"",\""7\"",\""8\"",\""9\"",\""10\"",\""11\"",\""12\"",\""13\"",\""14\""]","[\""1\"",\""2\"",\""3\"",\""4\"",\""5\"",\""6\"",\""7\"",\""8\"",\""9\"",\""10\"",\""11\"",\""12\"",\""13\"",\""14\"",\""15\""]",1,40203,40203,0,2026-06-03 13:16:50,2026-06-03 13:16:50
1657,2,"[\""1\"",\""2\"",\""5\"",\""6\"",\""7\"",\""8\"",\""13\"",\""14\""]","[\""1\"",\""2\"",\""3\"",\""5\"",\""6\"",\""7\"",\""8\"",\""9\"",\""11\"",\""12\"",\""13\"",\""14\"",\""15\""]",1,40203,40203,0,2026-06-03 13:16:50,2026-06-03 13:16:50
1658,3,"[\""1\"",\""2\"",\""5\"",\""6\"",\""7\"",\""8\"",\""14\""]","[\""1\"",\""2\"",\""3\"",\""5\"",\""9\"",\""12\"",\""13\"",\""14\""]",1,40203,40203,0,2026-06-03 13:16:50,2026-06-03 13:16:50
1659,4,"[\""1\"",\""7\"",\""8\"",\""14\""]","[\""1\"",\""10\"",\""12\""]",1,40203,40203,0,2026-06-03 13:16:50,2026-06-03 13:16:50
1660,1,"[\""1\"",\""2\"",\""3\"",\""4\"",\""5\"",\""6\"",\""7\"",\""8\"",\""9\"",\""10\"",\""11\"",\""12\"",\""13\"",\""14\""]","[\""1\"",\""2\"",\""3\"",\""4\"",\""5\"",\""6\"",\""7\"",\""8\"",\""9\"",\""10\"",\""11\"",\""12\"",\""13\"",\""14\"",\""15\""]",1,40204,40204,0,2026-06-03 13:19:49,2026-06-03 13:19:49
1661,2,"[\""1\"",\""2\"",\""5\"",\""6\"",\""7\"",\""8\"",\""13\"",\""14\""]","[\""1\"",\""2\"",\""3\"",\""5\"",\""6\"",\""7\"",\""8\"",\""9\"",\""11\"",\""12\"",\""13\"",\""14\"",\""15\""]",1,40204,40204,0,2026-06-03 13:19:49,2026-06-03 13:19:49
1662,3,"[\""1\"",\""2\"",\""5\"",\""6\"",\""7\"",\""8\"",\""14\""]","[\""1\"",\""2\"",\""3\"",\""5\"",\""9\"",\""12\"",\""13\"",\""14\""]",1,40204,40204,0,2026-06-03 13:19:49,2026-06-03 13:19:49
1663,4,"[\""1\"",\""7\"",\""8\"",\""14\""]","[\""1\"",\""10\"",\""12\""]",1,40204,40204,0,2026-06-03 13:19:49,2026-06-03 13:19:49
1664,1,"[\""1\"",\""2\"",\""3\"",\""4\"",\""5\"",\""6\"",\""7\"",\""8\"",\""9\"",\""10\"",\""11\"",\""12\"",\""13\"",\""14\""]","[\""1\"",\""2\"",\""3\"",\""4\"",\""5\"",\""6\"",\""7\"",\""8\"",\""9\"",\""10\"",\""11\"",\""12\"",\""13\"",\""14\"",\""15\""]",1,40205,40205,0,2026-06-03 15:00:44,2026-06-03 15:00:44
1665,2,"[\""1\"",\""2\"",\""5\"",\""6\"",\""7\"",\""8\"",\""13\"",\""14\""]","[\""1\"",\""2\"",\""3\"",\""5\"",\""6\"",\""7\"",\""8\"",\""9\"",\""11\"",\""12\"",\""13\"",\""14\"",\""15\""]",1,40205,40205,0,2026-06-03 15:00:44,2026-06-03 15:00:44
1666,3,"[\""1\"",\""2\"",\""5\"",\""6\"",\""7\"",\""8\"",\""14\""]","[\""1\"",\""2\"",\""3\"",\""5\"",\""9\"",\""12\"",\""13\"",\""14\""]",1,40205,40205,0,2026-06-03 15:00:44,2026-06-03 15:00:44
1667,4,"[\""1\"",\""7\"",\""8\"",\""14\""]","[\""1\"",\""10\"",\""12\""]",1,40205,40205,0,2026-06-03 15:00:44,2026-06-03 15:00:44
1668,1,"[\""1\"",\""2\"",\""3\"",\""4\"",\""5\"",\""6\"",\""7\"",\""8\"",\""9\"",\""10\"",\""11\"",\""12\"",\""13\"",\""14\""]","[\""1\"",\""2\"",\""3\"",\""4\"",\""5\"",\""6\"",\""7\"",\""8\"",\""9\"",\""10\"",\""11\"",\""12\"",\""13\"",\""14\"",\""15\""]",1,40206,40206,0,2026-06-03 15:00:48,2026-06-03 15:00:48
1669,2,"[\""1\"",\""2\"",\""5\"",\""6\"",\""7\"",\""8\"",\""13\"",\""14\""]","[\""1\"",\""2\"",\""3\"",\""5\"",\""6\"",\""7\"",\""8\"",\""9\"",\""11\"",\""12\"",\""13\"",\""14\"",\""15\""]",1,40206,40206,0,2026-06-03 15:00:48,2026-06-03 15:00:48
1670,3,"[\""1\"",\""2\"",\""5\"",\""6\"",\""7\"",\""8\"",\""14\""]","[\""1\"",\""2\"",\""3\"",\""5\"",\""9\"",\""12\"",\""13\"",\""14\""]",1,40206,40206,0,2026-06-03 15:00:48,2026-06-03 15:00:48
1671,4,"[\""1\"",\""7\"",\""8\"",\""14\""]","[\""1\"",\""10\"",\""12\""]",1,40206,40206,0,2026-06-03 15:00:48,2026-06-03 15:00:48
1672,1,"[\""1\"",\""2\"",\""3\"",\""4\"",\""5\"",\""6\"",\""7\"",\""8\"",\""9\"",\""10\"",\""11\"",\""12\"",\""13\"",\""14\""]","[\""1\"",\""2\"",\""3\"",\""4\"",\""5\"",\""6\"",\""7\"",\""8\"",\""9\"",\""10\"",\""11\"",\""12\"",\""13\"",\""14\"",\""15\""]",1,40207,40207,0,2026-06-03 15:42:44,2026-06-03 15:42:44
1673,2,"[\""1\"",\""2\"",\""5\"",\""6\"",\""7\"",\""8\"",\""13\"",\""14\""]","[\""1\"",\""2\"",\""3\"",\""5\"",\""6\"",\""7\"",\""8\"",\""9\"",\""11\"",\""12\"",\""13\"",\""14\"",\""15\""]",1,40207,40207,0,2026-06-03 15:42:44,2026-06-03 15:42:44
1674,3,"[\""1\"",\""2\"",\""5\"",\""6\"",\""7\"",\""8\"",\""14\""]","[\""1\"",\""2\"",\""3\"",\""5\"",\""9\"",\""12\"",\""13\"",\""14\""]",1,40207,40207,0,2026-06-03 15:42:44,2026-06-03 15:42:44
1675,4,"[\""1\"",\""7\"",\""8\"",\""14\""]","[\""1\"",\""10\"",\""12\""]",1,40207,40207,0,2026-06-03 15:42:44,2026-06-03 15:42:44
1676,1,"[\""1\"",\""2\"",\""3\"",\""4\"",\""5\"",\""6\"",\""7\"",\""8\"",\""9\"",\""10\"",\""11\"",\""12\"",\""13\"",\""14\""]","[\""1\"",\""2\"",\""3\"",\""4\"",\""5\"",\""6\"",\""7\"",\""8\"",\""9\"",\""10\"",\""11\"",\""12\"",\""13\"",\""14\"",\""15\""]",1,40208,40208,0,2026-06-03 16:02:52,2026-06-03 16:02:52
1677,2,"[\""1\"",\""2\"",\""5\"",\""6\"",\""7\"",\""8\"",\""13\"",\""14\""]","[\""1\"",\""2\"",\""3\"",\""5\"",\""6\"",\""7\"",\""8\"",\""9\"",\""11\"",\""12\"",\""13\"",\""14\"",\""15\""]",1,40208,40208,0,2026-06-03 16:02:52,2026-06-03 16:02:52
1678,3,"[\""1\"",\""2\"",\""5\"",\""6\"",\""7\"",\""8\"",\""14\""]","[\""1\"",\""2\"",\""3\"",\""5\"",\""9\"",\""12\"",\""13\"",\""14\""]",1,40208,40208,0,2026-06-03 16:02:52,2026-06-03 16:02:52
1679,4,"[\""1\"",\""7\"",\""8\"",\""14\""]","[\""1\"",\""10\"",\""12\""]",1,40208,40208,0,2026-06-03 16:02:52,2026-06-03 16:02:52
1680,1,"[\""1\"",\""2\"",\""3\"",\""4\"",\""5\"",\""6\"",\""7\"",\""8\"",\""9\"",\""10\"",\""11\"",\""12\"",\""13\"",\""14\""]","[\""1\"",\""2\"",\""3\"",\""4\"",\""5\"",\""6\"",\""7\"",\""8\"",\""9\"",\""10\"",\""11\"",\""12\"",\""13\"",\""14\"",\""15\""]",1,40209,40209,0,2026-06-03 16:06:33,2026-06-03 16:06:33
1681,2,"[\""1\"",\""2\"",\""5\"",\""6\"",\""7\"",\""8\"",\""13\"",\""14\""]","[\""1\"",\""2\"",\""3\"",\""5\"",\""6\"",\""7\"",\""8\"",\""9\"",\""11\"",\""12\"",\""13\"",\""14\"",\""15\""]",1,40209,40209,0,2026-06-03 16:06:33,2026-06-03 16:06:33
1682,3,"[\""1\"",\""2\"",\""5\"",\""6\"",\""7\"",\""8\"",\""14\""]","[\""1\"",\""2\"",\""3\"",\""5\"",\""9\"",\""12\"",\""13\"",\""14\""]",1,40209,40209,0,2026-06-03 16:06:33,2026-06-03 16:06:33
1683,4,"[\""1\"",\""7\"",\""8\"",\""14\""]","[\""1\"",\""10\"",\""12\""]",1,40209,40209,0,2026-06-03 16:06:33,2026-06-03 16:06:33
1684,1,"[\""1\"",\""2\"",\""3\"",\""4\"",\""5\"",\""6\"",\""7\"",\""8\"",\""9\"",\""10\"",\""11\"",\""12\"",\""13\"",\""14\""]","[\""1\"",\""2\"",\""3\"",\""4\"",\""5\"",\""6\"",\""7\"",\""8\"",\""9\"",\""10\"",\""11\"",\""12\"",\""13\"",\""14\"",\""15\""]",1,40210,40210,0,2026-06-03 17:07:56,2026-06-03 17:07:56
1685,2,"[\""1\"",\""2\"",\""5\"",\""6\"",\""7\"",\""8\"",\""13\"",\""14\""]","[\""1\"",\""2\"",\""3\"",\""5\"",\""6\"",\""7\"",\""8\"",\""9\"",\""11\"",\""12\"",\""13\"",\""14\"",\""15\""]",1,40210,40210,0,2026-06-03 17:07:56,2026-06-03 17:07:56
1686,3,"[\""1\"",\""2\"",\""5\"",\""6\"",\""7\"",\""8\"",\""14\""]","[\""1\"",\""2\"",\""3\"",\""5\"",\""9\"",\""12\"",\""13\"",\""14\""]",1,40210,40210,0,2026-06-03 17:07:56,2026-06-03 17:07:56
1687,4,"[\""1\"",\""7\"",\""8\"",\""14\""]","[\""1\"",\""10\"",\""12\""]",1,40210,40210,0,2026-06-03 17:07:56,2026-06-03 17:07:56
1688,1,"[\""1\"",\""2\"",\""3\"",\""4\"",\""5\"",\""6\"",\""7\"",\""8\"",\""9\"",\""10\"",\""11\"",\""12\"",\""13\"",\""14\""]","[\""1\"",\""2\"",\""3\"",\""4\"",\""5\"",\""6\"",\""7\"",\""8\"",\""9\"",\""10\"",\""11\"",\""12\"",\""13\"",\""14\"",\""15\""]",1,40211,40211,0,2026-06-03 18:12:10,2026-06-03 18:12:10
1689,2,"[\""1\"",\""2\"",\""5\"",\""6\"",\""7\"",\""8\"",\""13\"",\""14\""]","[\""1\"",\""2\"",\""3\"",\""5\"",\""6\"",\""7\"",\""8\"",\""9\"",\""11\"",\""12\"",\""13\"",\""14\"",\""15\""]",1,40211,40211,0,2026-06-03 18:12:10,2026-06-03 18:12:10
1690,3,"[\""1\"",\""2\"",\""5\"",\""6\"",\""7\"",\""8\"",\""14\""]","[\""1\"",\""2\"",\""3\"",\""5\"",\""9\"",\""12\"",\""13\"",\""14\""]",1,40211,40211,0,2026-06-03 18:12:10,2026-06-03 18:12:10
1691,4,"[\""1\"",\""7\"",\""8\"",\""14\""]","[\""1\"",\""10\"",\""12\""]",1,40211,40211,0,2026-06-03 18:12:10,2026-06-03 18:12:10
1692,1,"[\""1\"",\""2\"",\""3\"",\""4\"",\""5\"",\""6\"",\""7\"",\""8\"",\""9\"",\""10\"",\""11\"",\""12\"",\""13\"",\""14\""]","[\""1\"",\""2\"",\""3\"",\""4\"",\""5\"",\""6\"",\""7\"",\""8\"",\""9\"",\""10\"",\""11\"",\""12\"",\""13\"",\""14\"",\""15\""]",1,40212,40212,0,2026-06-03 18:14:55,2026-06-03 18:14:55
1693,2,"[\""1\"",\""2\"",\""5\"",\""6\"",\""7\"",\""8\"",\""13\"",\""14\""]","[\""1\"",\""2\"",\""3\"",\""5\"",\""6\"",\""7\"",\""8\"",\""9\"",\""11\"",\""12\"",\""13\"",\""14\"",\""15\""]",1,40212,40212,0,2026-06-03 18:14:55,2026-06-03 18:14:55
1694,3,"[\""1\"",\""2\"",\""5\"",\""6\"",\""7\"",\""8\"",\""14\""]","[\""1\"",\""2\"",\""3\"",\""5\"",\""9\"",\""12\"",\""13\"",\""14\""]",1,40212,40212,0,2026-06-03 18:14:55,2026-06-03 18:14:55
1695,4,"[\""1\"",\""7\"",\""8\"",\""14\""]","[\""1\"",\""10\"",\""12\""]",1,40212,40212,0,2026-06-03 18:14:55,2026-06-03 18:14:55
1696,1,"[\""1\"",\""2\"",\""3\"",\""4\"",\""5\"",\""6\"",\""7\"",\""8\"",\""9\"",\""10\"",\""11\"",\""12\"",\""13\"",\""14\""]","[\""1\"",\""2\"",\""3\"",\""4\"",\""5\"",\""6\"",\""7\"",\""8\"",\""9\"",\""10\"",\""11\"",\""12\"",\""13\"",\""14\"",\""15\""]",1,40213,40213,0,2026-06-04 11:10:10,2026-06-04 11:10:10
1697,2,"[\""1\"",\""2\"",\""5\"",\""6\"",\""7\"",\""8\"",\""13\"",\""14\""]","[\""1\"",\""2\"",\""3\"",\""5\"",\""6\"",\""7\"",\""8\"",\""9\"",\""11\"",\""12\"",\""13\"",\""14\"",\""15\""]",1,40213,40213,0,2026-06-04 11:10:10,2026-06-04 11:10:10
1698,3,"[\""1\"",\""2\"",\""5\"",\""6\"",\""7\"",\""8\"",\""14\""]","[\""1\"",\""2\"",\""3\"",\""5\"",\""9\"",\""12\"",\""13\"",\""14\""]",1,40213,40213,0,2026-06-04 11:10:10,2026-06-04 11:10:10
1699,4,"[\""1\"",\""7\"",\""8\"",\""14\""]","[\""1\"",\""10\"",\""12\""]",1,40213,40213,0,2026-06-04 11:10:10,2026-06-04 11:10:10
1700,1,"[\""1\"",\""2\"",\""3\"",\""4\"",\""5\"",\""6\"",\""7\"",\""8\"",\""9\"",\""10\"",\""11\"",\""12\"",\""13\"",\""14\""]","[\""1\"",\""2\"",\""3\"",\""4\"",\""5\"",\""6\"",\""7\"",\""8\"",\""9\"",\""10\"",\""11\"",\""12\"",\""13\"",\""14\"",\""15\""]",1,40214,40214,0,2026-06-04 11:14:48,2026-06-04 11:14:48
1701,2,"[\""1\"",\""2\"",\""5\"",\""6\"",\""7\"",\""8\"",\""13\"",\""14\""]","[\""1\"",\""2\"",\""3\"",\""5\"",\""6\"",\""7\"",\""8\"",\""9\"",\""11\"",\""12\"",\""13\"",\""14\"",\""15\""]",1,40214,40214,0,2026-06-04 11:14:48,2026-06-04 11:14:48
1702,3,"[\""1\"",\""2\"",\""5\"",\""6\"",\""7\"",\""8\"",\""14\""]","[\""1\"",\""2\"",\""3\"",\""5\"",\""9\"",\""12\"",\""13\"",\""14\""]",1,40214,40214,0,2026-06-04 11:14:48,2026-06-04 11:14:48
1703,4,"[\""1\"",\""7\"",\""8\"",\""14\""]","[\""1\"",\""10\"",\""12\""]",1,40214,40214,0,2026-06-04 11:14:48,2026-06-04 11:14:48
1704,1,"[\""1\"",\""2\"",\""3\"",\""4\"",\""5\"",\""6\"",\""7\"",\""8\"",\""9\"",\""10\"",\""11\"",\""12\"",\""13\"",\""14\""]","[\""1\"",\""2\"",\""3\"",\""4\"",\""5\"",\""6\"",\""7\"",\""8\"",\""9\"",\""10\"",\""11\"",\""12\"",\""13\"",\""14\"",\""15\""]",1,40215,40215,0,2026-06-04 18:10:08,2026-06-04 18:10:08
1705,2,"[\""1\"",\""2\"",\""5\"",\""6\"",\""7\"",\""8\"",\""13\"",\""14\""]","[\""1\"",\""2\"",\""3\"",\""5\"",\""6\"",\""7\"",\""8\"",\""9\"",\""11\"",\""12\"",\""13\"",\""14\"",\""15\""]",1,40215,40215,0,2026-06-04 18:10:08,2026-06-04 18:10:08
1706,3,"[\""1\"",\""2\"",\""5\"",\""6\"",\""7\"",\""8\"",\""14\""]","[\""1\"",\""2\"",\""3\"",\""5\"",\""9\"",\""12\"",\""13\"",\""14\""]",1,40215,40215,0,2026-06-04 18:10:08,2026-06-04 18:10:08
1707,4,"[\""1\"",\""7\"",\""8\"",\""14\""]","[\""1\"",\""10\"",\""12\""]",1,40215,40215,0,2026-06-04 18:10:08,2026-06-04 18:10:08
1708,1,"[\""1\"",\""2\"",\""3\"",\""4\"",\""5\"",\""6\"",\""7\"",\""8\"",\""9\"",\""10\"",\""11\"",\""12\"",\""13\"",\""14\""]","[\""1\"",\""2\"",\""3\"",\""4\"",\""5\"",\""6\"",\""7\"",\""8\"",\""9\"",\""10\"",\""11\"",\""12\"",\""13\"",\""14\"",\""15\""]",1,40216,40216,0,2026-06-04 18:26:10,2026-06-04 18:26:10
1709,2,"[\""1\"",\""2\"",\""5\"",\""6\"",\""7\"",\""8\"",\""13\"",\""14\""]","[\""1\"",\""2\"",\""3\"",\""5\"",\""6\"",\""7\"",\""8\"",\""9\"",\""11\"",\""12\"",\""13\"",\""14\"",\""15\""]",1,40216,40216,0,2026-06-04 18:26:10,2026-06-04 18:26:10
1710,3,"[\""1\"",\""2\"",\""5\"",\""6\"",\""7\"",\""8\"",\""14\""]","[\""1\"",\""2\"",\""3\"",\""5\"",\""9\"",\""12\"",\""13\"",\""14\""]",1,40216,40216,0,2026-06-04 18:26:10,2026-06-04 18:26:10
1711,4,"[\""1\"",\""7\"",\""8\"",\""14\""]","[\""1\"",\""10\"",\""12\""]",1,40216,40216,0,2026-06-04 18:26:10,2026-06-04 18:26:10
1712,1,"[\""1\"",\""2\"",\""3\"",\""4\"",\""5\"",\""6\"",\""7\"",\""8\"",\""9\"",\""10\"",\""11\"",\""12\"",\""13\"",\""14\""]","[\""1\"",\""2\"",\""3\"",\""4\"",\""5\"",\""6\"",\""7\"",\""8\"",\""9\"",\""10\"",\""11\"",\""12\"",\""13\"",\""14\"",\""15\""]",1,40217,40217,0,2026-06-04 18:30:18,2026-06-04 18:30:18
1713,2,"[\""1\"",\""2\"",\""5\"",\""6\"",\""7\"",\""8\"",\""13\"",\""14\""]","[\""1\"",\""2\"",\""3\"",\""5\"",\""6\"",\""7\"",\""8\"",\""9\"",\""11\"",\""12\"",\""13\"",\""14\"",\""15\""]",1,40217,40217,0,2026-06-04 18:30:18,2026-06-04 18:30:18
1714,3,"[\""1\"",\""2\"",\""5\"",\""6\"",\""7\"",\""8\"",\""14\""]","[\""1\"",\""2\"",\""3\"",\""5\"",\""9\"",\""12\"",\""13\"",\""14\""]",1,40217,40217,0,2026-06-04 18:30:18,2026-06-04 18:30:18
1715,4,"[\""1\"",\""7\"",\""8\"",\""14\""]","[\""1\"",\""10\"",\""12\""]",1,40217,40217,0,2026-06-04 18:30:18,2026-06-04 18:30:18
1716,1,"[\""1\"",\""2\"",\""3\"",\""4\"",\""5\"",\""6\"",\""7\"",\""8\"",\""9\"",\""10\"",\""11\"",\""12\"",\""13\"",\""14\""]","[\""1\"",\""2\"",\""3\"",\""4\"",\""5\"",\""6\"",\""7\"",\""8\"",\""9\"",\""10\"",\""11\"",\""12\"",\""13\"",\""14\"",\""15\""]",1,40218,40218,0,2026-06-05 11:14:14,2026-06-05 11:14:14
1717,2,"[\""1\"",\""2\"",\""5\"",\""6\"",\""7\"",\""8\"",\""13\"",\""14\""]","[\""1\"",\""2\"",\""3\"",\""5\"",\""6\"",\""7\"",\""8\"",\""9\"",\""11\"",\""12\"",\""13\"",\""14\"",\""15\""]",1,40218,40218,0,2026-06-05 11:14:14,2026-06-05 11:14:14
1718,3,"[\""1\"",\""2\"",\""5\"",\""6\"",\""7\"",\""8\"",\""14\""]","[\""1\"",\""2\"",\""3\"",\""5\"",\""9\"",\""12\"",\""13\"",\""14\""]",1,40218,40218,0,2026-06-05 11:14:14,2026-06-05 11:14:14
1719,4,"[\""1\"",\""7\"",\""8\"",\""14\""]","[\""1\"",\""10\"",\""12\""]",1,40218,40218,0,2026-06-05 11:14:14,2026-06-05 11:14:14
1720,1,"[\""1\"",\""2\"",\""3\"",\""4\"",\""5\"",\""6\"",\""7\"",\""8\"",\""9\"",\""10\"",\""11\"",\""12\"",\""13\"",\""14\""]","[\""1\"",\""2\"",\""3\"",\""4\"",\""5\"",\""6\"",\""7\"",\""8\"",\""9\"",\""10\"",\""11\"",\""12\"",\""13\"",\""14\"",\""15\""]",1,40219,40219,0,2026-06-05 11:18:12,2026-06-05 11:18:12
1721,2,"[\""1\"",\""2\"",\""5\"",\""6\"",\""7\"",\""8\"",\""13\"",\""14\""]","[\""1\"",\""2\"",\""3\"",\""5\"",\""6\"",\""7\"",\""8\"",\""9\"",\""11\"",\""12\"",\""13\"",\""14\"",\""15\""]",1,40219,40219,0,2026-06-05 11:18:12,2026-06-05 11:18:12
1722,3,"[\""1\"",\""2\"",\""5\"",\""6\"",\""7\"",\""8\"",\""14\""]","[\""1\"",\""2\"",\""3\"",\""5\"",\""9\"",\""12\"",\""13\"",\""14\""]",1,40219,40219,0,2026-06-05 11:18:12,2026-06-05 11:18:12
1723,4,"[\""1\"",\""7\"",\""8\"",\""14\""]","[\""1\"",\""10\"",\""12\""]",1,40219,40219,0,2026-06-05 11:18:12,2026-06-05 11:18:12
1724,1,"[\""1\"",\""2\"",\""3\"",\""4\"",\""5\"",\""6\"",\""7\"",\""8\"",\""9\"",\""10\"",\""11\"",\""12\"",\""13\"",\""14\""]","[\""1\"",\""2\"",\""3\"",\""4\"",\""5\"",\""6\"",\""7\"",\""8\"",\""9\"",\""10\"",\""11\"",\""12\"",\""13\"",\""14\"",\""15\""]",1,40220,40220,0,2026-06-05 12:24:53,2026-06-05 12:24:53
1725,2,"[\""1\"",\""2\"",\""5\"",\""6\"",\""7\"",\""8\"",\""13\"",\""14\""]","[\""1\"",\""2\"",\""3\"",\""5\"",\""6\"",\""7\"",\""8\"",\""9\"",\""11\"",\""12\"",\""13\"",\""14\"",\""15\""]",1,40220,40220,0,2026-06-05 12:24:53,2026-06-05 12:24:53
1726,3,"[\""1\"",\""2\"",\""5\"",\""6\"",\""7\"",\""8\"",\""14\""]","[\""1\"",\""2\"",\""3\"",\""5\"",\""9\"",\""12\"",\""13\"",\""14\""]",1,40220,40220,0,2026-06-05 12:24:53,2026-06-05 12:24:53
1727,4,"[\""1\"",\""7\"",\""8\"",\""14\""]","[\""1\"",\""10\"",\""12\""]",1,40220,40220,0,2026-06-05 12:24:53,2026-06-05 12:24:53
1728,1,"[\""1\"",\""2\"",\""3\"",\""4\"",\""5\"",\""6\"",\""7\"",\""8\"",\""9\"",\""10\"",\""11\"",\""12\"",\""13\"",\""14\""]","[\""1\"",\""2\"",\""3\"",\""4\"",\""5\"",\""6\"",\""7\"",\""8\"",\""9\"",\""10\"",\""11\"",\""12\"",\""13\"",\""14\"",\""15\""]",1,40221,40221,0,2026-06-05 16:23:54,2026-06-05 16:23:54
1729,2,"[\""1\"",\""2\"",\""5\"",\""6\"",\""7\"",\""8\"",\""13\"",\""14\""]","[\""1\"",\""2\"",\""3\"",\""5\"",\""6\"",\""7\"",\""8\"",\""9\"",\""11\"",\""12\"",\""13\"",\""14\"",\""15\""]",1,40221,40221,0,2026-06-05 16:23:54,2026-06-05 16:23:54
1730,3,"[\""1\"",\""2\"",\""5\"",\""6\"",\""7\"",\""8\"",\""14\""]","[\""1\"",\""2\"",\""3\"",\""5\"",\""9\"",\""12\"",\""13\"",\""14\""]",1,40221,40221,0,2026-06-05 16:23:54,2026-06-05 16:23:54
1731,4,"[\""1\"",\""7\"",\""8\"",\""14\""]","[\""1\"",\""10\"",\""12\""]",1,40221,40221,0,2026-06-05 16:23:54,2026-06-05 16:23:54
1732,1,"[\""1\"",\""2\"",\""3\"",\""4\"",\""5\"",\""6\"",\""7\"",\""8\"",\""9\"",\""10\"",\""11\"",\""12\"",\""13\"",\""14\""]","[\""1\"",\""2\"",\""3\"",\""4\"",\""5\"",\""6\"",\""7\"",\""8\"",\""9\"",\""10\"",\""11\"",\""12\"",\""13\"",\""14\"",\""15\""]",1,40222,40222,0,2026-06-05 16:51:07,2026-06-05 16:51:07
1733,2,"[\""1\"",\""2\"",\""5\"",\""6\"",\""7\"",\""8\"",\""13\"",\""14\""]","[\""1\"",\""2\"",\""3\"",\""5\"",\""6\"",\""7\"",\""8\"",\""9\"",\""11\"",\""12\"",\""13\"",\""14\"",\""15\""]",1,40222,40222,0,2026-06-05 16:51:07,2026-06-05 16:51:07
1734,3,"[\""1\"",\""2\"",\""5\"",\""6\"",\""7\"",\""8\"",\""14\""]","[\""1\"",\""2\"",\""3\"",\""5\"",\""9\"",\""12\"",\""13\"",\""14\""]",1,40222,40222,0,2026-06-05 16:51:07,2026-06-05 16:51:07
1735,4,"[\""1\"",\""7\"",\""8\"",\""14\""]","[\""1\"",\""10\"",\""12\""]",1,40222,40222,0,2026-06-05 16:51:07,2026-06-05 16:51:07
1736,1,"[\""1\"",\""2\"",\""3\"",\""4\"",\""5\"",\""6\"",\""7\"",\""8\"",\""9\"",\""10\"",\""11\"",\""12\"",\""13\"",\""14\""]","[\""1\"",\""2\"",\""3\"",\""4\"",\""5\"",\""6\"",\""7\"",\""8\"",\""9\"",\""10\"",\""11\"",\""12\"",\""13\"",\""14\"",\""15\""]",1,40223,40223,0,2026-06-05 17:46:49,2026-06-05 17:46:49
1737,2,"[\""1\"",\""2\"",\""5\"",\""6\"",\""7\"",\""8\"",\""13\"",\""14\""]","[\""1\"",\""2\"",\""3\"",\""5\"",\""6\"",\""7\"",\""8\"",\""9\"",\""11\"",\""12\"",\""13\"",\""14\"",\""15\""]",1,40223,40223,0,2026-06-05 17:46:49,2026-06-05 17:46:49
1738,3,"[\""1\"",\""2\"",\""5\"",\""6\"",\""7\"",\""8\"",\""14\""]","[\""1\"",\""2\"",\""3\"",\""5\"",\""9\"",\""12\"",\""13\"",\""14\""]",1,40223,40223,0,2026-06-05 17:46:49,2026-06-05 17:46:49
1739,4,"[\""1\"",\""7\"",\""8\"",\""14\""]","[\""1\"",\""10\"",\""12\""]",1,40223,40223,0,2026-06-05 17:46:49,2026-06-05 17:46:49
1740,1,"[\""1\"",\""2\"",\""3\"",\""4\"",\""5\"",\""6\"",\""7\"",\""8\"",\""9\"",\""10\"",\""11\"",\""12\"",\""13\"",\""14\""]","[\""1\"",\""2\"",\""3\"",\""4\"",\""5\"",\""6\"",\""7\"",\""8\"",\""9\"",\""10\"",\""11\"",\""12\"",\""13\"",\""14\"",\""15\""]",1,40224,40224,0,2026-06-05 18:04:22,2026-06-05 18:04:22
1741,2,"[\""1\"",\""2\"",\""5\"",\""6\"",\""7\"",\""8\"",\""13\"",\""14\""]","[\""1\"",\""2\"",\""3\"",\""5\"",\""6\"",\""7\"",\""8\"",\""9\"",\""11\"",\""12\"",\""13\"",\""14\"",\""15\""]",1,40224,40224,0,2026-06-05 18:04:22,2026-06-05 18:04:22
1742,3,"[\""1\"",\""2\"",\""5\"",\""6\"",\""7\"",\""8\"",\""14\""]","[\""1\"",\""2\"",\""3\"",\""5\"",\""9\"",\""12\"",\""13\"",\""14\""]",1,40224,40224,0,2026-06-05 18:04:22,2026-06-05 18:04:22
1743,4,"[\""1\"",\""7\"",\""8\"",\""14\""]","[\""1\"",\""10\"",\""12\""]",1,40224,40224,0,2026-06-05 18:04:22,2026-06-05 18:04:22
1744,1,"[\""1\"",\""2\"",\""3\"",\""4\"",\""5\"",\""6\"",\""7\"",\""8\"",\""9\"",\""10\"",\""11\"",\""12\"",\""13\"",\""14\""]","[\""1\"",\""2\"",\""3\"",\""4\"",\""5\"",\""6\"",\""7\"",\""8\"",\""9\"",\""10\"",\""11\"",\""12\"",\""13\"",\""14\"",\""15\""]",1,40225,40225,0,2026-06-05 18:43:35,2026-06-05 18:43:35
1745,2,"[\""1\"",\""2\"",\""5\"",\""6\"",\""7\"",\""8\"",\""13\"",\""14\""]","[\""1\"",\""2\"",\""3\"",\""5\"",\""6\"",\""7\"",\""8\"",\""9\"",\""11\"",\""12\"",\""13\"",\""14\"",\""15\""]",1,40225,40225,0,2026-06-05 18:43:35,2026-06-05 18:43:35
1746,3,"[\""1\"",\""2\"",\""5\"",\""6\"",\""7\"",\""8\"",\""14\""]","[\""1\"",\""2\"",\""3\"",\""5\"",\""9\"",\""12\"",\""13\"",\""14\""]",1,40225,40225,0,2026-06-05 18:43:35,2026-06-05 18:43:35
1747,4,"[\""1\"",\""7\"",\""8\"",\""14\""]","[\""1\"",\""10\"",\""12\""]",1,40225,40225,0,2026-06-05 18:43:35,2026-06-05 18:43:35
1748,1,"[\""1\"",\""2\"",\""3\"",\""4\"",\""5\"",\""6\"",\""7\"",\""8\"",\""9\"",\""10\"",\""11\"",\""12\"",\""13\"",\""14\""]","[\""1\"",\""2\"",\""3\"",\""4\"",\""5\"",\""6\"",\""7\"",\""8\"",\""9\"",\""10\"",\""11\"",\""12\"",\""13\"",\""14\"",\""15\""]",1,40226,40226,0,2026-06-05 23:28:12,2026-06-05 23:28:12
1749,2,"[\""1\"",\""2\"",\""5\"",\""6\"",\""7\"",\""8\"",\""13\"",\""14\""]","[\""1\"",\""2\"",\""3\"",\""5\"",\""6\"",\""7\"",\""8\"",\""9\"",\""11\"",\""12\"",\""13\"",\""14\"",\""15\""]",1,40226,40226,0,2026-06-05 23:28:12,2026-06-05 23:28:12
1750,3,"[\""1\"",\""2\"",\""5\"",\""6\"",\""7\"",\""8\"",\""14\""]","[\""1\"",\""2\"",\""3\"",\""5\"",\""9\"",\""12\"",\""13\"",\""14\""]",1,40226,40226,0,2026-06-05 23:28:12,2026-06-05 23:28:12
1751,4,"[\""1\"",\""7\"",\""8\"",\""14\""]","[\""1\"",\""10\"",\""12\""]",1,40226,40226,0,2026-06-05 23:28:12,2026-06-05 23:28:12
1752,1,"[\""1\"",\""2\"",\""3\"",\""4\"",\""5\"",\""6\"",\""7\"",\""8\"",\""9\"",\""10\"",\""11\"",\""12\"",\""13\"",\""14\""]","[\""1\"",\""2\"",\""3\"",\""4\"",\""5\"",\""6\"",\""7\"",\""8\"",\""9\"",\""10\"",\""11\"",\""12\"",\""13\"",\""14\"",\""15\""]",1,40227,40227,0,2026-06-05 23:54:10,2026-06-05 23:54:10
1753,2,"[\""1\"",\""2\"",\""5\"",\""6\"",\""7\"",\""8\"",\""13\"",\""14\""]","[\""1\"",\""2\"",\""3\"",\""5\"",\""6\"",\""7\"",\""8\"",\""9\"",\""11\"",\""12\"",\""13\"",\""14\"",\""15\""]",1,40227,40227,0,2026-06-05 23:54:10,2026-06-05 23:54:10
1754,3,"[\""1\"",\""2\"",\""5\"",\""6\"",\""7\"",\""8\"",\""14\""]","[\""1\"",\""2\"",\""3\"",\""5\"",\""9\"",\""12\"",\""13\"",\""14\""]",1,40227,40227,0,2026-06-05 23:54:10,2026-06-05 23:54:10
1755,4,"[\""1\"",\""7\"",\""8\"",\""14\""]","[\""1\"",\""10\"",\""12\""]",1,40227,40227,0,2026-06-05 23:54:10,2026-06-05 23:54:10
1756,1,"[\""1\"",\""2\"",\""3\"",\""4\"",\""5\"",\""6\"",\""7\"",\""8\"",\""9\"",\""10\"",\""11\"",\""12\"",\""13\"",\""14\""]","[\""1\"",\""2\"",\""3\"",\""4\"",\""5\"",\""6\"",\""7\"",\""8\"",\""9\"",\""10\"",\""11\"",\""12\"",\""13\"",\""14\"",\""15\""]",1,40228,40228,0,2026-06-06 01:14:05,2026-06-06 01:14:05
1757,2,"[\""1\"",\""2\"",\""5\"",\""6\"",\""7\"",\""8\"",\""13\"",\""14\""]","[\""1\"",\""2\"",\""3\"",\""5\"",\""6\"",\""7\"",\""8\"",\""9\"",\""11\"",\""12\"",\""13\"",\""14\"",\""15\""]",1,40228,40228,0,2026-06-06 01:14:05,2026-06-06 01:14:05
1758,3,"[\""1\"",\""2\"",\""5\"",\""6\"",\""7\"",\""8\"",\""14\""]","[\""1\"",\""2\"",\""3\"",\""5\"",\""9\"",\""12\"",\""13\"",\""14\""]",1,40228,40228,0,2026-06-06 01:14:05,2026-06-06 01:14:05
1759,4,"[\""1\"",\""7\"",\""8\"",\""14\""]","[\""1\"",\""10\"",\""12\""]",1,40228,40228,0,2026-06-06 01:14:05,2026-06-06 01:14:05
1760,1,"[\""1\"",\""2\"",\""3\"",\""4\"",\""5\"",\""6\"",\""7\"",\""8\"",\""9\"",\""10\"",\""11\"",\""12\"",\""13\"",\""14\""]","[\""1\"",\""2\"",\""3\"",\""4\"",\""5\"",\""6\"",\""7\"",\""8\"",\""9\"",\""10\"",\""11\"",\""12\"",\""13\"",\""14\"",\""15\""]",1,40229,40229,0,2026-06-06 11:29:49,2026-06-06 11:29:49
1761,2,"[\""1\"",\""2\"",\""5\"",\""6\"",\""7\"",\""8\"",\""13\"",\""14\""]","[\""1\"",\""2\"",\""3\"",\""5\"",\""6\"",\""7\"",\""8\"",\""9\"",\""11\"",\""12\"",\""13\"",\""14\"",\""15\""]",1,40229,40229,0,2026-06-06 11:29:49,2026-06-06 11:29:49
1762,3,"[\""1\"",\""2\"",\""5\"",\""6\"",\""7\"",\""8\"",\""14\""]","[\""1\"",\""2\"",\""3\"",\""5\"",\""9\"",\""12\"",\""13\"",\""14\""]",1,40229,40229,0,2026-06-06 11:29:49,2026-06-06 11:29:49
1763,4,"[\""1\"",\""7\"",\""8\"",\""14\""]","[\""1\"",\""10\"",\""12\""]",1,40229,40229,0,2026-06-06 11:29:49,2026-06-06 11:29:49
1764,1,"[\""1\"",\""2\"",\""3\"",\""4\"",\""5\"",\""6\"",\""7\"",\""8\"",\""9\"",\""10\"",\""11\"",\""12\"",\""13\"",\""14\""]","[\""1\"",\""2\"",\""3\"",\""4\"",\""5\"",\""6\"",\""7\"",\""8\"",\""9\"",\""10\"",\""11\"",\""12\"",\""13\"",\""14\"",\""15\""]",1,40230,40230,0,2026-06-06 11:49:36,2026-06-06 11:49:36
1765,2,"[\""1\"",\""2\"",\""5\"",\""6\"",\""7\"",\""8\"",\""13\"",\""14\""]","[\""1\"",\""2\"",\""3\"",\""5\"",\""6\"",\""7\"",\""8\"",\""9\"",\""11\"",\""12\"",\""13\"",\""14\"",\""15\""]",1,40230,40230,0,2026-06-06 11:49:36,2026-06-06 11:49:36
1766,3,"[\""1\"",\""2\"",\""5\"",\""6\"",\""7\"",\""8\"",\""14\""]","[\""1\"",\""2\"",\""3\"",\""5\"",\""9\"",\""12\"",\""13\"",\""14\""]",1,40230,40230,0,2026-06-06 11:49:36,2026-06-06 11:49:36
1767,4,"[\""1\"",\""7\"",\""8\"",\""14\""]","[\""1\"",\""10\"",\""12\""]",1,40230,40230,0,2026-06-06 11:49:36,2026-06-06 11:49:36
1768,1,"[\""1\"",\""2\"",\""3\"",\""4\"",\""5\"",\""6\"",\""7\"",\""8\"",\""9\"",\""10\"",\""11\"",\""12\"",\""13\"",\""14\""]","[\""1\"",\""2\"",\""3\"",\""4\"",\""5\"",\""6\"",\""7\"",\""8\"",\""9\"",\""10\"",\""11\"",\""12\"",\""13\"",\""14\"",\""15\""]",1,40231,40231,0,2026-06-06 11:52:50,2026-06-06 11:52:50
1769,2,"[\""1\"",\""2\"",\""5\"",\""6\"",\""7\"",\""8\"",\""13\"",\""14\""]","[\""1\"",\""2\"",\""3\"",\""5\"",\""6\"",\""7\"",\""8\"",\""9\"",\""11\"",\""12\"",\""13\"",\""14\"",\""15\""]",1,40231,40231,0,2026-06-06 11:52:50,2026-06-06 11:52:50
1770,3,"[\""1\"",\""2\"",\""5\"",\""6\"",\""7\"",\""8\"",\""14\""]","[\""1\"",\""2\"",\""3\"",\""5\"",\""9\"",\""12\"",\""13\"",\""14\""]",1,40231,40231,0,2026-06-06 11:52:50,2026-06-06 11:52:50
1771,4,"[\""1\"",\""7\"",\""8\"",\""14\""]","[\""1\"",\""10\"",\""12\""]",1,40231,40231,0,2026-06-06 11:52:50,2026-06-06 11:52:50
1772,1,"[\""1\"",\""2\"",\""3\"",\""4\"",\""5\"",\""6\"",\""7\"",\""8\"",\""9\"",\""10\"",\""11\"",\""12\"",\""13\"",\""14\""]","[\""1\"",\""2\"",\""3\"",\""4\"",\""5\"",\""6\"",\""7\"",\""8\"",\""9\"",\""10\"",\""11\"",\""12\"",\""13\"",\""14\"",\""15\""]",1,40232,40232,0,2026-06-06 11:55:58,2026-06-06 11:55:58
1773,2,"[\""1\"",\""2\"",\""5\"",\""6\"",\""7\"",\""8\"",\""13\"",\""14\""]","[\""1\"",\""2\"",\""3\"",\""5\"",\""6\"",\""7\"",\""8\"",\""9\"",\""11\"",\""12\"",\""13\"",\""14\"",\""15\""]",1,40232,40232,0,2026-06-06 11:55:58,2026-06-06 11:55:58
1774,3,"[\""1\"",\""2\"",\""5\"",\""6\"",\""7\"",\""8\"",\""14\""]","[\""1\"",\""2\"",\""3\"",\""5\"",\""9\"",\""12\"",\""13\"",\""14\""]",1,40232,40232,0,2026-06-06 11:55:58,2026-06-06 11:55:58
1775,4,"[\""1\"",\""7\"",\""8\"",\""14\""]","[\""1\"",\""10\"",\""12\""]",1,40232,40232,0,2026-06-06 11:55:58,2026-06-06 11:55:58
1776,1,"[\""1\"",\""2\"",\""3\"",\""4\"",\""5\"",\""6\"",\""7\"",\""8\"",\""9\"",\""10\"",\""11\"",\""12\"",\""13\"",\""14\""]","[\""1\"",\""2\"",\""3\"",\""4\"",\""5\"",\""6\"",\""7\"",\""8\"",\""9\"",\""10\"",\""11\"",\""12\"",\""13\"",\""14\"",\""15\""]",1,40233,40233,0,2026-06-06 11:59:12,2026-06-06 11:59:12
1777,2,"[\""1\"",\""2\"",\""5\"",\""6\"",\""7\"",\""8\"",\""13\"",\""14\""]","[\""1\"",\""2\"",\""3\"",\""5\"",\""6\"",\""7\"",\""8\"",\""9\"",\""11\"",\""12\"",\""13\"",\""14\"",\""15\""]",1,40233,40233,0,2026-06-06 11:59:12,2026-06-06 11:59:12
1778,3,"[\""1\"",\""2\"",\""5\"",\""6\"",\""7\"",\""8\"",\""14\""]","[\""1\"",\""2\"",\""3\"",\""5\"",\""9\"",\""12\"",\""13\"",\""14\""]",1,40233,40233,0,2026-06-06 11:59:12,2026-06-06 11:59:12
1779,4,"[\""1\"",\""7\"",\""8\"",\""14\""]","[\""1\"",\""10\"",\""12\""]",1,40233,40233,0,2026-06-06 11:59:12,2026-06-06 11:59:12
1780,1,"[\""1\"",\""2\"",\""3\"",\""4\"",\""5\"",\""6\"",\""7\"",\""8\"",\""9\"",\""10\"",\""11\"",\""12\"",\""13\"",\""14\""]","[\""1\"",\""2\"",\""3\"",\""4\"",\""5\"",\""6\"",\""7\"",\""8\"",\""9\"",\""10\"",\""11\"",\""12\"",\""13\"",\""14\"",\""15\""]",1,40235,40235,0,2026-06-06 12:26:33,2026-06-06 12:26:33
1781,2,"[\""1\"",\""2\"",\""5\"",\""6\"",\""7\"",\""8\"",\""13\"",\""14\""]","[\""1\"",\""2\"",\""3\"",\""5\"",\""6\"",\""7\"",\""8\"",\""9\"",\""11\"",\""12\"",\""13\"",\""14\"",\""15\""]",1,40235,40235,0,2026-06-06 12:26:33,2026-06-06 12:26:33
1782,3,"[\""1\"",\""2\"",\""5\"",\""6\"",\""7\"",\""8\"",\""14\""]","[\""1\"",\""2\"",\""3\"",\""5\"",\""9\"",\""12\"",\""13\"",\""14\""]",1,40235,40235,0,2026-06-06 12:26:33,2026-06-06 12:26:33
1783,4,"[\""1\"",\""7\"",\""8\"",\""14\""]","[\""1\"",\""10\"",\""12\""]",1,40235,40235,0,2026-06-06 12:26:33,2026-06-06 12:26:33
1784,1,"[\""1\"",\""2\"",\""3\"",\""4\"",\""5\"",\""6\"",\""7\"",\""8\"",\""9\"",\""10\"",\""11\"",\""12\"",\""13\"",\""14\""]","[\""1\"",\""2\"",\""3\"",\""4\"",\""5\"",\""6\"",\""7\"",\""8\"",\""9\"",\""10\"",\""11\"",\""12\"",\""13\"",\""14\"",\""15\""]",1,40236,40236,0,2026-06-06 12:33:20,2026-06-06 12:33:20
1785,2,"[\""1\"",\""2\"",\""5\"",\""6\"",\""7\"",\""8\"",\""13\"",\""14\""]","[\""1\"",\""2\"",\""3\"",\""5\"",\""6\"",\""7\"",\""8\"",\""9\"",\""11\"",\""12\"",\""13\"",\""14\"",\""15\""]",1,40236,40236,0,2026-06-06 12:33:20,2026-06-06 12:33:20
1786,3,"[\""1\"",\""2\"",\""5\"",\""6\"",\""7\"",\""8\"",\""14\""]","[\""1\"",\""2\"",\""3\"",\""5\"",\""9\"",\""12\"",\""13\"",\""14\""]",1,40236,40236,0,2026-06-06 12:33:20,2026-06-06 12:33:20
1787,4,"[\""1\"",\""7\"",\""8\"",\""14\""]","[\""1\"",\""10\"",\""12\""]",1,40236,40236,0,2026-06-06 12:33:20,2026-06-06 12:33:20
1788,1,"[\""1\"",\""2\"",\""3\"",\""4\"",\""5\"",\""6\"",\""7\"",\""8\"",\""9\"",\""10\"",\""11\"",\""12\"",\""13\"",\""14\""]","[\""1\"",\""2\"",\""3\"",\""4\"",\""5\"",\""6\"",\""7\"",\""8\"",\""9\"",\""10\"",\""11\"",\""12\"",\""13\"",\""14\"",\""15\""]",1,40237,40237,0,2026-06-06 12:47:56,2026-06-06 12:47:56
1789,2,"[\""1\"",\""2\"",\""5\"",\""6\"",\""7\"",\""8\"",\""13\"",\""14\""]","[\""1\"",\""2\"",\""3\"",\""5\"",\""6\"",\""7\"",\""8\"",\""9\"",\""11\"",\""12\"",\""13\"",\""14\"",\""15\""]",1,40237,40237,0,2026-06-06 12:47:56,2026-06-06 12:47:56
1790,3,"[\""1\"",\""2\"",\""5\"",\""6\"",\""7\"",\""8\"",\""14\""]","[\""1\"",\""2\"",\""3\"",\""5\"",\""9\"",\""12\"",\""13\"",\""14\""]",1,40237,40237,0,2026-06-06 12:47:56,2026-06-06 12:47:56
1791,4,"[\""1\"",\""7\"",\""8\"",\""14\""]","[\""1\"",\""10\"",\""12\""]",1,40237,40237,0,2026-06-06 12:47:56,2026-06-06 12:47:56
1792,1,"[\""1\"",\""2\"",\""3\"",\""4\"",\""5\"",\""6\"",\""7\"",\""8\"",\""9\"",\""10\"",\""11\"",\""12\"",\""13\"",\""14\""]","[\""1\"",\""2\"",\""3\"",\""4\"",\""5\"",\""6\"",\""7\"",\""8\"",\""9\"",\""10\"",\""11\"",\""12\"",\""13\"",\""14\"",\""15\""]",1,40239,40239,0,2026-06-06 13:18:05,2026-06-06 13:18:05
1793,2,"[\""1\"",\""2\"",\""5\"",\""6\"",\""7\"",\""8\"",\""13\"",\""14\""]","[\""1\"",\""2\"",\""3\"",\""5\"",\""6\"",\""7\"",\""8\"",\""9\"",\""11\"",\""12\"",\""13\"",\""14\"",\""15\""]",1,40239,40239,0,2026-06-06 13:18:05,2026-06-06 13:18:05
1794,3,"[\""1\"",\""2\"",\""5\"",\""6\"",\""7\"",\""8\"",\""14\""]","[\""1\"",\""2\"",\""3\"",\""5\"",\""9\"",\""12\"",\""13\"",\""14\""]",1,40239,40239,0,2026-06-06 13:18:05,2026-06-06 13:18:05
1795,4,"[\""1\"",\""7\"",\""8\"",\""14\""]","[\""1\"",\""10\"",\""12\""]",1,40239,40239,0,2026-06-06 13:18:05,2026-06-06 13:18:05
1796,1,"[\""1\"",\""2\"",\""3\"",\""4\"",\""5\"",\""6\"",\""7\"",\""8\"",\""9\"",\""10\"",\""11\"",\""12\"",\""13\"",\""14\""]","[\""1\"",\""2\"",\""3\"",\""4\"",\""5\"",\""6\"",\""7\"",\""8\"",\""9\"",\""10\"",\""11\"",\""12\"",\""13\"",\""14\"",\""15\""]",1,40240,40240,0,2026-06-06 13:20:11,2026-06-06 13:20:11
1797,2,"[\""1\"",\""2\"",\""5\"",\""6\"",\""7\"",\""8\"",\""13\"",\""14\""]","[\""1\"",\""2\"",\""3\"",\""5\"",\""6\"",\""7\"",\""8\"",\""9\"",\""11\"",\""12\"",\""13\"",\""14\"",\""15\""]",1,40240,40240,0,2026-06-06 13:20:11,2026-06-06 13:20:11
1798,3,"[\""1\"",\""2\"",\""5\"",\""6\"",\""7\"",\""8\"",\""14\""]","[\""1\"",\""2\"",\""3\"",\""5\"",\""9\"",\""12\"",\""13\"",\""14\""]",1,40240,40240,0,2026-06-06 13:20:11,2026-06-06 13:20:11
1799,4,"[\""1\"",\""7\"",\""8\"",\""14\""]","[\""1\"",\""10\"",\""12\""]",1,40240,40240,0,2026-06-06 13:20:11,2026-06-06 13:20:11
1800,1,"[\""1\"",\""2\"",\""3\"",\""4\"",\""5\"",\""6\"",\""7\"",\""8\"",\""9\"",\""10\"",\""11\"",\""12\"",\""13\"",\""14\""]","[\""1\"",\""2\"",\""3\"",\""4\"",\""5\"",\""6\"",\""7\"",\""8\"",\""9\"",\""10\"",\""11\"",\""12\"",\""13\"",\""14\"",\""15\""]",1,40241,40241,0,2026-06-06 13:30:20,2026-06-06 13:30:20
1801,2,"[\""1\"",\""2\"",\""5\"",\""6\"",\""7\"",\""8\"",\""13\"",\""14\""]","[\""1\"",\""2\"",\""3\"",\""5\"",\""6\"",\""7\"",\""8\"",\""9\"",\""11\"",\""12\"",\""13\"",\""14\"",\""15\""]",1,40241,40241,0,2026-06-06 13:30:20,2026-06-06 13:30:20
1802,3,"[\""1\"",\""2\"",\""5\"",\""6\"",\""7\"",\""8\"",\""14\""]","[\""1\"",\""2\"",\""3\"",\""5\"",\""9\"",\""12\"",\""13\"",\""14\""]",1,40241,40241,0,2026-06-06 13:30:20,2026-06-06 13:30:20
1803,4,"[\""1\"",\""7\"",\""8\"",\""14\""]","[\""1\"",\""10\"",\""12\""]",1,40241,40241,0,2026-06-06 13:30:20,2026-06-06 13:30:20
1804,1,"[\""1\"",\""2\"",\""3\"",\""4\"",\""5\"",\""6\"",\""7\"",\""8\"",\""9\"",\""10\"",\""11\"",\""12\"",\""13\"",\""14\""]","[\""1\"",\""2\"",\""3\"",\""4\"",\""5\"",\""6\"",\""7\"",\""8\"",\""9\"",\""10\"",\""11\"",\""12\"",\""13\"",\""14\"",\""15\""]",1,40244,40244,0,2026-06-06 14:35:26,2026-06-06 14:35:26
1805,2,"[\""1\"",\""2\"",\""5\"",\""6\"",\""7\"",\""8\"",\""13\"",\""14\""]","[\""1\"",\""2\"",\""3\"",\""5\"",\""6\"",\""7\"",\""8\"",\""9\"",\""11\"",\""12\"",\""13\"",\""14\"",\""15\""]",1,40244,40244,0,2026-06-06 14:35:26,2026-06-06 14:35:26
1806,3,"[\""1\"",\""2\"",\""5\"",\""6\"",\""7\"",\""8\"",\""14\""]","[\""1\"",\""2\"",\""3\"",\""5\"",\""9\"",\""12\"",\""13\"",\""14\""]",1,40244,40244,0,2026-06-06 14:35:26,2026-06-06 14:35:26
1807,4,"[\""1\"",\""7\"",\""8\"",\""14\""]","[\""1\"",\""10\"",\""12\""]",1,40244,40244,0,2026-06-06 14:35:26,2026-06-06 14:35:26
1808,1,"[\""1\"",\""2\"",\""3\"",\""4\"",\""5\"",\""6\"",\""7\"",\""8\"",\""9\"",\""10\"",\""11\"",\""12\"",\""13\"",\""14\""]","[\""1\"",\""2\"",\""3\"",\""4\"",\""5\"",\""6\"",\""7\"",\""8\"",\""9\"",\""10\"",\""11\"",\""12\"",\""13\"",\""14\"",\""15\""]",1,40245,40245,0,2026-06-06 14:39:30,2026-06-06 14:39:30
1809,2,"[\""1\"",\""2\"",\""5\"",\""6\"",\""7\"",\""8\"",\""13\"",\""14\""]","[\""1\"",\""2\"",\""3\"",\""5\"",\""6\"",\""7\"",\""8\"",\""9\"",\""11\"",\""12\"",\""13\"",\""14\"",\""15\""]",1,40245,40245,0,2026-06-06 14:39:30,2026-06-06 14:39:30
1810,3,"[\""1\"",\""2\"",\""5\"",\""6\"",\""7\"",\""8\"",\""14\""]","[\""1\"",\""2\"",\""3\"",\""5\"",\""9\"",\""12\"",\""13\"",\""14\""]",1,40245,40245,0,2026-06-06 14:39:30,2026-06-06 14:39:30
1811,4,"[\""1\"",\""7\"",\""8\"",\""14\""]","[\""1\"",\""10\"",\""12\""]",1,40245,40245,0,2026-06-06 14:39:30,2026-06-06 14:39:30
1812,1,"[\""1\"",\""2\"",\""3\"",\""4\"",\""5\"",\""6\"",\""7\"",\""8\"",\""9\"",\""10\"",\""11\"",\""12\"",\""13\"",\""14\""]","[\""1\"",\""2\"",\""3\"",\""4\"",\""5\"",\""6\"",\""7\"",\""8\"",\""9\"",\""10\"",\""11\"",\""12\"",\""13\"",\""14\"",\""15\""]",1,40255,40255,0,2026-06-06 15:15:03,2026-06-06 15:15:03
1813,2,"[\""1\"",\""2\"",\""5\"",\""6\"",\""7\"",\""8\"",\""13\"",\""14\""]","[\""1\"",\""2\"",\""3\"",\""5\"",\""6\"",\""7\"",\""8\"",\""9\"",\""11\"",\""12\"",\""13\"",\""14\"",\""15\""]",1,40255,40255,0,2026-06-06 15:15:03,2026-06-06 15:15:03
1814,3,"[\""1\"",\""2\"",\""5\"",\""6\"",\""7\"",\""8\"",\""14\""]","[\""1\"",\""2\"",\""3\"",\""5\"",\""9\"",\""12\"",\""13\"",\""14\""]",1,40255,40255,0,2026-06-06 15:15:03,2026-06-06 15:15:03
1815,4,"[\""1\"",\""7\"",\""8\"",\""14\""]","[\""1\"",\""10\"",\""12\""]",1,40255,40255,0,2026-06-06 15:15:03,2026-06-06 15:15:03
1816,1,"[\""1\"",\""2\"",\""3\"",\""4\"",\""5\"",\""6\"",\""7\"",\""8\"",\""9\"",\""10\"",\""11\"",\""12\"",\""13\"",\""14\""]","[\""1\"",\""2\"",\""3\"",\""4\"",\""5\"",\""6\"",\""7\"",\""8\"",\""9\"",\""10\"",\""11\"",\""12\"",\""13\"",\""14\"",\""15\""]",1,40260,40260,0,2026-06-06 15:52:20,2026-06-06 15:52:20
1817,2,"[\""1\"",\""2\"",\""5\"",\""6\"",\""7\"",\""8\"",\""13\"",\""14\""]","[\""1\"",\""2\"",\""3\"",\""5\"",\""6\"",\""7\"",\""8\"",\""9\"",\""11\"",\""12\"",\""13\"",\""14\"",\""15\""]",1,40260,40260,0,2026-06-06 15:52:20,2026-06-06 15:52:20
1818,3,"[\""1\"",\""2\"",\""5\"",\""6\"",\""7\"",\""8\"",\""14\""]","[\""1\"",\""2\"",\""3\"",\""5\"",\""9\"",\""12\"",\""13\"",\""14\""]",1,40260,40260,0,2026-06-06 15:52:20,2026-06-06 15:52:20
1819,4,"[\""1\"",\""7\"",\""8\"",\""14\""]","[\""1\"",\""10\"",\""12\""]",1,40260,40260,0,2026-06-06 15:52:20,2026-06-06 15:52:20
1820,1,"[\""1\"",\""2\"",\""3\"",\""4\"",\""5\"",\""6\"",\""7\"",\""8\"",\""9\"",\""10\"",\""11\"",\""12\"",\""13\"",\""14\""]","[\""1\"",\""2\"",\""3\"",\""4\"",\""5\"",\""6\"",\""7\"",\""8\"",\""9\"",\""10\"",\""11\"",\""12\"",\""13\"",\""14\"",\""15\""]",1,40261,40261,0,2026-06-06 16:02:02,2026-06-06 16:02:02
1821,2,"[\""1\"",\""2\"",\""5\"",\""6\"",\""7\"",\""8\"",\""13\"",\""14\""]","[\""1\"",\""2\"",\""3\"",\""5\"",\""6\"",\""7\"",\""8\"",\""9\"",\""11\"",\""12\"",\""13\"",\""14\"",\""15\""]",1,40261,40261,0,2026-06-06 16:02:02,2026-06-06 16:02:02
1822,3,"[\""1\"",\""2\"",\""5\"",\""6\"",\""7\"",\""8\"",\""14\""]","[\""1\"",\""2\"",\""3\"",\""5\"",\""9\"",\""12\"",\""13\"",\""14\""]",1,40261,40261,0,2026-06-06 16:02:02,2026-06-06 16:02:02
1823,4,"[\""1\"",\""7\"",\""8\"",\""14\""]","[\""1\"",\""10\"",\""12\""]",1,40261,40261,0,2026-06-06 16:02:02,2026-06-06 16:02:02
1824,1,"[\""1\"",\""2\"",\""3\"",\""4\"",\""5\"",\""6\"",\""7\"",\""8\"",\""9\"",\""10\"",\""11\"",\""12\"",\""13\"",\""14\""]","[\""1\"",\""2\"",\""3\"",\""4\"",\""5\"",\""6\"",\""7\"",\""8\"",\""9\"",\""10\"",\""11\"",\""12\"",\""13\"",\""14\"",\""15\""]",1,40262,40262,0,2026-06-06 17:21:57,2026-06-06 17:21:57
1825,2,"[\""1\"",\""2\"",\""5\"",\""6\"",\""7\"",\""8\"",\""13\"",\""14\""]","[\""1\"",\""2\"",\""3\"",\""5\"",\""6\"",\""7\"",\""8\"",\""9\"",\""11\"",\""12\"",\""13\"",\""14\"",\""15\""]",1,40262,40262,0,2026-06-06 17:21:57,2026-06-06 17:21:57
1826,3,"[\""1\"",\""2\"",\""5\"",\""6\"",\""7\"",\""8\"",\""14\""]","[\""1\"",\""2\"",\""3\"",\""5\"",\""9\"",\""12\"",\""13\"",\""14\""]",1,40262,40262,0,2026-06-06 17:21:57,2026-06-06 17:21:57
1827,4,"[\""1\"",\""7\"",\""8\"",\""14\""]","[\""1\"",\""10\"",\""12\""]",1,40262,40262,0,2026-06-06 17:21:57,2026-06-06 17:21:57
1828,1,"[\""1\"",\""2\"",\""3\"",\""4\"",\""5\"",\""6\"",\""7\"",\""8\"",\""9\"",\""10\"",\""11\"",\""12\"",\""13\"",\""14\""]","[\""1\"",\""2\"",\""3\"",\""4\"",\""5\"",\""6\"",\""7\"",\""8\"",\""9\"",\""10\"",\""11\"",\""12\"",\""13\"",\""14\"",\""15\""]",1,40263,40263,0,2026-06-06 17:49:45,2026-06-06 17:49:45
1829,2,"[\""1\"",\""2\"",\""5\"",\""6\"",\""7\"",\""8\"",\""13\"",\""14\""]","[\""1\"",\""2\"",\""3\"",\""5\"",\""6\"",\""7\"",\""8\"",\""9\"",\""11\"",\""12\"",\""13\"",\""14\"",\""15\""]",1,40263,40263,0,2026-06-06 17:49:45,2026-06-06 17:49:45
1830,3,"[\""1\"",\""2\"",\""5\"",\""6\"",\""7\"",\""8\"",\""14\""]","[\""1\"",\""2\"",\""3\"",\""5\"",\""9\"",\""12\"",\""13\"",\""14\""]",1,40263,40263,0,2026-06-06 17:49:45,2026-06-06 17:49:45
1831,4,"[\""1\"",\""7\"",\""8\"",\""14\""]","[\""1\"",\""10\"",\""12\""]",1,40263,40263,0,2026-06-06 17:49:45,2026-06-06 17:49:45
1832,1,"[\""1\"",\""2\"",\""3\"",\""4\"",\""5\"",\""6\"",\""7\"",\""8\"",\""9\"",\""10\"",\""11\"",\""12\"",\""13\"",\""14\""]","[\""1\"",\""2\"",\""3\"",\""4\"",\""5\"",\""6\"",\""7\"",\""8\"",\""9\"",\""10\"",\""11\"",\""12\"",\""13\"",\""14\"",\""15\""]",1,40264,40264,0,2026-06-06 17:56:26,2026-06-06 17:56:26
1833,2,"[\""1\"",\""2\"",\""5\"",\""6\"",\""7\"",\""8\"",\""13\"",\""14\""]","[\""1\"",\""2\"",\""3\"",\""5\"",\""6\"",\""7\"",\""8\"",\""9\"",\""11\"",\""12\"",\""13\"",\""14\"",\""15\""]",1,40264,40264,0,2026-06-06 17:56:26,2026-06-06 17:56:26
1834,3,"[\""1\"",\""2\"",\""5\"",\""6\"",\""7\"",\""8\"",\""14\""]","[\""1\"",\""2\"",\""3\"",\""5\"",\""9\"",\""12\"",\""13\"",\""14\""]",1,40264,40264,0,2026-06-06 17:56:26,2026-06-06 17:56:26
1835,4,"[\""1\"",\""7\"",\""8\"",\""14\""]","[\""1\"",\""10\"",\""12\""]",1,40264,40264,0,2026-06-06 17:56:26,2026-06-06 17:56:26
1836,5,"[\""1\"",\""5\"",\""6\"",\""7\"",\""8\"",\""13\""]","[\""1\"",\""2\"",\""7\"",\""8\"",\""9\"",\""11\"",\""12\""]",1,38872,38860,0,2026-06-08 01:28:13,2026-06-23 13:03:44
1837,1,"[\""1\"",\""2\"",\""3\"",\""4\"",\""5\"",\""6\"",\""7\"",\""8\"",\""9\"",\""10\"",\""11\"",\""12\"",\""13\"",\""14\""]","[\""1\"",\""2\"",\""3\"",\""4\"",\""5\"",\""6\"",\""7\"",\""8\"",\""9\"",\""10\"",\""11\"",\""12\"",\""13\"",\""14\"",\""15\""]",1,40265,40265,0,2026-06-08 11:48:51,2026-06-08 11:48:51
1838,2,"[\""1\"",\""2\"",\""5\"",\""6\"",\""7\"",\""8\"",\""13\"",\""14\""]","[\""1\"",\""2\"",\""3\"",\""5\"",\""6\"",\""7\"",\""8\"",\""9\"",\""11\"",\""12\"",\""13\"",\""14\"",\""15\""]",1,40265,40265,0,2026-06-08 11:48:51,2026-06-08 11:48:51
1839,3,"[\""1\"",\""2\"",\""5\"",\""6\"",\""7\"",\""8\"",\""14\""]","[\""1\"",\""2\"",\""3\"",\""5\"",\""9\"",\""12\"",\""13\"",\""14\""]",1,40265,40265,0,2026-06-08 11:48:51,2026-06-08 11:48:51
1840,4,"[\""1\"",\""7\"",\""8\"",\""14\""]","[\""1\"",\""10\"",\""12\""]",1,40265,40265,0,2026-06-08 11:48:51,2026-06-08 11:48:51
1841,1,"[\""1\"",\""2\"",\""3\"",\""4\"",\""5\"",\""6\"",\""7\"",\""8\"",\""9\"",\""10\"",\""11\"",\""12\"",\""13\"",\""14\""]","[\""1\"",\""2\"",\""3\"",\""4\"",\""5\"",\""6\"",\""7\"",\""8\"",\""9\"",\""10\"",\""11\"",\""12\"",\""13\"",\""14\"",\""15\""]",1,40266,40266,0,2026-06-08 12:08:35,2026-06-08 12:08:35
1842,2,"[\""1\"",\""2\"",\""5\"",\""6\"",\""7\"",\""8\"",\""13\"",\""14\""]","[\""1\"",\""2\"",\""3\"",\""5\"",\""6\"",\""7\"",\""8\"",\""9\"",\""11\"",\""12\"",\""13\"",\""14\"",\""15\""]",1,40266,40266,0,2026-06-08 12:08:35,2026-06-08 12:08:35
1843,3,"[\""1\"",\""2\"",\""5\"",\""6\"",\""7\"",\""8\"",\""14\""]","[\""1\"",\""2\"",\""3\"",\""5\"",\""9\"",\""12\"",\""13\"",\""14\""]",1,40266,40266,0,2026-06-08 12:08:35,2026-06-08 12:08:35
1844,4,"[\""1\"",\""7\"",\""8\"",\""14\""]","[\""1\"",\""10\"",\""12\""]",1,40266,40266,0,2026-06-08 12:08:35,2026-06-08 12:08:35
1845,1,"[\""1\"",\""2\"",\""3\"",\""4\"",\""5\"",\""6\"",\""7\"",\""8\"",\""9\"",\""10\"",\""11\"",\""12\"",\""13\"",\""14\""]","[\""1\"",\""2\"",\""3\"",\""4\"",\""5\"",\""6\"",\""7\"",\""8\"",\""9\"",\""10\"",\""11\"",\""12\"",\""13\"",\""14\"",\""15\""]",1,40267,40267,0,2026-06-08 12:58:10,2026-06-08 12:58:10
1846,2,"[\""1\"",\""2\"",\""5\"",\""6\"",\""7\"",\""8\"",\""13\"",\""14\""]","[\""1\"",\""2\"",\""3\"",\""5\"",\""6\"",\""7\"",\""8\"",\""9\"",\""11\"",\""12\"",\""13\"",\""14\"",\""15\""]",1,40267,40267,0,2026-06-08 12:58:10,2026-06-08 12:58:10
1847,3,"[\""1\"",\""2\"",\""5\"",\""6\"",\""7\"",\""8\"",\""14\""]","[\""1\"",\""2\"",\""3\"",\""5\"",\""9\"",\""12\"",\""13\"",\""14\""]",1,40267,40267,0,2026-06-08 12:58:10,2026-06-08 12:58:10
1848,4,"[\""1\"",\""7\"",\""8\"",\""14\""]","[\""1\"",\""10\"",\""12\""]",1,40267,40267,0,2026-06-08 12:58:10,2026-06-08 12:58:10
1849,1,"[\""1\"",\""2\"",\""3\"",\""4\"",\""5\"",\""6\"",\""7\"",\""8\"",\""9\"",\""10\"",\""11\"",\""12\"",\""13\"",\""14\""]","[\""1\"",\""2\"",\""3\"",\""4\"",\""5\"",\""6\"",\""7\"",\""8\"",\""9\"",\""10\"",\""11\"",\""12\"",\""13\"",\""14\"",\""15\""]",1,40268,40268,0,2026-06-08 16:27:40,2026-06-08 16:27:40
1850,2,"[\""1\"",\""2\"",\""5\"",\""6\"",\""7\"",\""8\"",\""13\"",\""14\""]","[\""1\"",\""2\"",\""3\"",\""5\"",\""6\"",\""7\"",\""8\"",\""9\"",\""11\"",\""12\"",\""13\"",\""14\"",\""15\""]",1,40268,40268,0,2026-06-08 16:27:40,2026-06-08 16:27:40
1851,3,"[\""1\"",\""2\"",\""5\"",\""6\"",\""7\"",\""8\"",\""14\""]","[\""1\"",\""2\"",\""3\"",\""5\"",\""9\"",\""12\"",\""13\"",\""14\""]",1,40268,40268,0,2026-06-08 16:27:40,2026-06-08 16:27:40
1852,4,"[\""1\"",\""7\"",\""8\"",\""14\""]","[\""1\"",\""10\"",\""12\""]",1,40268,40268,0,2026-06-08 16:27:40,2026-06-08 16:27:40
1853,1,"[\""1\"",\""2\"",\""3\"",\""4\"",\""5\"",\""6\"",\""7\"",\""8\"",\""9\"",\""10\"",\""11\"",\""12\"",\""13\"",\""14\""]","[\""1\"",\""2\"",\""3\"",\""4\"",\""5\"",\""6\"",\""7\"",\""8\"",\""9\"",\""10\"",\""11\"",\""12\"",\""13\"",\""14\"",\""15\""]",1,40269,40269,0,2026-06-08 16:46:37,2026-06-08 16:46:37
1854,2,"[\""1\"",\""2\"",\""5\"",\""6\"",\""7\"",\""8\"",\""13\"",\""14\""]","[\""1\"",\""2\"",\""3\"",\""5\"",\""6\"",\""7\"",\""8\"",\""9\"",\""11\"",\""12\"",\""13\"",\""14\"",\""15\""]",1,40269,40269,0,2026-06-08 16:46:37,2026-06-08 16:46:37
1855,3,"[\""1\"",\""2\"",\""5\"",\""6\"",\""7\"",\""8\"",\""14\""]","[\""1\"",\""2\"",\""3\"",\""5\"",\""9\"",\""12\"",\""13\"",\""14\""]",1,40269,40269,0,2026-06-08 16:46:37,2026-06-08 16:46:37
1856,4,"[\""1\"",\""7\"",\""8\"",\""14\""]","[\""1\"",\""10\"",\""12\""]",1,40269,40269,0,2026-06-08 16:46:37,2026-06-08 16:46:37
1857,1,"[\""1\"",\""2\"",\""3\"",\""4\"",\""5\"",\""6\"",\""7\"",\""8\"",\""9\"",\""10\"",\""11\"",\""12\"",\""13\"",\""14\""]","[\""1\"",\""2\"",\""3\"",\""4\"",\""5\"",\""6\"",\""7\"",\""8\"",\""9\"",\""10\"",\""11\"",\""12\"",\""13\"",\""14\"",\""15\""]",1,40270,40270,0,2026-06-08 16:51:03,2026-06-08 16:51:03
1858,2,"[\""1\"",\""2\"",\""5\"",\""6\"",\""7\"",\""8\"",\""13\"",\""14\""]","[\""1\"",\""2\"",\""3\"",\""5\"",\""6\"",\""7\"",\""8\"",\""9\"",\""11\"",\""12\"",\""13\"",\""14\"",\""15\""]",1,40270,40270,0,2026-06-08 16:51:03,2026-06-08 16:51:03
1859,3,"[\""1\"",\""2\"",\""5\"",\""6\"",\""7\"",\""8\"",\""14\""]","[\""1\"",\""2\"",\""3\"",\""5\"",\""9\"",\""12\"",\""13\"",\""14\""]",1,40270,40270,0,2026-06-08 16:51:03,2026-06-08 16:51:03
1860,4,"[\""1\"",\""7\"",\""8\"",\""14\""]","[\""1\"",\""10\"",\""12\""]",1,40270,40270,0,2026-06-08 16:51:03,2026-06-08 16:51:03
1861,1,"[\""1\"",\""2\"",\""3\"",\""4\"",\""5\"",\""6\"",\""7\"",\""8\"",\""9\"",\""10\"",\""11\"",\""12\"",\""13\"",\""14\""]","[\""1\"",\""2\"",\""3\"",\""4\"",\""5\"",\""6\"",\""7\"",\""8\"",\""9\"",\""10\"",\""11\"",\""12\"",\""13\"",\""14\"",\""15\""]",1,40271,40271,0,2026-06-08 16:53:20,2026-06-08 16:53:20
1862,2,"[\""1\"",\""2\"",\""5\"",\""6\"",\""7\"",\""8\"",\""13\"",\""14\""]","[\""1\"",\""2\"",\""3\"",\""5\"",\""6\"",\""7\"",\""8\"",\""9\"",\""11\"",\""12\"",\""13\"",\""14\"",\""15\""]",1,40271,40271,0,2026-06-08 16:53:20,2026-06-08 16:53:20
1863,3,"[\""1\"",\""2\"",\""5\"",\""6\"",\""7\"",\""8\"",\""14\""]","[\""1\"",\""2\"",\""3\"",\""5\"",\""9\"",\""12\"",\""13\"",\""14\""]",1,40271,40271,0,2026-06-08 16:53:20,2026-06-08 16:53:20
1864,4,"[\""1\"",\""7\"",\""8\"",\""14\""]","[\""1\"",\""10\"",\""12\""]",1,40271,40271,0,2026-06-08 16:53:20,2026-06-08 16:53:20
1865,1,"[\""1\"",\""2\"",\""3\"",\""4\"",\""5\"",\""6\"",\""7\"",\""8\"",\""9\"",\""10\"",\""11\"",\""12\"",\""13\"",\""14\""]","[\""1\"",\""2\"",\""3\"",\""4\"",\""5\"",\""6\"",\""7\"",\""8\"",\""9\"",\""10\"",\""11\"",\""12\"",\""13\"",\""14\"",\""15\""]",1,40272,40272,0,2026-06-08 17:03:00,2026-06-08 17:03:00
1866,2,"[\""1\"",\""2\"",\""5\"",\""6\"",\""7\"",\""8\"",\""13\"",\""14\""]","[\""1\"",\""2\"",\""3\"",\""5\"",\""6\"",\""7\"",\""8\"",\""9\"",\""11\"",\""12\"",\""13\"",\""14\"",\""15\""]",1,40272,40272,0,2026-06-08 17:03:00,2026-06-08 17:03:00
1867,3,"[\""1\"",\""2\"",\""5\"",\""6\"",\""7\"",\""8\"",\""14\""]","[\""1\"",\""2\"",\""3\"",\""5\"",\""9\"",\""12\"",\""13\"",\""14\""]",1,40272,40272,0,2026-06-08 17:03:00,2026-06-08 17:03:00
1868,4,"[\""1\"",\""7\"",\""8\"",\""14\""]","[\""1\"",\""10\"",\""12\""]",1,40272,40272,0,2026-06-08 17:03:00,2026-06-08 17:03:00
1869,1,"[\""1\"",\""2\"",\""3\"",\""4\"",\""5\"",\""6\"",\""7\"",\""8\"",\""9\"",\""10\"",\""11\"",\""12\"",\""13\"",\""14\""]","[\""1\"",\""2\"",\""3\"",\""4\"",\""5\"",\""6\"",\""7\"",\""8\"",\""9\"",\""10\"",\""11\"",\""12\"",\""13\"",\""14\"",\""15\""]",1,40273,40273,0,2026-06-08 17:27:59,2026-06-08 17:27:59
1870,2,"[\""1\"",\""2\"",\""5\"",\""6\"",\""7\"",\""8\"",\""13\"",\""14\""]","[\""1\"",\""2\"",\""3\"",\""5\"",\""6\"",\""7\"",\""8\"",\""9\"",\""11\"",\""12\"",\""13\"",\""14\"",\""15\""]",1,40273,40273,0,2026-06-08 17:27:59,2026-06-08 17:27:59
1871,3,"[\""1\"",\""2\"",\""5\"",\""6\"",\""7\"",\""8\"",\""14\""]","[\""1\"",\""2\"",\""3\"",\""5\"",\""9\"",\""12\"",\""13\"",\""14\""]",1,40273,40273,0,2026-06-08 17:27:59,2026-06-08 17:27:59
1872,4,"[\""1\"",\""7\"",\""8\"",\""14\""]","[\""1\"",\""10\"",\""12\""]",1,40273,40273,0,2026-06-08 17:27:59,2026-06-08 17:27:59
1873,1,"[\""1\"",\""2\"",\""3\"",\""4\"",\""5\"",\""6\"",\""7\"",\""8\"",\""9\"",\""10\"",\""11\"",\""12\"",\""13\"",\""14\""]","[\""1\"",\""2\"",\""3\"",\""4\"",\""5\"",\""6\"",\""7\"",\""8\"",\""9\"",\""10\"",\""11\"",\""12\"",\""13\"",\""14\"",\""15\""]",1,40274,40274,0,2026-06-08 17:49:17,2026-06-08 17:49:17
1874,2,"[\""1\"",\""2\"",\""5\"",\""6\"",\""7\"",\""8\"",\""13\"",\""14\""]","[\""1\"",\""2\"",\""3\"",\""5\"",\""6\"",\""7\"",\""8\"",\""9\"",\""11\"",\""12\"",\""13\"",\""14\"",\""15\""]",1,40274,40274,0,2026-06-08 17:49:17,2026-06-08 17:49:17
1875,3,"[\""1\"",\""2\"",\""5\"",\""6\"",\""7\"",\""8\"",\""14\""]","[\""1\"",\""2\"",\""3\"",\""5\"",\""9\"",\""12\"",\""13\"",\""14\""]",1,40274,40274,0,2026-06-08 17:49:17,2026-06-08 17:49:17
1876,4,"[\""1\"",\""7\"",\""8\"",\""14\""]","[\""1\"",\""10\"",\""12\""]",1,40274,40274,0,2026-06-08 17:49:17,2026-06-08 17:49:17
1877,1,"[\""1\"",\""2\"",\""3\"",\""4\"",\""5\"",\""6\"",\""7\"",\""8\"",\""9\"",\""10\"",\""11\"",\""12\"",\""13\"",\""14\""]","[\""1\"",\""2\"",\""3\"",\""4\"",\""5\"",\""6\"",\""7\"",\""8\"",\""9\"",\""10\"",\""11\"",\""12\"",\""13\"",\""14\"",\""15\""]",1,40275,40275,0,2026-06-08 18:11:08,2026-06-08 18:11:08
1878,2,"[\""1\"",\""2\"",\""5\"",\""6\"",\""7\"",\""8\"",\""13\"",\""14\""]","[\""1\"",\""2\"",\""3\"",\""5\"",\""6\"",\""7\"",\""8\"",\""9\"",\""11\"",\""12\"",\""13\"",\""14\"",\""15\""]",1,40275,40275,0,2026-06-08 18:11:08,2026-06-08 18:11:08
1879,3,"[\""1\"",\""2\"",\""5\"",\""6\"",\""7\"",\""8\"",\""14\""]","[\""1\"",\""2\"",\""3\"",\""5\"",\""9\"",\""12\"",\""13\"",\""14\""]",1,40275,40275,0,2026-06-08 18:11:08,2026-06-08 18:11:08
1880,4,"[\""1\"",\""7\"",\""8\"",\""14\""]","[\""1\"",\""10\"",\""12\""]",1,40275,40275,0,2026-06-08 18:11:08,2026-06-08 18:11:08
1881,1,"[\""1\"",\""2\"",\""3\"",\""4\"",\""5\"",\""6\"",\""7\"",\""8\"",\""9\"",\""10\"",\""11\"",\""12\"",\""13\"",\""14\""]","[\""1\"",\""2\"",\""3\"",\""4\"",\""5\"",\""6\"",\""7\"",\""8\"",\""9\"",\""10\"",\""11\"",\""12\"",\""13\"",\""14\"",\""15\""]",1,40276,40276,0,2026-06-08 18:22:16,2026-06-08 18:22:16
1882,2,"[\""1\"",\""2\"",\""5\"",\""6\"",\""7\"",\""8\"",\""13\"",\""14\""]","[\""1\"",\""2\"",\""3\"",\""5\"",\""6\"",\""7\"",\""8\"",\""9\"",\""11\"",\""12\"",\""13\"",\""14\"",\""15\""]",1,40276,40276,0,2026-06-08 18:22:16,2026-06-08 18:22:16
1883,3,"[\""1\"",\""2\"",\""5\"",\""6\"",\""7\"",\""8\"",\""14\""]","[\""1\"",\""2\"",\""3\"",\""5\"",\""9\"",\""12\"",\""13\"",\""14\""]",1,40276,40276,0,2026-06-08 18:22:16,2026-06-08 18:22:16
1884,4,"[\""1\"",\""7\"",\""8\"",\""14\""]","[\""1\"",\""10\"",\""12\""]",1,40276,40276,0,2026-06-08 18:22:16,2026-06-08 18:22:16
1885,1,"[\""1\"",\""2\"",\""3\"",\""4\"",\""5\"",\""6\"",\""7\"",\""8\"",\""9\"",\""10\"",\""11\"",\""12\"",\""13\"",\""14\""]","[\""1\"",\""2\"",\""3\"",\""4\"",\""5\"",\""6\"",\""7\"",\""8\"",\""9\"",\""10\"",\""11\"",\""12\"",\""13\"",\""14\"",\""15\""]",1,40277,40277,0,2026-06-08 18:38:37,2026-06-08 18:38:37
1886,2,"[\""1\"",\""2\"",\""5\"",\""6\"",\""7\"",\""8\"",\""13\"",\""14\""]","[\""1\"",\""2\"",\""3\"",\""5\"",\""6\"",\""7\"",\""8\"",\""9\"",\""11\"",\""12\"",\""13\"",\""14\"",\""15\""]",1,40277,40277,0,2026-06-08 18:38:37,2026-06-08 18:38:37
1887,3,"[\""1\"",\""2\"",\""5\"",\""6\"",\""7\"",\""8\"",\""14\""]","[\""1\"",\""2\"",\""3\"",\""5\"",\""9\"",\""12\"",\""13\"",\""14\""]",1,40277,40277,0,2026-06-08 18:38:37,2026-06-08 18:38:37
1888,4,"[\""1\"",\""7\"",\""8\"",\""14\""]","[\""1\"",\""10\"",\""12\""]",1,40277,40277,0,2026-06-08 18:38:37,2026-06-08 18:38:37
1889,1,"[\""1\"",\""2\"",\""3\"",\""4\"",\""5\"",\""6\"",\""7\"",\""8\"",\""9\"",\""10\"",\""11\"",\""12\"",\""13\"",\""14\""]","[\""1\"",\""2\"",\""3\"",\""4\"",\""5\"",\""6\"",\""7\"",\""8\"",\""9\"",\""10\"",\""11\"",\""12\"",\""13\"",\""14\"",\""15\""]",1,40278,40278,0,2026-06-09 11:23:00,2026-06-09 11:23:00
1890,2,"[\""1\"",\""2\"",\""5\"",\""6\"",\""7\"",\""8\"",\""13\"",\""14\""]","[\""1\"",\""2\"",\""3\"",\""5\"",\""6\"",\""7\"",\""8\"",\""9\"",\""11\"",\""12\"",\""13\"",\""14\"",\""15\""]",1,40278,40278,0,2026-06-09 11:23:00,2026-06-09 11:23:00
1891,3,"[\""1\"",\""2\"",\""5\"",\""6\"",\""7\"",\""8\"",\""14\""]","[\""1\"",\""2\"",\""3\"",\""5\"",\""9\"",\""12\"",\""13\"",\""14\""]",1,40278,40278,0,2026-06-09 11:23:00,2026-06-09 11:23:00
1892,4,"[\""1\"",\""7\"",\""8\"",\""14\""]","[\""1\"",\""10\"",\""12\""]",1,40278,40278,0,2026-06-09 11:23:00,2026-06-09 11:23:00
1893,1,"[\""1\"",\""2\"",\""3\"",\""4\"",\""5\"",\""6\"",\""7\"",\""8\"",\""9\"",\""10\"",\""11\"",\""12\"",\""13\"",\""14\""]","[\""1\"",\""2\"",\""3\"",\""4\"",\""5\"",\""6\"",\""7\"",\""8\"",\""9\"",\""10\"",\""11\"",\""12\"",\""13\"",\""14\"",\""15\""]",1,40279,40279,0,2026-06-09 11:59:22,2026-06-09 11:59:22
1894,2,"[\""1\"",\""2\"",\""5\"",\""6\"",\""7\"",\""8\"",\""13\"",\""14\""]","[\""1\"",\""2\"",\""3\"",\""5\"",\""6\"",\""7\"",\""8\"",\""9\"",\""11\"",\""12\"",\""13\"",\""14\"",\""15\""]",1,40279,40279,0,2026-06-09 11:59:22,2026-06-09 11:59:22
1895,3,"[\""1\"",\""2\"",\""5\"",\""6\"",\""7\"",\""8\"",\""14\""]","[\""1\"",\""2\"",\""3\"",\""5\"",\""9\"",\""12\"",\""13\"",\""14\""]",1,40279,40279,0,2026-06-09 11:59:22,2026-06-09 11:59:22
1896,4,"[\""1\"",\""7\"",\""8\"",\""14\""]","[\""1\"",\""10\"",\""12\""]",1,40279,40279,0,2026-06-09 11:59:22,2026-06-09 11:59:22
1897,1,"[\""1\"",\""2\"",\""3\"",\""4\"",\""5\"",\""6\"",\""7\"",\""8\"",\""9\"",\""10\"",\""11\"",\""12\"",\""13\"",\""14\""]","[\""1\"",\""2\"",\""3\"",\""4\"",\""5\"",\""6\"",\""7\"",\""8\"",\""9\"",\""10\"",\""11\"",\""12\"",\""13\"",\""14\"",\""15\""]",1,40280,40280,0,2026-06-09 12:04:08,2026-06-09 12:04:08
1898,2,"[\""1\"",\""2\"",\""5\"",\""6\"",\""7\"",\""8\"",\""13\"",\""14\""]","[\""1\"",\""2\"",\""3\"",\""5\"",\""6\"",\""7\"",\""8\"",\""9\"",\""11\"",\""12\"",\""13\"",\""14\"",\""15\""]",1,40280,40280,0,2026-06-09 12:04:08,2026-06-09 12:04:08
1899,3,"[\""1\"",\""2\"",\""5\"",\""6\"",\""7\"",\""8\"",\""14\""]","[\""1\"",\""2\"",\""3\"",\""5\"",\""9\"",\""12\"",\""13\"",\""14\""]",1,40280,40280,0,2026-06-09 12:04:08,2026-06-09 12:04:08
1900,4,"[\""1\"",\""7\"",\""8\"",\""14\""]","[\""1\"",\""10\"",\""12\""]",1,40280,40280,0,2026-06-09 12:04:08,2026-06-09 12:04:08
1901,1,"[\""1\"",\""2\"",\""3\"",\""4\"",\""5\"",\""6\"",\""7\"",\""8\"",\""9\"",\""10\"",\""11\"",\""12\"",\""13\"",\""14\""]","[\""1\"",\""2\"",\""3\"",\""4\"",\""5\"",\""6\"",\""7\"",\""8\"",\""9\"",\""10\"",\""11\"",\""12\"",\""13\"",\""14\"",\""15\""]",1,40281,40281,0,2026-06-09 12:26:36,2026-06-09 12:26:36
1902,2,"[\""1\"",\""2\"",\""5\"",\""6\"",\""7\"",\""8\"",\""13\"",\""14\""]","[\""1\"",\""2\"",\""3\"",\""5\"",\""6\"",\""7\"",\""8\"",\""9\"",\""11\"",\""12\"",\""13\"",\""14\"",\""15\""]",1,40281,40281,0,2026-06-09 12:26:36,2026-06-09 12:26:36
1903,3,"[\""1\"",\""2\"",\""5\"",\""6\"",\""7\"",\""8\"",\""14\""]","[\""1\"",\""2\"",\""3\"",\""5\"",\""9\"",\""12\"",\""13\"",\""14\""]",1,40281,40281,0,2026-06-09 12:26:36,2026-06-09 12:26:36
1904,4,"[\""1\"",\""7\"",\""8\"",\""14\""]","[\""1\"",\""10\"",\""12\""]",1,40281,40281,0,2026-06-09 12:26:36,2026-06-09 12:26:36
1905,1,"[\""1\"",\""2\"",\""3\"",\""4\"",\""5\"",\""6\"",\""7\"",\""8\"",\""9\"",\""10\"",\""11\"",\""12\"",\""13\"",\""14\""]","[\""1\"",\""2\"",\""3\"",\""4\"",\""5\"",\""6\"",\""7\"",\""8\"",\""9\"",\""10\"",\""11\"",\""12\"",\""13\"",\""14\"",\""15\""]",1,40282,40282,0,2026-06-09 12:54:14,2026-06-09 12:54:14
1906,2,"[\""1\"",\""2\"",\""5\"",\""6\"",\""7\"",\""8\"",\""13\"",\""14\""]","[\""1\"",\""2\"",\""3\"",\""5\"",\""6\"",\""7\"",\""8\"",\""9\"",\""11\"",\""12\"",\""13\"",\""14\"",\""15\""]",1,40282,40282,0,2026-06-09 12:54:14,2026-06-09 12:54:14
1907,3,"[\""1\"",\""2\"",\""5\"",\""6\"",\""7\"",\""8\"",\""14\""]","[\""1\"",\""2\"",\""3\"",\""5\"",\""9\"",\""12\"",\""13\"",\""14\""]",1,40282,40282,0,2026-06-09 12:54:14,2026-06-09 12:54:14
1908,4,"[\""1\"",\""7\"",\""8\"",\""14\""]","[\""1\"",\""10\"",\""12\""]",1,40282,40282,0,2026-06-09 12:54:14,2026-06-09 12:54:14
1909,1,"[\""1\"",\""2\"",\""3\"",\""4\"",\""5\"",\""6\"",\""7\"",\""8\"",\""9\"",\""10\"",\""11\"",\""12\"",\""13\"",\""14\""]","[\""1\"",\""2\"",\""3\"",\""4\"",\""5\"",\""6\"",\""7\"",\""8\"",\""9\"",\""10\"",\""11\"",\""12\"",\""13\"",\""14\"",\""15\""]",1,40283,40283,0,2026-06-09 13:05:19,2026-06-09 13:05:19
1910,2,"[\""1\"",\""2\"",\""5\"",\""6\"",\""7\"",\""8\"",\""13\"",\""14\""]","[\""1\"",\""2\"",\""3\"",\""5\"",\""6\"",\""7\"",\""8\"",\""9\"",\""11\"",\""12\"",\""13\"",\""14\"",\""15\""]",1,40283,40283,0,2026-06-09 13:05:19,2026-06-09 13:05:19
1911,3,"[\""1\"",\""2\"",\""5\"",\""6\"",\""7\"",\""8\"",\""14\""]","[\""1\"",\""2\"",\""3\"",\""5\"",\""9\"",\""12\"",\""13\"",\""14\""]",1,40283,40283,0,2026-06-09 13:05:19,2026-06-09 13:05:19
1912,4,"[\""1\"",\""7\"",\""8\"",\""14\""]","[\""1\"",\""10\"",\""12\""]",1,40283,40283,0,2026-06-09 13:05:19,2026-06-09 13:05:19
1913,1,"[\""1\"",\""2\"",\""3\"",\""4\"",\""5\"",\""6\"",\""7\"",\""8\"",\""9\"",\""10\"",\""11\"",\""12\"",\""13\"",\""14\""]","[\""1\"",\""2\"",\""3\"",\""4\"",\""5\"",\""6\"",\""7\"",\""8\"",\""9\"",\""10\"",\""11\"",\""12\"",\""13\"",\""14\"",\""15\""]",1,40284,40284,0,2026-06-09 13:20:19,2026-06-09 13:20:19
1914,2,"[\""1\"",\""2\"",\""5\"",\""6\"",\""7\"",\""8\"",\""13\"",\""14\""]","[\""1\"",\""2\"",\""3\"",\""5\"",\""6\"",\""7\"",\""8\"",\""9\"",\""11\"",\""12\"",\""13\"",\""14\"",\""15\""]",1,40284,40284,0,2026-06-09 13:20:19,2026-06-09 13:20:19
1915,3,"[\""1\"",\""2\"",\""5\"",\""6\"",\""7\"",\""8\"",\""14\""]","[\""1\"",\""2\"",\""3\"",\""5\"",\""9\"",\""12\"",\""13\"",\""14\""]",1,40284,40284,0,2026-06-09 13:20:19,2026-06-09 13:20:19
1916,4,"[\""1\"",\""7\"",\""8\"",\""14\""]","[\""1\"",\""10\"",\""12\""]",1,40284,40284,0,2026-06-09 13:20:19,2026-06-09 13:20:19
1917,1,"[\""1\"",\""2\"",\""3\"",\""4\"",\""5\"",\""6\"",\""7\"",\""8\"",\""9\"",\""10\"",\""11\"",\""12\"",\""13\"",\""14\""]","[\""1\"",\""2\"",\""3\"",\""4\"",\""5\"",\""6\"",\""7\"",\""8\"",\""9\"",\""10\"",\""11\"",\""12\"",\""13\"",\""14\"",\""15\""]",1,40285,40285,0,2026-06-09 13:42:25,2026-06-09 13:42:25
1918,2,"[\""1\"",\""2\"",\""5\"",\""6\"",\""7\"",\""8\"",\""13\"",\""14\""]","[\""1\"",\""2\"",\""3\"",\""5\"",\""6\"",\""7\"",\""8\"",\""9\"",\""11\"",\""12\"",\""13\"",\""14\"",\""15\""]",1,40285,40285,0,2026-06-09 13:42:25,2026-06-09 13:42:25
1919,3,"[\""1\"",\""2\"",\""5\"",\""6\"",\""7\"",\""8\"",\""14\""]","[\""1\"",\""2\"",\""3\"",\""5\"",\""9\"",\""12\"",\""13\"",\""14\""]",1,40285,40285,0,2026-06-09 13:42:25,2026-06-09 13:42:25
1920,4,"[\""1\"",\""7\"",\""8\"",\""14\""]","[\""1\"",\""10\"",\""12\""]",1,40285,40285,0,2026-06-09 13:42:25,2026-06-09 13:42:25
1921,1,"[\""1\"",\""2\"",\""3\"",\""4\"",\""5\"",\""6\"",\""7\"",\""8\"",\""9\"",\""10\"",\""11\"",\""12\"",\""13\"",\""14\""]","[\""1\"",\""2\"",\""3\"",\""4\"",\""5\"",\""6\"",\""7\"",\""8\"",\""9\"",\""10\"",\""11\"",\""12\"",\""13\"",\""14\"",\""15\""]",1,40286,40286,0,2026-06-09 13:46:44,2026-06-09 13:46:44
1922,2,"[\""1\"",\""2\"",\""5\"",\""6\"",\""7\"",\""8\"",\""13\"",\""14\""]","[\""1\"",\""2\"",\""3\"",\""5\"",\""6\"",\""7\"",\""8\"",\""9\"",\""11\"",\""12\"",\""13\"",\""14\"",\""15\""]",1,40286,40286,0,2026-06-09 13:46:44,2026-06-09 13:46:44
1923,3,"[\""1\"",\""2\"",\""5\"",\""6\"",\""7\"",\""8\"",\""14\""]","[\""1\"",\""2\"",\""3\"",\""5\"",\""9\"",\""12\"",\""13\"",\""14\""]",1,40286,40286,0,2026-06-09 13:46:44,2026-06-09 13:46:44
1924,4,"[\""1\"",\""7\"",\""8\"",\""14\""]","[\""1\"",\""10\"",\""12\""]",1,40286,40286,0,2026-06-09 13:46:44,2026-06-09 13:46:44
1925,1,"[\""1\"",\""2\"",\""3\"",\""4\"",\""5\"",\""6\"",\""7\"",\""8\"",\""9\"",\""10\"",\""11\"",\""12\"",\""13\"",\""14\""]","[\""1\"",\""2\"",\""3\"",\""4\"",\""5\"",\""6\"",\""7\"",\""8\"",\""9\"",\""10\"",\""11\"",\""12\"",\""13\"",\""14\"",\""15\""]",1,40287,40287,0,2026-06-09 14:54:05,2026-06-09 14:54:05
1926,2,"[\""1\"",\""2\"",\""5\"",\""6\"",\""7\"",\""8\"",\""13\"",\""14\""]","[\""1\"",\""2\"",\""3\"",\""5\"",\""6\"",\""7\"",\""8\"",\""9\"",\""11\"",\""12\"",\""13\"",\""14\"",\""15\""]",1,40287,40287,0,2026-06-09 14:54:05,2026-06-09 14:54:05
1927,3,"[\""1\"",\""2\"",\""5\"",\""6\"",\""7\"",\""8\"",\""14\""]","[\""1\"",\""2\"",\""3\"",\""5\"",\""9\"",\""12\"",\""13\"",\""14\""]",1,40287,40287,0,2026-06-09 14:54:05,2026-06-09 14:54:05
1928,4,"[\""1\"",\""7\"",\""8\"",\""14\""]","[\""1\"",\""10\"",\""12\""]",1,40287,40287,0,2026-06-09 14:54:05,2026-06-09 14:54:05
1929,1,"[\""1\"",\""2\"",\""3\"",\""4\"",\""5\"",\""6\"",\""7\"",\""8\"",\""9\"",\""10\"",\""11\"",\""12\"",\""13\"",\""14\""]","[\""1\"",\""2\"",\""3\"",\""4\"",\""5\"",\""6\"",\""7\"",\""8\"",\""9\"",\""10\"",\""11\"",\""12\"",\""13\"",\""14\"",\""15\""]",1,40288,40288,0,2026-06-09 14:58:15,2026-06-09 14:58:15
1930,2,"[\""1\"",\""2\"",\""5\"",\""6\"",\""7\"",\""8\"",\""13\"",\""14\""]","[\""1\"",\""2\"",\""3\"",\""5\"",\""6\"",\""7\"",\""8\"",\""9\"",\""11\"",\""12\"",\""13\"",\""14\"",\""15\""]",1,40288,40288,0,2026-06-09 14:58:15,2026-06-09 14:58:15
1931,3,"[\""1\"",\""2\"",\""5\"",\""6\"",\""7\"",\""8\"",\""14\""]","[\""1\"",\""2\"",\""3\"",\""5\"",\""9\"",\""12\"",\""13\"",\""14\""]",1,40288,40288,0,2026-06-09 14:58:15,2026-06-09 14:58:15
1932,4,"[\""1\"",\""7\"",\""8\"",\""14\""]","[\""1\"",\""10\"",\""12\""]",1,40288,40288,0,2026-06-09 14:58:15,2026-06-09 14:58:15
1933,1,"[\""1\"",\""2\"",\""3\"",\""4\"",\""5\"",\""6\"",\""7\"",\""8\"",\""9\"",\""10\"",\""11\"",\""12\"",\""13\"",\""14\""]","[\""1\"",\""2\"",\""3\"",\""4\"",\""5\"",\""6\"",\""7\"",\""8\"",\""9\"",\""10\"",\""11\"",\""12\"",\""13\"",\""14\"",\""15\""]",1,40289,40289,0,2026-06-09 15:02:48,2026-06-09 15:02:48
1934,2,"[\""1\"",\""2\"",\""5\"",\""6\"",\""7\"",\""8\"",\""13\"",\""14\""]","[\""1\"",\""2\"",\""3\"",\""5\"",\""6\"",\""7\"",\""8\"",\""9\"",\""11\"",\""12\"",\""13\"",\""14\"",\""15\""]",1,40289,40289,0,2026-06-09 15:02:48,2026-06-09 15:02:48
1935,3,"[\""1\"",\""2\"",\""5\"",\""6\"",\""7\"",\""8\"",\""14\""]","[\""1\"",\""2\"",\""3\"",\""5\"",\""9\"",\""12\"",\""13\"",\""14\""]",1,40289,40289,0,2026-06-09 15:02:48,2026-06-09 15:02:48
1936,4,"[\""1\"",\""7\"",\""8\"",\""14\""]","[\""1\"",\""10\"",\""12\""]",1,40289,40289,0,2026-06-09 15:02:48,2026-06-09 15:02:48
1937,1,"[\""1\"",\""2\"",\""3\"",\""4\"",\""5\"",\""6\"",\""7\"",\""8\"",\""9\"",\""10\"",\""11\"",\""12\"",\""13\"",\""14\""]","[\""1\"",\""2\"",\""3\"",\""4\"",\""5\"",\""6\"",\""7\"",\""8\"",\""9\"",\""10\"",\""11\"",\""12\"",\""13\"",\""14\"",\""15\""]",1,40290,40290,0,2026-06-09 15:29:08,2026-06-09 15:29:08
1938,2,"[\""1\"",\""2\"",\""5\"",\""6\"",\""7\"",\""8\"",\""13\"",\""14\""]","[\""1\"",\""2\"",\""3\"",\""5\"",\""6\"",\""7\"",\""8\"",\""9\"",\""11\"",\""12\"",\""13\"",\""14\"",\""15\""]",1,40290,40290,0,2026-06-09 15:29:08,2026-06-09 15:29:08
1939,3,"[\""1\"",\""2\"",\""5\"",\""6\"",\""7\"",\""8\"",\""14\""]","[\""1\"",\""2\"",\""3\"",\""5\"",\""9\"",\""12\"",\""13\"",\""14\""]",1,40290,40290,0,2026-06-09 15:29:08,2026-06-09 15:29:08
1940,4,"[\""1\"",\""7\"",\""8\"",\""14\""]","[\""1\"",\""10\"",\""12\""]",1,40290,40290,0,2026-06-09 15:29:08,2026-06-09 15:29:08
1941,1,"[\""1\"",\""2\"",\""3\"",\""4\"",\""5\"",\""6\"",\""7\"",\""8\"",\""9\"",\""10\"",\""11\"",\""12\"",\""13\"",\""14\""]","[\""1\"",\""2\"",\""3\"",\""4\"",\""5\"",\""6\"",\""7\"",\""8\"",\""9\"",\""10\"",\""11\"",\""12\"",\""13\"",\""14\"",\""15\""]",1,40291,40291,0,2026-06-09 15:35:45,2026-06-09 15:35:45
1942,2,"[\""1\"",\""2\"",\""5\"",\""6\"",\""7\"",\""8\"",\""13\"",\""14\""]","[\""1\"",\""2\"",\""3\"",\""5\"",\""6\"",\""7\"",\""8\"",\""9\"",\""11\"",\""12\"",\""13\"",\""14\"",\""15\""]",1,40291,40291,0,2026-06-09 15:35:45,2026-06-09 15:35:45
1943,3,"[\""1\"",\""2\"",\""5\"",\""6\"",\""7\"",\""8\"",\""14\""]","[\""1\"",\""2\"",\""3\"",\""5\"",\""9\"",\""12\"",\""13\"",\""14\""]",1,40291,40291,0,2026-06-09 15:35:45,2026-06-09 15:35:45
1944,4,"[\""1\"",\""7\"",\""8\"",\""14\""]","[\""1\"",\""10\"",\""12\""]",1,40291,40291,0,2026-06-09 15:35:45,2026-06-09 15:35:45
1945,1,"[\""1\"",\""2\"",\""3\"",\""4\"",\""5\"",\""6\"",\""7\"",\""8\"",\""9\"",\""10\"",\""11\"",\""12\"",\""13\"",\""14\""]","[\""1\"",\""2\"",\""3\"",\""4\"",\""5\"",\""6\"",\""7\"",\""8\"",\""9\"",\""10\"",\""11\"",\""12\"",\""13\"",\""14\"",\""15\""]",1,40294,40294,0,2026-06-09 16:00:48,2026-06-09 16:00:48
1946,2,"[\""1\"",\""2\"",\""5\"",\""6\"",\""7\"",\""8\"",\""13\"",\""14\""]","[\""1\"",\""2\"",\""3\"",\""5\"",\""6\"",\""7\"",\""8\"",\""9\"",\""11\"",\""12\"",\""13\"",\""14\"",\""15\""]",1,40294,40294,0,2026-06-09 16:00:48,2026-06-09 16:00:48
1947,3,"[\""1\"",\""2\"",\""5\"",\""6\"",\""7\"",\""8\"",\""14\""]","[\""1\"",\""2\"",\""3\"",\""5\"",\""9\"",\""12\"",\""13\"",\""14\""]",1,40294,40294,0,2026-06-09 16:00:48,2026-06-09 16:00:48
1948,4,"[\""1\"",\""7\"",\""8\"",\""14\""]","[\""1\"",\""10\"",\""12\""]",1,40294,40294,0,2026-06-09 16:00:48,2026-06-09 16:00:48
1949,1,"[\""1\"",\""2\"",\""3\"",\""4\"",\""5\"",\""6\"",\""7\"",\""8\"",\""9\"",\""10\"",\""11\"",\""12\"",\""13\"",\""14\""]","[\""1\"",\""2\"",\""3\"",\""4\"",\""5\"",\""6\"",\""7\"",\""8\"",\""9\"",\""10\"",\""11\"",\""12\"",\""13\"",\""14\"",\""15\""]",1,40297,40297,0,2026-06-09 16:27:05,2026-06-09 16:27:05
1950,2,"[\""1\"",\""2\"",\""5\"",\""6\"",\""7\"",\""8\"",\""13\"",\""14\""]","[\""1\"",\""2\"",\""3\"",\""5\"",\""6\"",\""7\"",\""8\"",\""9\"",\""11\"",\""12\"",\""13\"",\""14\"",\""15\""]",1,40297,40297,0,2026-06-09 16:27:05,2026-06-09 16:27:05
1951,3,"[\""1\"",\""2\"",\""5\"",\""6\"",\""7\"",\""8\"",\""14\""]","[\""1\"",\""2\"",\""3\"",\""5\"",\""9\"",\""12\"",\""13\"",\""14\""]",1,40297,40297,0,2026-06-09 16:27:05,2026-06-09 16:27:05
1952,4,"[\""1\"",\""7\"",\""8\"",\""14\""]","[\""1\"",\""10\"",\""12\""]",1,40297,40297,0,2026-06-09 16:27:05,2026-06-09 16:27:05
1953,1,"[\""1\"",\""2\"",\""3\"",\""4\"",\""5\"",\""6\"",\""7\"",\""8\"",\""9\"",\""10\"",\""11\"",\""12\"",\""13\"",\""14\""]","[\""1\"",\""2\"",\""3\"",\""4\"",\""5\"",\""6\"",\""7\"",\""8\"",\""9\"",\""10\"",\""11\"",\""12\"",\""13\"",\""14\"",\""15\""]",1,40299,40299,0,2026-06-09 17:27:13,2026-06-09 17:27:13
1954,2,"[\""1\"",\""2\"",\""5\"",\""6\"",\""7\"",\""8\"",\""13\"",\""14\""]","[\""1\"",\""2\"",\""3\"",\""5\"",\""6\"",\""7\"",\""8\"",\""9\"",\""11\"",\""12\"",\""13\"",\""14\"",\""15\""]",1,40299,40299,0,2026-06-09 17:27:13,2026-06-09 17:27:13
1955,3,"[\""1\"",\""2\"",\""5\"",\""6\"",\""7\"",\""8\"",\""14\""]","[\""1\"",\""2\"",\""3\"",\""5\"",\""9\"",\""12\"",\""13\"",\""14\""]",1,40299,40299,0,2026-06-09 17:27:13,2026-06-09 17:27:13
1956,4,"[\""1\"",\""7\"",\""8\"",\""14\""]","[\""1\"",\""10\"",\""12\""]",1,40299,40299,0,2026-06-09 17:27:13,2026-06-09 17:27:13
1957,1,"[\""1\"",\""2\"",\""3\"",\""4\"",\""5\"",\""6\"",\""7\"",\""8\"",\""9\"",\""10\"",\""11\"",\""12\"",\""13\"",\""14\""]","[\""1\"",\""2\"",\""3\"",\""4\"",\""5\"",\""6\"",\""7\"",\""8\"",\""9\"",\""10\"",\""11\"",\""12\"",\""13\"",\""14\"",\""15\""]",1,40300,40300,0,2026-06-09 17:28:48,2026-06-09 17:28:48
1958,2,"[\""1\"",\""2\"",\""5\"",\""6\"",\""7\"",\""8\"",\""13\"",\""14\""]","[\""1\"",\""2\"",\""3\"",\""5\"",\""6\"",\""7\"",\""8\"",\""9\"",\""11\"",\""12\"",\""13\"",\""14\"",\""15\""]",1,40300,40300,0,2026-06-09 17:28:48,2026-06-09 17:28:48
1959,3,"[\""1\"",\""2\"",\""5\"",\""6\"",\""7\"",\""8\"",\""14\""]","[\""1\"",\""2\"",\""3\"",\""5\"",\""9\"",\""12\"",\""13\"",\""14\""]",1,40300,40300,0,2026-06-09 17:28:48,2026-06-09 17:28:48
1960,4,"[\""1\"",\""7\"",\""8\"",\""14\""]","[\""1\"",\""10\"",\""12\""]",1,40300,40300,0,2026-06-09 17:28:48,2026-06-09 17:28:48
1961,1,"[\""1\"",\""2\"",\""3\"",\""4\"",\""5\"",\""6\"",\""7\"",\""8\"",\""9\"",\""10\"",\""11\"",\""12\"",\""13\"",\""14\""]","[\""1\"",\""2\"",\""3\"",\""4\"",\""5\"",\""6\"",\""7\"",\""8\"",\""9\"",\""10\"",\""11\"",\""12\"",\""13\"",\""14\"",\""15\""]",1,40301,40301,0,2026-06-09 17:47:18,2026-06-09 17:47:18
1962,2,"[\""1\"",\""2\"",\""5\"",\""6\"",\""7\"",\""8\"",\""13\"",\""14\""]","[\""1\"",\""2\"",\""3\"",\""5\"",\""6\"",\""7\"",\""8\"",\""9\"",\""11\"",\""12\"",\""13\"",\""14\"",\""15\""]",1,40301,40301,0,2026-06-09 17:47:18,2026-06-09 17:47:18
1963,3,"[\""1\"",\""2\"",\""5\"",\""6\"",\""7\"",\""8\"",\""14\""]","[\""1\"",\""2\"",\""3\"",\""5\"",\""9\"",\""12\"",\""13\"",\""14\""]",1,40301,40301,0,2026-06-09 17:47:18,2026-06-09 17:47:18
1964,4,"[\""1\"",\""7\"",\""8\"",\""14\""]","[\""1\"",\""10\"",\""12\""]",1,40301,40301,0,2026-06-09 17:47:18,2026-06-09 17:47:18
1965,1,"[\""1\"",\""2\"",\""3\"",\""4\"",\""5\"",\""6\"",\""7\"",\""8\"",\""9\"",\""10\"",\""11\"",\""12\"",\""13\"",\""14\""]","[\""1\"",\""2\"",\""3\"",\""4\"",\""5\"",\""6\"",\""7\"",\""8\"",\""9\"",\""10\"",\""11\"",\""12\"",\""13\"",\""14\"",\""15\""]",1,40302,40302,0,2026-06-09 17:49:22,2026-06-09 17:49:22
1966,2,"[\""1\"",\""2\"",\""5\"",\""6\"",\""7\"",\""8\"",\""13\"",\""14\""]","[\""1\"",\""2\"",\""3\"",\""5\"",\""6\"",\""7\"",\""8\"",\""9\"",\""11\"",\""12\"",\""13\"",\""14\"",\""15\""]",1,40302,40302,0,2026-06-09 17:49:22,2026-06-09 17:49:22
1967,3,"[\""1\"",\""2\"",\""5\"",\""6\"",\""7\"",\""8\"",\""14\""]","[\""1\"",\""2\"",\""3\"",\""5\"",\""9\"",\""12\"",\""13\"",\""14\""]",1,40302,40302,0,2026-06-09 17:49:22,2026-06-09 17:49:22
1968,4,"[\""1\"",\""7\"",\""8\"",\""14\""]","[\""1\"",\""10\"",\""12\""]",1,40302,40302,0,2026-06-09 17:49:22,2026-06-09 17:49:22
1969,1,"[\""1\"",\""2\"",\""3\"",\""4\"",\""5\"",\""6\"",\""7\"",\""8\"",\""9\"",\""10\"",\""11\"",\""12\"",\""13\"",\""14\""]","[\""1\"",\""2\"",\""3\"",\""4\"",\""5\"",\""6\"",\""7\"",\""8\"",\""9\"",\""10\"",\""11\"",\""12\"",\""13\"",\""14\"",\""15\""]",1,40303,40303,0,2026-06-09 18:11:01,2026-06-09 18:11:01
1970,2,"[\""1\"",\""2\"",\""5\"",\""6\"",\""7\"",\""8\"",\""13\"",\""14\""]","[\""1\"",\""2\"",\""3\"",\""5\"",\""6\"",\""7\"",\""8\"",\""9\"",\""11\"",\""12\"",\""13\"",\""14\"",\""15\""]",1,40303,40303,0,2026-06-09 18:11:01,2026-06-09 18:11:01
1971,3,"[\""1\"",\""2\"",\""5\"",\""6\"",\""7\"",\""8\"",\""14\""]","[\""1\"",\""2\"",\""3\"",\""5\"",\""9\"",\""12\"",\""13\"",\""14\""]",1,40303,40303,0,2026-06-09 18:11:01,2026-06-09 18:11:01
1972,4,"[\""1\"",\""7\"",\""8\"",\""14\""]","[\""1\"",\""10\"",\""12\""]",1,40303,40303,0,2026-06-09 18:11:01,2026-06-09 18:11:01
1973,1,"[\""1\"",\""2\"",\""3\"",\""4\"",\""5\"",\""6\"",\""7\"",\""8\"",\""9\"",\""10\"",\""11\"",\""12\"",\""13\"",\""14\""]","[\""1\"",\""2\"",\""3\"",\""4\"",\""5\"",\""6\"",\""7\"",\""8\"",\""9\"",\""10\"",\""11\"",\""12\"",\""13\"",\""14\"",\""15\""]",1,40304,40304,0,2026-06-09 18:17:09,2026-06-09 18:17:09
1974,2,"[\""1\"",\""2\"",\""5\"",\""6\"",\""7\"",\""8\"",\""13\"",\""14\""]","[\""1\"",\""2\"",\""3\"",\""5\"",\""6\"",\""7\"",\""8\"",\""9\"",\""11\"",\""12\"",\""13\"",\""14\"",\""15\""]",1,40304,40304,0,2026-06-09 18:17:09,2026-06-09 18:17:09
1975,3,"[\""1\"",\""2\"",\""5\"",\""6\"",\""7\"",\""8\"",\""14\""]","[\""1\"",\""2\"",\""3\"",\""5\"",\""9\"",\""12\"",\""13\"",\""14\""]",1,40304,40304,0,2026-06-09 18:17:09,2026-06-09 18:17:09
1976,4,"[\""1\"",\""7\"",\""8\"",\""14\""]","[\""1\"",\""10\"",\""12\""]",1,40304,40304,0,2026-06-09 18:17:09,2026-06-09 18:17:09
1977,1,"[\""1\"",\""2\"",\""3\"",\""4\"",\""5\"",\""6\"",\""7\"",\""8\"",\""9\"",\""10\"",\""11\"",\""12\"",\""13\"",\""14\""]","[\""1\"",\""2\"",\""3\"",\""4\"",\""5\"",\""6\"",\""7\"",\""8\"",\""9\"",\""10\"",\""11\"",\""12\"",\""13\"",\""14\"",\""15\""]",1,40305,40305,0,2026-06-09 18:19:07,2026-06-09 18:19:07
1978,2,"[\""1\"",\""2\"",\""5\"",\""6\"",\""7\"",\""8\"",\""13\"",\""14\""]","[\""1\"",\""2\"",\""3\"",\""5\"",\""6\"",\""7\"",\""8\"",\""9\"",\""11\"",\""12\"",\""13\"",\""14\"",\""15\""]",1,40305,40305,0,2026-06-09 18:19:07,2026-06-09 18:19:07
1979,3,"[\""1\"",\""2\"",\""5\"",\""6\"",\""7\"",\""8\"",\""14\""]","[\""1\"",\""2\"",\""3\"",\""5\"",\""9\"",\""12\"",\""13\"",\""14\""]",1,40305,40305,0,2026-06-09 18:19:07,2026-06-09 18:19:07
1980,4,"[\""1\"",\""7\"",\""8\"",\""14\""]","[\""1\"",\""10\"",\""12\""]",1,40305,40305,0,2026-06-09 18:19:07,2026-06-09 18:19:07
1981,1,"[\""1\"",\""2\"",\""3\"",\""4\"",\""5\"",\""6\"",\""7\"",\""8\"",\""9\"",\""10\"",\""11\"",\""12\"",\""13\"",\""14\""]","[\""1\"",\""2\"",\""3\"",\""4\"",\""5\"",\""6\"",\""7\"",\""8\"",\""9\"",\""10\"",\""11\"",\""12\"",\""13\"",\""14\"",\""15\""]",1,40306,40306,0,2026-06-09 18:37:21,2026-06-09 18:37:21
1982,2,"[\""1\"",\""2\"",\""5\"",\""6\"",\""7\"",\""8\"",\""13\"",\""14\""]","[\""1\"",\""2\"",\""3\"",\""5\"",\""6\"",\""7\"",\""8\"",\""9\"",\""11\"",\""12\"",\""13\"",\""14\"",\""15\""]",1,40306,40306,0,2026-06-09 18:37:21,2026-06-09 18:37:21
1983,3,"[\""1\"",\""2\"",\""5\"",\""6\"",\""7\"",\""8\"",\""14\""]","[\""1\"",\""2\"",\""3\"",\""5\"",\""9\"",\""12\"",\""13\"",\""14\""]",1,40306,40306,0,2026-06-09 18:37:21,2026-06-09 18:37:21
1984,4,"[\""1\"",\""7\"",\""8\"",\""14\""]","[\""1\"",\""10\"",\""12\""]",1,40306,40306,0,2026-06-09 18:37:21,2026-06-09 18:37:21
1985,1,"[\""1\"",\""2\"",\""3\"",\""4\"",\""5\"",\""6\"",\""7\"",\""8\"",\""9\"",\""10\"",\""11\"",\""12\"",\""13\"",\""14\""]","[\""1\"",\""2\"",\""3\"",\""4\"",\""5\"",\""6\"",\""7\"",\""8\"",\""9\"",\""10\"",\""11\"",\""12\"",\""13\"",\""14\"",\""15\""]",1,40307,40307,0,2026-06-09 18:39:46,2026-06-09 18:39:46
1986,2,"[\""1\"",\""2\"",\""5\"",\""6\"",\""7\"",\""8\"",\""13\"",\""14\""]","[\""1\"",\""2\"",\""3\"",\""5\"",\""6\"",\""7\"",\""8\"",\""9\"",\""11\"",\""12\"",\""13\"",\""14\"",\""15\""]",1,40307,40307,0,2026-06-09 18:39:46,2026-06-09 18:39:46
1987,3,"[\""1\"",\""2\"",\""5\"",\""6\"",\""7\"",\""8\"",\""14\""]","[\""1\"",\""2\"",\""3\"",\""5\"",\""9\"",\""12\"",\""13\"",\""14\""]",1,40307,40307,0,2026-06-09 18:39:46,2026-06-09 18:39:46
1988,4,"[\""1\"",\""7\"",\""8\"",\""14\""]","[\""1\"",\""10\"",\""12\""]",1,40307,40307,0,2026-06-09 18:39:46,2026-06-09 18:39:46
1989,1,"[\""1\"",\""2\"",\""3\"",\""4\"",\""5\"",\""6\"",\""7\"",\""8\"",\""9\"",\""10\"",\""11\"",\""12\"",\""13\"",\""14\""]","[\""1\"",\""2\"",\""3\"",\""4\"",\""5\"",\""6\"",\""7\"",\""8\"",\""9\"",\""10\"",\""11\"",\""12\"",\""13\"",\""14\"",\""15\""]",1,40308,40308,0,2026-06-09 18:43:26,2026-06-09 18:43:26
1990,2,"[\""1\"",\""2\"",\""5\"",\""6\"",\""7\"",\""8\"",\""13\"",\""14\""]","[\""1\"",\""2\"",\""3\"",\""5\"",\""6\"",\""7\"",\""8\"",\""9\"",\""11\"",\""12\"",\""13\"",\""14\"",\""15\""]",1,40308,40308,0,2026-06-09 18:43:26,2026-06-09 18:43:26
1991,3,"[\""1\"",\""2\"",\""5\"",\""6\"",\""7\"",\""8\"",\""14\""]","[\""1\"",\""2\"",\""3\"",\""5\"",\""9\"",\""12\"",\""13\"",\""14\""]",1,40308,40308,0,2026-06-09 18:43:26,2026-06-09 18:43:26
1992,4,"[\""1\"",\""7\"",\""8\"",\""14\""]","[\""1\"",\""10\"",\""12\""]",1,40308,40308,0,2026-06-09 18:43:26,2026-06-09 18:43:26
1993,1,"[\""1\"",\""2\"",\""3\"",\""4\"",\""5\"",\""6\"",\""7\"",\""8\"",\""9\"",\""10\"",\""11\"",\""12\"",\""13\"",\""14\""]","[\""1\"",\""2\"",\""3\"",\""4\"",\""5\"",\""6\"",\""7\"",\""8\"",\""9\"",\""10\"",\""11\"",\""12\"",\""13\"",\""14\"",\""15\""]",1,40309,40309,0,2026-06-09 18:47:40,2026-06-09 18:47:40
1994,2,"[\""1\"",\""2\"",\""5\"",\""6\"",\""7\"",\""8\"",\""13\"",\""14\""]","[\""1\"",\""2\"",\""3\"",\""5\"",\""6\"",\""7\"",\""8\"",\""9\"",\""11\"",\""12\"",\""13\"",\""14\"",\""15\""]",1,40309,40309,0,2026-06-09 18:47:40,2026-06-09 18:47:40
1995,3,"[\""1\"",\""2\"",\""5\"",\""6\"",\""7\"",\""8\"",\""14\""]","[\""1\"",\""2\"",\""3\"",\""5\"",\""9\"",\""12\"",\""13\"",\""14\""]",1,40309,40309,0,2026-06-09 18:47:40,2026-06-09 18:47:40
1996,4,"[\""1\"",\""7\"",\""8\"",\""14\""]","[\""1\"",\""10\"",\""12\""]",1,40309,40309,0,2026-06-09 18:47:40,2026-06-09 18:47:40
1997,1,"[\""1\"",\""2\"",\""3\"",\""4\"",\""5\"",\""6\"",\""7\"",\""8\"",\""9\"",\""10\"",\""11\"",\""12\"",\""13\"",\""14\""]","[\""1\"",\""2\"",\""3\"",\""4\"",\""5\"",\""6\"",\""7\"",\""8\"",\""9\"",\""10\"",\""11\"",\""12\"",\""13\"",\""14\"",\""15\""]",1,40310,40310,0,2026-06-10 12:23:44,2026-06-10 12:23:44
1998,2,"[\""1\"",\""2\"",\""5\"",\""6\"",\""7\"",\""8\"",\""13\"",\""14\""]","[\""1\"",\""2\"",\""3\"",\""5\"",\""6\"",\""7\"",\""8\"",\""9\"",\""11\"",\""12\"",\""13\"",\""14\"",\""15\""]",1,40310,40310,0,2026-06-10 12:23:44,2026-06-10 12:23:44
1999,3,"[\""1\"",\""2\"",\""5\"",\""6\"",\""7\"",\""8\"",\""14\""]","[\""1\"",\""2\"",\""3\"",\""5\"",\""9\"",\""12\"",\""13\"",\""14\""]",1,40310,40310,0,2026-06-10 12:23:44,2026-06-10 12:23:44
2000,4,"[\""1\"",\""7\"",\""8\"",\""14\""]","[\""1\"",\""10\"",\""12\""]",1,40310,40310,0,2026-06-10 12:23:44,2026-06-10 12:23:44
2001,1,"[\""1\"",\""2\"",\""3\"",\""4\"",\""5\"",\""6\"",\""7\"",\""8\"",\""9\"",\""10\"",\""11\"",\""12\"",\""13\"",\""14\""]","[\""1\"",\""2\"",\""3\"",\""4\"",\""5\"",\""6\"",\""7\"",\""8\"",\""9\"",\""10\"",\""11\"",\""12\"",\""13\"",\""14\"",\""15\""]",1,40311,40311,0,2026-06-10 12:29:46,2026-06-10 12:29:46
2002,2,"[\""1\"",\""2\"",\""5\"",\""6\"",\""7\"",\""8\"",\""13\"",\""14\""]","[\""1\"",\""2\"",\""3\"",\""5\"",\""6\"",\""7\"",\""8\"",\""9\"",\""11\"",\""12\"",\""13\"",\""14\"",\""15\""]",1,40311,40311,0,2026-06-10 12:29:46,2026-06-10 12:29:46
2003,3,"[\""1\"",\""2\"",\""5\"",\""6\"",\""7\"",\""8\"",\""14\""]","[\""1\"",\""2\"",\""3\"",\""5\"",\""9\"",\""12\"",\""13\"",\""14\""]",1,40311,40311,0,2026-06-10 12:29:46,2026-06-10 12:29:46
2004,4,"[\""1\"",\""7\"",\""8\"",\""14\""]","[\""1\"",\""10\"",\""12\""]",1,40311,40311,0,2026-06-10 12:29:46,2026-06-10 12:29:46
2005,1,"[\""1\"",\""2\"",\""3\"",\""4\"",\""5\"",\""6\"",\""7\"",\""8\"",\""9\"",\""10\"",\""11\"",\""12\"",\""13\"",\""14\""]","[\""1\"",\""2\"",\""3\"",\""4\"",\""5\"",\""6\"",\""7\"",\""8\"",\""9\"",\""10\"",\""11\"",\""12\"",\""13\"",\""14\"",\""15\""]",1,40312,40312,0,2026-06-10 12:41:03,2026-06-10 12:41:03
2006,2,"[\""1\"",\""2\"",\""5\"",\""6\"",\""7\"",\""8\"",\""13\"",\""14\""]","[\""1\"",\""2\"",\""3\"",\""5\"",\""6\"",\""7\"",\""8\"",\""9\"",\""11\"",\""12\"",\""13\"",\""14\"",\""15\""]",1,40312,40312,0,2026-06-10 12:41:03,2026-06-10 12:41:03
2007,3,"[\""1\"",\""2\"",\""5\"",\""6\"",\""7\"",\""8\"",\""14\""]","[\""1\"",\""2\"",\""3\"",\""5\"",\""9\"",\""12\"",\""13\"",\""14\""]",1,40312,40312,0,2026-06-10 12:41:03,2026-06-10 12:41:03
2008,4,"[\""1\"",\""7\"",\""8\"",\""14\""]","[\""1\"",\""10\"",\""12\""]",1,40312,40312,0,2026-06-10 12:41:03,2026-06-10 12:41:03
2009,1,"[\""1\"",\""2\"",\""3\"",\""4\"",\""5\"",\""6\"",\""7\"",\""8\"",\""9\"",\""10\"",\""11\"",\""12\"",\""13\"",\""14\""]","[\""1\"",\""2\"",\""3\"",\""4\"",\""5\"",\""6\"",\""7\"",\""8\"",\""9\"",\""10\"",\""11\"",\""12\"",\""13\"",\""14\"",\""15\""]",1,40314,40314,0,2026-06-10 13:10:29,2026-06-10 13:10:29
2010,2,"[\""1\"",\""2\"",\""5\"",\""6\"",\""7\"",\""8\"",\""13\"",\""14\""]","[\""1\"",\""2\"",\""3\"",\""5\"",\""6\"",\""7\"",\""8\"",\""9\"",\""11\"",\""12\"",\""13\"",\""14\"",\""15\""]",1,40314,40314,0,2026-06-10 13:10:29,2026-06-10 13:10:29
2011,3,"[\""1\"",\""2\"",\""5\"",\""6\"",\""7\"",\""8\"",\""14\""]","[\""1\"",\""2\"",\""3\"",\""5\"",\""9\"",\""12\"",\""13\"",\""14\""]",1,40314,40314,0,2026-06-10 13:10:29,2026-06-10 13:10:29
2012,4,"[\""1\"",\""7\"",\""8\"",\""14\""]","[\""1\"",\""10\"",\""12\""]",1,40314,40314,0,2026-06-10 13:10:29,2026-06-10 13:10:29
2013,1,"[\""1\"",\""2\"",\""3\"",\""4\"",\""5\"",\""6\"",\""7\"",\""8\"",\""9\"",\""10\"",\""11\"",\""12\"",\""13\"",\""14\""]","[\""1\"",\""2\"",\""3\"",\""4\"",\""5\"",\""6\"",\""7\"",\""8\"",\""9\"",\""10\"",\""11\"",\""12\"",\""13\"",\""14\"",\""15\""]",1,40315,40315,0,2026-06-10 13:12:43,2026-06-10 13:12:43
2014,2,"[\""1\"",\""2\"",\""5\"",\""6\"",\""7\"",\""8\"",\""13\"",\""14\""]","[\""1\"",\""2\"",\""3\"",\""5\"",\""6\"",\""7\"",\""8\"",\""9\"",\""11\"",\""12\"",\""13\"",\""14\"",\""15\""]",1,40315,40315,0,2026-06-10 13:12:43,2026-06-10 13:12:43
2015,3,"[\""1\"",\""2\"",\""5\"",\""6\"",\""7\"",\""8\"",\""14\""]","[\""1\"",\""2\"",\""3\"",\""5\"",\""9\"",\""12\"",\""13\"",\""14\""]",1,40315,40315,0,2026-06-10 13:12:43,2026-06-10 13:12:43
2016,4,"[\""1\"",\""7\"",\""8\"",\""14\""]","[\""1\"",\""10\"",\""12\""]",1,40315,40315,0,2026-06-10 13:12:43,2026-06-10 13:12:43
2017,1,"[\""1\"",\""2\"",\""3\"",\""4\"",\""5\"",\""6\"",\""7\"",\""8\"",\""9\"",\""10\"",\""11\"",\""12\"",\""13\"",\""14\""]","[\""1\"",\""2\"",\""3\"",\""4\"",\""5\"",\""6\"",\""7\"",\""8\"",\""9\"",\""10\"",\""11\"",\""12\"",\""13\"",\""14\"",\""15\""]",1,40316,40316,0,2026-06-10 13:14:15,2026-06-10 13:14:15
2018,2,"[\""1\"",\""2\"",\""5\"",\""6\"",\""7\"",\""8\"",\""13\"",\""14\""]","[\""1\"",\""2\"",\""3\"",\""5\"",\""6\"",\""7\"",\""8\"",\""9\"",\""11\"",\""12\"",\""13\"",\""14\"",\""15\""]",1,40316,40316,0,2026-06-10 13:14:15,2026-06-10 13:14:15
2019,3,"[\""1\"",\""2\"",\""5\"",\""6\"",\""7\"",\""8\"",\""14\""]","[\""1\"",\""2\"",\""3\"",\""5\"",\""9\"",\""12\"",\""13\"",\""14\""]",1,40316,40316,0,2026-06-10 13:14:15,2026-06-10 13:14:15
2020,4,"[\""1\"",\""7\"",\""8\"",\""14\""]","[\""1\"",\""10\"",\""12\""]",1,40316,40316,0,2026-06-10 13:14:15,2026-06-10 13:14:15
2021,1,"[\""1\"",\""2\"",\""3\"",\""4\"",\""5\"",\""6\"",\""7\"",\""8\"",\""9\"",\""10\"",\""11\"",\""12\"",\""13\"",\""14\""]","[\""1\"",\""2\"",\""3\"",\""4\"",\""5\"",\""6\"",\""7\"",\""8\"",\""9\"",\""10\"",\""11\"",\""12\"",\""13\"",\""14\"",\""15\""]",1,40317,40317,0,2026-06-10 14:48:59,2026-06-10 14:48:59
2022,2,"[\""1\"",\""2\"",\""5\"",\""6\"",\""7\"",\""8\"",\""13\"",\""14\""]","[\""1\"",\""2\"",\""3\"",\""5\"",\""6\"",\""7\"",\""8\"",\""9\"",\""11\"",\""12\"",\""13\"",\""14\"",\""15\""]",1,40317,40317,0,2026-06-10 14:48:59,2026-06-10 14:48:59
2023,3,"[\""1\"",\""2\"",\""5\"",\""6\"",\""7\"",\""8\"",\""14\""]","[\""1\"",\""2\"",\""3\"",\""5\"",\""9\"",\""12\"",\""13\"",\""14\""]",1,40317,40317,0,2026-06-10 14:48:59,2026-06-10 14:48:59
2024,4,"[\""1\"",\""7\"",\""8\"",\""14\""]","[\""1\"",\""10\"",\""12\""]",1,40317,40317,0,2026-06-10 14:48:59,2026-06-10 14:48:59
2025,1,"[\""1\"",\""2\"",\""3\"",\""4\"",\""5\"",\""6\"",\""7\"",\""8\"",\""9\"",\""10\"",\""11\"",\""12\"",\""13\"",\""14\""]","[\""1\"",\""2\"",\""3\"",\""4\"",\""5\"",\""6\"",\""7\"",\""8\"",\""9\"",\""10\"",\""11\"",\""12\"",\""13\"",\""14\"",\""15\""]",1,40319,40319,0,2026-06-10 14:56:33,2026-06-10 14:56:33
2026,2,"[\""1\"",\""2\"",\""5\"",\""6\"",\""7\"",\""8\"",\""13\"",\""14\""]","[\""1\"",\""2\"",\""3\"",\""5\"",\""6\"",\""7\"",\""8\"",\""9\"",\""11\"",\""12\"",\""13\"",\""14\"",\""15\""]",1,40319,40319,0,2026-06-10 14:56:33,2026-06-10 14:56:33
2027,3,"[\""1\"",\""2\"",\""5\"",\""6\"",\""7\"",\""8\"",\""14\""]","[\""1\"",\""2\"",\""3\"",\""5\"",\""9\"",\""12\"",\""13\"",\""14\""]",1,40319,40319,0,2026-06-10 14:56:33,2026-06-10 14:56:33
2028,4,"[\""1\"",\""7\"",\""8\"",\""14\""]","[\""1\"",\""10\"",\""12\""]",1,40319,40319,0,2026-06-10 14:56:33,2026-06-10 14:56:33
2029,1,"[\""1\"",\""2\"",\""3\"",\""4\"",\""5\"",\""6\"",\""7\"",\""8\"",\""9\"",\""10\"",\""11\"",\""12\"",\""13\"",\""14\""]","[\""1\"",\""2\"",\""3\"",\""4\"",\""5\"",\""6\"",\""7\"",\""8\"",\""9\"",\""10\"",\""11\"",\""12\"",\""13\"",\""14\"",\""15\""]",1,40320,40320,0,2026-06-10 15:12:34,2026-06-10 15:12:34
2030,2,"[\""1\"",\""2\"",\""5\"",\""6\"",\""7\"",\""8\"",\""13\"",\""14\""]","[\""1\"",\""2\"",\""3\"",\""5\"",\""6\"",\""7\"",\""8\"",\""9\"",\""11\"",\""12\"",\""13\"",\""14\"",\""15\""]",1,40320,40320,0,2026-06-10 15:12:34,2026-06-10 15:12:34
2031,3,"[\""1\"",\""2\"",\""5\"",\""6\"",\""7\"",\""8\"",\""14\""]","[\""1\"",\""2\"",\""3\"",\""5\"",\""9\"",\""12\"",\""13\"",\""14\""]",1,40320,40320,0,2026-06-10 15:12:34,2026-06-10 15:12:34
2032,4,"[\""1\"",\""7\"",\""8\"",\""14\""]","[\""1\"",\""10\"",\""12\""]",1,40320,40320,0,2026-06-10 15:12:34,2026-06-10 15:12:34
2033,81,"[\""1\"",\""2\"",\""5\"",\""6\"",\""7\"",\""8\"",\""13\""]","[\""1\"",\""2\"",\""3\"",\""4\"",\""5\"",\""7\"",\""8\"",\""9\"",\""11\"",\""12\""]",1,38860,38860,0,2026-06-10 16:04:23,2026-06-10 16:04:23
2034,1,"[\""1\"",\""2\"",\""3\"",\""4\"",\""5\"",\""6\"",\""7\"",\""8\"",\""9\"",\""10\"",\""11\"",\""12\"",\""13\"",\""14\""]","[\""1\"",\""2\"",\""3\"",\""4\"",\""5\"",\""6\"",\""7\"",\""8\"",\""9\"",\""10\"",\""11\"",\""12\"",\""13\"",\""14\"",\""15\""]",1,40321,40321,0,2026-06-10 16:46:06,2026-06-10 16:46:06
2035,2,"[\""1\"",\""2\"",\""5\"",\""6\"",\""7\"",\""8\"",\""13\"",\""14\""]","[\""1\"",\""2\"",\""3\"",\""5\"",\""6\"",\""7\"",\""8\"",\""9\"",\""11\"",\""12\"",\""13\"",\""14\"",\""15\""]",1,40321,40321,0,2026-06-10 16:46:06,2026-06-10 16:46:06
2036,3,"[\""1\"",\""2\"",\""5\"",\""6\"",\""7\"",\""8\"",\""14\""]","[\""1\"",\""2\"",\""3\"",\""5\"",\""9\"",\""12\"",\""13\"",\""14\""]",1,40321,40321,0,2026-06-10 16:46:06,2026-06-10 16:46:06
2037,4,"[\""1\"",\""7\"",\""8\"",\""14\""]","[\""1\"",\""10\"",\""12\""]",1,40321,40321,0,2026-06-10 16:46:06,2026-06-10 16:46:06
2038,1,"[\""1\"",\""2\"",\""3\"",\""4\"",\""5\"",\""6\"",\""7\"",\""8\"",\""9\"",\""10\"",\""11\"",\""12\"",\""13\"",\""14\""]","[\""1\"",\""2\"",\""3\"",\""4\"",\""5\"",\""6\"",\""7\"",\""8\"",\""9\"",\""10\"",\""11\"",\""12\"",\""13\"",\""14\"",\""15\""]",1,40323,40323,0,2026-06-10 18:09:34,2026-06-10 18:09:34
2039,2,"[\""1\"",\""2\"",\""5\"",\""6\"",\""7\"",\""8\"",\""13\"",\""14\""]","[\""1\"",\""2\"",\""3\"",\""5\"",\""6\"",\""7\"",\""8\"",\""9\"",\""11\"",\""12\"",\""13\"",\""14\"",\""15\""]",1,40323,40323,0,2026-06-10 18:09:34,2026-06-10 18:09:34
2040,3,"[\""1\"",\""2\"",\""5\"",\""6\"",\""7\"",\""8\"",\""14\""]","[\""1\"",\""2\"",\""3\"",\""5\"",\""9\"",\""12\"",\""13\"",\""14\""]",1,40323,40323,0,2026-06-10 18:09:34,2026-06-10 18:09:34
2041,4,"[\""1\"",\""7\"",\""8\"",\""14\""]","[\""1\"",\""10\"",\""12\""]",1,40323,40323,0,2026-06-10 18:09:34,2026-06-10 18:09:34
2042,1,"[\""1\"",\""2\"",\""3\"",\""4\"",\""5\"",\""6\"",\""7\"",\""8\"",\""9\"",\""10\"",\""11\"",\""12\"",\""13\"",\""14\""]","[\""1\"",\""2\"",\""3\"",\""4\"",\""5\"",\""6\"",\""7\"",\""8\"",\""9\"",\""10\"",\""11\"",\""12\"",\""13\"",\""14\"",\""15\""]",1,40324,40324,0,2026-06-11 10:37:42,2026-06-11 10:37:42
2043,2,"[\""1\"",\""2\"",\""5\"",\""6\"",\""7\"",\""8\"",\""13\"",\""14\""]","[\""1\"",\""2\"",\""3\"",\""5\"",\""6\"",\""7\"",\""8\"",\""9\"",\""11\"",\""12\"",\""13\"",\""14\"",\""15\""]",1,40324,40324,0,2026-06-11 10:37:42,2026-06-11 10:37:42
2044,3,"[\""1\"",\""2\"",\""5\"",\""6\"",\""7\"",\""8\"",\""14\""]","[\""1\"",\""2\"",\""3\"",\""5\"",\""9\"",\""12\"",\""13\"",\""14\""]",1,40324,40324,0,2026-06-11 10:37:42,2026-06-11 10:37:42
2045,4,"[\""1\"",\""7\"",\""8\"",\""14\""]","[\""1\"",\""10\"",\""12\""]",1,40324,40324,0,2026-06-11 10:37:42,2026-06-11 10:37:42
2046,1,"[\""1\"",\""2\"",\""3\"",\""4\"",\""5\"",\""6\"",\""7\"",\""8\"",\""9\"",\""10\"",\""11\"",\""12\"",\""13\"",\""14\""]","[\""1\"",\""2\"",\""3\"",\""4\"",\""5\"",\""6\"",\""7\"",\""8\"",\""9\"",\""10\"",\""11\"",\""12\"",\""13\"",\""14\"",\""15\""]",1,40325,40325,0,2026-06-11 10:55:28,2026-06-11 10:55:28
2047,2,"[\""1\"",\""2\"",\""5\"",\""6\"",\""7\"",\""8\"",\""13\"",\""14\""]","[\""1\"",\""2\"",\""3\"",\""5\"",\""6\"",\""7\"",\""8\"",\""9\"",\""11\"",\""12\"",\""13\"",\""14\"",\""15\""]",1,40325,40325,0,2026-06-11 10:55:28,2026-06-11 10:55:28
2048,3,"[\""1\"",\""2\"",\""5\"",\""6\"",\""7\"",\""8\"",\""14\""]","[\""1\"",\""2\"",\""3\"",\""5\"",\""9\"",\""12\"",\""13\"",\""14\""]",1,40325,40325,0,2026-06-11 10:55:28,2026-06-11 10:55:28
2049,4,"[\""1\"",\""7\"",\""8\"",\""14\""]","[\""1\"",\""10\"",\""12\""]",1,40325,40325,0,2026-06-11 10:55:28,2026-06-11 10:55:28
2050,1,"[\""1\"",\""2\"",\""3\"",\""4\"",\""5\"",\""6\"",\""7\"",\""8\"",\""9\"",\""10\"",\""11\"",\""12\"",\""13\"",\""14\""]","[\""1\"",\""2\"",\""3\"",\""4\"",\""5\"",\""6\"",\""7\"",\""8\"",\""9\"",\""10\"",\""11\"",\""12\"",\""13\"",\""14\"",\""15\""]",1,40329,40329,0,2026-06-12 11:01:33,2026-06-12 11:01:33
2051,2,"[\""1\"",\""2\"",\""5\"",\""6\"",\""7\"",\""8\"",\""13\"",\""14\""]","[\""1\"",\""2\"",\""3\"",\""5\"",\""6\"",\""7\"",\""8\"",\""9\"",\""11\"",\""12\"",\""13\"",\""14\"",\""15\""]",1,40329,40329,0,2026-06-12 11:01:33,2026-06-12 11:01:33
2052,3,"[\""1\"",\""2\"",\""5\"",\""6\"",\""7\"",\""8\"",\""14\""]","[\""1\"",\""2\"",\""3\"",\""5\"",\""9\"",\""12\"",\""13\"",\""14\""]",1,40329,40329,0,2026-06-12 11:01:33,2026-06-12 11:01:33
2053,4,"[\""1\"",\""7\"",\""8\"",\""14\""]","[\""1\"",\""10\"",\""12\""]",1,40329,40329,0,2026-06-12 11:01:33,2026-06-12 11:01:33
2054,1,"[\""1\"",\""2\"",\""3\"",\""4\"",\""5\"",\""6\"",\""7\"",\""8\"",\""9\"",\""10\"",\""11\"",\""12\"",\""13\"",\""14\""]","[\""1\"",\""2\"",\""3\"",\""4\"",\""5\"",\""6\"",\""7\"",\""8\"",\""9\"",\""10\"",\""11\"",\""12\"",\""13\"",\""14\"",\""15\""]",1,40330,40330,0,2026-06-12 11:06:12,2026-06-12 11:06:12
2055,2,"[\""1\"",\""2\"",\""5\"",\""6\"",\""7\"",\""8\"",\""13\"",\""14\""]","[\""1\"",\""2\"",\""3\"",\""5\"",\""6\"",\""7\"",\""8\"",\""9\"",\""11\"",\""12\"",\""13\"",\""14\"",\""15\""]",1,40330,40330,0,2026-06-12 11:06:12,2026-06-12 11:06:12
2056,3,"[\""1\"",\""2\"",\""5\"",\""6\"",\""7\"",\""8\"",\""14\""]","[\""1\"",\""2\"",\""3\"",\""5\"",\""9\"",\""12\"",\""13\"",\""14\""]",1,40330,40330,0,2026-06-12 11:06:12,2026-06-12 11:06:12
2057,4,"[\""1\"",\""7\"",\""8\"",\""14\""]","[\""1\"",\""10\"",\""12\""]",1,40330,40330,0,2026-06-12 11:06:12,2026-06-12 11:06:12
2058,1,"[\""1\"",\""2\"",\""3\"",\""4\"",\""5\"",\""6\"",\""7\"",\""8\"",\""9\"",\""10\"",\""11\"",\""12\"",\""13\"",\""14\""]","[\""1\"",\""2\"",\""3\"",\""4\"",\""5\"",\""6\"",\""7\"",\""8\"",\""9\"",\""10\"",\""11\"",\""12\"",\""13\"",\""14\"",\""15\""]",1,40331,40331,0,2026-06-12 12:10:01,2026-06-12 12:10:01
2059,2,"[\""1\"",\""2\"",\""5\"",\""6\"",\""7\"",\""8\"",\""13\"",\""14\""]","[\""1\"",\""2\"",\""3\"",\""5\"",\""6\"",\""7\"",\""8\"",\""9\"",\""11\"",\""12\"",\""13\"",\""14\"",\""15\""]",1,40331,40331,0,2026-06-12 12:10:01,2026-06-12 12:10:01
2060,3,"[\""1\"",\""2\"",\""5\"",\""6\"",\""7\"",\""8\"",\""14\""]","[\""1\"",\""2\"",\""3\"",\""5\"",\""9\"",\""12\"",\""13\"",\""14\""]",1,40331,40331,0,2026-06-12 12:10:01,2026-06-12 12:10:01
2061,4,"[\""1\"",\""7\"",\""8\"",\""14\""]","[\""1\"",\""10\"",\""12\""]",1,40331,40331,0,2026-06-12 12:10:01,2026-06-12 12:10:01
2062,1,"[\""1\"",\""2\"",\""3\"",\""4\"",\""5\"",\""6\"",\""7\"",\""8\"",\""9\"",\""10\"",\""11\"",\""12\"",\""13\"",\""14\""]","[\""1\"",\""2\"",\""3\"",\""4\"",\""5\"",\""6\"",\""7\"",\""8\"",\""9\"",\""10\"",\""11\"",\""12\"",\""13\"",\""14\"",\""15\""]",1,40332,40332,0,2026-06-12 12:42:01,2026-06-12 12:42:01
2063,2,"[\""1\"",\""2\"",\""5\"",\""6\"",\""7\"",\""8\"",\""13\"",\""14\""]","[\""1\"",\""2\"",\""3\"",\""5\"",\""6\"",\""7\"",\""8\"",\""9\"",\""11\"",\""12\"",\""13\"",\""14\"",\""15\""]",1,40332,40332,0,2026-06-12 12:42:01,2026-06-12 12:42:01
2064,3,"[\""1\"",\""2\"",\""5\"",\""6\"",\""7\"",\""8\"",\""14\""]","[\""1\"",\""2\"",\""3\"",\""5\"",\""9\"",\""12\"",\""13\"",\""14\""]",1,40332,40332,0,2026-06-12 12:42:01,2026-06-12 12:42:01
2065,4,"[\""1\"",\""7\"",\""8\"",\""14\""]","[\""1\"",\""10\"",\""12\""]",1,40332,40332,0,2026-06-12 12:42:01,2026-06-12 12:42:01
2066,1,"[\""1\"",\""2\"",\""3\"",\""4\"",\""5\"",\""6\"",\""7\"",\""8\"",\""9\"",\""10\"",\""11\"",\""12\"",\""13\"",\""14\""]","[\""1\"",\""2\"",\""3\"",\""4\"",\""5\"",\""6\"",\""7\"",\""8\"",\""9\"",\""10\"",\""11\"",\""12\"",\""13\"",\""14\"",\""15\""]",1,40333,40333,0,2026-06-12 12:44:22,2026-06-12 12:44:22
2067,2,"[\""1\"",\""2\"",\""5\"",\""6\"",\""7\"",\""8\"",\""13\"",\""14\""]","[\""1\"",\""2\"",\""3\"",\""5\"",\""6\"",\""7\"",\""8\"",\""9\"",\""11\"",\""12\"",\""13\"",\""14\"",\""15\""]",1,40333,40333,0,2026-06-12 12:44:22,2026-06-12 12:44:22
2068,3,"[\""1\"",\""2\"",\""5\"",\""6\"",\""7\"",\""8\"",\""14\""]","[\""1\"",\""2\"",\""3\"",\""5\"",\""9\"",\""12\"",\""13\"",\""14\""]",1,40333,40333,0,2026-06-12 12:44:22,2026-06-12 12:44:22
2069,4,"[\""1\"",\""7\"",\""8\"",\""14\""]","[\""1\"",\""10\"",\""12\""]",1,40333,40333,0,2026-06-12 12:44:22,2026-06-12 12:44:22
2070,1,"[\""1\"",\""2\"",\""3\"",\""4\"",\""5\"",\""6\"",\""7\"",\""8\"",\""9\"",\""10\"",\""11\"",\""12\"",\""13\"",\""14\""]","[\""1\"",\""2\"",\""3\"",\""4\"",\""5\"",\""6\"",\""7\"",\""8\"",\""9\"",\""10\"",\""11\"",\""12\"",\""13\"",\""14\"",\""15\""]",1,40334,40334,0,2026-06-12 12:57:22,2026-06-12 12:57:22
2071,2,"[\""1\"",\""2\"",\""5\"",\""6\"",\""7\"",\""8\"",\""13\"",\""14\""]","[\""1\"",\""2\"",\""3\"",\""5\"",\""6\"",\""7\"",\""8\"",\""9\"",\""11\"",\""12\"",\""13\"",\""14\"",\""15\""]",1,40334,40334,0,2026-06-12 12:57:22,2026-06-12 12:57:22
2072,3,"[\""1\"",\""2\"",\""5\"",\""6\"",\""7\"",\""8\"",\""14\""]","[\""1\"",\""2\"",\""3\"",\""5\"",\""9\"",\""12\"",\""13\"",\""14\""]",1,40334,40334,0,2026-06-12 12:57:22,2026-06-12 12:57:22
2073,4,"[\""1\"",\""7\"",\""8\"",\""14\""]","[\""1\"",\""10\"",\""12\""]",1,40334,40334,0,2026-06-12 12:57:22,2026-06-12 12:57:22
2074,1,"[\""1\"",\""2\"",\""3\"",\""4\"",\""5\"",\""6\"",\""7\"",\""8\"",\""9\"",\""10\"",\""11\"",\""12\"",\""13\"",\""14\""]","[\""1\"",\""2\"",\""3\"",\""4\"",\""5\"",\""6\"",\""7\"",\""8\"",\""9\"",\""10\"",\""11\"",\""12\"",\""13\"",\""14\"",\""15\""]",1,40335,40335,0,2026-06-12 13:12:12,2026-06-12 13:12:12
2075,2,"[\""1\"",\""2\"",\""5\"",\""6\"",\""7\"",\""8\"",\""13\"",\""14\""]","[\""1\"",\""2\"",\""3\"",\""5\"",\""6\"",\""7\"",\""8\"",\""9\"",\""11\"",\""12\"",\""13\"",\""14\"",\""15\""]",1,40335,40335,0,2026-06-12 13:12:12,2026-06-12 13:12:12
2076,3,"[\""1\"",\""2\"",\""5\"",\""6\"",\""7\"",\""8\"",\""14\""]","[\""1\"",\""2\"",\""3\"",\""5\"",\""9\"",\""12\"",\""13\"",\""14\""]",1,40335,40335,0,2026-06-12 13:12:12,2026-06-12 13:12:12
2077,4,"[\""1\"",\""7\"",\""8\"",\""14\""]","[\""1\"",\""10\"",\""12\""]",1,40335,40335,0,2026-06-12 13:12:12,2026-06-12 13:12:12
2078,1,"[\""1\"",\""2\"",\""3\"",\""4\"",\""5\"",\""6\"",\""7\"",\""8\"",\""9\"",\""10\"",\""11\"",\""12\"",\""13\"",\""14\""]","[\""1\"",\""2\"",\""3\"",\""4\"",\""5\"",\""6\"",\""7\"",\""8\"",\""9\"",\""10\"",\""11\"",\""12\"",\""13\"",\""14\"",\""15\""]",1,40337,40337,0,2026-06-12 15:36:21,2026-06-12 15:36:21
2079,2,"[\""1\"",\""2\"",\""5\"",\""6\"",\""7\"",\""8\"",\""13\"",\""14\""]","[\""1\"",\""2\"",\""3\"",\""5\"",\""6\"",\""7\"",\""8\"",\""9\"",\""11\"",\""12\"",\""13\"",\""14\"",\""15\""]",1,40337,40337,0,2026-06-12 15:36:21,2026-06-12 15:36:21
2080,3,"[\""1\"",\""2\"",\""5\"",\""6\"",\""7\"",\""8\"",\""14\""]","[\""1\"",\""2\"",\""3\"",\""5\"",\""9\"",\""12\"",\""13\"",\""14\""]",1,40337,40337,0,2026-06-12 15:36:21,2026-06-12 15:36:21
2081,4,"[\""1\"",\""7\"",\""8\"",\""14\""]","[\""1\"",\""10\"",\""12\""]",1,40337,40337,0,2026-06-12 15:36:21,2026-06-12 15:36:21
2082,1,"[\""1\"",\""2\"",\""3\"",\""4\"",\""5\"",\""6\"",\""7\"",\""8\"",\""9\"",\""10\"",\""11\"",\""12\"",\""13\"",\""14\""]","[\""1\"",\""2\"",\""3\"",\""4\"",\""5\"",\""6\"",\""7\"",\""8\"",\""9\"",\""10\"",\""11\"",\""12\"",\""13\"",\""14\"",\""15\""]",1,40340,40340,0,2026-06-12 16:38:06,2026-06-12 16:38:06
2083,2,"[\""1\"",\""2\"",\""5\"",\""6\"",\""7\"",\""8\"",\""13\"",\""14\""]","[\""1\"",\""2\"",\""3\"",\""5\"",\""6\"",\""7\"",\""8\"",\""9\"",\""11\"",\""12\"",\""13\"",\""14\"",\""15\""]",1,40340,40340,0,2026-06-12 16:38:06,2026-06-12 16:38:06
2084,3,"[\""1\"",\""2\"",\""5\"",\""6\"",\""7\"",\""8\"",\""14\""]","[\""1\"",\""2\"",\""3\"",\""5\"",\""9\"",\""12\"",\""13\"",\""14\""]",1,40340,40340,0,2026-06-12 16:38:06,2026-06-12 16:38:06
2085,4,"[\""1\"",\""7\"",\""8\"",\""14\""]","[\""1\"",\""10\"",\""12\""]",1,40340,40340,0,2026-06-12 16:38:06,2026-06-12 16:38:06
2086,1,"[\""1\"",\""2\"",\""3\"",\""4\"",\""5\"",\""6\"",\""7\"",\""8\"",\""9\"",\""10\"",\""11\"",\""12\"",\""13\"",\""14\""]","[\""1\"",\""2\"",\""3\"",\""4\"",\""5\"",\""6\"",\""7\"",\""8\"",\""9\"",\""10\"",\""11\"",\""12\"",\""13\"",\""14\"",\""15\""]",1,40341,40341,0,2026-06-12 16:46:42,2026-06-12 16:46:42
2087,2,"[\""1\"",\""2\"",\""5\"",\""6\"",\""7\"",\""8\"",\""13\"",\""14\""]","[\""1\"",\""2\"",\""3\"",\""5\"",\""6\"",\""7\"",\""8\"",\""9\"",\""11\"",\""12\"",\""13\"",\""14\"",\""15\""]",1,40341,40341,0,2026-06-12 16:46:42,2026-06-12 16:46:42
2088,3,"[\""1\"",\""2\"",\""5\"",\""6\"",\""7\"",\""8\"",\""14\""]","[\""1\"",\""2\"",\""3\"",\""5\"",\""9\"",\""12\"",\""13\"",\""14\""]",1,40341,40341,0,2026-06-12 16:46:42,2026-06-12 16:46:42
2089,4,"[\""1\"",\""7\"",\""8\"",\""14\""]","[\""1\"",\""10\"",\""12\""]",1,40341,40341,0,2026-06-12 16:46:42,2026-06-12 16:46:42
2090,1,"[\""1\"",\""2\"",\""3\"",\""4\"",\""5\"",\""6\"",\""7\"",\""8\"",\""9\"",\""10\"",\""11\"",\""12\"",\""13\"",\""14\""]","[\""1\"",\""2\"",\""3\"",\""4\"",\""5\"",\""6\"",\""7\"",\""8\"",\""9\"",\""10\"",\""11\"",\""12\"",\""13\"",\""14\"",\""15\""]",1,40342,40342,0,2026-06-12 16:53:19,2026-06-12 16:53:19
2091,2,"[\""1\"",\""2\"",\""5\"",\""6\"",\""7\"",\""8\"",\""13\"",\""14\""]","[\""1\"",\""2\"",\""3\"",\""5\"",\""6\"",\""7\"",\""8\"",\""9\"",\""11\"",\""12\"",\""13\"",\""14\"",\""15\""]",1,40342,40342,0,2026-06-12 16:53:19,2026-06-12 16:53:19
2092,3,"[\""1\"",\""2\"",\""5\"",\""6\"",\""7\"",\""8\"",\""14\""]","[\""1\"",\""2\"",\""3\"",\""5\"",\""9\"",\""12\"",\""13\"",\""14\""]",1,40342,40342,0,2026-06-12 16:53:19,2026-06-12 16:53:19
2093,4,"[\""1\"",\""7\"",\""8\"",\""14\""]","[\""1\"",\""10\"",\""12\""]",1,40342,40342,0,2026-06-12 16:53:19,2026-06-12 16:53:19
2094,1,"[\""1\"",\""2\"",\""3\"",\""4\"",\""5\"",\""6\"",\""7\"",\""8\"",\""9\"",\""10\"",\""11\"",\""12\"",\""13\"",\""14\""]","[\""1\"",\""2\"",\""3\"",\""4\"",\""5\"",\""6\"",\""7\"",\""8\"",\""9\"",\""10\"",\""11\"",\""12\"",\""13\"",\""14\"",\""15\""]",1,40343,40343,0,2026-06-12 17:00:46,2026-06-12 17:00:46
2095,2,"[\""1\"",\""2\"",\""5\"",\""6\"",\""7\"",\""8\"",\""13\"",\""14\""]","[\""1\"",\""2\"",\""3\"",\""5\"",\""6\"",\""7\"",\""8\"",\""9\"",\""11\"",\""12\"",\""13\"",\""14\"",\""15\""]",1,40343,40343,0,2026-06-12 17:00:46,2026-06-12 17:00:46
2096,3,"[\""1\"",\""2\"",\""5\"",\""6\"",\""7\"",\""8\"",\""14\""]","[\""1\"",\""2\"",\""3\"",\""5\"",\""9\"",\""12\"",\""13\"",\""14\""]",1,40343,40343,0,2026-06-12 17:00:46,2026-06-12 17:00:46
2097,4,"[\""1\"",\""7\"",\""8\"",\""14\""]","[\""1\"",\""10\"",\""12\""]",1,40343,40343,0,2026-06-12 17:00:46,2026-06-12 17:00:46
2098,1,"[\""1\"",\""2\"",\""3\"",\""4\"",\""5\"",\""6\"",\""7\"",\""8\"",\""9\"",\""10\"",\""11\"",\""12\"",\""13\"",\""14\""]","[\""1\"",\""2\"",\""3\"",\""4\"",\""5\"",\""6\"",\""7\"",\""8\"",\""9\"",\""10\"",\""11\"",\""12\"",\""13\"",\""14\"",\""15\""]",1,40344,40344,0,2026-06-12 17:05:47,2026-06-12 17:05:47
2099,2,"[\""1\"",\""2\"",\""5\"",\""6\"",\""7\"",\""8\"",\""13\"",\""14\""]","[\""1\"",\""2\"",\""3\"",\""5\"",\""6\"",\""7\"",\""8\"",\""9\"",\""11\"",\""12\"",\""13\"",\""14\"",\""15\""]",1,40344,40344,0,2026-06-12 17:05:47,2026-06-12 17:05:47
2100,3,"[\""1\"",\""2\"",\""5\"",\""6\"",\""7\"",\""8\"",\""14\""]","[\""1\"",\""2\"",\""3\"",\""5\"",\""9\"",\""12\"",\""13\"",\""14\""]",1,40344,40344,0,2026-06-12 17:05:47,2026-06-12 17:05:47
2101,4,"[\""1\"",\""7\"",\""8\"",\""14\""]","[\""1\"",\""10\"",\""12\""]",1,40344,40344,0,2026-06-12 17:05:47,2026-06-12 17:05:47
2102,1,"[\""1\"",\""2\"",\""3\"",\""4\"",\""5\"",\""6\"",\""7\"",\""8\"",\""9\"",\""10\"",\""11\"",\""12\"",\""13\"",\""14\""]","[\""1\"",\""2\"",\""3\"",\""4\"",\""5\"",\""6\"",\""7\"",\""8\"",\""9\"",\""10\"",\""11\"",\""12\"",\""13\"",\""14\"",\""15\""]",1,40345,40345,0,2026-06-12 17:15:26,2026-06-12 17:15:26
2103,2,"[\""1\"",\""2\"",\""5\"",\""6\"",\""7\"",\""8\"",\""13\"",\""14\""]","[\""1\"",\""2\"",\""3\"",\""5\"",\""6\"",\""7\"",\""8\"",\""9\"",\""11\"",\""12\"",\""13\"",\""14\"",\""15\""]",1,40345,40345,0,2026-06-12 17:15:26,2026-06-12 17:15:26
2104,3,"[\""1\"",\""2\"",\""5\"",\""6\"",\""7\"",\""8\"",\""14\""]","[\""1\"",\""2\"",\""3\"",\""5\"",\""9\"",\""12\"",\""13\"",\""14\""]",1,40345,40345,0,2026-06-12 17:15:26,2026-06-12 17:15:26
2105,4,"[\""1\"",\""7\"",\""8\"",\""14\""]","[\""1\"",\""10\"",\""12\""]",1,40345,40345,0,2026-06-12 17:15:26,2026-06-12 17:15:26
2106,1,"[\""1\"",\""2\"",\""3\"",\""4\"",\""5\"",\""6\"",\""7\"",\""8\"",\""9\"",\""10\"",\""11\"",\""12\"",\""13\"",\""14\""]","[\""1\"",\""2\"",\""3\"",\""4\"",\""5\"",\""6\"",\""7\"",\""8\"",\""9\"",\""10\"",\""11\"",\""12\"",\""13\"",\""14\"",\""15\""]",1,40347,40347,0,2026-06-12 18:27:53,2026-06-12 18:27:53
2107,2,"[\""1\"",\""2\"",\""5\"",\""6\"",\""7\"",\""8\"",\""13\"",\""14\""]","[\""1\"",\""2\"",\""3\"",\""5\"",\""6\"",\""7\"",\""8\"",\""9\"",\""11\"",\""12\"",\""13\"",\""14\"",\""15\""]",1,40347,40347,0,2026-06-12 18:27:53,2026-06-12 18:27:53
2108,3,"[\""1\"",\""2\"",\""5\"",\""6\"",\""7\"",\""8\"",\""14\""]","[\""1\"",\""2\"",\""3\"",\""5\"",\""9\"",\""12\"",\""13\"",\""14\""]",1,40347,40347,0,2026-06-12 18:27:53,2026-06-12 18:27:53
2109,4,"[\""1\"",\""7\"",\""8\"",\""14\""]","[\""1\"",\""10\"",\""12\""]",1,40347,40347,0,2026-06-12 18:27:53,2026-06-12 18:27:53
2110,1,"[\""1\"",\""2\"",\""3\"",\""4\"",\""5\"",\""6\"",\""7\"",\""8\"",\""9\"",\""10\"",\""11\"",\""12\"",\""13\"",\""14\""]","[\""1\"",\""2\"",\""3\"",\""4\"",\""5\"",\""6\"",\""7\"",\""8\"",\""9\"",\""10\"",\""11\"",\""12\"",\""13\"",\""14\"",\""15\""]",1,40348,40348,0,2026-06-12 18:33:39,2026-06-12 18:33:39
2111,2,"[\""1\"",\""2\"",\""5\"",\""6\"",\""7\"",\""8\"",\""13\"",\""14\""]","[\""1\"",\""2\"",\""3\"",\""5\"",\""6\"",\""7\"",\""8\"",\""9\"",\""11\"",\""12\"",\""13\"",\""14\"",\""15\""]",1,40348,40348,0,2026-06-12 18:33:39,2026-06-12 18:33:39
2112,3,"[\""1\"",\""2\"",\""5\"",\""6\"",\""7\"",\""8\"",\""14\""]","[\""1\"",\""2\"",\""3\"",\""5\"",\""9\"",\""12\"",\""13\"",\""14\""]",1,40348,40348,0,2026-06-12 18:33:39,2026-06-12 18:33:39
2113,4,"[\""1\"",\""7\"",\""8\"",\""14\""]","[\""1\"",\""10\"",\""12\""]",1,40348,40348,0,2026-06-12 18:33:39,2026-06-12 18:33:39
2114,1,"[\""1\"",\""2\"",\""3\"",\""4\"",\""5\"",\""6\"",\""7\"",\""8\"",\""9\"",\""10\"",\""11\"",\""12\"",\""13\"",\""14\""]","[\""1\"",\""2\"",\""3\"",\""4\"",\""5\"",\""6\"",\""7\"",\""8\"",\""9\"",\""10\"",\""11\"",\""12\"",\""13\"",\""14\"",\""15\""]",1,40350,40350,0,2026-06-13 03:21:58,2026-06-13 03:21:58
2115,2,"[\""1\"",\""2\"",\""5\"",\""6\"",\""7\"",\""8\"",\""13\"",\""14\""]","[\""1\"",\""2\"",\""3\"",\""5\"",\""6\"",\""7\"",\""8\"",\""9\"",\""11\"",\""12\"",\""13\"",\""14\"",\""15\""]",1,40350,40350,0,2026-06-13 03:21:58,2026-06-13 03:21:58
2116,3,"[\""1\"",\""2\"",\""5\"",\""6\"",\""7\"",\""8\"",\""14\""]","[\""1\"",\""2\"",\""3\"",\""5\"",\""9\"",\""12\"",\""13\"",\""14\""]",1,40350,40350,0,2026-06-13 03:21:58,2026-06-13 03:21:58
2117,4,"[\""1\"",\""7\"",\""8\"",\""14\""]","[\""1\"",\""10\"",\""12\""]",1,40350,40350,0,2026-06-13 03:21:58,2026-06-13 03:21:58
2118,1,"[\""1\"",\""2\"",\""3\"",\""4\"",\""5\"",\""6\"",\""7\"",\""8\"",\""9\"",\""10\"",\""11\"",\""12\"",\""13\"",\""14\""]","[\""1\"",\""2\"",\""3\"",\""4\"",\""5\"",\""6\"",\""7\"",\""8\"",\""9\"",\""10\"",\""11\"",\""12\"",\""13\"",\""14\"",\""15\""]",1,40351,40351,0,2026-06-13 11:05:49,2026-06-13 11:05:49
2119,2,"[\""1\"",\""2\"",\""5\"",\""6\"",\""7\"",\""8\"",\""13\"",\""14\""]","[\""1\"",\""2\"",\""3\"",\""5\"",\""6\"",\""7\"",\""8\"",\""9\"",\""11\"",\""12\"",\""13\"",\""14\"",\""15\""]",1,40351,40351,0,2026-06-13 11:05:49,2026-06-13 11:05:49
2120,3,"[\""1\"",\""2\"",\""5\"",\""6\"",\""7\"",\""8\"",\""14\""]","[\""1\"",\""2\"",\""3\"",\""5\"",\""9\"",\""12\"",\""13\"",\""14\""]",1,40351,40351,0,2026-06-13 11:05:49,2026-06-13 11:05:49
2121,4,"[\""1\"",\""7\"",\""8\"",\""14\""]","[\""1\"",\""10\"",\""12\""]",1,40351,40351,0,2026-06-13 11:05:49,2026-06-13 11:05:49
2122,1,"[\""1\"",\""2\"",\""3\"",\""4\"",\""5\"",\""6\"",\""7\"",\""8\"",\""9\"",\""10\"",\""11\"",\""12\"",\""13\"",\""14\""]","[\""1\"",\""2\"",\""3\"",\""4\"",\""5\"",\""6\"",\""7\"",\""8\"",\""9\"",\""10\"",\""11\"",\""12\"",\""13\"",\""14\"",\""15\""]",1,40352,40352,0,2026-06-13 11:37:25,2026-06-13 11:37:25
2123,2,"[\""1\"",\""2\"",\""5\"",\""6\"",\""7\"",\""8\"",\""13\"",\""14\""]","[\""1\"",\""2\"",\""3\"",\""5\"",\""6\"",\""7\"",\""8\"",\""9\"",\""11\"",\""12\"",\""13\"",\""14\"",\""15\""]",1,40352,40352,0,2026-06-13 11:37:25,2026-06-13 11:37:25
2124,3,"[\""1\"",\""2\"",\""5\"",\""6\"",\""7\"",\""8\"",\""14\""]","[\""1\"",\""2\"",\""3\"",\""5\"",\""9\"",\""12\"",\""13\"",\""14\""]",1,40352,40352,0,2026-06-13 11:37:25,2026-06-13 11:37:25
2125,4,"[\""1\"",\""7\"",\""8\"",\""14\""]","[\""1\"",\""10\"",\""12\""]",1,40352,40352,0,2026-06-13 11:37:25,2026-06-13 11:37:25
2126,1,"[\""1\"",\""2\"",\""3\"",\""4\"",\""5\"",\""6\"",\""7\"",\""8\"",\""9\"",\""10\"",\""11\"",\""12\"",\""13\"",\""14\""]","[\""1\"",\""2\"",\""3\"",\""4\"",\""5\"",\""6\"",\""7\"",\""8\"",\""9\"",\""10\"",\""11\"",\""12\"",\""13\"",\""14\"",\""15\""]",1,40353,40353,0,2026-06-13 12:01:36,2026-06-13 12:01:36
2127,2,"[\""1\"",\""2\"",\""5\"",\""6\"",\""7\"",\""8\"",\""13\"",\""14\""]","[\""1\"",\""2\"",\""3\"",\""5\"",\""6\"",\""7\"",\""8\"",\""9\"",\""11\"",\""12\"",\""13\"",\""14\"",\""15\""]",1,40353,40353,0,2026-06-13 12:01:36,2026-06-13 12:01:36
2128,3,"[\""1\"",\""2\"",\""5\"",\""6\"",\""7\"",\""8\"",\""14\""]","[\""1\"",\""2\"",\""3\"",\""5\"",\""9\"",\""12\"",\""13\"",\""14\""]",1,40353,40353,0,2026-06-13 12:01:36,2026-06-13 12:01:36
2129,4,"[\""1\"",\""7\"",\""8\"",\""14\""]","[\""1\"",\""10\"",\""12\""]",1,40353,40353,0,2026-06-13 12:01:36,2026-06-13 12:01:36
2130,1,"[\""1\"",\""2\"",\""3\"",\""4\"",\""5\"",\""6\"",\""7\"",\""8\"",\""9\"",\""10\"",\""11\"",\""12\"",\""13\"",\""14\""]","[\""1\"",\""2\"",\""3\"",\""4\"",\""5\"",\""6\"",\""7\"",\""8\"",\""9\"",\""10\"",\""11\"",\""12\"",\""13\"",\""14\"",\""15\""]",1,40354,40354,0,2026-06-13 12:03:15,2026-06-13 12:03:15
2131,2,"[\""1\"",\""2\"",\""5\"",\""6\"",\""7\"",\""8\"",\""13\"",\""14\""]","[\""1\"",\""2\"",\""3\"",\""5\"",\""6\"",\""7\"",\""8\"",\""9\"",\""11\"",\""12\"",\""13\"",\""14\"",\""15\""]",1,40354,40354,0,2026-06-13 12:03:15,2026-06-13 12:03:15
2132,3,"[\""1\"",\""2\"",\""5\"",\""6\"",\""7\"",\""8\"",\""14\""]","[\""1\"",\""2\"",\""3\"",\""5\"",\""9\"",\""12\"",\""13\"",\""14\""]",1,40354,40354,0,2026-06-13 12:03:15,2026-06-13 12:03:15
2133,4,"[\""1\"",\""7\"",\""8\"",\""14\""]","[\""1\"",\""10\"",\""12\""]",1,40354,40354,0,2026-06-13 12:03:15,2026-06-13 12:03:15
2134,1,"[\""1\"",\""2\"",\""3\"",\""4\"",\""5\"",\""6\"",\""7\"",\""8\"",\""9\"",\""10\"",\""11\"",\""12\"",\""13\"",\""14\""]","[\""1\"",\""2\"",\""3\"",\""4\"",\""5\"",\""6\"",\""7\"",\""8\"",\""9\"",\""10\"",\""11\"",\""12\"",\""13\"",\""14\"",\""15\""]",1,40355,40355,0,2026-06-13 12:43:15,2026-06-13 12:43:15
2135,2,"[\""1\"",\""2\"",\""5\"",\""6\"",\""7\"",\""8\"",\""13\"",\""14\""]","[\""1\"",\""2\"",\""3\"",\""5\"",\""6\"",\""7\"",\""8\"",\""9\"",\""11\"",\""12\"",\""13\"",\""14\"",\""15\""]",1,40355,40355,0,2026-06-13 12:43:15,2026-06-13 12:43:15
2136,3,"[\""1\"",\""2\"",\""5\"",\""6\"",\""7\"",\""8\"",\""14\""]","[\""1\"",\""2\"",\""3\"",\""5\"",\""9\"",\""12\"",\""13\"",\""14\""]",1,40355,40355,0,2026-06-13 12:43:15,2026-06-13 12:43:15
2137,4,"[\""1\"",\""7\"",\""8\"",\""14\""]","[\""1\"",\""10\"",\""12\""]",1,40355,40355,0,2026-06-13 12:43:15,2026-06-13 12:43:15
2138,1,"[\""1\"",\""2\"",\""3\"",\""4\"",\""5\"",\""6\"",\""7\"",\""8\"",\""9\"",\""10\"",\""11\"",\""12\"",\""13\"",\""14\""]","[\""1\"",\""2\"",\""3\"",\""4\"",\""5\"",\""6\"",\""7\"",\""8\"",\""9\"",\""10\"",\""11\"",\""12\"",\""13\"",\""14\"",\""15\""]",1,40357,40357,0,2026-06-13 16:07:19,2026-06-13 16:07:19
2139,2,"[\""1\"",\""2\"",\""5\"",\""6\"",\""7\"",\""8\"",\""13\"",\""14\""]","[\""1\"",\""2\"",\""3\"",\""5\"",\""6\"",\""7\"",\""8\"",\""9\"",\""11\"",\""12\"",\""13\"",\""14\"",\""15\""]",1,40357,40357,0,2026-06-13 16:07:19,2026-06-13 16:07:19
2140,3,"[\""1\"",\""2\"",\""5\"",\""6\"",\""7\"",\""8\"",\""14\""]","[\""1\"",\""2\"",\""3\"",\""5\"",\""9\"",\""12\"",\""13\"",\""14\""]",1,40357,40357,0,2026-06-13 16:07:19,2026-06-13 16:07:19
2141,4,"[\""1\"",\""7\"",\""8\"",\""14\""]","[\""1\"",\""10\"",\""12\""]",1,40357,40357,0,2026-06-13 16:07:19,2026-06-13 16:07:19
2142,1,"[\""1\"",\""2\"",\""3\"",\""4\"",\""5\"",\""6\"",\""7\"",\""8\"",\""9\"",\""10\"",\""11\"",\""12\"",\""13\"",\""14\""]","[\""1\"",\""2\"",\""3\"",\""4\"",\""5\"",\""6\"",\""7\"",\""8\"",\""9\"",\""10\"",\""11\"",\""12\"",\""13\"",\""14\"",\""15\""]",1,40360,40360,0,2026-06-13 16:24:47,2026-06-13 16:24:47
2143,2,"[\""1\"",\""2\"",\""5\"",\""6\"",\""7\"",\""8\"",\""13\"",\""14\""]","[\""1\"",\""2\"",\""3\"",\""5\"",\""6\"",\""7\"",\""8\"",\""9\"",\""11\"",\""12\"",\""13\"",\""14\"",\""15\""]",1,40360,40360,0,2026-06-13 16:24:47,2026-06-13 16:24:47
2144,3,"[\""1\"",\""2\"",\""5\"",\""6\"",\""7\"",\""8\"",\""14\""]","[\""1\"",\""2\"",\""3\"",\""5\"",\""9\"",\""12\"",\""13\"",\""14\""]",1,40360,40360,0,2026-06-13 16:24:47,2026-06-13 16:24:47
2145,4,"[\""1\"",\""7\"",\""8\"",\""14\""]","[\""1\"",\""10\"",\""12\""]",1,40360,40360,0,2026-06-13 16:24:47,2026-06-13 16:24:47
2146,1,"[\""1\"",\""2\"",\""3\"",\""4\"",\""5\"",\""6\"",\""7\"",\""8\"",\""9\"",\""10\"",\""11\"",\""12\"",\""13\"",\""14\""]","[\""1\"",\""2\"",\""3\"",\""4\"",\""5\"",\""6\"",\""7\"",\""8\"",\""9\"",\""10\"",\""11\"",\""12\"",\""13\"",\""14\"",\""15\""]",1,40361,40361,0,2026-06-13 18:09:18,2026-06-13 18:09:18
2147,2,"[\""1\"",\""2\"",\""5\"",\""6\"",\""7\"",\""8\"",\""13\"",\""14\""]","[\""1\"",\""2\"",\""3\"",\""5\"",\""6\"",\""7\"",\""8\"",\""9\"",\""11\"",\""12\"",\""13\"",\""14\"",\""15\""]",1,40361,40361,0,2026-06-13 18:09:18,2026-06-13 18:09:18
2148,3,"[\""1\"",\""2\"",\""5\"",\""6\"",\""7\"",\""8\"",\""14\""]","[\""1\"",\""2\"",\""3\"",\""5\"",\""9\"",\""12\"",\""13\"",\""14\""]",1,40361,40361,0,2026-06-13 18:09:18,2026-06-13 18:09:18
2149,4,"[\""1\"",\""7\"",\""8\"",\""14\""]","[\""1\"",\""10\"",\""12\""]",1,40361,40361,0,2026-06-13 18:09:18,2026-06-13 18:09:18
2150,1,"[\""1\"",\""2\"",\""3\"",\""4\"",\""5\"",\""6\"",\""7\"",\""8\"",\""9\"",\""10\"",\""11\"",\""12\"",\""13\"",\""14\""]","[\""1\"",\""2\"",\""3\"",\""4\"",\""5\"",\""6\"",\""7\"",\""8\"",\""9\"",\""10\"",\""11\"",\""12\"",\""13\"",\""14\"",\""15\""]",1,40362,40362,0,2026-06-15 11:51:05,2026-06-15 11:51:05
2151,2,"[\""1\"",\""2\"",\""5\"",\""6\"",\""7\"",\""8\"",\""13\"",\""14\""]","[\""1\"",\""2\"",\""3\"",\""5\"",\""6\"",\""7\"",\""8\"",\""9\"",\""11\"",\""12\"",\""13\"",\""14\"",\""15\""]",1,40362,40362,0,2026-06-15 11:51:05,2026-06-15 11:51:05
2152,3,"[\""1\"",\""2\"",\""5\"",\""6\"",\""7\"",\""8\"",\""14\""]","[\""1\"",\""2\"",\""3\"",\""5\"",\""9\"",\""12\"",\""13\"",\""14\""]",1,40362,40362,0,2026-06-15 11:51:05,2026-06-15 11:51:05
2153,4,"[\""1\"",\""7\"",\""8\"",\""14\""]","[\""1\"",\""10\"",\""12\""]",1,40362,40362,0,2026-06-15 11:51:05,2026-06-15 11:51:05
2154,1,"[\""1\"",\""2\"",\""3\"",\""4\"",\""5\"",\""6\"",\""7\"",\""8\"",\""9\"",\""10\"",\""11\"",\""12\"",\""13\"",\""14\""]","[\""1\"",\""2\"",\""3\"",\""4\"",\""5\"",\""6\"",\""7\"",\""8\"",\""9\"",\""10\"",\""11\"",\""12\"",\""13\"",\""14\"",\""15\""]",1,40364,40364,0,2026-06-15 14:56:32,2026-06-15 14:56:32
2155,2,"[\""1\"",\""2\"",\""5\"",\""6\"",\""7\"",\""8\"",\""13\"",\""14\""]","[\""1\"",\""2\"",\""3\"",\""5\"",\""6\"",\""7\"",\""8\"",\""9\"",\""11\"",\""12\"",\""13\"",\""14\"",\""15\""]",1,40364,40364,0,2026-06-15 14:56:32,2026-06-15 14:56:32
2156,3,"[\""1\"",\""2\"",\""5\"",\""6\"",\""7\"",\""8\"",\""14\""]","[\""1\"",\""2\"",\""3\"",\""5\"",\""9\"",\""12\"",\""13\"",\""14\""]",1,40364,40364,0,2026-06-15 14:56:32,2026-06-15 14:56:32
2157,4,"[\""1\"",\""7\"",\""8\"",\""14\""]","[\""1\"",\""10\"",\""12\""]",1,40364,40364,0,2026-06-15 14:56:32,2026-06-15 14:56:32
2158,1,"[\""1\"",\""2\"",\""3\"",\""4\"",\""5\"",\""6\"",\""7\"",\""8\"",\""9\"",\""10\"",\""11\"",\""12\"",\""13\"",\""14\""]","[\""1\"",\""2\"",\""3\"",\""4\"",\""5\"",\""6\"",\""7\"",\""8\"",\""9\"",\""10\"",\""11\"",\""12\"",\""13\"",\""14\"",\""15\""]",1,40365,40365,0,2026-06-15 14:58:49,2026-06-15 14:58:49
2159,2,"[\""1\"",\""2\"",\""5\"",\""6\"",\""7\"",\""8\"",\""13\"",\""14\""]","[\""1\"",\""2\"",\""3\"",\""5\"",\""6\"",\""7\"",\""8\"",\""9\"",\""11\"",\""12\"",\""13\"",\""14\"",\""15\""]",1,40365,40365,0,2026-06-15 14:58:49,2026-06-15 14:58:49
2160,3,"[\""1\"",\""2\"",\""5\"",\""6\"",\""7\"",\""8\"",\""14\""]","[\""1\"",\""2\"",\""3\"",\""5\"",\""9\"",\""12\"",\""13\"",\""14\""]",1,40365,40365,0,2026-06-15 14:58:49,2026-06-15 14:58:49
2161,4,"[\""1\"",\""7\"",\""8\"",\""14\""]","[\""1\"",\""10\"",\""12\""]",1,40365,40365,0,2026-06-15 14:58:49,2026-06-15 14:58:49
2162,1,"[\""1\"",\""2\"",\""3\"",\""4\"",\""5\"",\""6\"",\""7\"",\""8\"",\""9\"",\""10\"",\""11\"",\""12\"",\""13\"",\""14\""]","[\""1\"",\""2\"",\""3\"",\""4\"",\""5\"",\""6\"",\""7\"",\""8\"",\""9\"",\""10\"",\""11\"",\""12\"",\""13\"",\""14\"",\""15\""]",1,40366,40366,0,2026-06-15 15:01:56,2026-06-15 15:01:56
2163,2,"[\""1\"",\""2\"",\""5\"",\""6\"",\""7\"",\""8\"",\""13\"",\""14\""]","[\""1\"",\""2\"",\""3\"",\""5\"",\""6\"",\""7\"",\""8\"",\""9\"",\""11\"",\""12\"",\""13\"",\""14\"",\""15\""]",1,40366,40366,0,2026-06-15 15:01:56,2026-06-15 15:01:56
2164,3,"[\""1\"",\""2\"",\""5\"",\""6\"",\""7\"",\""8\"",\""14\""]","[\""1\"",\""2\"",\""3\"",\""5\"",\""9\"",\""12\"",\""13\"",\""14\""]",1,40366,40366,0,2026-06-15 15:01:56,2026-06-15 15:01:56
2165,4,"[\""1\"",\""7\"",\""8\"",\""14\""]","[\""1\"",\""10\"",\""12\""]",1,40366,40366,0,2026-06-15 15:01:56,2026-06-15 15:01:56
2166,1,"[\""1\"",\""2\"",\""3\"",\""4\"",\""5\"",\""6\"",\""7\"",\""8\"",\""9\"",\""10\"",\""11\"",\""12\"",\""13\"",\""14\""]","[\""1\"",\""2\"",\""3\"",\""4\"",\""5\"",\""6\"",\""7\"",\""8\"",\""9\"",\""10\"",\""11\"",\""12\"",\""13\"",\""14\"",\""15\""]",1,40367,40367,0,2026-06-15 15:11:35,2026-06-15 15:11:35
2167,2,"[\""1\"",\""2\"",\""5\"",\""6\"",\""7\"",\""8\"",\""13\"",\""14\""]","[\""1\"",\""2\"",\""3\"",\""5\"",\""6\"",\""7\"",\""8\"",\""9\"",\""11\"",\""12\"",\""13\"",\""14\"",\""15\""]",1,40367,40367,0,2026-06-15 15:11:35,2026-06-15 15:11:35
2168,3,"[\""1\"",\""2\"",\""5\"",\""6\"",\""7\"",\""8\"",\""14\""]","[\""1\"",\""2\"",\""3\"",\""5\"",\""9\"",\""12\"",\""13\"",\""14\""]",1,40367,40367,0,2026-06-15 15:11:35,2026-06-15 15:11:35
2169,4,"[\""1\"",\""7\"",\""8\"",\""14\""]","[\""1\"",\""10\"",\""12\""]",1,40367,40367,0,2026-06-15 15:11:35,2026-06-15 15:11:35
2170,1,"[\""1\"",\""2\"",\""3\"",\""4\"",\""5\"",\""6\"",\""7\"",\""8\"",\""9\"",\""10\"",\""11\"",\""12\"",\""13\"",\""14\""]","[\""1\"",\""2\"",\""3\"",\""4\"",\""5\"",\""6\"",\""7\"",\""8\"",\""9\"",\""10\"",\""11\"",\""12\"",\""13\"",\""14\"",\""15\""]",1,40368,40368,0,2026-06-15 15:15:40,2026-06-15 15:15:40
2171,2,"[\""1\"",\""2\"",\""5\"",\""6\"",\""7\"",\""8\"",\""13\"",\""14\""]","[\""1\"",\""2\"",\""3\"",\""5\"",\""6\"",\""7\"",\""8\"",\""9\"",\""11\"",\""12\"",\""13\"",\""14\"",\""15\""]",1,40368,40368,0,2026-06-15 15:15:40,2026-06-15 15:15:40
2172,3,"[\""1\"",\""2\"",\""5\"",\""6\"",\""7\"",\""8\"",\""14\""]","[\""1\"",\""2\"",\""3\"",\""5\"",\""9\"",\""12\"",\""13\"",\""14\""]",1,40368,40368,0,2026-06-15 15:15:40,2026-06-15 15:15:40
2173,4,"[\""1\"",\""7\"",\""8\"",\""14\""]","[\""1\"",\""10\"",\""12\""]",1,40368,40368,0,2026-06-15 15:15:40,2026-06-15 15:15:40
2174,1,"[\""1\"",\""2\"",\""3\"",\""4\"",\""5\"",\""6\"",\""7\"",\""8\"",\""9\"",\""10\"",\""11\"",\""12\"",\""13\"",\""14\""]","[\""1\"",\""2\"",\""3\"",\""4\"",\""5\"",\""6\"",\""7\"",\""8\"",\""9\"",\""10\"",\""11\"",\""12\"",\""13\"",\""14\"",\""15\""]",1,40369,40369,0,2026-06-15 17:06:23,2026-06-15 17:06:23
2175,2,"[\""1\"",\""2\"",\""5\"",\""6\"",\""7\"",\""8\"",\""13\"",\""14\""]","[\""1\"",\""2\"",\""3\"",\""5\"",\""6\"",\""7\"",\""8\"",\""9\"",\""11\"",\""12\"",\""13\"",\""14\"",\""15\""]",1,40369,40369,0,2026-06-15 17:06:23,2026-06-15 17:06:23
2176,3,"[\""1\"",\""2\"",\""5\"",\""6\"",\""7\"",\""8\"",\""14\""]","[\""1\"",\""2\"",\""3\"",\""5\"",\""9\"",\""12\"",\""13\"",\""14\""]",1,40369,40369,0,2026-06-15 17:06:23,2026-06-15 17:06:23
2177,4,"[\""1\"",\""7\"",\""8\"",\""14\""]","[\""1\"",\""10\"",\""12\""]",1,40369,40369,0,2026-06-15 17:06:23,2026-06-15 17:06:23
2178,1,"[\""1\"",\""2\"",\""3\"",\""4\"",\""5\"",\""6\"",\""7\"",\""8\"",\""9\"",\""10\"",\""11\"",\""12\"",\""13\"",\""14\""]","[\""1\"",\""2\"",\""3\"",\""4\"",\""5\"",\""6\"",\""7\"",\""8\"",\""9\"",\""10\"",\""11\"",\""12\"",\""13\"",\""14\"",\""15\""]",1,40370,40370,0,2026-06-15 17:09:00,2026-06-15 17:09:00
2179,2,"[\""1\"",\""2\"",\""5\"",\""6\"",\""7\"",\""8\"",\""13\"",\""14\""]","[\""1\"",\""2\"",\""3\"",\""5\"",\""6\"",\""7\"",\""8\"",\""9\"",\""11\"",\""12\"",\""13\"",\""14\"",\""15\""]",1,40370,40370,0,2026-06-15 17:09:00,2026-06-15 17:09:00
2180,3,"[\""1\"",\""2\"",\""5\"",\""6\"",\""7\"",\""8\"",\""14\""]","[\""1\"",\""2\"",\""3\"",\""5\"",\""9\"",\""12\"",\""13\"",\""14\""]",1,40370,40370,0,2026-06-15 17:09:00,2026-06-15 17:09:00
2181,4,"[\""1\"",\""7\"",\""8\"",\""14\""]","[\""1\"",\""10\"",\""12\""]",1,40370,40370,0,2026-06-15 17:09:00,2026-06-15 17:09:00
2182,1,"[\""1\"",\""2\"",\""3\"",\""4\"",\""5\"",\""6\"",\""7\"",\""8\"",\""9\"",\""10\"",\""11\"",\""12\"",\""13\"",\""14\""]","[\""1\"",\""2\"",\""3\"",\""4\"",\""5\"",\""6\"",\""7\"",\""8\"",\""9\"",\""10\"",\""11\"",\""12\"",\""13\"",\""14\"",\""15\""]",1,40371,40371,0,2026-06-15 17:12:57,2026-06-15 17:12:57
2183,2,"[\""1\"",\""2\"",\""5\"",\""6\"",\""7\"",\""8\"",\""13\"",\""14\""]","[\""1\"",\""2\"",\""3\"",\""5\"",\""6\"",\""7\"",\""8\"",\""9\"",\""11\"",\""12\"",\""13\"",\""14\"",\""15\""]",1,40371,40371,0,2026-06-15 17:12:57,2026-06-15 17:12:57
2184,3,"[\""1\"",\""2\"",\""5\"",\""6\"",\""7\"",\""8\"",\""14\""]","[\""1\"",\""2\"",\""3\"",\""5\"",\""9\"",\""12\"",\""13\"",\""14\""]",1,40371,40371,0,2026-06-15 17:12:57,2026-06-15 17:12:57
2185,4,"[\""1\"",\""7\"",\""8\"",\""14\""]","[\""1\"",\""10\"",\""12\""]",1,40371,40371,0,2026-06-15 17:12:57,2026-06-15 17:12:57
2186,1,"[\""1\"",\""2\"",\""3\"",\""4\"",\""5\"",\""6\"",\""7\"",\""8\"",\""9\"",\""10\"",\""11\"",\""12\"",\""13\"",\""14\""]","[\""1\"",\""2\"",\""3\"",\""4\"",\""5\"",\""6\"",\""7\"",\""8\"",\""9\"",\""10\"",\""11\"",\""12\"",\""13\"",\""14\"",\""15\""]",1,40372,40372,0,2026-06-15 17:14:41,2026-06-15 17:14:41
2187,2,"[\""1\"",\""2\"",\""5\"",\""6\"",\""7\"",\""8\"",\""13\"",\""14\""]","[\""1\"",\""2\"",\""3\"",\""5\"",\""6\"",\""7\"",\""8\"",\""9\"",\""11\"",\""12\"",\""13\"",\""14\"",\""15\""]",1,40372,40372,0,2026-06-15 17:14:41,2026-06-15 17:14:41
2188,3,"[\""1\"",\""2\"",\""5\"",\""6\"",\""7\"",\""8\"",\""14\""]","[\""1\"",\""2\"",\""3\"",\""5\"",\""9\"",\""12\"",\""13\"",\""14\""]",1,40372,40372,0,2026-06-15 17:14:41,2026-06-15 17:14:41
2189,4,"[\""1\"",\""7\"",\""8\"",\""14\""]","[\""1\"",\""10\"",\""12\""]",1,40372,40372,0,2026-06-15 17:14:41,2026-06-15 17:14:41
2190,1,"[\""1\"",\""2\"",\""3\"",\""4\"",\""5\"",\""6\"",\""7\"",\""8\"",\""9\"",\""10\"",\""11\"",\""12\"",\""13\"",\""14\""]","[\""1\"",\""2\"",\""3\"",\""4\"",\""5\"",\""6\"",\""7\"",\""8\"",\""9\"",\""10\"",\""11\"",\""12\"",\""13\"",\""14\"",\""15\""]",1,40373,40373,0,2026-06-15 17:16:46,2026-06-15 17:16:46
2191,2,"[\""1\"",\""2\"",\""5\"",\""6\"",\""7\"",\""8\"",\""13\"",\""14\""]","[\""1\"",\""2\"",\""3\"",\""5\"",\""6\"",\""7\"",\""8\"",\""9\"",\""11\"",\""12\"",\""13\"",\""14\"",\""15\""]",1,40373,40373,0,2026-06-15 17:16:46,2026-06-15 17:16:46
2192,3,"[\""1\"",\""2\"",\""5\"",\""6\"",\""7\"",\""8\"",\""14\""]","[\""1\"",\""2\"",\""3\"",\""5\"",\""9\"",\""12\"",\""13\"",\""14\""]",1,40373,40373,0,2026-06-15 17:16:46,2026-06-15 17:16:46
2193,4,"[\""1\"",\""7\"",\""8\"",\""14\""]","[\""1\"",\""10\"",\""12\""]",1,40373,40373,0,2026-06-15 17:16:46,2026-06-15 17:16:46
2194,1,"[\""1\"",\""2\"",\""3\"",\""4\"",\""5\"",\""6\"",\""7\"",\""8\"",\""9\"",\""10\"",\""11\"",\""12\"",\""13\"",\""14\""]","[\""1\"",\""2\"",\""3\"",\""4\"",\""5\"",\""6\"",\""7\"",\""8\"",\""9\"",\""10\"",\""11\"",\""12\"",\""13\"",\""14\"",\""15\""]",1,40374,40374,0,2026-06-15 17:19:54,2026-06-15 17:19:54
2195,2,"[\""1\"",\""2\"",\""5\"",\""6\"",\""7\"",\""8\"",\""13\"",\""14\""]","[\""1\"",\""2\"",\""3\"",\""5\"",\""6\"",\""7\"",\""8\"",\""9\"",\""11\"",\""12\"",\""13\"",\""14\"",\""15\""]",1,40374,40374,0,2026-06-15 17:19:54,2026-06-15 17:19:54
2196,3,"[\""1\"",\""2\"",\""5\"",\""6\"",\""7\"",\""8\"",\""14\""]","[\""1\"",\""2\"",\""3\"",\""5\"",\""9\"",\""12\"",\""13\"",\""14\""]",1,40374,40374,0,2026-06-15 17:19:54,2026-06-15 17:19:54
2197,4,"[\""1\"",\""7\"",\""8\"",\""14\""]","[\""1\"",\""10\"",\""12\""]",1,40374,40374,0,2026-06-15 17:19:54,2026-06-15 17:19:54
2198,1,"[\""1\"",\""2\"",\""3\"",\""4\"",\""5\"",\""6\"",\""7\"",\""8\"",\""9\"",\""10\"",\""11\"",\""12\"",\""13\"",\""14\""]","[\""1\"",\""2\"",\""3\"",\""4\"",\""5\"",\""6\"",\""7\"",\""8\"",\""9\"",\""10\"",\""11\"",\""12\"",\""13\"",\""14\"",\""15\""]",1,40375,40375,0,2026-06-15 17:37:22,2026-06-15 17:37:22
2199,2,"[\""1\"",\""2\"",\""5\"",\""6\"",\""7\"",\""8\"",\""13\"",\""14\""]","[\""1\"",\""2\"",\""3\"",\""5\"",\""6\"",\""7\"",\""8\"",\""9\"",\""11\"",\""12\"",\""13\"",\""14\"",\""15\""]",1,40375,40375,0,2026-06-15 17:37:22,2026-06-15 17:37:22
2200,3,"[\""1\"",\""2\"",\""5\"",\""6\"",\""7\"",\""8\"",\""14\""]","[\""1\"",\""2\"",\""3\"",\""5\"",\""9\"",\""12\"",\""13\"",\""14\""]",1,40375,40375,0,2026-06-15 17:37:22,2026-06-15 17:37:22
2201,4,"[\""1\"",\""7\"",\""8\"",\""14\""]","[\""1\"",\""10\"",\""12\""]",1,40375,40375,0,2026-06-15 17:37:22,2026-06-15 17:37:22
2202,1,"[\""1\"",\""2\"",\""3\"",\""4\"",\""5\"",\""6\"",\""7\"",\""8\"",\""9\"",\""10\"",\""11\"",\""12\"",\""13\"",\""14\""]","[\""1\"",\""2\"",\""3\"",\""4\"",\""5\"",\""6\"",\""7\"",\""8\"",\""9\"",\""10\"",\""11\"",\""12\"",\""13\"",\""14\"",\""15\""]",1,40376,40376,0,2026-06-15 17:37:50,2026-06-15 17:37:50
2203,2,"[\""1\"",\""2\"",\""5\"",\""6\"",\""7\"",\""8\"",\""13\"",\""14\""]","[\""1\"",\""2\"",\""3\"",\""5\"",\""6\"",\""7\"",\""8\"",\""9\"",\""11\"",\""12\"",\""13\"",\""14\"",\""15\""]",1,40376,40376,0,2026-06-15 17:37:50,2026-06-15 17:37:50
2204,3,"[\""1\"",\""2\"",\""5\"",\""6\"",\""7\"",\""8\"",\""14\""]","[\""1\"",\""2\"",\""3\"",\""5\"",\""9\"",\""12\"",\""13\"",\""14\""]",1,40376,40376,0,2026-06-15 17:37:50,2026-06-15 17:37:50
2205,4,"[\""1\"",\""7\"",\""8\"",\""14\""]","[\""1\"",\""10\"",\""12\""]",1,40376,40376,0,2026-06-15 17:37:50,2026-06-15 17:37:50
2206,1,"[\""1\"",\""2\"",\""3\"",\""4\"",\""5\"",\""6\"",\""7\"",\""8\"",\""9\"",\""10\"",\""11\"",\""12\"",\""13\"",\""14\""]","[\""1\"",\""2\"",\""3\"",\""4\"",\""5\"",\""6\"",\""7\"",\""8\"",\""9\"",\""10\"",\""11\"",\""12\"",\""13\"",\""14\"",\""15\""]",1,40377,40377,0,2026-06-15 17:48:02,2026-06-15 17:48:02
2207,2,"[\""1\"",\""2\"",\""5\"",\""6\"",\""7\"",\""8\"",\""13\"",\""14\""]","[\""1\"",\""2\"",\""3\"",\""5\"",\""6\"",\""7\"",\""8\"",\""9\"",\""11\"",\""12\"",\""13\"",\""14\"",\""15\""]",1,40377,40377,0,2026-06-15 17:48:02,2026-06-15 17:48:02
2208,3,"[\""1\"",\""2\"",\""5\"",\""6\"",\""7\"",\""8\"",\""14\""]","[\""1\"",\""2\"",\""3\"",\""5\"",\""9\"",\""12\"",\""13\"",\""14\""]",1,40377,40377,0,2026-06-15 17:48:02,2026-06-15 17:48:02
2209,4,"[\""1\"",\""7\"",\""8\"",\""14\""]","[\""1\"",\""10\"",\""12\""]",1,40377,40377,0,2026-06-15 17:48:02,2026-06-15 17:48:02
2210,1,"[\""1\"",\""2\"",\""3\"",\""4\"",\""5\"",\""6\"",\""7\"",\""8\"",\""9\"",\""10\"",\""11\"",\""12\"",\""13\"",\""14\""]","[\""1\"",\""2\"",\""3\"",\""4\"",\""5\"",\""6\"",\""7\"",\""8\"",\""9\"",\""10\"",\""11\"",\""12\"",\""13\"",\""14\"",\""15\""]",1,40378,40378,0,2026-06-15 17:51:24,2026-06-15 17:51:24
2211,2,"[\""1\"",\""2\"",\""5\"",\""6\"",\""7\"",\""8\"",\""13\"",\""14\""]","[\""1\"",\""2\"",\""3\"",\""5\"",\""6\"",\""7\"",\""8\"",\""9\"",\""11\"",\""12\"",\""13\"",\""14\"",\""15\""]",1,40378,40378,0,2026-06-15 17:51:24,2026-06-15 17:51:24
2212,3,"[\""1\"",\""2\"",\""5\"",\""6\"",\""7\"",\""8\"",\""14\""]","[\""1\"",\""2\"",\""3\"",\""5\"",\""9\"",\""12\"",\""13\"",\""14\""]",1,40378,40378,0,2026-06-15 17:51:24,2026-06-15 17:51:24
2213,4,"[\""1\"",\""7\"",\""8\"",\""14\""]","[\""1\"",\""10\"",\""12\""]",1,40378,40378,0,2026-06-15 17:51:24,2026-06-15 17:51:24
2214,1,"[\""1\"",\""2\"",\""3\"",\""4\"",\""5\"",\""6\"",\""7\"",\""8\"",\""9\"",\""10\"",\""11\"",\""12\"",\""13\"",\""14\""]","[\""1\"",\""2\"",\""3\"",\""4\"",\""5\"",\""6\"",\""7\"",\""8\"",\""9\"",\""10\"",\""11\"",\""12\"",\""13\"",\""14\"",\""15\""]",1,40379,40379,0,2026-06-15 17:51:32,2026-06-15 17:51:32
2215,2,"[\""1\"",\""2\"",\""5\"",\""6\"",\""7\"",\""8\"",\""13\"",\""14\""]","[\""1\"",\""2\"",\""3\"",\""5\"",\""6\"",\""7\"",\""8\"",\""9\"",\""11\"",\""12\"",\""13\"",\""14\"",\""15\""]",1,40379,40379,0,2026-06-15 17:51:32,2026-06-15 17:51:32
2216,3,"[\""1\"",\""2\"",\""5\"",\""6\"",\""7\"",\""8\"",\""14\""]","[\""1\"",\""2\"",\""3\"",\""5\"",\""9\"",\""12\"",\""13\"",\""14\""]",1,40379,40379,0,2026-06-15 17:51:32,2026-06-15 17:51:32
2217,4,"[\""1\"",\""7\"",\""8\"",\""14\""]","[\""1\"",\""10\"",\""12\""]",1,40379,40379,0,2026-06-15 17:51:32,2026-06-15 17:51:32
2218,1,"[\""1\"",\""2\"",\""3\"",\""4\"",\""5\"",\""6\"",\""7\"",\""8\"",\""9\"",\""10\"",\""11\"",\""12\"",\""13\"",\""14\""]","[\""1\"",\""2\"",\""3\"",\""4\"",\""5\"",\""6\"",\""7\"",\""8\"",\""9\"",\""10\"",\""11\"",\""12\"",\""13\"",\""14\"",\""15\""]",1,40380,40380,0,2026-06-15 17:52:54,2026-06-15 17:52:54
2219,2,"[\""1\"",\""2\"",\""5\"",\""6\"",\""7\"",\""8\"",\""13\"",\""14\""]","[\""1\"",\""2\"",\""3\"",\""5\"",\""6\"",\""7\"",\""8\"",\""9\"",\""11\"",\""12\"",\""13\"",\""14\"",\""15\""]",1,40380,40380,0,2026-06-15 17:52:54,2026-06-15 17:52:54
2220,3,"[\""1\"",\""2\"",\""5\"",\""6\"",\""7\"",\""8\"",\""14\""]","[\""1\"",\""2\"",\""3\"",\""5\"",\""9\"",\""12\"",\""13\"",\""14\""]",1,40380,40380,0,2026-06-15 17:52:54,2026-06-15 17:52:54
2221,4,"[\""1\"",\""7\"",\""8\"",\""14\""]","[\""1\"",\""10\"",\""12\""]",1,40380,40380,0,2026-06-15 17:52:54,2026-06-15 17:52:54
2222,1,"[\""1\"",\""2\"",\""3\"",\""4\"",\""5\"",\""6\"",\""7\"",\""8\"",\""9\"",\""10\"",\""11\"",\""12\"",\""13\"",\""14\""]","[\""1\"",\""2\"",\""3\"",\""4\"",\""5\"",\""6\"",\""7\"",\""8\"",\""9\"",\""10\"",\""11\"",\""12\"",\""13\"",\""14\"",\""15\""]",1,40381,40381,0,2026-06-15 18:23:42,2026-06-15 18:23:42
2223,2,"[\""1\"",\""2\"",\""5\"",\""6\"",\""7\"",\""8\"",\""13\"",\""14\""]","[\""1\"",\""2\"",\""3\"",\""5\"",\""6\"",\""7\"",\""8\"",\""9\"",\""11\"",\""12\"",\""13\"",\""14\"",\""15\""]",1,40381,40381,0,2026-06-15 18:23:42,2026-06-15 18:23:42
2224,3,"[\""1\"",\""2\"",\""5\"",\""6\"",\""7\"",\""8\"",\""14\""]","[\""1\"",\""2\"",\""3\"",\""5\"",\""9\"",\""12\"",\""13\"",\""14\""]",1,40381,40381,0,2026-06-15 18:23:42,2026-06-15 18:23:42
2225,4,"[\""1\"",\""7\"",\""8\"",\""14\""]","[\""1\"",\""10\"",\""12\""]",1,40381,40381,0,2026-06-15 18:23:42,2026-06-15 18:23:42
2226,1,"[\""1\"",\""2\"",\""3\"",\""4\"",\""5\"",\""6\"",\""7\"",\""8\"",\""9\"",\""10\"",\""11\"",\""12\"",\""13\"",\""14\""]","[\""1\"",\""2\"",\""3\"",\""4\"",\""5\"",\""6\"",\""7\"",\""8\"",\""9\"",\""10\"",\""11\"",\""12\"",\""13\"",\""14\"",\""15\""]",1,40382,40382,0,2026-06-15 18:31:49,2026-06-15 18:31:49
2227,2,"[\""1\"",\""2\"",\""5\"",\""6\"",\""7\"",\""8\"",\""13\"",\""14\""]","[\""1\"",\""2\"",\""3\"",\""5\"",\""6\"",\""7\"",\""8\"",\""9\"",\""11\"",\""12\"",\""13\"",\""14\"",\""15\""]",1,40382,40382,0,2026-06-15 18:31:49,2026-06-15 18:31:49
2228,3,"[\""1\"",\""2\"",\""5\"",\""6\"",\""7\"",\""8\"",\""14\""]","[\""1\"",\""2\"",\""3\"",\""5\"",\""9\"",\""12\"",\""13\"",\""14\""]",1,40382,40382,0,2026-06-15 18:31:49,2026-06-15 18:31:49
2229,4,"[\""1\"",\""7\"",\""8\"",\""14\""]","[\""1\"",\""10\"",\""12\""]",1,40382,40382,0,2026-06-15 18:31:49,2026-06-15 18:31:49
2230,1,"[\""1\"",\""2\"",\""3\"",\""4\"",\""5\"",\""6\"",\""7\"",\""8\"",\""9\"",\""10\"",\""11\"",\""12\"",\""13\"",\""14\""]","[\""1\"",\""2\"",\""3\"",\""4\"",\""5\"",\""6\"",\""7\"",\""8\"",\""9\"",\""10\"",\""11\"",\""12\"",\""13\"",\""14\"",\""15\""]",1,40383,40383,0,2026-06-15 18:33:16,2026-06-15 18:33:16
2231,2,"[\""1\"",\""2\"",\""5\"",\""6\"",\""7\"",\""8\"",\""13\"",\""14\""]","[\""1\"",\""2\"",\""3\"",\""5\"",\""6\"",\""7\"",\""8\"",\""9\"",\""11\"",\""12\"",\""13\"",\""14\"",\""15\""]",1,40383,40383,0,2026-06-15 18:33:16,2026-06-15 18:33:16
2232,3,"[\""1\"",\""2\"",\""5\"",\""6\"",\""7\"",\""8\"",\""14\""]","[\""1\"",\""2\"",\""3\"",\""5\"",\""9\"",\""12\"",\""13\"",\""14\""]",1,40383,40383,0,2026-06-15 18:33:16,2026-06-15 18:33:16
2233,4,"[\""1\"",\""7\"",\""8\"",\""14\""]","[\""1\"",\""10\"",\""12\""]",1,40383,40383,0,2026-06-15 18:33:16,2026-06-15 18:33:16
2234,1,"[\""1\"",\""2\"",\""3\"",\""4\"",\""5\"",\""6\"",\""7\"",\""8\"",\""9\"",\""10\"",\""11\"",\""12\"",\""13\"",\""14\""]","[\""1\"",\""2\"",\""3\"",\""4\"",\""5\"",\""6\"",\""7\"",\""8\"",\""9\"",\""10\"",\""11\"",\""12\"",\""13\"",\""14\"",\""15\""]",1,40384,40384,0,2026-06-15 18:39:50,2026-06-15 18:39:50
2235,2,"[\""1\"",\""2\"",\""5\"",\""6\"",\""7\"",\""8\"",\""13\"",\""14\""]","[\""1\"",\""2\"",\""3\"",\""5\"",\""6\"",\""7\"",\""8\"",\""9\"",\""11\"",\""12\"",\""13\"",\""14\"",\""15\""]",1,40384,40384,0,2026-06-15 18:39:50,2026-06-15 18:39:50
2236,3,"[\""1\"",\""2\"",\""5\"",\""6\"",\""7\"",\""8\"",\""14\""]","[\""1\"",\""2\"",\""3\"",\""5\"",\""9\"",\""12\"",\""13\"",\""14\""]",1,40384,40384,0,2026-06-15 18:39:50,2026-06-15 18:39:50
2237,4,"[\""1\"",\""7\"",\""8\"",\""14\""]","[\""1\"",\""10\"",\""12\""]",1,40384,40384,0,2026-06-15 18:39:50,2026-06-15 18:39:50
2238,1,"[\""1\"",\""2\"",\""3\"",\""4\"",\""5\"",\""6\"",\""7\"",\""8\"",\""9\"",\""10\"",\""11\"",\""12\"",\""13\"",\""14\""]","[\""1\"",\""2\"",\""3\"",\""4\"",\""5\"",\""6\"",\""7\"",\""8\"",\""9\"",\""10\"",\""11\"",\""12\"",\""13\"",\""14\"",\""15\""]",1,40385,40385,0,2026-06-15 18:50:51,2026-06-15 18:50:51
2239,2,"[\""1\"",\""2\"",\""5\"",\""6\"",\""7\"",\""8\"",\""13\"",\""14\""]","[\""1\"",\""2\"",\""3\"",\""5\"",\""6\"",\""7\"",\""8\"",\""9\"",\""11\"",\""12\"",\""13\"",\""14\"",\""15\""]",1,40385,40385,0,2026-06-15 18:50:51,2026-06-15 18:50:51
2240,3,"[\""1\"",\""2\"",\""5\"",\""6\"",\""7\"",\""8\"",\""14\""]","[\""1\"",\""2\"",\""3\"",\""5\"",\""9\"",\""12\"",\""13\"",\""14\""]",1,40385,40385,0,2026-06-15 18:50:51,2026-06-15 18:50:51
2241,4,"[\""1\"",\""7\"",\""8\"",\""14\""]","[\""1\"",\""10\"",\""12\""]",1,40385,40385,0,2026-06-15 18:50:51,2026-06-15 18:50:51
2242,1,"[\""1\"",\""2\"",\""3\"",\""4\"",\""5\"",\""6\"",\""7\"",\""8\"",\""9\"",\""10\"",\""11\"",\""12\"",\""13\"",\""14\""]","[\""1\"",\""2\"",\""3\"",\""4\"",\""5\"",\""6\"",\""7\"",\""8\"",\""9\"",\""10\"",\""11\"",\""12\"",\""13\"",\""14\"",\""15\""]",1,40386,40386,0,2026-06-16 11:16:09,2026-06-16 11:16:09
2243,2,"[\""1\"",\""2\"",\""5\"",\""6\"",\""7\"",\""8\"",\""13\"",\""14\""]","[\""1\"",\""2\"",\""3\"",\""5\"",\""6\"",\""7\"",\""8\"",\""9\"",\""11\"",\""12\"",\""13\"",\""14\"",\""15\""]",1,40386,40386,0,2026-06-16 11:16:09,2026-06-16 11:16:09
2244,3,"[\""1\"",\""2\"",\""5\"",\""6\"",\""7\"",\""8\"",\""14\""]","[\""1\"",\""2\"",\""3\"",\""5\"",\""9\"",\""12\"",\""13\"",\""14\""]",1,40386,40386,0,2026-06-16 11:16:09,2026-06-16 11:16:09
2245,4,"[\""1\"",\""7\"",\""8\"",\""14\""]","[\""1\"",\""10\"",\""12\""]",1,40386,40386,0,2026-06-16 11:16:09,2026-06-16 11:16:09
2246,1,"[\""1\"",\""2\"",\""3\"",\""4\"",\""5\"",\""6\"",\""7\"",\""8\"",\""9\"",\""10\"",\""11\"",\""12\"",\""13\"",\""14\""]","[\""1\"",\""2\"",\""3\"",\""4\"",\""5\"",\""6\"",\""7\"",\""8\"",\""9\"",\""10\"",\""11\"",\""12\"",\""13\"",\""14\"",\""15\""]",1,40387,40387,0,2026-06-16 11:44:35,2026-06-16 11:44:35
2247,2,"[\""1\"",\""2\"",\""5\"",\""6\"",\""7\"",\""8\"",\""13\"",\""14\""]","[\""1\"",\""2\"",\""3\"",\""5\"",\""6\"",\""7\"",\""8\"",\""9\"",\""11\"",\""12\"",\""13\"",\""14\"",\""15\""]",1,40387,40387,0,2026-06-16 11:44:35,2026-06-16 11:44:35
2248,3,"[\""1\"",\""2\"",\""5\"",\""6\"",\""7\"",\""8\"",\""14\""]","[\""1\"",\""2\"",\""3\"",\""5\"",\""9\"",\""12\"",\""13\"",\""14\""]",1,40387,40387,0,2026-06-16 11:44:35,2026-06-16 11:44:35
2249,4,"[\""1\"",\""7\"",\""8\"",\""14\""]","[\""1\"",\""10\"",\""12\""]",1,40387,40387,0,2026-06-16 11:44:35,2026-06-16 11:44:35
2250,1,"[\""1\"",\""2\"",\""3\"",\""4\"",\""5\"",\""6\"",\""7\"",\""8\"",\""9\"",\""10\"",\""11\"",\""12\"",\""13\"",\""14\""]","[\""1\"",\""2\"",\""3\"",\""4\"",\""5\"",\""6\"",\""7\"",\""8\"",\""9\"",\""10\"",\""11\"",\""12\"",\""13\"",\""14\"",\""15\""]",1,40388,40388,0,2026-06-16 12:46:43,2026-06-16 12:46:43
2251,2,"[\""1\"",\""2\"",\""5\"",\""6\"",\""7\"",\""8\"",\""13\"",\""14\""]","[\""1\"",\""2\"",\""3\"",\""5\"",\""6\"",\""7\"",\""8\"",\""9\"",\""11\"",\""12\"",\""13\"",\""14\"",\""15\""]",1,40388,40388,0,2026-06-16 12:46:43,2026-06-16 12:46:43
2252,3,"[\""1\"",\""2\"",\""5\"",\""6\"",\""7\"",\""8\"",\""14\""]","[\""1\"",\""2\"",\""3\"",\""5\"",\""9\"",\""12\"",\""13\"",\""14\""]",1,40388,40388,0,2026-06-16 12:46:43,2026-06-16 12:46:43
2253,4,"[\""1\"",\""7\"",\""8\"",\""14\""]","[\""1\"",\""10\"",\""12\""]",1,40388,40388,0,2026-06-16 12:46:43,2026-06-16 12:46:43
2254,1,"[\""1\"",\""2\"",\""3\"",\""4\"",\""5\"",\""6\"",\""7\"",\""8\"",\""9\"",\""10\"",\""11\"",\""12\"",\""13\"",\""14\""]","[\""1\"",\""2\"",\""3\"",\""4\"",\""5\"",\""6\"",\""7\"",\""8\"",\""9\"",\""10\"",\""11\"",\""12\"",\""13\"",\""14\"",\""15\""]",1,40389,40389,0,2026-06-16 12:49:06,2026-06-16 12:49:06
2255,2,"[\""1\"",\""2\"",\""5\"",\""6\"",\""7\"",\""8\"",\""13\"",\""14\""]","[\""1\"",\""2\"",\""3\"",\""5\"",\""6\"",\""7\"",\""8\"",\""9\"",\""11\"",\""12\"",\""13\"",\""14\"",\""15\""]",1,40389,40389,0,2026-06-16 12:49:06,2026-06-16 12:49:06
2256,3,"[\""1\"",\""2\"",\""5\"",\""6\"",\""7\"",\""8\"",\""14\""]","[\""1\"",\""2\"",\""3\"",\""5\"",\""9\"",\""12\"",\""13\"",\""14\""]",1,40389,40389,0,2026-06-16 12:49:06,2026-06-16 12:49:06
2257,4,"[\""1\"",\""7\"",\""8\"",\""14\""]","[\""1\"",\""10\"",\""12\""]",1,40389,40389,0,2026-06-16 12:49:06,2026-06-16 12:49:06
2258,1,"[\""1\"",\""2\"",\""3\"",\""4\"",\""5\"",\""6\"",\""7\"",\""8\"",\""9\"",\""10\"",\""11\"",\""12\"",\""13\"",\""14\""]","[\""1\"",\""2\"",\""3\"",\""4\"",\""5\"",\""6\"",\""7\"",\""8\"",\""9\"",\""10\"",\""11\"",\""12\"",\""13\"",\""14\"",\""15\""]",1,40390,40390,0,2026-06-16 14:45:05,2026-06-16 14:45:05
2259,2,"[\""1\"",\""2\"",\""5\"",\""6\"",\""7\"",\""8\"",\""13\"",\""14\""]","[\""1\"",\""2\"",\""3\"",\""5\"",\""6\"",\""7\"",\""8\"",\""9\"",\""11\"",\""12\"",\""13\"",\""14\"",\""15\""]",1,40390,40390,0,2026-06-16 14:45:05,2026-06-16 14:45:05
2260,3,"[\""1\"",\""2\"",\""5\"",\""6\"",\""7\"",\""8\"",\""14\""]","[\""1\"",\""2\"",\""3\"",\""5\"",\""9\"",\""12\"",\""13\"",\""14\""]",1,40390,40390,0,2026-06-16 14:45:05,2026-06-16 14:45:05
2261,4,"[\""1\"",\""7\"",\""8\"",\""14\""]","[\""1\"",\""10\"",\""12\""]",1,40390,40390,0,2026-06-16 14:45:05,2026-06-16 14:45:05
2262,1,"[\""1\"",\""2\"",\""3\"",\""4\"",\""5\"",\""6\"",\""7\"",\""8\"",\""9\"",\""10\"",\""11\"",\""12\"",\""13\"",\""14\""]","[\""1\"",\""2\"",\""3\"",\""4\"",\""5\"",\""6\"",\""7\"",\""8\"",\""9\"",\""10\"",\""11\"",\""12\"",\""13\"",\""14\"",\""15\""]",1,40392,40392,0,2026-06-16 15:49:41,2026-06-16 15:49:41
2263,2,"[\""1\"",\""2\"",\""5\"",\""6\"",\""7\"",\""8\"",\""13\"",\""14\""]","[\""1\"",\""2\"",\""3\"",\""5\"",\""6\"",\""7\"",\""8\"",\""9\"",\""11\"",\""12\"",\""13\"",\""14\"",\""15\""]",1,40392,40392,0,2026-06-16 15:49:41,2026-06-16 15:49:41
2264,3,"[\""1\"",\""2\"",\""5\"",\""6\"",\""7\"",\""8\"",\""14\""]","[\""1\"",\""2\"",\""3\"",\""5\"",\""9\"",\""12\"",\""13\"",\""14\""]",1,40392,40392,0,2026-06-16 15:49:41,2026-06-16 15:49:41
2265,4,"[\""1\"",\""7\"",\""8\"",\""14\""]","[\""1\"",\""10\"",\""12\""]",1,40392,40392,0,2026-06-16 15:49:41,2026-06-16 15:49:41
2266,1,"[\""1\"",\""2\"",\""3\"",\""4\"",\""5\"",\""6\"",\""7\"",\""8\"",\""9\"",\""10\"",\""11\"",\""12\"",\""13\"",\""14\""]","[\""1\"",\""2\"",\""3\"",\""4\"",\""5\"",\""6\"",\""7\"",\""8\"",\""9\"",\""10\"",\""11\"",\""12\"",\""13\"",\""14\"",\""15\""]",1,40393,40393,0,2026-06-16 16:31:41,2026-06-16 16:31:41
2267,2,"[\""1\"",\""2\"",\""5\"",\""6\"",\""7\"",\""8\"",\""13\"",\""14\""]","[\""1\"",\""2\"",\""3\"",\""5\"",\""6\"",\""7\"",\""8\"",\""9\"",\""11\"",\""12\"",\""13\"",\""14\"",\""15\""]",1,40393,40393,0,2026-06-16 16:31:41,2026-06-16 16:31:41
2268,3,"[\""1\"",\""2\"",\""5\"",\""6\"",\""7\"",\""8\"",\""14\""]","[\""1\"",\""2\"",\""3\"",\""5\"",\""9\"",\""12\"",\""13\"",\""14\""]",1,40393,40393,0,2026-06-16 16:31:41,2026-06-16 16:31:41
2269,4,"[\""1\"",\""7\"",\""8\"",\""14\""]","[\""1\"",\""10\"",\""12\""]",1,40393,40393,0,2026-06-16 16:31:41,2026-06-16 16:31:41
2270,1,"[\""1\"",\""2\"",\""3\"",\""4\"",\""5\"",\""6\"",\""7\"",\""8\"",\""9\"",\""10\"",\""11\"",\""12\"",\""13\"",\""14\""]","[\""1\"",\""2\"",\""3\"",\""4\"",\""5\"",\""6\"",\""7\"",\""8\"",\""9\"",\""10\"",\""11\"",\""12\"",\""13\"",\""14\"",\""15\""]",1,88,88,0,2026-06-16 17:05:55,2026-06-16 17:05:55
2271,2,"[\""1\"",\""2\"",\""5\"",\""6\"",\""7\"",\""8\"",\""13\"",\""14\""]","[\""1\"",\""2\"",\""3\"",\""5\"",\""6\"",\""7\"",\""8\"",\""9\"",\""11\"",\""12\"",\""13\"",\""14\"",\""15\""]",1,88,88,0,2026-06-16 17:05:55,2026-06-16 17:05:55
2272,3,"[\""1\"",\""2\"",\""5\"",\""6\"",\""7\"",\""8\"",\""14\""]","[\""1\"",\""2\"",\""3\"",\""5\"",\""9\"",\""12\"",\""13\"",\""14\""]",1,88,88,0,2026-06-16 17:05:55,2026-06-16 17:05:55
2273,4,"[\""1\"",\""7\"",\""8\"",\""14\""]","[\""1\"",\""10\"",\""12\""]",1,88,88,0,2026-06-16 17:05:55,2026-06-16 17:05:55
2274,1,"[\""1\"",\""2\"",\""3\"",\""4\"",\""5\"",\""6\"",\""7\"",\""8\"",\""9\"",\""10\"",\""11\"",\""12\"",\""13\"",\""14\""]","[\""1\"",\""2\"",\""3\"",\""4\"",\""5\"",\""6\"",\""7\"",\""8\"",\""9\"",\""10\"",\""11\"",\""12\"",\""13\"",\""14\"",\""15\""]",1,40394,40394,0,2026-06-16 17:08:28,2026-06-16 17:08:28
2275,2,"[\""1\"",\""2\"",\""5\"",\""6\"",\""7\"",\""8\"",\""13\"",\""14\""]","[\""1\"",\""2\"",\""3\"",\""5\"",\""6\"",\""7\"",\""8\"",\""9\"",\""11\"",\""12\"",\""13\"",\""14\"",\""15\""]",1,40394,40394,0,2026-06-16 17:08:28,2026-06-16 17:08:28
2276,3,"[\""1\"",\""2\"",\""5\"",\""6\"",\""7\"",\""8\"",\""14\""]","[\""1\"",\""2\"",\""3\"",\""5\"",\""9\"",\""12\"",\""13\"",\""14\""]",1,40394,40394,0,2026-06-16 17:08:28,2026-06-16 17:08:28
2277,4,"[\""1\"",\""7\"",\""8\"",\""14\""]","[\""1\"",\""10\"",\""12\""]",1,40394,40394,0,2026-06-16 17:08:28,2026-06-16 17:08:28
2278,1,"[\""1\"",\""2\"",\""3\"",\""4\"",\""5\"",\""6\"",\""7\"",\""8\"",\""9\"",\""10\"",\""11\"",\""12\"",\""13\"",\""14\""]","[\""1\"",\""2\"",\""3\"",\""4\"",\""5\"",\""6\"",\""7\"",\""8\"",\""9\"",\""10\"",\""11\"",\""12\"",\""13\"",\""14\"",\""15\""]",1,40395,40395,0,2026-06-16 17:12:01,2026-06-16 17:12:01
2279,2,"[\""1\"",\""2\"",\""5\"",\""6\"",\""7\"",\""8\"",\""13\"",\""14\""]","[\""1\"",\""2\"",\""3\"",\""5\"",\""6\"",\""7\"",\""8\"",\""9\"",\""11\"",\""12\"",\""13\"",\""14\"",\""15\""]",1,40395,40395,0,2026-06-16 17:12:01,2026-06-16 17:12:01
2280,3,"[\""1\"",\""2\"",\""5\"",\""6\"",\""7\"",\""8\"",\""14\""]","[\""1\"",\""2\"",\""3\"",\""5\"",\""9\"",\""12\"",\""13\"",\""14\""]",1,40395,40395,0,2026-06-16 17:12:01,2026-06-16 17:12:01
2281,4,"[\""1\"",\""7\"",\""8\"",\""14\""]","[\""1\"",\""10\"",\""12\""]",1,40395,40395,0,2026-06-16 17:12:01,2026-06-16 17:12:01
2282,1,"[\""1\"",\""2\"",\""3\"",\""4\"",\""5\"",\""6\"",\""7\"",\""8\"",\""9\"",\""10\"",\""11\"",\""12\"",\""13\"",\""14\""]","[\""1\"",\""2\"",\""3\"",\""4\"",\""5\"",\""6\"",\""7\"",\""8\"",\""9\"",\""10\"",\""11\"",\""12\"",\""13\"",\""14\"",\""15\""]",1,40396,40396,0,2026-06-16 17:20:43,2026-06-16 17:20:43
2283,2,"[\""1\"",\""2\"",\""5\"",\""6\"",\""7\"",\""8\"",\""13\"",\""14\""]","[\""1\"",\""2\"",\""3\"",\""5\"",\""6\"",\""7\"",\""8\"",\""9\"",\""11\"",\""12\"",\""13\"",\""14\"",\""15\""]",1,40396,40396,0,2026-06-16 17:20:43,2026-06-16 17:20:43
2284,3,"[\""1\"",\""2\"",\""5\"",\""6\"",\""7\"",\""8\"",\""14\""]","[\""1\"",\""2\"",\""3\"",\""5\"",\""9\"",\""12\"",\""13\"",\""14\""]",1,40396,40396,0,2026-06-16 17:20:43,2026-06-16 17:20:43
2285,4,"[\""1\"",\""7\"",\""8\"",\""14\""]","[\""1\"",\""10\"",\""12\""]",1,40396,40396,0,2026-06-16 17:20:43,2026-06-16 17:20:43
2286,1,"[\""1\"",\""2\"",\""3\"",\""4\"",\""5\"",\""6\"",\""7\"",\""8\"",\""9\"",\""10\"",\""11\"",\""12\"",\""13\"",\""14\""]","[\""1\"",\""2\"",\""3\"",\""4\"",\""5\"",\""6\"",\""7\"",\""8\"",\""9\"",\""10\"",\""11\"",\""12\"",\""13\"",\""14\"",\""15\""]",1,40397,40397,0,2026-06-16 17:33:17,2026-06-16 17:33:17
2287,2,"[\""1\"",\""2\"",\""5\"",\""6\"",\""7\"",\""8\"",\""13\"",\""14\""]","[\""1\"",\""2\"",\""3\"",\""5\"",\""6\"",\""7\"",\""8\"",\""9\"",\""11\"",\""12\"",\""13\"",\""14\"",\""15\""]",1,40397,40397,0,2026-06-16 17:33:17,2026-06-16 17:33:17
2288,3,"[\""1\"",\""2\"",\""5\"",\""6\"",\""7\"",\""8\"",\""14\""]","[\""1\"",\""2\"",\""3\"",\""5\"",\""9\"",\""12\"",\""13\"",\""14\""]",1,40397,40397,0,2026-06-16 17:33:17,2026-06-16 17:33:17
2289,4,"[\""1\"",\""7\"",\""8\"",\""14\""]","[\""1\"",\""10\"",\""12\""]",1,40397,40397,0,2026-06-16 17:33:17,2026-06-16 17:33:17
2290,1,"[\""1\"",\""2\"",\""3\"",\""4\"",\""5\"",\""6\"",\""7\"",\""8\"",\""9\"",\""10\"",\""11\"",\""12\"",\""13\"",\""14\""]","[\""1\"",\""2\"",\""3\"",\""4\"",\""5\"",\""6\"",\""7\"",\""8\"",\""9\"",\""10\"",\""11\"",\""12\"",\""13\"",\""14\"",\""15\""]",1,40398,40398,0,2026-06-16 17:37:39,2026-06-16 17:37:39
2291,2,"[\""1\"",\""2\"",\""5\"",\""6\"",\""7\"",\""8\"",\""13\"",\""14\""]","[\""1\"",\""2\"",\""3\"",\""5\"",\""6\"",\""7\"",\""8\"",\""9\"",\""11\"",\""12\"",\""13\"",\""14\"",\""15\""]",1,40398,40398,0,2026-06-16 17:37:39,2026-06-16 17:37:39
2292,3,"[\""1\"",\""2\"",\""5\"",\""6\"",\""7\"",\""8\"",\""14\""]","[\""1\"",\""2\"",\""3\"",\""5\"",\""9\"",\""12\"",\""13\"",\""14\""]",1,40398,40398,0,2026-06-16 17:37:39,2026-06-16 17:37:39
2293,4,"[\""1\"",\""7\"",\""8\"",\""14\""]","[\""1\"",\""10\"",\""12\""]",1,40398,40398,0,2026-06-16 17:37:39,2026-06-16 17:37:39
2294,1,"[\""1\"",\""2\"",\""3\"",\""4\"",\""5\"",\""6\"",\""7\"",\""8\"",\""9\"",\""10\"",\""11\"",\""12\"",\""13\"",\""14\""]","[\""1\"",\""2\"",\""3\"",\""4\"",\""5\"",\""6\"",\""7\"",\""8\"",\""9\"",\""10\"",\""11\"",\""12\"",\""13\"",\""14\"",\""15\""]",1,40399,40399,0,2026-06-16 17:45:01,2026-06-16 17:45:01
2295,2,"[\""1\"",\""2\"",\""5\"",\""6\"",\""7\"",\""8\"",\""13\"",\""14\""]","[\""1\"",\""2\"",\""3\"",\""5\"",\""6\"",\""7\"",\""8\"",\""9\"",\""11\"",\""12\"",\""13\"",\""14\"",\""15\""]",1,40399,40399,0,2026-06-16 17:45:01,2026-06-16 17:45:01
2296,3,"[\""1\"",\""2\"",\""5\"",\""6\"",\""7\"",\""8\"",\""14\""]","[\""1\"",\""2\"",\""3\"",\""5\"",\""9\"",\""12\"",\""13\"",\""14\""]",1,40399,40399,0,2026-06-16 17:45:01,2026-06-16 17:45:01
2297,4,"[\""1\"",\""7\"",\""8\"",\""14\""]","[\""1\"",\""10\"",\""12\""]",1,40399,40399,0,2026-06-16 17:45:01,2026-06-16 17:45:01
2298,1,"[\""1\"",\""2\"",\""3\"",\""4\"",\""5\"",\""6\"",\""7\"",\""8\"",\""9\"",\""10\"",\""11\"",\""12\"",\""13\"",\""14\""]","[\""1\"",\""2\"",\""3\"",\""4\"",\""5\"",\""6\"",\""7\"",\""8\"",\""9\"",\""10\"",\""11\"",\""12\"",\""13\"",\""14\"",\""15\""]",1,40401,40401,0,2026-06-16 17:48:31,2026-06-16 17:48:31
2299,2,"[\""1\"",\""2\"",\""5\"",\""6\"",\""7\"",\""8\"",\""13\"",\""14\""]","[\""1\"",\""2\"",\""3\"",\""5\"",\""6\"",\""7\"",\""8\"",\""9\"",\""11\"",\""12\"",\""13\"",\""14\"",\""15\""]",1,40401,40401,0,2026-06-16 17:48:31,2026-06-16 17:48:31
2300,3,"[\""1\"",\""2\"",\""5\"",\""6\"",\""7\"",\""8\"",\""14\""]","[\""1\"",\""2\"",\""3\"",\""5\"",\""9\"",\""12\"",\""13\"",\""14\""]",1,40401,40401,0,2026-06-16 17:48:31,2026-06-16 17:48:31
2301,4,"[\""1\"",\""7\"",\""8\"",\""14\""]","[\""1\"",\""10\"",\""12\""]",1,40401,40401,0,2026-06-16 17:48:31,2026-06-16 17:48:31
2302,1,"[\""1\"",\""2\"",\""3\"",\""4\"",\""5\"",\""6\"",\""7\"",\""8\"",\""9\"",\""10\"",\""11\"",\""12\"",\""13\"",\""14\""]","[\""1\"",\""2\"",\""3\"",\""4\"",\""5\"",\""6\"",\""7\"",\""8\"",\""9\"",\""10\"",\""11\"",\""12\"",\""13\"",\""14\"",\""15\""]",1,40402,40402,0,2026-06-16 17:51:57,2026-06-16 17:51:57
2303,2,"[\""1\"",\""2\"",\""5\"",\""6\"",\""7\"",\""8\"",\""13\"",\""14\""]","[\""1\"",\""2\"",\""3\"",\""5\"",\""6\"",\""7\"",\""8\"",\""9\"",\""11\"",\""12\"",\""13\"",\""14\"",\""15\""]",1,40402,40402,0,2026-06-16 17:51:57,2026-06-16 17:51:57
2304,3,"[\""1\"",\""2\"",\""5\"",\""6\"",\""7\"",\""8\"",\""14\""]","[\""1\"",\""2\"",\""3\"",\""5\"",\""9\"",\""12\"",\""13\"",\""14\""]",1,40402,40402,0,2026-06-16 17:51:57,2026-06-16 17:51:57
2305,4,"[\""1\"",\""7\"",\""8\"",\""14\""]","[\""1\"",\""10\"",\""12\""]",1,40402,40402,0,2026-06-16 17:51:57,2026-06-16 17:51:57
2306,1,"[\""1\"",\""2\"",\""3\"",\""4\"",\""5\"",\""6\"",\""7\"",\""8\"",\""9\"",\""10\"",\""11\"",\""12\"",\""13\"",\""14\""]","[\""1\"",\""2\"",\""3\"",\""4\"",\""5\"",\""6\"",\""7\"",\""8\"",\""9\"",\""10\"",\""11\"",\""12\"",\""13\"",\""14\"",\""15\""]",1,40403,40403,0,2026-06-16 17:55:18,2026-06-16 17:55:18
2307,2,"[\""1\"",\""2\"",\""5\"",\""6\"",\""7\"",\""8\"",\""13\"",\""14\""]","[\""1\"",\""2\"",\""3\"",\""5\"",\""6\"",\""7\"",\""8\"",\""9\"",\""11\"",\""12\"",\""13\"",\""14\"",\""15\""]",1,40403,40403,0,2026-06-16 17:55:18,2026-06-16 17:55:18
2308,3,"[\""1\"",\""2\"",\""5\"",\""6\"",\""7\"",\""8\"",\""14\""]","[\""1\"",\""2\"",\""3\"",\""5\"",\""9\"",\""12\"",\""13\"",\""14\""]",1,40403,40403,0,2026-06-16 17:55:18,2026-06-16 17:55:18
2309,4,"[\""1\"",\""7\"",\""8\"",\""14\""]","[\""1\"",\""10\"",\""12\""]",1,40403,40403,0,2026-06-16 17:55:18,2026-06-16 17:55:18
2310,1,"[\""1\"",\""2\"",\""3\"",\""4\"",\""5\"",\""6\"",\""7\"",\""8\"",\""9\"",\""10\"",\""11\"",\""12\"",\""13\"",\""14\""]","[\""1\"",\""2\"",\""3\"",\""4\"",\""5\"",\""6\"",\""7\"",\""8\"",\""9\"",\""10\"",\""11\"",\""12\"",\""13\"",\""14\"",\""15\""]",1,40406,40406,0,2026-06-16 18:05:30,2026-06-16 18:05:30
2311,2,"[\""1\"",\""2\"",\""5\"",\""6\"",\""7\"",\""8\"",\""13\"",\""14\""]","[\""1\"",\""2\"",\""3\"",\""5\"",\""6\"",\""7\"",\""8\"",\""9\"",\""11\"",\""12\"",\""13\"",\""14\"",\""15\""]",1,40406,40406,0,2026-06-16 18:05:30,2026-06-16 18:05:30
2312,3,"[\""1\"",\""2\"",\""5\"",\""6\"",\""7\"",\""8\"",\""14\""]","[\""1\"",\""2\"",\""3\"",\""5\"",\""9\"",\""12\"",\""13\"",\""14\""]",1,40406,40406,0,2026-06-16 18:05:30,2026-06-16 18:05:30
2313,4,"[\""1\"",\""7\"",\""8\"",\""14\""]","[\""1\"",\""10\"",\""12\""]",1,40406,40406,0,2026-06-16 18:05:30,2026-06-16 18:05:30
2314,1,"[\""1\"",\""2\"",\""3\"",\""4\"",\""5\"",\""6\"",\""7\"",\""8\"",\""9\"",\""10\"",\""11\"",\""12\"",\""13\"",\""14\""]","[\""1\"",\""2\"",\""3\"",\""4\"",\""5\"",\""6\"",\""7\"",\""8\"",\""9\"",\""10\"",\""11\"",\""12\"",\""13\"",\""14\"",\""15\""]",1,40407,40407,0,2026-06-16 18:11:29,2026-06-16 18:11:29
2315,2,"[\""1\"",\""2\"",\""5\"",\""6\"",\""7\"",\""8\"",\""13\"",\""14\""]","[\""1\"",\""2\"",\""3\"",\""5\"",\""6\"",\""7\"",\""8\"",\""9\"",\""11\"",\""12\"",\""13\"",\""14\"",\""15\""]",1,40407,40407,0,2026-06-16 18:11:29,2026-06-16 18:11:29
2316,3,"[\""1\"",\""2\"",\""5\"",\""6\"",\""7\"",\""8\"",\""14\""]","[\""1\"",\""2\"",\""3\"",\""5\"",\""9\"",\""12\"",\""13\"",\""14\""]",1,40407,40407,0,2026-06-16 18:11:29,2026-06-16 18:11:29
2317,4,"[\""1\"",\""7\"",\""8\"",\""14\""]","[\""1\"",\""10\"",\""12\""]",1,40407,40407,0,2026-06-16 18:11:29,2026-06-16 18:11:29
2318,1,"[\""1\"",\""2\"",\""3\"",\""4\"",\""5\"",\""6\"",\""7\"",\""8\"",\""9\"",\""10\"",\""11\"",\""12\"",\""13\"",\""14\""]","[\""1\"",\""2\"",\""3\"",\""4\"",\""5\"",\""6\"",\""7\"",\""8\"",\""9\"",\""10\"",\""11\"",\""12\"",\""13\"",\""14\"",\""15\""]",1,40408,40408,0,2026-06-16 18:17:34,2026-06-16 18:17:34
2319,2,"[\""1\"",\""2\"",\""5\"",\""6\"",\""7\"",\""8\"",\""13\"",\""14\""]","[\""1\"",\""2\"",\""3\"",\""5\"",\""6\"",\""7\"",\""8\"",\""9\"",\""11\"",\""12\"",\""13\"",\""14\"",\""15\""]",1,40408,40408,0,2026-06-16 18:17:34,2026-06-16 18:17:34
2320,3,"[\""1\"",\""2\"",\""5\"",\""6\"",\""7\"",\""8\"",\""14\""]","[\""1\"",\""2\"",\""3\"",\""5\"",\""9\"",\""12\"",\""13\"",\""14\""]",1,40408,40408,0,2026-06-16 18:17:34,2026-06-16 18:17:34
2321,4,"[\""1\"",\""7\"",\""8\"",\""14\""]","[\""1\"",\""10\"",\""12\""]",1,40408,40408,0,2026-06-16 18:17:34,2026-06-16 18:17:34
2322,1,"[\""1\"",\""2\"",\""3\"",\""4\"",\""5\"",\""6\"",\""7\"",\""8\"",\""9\"",\""10\"",\""11\"",\""12\"",\""13\"",\""14\""]","[\""1\"",\""2\"",\""3\"",\""4\"",\""5\"",\""6\"",\""7\"",\""8\"",\""9\"",\""10\"",\""11\"",\""12\"",\""13\"",\""14\"",\""15\""]",1,40410,40410,0,2026-06-16 18:23:52,2026-06-16 18:23:52
2323,2,"[\""1\"",\""2\"",\""5\"",\""6\"",\""7\"",\""8\"",\""13\"",\""14\""]","[\""1\"",\""2\"",\""3\"",\""5\"",\""6\"",\""7\"",\""8\"",\""9\"",\""11\"",\""12\"",\""13\"",\""14\"",\""15\""]",1,40410,40410,0,2026-06-16 18:23:52,2026-06-16 18:23:52
2324,3,"[\""1\"",\""2\"",\""5\"",\""6\"",\""7\"",\""8\"",\""14\""]","[\""1\"",\""2\"",\""3\"",\""5\"",\""9\"",\""12\"",\""13\"",\""14\""]",1,40410,40410,0,2026-06-16 18:23:52,2026-06-16 18:23:52
2325,4,"[\""1\"",\""7\"",\""8\"",\""14\""]","[\""1\"",\""10\"",\""12\""]",1,40410,40410,0,2026-06-16 18:23:52,2026-06-16 18:23:52
2326,1,"[\""1\"",\""2\"",\""3\"",\""4\"",\""5\"",\""6\"",\""7\"",\""8\"",\""9\"",\""10\"",\""11\"",\""12\"",\""13\"",\""14\""]","[\""1\"",\""2\"",\""3\"",\""4\"",\""5\"",\""6\"",\""7\"",\""8\"",\""9\"",\""10\"",\""11\"",\""12\"",\""13\"",\""14\"",\""15\""]",1,40411,40411,0,2026-06-16 18:25:25,2026-06-16 18:25:25
2327,2,"[\""1\"",\""2\"",\""5\"",\""6\"",\""7\"",\""8\"",\""13\"",\""14\""]","[\""1\"",\""2\"",\""3\"",\""5\"",\""6\"",\""7\"",\""8\"",\""9\"",\""11\"",\""12\"",\""13\"",\""14\"",\""15\""]",1,40411,40411,0,2026-06-16 18:25:25,2026-06-16 18:25:25
2328,3,"[\""1\"",\""2\"",\""5\"",\""6\"",\""7\"",\""8\"",\""14\""]","[\""1\"",\""2\"",\""3\"",\""5\"",\""9\"",\""12\"",\""13\"",\""14\""]",1,40411,40411,0,2026-06-16 18:25:25,2026-06-16 18:25:25
2329,4,"[\""1\"",\""7\"",\""8\"",\""14\""]","[\""1\"",\""10\"",\""12\""]",1,40411,40411,0,2026-06-16 18:25:25,2026-06-16 18:25:25
2330,1,"[\""1\"",\""2\"",\""3\"",\""4\"",\""5\"",\""6\"",\""7\"",\""8\"",\""9\"",\""10\"",\""11\"",\""12\"",\""13\"",\""14\""]","[\""1\"",\""2\"",\""3\"",\""4\"",\""5\"",\""6\"",\""7\"",\""8\"",\""9\"",\""10\"",\""11\"",\""12\"",\""13\"",\""14\"",\""15\""]",1,40413,40413,0,2026-06-16 18:33:48,2026-06-16 18:33:48
2331,2,"[\""1\"",\""2\"",\""5\"",\""6\"",\""7\"",\""8\"",\""13\"",\""14\""]","[\""1\"",\""2\"",\""3\"",\""5\"",\""6\"",\""7\"",\""8\"",\""9\"",\""11\"",\""12\"",\""13\"",\""14\"",\""15\""]",1,40413,40413,0,2026-06-16 18:33:48,2026-06-16 18:33:48
2332,3,"[\""1\"",\""2\"",\""5\"",\""6\"",\""7\"",\""8\"",\""14\""]","[\""1\"",\""2\"",\""3\"",\""5\"",\""9\"",\""12\"",\""13\"",\""14\""]",1,40413,40413,0,2026-06-16 18:33:48,2026-06-16 18:33:48
2333,4,"[\""1\"",\""7\"",\""8\"",\""14\""]","[\""1\"",\""10\"",\""12\""]",1,40413,40413,0,2026-06-16 18:33:48,2026-06-16 18:33:48
2334,1,"[\""1\"",\""2\"",\""3\"",\""4\"",\""5\"",\""6\"",\""7\"",\""8\"",\""9\"",\""10\"",\""11\"",\""12\"",\""13\"",\""14\""]","[\""1\"",\""2\"",\""3\"",\""4\"",\""5\"",\""6\"",\""7\"",\""8\"",\""9\"",\""10\"",\""11\"",\""12\"",\""13\"",\""14\"",\""15\""]",1,40415,40415,0,2026-06-16 18:46:07,2026-06-16 18:46:07
2335,2,"[\""1\"",\""2\"",\""5\"",\""6\"",\""7\"",\""8\"",\""13\"",\""14\""]","[\""1\"",\""2\"",\""3\"",\""5\"",\""6\"",\""7\"",\""8\"",\""9\"",\""11\"",\""12\"",\""13\"",\""14\"",\""15\""]",1,40415,40415,0,2026-06-16 18:46:07,2026-06-16 18:46:07
2336,3,"[\""1\"",\""2\"",\""5\"",\""6\"",\""7\"",\""8\"",\""14\""]","[\""1\"",\""2\"",\""3\"",\""5\"",\""9\"",\""12\"",\""13\"",\""14\""]",1,40415,40415,0,2026-06-16 18:46:07,2026-06-16 18:46:07
2337,4,"[\""1\"",\""7\"",\""8\"",\""14\""]","[\""1\"",\""10\"",\""12\""]",1,40415,40415,0,2026-06-16 18:46:07,2026-06-16 18:46:07
2338,1,"[\""1\"",\""2\"",\""3\"",\""4\"",\""5\"",\""6\"",\""7\"",\""8\"",\""9\"",\""10\"",\""11\"",\""12\"",\""13\"",\""14\""]","[\""1\"",\""2\"",\""3\"",\""4\"",\""5\"",\""6\"",\""7\"",\""8\"",\""9\"",\""10\"",\""11\"",\""12\"",\""13\"",\""14\"",\""15\""]",1,40417,40417,0,2026-06-17 11:00:19,2026-06-17 11:00:19
2339,2,"[\""1\"",\""2\"",\""5\"",\""6\"",\""7\"",\""8\"",\""13\"",\""14\""]","[\""1\"",\""2\"",\""3\"",\""5\"",\""6\"",\""7\"",\""8\"",\""9\"",\""11\"",\""12\"",\""13\"",\""14\"",\""15\""]",1,40417,40417,0,2026-06-17 11:00:19,2026-06-17 11:00:19
2340,3,"[\""1\"",\""2\"",\""5\"",\""6\"",\""7\"",\""8\"",\""14\""]","[\""1\"",\""2\"",\""3\"",\""5\"",\""9\"",\""12\"",\""13\"",\""14\""]",1,40417,40417,0,2026-06-17 11:00:19,2026-06-17 11:00:19
2341,4,"[\""1\"",\""7\"",\""8\"",\""14\""]","[\""1\"",\""10\"",\""12\""]",1,40417,40417,0,2026-06-17 11:00:19,2026-06-17 11:00:19
2342,1,"[\""1\"",\""2\"",\""3\"",\""4\"",\""5\"",\""6\"",\""7\"",\""8\"",\""9\"",\""10\"",\""11\"",\""12\"",\""13\"",\""14\""]","[\""1\"",\""2\"",\""3\"",\""4\"",\""5\"",\""6\"",\""7\"",\""8\"",\""9\"",\""10\"",\""11\"",\""12\"",\""13\"",\""14\"",\""15\""]",1,40418,40418,0,2026-06-17 11:14:19,2026-06-17 11:14:19
2343,2,"[\""1\"",\""2\"",\""5\"",\""6\"",\""7\"",\""8\"",\""13\"",\""14\""]","[\""1\"",\""2\"",\""3\"",\""5\"",\""6\"",\""7\"",\""8\"",\""9\"",\""11\"",\""12\"",\""13\"",\""14\"",\""15\""]",1,40418,40418,0,2026-06-17 11:14:19,2026-06-17 11:14:19
2344,3,"[\""1\"",\""2\"",\""5\"",\""6\"",\""7\"",\""8\"",\""14\""]","[\""1\"",\""2\"",\""3\"",\""5\"",\""9\"",\""12\"",\""13\"",\""14\""]",1,40418,40418,0,2026-06-17 11:14:19,2026-06-17 11:14:19
2345,4,"[\""1\"",\""7\"",\""8\"",\""14\""]","[\""1\"",\""10\"",\""12\""]",1,40418,40418,0,2026-06-17 11:14:19,2026-06-17 11:14:19
2346,1,"[\""1\"",\""2\"",\""3\"",\""4\"",\""5\"",\""6\"",\""7\"",\""8\"",\""9\"",\""10\"",\""11\"",\""12\"",\""13\"",\""14\""]","[\""1\"",\""2\"",\""3\"",\""4\"",\""5\"",\""6\"",\""7\"",\""8\"",\""9\"",\""10\"",\""11\"",\""12\"",\""13\"",\""14\"",\""15\""]",1,40420,40420,0,2026-06-17 11:33:12,2026-06-17 11:33:12
2347,2,"[\""1\"",\""2\"",\""5\"",\""6\"",\""7\"",\""8\"",\""13\"",\""14\""]","[\""1\"",\""2\"",\""3\"",\""5\"",\""6\"",\""7\"",\""8\"",\""9\"",\""11\"",\""12\"",\""13\"",\""14\"",\""15\""]",1,40420,40420,0,2026-06-17 11:33:12,2026-06-17 11:33:12
2348,3,"[\""1\"",\""2\"",\""5\"",\""6\"",\""7\"",\""8\"",\""14\""]","[\""1\"",\""2\"",\""3\"",\""5\"",\""9\"",\""12\"",\""13\"",\""14\""]",1,40420,40420,0,2026-06-17 11:33:12,2026-06-17 11:33:12
2349,4,"[\""1\"",\""7\"",\""8\"",\""14\""]","[\""1\"",\""10\"",\""12\""]",1,40420,40420,0,2026-06-17 11:33:12,2026-06-17 11:33:12
2350,1,"[\""1\"",\""2\"",\""3\"",\""4\"",\""5\"",\""6\"",\""7\"",\""8\"",\""9\"",\""10\"",\""11\"",\""12\"",\""13\"",\""14\""]","[\""1\"",\""2\"",\""3\"",\""4\"",\""5\"",\""6\"",\""7\"",\""8\"",\""9\"",\""10\"",\""11\"",\""12\"",\""13\"",\""14\"",\""15\""]",1,40422,40422,0,2026-06-17 11:54:22,2026-06-17 11:54:22
2351,2,"[\""1\"",\""2\"",\""5\"",\""6\"",\""7\"",\""8\"",\""13\"",\""14\""]","[\""1\"",\""2\"",\""3\"",\""5\"",\""6\"",\""7\"",\""8\"",\""9\"",\""11\"",\""12\"",\""13\"",\""14\"",\""15\""]",1,40422,40422,0,2026-06-17 11:54:22,2026-06-17 11:54:22
2352,3,"[\""1\"",\""2\"",\""5\"",\""6\"",\""7\"",\""8\"",\""14\""]","[\""1\"",\""2\"",\""3\"",\""5\"",\""9\"",\""12\"",\""13\"",\""14\""]",1,40422,40422,0,2026-06-17 11:54:22,2026-06-17 11:54:22
2353,4,"[\""1\"",\""7\"",\""8\"",\""14\""]","[\""1\"",\""10\"",\""12\""]",1,40422,40422,0,2026-06-17 11:54:22,2026-06-17 11:54:22
2354,1,"[\""1\"",\""2\"",\""3\"",\""4\"",\""5\"",\""6\"",\""7\"",\""8\"",\""9\"",\""10\"",\""11\"",\""12\"",\""13\"",\""14\""]","[\""1\"",\""2\"",\""3\"",\""4\"",\""5\"",\""6\"",\""7\"",\""8\"",\""9\"",\""10\"",\""11\"",\""12\"",\""13\"",\""14\"",\""15\""]",1,40424,40424,0,2026-06-17 12:06:56,2026-06-17 12:06:56
2355,2,"[\""1\"",\""2\"",\""5\"",\""6\"",\""7\"",\""8\"",\""13\"",\""14\""]","[\""1\"",\""2\"",\""3\"",\""5\"",\""6\"",\""7\"",\""8\"",\""9\"",\""11\"",\""12\"",\""13\"",\""14\"",\""15\""]",1,40424,40424,0,2026-06-17 12:06:56,2026-06-17 12:06:56
2356,3,"[\""1\"",\""2\"",\""5\"",\""6\"",\""7\"",\""8\"",\""14\""]","[\""1\"",\""2\"",\""3\"",\""5\"",\""9\"",\""12\"",\""13\"",\""14\""]",1,40424,40424,0,2026-06-17 12:06:56,2026-06-17 12:06:56
2357,4,"[\""1\"",\""7\"",\""8\"",\""14\""]","[\""1\"",\""10\"",\""12\""]",1,40424,40424,0,2026-06-17 12:06:56,2026-06-17 12:06:56
2358,1,"[\""1\"",\""2\"",\""3\"",\""4\"",\""5\"",\""6\"",\""7\"",\""8\"",\""9\"",\""10\"",\""11\"",\""12\"",\""13\"",\""14\""]","[\""1\"",\""2\"",\""3\"",\""4\"",\""5\"",\""6\"",\""7\"",\""8\"",\""9\"",\""10\"",\""11\"",\""12\"",\""13\"",\""14\"",\""15\""]",1,40425,40425,0,2026-06-17 12:21:26,2026-06-17 12:21:26
2359,2,"[\""1\"",\""2\"",\""5\"",\""6\"",\""7\"",\""8\"",\""13\"",\""14\""]","[\""1\"",\""2\"",\""3\"",\""5\"",\""6\"",\""7\"",\""8\"",\""9\"",\""11\"",\""12\"",\""13\"",\""14\"",\""15\""]",1,40425,40425,0,2026-06-17 12:21:26,2026-06-17 12:21:26
2360,3,"[\""1\"",\""2\"",\""5\"",\""6\"",\""7\"",\""8\"",\""14\""]","[\""1\"",\""2\"",\""3\"",\""5\"",\""9\"",\""12\"",\""13\"",\""14\""]",1,40425,40425,0,2026-06-17 12:21:26,2026-06-17 12:21:26
2361,4,"[\""1\"",\""7\"",\""8\"",\""14\""]","[\""1\"",\""10\"",\""12\""]",1,40425,40425,0,2026-06-17 12:21:26,2026-06-17 12:21:26
2362,1,"[\""1\"",\""2\"",\""3\"",\""4\"",\""5\"",\""6\"",\""7\"",\""8\"",\""9\"",\""10\"",\""11\"",\""12\"",\""13\"",\""14\""]","[\""1\"",\""2\"",\""3\"",\""4\"",\""5\"",\""6\"",\""7\"",\""8\"",\""9\"",\""10\"",\""11\"",\""12\"",\""13\"",\""14\"",\""15\""]",1,40426,40426,0,2026-06-17 12:29:44,2026-06-17 12:29:44
2363,2,"[\""1\"",\""2\"",\""5\"",\""6\"",\""7\"",\""8\"",\""13\"",\""14\""]","[\""1\"",\""2\"",\""3\"",\""5\"",\""6\"",\""7\"",\""8\"",\""9\"",\""11\"",\""12\"",\""13\"",\""14\"",\""15\""]",1,40426,40426,0,2026-06-17 12:29:44,2026-06-17 12:29:44
2364,3,"[\""1\"",\""2\"",\""5\"",\""6\"",\""7\"",\""8\"",\""14\""]","[\""1\"",\""2\"",\""3\"",\""5\"",\""9\"",\""12\"",\""13\"",\""14\""]",1,40426,40426,0,2026-06-17 12:29:44,2026-06-17 12:29:44
2365,4,"[\""1\"",\""7\"",\""8\"",\""14\""]","[\""1\"",\""10\"",\""12\""]",1,40426,40426,0,2026-06-17 12:29:44,2026-06-17 12:29:44
2366,1,"[\""1\"",\""2\"",\""3\"",\""4\"",\""5\"",\""6\"",\""7\"",\""8\"",\""9\"",\""10\"",\""11\"",\""12\"",\""13\"",\""14\""]","[\""1\"",\""2\"",\""3\"",\""4\"",\""5\"",\""6\"",\""7\"",\""8\"",\""9\"",\""10\"",\""11\"",\""12\"",\""13\"",\""14\"",\""15\""]",1,40427,40427,0,2026-06-17 12:38:15,2026-06-17 12:38:15
2367,2,"[\""1\"",\""2\"",\""5\"",\""6\"",\""7\"",\""8\"",\""13\"",\""14\""]","[\""1\"",\""2\"",\""3\"",\""5\"",\""6\"",\""7\"",\""8\"",\""9\"",\""11\"",\""12\"",\""13\"",\""14\"",\""15\""]",1,40427,40427,0,2026-06-17 12:38:15,2026-06-17 12:38:15
2368,3,"[\""1\"",\""2\"",\""5\"",\""6\"",\""7\"",\""8\"",\""14\""]","[\""1\"",\""2\"",\""3\"",\""5\"",\""9\"",\""12\"",\""13\"",\""14\""]",1,40427,40427,0,2026-06-17 12:38:15,2026-06-17 12:38:15
2369,4,"[\""1\"",\""7\"",\""8\"",\""14\""]","[\""1\"",\""10\"",\""12\""]",1,40427,40427,0,2026-06-17 12:38:15,2026-06-17 12:38:15
2370,1,"[\""1\"",\""2\"",\""3\"",\""4\"",\""5\"",\""6\"",\""7\"",\""8\"",\""9\"",\""10\"",\""11\"",\""12\"",\""13\"",\""14\""]","[\""1\"",\""2\"",\""3\"",\""4\"",\""5\"",\""6\"",\""7\"",\""8\"",\""9\"",\""10\"",\""11\"",\""12\"",\""13\"",\""14\"",\""15\""]",1,40429,40429,0,2026-06-17 13:05:19,2026-06-17 13:05:19
2371,2,"[\""1\"",\""2\"",\""5\"",\""6\"",\""7\"",\""8\"",\""13\"",\""14\""]","[\""1\"",\""2\"",\""3\"",\""5\"",\""6\"",\""7\"",\""8\"",\""9\"",\""11\"",\""12\"",\""13\"",\""14\"",\""15\""]",1,40429,40429,0,2026-06-17 13:05:19,2026-06-17 13:05:19
2372,3,"[\""1\"",\""2\"",\""5\"",\""6\"",\""7\"",\""8\"",\""14\""]","[\""1\"",\""2\"",\""3\"",\""5\"",\""9\"",\""12\"",\""13\"",\""14\""]",1,40429,40429,0,2026-06-17 13:05:19,2026-06-17 13:05:19
2373,4,"[\""1\"",\""7\"",\""8\"",\""14\""]","[\""1\"",\""10\"",\""12\""]",1,40429,40429,0,2026-06-17 13:05:19,2026-06-17 13:05:19
2374,1,"[\""1\"",\""2\"",\""3\"",\""4\"",\""5\"",\""6\"",\""7\"",\""8\"",\""9\"",\""10\"",\""11\"",\""12\"",\""13\"",\""14\""]","[\""1\"",\""2\"",\""3\"",\""4\"",\""5\"",\""6\"",\""7\"",\""8\"",\""9\"",\""10\"",\""11\"",\""12\"",\""13\"",\""14\"",\""15\""]",1,40430,40430,0,2026-06-17 13:10:25,2026-06-17 13:10:25
2375,2,"[\""1\"",\""2\"",\""5\"",\""6\"",\""7\"",\""8\"",\""13\"",\""14\""]","[\""1\"",\""2\"",\""3\"",\""5\"",\""6\"",\""7\"",\""8\"",\""9\"",\""11\"",\""12\"",\""13\"",\""14\"",\""15\""]",1,40430,40430,0,2026-06-17 13:10:25,2026-06-17 13:10:25
2376,3,"[\""1\"",\""2\"",\""5\"",\""6\"",\""7\"",\""8\"",\""14\""]","[\""1\"",\""2\"",\""3\"",\""5\"",\""9\"",\""12\"",\""13\"",\""14\""]",1,40430,40430,0,2026-06-17 13:10:25,2026-06-17 13:10:25
2377,4,"[\""1\"",\""7\"",\""8\"",\""14\""]","[\""1\"",\""10\"",\""12\""]",1,40430,40430,0,2026-06-17 13:10:25,2026-06-17 13:10:25
2378,1,"[\""1\"",\""2\"",\""3\"",\""4\"",\""5\"",\""6\"",\""7\"",\""8\"",\""9\"",\""10\"",\""11\"",\""12\"",\""13\"",\""14\""]","[\""1\"",\""2\"",\""3\"",\""4\"",\""5\"",\""6\"",\""7\"",\""8\"",\""9\"",\""10\"",\""11\"",\""12\"",\""13\"",\""14\"",\""15\""]",1,40431,40431,0,2026-06-17 13:17:21,2026-06-17 13:17:21
2379,2,"[\""1\"",\""2\"",\""5\"",\""6\"",\""7\"",\""8\"",\""13\"",\""14\""]","[\""1\"",\""2\"",\""3\"",\""5\"",\""6\"",\""7\"",\""8\"",\""9\"",\""11\"",\""12\"",\""13\"",\""14\"",\""15\""]",1,40431,40431,0,2026-06-17 13:17:21,2026-06-17 13:17:21
2380,3,"[\""1\"",\""2\"",\""5\"",\""6\"",\""7\"",\""8\"",\""14\""]","[\""1\"",\""2\"",\""3\"",\""5\"",\""9\"",\""12\"",\""13\"",\""14\""]",1,40431,40431,0,2026-06-17 13:17:21,2026-06-17 13:17:21
2381,4,"[\""1\"",\""7\"",\""8\"",\""14\""]","[\""1\"",\""10\"",\""12\""]",1,40431,40431,0,2026-06-17 13:17:21,2026-06-17 13:17:21
2382,1,"[\""1\"",\""2\"",\""3\"",\""4\"",\""5\"",\""6\"",\""7\"",\""8\"",\""9\"",\""10\"",\""11\"",\""12\"",\""13\"",\""14\""]","[\""1\"",\""2\"",\""3\"",\""4\"",\""5\"",\""6\"",\""7\"",\""8\"",\""9\"",\""10\"",\""11\"",\""12\"",\""13\"",\""14\"",\""15\""]",1,40433,40433,0,2026-06-17 13:24:09,2026-06-17 13:24:09
2383,2,"[\""1\"",\""2\"",\""5\"",\""6\"",\""7\"",\""8\"",\""13\"",\""14\""]","[\""1\"",\""2\"",\""3\"",\""5\"",\""6\"",\""7\"",\""8\"",\""9\"",\""11\"",\""12\"",\""13\"",\""14\"",\""15\""]",1,40433,40433,0,2026-06-17 13:24:09,2026-06-17 13:24:09
2384,3,"[\""1\"",\""2\"",\""5\"",\""6\"",\""7\"",\""8\"",\""14\""]","[\""1\"",\""2\"",\""3\"",\""5\"",\""9\"",\""12\"",\""13\"",\""14\""]",1,40433,40433,0,2026-06-17 13:24:09,2026-06-17 13:24:09
2385,4,"[\""1\"",\""7\"",\""8\"",\""14\""]","[\""1\"",\""10\"",\""12\""]",1,40433,40433,0,2026-06-17 13:24:09,2026-06-17 13:24:09
2386,1,"[\""1\"",\""2\"",\""3\"",\""4\"",\""5\"",\""6\"",\""7\"",\""8\"",\""9\"",\""10\"",\""11\"",\""12\"",\""13\"",\""14\""]","[\""1\"",\""2\"",\""3\"",\""4\"",\""5\"",\""6\"",\""7\"",\""8\"",\""9\"",\""10\"",\""11\"",\""12\"",\""13\"",\""14\"",\""15\""]",1,40435,40435,0,2026-06-17 13:39:45,2026-06-17 13:39:45
2387,2,"[\""1\"",\""2\"",\""5\"",\""6\"",\""7\"",\""8\"",\""13\"",\""14\""]","[\""1\"",\""2\"",\""3\"",\""5\"",\""6\"",\""7\"",\""8\"",\""9\"",\""11\"",\""12\"",\""13\"",\""14\"",\""15\""]",1,40435,40435,0,2026-06-17 13:39:45,2026-06-17 13:39:45
2388,3,"[\""1\"",\""2\"",\""5\"",\""6\"",\""7\"",\""8\"",\""14\""]","[\""1\"",\""2\"",\""3\"",\""5\"",\""9\"",\""12\"",\""13\"",\""14\""]",1,40435,40435,0,2026-06-17 13:39:45,2026-06-17 13:39:45
2389,4,"[\""1\"",\""7\"",\""8\"",\""14\""]","[\""1\"",\""10\"",\""12\""]",1,40435,40435,0,2026-06-17 13:39:45,2026-06-17 13:39:45
2390,1,"[\""1\"",\""2\"",\""3\"",\""4\"",\""5\"",\""6\"",\""7\"",\""8\"",\""9\"",\""10\"",\""11\"",\""12\"",\""13\"",\""14\""]","[\""1\"",\""2\"",\""3\"",\""4\"",\""5\"",\""6\"",\""7\"",\""8\"",\""9\"",\""10\"",\""11\"",\""12\"",\""13\"",\""14\"",\""15\""]",1,40438,40438,0,2026-06-17 16:33:10,2026-06-17 16:33:10
2391,2,"[\""1\"",\""2\"",\""5\"",\""6\"",\""7\"",\""8\"",\""13\"",\""14\""]","[\""1\"",\""2\"",\""3\"",\""5\"",\""6\"",\""7\"",\""8\"",\""9\"",\""11\"",\""12\"",\""13\"",\""14\"",\""15\""]",1,40438,40438,0,2026-06-17 16:33:10,2026-06-17 16:33:10
2392,3,"[\""1\"",\""2\"",\""5\"",\""6\"",\""7\"",\""8\"",\""14\""]","[\""1\"",\""2\"",\""3\"",\""5\"",\""9\"",\""12\"",\""13\"",\""14\""]",1,40438,40438,0,2026-06-17 16:33:10,2026-06-17 16:33:10
2393,4,"[\""1\"",\""7\"",\""8\"",\""14\""]","[\""1\"",\""10\"",\""12\""]",1,40438,40438,0,2026-06-17 16:33:10,2026-06-17 16:33:10
2394,1,"[\""1\"",\""2\"",\""3\"",\""4\"",\""5\"",\""6\"",\""7\"",\""8\"",\""9\"",\""10\"",\""11\"",\""12\"",\""13\"",\""14\""]","[\""1\"",\""2\"",\""3\"",\""4\"",\""5\"",\""6\"",\""7\"",\""8\"",\""9\"",\""10\"",\""11\"",\""12\"",\""13\"",\""14\"",\""15\""]",1,40440,40440,0,2026-06-18 10:58:39,2026-06-18 10:58:39
2395,2,"[\""1\"",\""2\"",\""5\"",\""6\"",\""7\"",\""8\"",\""13\"",\""14\""]","[\""1\"",\""2\"",\""3\"",\""5\"",\""6\"",\""7\"",\""8\"",\""9\"",\""11\"",\""12\"",\""13\"",\""14\"",\""15\""]",1,40440,40440,0,2026-06-18 10:58:39,2026-06-18 10:58:39
2396,3,"[\""1\"",\""2\"",\""5\"",\""6\"",\""7\"",\""8\"",\""14\""]","[\""1\"",\""2\"",\""3\"",\""5\"",\""9\"",\""12\"",\""13\"",\""14\""]",1,40440,40440,0,2026-06-18 10:58:39,2026-06-18 10:58:39
2397,4,"[\""1\"",\""7\"",\""8\"",\""14\""]","[\""1\"",\""10\"",\""12\""]",1,40440,40440,0,2026-06-18 10:58:39,2026-06-18 10:58:39
2398,1,"[\""1\"",\""2\"",\""3\"",\""4\"",\""5\"",\""6\"",\""7\"",\""8\"",\""9\"",\""10\"",\""11\"",\""12\"",\""13\"",\""14\""]","[\""1\"",\""2\"",\""3\"",\""4\"",\""5\"",\""6\"",\""7\"",\""8\"",\""9\"",\""10\"",\""11\"",\""12\"",\""13\"",\""14\"",\""15\""]",1,40441,40441,0,2026-06-18 11:40:31,2026-06-18 11:40:31
2399,2,"[\""1\"",\""2\"",\""5\"",\""6\"",\""7\"",\""8\"",\""13\"",\""14\""]","[\""1\"",\""2\"",\""3\"",\""5\"",\""6\"",\""7\"",\""8\"",\""9\"",\""11\"",\""12\"",\""13\"",\""14\"",\""15\""]",1,40441,40441,0,2026-06-18 11:40:31,2026-06-18 11:40:31
2400,3,"[\""1\"",\""2\"",\""5\"",\""6\"",\""7\"",\""8\"",\""14\""]","[\""1\"",\""2\"",\""3\"",\""5\"",\""9\"",\""12\"",\""13\"",\""14\""]",1,40441,40441,0,2026-06-18 11:40:31,2026-06-18 11:40:31
2401,4,"[\""1\"",\""7\"",\""8\"",\""14\""]","[\""1\"",\""10\"",\""12\""]",1,40441,40441,0,2026-06-18 11:40:31,2026-06-18 11:40:31
2402,1,"[\""1\"",\""2\"",\""3\"",\""4\"",\""5\"",\""6\"",\""7\"",\""8\"",\""9\"",\""10\"",\""11\"",\""12\"",\""13\"",\""14\""]","[\""1\"",\""2\"",\""3\"",\""4\"",\""5\"",\""6\"",\""7\"",\""8\"",\""9\"",\""10\"",\""11\"",\""12\"",\""13\"",\""14\"",\""15\""]",1,40442,40442,0,2026-06-18 12:19:39,2026-06-18 12:19:39
2403,2,"[\""1\"",\""2\"",\""5\"",\""6\"",\""7\"",\""8\"",\""13\"",\""14\""]","[\""1\"",\""2\"",\""3\"",\""5\"",\""6\"",\""7\"",\""8\"",\""9\"",\""11\"",\""12\"",\""13\"",\""14\"",\""15\""]",1,40442,40442,0,2026-06-18 12:19:39,2026-06-18 12:19:39
2404,3,"[\""1\"",\""2\"",\""5\"",\""6\"",\""7\"",\""8\"",\""14\""]","[\""1\"",\""2\"",\""3\"",\""5\"",\""9\"",\""12\"",\""13\"",\""14\""]",1,40442,40442,0,2026-06-18 12:19:39,2026-06-18 12:19:39
2405,4,"[\""1\"",\""7\"",\""8\"",\""14\""]","[\""1\"",\""10\"",\""12\""]",1,40442,40442,0,2026-06-18 12:19:39,2026-06-18 12:19:39
2406,1,"[\""1\"",\""2\"",\""3\"",\""4\"",\""5\"",\""6\"",\""7\"",\""8\"",\""9\"",\""10\"",\""11\"",\""12\"",\""13\"",\""14\""]","[\""1\"",\""2\"",\""3\"",\""4\"",\""5\"",\""6\"",\""7\"",\""8\"",\""9\"",\""10\"",\""11\"",\""12\"",\""13\"",\""14\"",\""15\""]",1,40443,40443,0,2026-06-18 12:37:52,2026-06-18 12:37:52
2407,2,"[\""1\"",\""2\"",\""5\"",\""6\"",\""7\"",\""8\"",\""13\"",\""14\""]","[\""1\"",\""2\"",\""3\"",\""5\"",\""6\"",\""7\"",\""8\"",\""9\"",\""11\"",\""12\"",\""13\"",\""14\"",\""15\""]",1,40443,40443,0,2026-06-18 12:37:52,2026-06-18 12:37:52
2408,3,"[\""1\"",\""2\"",\""5\"",\""6\"",\""7\"",\""8\"",\""14\""]","[\""1\"",\""2\"",\""3\"",\""5\"",\""9\"",\""12\"",\""13\"",\""14\""]",1,40443,40443,0,2026-06-18 12:37:52,2026-06-18 12:37:52
2409,4,"[\""1\"",\""7\"",\""8\"",\""14\""]","[\""1\"",\""10\"",\""12\""]",1,40443,40443,0,2026-06-18 12:37:52,2026-06-18 12:37:52
2410,1,"[\""1\"",\""2\"",\""3\"",\""4\"",\""5\"",\""6\"",\""7\"",\""8\"",\""9\"",\""10\"",\""11\"",\""12\"",\""13\"",\""14\""]","[\""1\"",\""2\"",\""3\"",\""4\"",\""5\"",\""6\"",\""7\"",\""8\"",\""9\"",\""10\"",\""11\"",\""12\"",\""13\"",\""14\"",\""15\""]",1,40444,40444,0,2026-06-18 12:44:58,2026-06-18 12:44:58
2411,2,"[\""1\"",\""2\"",\""5\"",\""6\"",\""7\"",\""8\"",\""13\"",\""14\""]","[\""1\"",\""2\"",\""3\"",\""5\"",\""6\"",\""7\"",\""8\"",\""9\"",\""11\"",\""12\"",\""13\"",\""14\"",\""15\""]",1,40444,40444,0,2026-06-18 12:44:58,2026-06-18 12:44:58
2412,3,"[\""1\"",\""2\"",\""5\"",\""6\"",\""7\"",\""8\"",\""14\""]","[\""1\"",\""2\"",\""3\"",\""5\"",\""9\"",\""12\"",\""13\"",\""14\""]",1,40444,40444,0,2026-06-18 12:44:58,2026-06-18 12:44:58
2413,4,"[\""1\"",\""7\"",\""8\"",\""14\""]","[\""1\"",\""10\"",\""12\""]",1,40444,40444,0,2026-06-18 12:44:58,2026-06-18 12:44:58
2414,1,"[\""1\"",\""2\"",\""3\"",\""4\"",\""5\"",\""6\"",\""7\"",\""8\"",\""9\"",\""10\"",\""11\"",\""12\"",\""13\"",\""14\""]","[\""1\"",\""2\"",\""3\"",\""4\"",\""5\"",\""6\"",\""7\"",\""8\"",\""9\"",\""10\"",\""11\"",\""12\"",\""13\"",\""14\"",\""15\""]",1,40445,40445,0,2026-06-18 13:00:40,2026-06-18 13:00:40
2415,2,"[\""1\"",\""2\"",\""5\"",\""6\"",\""7\"",\""8\"",\""13\"",\""14\""]","[\""1\"",\""2\"",\""3\"",\""5\"",\""6\"",\""7\"",\""8\"",\""9\"",\""11\"",\""12\"",\""13\"",\""14\"",\""15\""]",1,40445,40445,0,2026-06-18 13:00:40,2026-06-18 13:00:40
2416,3,"[\""1\"",\""2\"",\""5\"",\""6\"",\""7\"",\""8\"",\""14\""]","[\""1\"",\""2\"",\""3\"",\""5\"",\""9\"",\""12\"",\""13\"",\""14\""]",1,40445,40445,0,2026-06-18 13:00:40,2026-06-18 13:00:40
2417,4,"[\""1\"",\""7\"",\""8\"",\""14\""]","[\""1\"",\""10\"",\""12\""]",1,40445,40445,0,2026-06-18 13:00:40,2026-06-18 13:00:40
2418,1,"[\""1\"",\""2\"",\""3\"",\""4\"",\""5\"",\""6\"",\""7\"",\""8\"",\""9\"",\""10\"",\""11\"",\""12\"",\""13\"",\""14\""]","[\""1\"",\""2\"",\""3\"",\""4\"",\""5\"",\""6\"",\""7\"",\""8\"",\""9\"",\""10\"",\""11\"",\""12\"",\""13\"",\""14\"",\""15\""]",1,40446,40446,0,2026-06-18 13:04:47,2026-06-18 13:04:47
2419,2,"[\""1\"",\""2\"",\""5\"",\""6\"",\""7\"",\""8\"",\""13\"",\""14\""]","[\""1\"",\""2\"",\""3\"",\""5\"",\""6\"",\""7\"",\""8\"",\""9\"",\""11\"",\""12\"",\""13\"",\""14\"",\""15\""]",1,40446,40446,0,2026-06-18 13:04:47,2026-06-18 13:04:47
2420,3,"[\""1\"",\""2\"",\""5\"",\""6\"",\""7\"",\""8\"",\""14\""]","[\""1\"",\""2\"",\""3\"",\""5\"",\""9\"",\""12\"",\""13\"",\""14\""]",1,40446,40446,0,2026-06-18 13:04:47,2026-06-18 13:04:47
2421,4,"[\""1\"",\""7\"",\""8\"",\""14\""]","[\""1\"",\""10\"",\""12\""]",1,40446,40446,0,2026-06-18 13:04:47,2026-06-18 13:04:47
2422,1,"[\""1\"",\""2\"",\""3\"",\""4\"",\""5\"",\""6\"",\""7\"",\""8\"",\""9\"",\""10\"",\""11\"",\""12\"",\""13\"",\""14\""]","[\""1\"",\""2\"",\""3\"",\""4\"",\""5\"",\""6\"",\""7\"",\""8\"",\""9\"",\""10\"",\""11\"",\""12\"",\""13\"",\""14\"",\""15\""]",1,40447,40447,0,2026-06-18 15:16:19,2026-06-18 15:16:19
2423,2,"[\""1\"",\""2\"",\""5\"",\""6\"",\""7\"",\""8\"",\""13\"",\""14\""]","[\""1\"",\""2\"",\""3\"",\""5\"",\""6\"",\""7\"",\""8\"",\""9\"",\""11\"",\""12\"",\""13\"",\""14\"",\""15\""]",1,40447,40447,0,2026-06-18 15:16:19,2026-06-18 15:16:19
2424,3,"[\""1\"",\""2\"",\""5\"",\""6\"",\""7\"",\""8\"",\""14\""]","[\""1\"",\""2\"",\""3\"",\""5\"",\""9\"",\""12\"",\""13\"",\""14\""]",1,40447,40447,0,2026-06-18 15:16:19,2026-06-18 15:16:19
2425,4,"[\""1\"",\""7\"",\""8\"",\""14\""]","[\""1\"",\""10\"",\""12\""]",1,40447,40447,0,2026-06-18 15:16:19,2026-06-18 15:16:19
2426,1,"[\""1\"",\""2\"",\""3\"",\""4\"",\""5\"",\""6\"",\""7\"",\""8\"",\""9\"",\""10\"",\""11\"",\""12\"",\""13\"",\""14\""]","[\""1\"",\""2\"",\""3\"",\""4\"",\""5\"",\""6\"",\""7\"",\""8\"",\""9\"",\""10\"",\""11\"",\""12\"",\""13\"",\""14\"",\""15\""]",1,40448,40448,0,2026-06-18 15:18:28,2026-06-18 15:18:28
2427,2,"[\""1\"",\""2\"",\""5\"",\""6\"",\""7\"",\""8\"",\""13\"",\""14\""]","[\""1\"",\""2\"",\""3\"",\""5\"",\""6\"",\""7\"",\""8\"",\""9\"",\""11\"",\""12\"",\""13\"",\""14\"",\""15\""]",1,40448,40448,0,2026-06-18 15:18:28,2026-06-18 15:18:28
2428,3,"[\""1\"",\""2\"",\""5\"",\""6\"",\""7\"",\""8\"",\""14\""]","[\""1\"",\""2\"",\""3\"",\""5\"",\""9\"",\""12\"",\""13\"",\""14\""]",1,40448,40448,0,2026-06-18 15:18:28,2026-06-18 15:18:28
2429,4,"[\""1\"",\""7\"",\""8\"",\""14\""]","[\""1\"",\""10\"",\""12\""]",1,40448,40448,0,2026-06-18 15:18:28,2026-06-18 15:18:28
2430,1,"[\""1\"",\""2\"",\""3\"",\""4\"",\""5\"",\""6\"",\""7\"",\""8\"",\""9\"",\""10\"",\""11\"",\""12\"",\""13\"",\""14\""]","[\""1\"",\""2\"",\""3\"",\""4\"",\""5\"",\""6\"",\""7\"",\""8\"",\""9\"",\""10\"",\""11\"",\""12\"",\""13\"",\""14\"",\""15\""]",1,40449,40449,0,2026-06-18 15:33:33,2026-06-18 15:33:33
2431,2,"[\""1\"",\""2\"",\""5\"",\""6\"",\""7\"",\""8\"",\""13\"",\""14\""]","[\""1\"",\""2\"",\""3\"",\""5\"",\""6\"",\""7\"",\""8\"",\""9\"",\""11\"",\""12\"",\""13\"",\""14\"",\""15\""]",1,40449,40449,0,2026-06-18 15:33:33,2026-06-18 15:33:33
2432,3,"[\""1\"",\""2\"",\""5\"",\""6\"",\""7\"",\""8\"",\""14\""]","[\""1\"",\""2\"",\""3\"",\""5\"",\""9\"",\""12\"",\""13\"",\""14\""]",1,40449,40449,0,2026-06-18 15:33:33,2026-06-18 15:33:33
2433,4,"[\""1\"",\""7\"",\""8\"",\""14\""]","[\""1\"",\""10\"",\""12\""]",1,40449,40449,0,2026-06-18 15:33:33,2026-06-18 15:33:33
2434,1,"[\""1\"",\""2\"",\""3\"",\""4\"",\""5\"",\""6\"",\""7\"",\""8\"",\""9\"",\""10\"",\""11\"",\""12\"",\""13\"",\""14\""]","[\""1\"",\""2\"",\""3\"",\""4\"",\""5\"",\""6\"",\""7\"",\""8\"",\""9\"",\""10\"",\""11\"",\""12\"",\""13\"",\""14\"",\""15\""]",1,40450,40450,0,2026-06-18 18:31:37,2026-06-18 18:31:37
2435,2,"[\""1\"",\""2\"",\""5\"",\""6\"",\""7\"",\""8\"",\""13\"",\""14\""]","[\""1\"",\""2\"",\""3\"",\""5\"",\""6\"",\""7\"",\""8\"",\""9\"",\""11\"",\""12\"",\""13\"",\""14\"",\""15\""]",1,40450,40450,0,2026-06-18 18:31:37,2026-06-18 18:31:37
2436,3,"[\""1\"",\""2\"",\""5\"",\""6\"",\""7\"",\""8\"",\""14\""]","[\""1\"",\""2\"",\""3\"",\""5\"",\""9\"",\""12\"",\""13\"",\""14\""]",1,40450,40450,0,2026-06-18 18:31:37,2026-06-18 18:31:37
2437,4,"[\""1\"",\""7\"",\""8\"",\""14\""]","[\""1\"",\""10\"",\""12\""]",1,40450,40450,0,2026-06-18 18:31:37,2026-06-18 18:31:37
2438,1,"[\""1\"",\""2\"",\""3\"",\""4\"",\""5\"",\""6\"",\""7\"",\""8\"",\""9\"",\""10\"",\""11\"",\""12\"",\""13\"",\""14\""]","[\""1\"",\""2\"",\""3\"",\""4\"",\""5\"",\""6\"",\""7\"",\""8\"",\""9\"",\""10\"",\""11\"",\""12\"",\""13\"",\""14\"",\""15\""]",1,40452,40452,0,2026-06-19 15:37:38,2026-06-19 15:37:38
2439,2,"[\""1\"",\""2\"",\""5\"",\""6\"",\""7\"",\""8\"",\""13\"",\""14\""]","[\""1\"",\""2\"",\""3\"",\""5\"",\""6\"",\""7\"",\""8\"",\""9\"",\""11\"",\""12\"",\""13\"",\""14\"",\""15\""]",1,40452,40452,0,2026-06-19 15:37:38,2026-06-19 15:37:38
2440,3,"[\""1\"",\""2\"",\""5\"",\""6\"",\""7\"",\""8\"",\""14\""]","[\""1\"",\""2\"",\""3\"",\""5\"",\""9\"",\""12\"",\""13\"",\""14\""]",1,40452,40452,0,2026-06-19 15:37:38,2026-06-19 15:37:38
2441,4,"[\""1\"",\""7\"",\""8\"",\""14\""]","[\""1\"",\""10\"",\""12\""]",1,40452,40452,0,2026-06-19 15:37:38,2026-06-19 15:37:38
2442,1,"[\""1\"",\""2\"",\""3\"",\""4\"",\""5\"",\""6\"",\""7\"",\""8\"",\""9\"",\""10\"",\""11\"",\""12\"",\""13\"",\""14\""]","[\""1\"",\""2\"",\""3\"",\""4\"",\""5\"",\""6\"",\""7\"",\""8\"",\""9\"",\""10\"",\""11\"",\""12\"",\""13\"",\""14\"",\""15\""]",1,40455,40455,0,2026-06-19 17:32:55,2026-06-19 17:32:55
2443,2,"[\""1\"",\""2\"",\""5\"",\""6\"",\""7\"",\""8\"",\""13\"",\""14\""]","[\""1\"",\""2\"",\""3\"",\""5\"",\""6\"",\""7\"",\""8\"",\""9\"",\""11\"",\""12\"",\""13\"",\""14\"",\""15\""]",1,40455,40455,0,2026-06-19 17:32:55,2026-06-19 17:32:55
2444,3,"[\""1\"",\""2\"",\""5\"",\""6\"",\""7\"",\""8\"",\""14\""]","[\""1\"",\""2\"",\""3\"",\""5\"",\""9\"",\""12\"",\""13\"",\""14\""]",1,40455,40455,0,2026-06-19 17:32:55,2026-06-19 17:32:55
2445,4,"[\""1\"",\""7\"",\""8\"",\""14\""]","[\""1\"",\""10\"",\""12\""]",1,40455,40455,0,2026-06-19 17:32:55,2026-06-19 17:32:55
2446,1,"[\""1\"",\""2\"",\""3\"",\""4\"",\""5\"",\""6\"",\""7\"",\""8\"",\""9\"",\""10\"",\""11\"",\""12\"",\""13\"",\""14\""]","[\""1\"",\""2\"",\""3\"",\""4\"",\""5\"",\""6\"",\""7\"",\""8\"",\""9\"",\""10\"",\""11\"",\""12\"",\""13\"",\""14\"",\""15\""]",1,40456,40456,0,2026-06-19 17:41:14,2026-06-19 17:41:14
2447,2,"[\""1\"",\""2\"",\""5\"",\""6\"",\""7\"",\""8\"",\""13\"",\""14\""]","[\""1\"",\""2\"",\""3\"",\""5\"",\""6\"",\""7\"",\""8\"",\""9\"",\""11\"",\""12\"",\""13\"",\""14\"",\""15\""]",1,40456,40456,0,2026-06-19 17:41:14,2026-06-19 17:41:14
2448,3,"[\""1\"",\""2\"",\""5\"",\""6\"",\""7\"",\""8\"",\""14\""]","[\""1\"",\""2\"",\""3\"",\""5\"",\""9\"",\""12\"",\""13\"",\""14\""]",1,40456,40456,0,2026-06-19 17:41:14,2026-06-19 17:41:14
2449,4,"[\""1\"",\""7\"",\""8\"",\""14\""]","[\""1\"",\""10\"",\""12\""]",1,40456,40456,0,2026-06-19 17:41:14,2026-06-19 17:41:14
2450,1,"[\""1\"",\""2\"",\""3\"",\""4\"",\""5\"",\""6\"",\""7\"",\""8\"",\""9\"",\""10\"",\""11\"",\""12\"",\""13\"",\""14\""]","[\""1\"",\""2\"",\""3\"",\""4\"",\""5\"",\""6\"",\""7\"",\""8\"",\""9\"",\""10\"",\""11\"",\""12\"",\""13\"",\""14\"",\""15\""]",1,40457,40457,0,2026-06-22 10:56:46,2026-06-22 10:56:46
2451,2,"[\""1\"",\""2\"",\""5\"",\""6\"",\""7\"",\""8\"",\""13\"",\""14\""]","[\""1\"",\""2\"",\""3\"",\""5\"",\""6\"",\""7\"",\""8\"",\""9\"",\""11\"",\""12\"",\""13\"",\""14\"",\""15\""]",1,40457,40457,0,2026-06-22 10:56:46,2026-06-22 10:56:46
2452,3,"[\""1\"",\""2\"",\""5\"",\""6\"",\""7\"",\""8\"",\""14\""]","[\""1\"",\""2\"",\""3\"",\""5\"",\""9\"",\""12\"",\""13\"",\""14\""]",1,40457,40457,0,2026-06-22 10:56:46,2026-06-22 10:56:46
2453,4,"[\""1\"",\""7\"",\""8\"",\""14\""]","[\""1\"",\""10\"",\""12\""]",1,40457,40457,0,2026-06-22 10:56:46,2026-06-22 10:56:46
2454,1,"[\""1\"",\""2\"",\""3\"",\""4\"",\""5\"",\""6\"",\""7\"",\""8\"",\""9\"",\""10\"",\""11\"",\""12\"",\""13\"",\""14\""]","[\""1\"",\""2\"",\""3\"",\""4\"",\""5\"",\""6\"",\""7\"",\""8\"",\""9\"",\""10\"",\""11\"",\""12\"",\""13\"",\""14\"",\""15\""]",1,40458,40458,0,2026-06-22 11:00:04,2026-06-22 11:00:04
2455,2,"[\""1\"",\""2\"",\""5\"",\""6\"",\""7\"",\""8\"",\""13\"",\""14\""]","[\""1\"",\""2\"",\""3\"",\""5\"",\""6\"",\""7\"",\""8\"",\""9\"",\""11\"",\""12\"",\""13\"",\""14\"",\""15\""]",1,40458,40458,0,2026-06-22 11:00:04,2026-06-22 11:00:04
2456,3,"[\""1\"",\""2\"",\""5\"",\""6\"",\""7\"",\""8\"",\""14\""]","[\""1\"",\""2\"",\""3\"",\""5\"",\""9\"",\""12\"",\""13\"",\""14\""]",1,40458,40458,0,2026-06-22 11:00:04,2026-06-22 11:00:04
2457,4,"[\""1\"",\""7\"",\""8\"",\""14\""]","[\""1\"",\""10\"",\""12\""]",1,40458,40458,0,2026-06-22 11:00:04,2026-06-22 11:00:04
2458,1,"[\""1\"",\""2\"",\""3\"",\""4\"",\""5\"",\""6\"",\""7\"",\""8\"",\""9\"",\""10\"",\""11\"",\""12\"",\""13\"",\""14\""]","[\""1\"",\""2\"",\""3\"",\""4\"",\""5\"",\""6\"",\""7\"",\""8\"",\""9\"",\""10\"",\""11\"",\""12\"",\""13\"",\""14\"",\""15\""]",1,40459,40459,0,2026-06-22 11:14:01,2026-06-22 11:14:01
2459,2,"[\""1\"",\""2\"",\""5\"",\""6\"",\""7\"",\""8\"",\""13\"",\""14\""]","[\""1\"",\""2\"",\""3\"",\""5\"",\""6\"",\""7\"",\""8\"",\""9\"",\""11\"",\""12\"",\""13\"",\""14\"",\""15\""]",1,40459,40459,0,2026-06-22 11:14:01,2026-06-22 11:14:01
2460,3,"[\""1\"",\""2\"",\""5\"",\""6\"",\""7\"",\""8\"",\""14\""]","[\""1\"",\""2\"",\""3\"",\""5\"",\""9\"",\""12\"",\""13\"",\""14\""]",1,40459,40459,0,2026-06-22 11:14:01,2026-06-22 11:14:01
2461,4,"[\""1\"",\""7\"",\""8\"",\""14\""]","[\""1\"",\""10\"",\""12\""]",1,40459,40459,0,2026-06-22 11:14:01,2026-06-22 11:14:01
2462,1,"[\""1\"",\""2\"",\""3\"",\""4\"",\""5\"",\""6\"",\""7\"",\""8\"",\""9\"",\""10\"",\""11\"",\""12\"",\""13\"",\""14\""]","[\""1\"",\""2\"",\""3\"",\""4\"",\""5\"",\""6\"",\""7\"",\""8\"",\""9\"",\""10\"",\""11\"",\""12\"",\""13\"",\""14\"",\""15\""]",1,40460,40460,0,2026-06-22 12:41:52,2026-06-22 12:41:52
2463,2,"[\""1\"",\""2\"",\""5\"",\""6\"",\""7\"",\""8\"",\""13\"",\""14\""]","[\""1\"",\""2\"",\""3\"",\""5\"",\""6\"",\""7\"",\""8\"",\""9\"",\""11\"",\""12\"",\""13\"",\""14\"",\""15\""]",1,40460,40460,0,2026-06-22 12:41:52,2026-06-22 12:41:52
2464,3,"[\""1\"",\""2\"",\""5\"",\""6\"",\""7\"",\""8\"",\""14\""]","[\""1\"",\""2\"",\""3\"",\""5\"",\""9\"",\""12\"",\""13\"",\""14\""]",1,40460,40460,0,2026-06-22 12:41:52,2026-06-22 12:41:52
2465,4,"[\""1\"",\""7\"",\""8\"",\""14\""]","[\""1\"",\""10\"",\""12\""]",1,40460,40460,0,2026-06-22 12:41:52,2026-06-22 12:41:52
2466,1,"[\""1\"",\""2\"",\""3\"",\""4\"",\""5\"",\""6\"",\""7\"",\""8\"",\""9\"",\""10\"",\""11\"",\""12\"",\""13\"",\""14\""]","[\""1\"",\""2\"",\""3\"",\""4\"",\""5\"",\""6\"",\""7\"",\""8\"",\""9\"",\""10\"",\""11\"",\""12\"",\""13\"",\""14\"",\""15\""]",1,40461,40461,0,2026-06-22 13:08:31,2026-06-22 13:08:31
2467,2,"[\""1\"",\""2\"",\""5\"",\""6\"",\""7\"",\""8\"",\""13\"",\""14\""]","[\""1\"",\""2\"",\""3\"",\""5\"",\""6\"",\""7\"",\""8\"",\""9\"",\""11\"",\""12\"",\""13\"",\""14\"",\""15\""]",1,40461,40461,0,2026-06-22 13:08:31,2026-06-22 13:08:31
2468,3,"[\""1\"",\""2\"",\""5\"",\""6\"",\""7\"",\""8\"",\""14\""]","[\""1\"",\""2\"",\""3\"",\""5\"",\""9\"",\""12\"",\""13\"",\""14\""]",1,40461,40461,0,2026-06-22 13:08:31,2026-06-22 13:08:31
2469,4,"[\""1\"",\""7\"",\""8\"",\""14\""]","[\""1\"",\""10\"",\""12\""]",1,40461,40461,0,2026-06-22 13:08:31,2026-06-22 13:08:31
2470,1,"[\""1\"",\""2\"",\""3\"",\""4\"",\""5\"",\""6\"",\""7\"",\""8\"",\""9\"",\""10\"",\""11\"",\""12\"",\""13\"",\""14\""]","[\""1\"",\""2\"",\""3\"",\""4\"",\""5\"",\""6\"",\""7\"",\""8\"",\""9\"",\""10\"",\""11\"",\""12\"",\""13\"",\""14\"",\""15\""]",1,40464,40464,0,2026-06-22 15:38:48,2026-06-22 15:38:48
2471,2,"[\""1\"",\""2\"",\""5\"",\""6\"",\""7\"",\""8\"",\""13\"",\""14\""]","[\""1\"",\""2\"",\""3\"",\""5\"",\""6\"",\""7\"",\""8\"",\""9\"",\""11\"",\""12\"",\""13\"",\""14\"",\""15\""]",1,40464,40464,0,2026-06-22 15:38:48,2026-06-22 15:38:48
2472,3,"[\""1\"",\""2\"",\""5\"",\""6\"",\""7\"",\""8\"",\""14\""]","[\""1\"",\""2\"",\""3\"",\""5\"",\""9\"",\""12\"",\""13\"",\""14\""]",1,40464,40464,0,2026-06-22 15:38:48,2026-06-22 15:38:48
2473,4,"[\""1\"",\""7\"",\""8\"",\""14\""]","[\""1\"",\""10\"",\""12\""]",1,40464,40464,0,2026-06-22 15:38:48,2026-06-22 15:38:48
2474,1,"[\""1\"",\""2\"",\""3\"",\""4\"",\""5\"",\""6\"",\""7\"",\""8\"",\""9\"",\""10\"",\""11\"",\""12\"",\""13\"",\""14\""]","[\""1\"",\""2\"",\""3\"",\""4\"",\""5\"",\""6\"",\""7\"",\""8\"",\""9\"",\""10\"",\""11\"",\""12\"",\""13\"",\""14\"",\""15\""]",1,40465,40465,0,2026-06-22 15:42:43,2026-06-22 15:42:43
2475,2,"[\""1\"",\""2\"",\""5\"",\""6\"",\""7\"",\""8\"",\""13\"",\""14\""]","[\""1\"",\""2\"",\""3\"",\""5\"",\""6\"",\""7\"",\""8\"",\""9\"",\""11\"",\""12\"",\""13\"",\""14\"",\""15\""]",1,40465,40465,0,2026-06-22 15:42:43,2026-06-22 15:42:43
2476,3,"[\""1\"",\""2\"",\""5\"",\""6\"",\""7\"",\""8\"",\""14\""]","[\""1\"",\""2\"",\""3\"",\""5\"",\""9\"",\""12\"",\""13\"",\""14\""]",1,40465,40465,0,2026-06-22 15:42:43,2026-06-22 15:42:43
2477,4,"[\""1\"",\""7\"",\""8\"",\""14\""]","[\""1\"",\""10\"",\""12\""]",1,40465,40465,0,2026-06-22 15:42:43,2026-06-22 15:42:43
2478,1,"[\""1\"",\""2\"",\""3\"",\""4\"",\""5\"",\""6\"",\""7\"",\""8\"",\""9\"",\""10\"",\""11\"",\""12\"",\""13\"",\""14\""]","[\""1\"",\""2\"",\""3\"",\""4\"",\""5\"",\""6\"",\""7\"",\""8\"",\""9\"",\""10\"",\""11\"",\""12\"",\""13\"",\""14\"",\""15\""]",1,40466,40466,0,2026-06-22 15:45:03,2026-06-22 15:45:03
2479,2,"[\""1\"",\""2\"",\""5\"",\""6\"",\""7\"",\""8\"",\""13\"",\""14\""]","[\""1\"",\""2\"",\""3\"",\""5\"",\""6\"",\""7\"",\""8\"",\""9\"",\""11\"",\""12\"",\""13\"",\""14\"",\""15\""]",1,40466,40466,0,2026-06-22 15:45:03,2026-06-22 15:45:03
2480,3,"[\""1\"",\""2\"",\""5\"",\""6\"",\""7\"",\""8\"",\""14\""]","[\""1\"",\""2\"",\""3\"",\""5\"",\""9\"",\""12\"",\""13\"",\""14\""]",1,40466,40466,0,2026-06-22 15:45:03,2026-06-22 15:45:03
2481,4,"[\""1\"",\""7\"",\""8\"",\""14\""]","[\""1\"",\""10\"",\""12\""]",1,40466,40466,0,2026-06-22 15:45:03,2026-06-22 15:45:03
2482,1,"[\""1\"",\""2\"",\""3\"",\""4\"",\""5\"",\""6\"",\""7\"",\""8\"",\""9\"",\""10\"",\""11\"",\""12\"",\""13\"",\""14\""]","[\""1\"",\""2\"",\""3\"",\""4\"",\""5\"",\""6\"",\""7\"",\""8\"",\""9\"",\""10\"",\""11\"",\""12\"",\""13\"",\""14\"",\""15\""]",1,40467,40467,0,2026-06-22 15:51:39,2026-06-22 15:51:39
2483,2,"[\""1\"",\""2\"",\""5\"",\""6\"",\""7\"",\""8\"",\""13\"",\""14\""]","[\""1\"",\""2\"",\""3\"",\""5\"",\""6\"",\""7\"",\""8\"",\""9\"",\""11\"",\""12\"",\""13\"",\""14\"",\""15\""]",1,40467,40467,0,2026-06-22 15:51:39,2026-06-22 15:51:39
2484,3,"[\""1\"",\""2\"",\""5\"",\""6\"",\""7\"",\""8\"",\""14\""]","[\""1\"",\""2\"",\""3\"",\""5\"",\""9\"",\""12\"",\""13\"",\""14\""]",1,40467,40467,0,2026-06-22 15:51:39,2026-06-22 15:51:39
2485,4,"[\""1\"",\""7\"",\""8\"",\""14\""]","[\""1\"",\""10\"",\""12\""]",1,40467,40467,0,2026-06-22 15:51:39,2026-06-22 15:51:39
2486,1,"[\""1\"",\""2\"",\""3\"",\""4\"",\""5\"",\""6\"",\""7\"",\""8\"",\""9\"",\""10\"",\""11\"",\""12\"",\""13\"",\""14\""]","[\""1\"",\""2\"",\""3\"",\""4\"",\""5\"",\""6\"",\""7\"",\""8\"",\""9\"",\""10\"",\""11\"",\""12\"",\""13\"",\""14\"",\""15\""]",1,40468,40468,0,2026-06-23 11:55:02,2026-06-23 11:55:02
2487,2,"[\""1\"",\""2\"",\""5\"",\""6\"",\""7\"",\""8\"",\""13\"",\""14\""]","[\""1\"",\""2\"",\""3\"",\""5\"",\""6\"",\""7\"",\""8\"",\""9\"",\""11\"",\""12\"",\""13\"",\""14\"",\""15\""]",1,40468,40468,0,2026-06-23 11:55:02,2026-06-23 11:55:02
2488,3,"[\""1\"",\""2\"",\""5\"",\""6\"",\""7\"",\""8\"",\""14\""]","[\""1\"",\""2\"",\""3\"",\""5\"",\""9\"",\""12\"",\""13\"",\""14\""]",1,40468,40468,0,2026-06-23 11:55:02,2026-06-23 11:55:02
2489,4,"[\""1\"",\""7\"",\""8\"",\""14\""]","[\""1\"",\""10\"",\""12\""]",1,40468,40468,0,2026-06-23 11:55:02,2026-06-23 11:55:02
2490,1,"[\""1\"",\""2\"",\""3\"",\""4\"",\""5\"",\""6\"",\""7\"",\""8\"",\""9\"",\""10\"",\""11\"",\""12\"",\""13\"",\""14\""]","[\""1\"",\""2\"",\""3\"",\""4\"",\""5\"",\""6\"",\""7\"",\""8\"",\""9\"",\""10\"",\""11\"",\""12\"",\""13\"",\""14\"",\""15\""]",1,40469,40469,0,2026-06-23 12:23:56,2026-06-23 12:23:56
2491,2,"[\""1\"",\""2\"",\""5\"",\""6\"",\""7\"",\""8\"",\""13\"",\""14\""]","[\""1\"",\""2\"",\""3\"",\""5\"",\""6\"",\""7\"",\""8\"",\""9\"",\""11\"",\""12\"",\""13\"",\""14\"",\""15\""]",1,40469,40469,0,2026-06-23 12:23:56,2026-06-23 12:23:56
2492,3,"[\""1\"",\""2\"",\""5\"",\""6\"",\""7\"",\""8\"",\""14\""]","[\""1\"",\""2\"",\""3\"",\""5\"",\""9\"",\""12\"",\""13\"",\""14\""]",1,40469,40469,0,2026-06-23 12:23:56,2026-06-23 12:23:56
2493,4,"[\""1\"",\""7\"",\""8\"",\""14\""]","[\""1\"",\""10\"",\""12\""]",1,40469,40469,0,2026-06-23 12:23:56,2026-06-23 12:23:56
2494,1,"[\""1\"",\""2\"",\""3\"",\""4\"",\""5\"",\""6\"",\""7\"",\""8\"",\""9\"",\""10\"",\""11\"",\""12\"",\""13\"",\""14\""]","[\""1\"",\""2\"",\""3\"",\""4\"",\""5\"",\""6\"",\""7\"",\""8\"",\""9\"",\""10\"",\""11\"",\""12\"",\""13\"",\""14\"",\""15\""]",1,40470,40470,0,2026-06-23 12:33:29,2026-06-23 12:33:29
2495,2,"[\""1\"",\""2\"",\""5\"",\""6\"",\""7\"",\""8\"",\""13\"",\""14\""]","[\""1\"",\""2\"",\""3\"",\""5\"",\""6\"",\""7\"",\""8\"",\""9\"",\""11\"",\""12\"",\""13\"",\""14\"",\""15\""]",1,40470,40470,0,2026-06-23 12:33:29,2026-06-23 12:33:29
2496,3,"[\""1\"",\""2\"",\""5\"",\""6\"",\""7\"",\""8\"",\""14\""]","[\""1\"",\""2\"",\""3\"",\""5\"",\""9\"",\""12\"",\""13\"",\""14\""]",1,40470,40470,0,2026-06-23 12:33:29,2026-06-23 12:33:29
2497,4,"[\""1\"",\""7\"",\""8\"",\""14\""]","[\""1\"",\""10\"",\""12\""]",1,40470,40470,0,2026-06-23 12:33:29,2026-06-23 12:33:29
2498,1,"[\""1\"",\""2\"",\""3\"",\""4\"",\""5\"",\""6\"",\""7\"",\""8\"",\""9\"",\""10\"",\""11\"",\""12\"",\""13\"",\""14\""]","[\""1\"",\""2\"",\""3\"",\""4\"",\""5\"",\""6\"",\""7\"",\""8\"",\""9\"",\""10\"",\""11\"",\""12\"",\""13\"",\""14\"",\""15\""]",1,40471,40471,0,2026-06-23 12:59:56,2026-06-23 12:59:56
2499,2,"[\""1\"",\""2\"",\""5\"",\""6\"",\""7\"",\""8\"",\""13\"",\""14\""]","[\""1\"",\""2\"",\""3\"",\""5\"",\""6\"",\""7\"",\""8\"",\""9\"",\""11\"",\""12\"",\""13\"",\""14\"",\""15\""]",1,40471,40471,0,2026-06-23 12:59:56,2026-06-23 12:59:56
2500,3,"[\""1\"",\""2\"",\""5\"",\""6\"",\""7\"",\""8\"",\""14\""]","[\""1\"",\""2\"",\""3\"",\""5\"",\""9\"",\""12\"",\""13\"",\""14\""]",1,40471,40471,0,2026-06-23 12:59:56,2026-06-23 12:59:56
2501,4,"[\""1\"",\""7\"",\""8\"",\""14\""]","[\""1\"",\""10\"",\""12\""]",1,40471,40471,0,2026-06-23 12:59:56,2026-06-23 12:59:56
2502,1,"[\""1\"",\""2\"",\""3\"",\""4\"",\""5\"",\""6\"",\""7\"",\""8\"",\""9\"",\""10\"",\""11\"",\""12\"",\""13\"",\""14\""]","[\""1\"",\""2\"",\""3\"",\""4\"",\""5\"",\""6\"",\""7\"",\""8\"",\""9\"",\""10\"",\""11\"",\""12\"",\""13\"",\""14\"",\""15\""]",1,40472,40472,0,2026-06-23 14:52:08,2026-06-23 14:52:08
2503,2,"[\""1\"",\""2\"",\""5\"",\""6\"",\""7\"",\""8\"",\""13\"",\""14\""]","[\""1\"",\""2\"",\""3\"",\""5\"",\""6\"",\""7\"",\""8\"",\""9\"",\""11\"",\""12\"",\""13\"",\""14\"",\""15\""]",1,40472,40472,0,2026-06-23 14:52:08,2026-06-23 14:52:08
2504,3,"[\""1\"",\""2\"",\""5\"",\""6\"",\""7\"",\""8\"",\""14\""]","[\""1\"",\""2\"",\""3\"",\""5\"",\""9\"",\""12\"",\""13\"",\""14\""]",1,40472,40472,0,2026-06-23 14:52:08,2026-06-23 14:52:08
2505,4,"[\""1\"",\""7\"",\""8\"",\""14\""]","[\""1\"",\""10\"",\""12\""]",1,40472,40472,0,2026-06-23 14:52:08,2026-06-23 14:52:08
2506,1,"[\""1\"",\""2\"",\""3\"",\""4\"",\""5\"",\""6\"",\""7\"",\""8\"",\""9\"",\""10\"",\""11\"",\""12\"",\""13\"",\""14\""]","[\""1\"",\""2\"",\""3\"",\""4\"",\""5\"",\""6\"",\""7\"",\""8\"",\""9\"",\""10\"",\""11\"",\""12\"",\""13\"",\""14\"",\""15\""]",1,40474,40474,0,2026-06-24 12:54:32,2026-06-24 12:54:32
2507,2,"[\""1\"",\""2\"",\""5\"",\""6\"",\""7\"",\""8\"",\""13\"",\""14\""]","[\""1\"",\""2\"",\""3\"",\""5\"",\""6\"",\""7\"",\""8\"",\""9\"",\""11\"",\""12\"",\""13\"",\""14\"",\""15\""]",1,40474,40474,0,2026-06-24 12:54:32,2026-06-24 12:54:32
2508,3,"[\""1\"",\""2\"",\""5\"",\""6\"",\""7\"",\""8\"",\""14\""]","[\""1\"",\""2\"",\""3\"",\""5\"",\""9\"",\""12\"",\""13\"",\""14\""]",1,40474,40474,0,2026-06-24 12:54:32,2026-06-24 12:54:32
2509,4,"[\""1\"",\""7\"",\""8\"",\""14\""]","[\""1\"",\""10\"",\""12\""]",1,40474,40474,0,2026-06-24 12:54:32,2026-06-24 12:54:32
2510,1,"[\""1\"",\""2\"",\""3\"",\""4\"",\""5\"",\""6\"",\""7\"",\""8\"",\""9\"",\""10\"",\""11\"",\""12\"",\""13\"",\""14\""]","[\""1\"",\""2\"",\""3\"",\""4\"",\""5\"",\""6\"",\""7\"",\""8\"",\""9\"",\""10\"",\""11\"",\""12\"",\""13\"",\""14\"",\""15\""]",1,40475,40475,0,2026-06-24 13:07:02,2026-06-24 13:07:02
2511,2,"[\""1\"",\""2\"",\""5\"",\""6\"",\""7\"",\""8\"",\""13\"",\""14\""]","[\""1\"",\""2\"",\""3\"",\""5\"",\""6\"",\""7\"",\""8\"",\""9\"",\""11\"",\""12\"",\""13\"",\""14\"",\""15\""]",1,40475,40475,0,2026-06-24 13:07:02,2026-06-24 13:07:02
2512,3,"[\""1\"",\""2\"",\""5\"",\""6\"",\""7\"",\""8\"",\""14\""]","[\""1\"",\""2\"",\""3\"",\""5\"",\""9\"",\""12\"",\""13\"",\""14\""]",1,40475,40475,0,2026-06-24 13:07:02,2026-06-24 13:07:02
2513,4,"[\""1\"",\""7\"",\""8\"",\""14\""]","[\""1\"",\""10\"",\""12\""]",1,40475,40475,0,2026-06-24 13:07:02,2026-06-24 13:07:02
2514,1,"[\""1\"",\""2\"",\""3\"",\""4\"",\""5\"",\""6\"",\""7\"",\""8\"",\""9\"",\""10\"",\""11\"",\""12\"",\""13\"",\""14\""]","[\""1\"",\""2\"",\""3\"",\""4\"",\""5\"",\""6\"",\""7\"",\""8\"",\""9\"",\""10\"",\""11\"",\""12\"",\""13\"",\""14\"",\""15\""]",1,40476,40476,0,2026-06-24 16:45:29,2026-06-24 16:45:29
2515,2,"[\""1\"",\""2\"",\""5\"",\""6\"",\""7\"",\""8\"",\""13\"",\""14\""]","[\""1\"",\""2\"",\""3\"",\""5\"",\""6\"",\""7\"",\""8\"",\""9\"",\""11\"",\""12\"",\""13\"",\""14\"",\""15\""]",1,40476,40476,0,2026-06-24 16:45:29,2026-06-24 16:45:29
2516,3,"[\""1\"",\""2\"",\""5\"",\""6\"",\""7\"",\""8\"",\""14\""]","[\""1\"",\""2\"",\""3\"",\""5\"",\""9\"",\""12\"",\""13\"",\""14\""]",1,40476,40476,0,2026-06-24 16:45:29,2026-06-24 16:45:29
2517,4,"[\""1\"",\""7\"",\""8\"",\""14\""]","[\""1\"",\""10\"",\""12\""]",1,40476,40476,0,2026-06-24 16:45:29,2026-06-24 16:45:29
2518,1,"[\""1\"",\""2\"",\""3\"",\""4\"",\""5\"",\""6\"",\""7\"",\""8\"",\""9\"",\""10\"",\""11\"",\""12\"",\""13\"",\""14\""]","[\""1\"",\""2\"",\""3\"",\""4\"",\""5\"",\""6\"",\""7\"",\""8\"",\""9\"",\""10\"",\""11\"",\""12\"",\""13\"",\""14\"",\""15\""]",1,40478,40478,0,2026-06-24 17:01:30,2026-06-24 17:01:30
2519,2,"[\""1\"",\""2\"",\""5\"",\""6\"",\""7\"",\""8\"",\""13\"",\""14\""]","[\""1\"",\""2\"",\""3\"",\""5\"",\""6\"",\""7\"",\""8\"",\""9\"",\""11\"",\""12\"",\""13\"",\""14\"",\""15\""]",1,40478,40478,0,2026-06-24 17:01:30,2026-06-24 17:01:30
2520,3,"[\""1\"",\""2\"",\""5\"",\""6\"",\""7\"",\""8\"",\""14\""]","[\""1\"",\""2\"",\""3\"",\""5\"",\""9\"",\""12\"",\""13\"",\""14\""]",1,40478,40478,0,2026-06-24 17:01:30,2026-06-24 17:01:30
2521,4,"[\""1\"",\""7\"",\""8\"",\""14\""]","[\""1\"",\""10\"",\""12\""]",1,40478,40478,0,2026-06-24 17:01:30,2026-06-24 17:01:30
2522,1,"[\""1\"",\""2\"",\""3\"",\""4\"",\""5\"",\""6\"",\""7\"",\""8\"",\""9\"",\""10\"",\""11\"",\""12\"",\""13\"",\""14\""]","[\""1\"",\""2\"",\""3\"",\""4\"",\""5\"",\""6\"",\""7\"",\""8\"",\""9\"",\""10\"",\""11\"",\""12\"",\""13\"",\""14\"",\""15\""]",1,40480,40480,0,2026-06-24 17:13:37,2026-06-24 17:13:37
2523,2,"[\""1\"",\""2\"",\""5\"",\""6\"",\""7\"",\""8\"",\""13\"",\""14\""]","[\""1\"",\""2\"",\""3\"",\""5\"",\""6\"",\""7\"",\""8\"",\""9\"",\""11\"",\""12\"",\""13\"",\""14\"",\""15\""]",1,40480,40480,0,2026-06-24 17:13:37,2026-06-24 17:13:37
2524,3,"[\""1\"",\""2\"",\""5\"",\""6\"",\""7\"",\""8\"",\""14\""]","[\""1\"",\""2\"",\""3\"",\""5\"",\""9\"",\""12\"",\""13\"",\""14\""]",1,40480,40480,0,2026-06-24 17:13:37,2026-06-24 17:13:37
2525,4,"[\""1\"",\""7\"",\""8\"",\""14\""]","[\""1\"",\""10\"",\""12\""]",1,40480,40480,0,2026-06-24 17:13:37,2026-06-24 17:13:37
2526,1,"[\""1\"",\""2\"",\""3\"",\""4\"",\""5\"",\""6\"",\""7\"",\""8\"",\""9\"",\""10\"",\""11\"",\""12\"",\""13\"",\""14\""]","[\""1\"",\""2\"",\""3\"",\""4\"",\""5\"",\""6\"",\""7\"",\""8\"",\""9\"",\""10\"",\""11\"",\""12\"",\""13\"",\""14\"",\""15\""]",1,40481,40481,0,2026-06-24 17:15:06,2026-06-24 17:15:06
2527,2,"[\""1\"",\""2\"",\""5\"",\""6\"",\""7\"",\""8\"",\""13\"",\""14\""]","[\""1\"",\""2\"",\""3\"",\""5\"",\""6\"",\""7\"",\""8\"",\""9\"",\""11\"",\""12\"",\""13\"",\""14\"",\""15\""]",1,40481,40481,0,2026-06-24 17:15:06,2026-06-24 17:15:06
2528,3,"[\""1\"",\""2\"",\""5\"",\""6\"",\""7\"",\""8\"",\""14\""]","[\""1\"",\""2\"",\""3\"",\""5\"",\""9\"",\""12\"",\""13\"",\""14\""]",1,40481,40481,0,2026-06-24 17:15:06,2026-06-24 17:15:06
2529,4,"[\""1\"",\""7\"",\""8\"",\""14\""]","[\""1\"",\""10\"",\""12\""]",1,40481,40481,0,2026-06-24 17:15:06,2026-06-24 17:15:06
2530,1,"[\""1\"",\""2\"",\""3\"",\""4\"",\""5\"",\""6\"",\""7\"",\""8\"",\""9\"",\""10\"",\""11\"",\""12\"",\""13\"",\""14\""]","[\""1\"",\""2\"",\""3\"",\""4\"",\""5\"",\""6\"",\""7\"",\""8\"",\""9\"",\""10\"",\""11\"",\""12\"",\""13\"",\""14\"",\""15\""]",1,40482,40482,0,2026-06-24 17:20:33,2026-06-24 17:20:33
2531,2,"[\""1\"",\""2\"",\""5\"",\""6\"",\""7\"",\""8\"",\""13\"",\""14\""]","[\""1\"",\""2\"",\""3\"",\""5\"",\""6\"",\""7\"",\""8\"",\""9\"",\""11\"",\""12\"",\""13\"",\""14\"",\""15\""]",1,40482,40482,0,2026-06-24 17:20:33,2026-06-24 17:20:33
2532,3,"[\""1\"",\""2\"",\""5\"",\""6\"",\""7\"",\""8\"",\""14\""]","[\""1\"",\""2\"",\""3\"",\""5\"",\""9\"",\""12\"",\""13\"",\""14\""]",1,40482,40482,0,2026-06-24 17:20:33,2026-06-24 17:20:33
2533,4,"[\""1\"",\""7\"",\""8\"",\""14\""]","[\""1\"",\""10\"",\""12\""]",1,40482,40482,0,2026-06-24 17:20:33,2026-06-24 17:20:33
2534,1,"[\""1\"",\""2\"",\""3\"",\""4\"",\""5\"",\""6\"",\""7\"",\""8\"",\""9\"",\""10\"",\""11\"",\""12\"",\""13\"",\""14\""]","[\""1\"",\""2\"",\""3\"",\""4\"",\""5\"",\""6\"",\""7\"",\""8\"",\""9\"",\""10\"",\""11\"",\""12\"",\""13\"",\""14\"",\""15\""]",1,40484,40484,0,2026-06-24 17:36:27,2026-06-24 17:36:27
2535,2,"[\""1\"",\""2\"",\""5\"",\""6\"",\""7\"",\""8\"",\""13\"",\""14\""]","[\""1\"",\""2\"",\""3\"",\""5\"",\""6\"",\""7\"",\""8\"",\""9\"",\""11\"",\""12\"",\""13\"",\""14\"",\""15\""]",1,40484,40484,0,2026-06-24 17:36:27,2026-06-24 17:36:27
2536,3,"[\""1\"",\""2\"",\""5\"",\""6\"",\""7\"",\""8\"",\""14\""]","[\""1\"",\""2\"",\""3\"",\""5\"",\""9\"",\""12\"",\""13\"",\""14\""]",1,40484,40484,0,2026-06-24 17:36:27,2026-06-24 17:36:27
2537,4,"[\""1\"",\""7\"",\""8\"",\""14\""]","[\""1\"",\""10\"",\""12\""]",1,40484,40484,0,2026-06-24 17:36:27,2026-06-24 17:36:27
2538,1,"[\""1\"",\""2\"",\""3\"",\""4\"",\""5\"",\""6\"",\""7\"",\""8\"",\""9\"",\""10\"",\""11\"",\""12\"",\""13\"",\""14\""]","[\""1\"",\""2\"",\""3\"",\""4\"",\""5\"",\""6\"",\""7\"",\""8\"",\""9\"",\""10\"",\""11\"",\""12\"",\""13\"",\""14\"",\""15\""]",1,40485,40485,0,2026-06-24 17:44:52,2026-06-24 17:44:52
2539,2,"[\""1\"",\""2\"",\""5\"",\""6\"",\""7\"",\""8\"",\""13\"",\""14\""]","[\""1\"",\""2\"",\""3\"",\""5\"",\""6\"",\""7\"",\""8\"",\""9\"",\""11\"",\""12\"",\""13\"",\""14\"",\""15\""]",1,40485,40485,0,2026-06-24 17:44:52,2026-06-24 17:44:52
2540,3,"[\""1\"",\""2\"",\""5\"",\""6\"",\""7\"",\""8\"",\""14\""]","[\""1\"",\""2\"",\""3\"",\""5\"",\""9\"",\""12\"",\""13\"",\""14\""]",1,40485,40485,0,2026-06-24 17:44:52,2026-06-24 17:44:52
2541,4,"[\""1\"",\""7\"",\""8\"",\""14\""]","[\""1\"",\""10\"",\""12\""]",1,40485,40485,0,2026-06-24 17:44:52,2026-06-24 17:44:52
2542,1,"[\""1\"",\""2\"",\""3\"",\""4\"",\""5\"",\""6\"",\""7\"",\""8\"",\""9\"",\""10\"",\""11\"",\""12\"",\""13\"",\""14\""]","[\""1\"",\""2\"",\""3\"",\""4\"",\""5\"",\""6\"",\""7\"",\""8\"",\""9\"",\""10\"",\""11\"",\""12\"",\""13\"",\""14\"",\""15\""]",1,40486,40486,0,2026-06-24 17:51:07,2026-06-24 17:51:07
2543,2,"[\""1\"",\""2\"",\""5\"",\""6\"",\""7\"",\""8\"",\""13\"",\""14\""]","[\""1\"",\""2\"",\""3\"",\""5\"",\""6\"",\""7\"",\""8\"",\""9\"",\""11\"",\""12\"",\""13\"",\""14\"",\""15\""]",1,40486,40486,0,2026-06-24 17:51:07,2026-06-24 17:51:07
2544,3,"[\""1\"",\""2\"",\""5\"",\""6\"",\""7\"",\""8\"",\""14\""]","[\""1\"",\""2\"",\""3\"",\""5\"",\""9\"",\""12\"",\""13\"",\""14\""]",1,40486,40486,0,2026-06-24 17:51:07,2026-06-24 17:51:07
2545,4,"[\""1\"",\""7\"",\""8\"",\""14\""]","[\""1\"",\""10\"",\""12\""]",1,40486,40486,0,2026-06-24 17:51:07,2026-06-24 17:51:07
2546,1,"[\""1\"",\""2\"",\""3\"",\""4\"",\""5\"",\""6\"",\""7\"",\""8\"",\""9\"",\""10\"",\""11\"",\""12\"",\""13\"",\""14\""]","[\""1\"",\""2\"",\""3\"",\""4\"",\""5\"",\""6\"",\""7\"",\""8\"",\""9\"",\""10\"",\""11\"",\""12\"",\""13\"",\""14\"",\""15\""]",1,40487,40487,0,2026-06-25 11:48:18,2026-06-25 11:48:18
2547,2,"[\""1\"",\""2\"",\""5\"",\""6\"",\""7\"",\""8\"",\""13\"",\""14\""]","[\""1\"",\""2\"",\""3\"",\""5\"",\""6\"",\""7\"",\""8\"",\""9\"",\""11\"",\""12\"",\""13\"",\""14\"",\""15\""]",1,40487,40487,0,2026-06-25 11:48:18,2026-06-25 11:48:18
2548,3,"[\""1\"",\""2\"",\""5\"",\""6\"",\""7\"",\""8\"",\""14\""]","[\""1\"",\""2\"",\""3\"",\""5\"",\""9\"",\""12\"",\""13\"",\""14\""]",1,40487,40487,0,2026-06-25 11:48:18,2026-06-25 11:48:18
2549,4,"[\""1\"",\""7\"",\""8\"",\""14\""]","[\""1\"",\""10\"",\""12\""]",1,40487,40487,0,2026-06-25 11:48:18,2026-06-25 11:48:18
2550,1,"[\""1\"",\""2\"",\""3\"",\""4\"",\""5\"",\""6\"",\""7\"",\""8\"",\""9\"",\""10\"",\""11\"",\""12\"",\""13\"",\""14\""]","[\""1\"",\""2\"",\""3\"",\""4\"",\""5\"",\""6\"",\""7\"",\""8\"",\""9\"",\""10\"",\""11\"",\""12\"",\""13\"",\""14\"",\""15\""]",1,40488,40488,0,2026-06-25 11:49:40,2026-06-25 11:49:40
2551,2,"[\""1\"",\""2\"",\""5\"",\""6\"",\""7\"",\""8\"",\""13\"",\""14\""]","[\""1\"",\""2\"",\""3\"",\""5\"",\""6\"",\""7\"",\""8\"",\""9\"",\""11\"",\""12\"",\""13\"",\""14\"",\""15\""]",1,40488,40488,0,2026-06-25 11:49:40,2026-06-25 11:49:40
2552,3,"[\""1\"",\""2\"",\""5\"",\""6\"",\""7\"",\""8\"",\""14\""]","[\""1\"",\""2\"",\""3\"",\""5\"",\""9\"",\""12\"",\""13\"",\""14\""]",1,40488,40488,0,2026-06-25 11:49:40,2026-06-25 11:49:40
2553,4,"[\""1\"",\""7\"",\""8\"",\""14\""]","[\""1\"",\""10\"",\""12\""]",1,40488,40488,0,2026-06-25 11:49:40,2026-06-25 11:49:40
2554,1,"[\""1\"",\""2\"",\""3\"",\""4\"",\""5\"",\""6\"",\""7\"",\""8\"",\""9\"",\""10\"",\""11\"",\""12\"",\""13\"",\""14\""]","[\""1\"",\""2\"",\""3\"",\""4\"",\""5\"",\""6\"",\""7\"",\""8\"",\""9\"",\""10\"",\""11\"",\""12\"",\""13\"",\""14\"",\""15\""]",1,40489,40489,0,2026-06-25 12:15:33,2026-06-25 12:15:33
2555,2,"[\""1\"",\""2\"",\""5\"",\""6\"",\""7\"",\""8\"",\""13\"",\""14\""]","[\""1\"",\""2\"",\""3\"",\""5\"",\""6\"",\""7\"",\""8\"",\""9\"",\""11\"",\""12\"",\""13\"",\""14\"",\""15\""]",1,40489,40489,0,2026-06-25 12:15:33,2026-06-25 12:15:33
2556,3,"[\""1\"",\""2\"",\""5\"",\""6\"",\""7\"",\""8\"",\""14\""]","[\""1\"",\""2\"",\""3\"",\""5\"",\""9\"",\""12\"",\""13\"",\""14\""]",1,40489,40489,0,2026-06-25 12:15:33,2026-06-25 12:15:33
2557,4,"[\""1\"",\""7\"",\""8\"",\""14\""]","[\""1\"",\""10\"",\""12\""]",1,40489,40489,0,2026-06-25 12:15:33,2026-06-25 12:15:33
2558,1,"[\""1\"",\""2\"",\""3\"",\""4\"",\""5\"",\""6\"",\""7\"",\""8\"",\""9\"",\""10\"",\""11\"",\""12\"",\""13\"",\""14\""]","[\""1\"",\""2\"",\""3\"",\""4\"",\""5\"",\""6\"",\""7\"",\""8\"",\""9\"",\""10\"",\""11\"",\""12\"",\""13\"",\""14\"",\""15\""]",1,40490,40490,0,2026-06-25 12:59:44,2026-06-25 12:59:44
2559,2,"[\""1\"",\""2\"",\""5\"",\""6\"",\""7\"",\""8\"",\""13\"",\""14\""]","[\""1\"",\""2\"",\""3\"",\""5\"",\""6\"",\""7\"",\""8\"",\""9\"",\""11\"",\""12\"",\""13\"",\""14\"",\""15\""]",1,40490,40490,0,2026-06-25 12:59:44,2026-06-25 12:59:44
2560,3,"[\""1\"",\""2\"",\""5\"",\""6\"",\""7\"",\""8\"",\""14\""]","[\""1\"",\""2\"",\""3\"",\""5\"",\""9\"",\""12\"",\""13\"",\""14\""]",1,40490,40490,0,2026-06-25 12:59:44,2026-06-25 12:59:44
2561,4,"[\""1\"",\""7\"",\""8\"",\""14\""]","[\""1\"",\""10\"",\""12\""]",1,40490,40490,0,2026-06-25 12:59:44,2026-06-25 12:59:44
2562,1,"[\""1\"",\""2\"",\""3\"",\""4\"",\""5\"",\""6\"",\""7\"",\""8\"",\""9\"",\""10\"",\""11\"",\""12\"",\""13\"",\""14\""]","[\""1\"",\""2\"",\""3\"",\""4\"",\""5\"",\""6\"",\""7\"",\""8\"",\""9\"",\""10\"",\""11\"",\""12\"",\""13\"",\""14\"",\""15\""]",1,40491,40491,0,2026-06-25 13:40:52,2026-06-25 13:40:52
2563,2,"[\""1\"",\""2\"",\""5\"",\""6\"",\""7\"",\""8\"",\""13\"",\""14\""]","[\""1\"",\""2\"",\""3\"",\""5\"",\""6\"",\""7\"",\""8\"",\""9\"",\""11\"",\""12\"",\""13\"",\""14\"",\""15\""]",1,40491,40491,0,2026-06-25 13:40:52,2026-06-25 13:40:52
2564,3,"[\""1\"",\""2\"",\""5\"",\""6\"",\""7\"",\""8\"",\""14\""]","[\""1\"",\""2\"",\""3\"",\""5\"",\""9\"",\""12\"",\""13\"",\""14\""]",1,40491,40491,0,2026-06-25 13:40:52,2026-06-25 13:40:52
2565,4,"[\""1\"",\""7\"",\""8\"",\""14\""]","[\""1\"",\""10\"",\""12\""]",1,40491,40491,0,2026-06-25 13:40:52,2026-06-25 13:40:52
2566,1,"[\""1\"",\""2\"",\""3\"",\""4\"",\""5\"",\""6\"",\""7\"",\""8\"",\""9\"",\""10\"",\""11\"",\""12\"",\""13\"",\""14\""]","[\""1\"",\""2\"",\""3\"",\""4\"",\""5\"",\""6\"",\""7\"",\""8\"",\""9\"",\""10\"",\""11\"",\""12\"",\""13\"",\""14\"",\""15\""]",1,40493,40493,0,2026-06-25 17:53:52,2026-06-25 17:53:52
2567,2,"[\""1\"",\""2\"",\""5\"",\""6\"",\""7\"",\""8\"",\""13\"",\""14\""]","[\""1\"",\""2\"",\""3\"",\""5\"",\""6\"",\""7\"",\""8\"",\""9\"",\""11\"",\""12\"",\""13\"",\""14\"",\""15\""]",1,40493,40493,0,2026-06-25 17:53:52,2026-06-25 17:53:52
2568,3,"[\""1\"",\""2\"",\""5\"",\""6\"",\""7\"",\""8\"",\""14\""]","[\""1\"",\""2\"",\""3\"",\""5\"",\""9\"",\""12\"",\""13\"",\""14\""]",1,40493,40493,0,2026-06-25 17:53:52,2026-06-25 17:53:52
2569,4,"[\""1\"",\""7\"",\""8\"",\""14\""]","[\""1\"",\""10\"",\""12\""]",1,40493,40493,0,2026-06-25 17:53:52,2026-06-25 17:53:52
2570,1,"[\""1\"",\""2\"",\""3\"",\""4\"",\""5\"",\""6\"",\""7\"",\""8\"",\""9\"",\""10\"",\""11\"",\""12\"",\""13\"",\""14\""]","[\""1\"",\""2\"",\""3\"",\""4\"",\""5\"",\""6\"",\""7\"",\""8\"",\""9\"",\""10\"",\""11\"",\""12\"",\""13\"",\""14\"",\""15\""]",1,40494,40494,0,2026-06-26 15:29:53,2026-06-26 15:29:53
2571,2,"[\""1\"",\""2\"",\""5\"",\""6\"",\""7\"",\""8\"",\""13\"",\""14\""]","[\""1\"",\""2\"",\""3\"",\""5\"",\""6\"",\""7\"",\""8\"",\""9\"",\""11\"",\""12\"",\""13\"",\""14\"",\""15\""]",1,40494,40494,0,2026-06-26 15:29:53,2026-06-26 15:29:53
2572,3,"[\""1\"",\""2\"",\""5\"",\""6\"",\""7\"",\""8\"",\""14\""]","[\""1\"",\""2\"",\""3\"",\""5\"",\""9\"",\""12\"",\""13\"",\""14\""]",1,40494,40494,0,2026-06-26 15:29:53,2026-06-26 15:29:53
2573,4,"[\""1\"",\""7\"",\""8\"",\""14\""]","[\""1\"",\""10\"",\""12\""]",1,40494,40494,0,2026-06-26 15:29:53,2026-06-26 15:29:53
2574,1,"[\""1\"",\""2\"",\""3\"",\""4\"",\""5\"",\""6\"",\""7\"",\""8\"",\""9\"",\""10\"",\""11\"",\""12\"",\""13\"",\""14\""]","[\""1\"",\""2\"",\""3\"",\""4\"",\""5\"",\""6\"",\""7\"",\""8\"",\""9\"",\""10\"",\""11\"",\""12\"",\""13\"",\""14\"",\""15\""]",1,40496,40496,0,2026-06-26 16:36:11,2026-06-26 16:36:11
2575,2,"[\""1\"",\""2\"",\""5\"",\""6\"",\""7\"",\""8\"",\""13\"",\""14\""]","[\""1\"",\""2\"",\""3\"",\""5\"",\""6\"",\""7\"",\""8\"",\""9\"",\""11\"",\""12\"",\""13\"",\""14\"",\""15\""]",1,40496,40496,0,2026-06-26 16:36:11,2026-06-26 16:36:11
2576,3,"[\""1\"",\""2\"",\""5\"",\""6\"",\""7\"",\""8\"",\""14\""]","[\""1\"",\""2\"",\""3\"",\""5\"",\""9\"",\""12\"",\""13\"",\""14\""]",1,40496,40496,0,2026-06-26 16:36:11,2026-06-26 16:36:11
2577,4,"[\""1\"",\""7\"",\""8\"",\""14\""]","[\""1\"",\""10\"",\""12\""]",1,40496,40496,0,2026-06-26 16:36:11,2026-06-26 16:36:11
2578,1,"[\""1\"",\""2\"",\""3\"",\""4\"",\""5\"",\""6\"",\""7\"",\""8\"",\""9\"",\""10\"",\""11\"",\""12\"",\""13\"",\""14\""]","[\""1\"",\""2\"",\""3\"",\""4\"",\""5\"",\""6\"",\""7\"",\""8\"",\""9\"",\""10\"",\""11\"",\""12\"",\""13\"",\""14\"",\""15\""]",1,40497,40497,0,2026-06-26 17:45:57,2026-06-26 17:45:57
2579,2,"[\""1\"",\""2\"",\""5\"",\""6\"",\""7\"",\""8\"",\""13\"",\""14\""]","[\""1\"",\""2\"",\""3\"",\""5\"",\""6\"",\""7\"",\""8\"",\""9\"",\""11\"",\""12\"",\""13\"",\""14\"",\""15\""]",1,40497,40497,0,2026-06-26 17:45:57,2026-06-26 17:45:57
2580,3,"[\""1\"",\""2\"",\""5\"",\""6\"",\""7\"",\""8\"",\""14\""]","[\""1\"",\""2\"",\""3\"",\""5\"",\""9\"",\""12\"",\""13\"",\""14\""]",1,40497,40497,0,2026-06-26 17:45:57,2026-06-26 17:45:57
2581,4,"[\""1\"",\""7\"",\""8\"",\""14\""]","[\""1\"",\""10\"",\""12\""]",1,40497,40497,0,2026-06-26 17:45:57,2026-06-26 17:45:57
2582,1,"[\""1\"",\""2\"",\""3\"",\""4\"",\""5\"",\""6\"",\""7\"",\""8\"",\""9\"",\""10\"",\""11\"",\""12\"",\""13\"",\""14\""]","[\""1\"",\""2\"",\""3\"",\""4\"",\""5\"",\""6\"",\""7\"",\""8\"",\""9\"",\""10\"",\""11\"",\""12\"",\""13\"",\""14\"",\""15\""]",1,40498,40498,0,2026-06-26 18:30:08,2026-06-26 18:30:08
2583,2,"[\""1\"",\""2\"",\""5\"",\""6\"",\""7\"",\""8\"",\""13\"",\""14\""]","[\""1\"",\""2\"",\""3\"",\""5\"",\""6\"",\""7\"",\""8\"",\""9\"",\""11\"",\""12\"",\""13\"",\""14\"",\""15\""]",1,40498,40498,0,2026-06-26 18:30:08,2026-06-26 18:30:08
2584,3,"[\""1\"",\""2\"",\""5\"",\""6\"",\""7\"",\""8\"",\""14\""]","[\""1\"",\""2\"",\""3\"",\""5\"",\""9\"",\""12\"",\""13\"",\""14\""]",1,40498,40498,0,2026-06-26 18:30:08,2026-06-26 18:30:08
2585,4,"[\""1\"",\""7\"",\""8\"",\""14\""]","[\""1\"",\""10\"",\""12\""]",1,40498,40498,0,2026-06-26 18:30:08,2026-06-26 18:30:08
2586,1,"[\""1\"",\""2\"",\""3\"",\""4\"",\""5\"",\""6\"",\""7\"",\""8\"",\""9\"",\""10\"",\""11\"",\""12\"",\""13\"",\""14\""]","[\""1\"",\""2\"",\""3\"",\""4\"",\""5\"",\""6\"",\""7\"",\""8\"",\""9\"",\""10\"",\""11\"",\""12\"",\""13\"",\""14\"",\""15\""]",1,40499,40499,0,2026-06-26 18:50:57,2026-06-26 18:50:57
2587,2,"[\""1\"",\""2\"",\""5\"",\""6\"",\""7\"",\""8\"",\""13\"",\""14\""]","[\""1\"",\""2\"",\""3\"",\""5\"",\""6\"",\""7\"",\""8\"",\""9\"",\""11\"",\""12\"",\""13\"",\""14\"",\""15\""]",1,40499,40499,0,2026-06-26 18:50:57,2026-06-26 18:50:57
2588,3,"[\""1\"",\""2\"",\""5\"",\""6\"",\""7\"",\""8\"",\""14\""]","[\""1\"",\""2\"",\""3\"",\""5\"",\""9\"",\""12\"",\""13\"",\""14\""]",1,40499,40499,0,2026-06-26 18:50:57,2026-06-26 18:50:57
2589,4,"[\""1\"",\""7\"",\""8\"",\""14\""]","[\""1\"",\""10\"",\""12\""]",1,40499,40499,0,2026-06-26 18:50:57,2026-06-26 18:50:57
2590,1,"[\""1\"",\""2\"",\""3\"",\""4\"",\""5\"",\""6\"",\""7\"",\""8\"",\""9\"",\""10\"",\""11\"",\""12\"",\""13\"",\""14\""]","[\""1\"",\""2\"",\""3\"",\""4\"",\""5\"",\""6\"",\""7\"",\""8\"",\""9\"",\""10\"",\""11\"",\""12\"",\""13\"",\""14\"",\""15\""]",1,40501,40501,0,2026-06-26 18:53:45,2026-06-26 18:53:45
2591,2,"[\""1\"",\""2\"",\""5\"",\""6\"",\""7\"",\""8\"",\""13\"",\""14\""]","[\""1\"",\""2\"",\""3\"",\""5\"",\""6\"",\""7\"",\""8\"",\""9\"",\""11\"",\""12\"",\""13\"",\""14\"",\""15\""]",1,40501,40501,0,2026-06-26 18:53:45,2026-06-26 18:53:45
2592,3,"[\""1\"",\""2\"",\""5\"",\""6\"",\""7\"",\""8\"",\""14\""]","[\""1\"",\""2\"",\""3\"",\""5\"",\""9\"",\""12\"",\""13\"",\""14\""]",1,40501,40501,0,2026-06-26 18:53:45,2026-06-26 18:53:45
2593,4,"[\""1\"",\""7\"",\""8\"",\""14\""]","[\""1\"",\""10\"",\""12\""]",1,40501,40501,0,2026-06-26 18:53:45,2026-06-26 18:53:45
2594,1,"[\""1\"",\""2\"",\""3\"",\""4\"",\""5\"",\""6\"",\""7\"",\""8\"",\""9\"",\""10\"",\""11\"",\""12\"",\""13\"",\""14\""]","[\""1\"",\""2\"",\""3\"",\""4\"",\""5\"",\""6\"",\""7\"",\""8\"",\""9\"",\""10\"",\""11\"",\""12\"",\""13\"",\""14\"",\""15\""]",1,40502,40502,0,2026-06-29 11:42:55,2026-06-29 11:42:55
2595,2,"[\""1\"",\""2\"",\""5\"",\""6\"",\""7\"",\""8\"",\""13\"",\""14\""]","[\""1\"",\""2\"",\""3\"",\""5\"",\""6\"",\""7\"",\""8\"",\""9\"",\""11\"",\""12\"",\""13\"",\""14\"",\""15\""]",1,40502,40502,0,2026-06-29 11:42:55,2026-06-29 11:42:55
2596,3,"[\""1\"",\""2\"",\""5\"",\""6\"",\""7\"",\""8\"",\""14\""]","[\""1\"",\""2\"",\""3\"",\""5\"",\""9\"",\""12\"",\""13\"",\""14\""]",1,40502,40502,0,2026-06-29 11:42:55,2026-06-29 11:42:55
2597,4,"[\""1\"",\""7\"",\""8\"",\""14\""]","[\""1\"",\""10\"",\""12\""]",1,40502,40502,0,2026-06-29 11:42:55,2026-06-29 11:42:55
2598,1,"[\""1\"",\""2\"",\""3\"",\""4\"",\""5\"",\""6\"",\""7\"",\""8\"",\""9\"",\""10\"",\""11\"",\""12\"",\""13\"",\""14\""]","[\""1\"",\""2\"",\""3\"",\""4\"",\""5\"",\""6\"",\""7\"",\""8\"",\""9\"",\""10\"",\""11\"",\""12\"",\""13\"",\""14\"",\""15\""]",1,40503,40503,0,2026-06-29 12:06:11,2026-06-29 12:06:11
2599,2,"[\""1\"",\""2\"",\""5\"",\""6\"",\""7\"",\""8\"",\""13\"",\""14\""]","[\""1\"",\""2\"",\""3\"",\""5\"",\""6\"",\""7\"",\""8\"",\""9\"",\""11\"",\""12\"",\""13\"",\""14\"",\""15\""]",1,40503,40503,0,2026-06-29 12:06:11,2026-06-29 12:06:11
2600,3,"[\""1\"",\""2\"",\""5\"",\""6\"",\""7\"",\""8\"",\""14\""]","[\""1\"",\""2\"",\""3\"",\""5\"",\""9\"",\""12\"",\""13\"",\""14\""]",1,40503,40503,0,2026-06-29 12:06:11,2026-06-29 12:06:11
2601,4,"[\""1\"",\""7\"",\""8\"",\""14\""]","[\""1\"",\""10\"",\""12\""]",1,40503,40503,0,2026-06-29 12:06:11,2026-06-29 12:06:11
2602,1,"[\""1\"",\""2\"",\""3\"",\""4\"",\""5\"",\""6\"",\""7\"",\""8\"",\""9\"",\""10\"",\""11\"",\""12\"",\""13\"",\""14\""]","[\""1\"",\""2\"",\""3\"",\""4\"",\""5\"",\""6\"",\""7\"",\""8\"",\""9\"",\""10\"",\""11\"",\""12\"",\""13\"",\""14\"",\""15\""]",1,40507,40507,0,2026-06-29 13:19:31,2026-06-29 13:19:31
2603,2,"[\""1\"",\""2\"",\""5\"",\""6\"",\""7\"",\""8\"",\""13\"",\""14\""]","[\""1\"",\""2\"",\""3\"",\""5\"",\""6\"",\""7\"",\""8\"",\""9\"",\""11\"",\""12\"",\""13\"",\""14\"",\""15\""]",1,40507,40507,0,2026-06-29 13:19:31,2026-06-29 13:19:31
2604,3,"[\""1\"",\""2\"",\""5\"",\""6\"",\""7\"",\""8\"",\""14\""]","[\""1\"",\""2\"",\""3\"",\""5\"",\""9\"",\""12\"",\""13\"",\""14\""]",1,40507,40507,0,2026-06-29 13:19:31,2026-06-29 13:19:31
2605,4,"[\""1\"",\""7\"",\""8\"",\""14\""]","[\""1\"",\""10\"",\""12\""]",1,40507,40507,0,2026-06-29 13:19:31,2026-06-29 13:19:31
2606,1,"[\""1\"",\""2\"",\""3\"",\""4\"",\""5\"",\""6\"",\""7\"",\""8\"",\""9\"",\""10\"",\""11\"",\""12\"",\""13\"",\""14\""]","[\""1\"",\""2\"",\""3\"",\""4\"",\""5\"",\""6\"",\""7\"",\""8\"",\""9\"",\""10\"",\""11\"",\""12\"",\""13\"",\""14\"",\""15\""]",1,40508,40508,0,2026-06-29 15:33:47,2026-06-29 15:33:47
2607,2,"[\""1\"",\""2\"",\""5\"",\""6\"",\""7\"",\""8\"",\""13\"",\""14\""]","[\""1\"",\""2\"",\""3\"",\""5\"",\""6\"",\""7\"",\""8\"",\""9\"",\""11\"",\""12\"",\""13\"",\""14\"",\""15\""]",1,40508,40508,0,2026-06-29 15:33:47,2026-06-29 15:33:47
2608,3,"[\""1\"",\""2\"",\""5\"",\""6\"",\""7\"",\""8\"",\""14\""]","[\""1\"",\""2\"",\""3\"",\""5\"",\""9\"",\""12\"",\""13\"",\""14\""]",1,40508,40508,0,2026-06-29 15:33:47,2026-06-29 15:33:47
2609,4,"[\""1\"",\""7\"",\""8\"",\""14\""]","[\""1\"",\""10\"",\""12\""]",1,40508,40508,0,2026-06-29 15:33:47,2026-06-29 15:33:47
2610,1,"[\""1\"",\""2\"",\""3\"",\""4\"",\""5\"",\""6\"",\""7\"",\""8\"",\""9\"",\""10\"",\""11\"",\""12\"",\""13\"",\""14\""]","[\""1\"",\""2\"",\""3\"",\""4\"",\""5\"",\""6\"",\""7\"",\""8\"",\""9\"",\""10\"",\""11\"",\""12\"",\""13\"",\""14\"",\""15\""]",1,40509,40509,0,2026-06-29 15:40:50,2026-06-29 15:40:50
2611,2,"[\""1\"",\""2\"",\""5\"",\""6\"",\""7\"",\""8\"",\""13\"",\""14\""]","[\""1\"",\""2\"",\""3\"",\""5\"",\""6\"",\""7\"",\""8\"",\""9\"",\""11\"",\""12\"",\""13\"",\""14\"",\""15\""]",1,40509,40509,0,2026-06-29 15:40:50,2026-06-29 15:40:50
2612,3,"[\""1\"",\""2\"",\""5\"",\""6\"",\""7\"",\""8\"",\""14\""]","[\""1\"",\""2\"",\""3\"",\""5\"",\""9\"",\""12\"",\""13\"",\""14\""]",1,40509,40509,0,2026-06-29 15:40:50,2026-06-29 15:40:50
2613,4,"[\""1\"",\""7\"",\""8\"",\""14\""]","[\""1\"",\""10\"",\""12\""]",1,40509,40509,0,2026-06-29 15:40:50,2026-06-29 15:40:50
2614,1,"[\""1\"",\""2\"",\""3\"",\""4\"",\""5\"",\""6\"",\""7\"",\""8\"",\""9\"",\""10\"",\""11\"",\""12\"",\""13\"",\""14\""]","[\""1\"",\""2\"",\""3\"",\""4\"",\""5\"",\""6\"",\""7\"",\""8\"",\""9\"",\""10\"",\""11\"",\""12\"",\""13\"",\""14\"",\""15\""]",1,40510,40510,0,2026-06-29 15:43:27,2026-06-29 15:43:27
2615,2,"[\""1\"",\""2\"",\""5\"",\""6\"",\""7\"",\""8\"",\""13\"",\""14\""]","[\""1\"",\""2\"",\""3\"",\""5\"",\""6\"",\""7\"",\""8\"",\""9\"",\""11\"",\""12\"",\""13\"",\""14\"",\""15\""]",1,40510,40510,0,2026-06-29 15:43:27,2026-06-29 15:43:27
2616,3,"[\""1\"",\""2\"",\""5\"",\""6\"",\""7\"",\""8\"",\""14\""]","[\""1\"",\""2\"",\""3\"",\""5\"",\""9\"",\""12\"",\""13\"",\""14\""]",1,40510,40510,0,2026-06-29 15:43:27,2026-06-29 15:43:27
2617,4,"[\""1\"",\""7\"",\""8\"",\""14\""]","[\""1\"",\""10\"",\""12\""]",1,40510,40510,0,2026-06-29 15:43:27,2026-06-29 15:43:27
2618,1,"[\""1\"",\""2\"",\""3\"",\""4\"",\""5\"",\""6\"",\""7\"",\""8\"",\""9\"",\""10\"",\""11\"",\""12\"",\""13\"",\""14\""]","[\""1\"",\""2\"",\""3\"",\""4\"",\""5\"",\""6\"",\""7\"",\""8\"",\""9\"",\""10\"",\""11\"",\""12\"",\""13\"",\""14\"",\""15\""]",1,40511,40511,0,2026-06-29 15:57:28,2026-06-29 15:57:28
2619,2,"[\""1\"",\""2\"",\""5\"",\""6\"",\""7\"",\""8\"",\""13\"",\""14\""]","[\""1\"",\""2\"",\""3\"",\""5\"",\""6\"",\""7\"",\""8\"",\""9\"",\""11\"",\""12\"",\""13\"",\""14\"",\""15\""]",1,40511,40511,0,2026-06-29 15:57:28,2026-06-29 15:57:28
2620,3,"[\""1\"",\""2\"",\""5\"",\""6\"",\""7\"",\""8\"",\""14\""]","[\""1\"",\""2\"",\""3\"",\""5\"",\""9\"",\""12\"",\""13\"",\""14\""]",1,40511,40511,0,2026-06-29 15:57:28,2026-06-29 15:57:28
2621,4,"[\""1\"",\""7\"",\""8\"",\""14\""]","[\""1\"",\""10\"",\""12\""]",1,40511,40511,0,2026-06-29 15:57:28,2026-06-29 15:57:28
2622,1,"[\""1\"",\""2\"",\""3\"",\""4\"",\""5\"",\""6\"",\""7\"",\""8\"",\""9\"",\""10\"",\""11\"",\""12\"",\""13\"",\""14\""]","[\""1\"",\""2\"",\""3\"",\""4\"",\""5\"",\""6\"",\""7\"",\""8\"",\""9\"",\""10\"",\""11\"",\""12\"",\""13\"",\""14\"",\""15\""]",1,40512,40512,0,2026-06-29 16:00:55,2026-06-29 16:00:55
2623,2,"[\""1\"",\""2\"",\""5\"",\""6\"",\""7\"",\""8\"",\""13\"",\""14\""]","[\""1\"",\""2\"",\""3\"",\""5\"",\""6\"",\""7\"",\""8\"",\""9\"",\""11\"",\""12\"",\""13\"",\""14\"",\""15\""]",1,40512,40512,0,2026-06-29 16:00:55,2026-06-29 16:00:55
2624,3,"[\""1\"",\""2\"",\""5\"",\""6\"",\""7\"",\""8\"",\""14\""]","[\""1\"",\""2\"",\""3\"",\""5\"",\""9\"",\""12\"",\""13\"",\""14\""]",1,40512,40512,0,2026-06-29 16:00:55,2026-06-29 16:00:55
2625,4,"[\""1\"",\""7\"",\""8\"",\""14\""]","[\""1\"",\""10\"",\""12\""]",1,40512,40512,0,2026-06-29 16:00:55,2026-06-29 16:00:55
2626,1,"[\""1\"",\""2\"",\""3\"",\""4\"",\""5\"",\""6\"",\""7\"",\""8\"",\""9\"",\""10\"",\""11\"",\""12\"",\""13\"",\""14\""]","[\""1\"",\""2\"",\""3\"",\""4\"",\""5\"",\""6\"",\""7\"",\""8\"",\""9\"",\""10\"",\""11\"",\""12\"",\""13\"",\""14\"",\""15\""]",1,40513,40513,0,2026-06-29 16:28:23,2026-06-29 16:28:23
2627,2,"[\""1\"",\""2\"",\""5\"",\""6\"",\""7\"",\""8\"",\""13\"",\""14\""]","[\""1\"",\""2\"",\""3\"",\""5\"",\""6\"",\""7\"",\""8\"",\""9\"",\""11\"",\""12\"",\""13\"",\""14\"",\""15\""]",1,40513,40513,0,2026-06-29 16:28:23,2026-06-29 16:28:23
2628,3,"[\""1\"",\""2\"",\""5\"",\""6\"",\""7\"",\""8\"",\""14\""]","[\""1\"",\""2\"",\""3\"",\""5\"",\""9\"",\""12\"",\""13\"",\""14\""]",1,40513,40513,0,2026-06-29 16:28:23,2026-06-29 16:28:23
2629,4,"[\""1\"",\""7\"",\""8\"",\""14\""]","[\""1\"",\""10\"",\""12\""]",1,40513,40513,0,2026-06-29 16:28:23,2026-06-29 16:28:23
2630,1,"[\""1\"",\""2\"",\""3\"",\""4\"",\""5\"",\""6\"",\""7\"",\""8\"",\""9\"",\""10\"",\""11\"",\""12\"",\""13\"",\""14\""]","[\""1\"",\""2\"",\""3\"",\""4\"",\""5\"",\""6\"",\""7\"",\""8\"",\""9\"",\""10\"",\""11\"",\""12\"",\""13\"",\""14\"",\""15\""]",1,40515,40515,0,2026-06-30 13:06:38,2026-06-30 13:06:38
2631,2,"[\""1\"",\""2\"",\""5\"",\""6\"",\""7\"",\""8\"",\""13\"",\""14\""]","[\""1\"",\""2\"",\""3\"",\""5\"",\""6\"",\""7\"",\""8\"",\""9\"",\""11\"",\""12\"",\""13\"",\""14\"",\""15\""]",1,40515,40515,0,2026-06-30 13:06:38,2026-06-30 13:06:38
2632,3,"[\""1\"",\""2\"",\""5\"",\""6\"",\""7\"",\""8\"",\""14\""]","[\""1\"",\""2\"",\""3\"",\""5\"",\""9\"",\""12\"",\""13\"",\""14\""]",1,40515,40515,0,2026-06-30 13:06:38,2026-06-30 13:06:38
2633,4,"[\""1\"",\""7\"",\""8\"",\""14\""]","[\""1\"",\""10\"",\""12\""]",1,40515,40515,0,2026-06-30 13:06:38,2026-06-30 13:06:38
2634,1,"[\""1\"",\""2\"",\""3\"",\""4\"",\""5\"",\""6\"",\""7\"",\""8\"",\""9\"",\""10\"",\""11\"",\""12\"",\""13\"",\""14\""]","[\""1\"",\""2\"",\""3\"",\""4\"",\""5\"",\""6\"",\""7\"",\""8\"",\""9\"",\""10\"",\""11\"",\""12\"",\""13\"",\""14\"",\""15\""]",1,40517,40517,0,2026-06-30 14:52:33,2026-06-30 14:52:33
2635,2,"[\""1\"",\""2\"",\""5\"",\""6\"",\""7\"",\""8\"",\""13\"",\""14\""]","[\""1\"",\""2\"",\""3\"",\""5\"",\""6\"",\""7\"",\""8\"",\""9\"",\""11\"",\""12\"",\""13\"",\""14\"",\""15\""]",1,40517,40517,0,2026-06-30 14:52:33,2026-06-30 14:52:33
2636,3,"[\""1\"",\""2\"",\""5\"",\""6\"",\""7\"",\""8\"",\""14\""]","[\""1\"",\""2\"",\""3\"",\""5\"",\""9\"",\""12\"",\""13\"",\""14\""]",1,40517,40517,0,2026-06-30 14:52:33,2026-06-30 14:52:33
2637,4,"[\""1\"",\""7\"",\""8\"",\""14\""]","[\""1\"",\""10\"",\""12\""]",1,40517,40517,0,2026-06-30 14:52:33,2026-06-30 14:52:33
2638,1,"[\""1\"",\""2\"",\""3\"",\""4\"",\""5\"",\""6\"",\""7\"",\""8\"",\""9\"",\""10\"",\""11\"",\""12\"",\""13\"",\""14\""]","[\""1\"",\""2\"",\""3\"",\""4\"",\""5\"",\""6\"",\""7\"",\""8\"",\""9\"",\""10\"",\""11\"",\""12\"",\""13\"",\""14\"",\""15\""]",1,40518,40518,0,2026-06-30 14:55:53,2026-06-30 14:55:53
2639,2,"[\""1\"",\""2\"",\""5\"",\""6\"",\""7\"",\""8\"",\""13\"",\""14\""]","[\""1\"",\""2\"",\""3\"",\""5\"",\""6\"",\""7\"",\""8\"",\""9\"",\""11\"",\""12\"",\""13\"",\""14\"",\""15\""]",1,40518,40518,0,2026-06-30 14:55:53,2026-06-30 14:55:53
2640,3,"[\""1\"",\""2\"",\""5\"",\""6\"",\""7\"",\""8\"",\""14\""]","[\""1\"",\""2\"",\""3\"",\""5\"",\""9\"",\""12\"",\""13\"",\""14\""]",1,40518,40518,0,2026-06-30 14:55:53,2026-06-30 14:55:53
2641,4,"[\""1\"",\""7\"",\""8\"",\""14\""]","[\""1\"",\""10\"",\""12\""]",1,40518,40518,0,2026-06-30 14:55:53,2026-06-30 14:55:53
2642,1,"[\""1\"",\""2\"",\""3\"",\""4\"",\""5\"",\""6\"",\""7\"",\""8\"",\""9\"",\""10\"",\""11\"",\""12\"",\""13\"",\""14\""]","[\""1\"",\""2\"",\""3\"",\""4\"",\""5\"",\""6\"",\""7\"",\""8\"",\""9\"",\""10\"",\""11\"",\""12\"",\""13\"",\""14\"",\""15\""]",1,40520,40520,0,2026-06-30 14:58:55,2026-06-30 14:58:55
2643,2,"[\""1\"",\""2\"",\""5\"",\""6\"",\""7\"",\""8\"",\""13\"",\""14\""]","[\""1\"",\""2\"",\""3\"",\""5\"",\""6\"",\""7\"",\""8\"",\""9\"",\""11\"",\""12\"",\""13\"",\""14\"",\""15\""]",1,40520,40520,0,2026-06-30 14:58:55,2026-06-30 14:58:55
2644,3,"[\""1\"",\""2\"",\""5\"",\""6\"",\""7\"",\""8\"",\""14\""]","[\""1\"",\""2\"",\""3\"",\""5\"",\""9\"",\""12\"",\""13\"",\""14\""]",1,40520,40520,0,2026-06-30 14:58:55,2026-06-30 14:58:55
2645,4,"[\""1\"",\""7\"",\""8\"",\""14\""]","[\""1\"",\""10\"",\""12\""]",1,40520,40520,0,2026-06-30 14:58:55,2026-06-30 14:58:55
2646,1,"[\""1\"",\""2\"",\""3\"",\""4\"",\""5\"",\""6\"",\""7\"",\""8\"",\""9\"",\""10\"",\""11\"",\""12\"",\""13\"",\""14\""]","[\""1\"",\""2\"",\""3\"",\""4\"",\""5\"",\""6\"",\""7\"",\""8\"",\""9\"",\""10\"",\""11\"",\""12\"",\""13\"",\""14\"",\""15\""]",1,40522,40522,0,2026-06-30 15:09:40,2026-06-30 15:09:40
2647,1,"[\""1\"",\""2\"",\""3\"",\""4\"",\""5\"",\""6\"",\""7\"",\""8\"",\""9\"",\""10\"",\""11\"",\""12\"",\""13\"",\""14\""]","[\""1\"",\""2\"",\""3\"",\""4\"",\""5\"",\""6\"",\""7\"",\""8\"",\""9\"",\""10\"",\""11\"",\""12\"",\""13\"",\""14\"",\""15\""]",1,40522,40522,0,2026-06-30 15:09:40,2026-06-30 15:09:40
2648,2,"[\""1\"",\""2\"",\""5\"",\""6\"",\""7\"",\""8\"",\""13\"",\""14\""]","[\""1\"",\""2\"",\""3\"",\""5\"",\""6\"",\""7\"",\""8\"",\""9\"",\""11\"",\""12\"",\""13\"",\""14\"",\""15\""]",1,40522,40522,0,2026-06-30 15:09:40,2026-06-30 15:09:40
2649,2,"[\""1\"",\""2\"",\""5\"",\""6\"",\""7\"",\""8\"",\""13\"",\""14\""]","[\""1\"",\""2\"",\""3\"",\""5\"",\""6\"",\""7\"",\""8\"",\""9\"",\""11\"",\""12\"",\""13\"",\""14\"",\""15\""]",1,40522,40522,0,2026-06-30 15:09:40,2026-06-30 15:09:40
2650,3,"[\""1\"",\""2\"",\""5\"",\""6\"",\""7\"",\""8\"",\""14\""]","[\""1\"",\""2\"",\""3\"",\""5\"",\""9\"",\""12\"",\""13\"",\""14\""]",1,40522,40522,0,2026-06-30 15:09:40,2026-06-30 15:09:40
2651,3,"[\""1\"",\""2\"",\""5\"",\""6\"",\""7\"",\""8\"",\""14\""]","[\""1\"",\""2\"",\""3\"",\""5\"",\""9\"",\""12\"",\""13\"",\""14\""]",1,40522,40522,0,2026-06-30 15:09:40,2026-06-30 15:09:40
2652,4,"[\""1\"",\""7\"",\""8\"",\""14\""]","[\""1\"",\""10\"",\""12\""]",1,40522,40522,0,2026-06-30 15:09:40,2026-06-30 15:09:40
2653,4,"[\""1\"",\""7\"",\""8\"",\""14\""]","[\""1\"",\""10\"",\""12\""]",1,40522,40522,0,2026-06-30 15:09:40,2026-06-30 15:09:40
2654,1,"[\""1\"",\""2\"",\""3\"",\""4\"",\""5\"",\""6\"",\""7\"",\""8\"",\""9\"",\""10\"",\""11\"",\""12\"",\""13\"",\""14\""]","[\""1\"",\""2\"",\""3\"",\""4\"",\""5\"",\""6\"",\""7\"",\""8\"",\""9\"",\""10\"",\""11\"",\""12\"",\""13\"",\""14\"",\""15\""]",1,40525,40525,0,2026-06-30 15:26:44,2026-06-30 15:26:44
2655,2,"[\""1\"",\""2\"",\""5\"",\""6\"",\""7\"",\""8\"",\""13\"",\""14\""]","[\""1\"",\""2\"",\""3\"",\""5\"",\""6\"",\""7\"",\""8\"",\""9\"",\""11\"",\""12\"",\""13\"",\""14\"",\""15\""]",1,40525,40525,0,2026-06-30 15:26:44,2026-06-30 15:26:44
2656,3,"[\""1\"",\""2\"",\""5\"",\""6\"",\""7\"",\""8\"",\""14\""]","[\""1\"",\""2\"",\""3\"",\""5\"",\""9\"",\""12\"",\""13\"",\""14\""]",1,40525,40525,0,2026-06-30 15:26:44,2026-06-30 15:26:44
2657,4,"[\""1\"",\""7\"",\""8\"",\""14\""]","[\""1\"",\""10\"",\""12\""]",1,40525,40525,0,2026-06-30 15:26:44,2026-06-30 15:26:44
2658,1,"[\""1\"",\""2\"",\""3\"",\""4\"",\""5\"",\""6\"",\""7\"",\""8\"",\""9\"",\""10\"",\""11\"",\""12\"",\""13\"",\""14\""]","[\""1\"",\""2\"",\""3\"",\""4\"",\""5\"",\""6\"",\""7\"",\""8\"",\""9\"",\""10\"",\""11\"",\""12\"",\""13\"",\""14\"",\""15\""]",1,40527,40527,0,2026-06-30 15:29:19,2026-06-30 15:29:19
2659,2,"[\""1\"",\""2\"",\""5\"",\""6\"",\""7\"",\""8\"",\""13\"",\""14\""]","[\""1\"",\""2\"",\""3\"",\""5\"",\""6\"",\""7\"",\""8\"",\""9\"",\""11\"",\""12\"",\""13\"",\""14\"",\""15\""]",1,40527,40527,0,2026-06-30 15:29:19,2026-06-30 15:29:19
2660,3,"[\""1\"",\""2\"",\""5\"",\""6\"",\""7\"",\""8\"",\""14\""]","[\""1\"",\""2\"",\""3\"",\""5\"",\""9\"",\""12\"",\""13\"",\""14\""]",1,40527,40527,0,2026-06-30 15:29:19,2026-06-30 15:29:19
2661,4,"[\""1\"",\""7\"",\""8\"",\""14\""]","[\""1\"",\""10\"",\""12\""]",1,40527,40527,0,2026-06-30 15:29:19,2026-06-30 15:29:19
2662,1,"[\""1\"",\""2\"",\""3\"",\""4\"",\""5\"",\""6\"",\""7\"",\""8\"",\""9\"",\""10\"",\""11\"",\""12\"",\""13\"",\""14\""]","[\""1\"",\""2\"",\""3\"",\""4\"",\""5\"",\""6\"",\""7\"",\""8\"",\""9\"",\""10\"",\""11\"",\""12\"",\""13\"",\""14\"",\""15\""]",1,40528,40528,0,2026-07-01 10:45:38,2026-07-01 10:45:38
2663,2,"[\""1\"",\""2\"",\""5\"",\""6\"",\""7\"",\""8\"",\""13\"",\""14\""]","[\""1\"",\""2\"",\""3\"",\""5\"",\""6\"",\""7\"",\""8\"",\""9\"",\""11\"",\""12\"",\""13\"",\""14\"",\""15\""]",1,40528,40528,0,2026-07-01 10:45:38,2026-07-01 10:45:38
2664,3,"[\""1\"",\""2\"",\""5\"",\""6\"",\""7\"",\""8\"",\""14\""]","[\""1\"",\""2\"",\""3\"",\""5\"",\""9\"",\""12\"",\""13\"",\""14\""]",1,40528,40528,0,2026-07-01 10:45:38,2026-07-01 10:45:38
2665,4,"[\""1\"",\""7\"",\""8\"",\""14\""]","[\""1\"",\""10\"",\""12\""]",1,40528,40528,0,2026-07-01 10:45:38,2026-07-01 10:45:38
2666,1,"[\""1\"",\""2\"",\""3\"",\""4\"",\""5\"",\""6\"",\""7\"",\""8\"",\""9\"",\""10\"",\""11\"",\""12\"",\""13\"",\""14\""]","[\""1\"",\""2\"",\""3\"",\""4\"",\""5\"",\""6\"",\""7\"",\""8\"",\""9\"",\""10\"",\""11\"",\""12\"",\""13\"",\""14\"",\""15\""]",1,40529,40529,0,2026-07-01 10:49:00,2026-07-01 10:49:00
2667,2,"[\""1\"",\""2\"",\""5\"",\""6\"",\""7\"",\""8\"",\""13\"",\""14\""]","[\""1\"",\""2\"",\""3\"",\""5\"",\""6\"",\""7\"",\""8\"",\""9\"",\""11\"",\""12\"",\""13\"",\""14\"",\""15\""]",1,40529,40529,0,2026-07-01 10:49:00,2026-07-01 10:49:00
2668,3,"[\""1\"",\""2\"",\""5\"",\""6\"",\""7\"",\""8\"",\""14\""]","[\""1\"",\""2\"",\""3\"",\""5\"",\""9\"",\""12\"",\""13\"",\""14\""]",1,40529,40529,0,2026-07-01 10:49:00,2026-07-01 10:49:00
2669,4,"[\""1\"",\""7\"",\""8\"",\""14\""]","[\""1\"",\""10\"",\""12\""]",1,40529,40529,0,2026-07-01 10:49:00,2026-07-01 10:49:00
2670,1,"[\""1\"",\""2\"",\""3\"",\""4\"",\""5\"",\""6\"",\""7\"",\""8\"",\""9\"",\""10\"",\""11\"",\""12\"",\""13\"",\""14\""]","[\""1\"",\""2\"",\""3\"",\""4\"",\""5\"",\""6\"",\""7\"",\""8\"",\""9\"",\""10\"",\""11\"",\""12\"",\""13\"",\""14\"",\""15\""]",1,40530,40530,0,2026-07-01 11:01:43,2026-07-01 11:01:43
2671,2,"[\""1\"",\""2\"",\""5\"",\""6\"",\""7\"",\""8\"",\""13\"",\""14\""]","[\""1\"",\""2\"",\""3\"",\""5\"",\""6\"",\""7\"",\""8\"",\""9\"",\""11\"",\""12\"",\""13\"",\""14\"",\""15\""]",1,40530,40530,0,2026-07-01 11:01:43,2026-07-01 11:01:43
2672,3,"[\""1\"",\""2\"",\""5\"",\""6\"",\""7\"",\""8\"",\""14\""]","[\""1\"",\""2\"",\""3\"",\""5\"",\""9\"",\""12\"",\""13\"",\""14\""]",1,40530,40530,0,2026-07-01 11:01:43,2026-07-01 11:01:43
2673,4,"[\""1\"",\""7\"",\""8\"",\""14\""]","[\""1\"",\""10\"",\""12\""]",1,40530,40530,0,2026-07-01 11:01:43,2026-07-01 11:01:43
2674,1,"[\""1\"",\""2\"",\""3\"",\""4\"",\""5\"",\""6\"",\""7\"",\""8\"",\""9\"",\""10\"",\""11\"",\""12\"",\""13\"",\""14\""]","[\""1\"",\""2\"",\""3\"",\""4\"",\""5\"",\""6\"",\""7\"",\""8\"",\""9\"",\""10\"",\""11\"",\""12\"",\""13\"",\""14\"",\""15\""]",1,40532,40532,0,2026-07-01 11:07:11,2026-07-01 11:07:11
2675,2,"[\""1\"",\""2\"",\""5\"",\""6\"",\""7\"",\""8\"",\""13\"",\""14\""]","[\""1\"",\""2\"",\""3\"",\""5\"",\""6\"",\""7\"",\""8\"",\""9\"",\""11\"",\""12\"",\""13\"",\""14\"",\""15\""]",1,40532,40532,0,2026-07-01 11:07:11,2026-07-01 11:07:11
2676,3,"[\""1\"",\""2\"",\""5\"",\""6\"",\""7\"",\""8\"",\""14\""]","[\""1\"",\""2\"",\""3\"",\""5\"",\""9\"",\""12\"",\""13\"",\""14\""]",1,40532,40532,0,2026-07-01 11:07:11,2026-07-01 11:07:11
2677,4,"[\""1\"",\""7\"",\""8\"",\""14\""]","[\""1\"",\""10\"",\""12\""]",1,40532,40532,0,2026-07-01 11:07:11,2026-07-01 11:07:11
2678,1,"[\""1\"",\""2\"",\""3\"",\""4\"",\""5\"",\""6\"",\""7\"",\""8\"",\""9\"",\""10\"",\""11\"",\""12\"",\""13\"",\""14\""]","[\""1\"",\""2\"",\""3\"",\""4\"",\""5\"",\""6\"",\""7\"",\""8\"",\""9\"",\""10\"",\""11\"",\""12\"",\""13\"",\""14\"",\""15\""]",1,40534,40534,0,2026-07-01 11:14:01,2026-07-01 11:14:01
2679,2,"[\""1\"",\""2\"",\""5\"",\""6\"",\""7\"",\""8\"",\""13\"",\""14\""]","[\""1\"",\""2\"",\""3\"",\""5\"",\""6\"",\""7\"",\""8\"",\""9\"",\""11\"",\""12\"",\""13\"",\""14\"",\""15\""]",1,40534,40534,0,2026-07-01 11:14:01,2026-07-01 11:14:01
2680,3,"[\""1\"",\""2\"",\""5\"",\""6\"",\""7\"",\""8\"",\""14\""]","[\""1\"",\""2\"",\""3\"",\""5\"",\""9\"",\""12\"",\""13\"",\""14\""]",1,40534,40534,0,2026-07-01 11:14:01,2026-07-01 11:14:01
2681,4,"[\""1\"",\""7\"",\""8\"",\""14\""]","[\""1\"",\""10\"",\""12\""]",1,40534,40534,0,2026-07-01 11:14:01,2026-07-01 11:14:01
2682,1,"[\""1\"",\""2\"",\""3\"",\""4\"",\""5\"",\""6\"",\""7\"",\""8\"",\""9\"",\""10\"",\""11\"",\""12\"",\""13\"",\""14\""]","[\""1\"",\""2\"",\""3\"",\""4\"",\""5\"",\""6\"",\""7\"",\""8\"",\""9\"",\""10\"",\""11\"",\""12\"",\""13\"",\""14\"",\""15\""]",1,40538,40538,0,2026-07-01 12:20:45,2026-07-01 12:20:45
2683,2,"[\""1\"",\""2\"",\""5\"",\""6\"",\""7\"",\""8\"",\""13\"",\""14\""]","[\""1\"",\""2\"",\""3\"",\""5\"",\""6\"",\""7\"",\""8\"",\""9\"",\""11\"",\""12\"",\""13\"",\""14\"",\""15\""]",1,40538,40538,0,2026-07-01 12:20:45,2026-07-01 12:20:45
2684,3,"[\""1\"",\""2\"",\""5\"",\""6\"",\""7\"",\""8\"",\""14\""]","[\""1\"",\""2\"",\""3\"",\""5\"",\""9\"",\""12\"",\""13\"",\""14\""]",1,40538,40538,0,2026-07-01 12:20:45,2026-07-01 12:20:45
2685,4,"[\""1\"",\""7\"",\""8\"",\""14\""]","[\""1\"",\""10\"",\""12\""]",1,40538,40538,0,2026-07-01 12:20:45,2026-07-01 12:20:45
2686,1,"[\""1\"",\""2\"",\""3\"",\""4\"",\""5\"",\""6\"",\""7\"",\""8\"",\""9\"",\""10\"",\""11\"",\""12\"",\""13\"",\""14\""]","[\""1\"",\""2\"",\""3\"",\""4\"",\""5\"",\""6\"",\""7\"",\""8\"",\""9\"",\""10\"",\""11\"",\""12\"",\""13\"",\""14\"",\""15\""]",1,40540,40540,0,2026-07-01 12:50:40,2026-07-01 12:50:40
2687,2,"[\""1\"",\""2\"",\""5\"",\""6\"",\""7\"",\""8\"",\""13\"",\""14\""]","[\""1\"",\""2\"",\""3\"",\""5\"",\""6\"",\""7\"",\""8\"",\""9\"",\""11\"",\""12\"",\""13\"",\""14\"",\""15\""]",1,40540,40540,0,2026-07-01 12:50:40,2026-07-01 12:50:40
2688,3,"[\""1\"",\""2\"",\""5\"",\""6\"",\""7\"",\""8\"",\""14\""]","[\""1\"",\""2\"",\""3\"",\""5\"",\""9\"",\""12\"",\""13\"",\""14\""]",1,40540,40540,0,2026-07-01 12:50:40,2026-07-01 12:50:40
2689,4,"[\""1\"",\""7\"",\""8\"",\""14\""]","[\""1\"",\""10\"",\""12\""]",1,40540,40540,0,2026-07-01 12:50:40,2026-07-01 12:50:40
2690,1,"[\""1\"",\""2\"",\""3\"",\""4\"",\""5\"",\""6\"",\""7\"",\""8\"",\""9\"",\""10\"",\""11\"",\""12\"",\""13\"",\""14\""]","[\""1\"",\""2\"",\""3\"",\""4\"",\""5\"",\""6\"",\""7\"",\""8\"",\""9\"",\""10\"",\""11\"",\""12\"",\""13\"",\""14\"",\""15\""]",1,40541,40541,0,2026-07-01 13:00:23,2026-07-01 13:00:23
2691,2,"[\""1\"",\""2\"",\""5\"",\""6\"",\""7\"",\""8\"",\""13\"",\""14\""]","[\""1\"",\""2\"",\""3\"",\""5\"",\""6\"",\""7\"",\""8\"",\""9\"",\""11\"",\""12\"",\""13\"",\""14\"",\""15\""]",1,40541,40541,0,2026-07-01 13:00:23,2026-07-01 13:00:23
2692,3,"[\""1\"",\""2\"",\""5\"",\""6\"",\""7\"",\""8\"",\""14\""]","[\""1\"",\""2\"",\""3\"",\""5\"",\""9\"",\""12\"",\""13\"",\""14\""]",1,40541,40541,0,2026-07-01 13:00:23,2026-07-01 13:00:23
2693,4,"[\""1\"",\""7\"",\""8\"",\""14\""]","[\""1\"",\""10\"",\""12\""]",1,40541,40541,0,2026-07-01 13:00:23,2026-07-01 13:00:23
2694,1,"[\""1\"",\""2\"",\""3\"",\""4\"",\""5\"",\""6\"",\""7\"",\""8\"",\""9\"",\""10\"",\""11\"",\""12\"",\""13\"",\""14\""]","[\""1\"",\""2\"",\""3\"",\""4\"",\""5\"",\""6\"",\""7\"",\""8\"",\""9\"",\""10\"",\""11\"",\""12\"",\""13\"",\""14\"",\""15\""]",1,40542,40542,0,2026-07-01 13:02:11,2026-07-01 13:02:11
2695,2,"[\""1\"",\""2\"",\""5\"",\""6\"",\""7\"",\""8\"",\""13\"",\""14\""]","[\""1\"",\""2\"",\""3\"",\""5\"",\""6\"",\""7\"",\""8\"",\""9\"",\""11\"",\""12\"",\""13\"",\""14\"",\""15\""]",1,40542,40542,0,2026-07-01 13:02:11,2026-07-01 13:02:11
2696,3,"[\""1\"",\""2\"",\""5\"",\""6\"",\""7\"",\""8\"",\""14\""]","[\""1\"",\""2\"",\""3\"",\""5\"",\""9\"",\""12\"",\""13\"",\""14\""]",1,40542,40542,0,2026-07-01 13:02:11,2026-07-01 13:02:11
2697,4,"[\""1\"",\""7\"",\""8\"",\""14\""]","[\""1\"",\""10\"",\""12\""]",1,40542,40542,0,2026-07-01 13:02:11,2026-07-01 13:02:11
2698,1,"[\""1\"",\""2\"",\""3\"",\""4\"",\""5\"",\""6\"",\""7\"",\""8\"",\""9\"",\""10\"",\""11\"",\""12\"",\""13\"",\""14\""]","[\""1\"",\""2\"",\""3\"",\""4\"",\""5\"",\""6\"",\""7\"",\""8\"",\""9\"",\""10\"",\""11\"",\""12\"",\""13\"",\""14\"",\""15\""]",1,40543,40543,0,2026-07-01 13:33:59,2026-07-01 13:33:59
2699,2,"[\""1\"",\""2\"",\""5\"",\""6\"",\""7\"",\""8\"",\""13\"",\""14\""]","[\""1\"",\""2\"",\""3\"",\""5\"",\""6\"",\""7\"",\""8\"",\""9\"",\""11\"",\""12\"",\""13\"",\""14\"",\""15\""]",1,40543,40543,0,2026-07-01 13:33:59,2026-07-01 13:33:59
2700,3,"[\""1\"",\""2\"",\""5\"",\""6\"",\""7\"",\""8\"",\""14\""]","[\""1\"",\""2\"",\""3\"",\""5\"",\""9\"",\""12\"",\""13\"",\""14\""]",1,40543,40543,0,2026-07-01 13:33:59,2026-07-01 13:33:59
2701,4,"[\""1\"",\""7\"",\""8\"",\""14\""]","[\""1\"",\""10\"",\""12\""]",1,40543,40543,0,2026-07-01 13:33:59,2026-07-01 13:33:59
2702,1,"[\""1\"",\""2\"",\""3\"",\""4\"",\""5\"",\""6\"",\""7\"",\""8\"",\""9\"",\""10\"",\""11\"",\""12\"",\""13\"",\""14\""]","[\""1\"",\""2\"",\""3\"",\""4\"",\""5\"",\""6\"",\""7\"",\""8\"",\""9\"",\""10\"",\""11\"",\""12\"",\""13\"",\""14\"",\""15\""]",1,40544,40544,0,2026-07-01 13:36:37,2026-07-01 13:36:37
2703,2,"[\""1\"",\""2\"",\""5\"",\""6\"",\""7\"",\""8\"",\""13\"",\""14\""]","[\""1\"",\""2\"",\""3\"",\""5\"",\""6\"",\""7\"",\""8\"",\""9\"",\""11\"",\""12\"",\""13\"",\""14\"",\""15\""]",1,40544,40544,0,2026-07-01 13:36:37,2026-07-01 13:36:37
2704,3,"[\""1\"",\""2\"",\""5\"",\""6\"",\""7\"",\""8\"",\""14\""]","[\""1\"",\""2\"",\""3\"",\""5\"",\""9\"",\""12\"",\""13\"",\""14\""]",1,40544,40544,0,2026-07-01 13:36:37,2026-07-01 13:36:37
2705,4,"[\""1\"",\""7\"",\""8\"",\""14\""]","[\""1\"",\""10\"",\""12\""]",1,40544,40544,0,2026-07-01 13:36:37,2026-07-01 13:36:37
2706,1,"[\""1\"",\""2\"",\""3\"",\""4\"",\""5\"",\""6\"",\""7\"",\""8\"",\""9\"",\""10\"",\""11\"",\""12\"",\""13\"",\""14\""]","[\""1\"",\""2\"",\""3\"",\""4\"",\""5\"",\""6\"",\""7\"",\""8\"",\""9\"",\""10\"",\""11\"",\""12\"",\""13\"",\""14\"",\""15\""]",1,40545,40545,0,2026-07-01 13:39:19,2026-07-01 13:39:19
2707,2,"[\""1\"",\""2\"",\""5\"",\""6\"",\""7\"",\""8\"",\""13\"",\""14\""]","[\""1\"",\""2\"",\""3\"",\""5\"",\""6\"",\""7\"",\""8\"",\""9\"",\""11\"",\""12\"",\""13\"",\""14\"",\""15\""]",1,40545,40545,0,2026-07-01 13:39:19,2026-07-01 13:39:19
2708,3,"[\""1\"",\""2\"",\""5\"",\""6\"",\""7\"",\""8\"",\""14\""]","[\""1\"",\""2\"",\""3\"",\""5\"",\""9\"",\""12\"",\""13\"",\""14\""]",1,40545,40545,0,2026-07-01 13:39:19,2026-07-01 13:39:19
2709,4,"[\""1\"",\""7\"",\""8\"",\""14\""]","[\""1\"",\""10\"",\""12\""]",1,40545,40545,0,2026-07-01 13:39:19,2026-07-01 13:39:19
2710,1,"[\""1\"",\""2\"",\""3\"",\""4\"",\""5\"",\""6\"",\""7\"",\""8\"",\""9\"",\""10\"",\""11\"",\""12\"",\""13\"",\""14\""]","[\""1\"",\""2\"",\""3\"",\""4\"",\""5\"",\""6\"",\""7\"",\""8\"",\""9\"",\""10\"",\""11\"",\""12\"",\""13\"",\""14\"",\""15\""]",1,40546,40546,0,2026-07-01 14:51:42,2026-07-01 14:51:42
2711,2,"[\""1\"",\""2\"",\""5\"",\""6\"",\""7\"",\""8\"",\""13\"",\""14\""]","[\""1\"",\""2\"",\""3\"",\""5\"",\""6\"",\""7\"",\""8\"",\""9\"",\""11\"",\""12\"",\""13\"",\""14\"",\""15\""]",1,40546,40546,0,2026-07-01 14:51:42,2026-07-01 14:51:42
2712,3,"[\""1\"",\""2\"",\""5\"",\""6\"",\""7\"",\""8\"",\""14\""]","[\""1\"",\""2\"",\""3\"",\""5\"",\""9\"",\""12\"",\""13\"",\""14\""]",1,40546,40546,0,2026-07-01 14:51:42,2026-07-01 14:51:42
2713,4,"[\""1\"",\""7\"",\""8\"",\""14\""]","[\""1\"",\""10\"",\""12\""]",1,40546,40546,0,2026-07-01 14:51:42,2026-07-01 14:51:42
2714,1,"[\""1\"",\""2\"",\""3\"",\""4\"",\""5\"",\""6\"",\""7\"",\""8\"",\""9\"",\""10\"",\""11\"",\""12\"",\""13\"",\""14\""]","[\""1\"",\""2\"",\""3\"",\""4\"",\""5\"",\""6\"",\""7\"",\""8\"",\""9\"",\""10\"",\""11\"",\""12\"",\""13\"",\""14\"",\""15\""]",1,40547,40547,0,2026-07-01 14:58:32,2026-07-01 14:58:32
2715,2,"[\""1\"",\""2\"",\""5\"",\""6\"",\""7\"",\""8\"",\""13\"",\""14\""]","[\""1\"",\""2\"",\""3\"",\""5\"",\""6\"",\""7\"",\""8\"",\""9\"",\""11\"",\""12\"",\""13\"",\""14\"",\""15\""]",1,40547,40547,0,2026-07-01 14:58:32,2026-07-01 14:58:32
2716,3,"[\""1\"",\""2\"",\""5\"",\""6\"",\""7\"",\""8\"",\""14\""]","[\""1\"",\""2\"",\""3\"",\""5\"",\""9\"",\""12\"",\""13\"",\""14\""]",1,40547,40547,0,2026-07-01 14:58:32,2026-07-01 14:58:32
2717,4,"[\""1\"",\""7\"",\""8\"",\""14\""]","[\""1\"",\""10\"",\""12\""]",1,40547,40547,0,2026-07-01 14:58:32,2026-07-01 14:58:32
2718,1,"[\""1\"",\""2\"",\""3\"",\""4\"",\""5\"",\""6\"",\""7\"",\""8\"",\""9\"",\""10\"",\""11\"",\""12\"",\""13\"",\""14\""]","[\""1\"",\""2\"",\""3\"",\""4\"",\""5\"",\""6\"",\""7\"",\""8\"",\""9\"",\""10\"",\""11\"",\""12\"",\""13\"",\""14\"",\""15\""]",1,40548,40548,0,2026-07-01 15:50:12,2026-07-01 15:50:12
2719,2,"[\""1\"",\""2\"",\""5\"",\""6\"",\""7\"",\""8\"",\""13\"",\""14\""]","[\""1\"",\""2\"",\""3\"",\""5\"",\""6\"",\""7\"",\""8\"",\""9\"",\""11\"",\""12\"",\""13\"",\""14\"",\""15\""]",1,40548,40548,0,2026-07-01 15:50:12,2026-07-01 15:50:12
2720,3,"[\""1\"",\""2\"",\""5\"",\""6\"",\""7\"",\""8\"",\""14\""]","[\""1\"",\""2\"",\""3\"",\""5\"",\""9\"",\""12\"",\""13\"",\""14\""]",1,40548,40548,0,2026-07-01 15:50:12,2026-07-01 15:50:12
2721,4,"[\""1\"",\""7\"",\""8\"",\""14\""]","[\""1\"",\""10\"",\""12\""]",1,40548,40548,0,2026-07-01 15:50:12,2026-07-01 15:50:12
2722,1,"[\""1\"",\""2\"",\""3\"",\""4\"",\""5\"",\""6\"",\""7\"",\""8\"",\""9\"",\""10\"",\""11\"",\""12\"",\""13\"",\""14\""]","[\""1\"",\""2\"",\""3\"",\""4\"",\""5\"",\""6\"",\""7\"",\""8\"",\""9\"",\""10\"",\""11\"",\""12\"",\""13\"",\""14\"",\""15\""]",1,40549,40549,0,2026-07-01 16:04:06,2026-07-01 16:04:06
2723,2,"[\""1\"",\""2\"",\""5\"",\""6\"",\""7\"",\""8\"",\""13\"",\""14\""]","[\""1\"",\""2\"",\""3\"",\""5\"",\""6\"",\""7\"",\""8\"",\""9\"",\""11\"",\""12\"",\""13\"",\""14\"",\""15\""]",1,40549,40549,0,2026-07-01 16:04:06,2026-07-01 16:04:06
2724,3,"[\""1\"",\""2\"",\""5\"",\""6\"",\""7\"",\""8\"",\""14\""]","[\""1\"",\""2\"",\""3\"",\""5\"",\""9\"",\""12\"",\""13\"",\""14\""]",1,40549,40549,0,2026-07-01 16:04:06,2026-07-01 16:04:06
2725,4,"[\""1\"",\""7\"",\""8\"",\""14\""]","[\""1\"",\""10\"",\""12\""]",1,40549,40549,0,2026-07-01 16:04:06,2026-07-01 16:04:06
2726,1,"[\""1\"",\""2\"",\""3\"",\""4\"",\""5\"",\""6\"",\""7\"",\""8\"",\""9\"",\""10\"",\""11\"",\""12\"",\""13\"",\""14\""]","[\""1\"",\""2\"",\""3\"",\""4\"",\""5\"",\""6\"",\""7\"",\""8\"",\""9\"",\""10\"",\""11\"",\""12\"",\""13\"",\""14\"",\""15\""]",1,40550,40550,0,2026-07-01 16:30:36,2026-07-01 16:30:36
2727,2,"[\""1\"",\""2\"",\""5\"",\""6\"",\""7\"",\""8\"",\""13\"",\""14\""]","[\""1\"",\""2\"",\""3\"",\""5\"",\""6\"",\""7\"",\""8\"",\""9\"",\""11\"",\""12\"",\""13\"",\""14\"",\""15\""]",1,40550,40550,0,2026-07-01 16:30:36,2026-07-01 16:30:36
2728,3,"[\""1\"",\""2\"",\""5\"",\""6\"",\""7\"",\""8\"",\""14\""]","[\""1\"",\""2\"",\""3\"",\""5\"",\""9\"",\""12\"",\""13\"",\""14\""]",1,40550,40550,0,2026-07-01 16:30:36,2026-07-01 16:30:36
2729,4,"[\""1\"",\""7\"",\""8\"",\""14\""]","[\""1\"",\""10\"",\""12\""]",1,40550,40550,0,2026-07-01 16:30:36,2026-07-01 16:30:36
2730,1,"[\""1\"",\""2\"",\""3\"",\""4\"",\""5\"",\""6\"",\""7\"",\""8\"",\""9\"",\""10\"",\""11\"",\""12\"",\""13\"",\""14\""]","[\""1\"",\""2\"",\""3\"",\""4\"",\""5\"",\""6\"",\""7\"",\""8\"",\""9\"",\""10\"",\""11\"",\""12\"",\""13\"",\""14\"",\""15\""]",1,40551,40551,0,2026-07-01 17:01:40,2026-07-01 17:01:40
2731,2,"[\""1\"",\""2\"",\""5\"",\""6\"",\""7\"",\""8\"",\""13\"",\""14\""]","[\""1\"",\""2\"",\""3\"",\""5\"",\""6\"",\""7\"",\""8\"",\""9\"",\""11\"",\""12\"",\""13\"",\""14\"",\""15\""]",1,40551,40551,0,2026-07-01 17:01:40,2026-07-01 17:01:40
2732,3,"[\""1\"",\""2\"",\""5\"",\""6\"",\""7\"",\""8\"",\""14\""]","[\""1\"",\""2\"",\""3\"",\""5\"",\""9\"",\""12\"",\""13\"",\""14\""]",1,40551,40551,0,2026-07-01 17:01:40,2026-07-01 17:01:40
2733,4,"[\""1\"",\""7\"",\""8\"",\""14\""]","[\""1\"",\""10\"",\""12\""]",1,40551,40551,0,2026-07-01 17:01:40,2026-07-01 17:01:40
2734,1,"[\""1\"",\""2\"",\""3\"",\""4\"",\""5\"",\""6\"",\""7\"",\""8\"",\""9\"",\""10\"",\""11\"",\""12\"",\""13\"",\""14\""]","[\""1\"",\""2\"",\""3\"",\""4\"",\""5\"",\""6\"",\""7\"",\""8\"",\""9\"",\""10\"",\""11\"",\""12\"",\""13\"",\""14\"",\""15\""]",1,40552,40552,0,2026-07-01 17:22:35,2026-07-01 17:22:35
2735,2,"[\""1\"",\""2\"",\""5\"",\""6\"",\""7\"",\""8\"",\""13\"",\""14\""]","[\""1\"",\""2\"",\""3\"",\""5\"",\""6\"",\""7\"",\""8\"",\""9\"",\""11\"",\""12\"",\""13\"",\""14\"",\""15\""]",1,40552,40552,0,2026-07-01 17:22:35,2026-07-01 17:22:35
2736,3,"[\""1\"",\""2\"",\""5\"",\""6\"",\""7\"",\""8\"",\""14\""]","[\""1\"",\""2\"",\""3\"",\""5\"",\""9\"",\""12\"",\""13\"",\""14\""]",1,40552,40552,0,2026-07-01 17:22:35,2026-07-01 17:22:35
2737,4,"[\""1\"",\""7\"",\""8\"",\""14\""]","[\""1\"",\""10\"",\""12\""]",1,40552,40552,0,2026-07-01 17:22:35,2026-07-01 17:22:35
2738,1,"[\""1\"",\""2\"",\""3\"",\""4\"",\""5\"",\""6\"",\""7\"",\""8\"",\""9\"",\""10\"",\""11\"",\""12\"",\""13\"",\""14\""]","[\""1\"",\""2\"",\""3\"",\""4\"",\""5\"",\""6\"",\""7\"",\""8\"",\""9\"",\""10\"",\""11\"",\""12\"",\""13\"",\""14\"",\""15\""]",1,40553,40553,0,2026-07-01 17:33:46,2026-07-01 17:33:46
2739,2,"[\""1\"",\""2\"",\""5\"",\""6\"",\""7\"",\""8\"",\""13\"",\""14\""]","[\""1\"",\""2\"",\""3\"",\""5\"",\""6\"",\""7\"",\""8\"",\""9\"",\""11\"",\""12\"",\""13\"",\""14\"",\""15\""]",1,40553,40553,0,2026-07-01 17:33:46,2026-07-01 17:33:46
2740,3,"[\""1\"",\""2\"",\""5\"",\""6\"",\""7\"",\""8\"",\""14\""]","[\""1\"",\""2\"",\""3\"",\""5\"",\""9\"",\""12\"",\""13\"",\""14\""]",1,40553,40553,0,2026-07-01 17:33:46,2026-07-01 17:33:46
2741,4,"[\""1\"",\""7\"",\""8\"",\""14\""]","[\""1\"",\""10\"",\""12\""]",1,40553,40553,0,2026-07-01 17:33:46,2026-07-01 17:33:46
2742,1,"[\""1\"",\""2\"",\""3\"",\""4\"",\""5\"",\""6\"",\""7\"",\""8\"",\""9\"",\""10\"",\""11\"",\""12\"",\""13\"",\""14\""]","[\""1\"",\""2\"",\""3\"",\""4\"",\""5\"",\""6\"",\""7\"",\""8\"",\""9\"",\""10\"",\""11\"",\""12\"",\""13\"",\""14\"",\""15\""]",1,40554,40554,0,2026-07-01 18:34:44,2026-07-01 18:34:44
2743,2,"[\""1\"",\""2\"",\""5\"",\""6\"",\""7\"",\""8\"",\""13\"",\""14\""]","[\""1\"",\""2\"",\""3\"",\""5\"",\""6\"",\""7\"",\""8\"",\""9\"",\""11\"",\""12\"",\""13\"",\""14\"",\""15\""]",1,40554,40554,0,2026-07-01 18:34:44,2026-07-01 18:34:44
2744,3,"[\""1\"",\""2\"",\""5\"",\""6\"",\""7\"",\""8\"",\""14\""]","[\""1\"",\""2\"",\""3\"",\""5\"",\""9\"",\""12\"",\""13\"",\""14\""]",1,40554,40554,0,2026-07-01 18:34:44,2026-07-01 18:34:44
2745,4,"[\""1\"",\""7\"",\""8\"",\""14\""]","[\""1\"",\""10\"",\""12\""]",1,40554,40554,0,2026-07-01 18:34:44,2026-07-01 18:34:44
2746,1,"[\""1\"",\""2\"",\""3\"",\""4\"",\""5\"",\""6\"",\""7\"",\""8\"",\""9\"",\""10\"",\""11\"",\""12\"",\""13\"",\""14\""]","[\""1\"",\""2\"",\""3\"",\""4\"",\""5\"",\""6\"",\""7\"",\""8\"",\""9\"",\""10\"",\""11\"",\""12\"",\""13\"",\""14\"",\""15\""]",1,40555,40555,0,2026-07-02 10:41:49,2026-07-02 10:41:49
2747,2,"[\""1\"",\""2\"",\""5\"",\""6\"",\""7\"",\""8\"",\""13\"",\""14\""]","[\""1\"",\""2\"",\""3\"",\""5\"",\""6\"",\""7\"",\""8\"",\""9\"",\""11\"",\""12\"",\""13\"",\""14\"",\""15\""]",1,40555,40555,0,2026-07-02 10:41:49,2026-07-02 10:41:49
2748,3,"[\""1\"",\""2\"",\""5\"",\""6\"",\""7\"",\""8\"",\""14\""]","[\""1\"",\""2\"",\""3\"",\""5\"",\""9\"",\""12\"",\""13\"",\""14\""]",1,40555,40555,0,2026-07-02 10:41:49,2026-07-02 10:41:49
2749,4,"[\""1\"",\""7\"",\""8\"",\""14\""]","[\""1\"",\""10\"",\""12\""]",1,40555,40555,0,2026-07-02 10:41:49,2026-07-02 10:41:49
2750,1,"[\""1\"",\""2\"",\""3\"",\""4\"",\""5\"",\""6\"",\""7\"",\""8\"",\""9\"",\""10\"",\""11\"",\""12\"",\""13\"",\""14\""]","[\""1\"",\""2\"",\""3\"",\""4\"",\""5\"",\""6\"",\""7\"",\""8\"",\""9\"",\""10\"",\""11\"",\""12\"",\""13\"",\""14\"",\""15\""]",1,40556,40556,0,2026-07-02 10:49:20,2026-07-02 10:49:20
2751,2,"[\""1\"",\""2\"",\""5\"",\""6\"",\""7\"",\""8\"",\""13\"",\""14\""]","[\""1\"",\""2\"",\""3\"",\""5\"",\""6\"",\""7\"",\""8\"",\""9\"",\""11\"",\""12\"",\""13\"",\""14\"",\""15\""]",1,40556,40556,0,2026-07-02 10:49:20,2026-07-02 10:49:20
2752,3,"[\""1\"",\""2\"",\""5\"",\""6\"",\""7\"",\""8\"",\""14\""]","[\""1\"",\""2\"",\""3\"",\""5\"",\""9\"",\""12\"",\""13\"",\""14\""]",1,40556,40556,0,2026-07-02 10:49:20,2026-07-02 10:49:20
2753,4,"[\""1\"",\""7\"",\""8\"",\""14\""]","[\""1\"",\""10\"",\""12\""]",1,40556,40556,0,2026-07-02 10:49:20,2026-07-02 10:49:20
2754,1,"[\""1\"",\""2\"",\""3\"",\""4\"",\""5\"",\""6\"",\""7\"",\""8\"",\""9\"",\""10\"",\""11\"",\""12\"",\""13\"",\""14\""]","[\""1\"",\""2\"",\""3\"",\""4\"",\""5\"",\""6\"",\""7\"",\""8\"",\""9\"",\""10\"",\""11\"",\""12\"",\""13\"",\""14\"",\""15\""]",1,40557,40557,0,2026-07-02 10:56:12,2026-07-02 10:56:12
2755,2,"[\""1\"",\""2\"",\""5\"",\""6\"",\""7\"",\""8\"",\""13\"",\""14\""]","[\""1\"",\""2\"",\""3\"",\""5\"",\""6\"",\""7\"",\""8\"",\""9\"",\""11\"",\""12\"",\""13\"",\""14\"",\""15\""]",1,40557,40557,0,2026-07-02 10:56:12,2026-07-02 10:56:12
2756,3,"[\""1\"",\""2\"",\""5\"",\""6\"",\""7\"",\""8\"",\""14\""]","[\""1\"",\""2\"",\""3\"",\""5\"",\""9\"",\""12\"",\""13\"",\""14\""]",1,40557,40557,0,2026-07-02 10:56:12,2026-07-02 10:56:12
2757,4,"[\""1\"",\""7\"",\""8\"",\""14\""]","[\""1\"",\""10\"",\""12\""]",1,40557,40557,0,2026-07-02 10:56:12,2026-07-02 10:56:12
2758,1,"[\""1\"",\""2\"",\""3\"",\""4\"",\""5\"",\""6\"",\""7\"",\""8\"",\""9\"",\""10\"",\""11\"",\""12\"",\""13\"",\""14\""]","[\""1\"",\""2\"",\""3\"",\""4\"",\""5\"",\""6\"",\""7\"",\""8\"",\""9\"",\""10\"",\""11\"",\""12\"",\""13\"",\""14\"",\""15\""]",1,40558,40558,0,2026-07-02 11:04:17,2026-07-02 11:04:17
2759,1,"[\""1\"",\""2\"",\""3\"",\""4\"",\""5\"",\""6\"",\""7\"",\""8\"",\""9\"",\""10\"",\""11\"",\""12\"",\""13\"",\""14\""]","[\""1\"",\""2\"",\""3\"",\""4\"",\""5\"",\""6\"",\""7\"",\""8\"",\""9\"",\""10\"",\""11\"",\""12\"",\""13\"",\""14\"",\""15\""]",1,40558,40558,0,2026-07-02 11:04:17,2026-07-02 11:04:17
2760,2,"[\""1\"",\""2\"",\""5\"",\""6\"",\""7\"",\""8\"",\""13\"",\""14\""]","[\""1\"",\""2\"",\""3\"",\""5\"",\""6\"",\""7\"",\""8\"",\""9\"",\""11\"",\""12\"",\""13\"",\""14\"",\""15\""]",1,40558,40558,0,2026-07-02 11:04:17,2026-07-02 11:04:17
2761,2,"[\""1\"",\""2\"",\""5\"",\""6\"",\""7\"",\""8\"",\""13\"",\""14\""]","[\""1\"",\""2\"",\""3\"",\""5\"",\""6\"",\""7\"",\""8\"",\""9\"",\""11\"",\""12\"",\""13\"",\""14\"",\""15\""]",1,40558,40558,0,2026-07-02 11:04:17,2026-07-02 11:04:17
2762,3,"[\""1\"",\""2\"",\""5\"",\""6\"",\""7\"",\""8\"",\""14\""]","[\""1\"",\""2\"",\""3\"",\""5\"",\""9\"",\""12\"",\""13\"",\""14\""]",1,40558,40558,0,2026-07-02 11:04:17,2026-07-02 11:04:17
2763,3,"[\""1\"",\""2\"",\""5\"",\""6\"",\""7\"",\""8\"",\""14\""]","[\""1\"",\""2\"",\""3\"",\""5\"",\""9\"",\""12\"",\""13\"",\""14\""]",1,40558,40558,0,2026-07-02 11:04:17,2026-07-02 11:04:17
2764,4,"[\""1\"",\""7\"",\""8\"",\""14\""]","[\""1\"",\""10\"",\""12\""]",1,40558,40558,0,2026-07-02 11:04:17,2026-07-02 11:04:17
2765,4,"[\""1\"",\""7\"",\""8\"",\""14\""]","[\""1\"",\""10\"",\""12\""]",1,40558,40558,0,2026-07-02 11:04:17,2026-07-02 11:04:17
2766,1,"[\""1\"",\""2\"",\""3\"",\""4\"",\""5\"",\""6\"",\""7\"",\""8\"",\""9\"",\""10\"",\""11\"",\""12\"",\""13\"",\""14\""]","[\""1\"",\""2\"",\""3\"",\""4\"",\""5\"",\""6\"",\""7\"",\""8\"",\""9\"",\""10\"",\""11\"",\""12\"",\""13\"",\""14\"",\""15\""]",1,40560,40560,0,2026-07-02 11:13:24,2026-07-02 11:13:24
2767,2,"[\""1\"",\""2\"",\""5\"",\""6\"",\""7\"",\""8\"",\""13\"",\""14\""]","[\""1\"",\""2\"",\""3\"",\""5\"",\""6\"",\""7\"",\""8\"",\""9\"",\""11\"",\""12\"",\""13\"",\""14\"",\""15\""]",1,40560,40560,0,2026-07-02 11:13:24,2026-07-02 11:13:24
2768,3,"[\""1\"",\""2\"",\""5\"",\""6\"",\""7\"",\""8\"",\""14\""]","[\""1\"",\""2\"",\""3\"",\""5\"",\""9\"",\""12\"",\""13\"",\""14\""]",1,40560,40560,0,2026-07-02 11:13:24,2026-07-02 11:13:24
2769,4,"[\""1\"",\""7\"",\""8\"",\""14\""]","[\""1\"",\""10\"",\""12\""]",1,40560,40560,0,2026-07-02 11:13:24,2026-07-02 11:13:24
2770,1,"[\""1\"",\""2\"",\""3\"",\""4\"",\""5\"",\""6\"",\""7\"",\""8\"",\""9\"",\""10\"",\""11\"",\""12\"",\""13\"",\""14\""]","[\""1\"",\""2\"",\""3\"",\""4\"",\""5\"",\""6\"",\""7\"",\""8\"",\""9\"",\""10\"",\""11\"",\""12\"",\""13\"",\""14\"",\""15\""]",1,40561,40561,0,2026-07-02 11:18:19,2026-07-02 11:18:19
2771,2,"[\""1\"",\""2\"",\""5\"",\""6\"",\""7\"",\""8\"",\""13\"",\""14\""]","[\""1\"",\""2\"",\""3\"",\""5\"",\""6\"",\""7\"",\""8\"",\""9\"",\""11\"",\""12\"",\""13\"",\""14\"",\""15\""]",1,40561,40561,0,2026-07-02 11:18:19,2026-07-02 11:18:19
2772,3,"[\""1\"",\""2\"",\""5\"",\""6\"",\""7\"",\""8\"",\""14\""]","[\""1\"",\""2\"",\""3\"",\""5\"",\""9\"",\""12\"",\""13\"",\""14\""]",1,40561,40561,0,2026-07-02 11:18:19,2026-07-02 11:18:19
2773,4,"[\""1\"",\""7\"",\""8\"",\""14\""]","[\""1\"",\""10\"",\""12\""]",1,40561,40561,0,2026-07-02 11:18:19,2026-07-02 11:18:19
2774,1,"[\""1\"",\""2\"",\""3\"",\""4\"",\""5\"",\""6\"",\""7\"",\""8\"",\""9\"",\""10\"",\""11\"",\""12\"",\""13\"",\""14\""]","[\""1\"",\""2\"",\""3\"",\""4\"",\""5\"",\""6\"",\""7\"",\""8\"",\""9\"",\""10\"",\""11\"",\""12\"",\""13\"",\""14\"",\""15\""]",1,40562,40562,0,2026-07-02 11:56:53,2026-07-02 11:56:53
2775,2,"[\""1\"",\""2\"",\""5\"",\""6\"",\""7\"",\""8\"",\""13\"",\""14\""]","[\""1\"",\""2\"",\""3\"",\""5\"",\""6\"",\""7\"",\""8\"",\""9\"",\""11\"",\""12\"",\""13\"",\""14\"",\""15\""]",1,40562,40562,0,2026-07-02 11:56:53,2026-07-02 11:56:53
2776,3,"[\""1\"",\""2\"",\""5\"",\""6\"",\""7\"",\""8\"",\""14\""]","[\""1\"",\""2\"",\""3\"",\""5\"",\""9\"",\""12\"",\""13\"",\""14\""]",1,40562,40562,0,2026-07-02 11:56:53,2026-07-02 11:56:53
2777,4,"[\""1\"",\""7\"",\""8\"",\""14\""]","[\""1\"",\""10\"",\""12\""]",1,40562,40562,0,2026-07-02 11:56:53,2026-07-02 11:56:53
2778,1,"[\""1\"",\""2\"",\""3\"",\""4\"",\""5\"",\""6\"",\""7\"",\""8\"",\""9\"",\""10\"",\""11\"",\""12\"",\""13\"",\""14\""]","[\""1\"",\""2\"",\""3\"",\""4\"",\""5\"",\""6\"",\""7\"",\""8\"",\""9\"",\""10\"",\""11\"",\""12\"",\""13\"",\""14\"",\""15\""]",1,40563,40563,0,2026-07-02 12:12:02,2026-07-02 12:12:02
2779,2,"[\""1\"",\""2\"",\""5\"",\""6\"",\""7\"",\""8\"",\""13\"",\""14\""]","[\""1\"",\""2\"",\""3\"",\""5\"",\""6\"",\""7\"",\""8\"",\""9\"",\""11\"",\""12\"",\""13\"",\""14\"",\""15\""]",1,40563,40563,0,2026-07-02 12:12:02,2026-07-02 12:12:02
2780,3,"[\""1\"",\""2\"",\""5\"",\""6\"",\""7\"",\""8\"",\""14\""]","[\""1\"",\""2\"",\""3\"",\""5\"",\""9\"",\""12\"",\""13\"",\""14\""]",1,40563,40563,0,2026-07-02 12:12:02,2026-07-02 12:12:02
2781,4,"[\""1\"",\""7\"",\""8\"",\""14\""]","[\""1\"",\""10\"",\""12\""]",1,40563,40563,0,2026-07-02 12:12:02,2026-07-02 12:12:02
2782,1,"[\""1\"",\""2\"",\""3\"",\""4\"",\""5\"",\""6\"",\""7\"",\""8\"",\""9\"",\""10\"",\""11\"",\""12\"",\""13\"",\""14\""]","[\""1\"",\""2\"",\""3\"",\""4\"",\""5\"",\""6\"",\""7\"",\""8\"",\""9\"",\""10\"",\""11\"",\""12\"",\""13\"",\""14\"",\""15\""]",1,40564,40564,0,2026-07-02 12:18:13,2026-07-02 12:18:13
2783,2,"[\""1\"",\""2\"",\""5\"",\""6\"",\""7\"",\""8\"",\""13\"",\""14\""]","[\""1\"",\""2\"",\""3\"",\""5\"",\""6\"",\""7\"",\""8\"",\""9\"",\""11\"",\""12\"",\""13\"",\""14\"",\""15\""]",1,40564,40564,0,2026-07-02 12:18:13,2026-07-02 12:18:13
2784,3,"[\""1\"",\""2\"",\""5\"",\""6\"",\""7\"",\""8\"",\""14\""]","[\""1\"",\""2\"",\""3\"",\""5\"",\""9\"",\""12\"",\""13\"",\""14\""]",1,40564,40564,0,2026-07-02 12:18:13,2026-07-02 12:18:13
2785,4,"[\""1\"",\""7\"",\""8\"",\""14\""]","[\""1\"",\""10\"",\""12\""]",1,40564,40564,0,2026-07-02 12:18:13,2026-07-02 12:18:13
2786,1,"[\""1\"",\""2\"",\""3\"",\""4\"",\""5\"",\""6\"",\""7\"",\""8\"",\""9\"",\""10\"",\""11\"",\""12\"",\""13\"",\""14\""]","[\""1\"",\""2\"",\""3\"",\""4\"",\""5\"",\""6\"",\""7\"",\""8\"",\""9\"",\""10\"",\""11\"",\""12\"",\""13\"",\""14\"",\""15\""]",1,40565,40565,0,2026-07-02 14:35:37,2026-07-02 14:35:37
2787,2,"[\""1\"",\""2\"",\""5\"",\""6\"",\""7\"",\""8\"",\""13\"",\""14\""]","[\""1\"",\""2\"",\""3\"",\""5\"",\""6\"",\""7\"",\""8\"",\""9\"",\""11\"",\""12\"",\""13\"",\""14\"",\""15\""]",1,40565,40565,0,2026-07-02 14:35:37,2026-07-02 14:35:37
2788,3,"[\""1\"",\""2\"",\""5\"",\""6\"",\""7\"",\""8\"",\""14\""]","[\""1\"",\""2\"",\""3\"",\""5\"",\""9\"",\""12\"",\""13\"",\""14\""]",1,40565,40565,0,2026-07-02 14:35:37,2026-07-02 14:35:37
2789,4,"[\""1\"",\""7\"",\""8\"",\""14\""]","[\""1\"",\""10\"",\""12\""]",1,40565,40565,0,2026-07-02 14:35:37,2026-07-02 14:35:37
2790,1,"[\""1\"",\""2\"",\""3\"",\""4\"",\""5\"",\""6\"",\""7\"",\""8\"",\""9\"",\""10\"",\""11\"",\""12\"",\""13\"",\""14\""]","[\""1\"",\""2\"",\""3\"",\""4\"",\""5\"",\""6\"",\""7\"",\""8\"",\""9\"",\""10\"",\""11\"",\""12\"",\""13\"",\""14\"",\""15\""]",1,40566,40566,0,2026-07-02 16:58:59,2026-07-02 16:58:59
2791,2,"[\""1\"",\""2\"",\""5\"",\""6\"",\""7\"",\""8\"",\""13\"",\""14\""]","[\""1\"",\""2\"",\""3\"",\""5\"",\""6\"",\""7\"",\""8\"",\""9\"",\""11\"",\""12\"",\""13\"",\""14\"",\""15\""]",1,40566,40566,0,2026-07-02 16:58:59,2026-07-02 16:58:59
2792,3,"[\""1\"",\""2\"",\""5\"",\""6\"",\""7\"",\""8\"",\""14\""]","[\""1\"",\""2\"",\""3\"",\""5\"",\""9\"",\""12\"",\""13\"",\""14\""]",1,40566,40566,0,2026-07-02 16:58:59,2026-07-02 16:58:59
2793,4,"[\""1\"",\""7\"",\""8\"",\""14\""]","[\""1\"",\""10\"",\""12\""]",1,40566,40566,0,2026-07-02 16:58:59,2026-07-02 16:58:59
2794,1,"[\""1\"",\""2\"",\""3\"",\""4\"",\""5\"",\""6\"",\""7\"",\""8\"",\""9\"",\""10\"",\""11\"",\""12\"",\""13\"",\""14\""]","[\""1\"",\""2\"",\""3\"",\""4\"",\""5\"",\""6\"",\""7\"",\""8\"",\""9\"",\""10\"",\""11\"",\""12\"",\""13\"",\""14\"",\""15\""]",1,40567,40567,0,2026-07-02 17:01:55,2026-07-02 17:01:55
2795,2,"[\""1\"",\""2\"",\""5\"",\""6\"",\""7\"",\""8\"",\""13\"",\""14\""]","[\""1\"",\""2\"",\""3\"",\""5\"",\""6\"",\""7\"",\""8\"",\""9\"",\""11\"",\""12\"",\""13\"",\""14\"",\""15\""]",1,40567,40567,0,2026-07-02 17:01:55,2026-07-02 17:01:55
2796,3,"[\""1\"",\""2\"",\""5\"",\""6\"",\""7\"",\""8\"",\""14\""]","[\""1\"",\""2\"",\""3\"",\""5\"",\""9\"",\""12\"",\""13\"",\""14\""]",1,40567,40567,0,2026-07-02 17:01:55,2026-07-02 17:01:55
2797,4,"[\""1\"",\""7\"",\""8\"",\""14\""]","[\""1\"",\""10\"",\""12\""]",1,40567,40567,0,2026-07-02 17:01:55,2026-07-02 17:01:55
2798,1,"[\""1\"",\""2\"",\""3\"",\""4\"",\""5\"",\""6\"",\""7\"",\""8\"",\""9\"",\""10\"",\""11\"",\""12\"",\""13\"",\""14\""]","[\""1\"",\""2\"",\""3\"",\""4\"",\""5\"",\""6\"",\""7\"",\""8\"",\""9\"",\""10\"",\""11\"",\""12\"",\""13\"",\""14\"",\""15\""]",1,40568,40568,0,2026-07-02 17:04:30,2026-07-02 17:04:30
2799,2,"[\""1\"",\""2\"",\""5\"",\""6\"",\""7\"",\""8\"",\""13\"",\""14\""]","[\""1\"",\""2\"",\""3\"",\""5\"",\""6\"",\""7\"",\""8\"",\""9\"",\""11\"",\""12\"",\""13\"",\""14\"",\""15\""]",1,40568,40568,0,2026-07-02 17:04:30,2026-07-02 17:04:30
2800,3,"[\""1\"",\""2\"",\""5\"",\""6\"",\""7\"",\""8\"",\""14\""]","[\""1\"",\""2\"",\""3\"",\""5\"",\""9\"",\""12\"",\""13\"",\""14\""]",1,40568,40568,0,2026-07-02 17:04:30,2026-07-02 17:04:30
2801,4,"[\""1\"",\""7\"",\""8\"",\""14\""]","[\""1\"",\""10\"",\""12\""]",1,40568,40568,0,2026-07-02 17:04:30,2026-07-02 17:04:30
2802,1,"[\""1\"",\""2\"",\""3\"",\""4\"",\""5\"",\""6\"",\""7\"",\""8\"",\""9\"",\""10\"",\""11\"",\""12\"",\""13\"",\""14\""]","[\""1\"",\""2\"",\""3\"",\""4\"",\""5\"",\""6\"",\""7\"",\""8\"",\""9\"",\""10\"",\""11\"",\""12\"",\""13\"",\""14\"",\""15\""]",1,40569,40569,0,2026-07-02 17:07:49,2026-07-02 17:07:49
2803,2,"[\""1\"",\""2\"",\""5\"",\""6\"",\""7\"",\""8\"",\""13\"",\""14\""]","[\""1\"",\""2\"",\""3\"",\""5\"",\""6\"",\""7\"",\""8\"",\""9\"",\""11\"",\""12\"",\""13\"",\""14\"",\""15\""]",1,40569,40569,0,2026-07-02 17:07:49,2026-07-02 17:07:49
2804,3,"[\""1\"",\""2\"",\""5\"",\""6\"",\""7\"",\""8\"",\""14\""]","[\""1\"",\""2\"",\""3\"",\""5\"",\""9\"",\""12\"",\""13\"",\""14\""]",1,40569,40569,0,2026-07-02 17:07:49,2026-07-02 17:07:49
2805,4,"[\""1\"",\""7\"",\""8\"",\""14\""]","[\""1\"",\""10\"",\""12\""]",1,40569,40569,0,2026-07-02 17:07:49,2026-07-02 17:07:49
2806,1,"[\""1\"",\""2\"",\""3\"",\""4\"",\""5\"",\""6\"",\""7\"",\""8\"",\""9\"",\""10\"",\""11\"",\""12\"",\""13\"",\""14\""]","[\""1\"",\""2\"",\""3\"",\""4\"",\""5\"",\""6\"",\""7\"",\""8\"",\""9\"",\""10\"",\""11\"",\""12\"",\""13\"",\""14\"",\""15\""]",1,40570,40570,0,2026-07-02 17:08:34,2026-07-02 17:08:34
2807,2,"[\""1\"",\""2\"",\""5\"",\""6\"",\""7\"",\""8\"",\""13\"",\""14\""]","[\""1\"",\""2\"",\""3\"",\""5\"",\""6\"",\""7\"",\""8\"",\""9\"",\""11\"",\""12\"",\""13\"",\""14\"",\""15\""]",1,40570,40570,0,2026-07-02 17:08:34,2026-07-02 17:08:34
2808,3,"[\""1\"",\""2\"",\""5\"",\""6\"",\""7\"",\""8\"",\""14\""]","[\""1\"",\""2\"",\""3\"",\""5\"",\""9\"",\""12\"",\""13\"",\""14\""]",1,40570,40570,0,2026-07-02 17:08:34,2026-07-02 17:08:34
2809,4,"[\""1\"",\""7\"",\""8\"",\""14\""]","[\""1\"",\""10\"",\""12\""]",1,40570,40570,0,2026-07-02 17:08:34,2026-07-02 17:08:34
2810,1,"[\""1\"",\""2\"",\""3\"",\""4\"",\""5\"",\""6\"",\""7\"",\""8\"",\""9\"",\""10\"",\""11\"",\""12\"",\""13\"",\""14\""]","[\""1\"",\""2\"",\""3\"",\""4\"",\""5\"",\""6\"",\""7\"",\""8\"",\""9\"",\""10\"",\""11\"",\""12\"",\""13\"",\""14\"",\""15\""]",1,40571,40571,0,2026-07-02 17:28:33,2026-07-02 17:28:33
2811,2,"[\""1\"",\""2\"",\""5\"",\""6\"",\""7\"",\""8\"",\""13\"",\""14\""]","[\""1\"",\""2\"",\""3\"",\""5\"",\""6\"",\""7\"",\""8\"",\""9\"",\""11\"",\""12\"",\""13\"",\""14\"",\""15\""]",1,40571,40571,0,2026-07-02 17:28:33,2026-07-02 17:28:33
2812,3,"[\""1\"",\""2\"",\""5\"",\""6\"",\""7\"",\""8\"",\""14\""]","[\""1\"",\""2\"",\""3\"",\""5\"",\""9\"",\""12\"",\""13\"",\""14\""]",1,40571,40571,0,2026-07-02 17:28:33,2026-07-02 17:28:33
2813,4,"[\""1\"",\""7\"",\""8\"",\""14\""]","[\""1\"",\""10\"",\""12\""]",1,40571,40571,0,2026-07-02 17:28:33,2026-07-02 17:28:33
2814,1,"[\""1\"",\""2\"",\""3\"",\""4\"",\""5\"",\""6\"",\""7\"",\""8\"",\""9\"",\""10\"",\""11\"",\""12\"",\""13\"",\""14\""]","[\""1\"",\""2\"",\""3\"",\""4\"",\""5\"",\""6\"",\""7\"",\""8\"",\""9\"",\""10\"",\""11\"",\""12\"",\""13\"",\""14\"",\""15\""]",1,40572,40572,0,2026-07-02 17:36:42,2026-07-02 17:36:42
2815,2,"[\""1\"",\""2\"",\""5\"",\""6\"",\""7\"",\""8\"",\""13\"",\""14\""]","[\""1\"",\""2\"",\""3\"",\""5\"",\""6\"",\""7\"",\""8\"",\""9\"",\""11\"",\""12\"",\""13\"",\""14\"",\""15\""]",1,40572,40572,0,2026-07-02 17:36:42,2026-07-02 17:36:42
2816,3,"[\""1\"",\""2\"",\""5\"",\""6\"",\""7\"",\""8\"",\""14\""]","[\""1\"",\""2\"",\""3\"",\""5\"",\""9\"",\""12\"",\""13\"",\""14\""]",1,40572,40572,0,2026-07-02 17:36:42,2026-07-02 17:36:42
2817,4,"[\""1\"",\""7\"",\""8\"",\""14\""]","[\""1\"",\""10\"",\""12\""]",1,40572,40572,0,2026-07-02 17:36:42,2026-07-02 17:36:42
2818,1,"[\""1\"",\""2\"",\""3\"",\""4\"",\""5\"",\""6\"",\""7\"",\""8\"",\""9\"",\""10\"",\""11\"",\""12\"",\""13\"",\""14\""]","[\""1\"",\""2\"",\""3\"",\""4\"",\""5\"",\""6\"",\""7\"",\""8\"",\""9\"",\""10\"",\""11\"",\""12\"",\""13\"",\""14\"",\""15\""]",1,40573,40573,0,2026-07-02 17:40:19,2026-07-02 17:40:19
2819,2,"[\""1\"",\""2\"",\""5\"",\""6\"",\""7\"",\""8\"",\""13\"",\""14\""]","[\""1\"",\""2\"",\""3\"",\""5\"",\""6\"",\""7\"",\""8\"",\""9\"",\""11\"",\""12\"",\""13\"",\""14\"",\""15\""]",1,40573,40573,0,2026-07-02 17:40:19,2026-07-02 17:40:19
2820,3,"[\""1\"",\""2\"",\""5\"",\""6\"",\""7\"",\""8\"",\""14\""]","[\""1\"",\""2\"",\""3\"",\""5\"",\""9\"",\""12\"",\""13\"",\""14\""]",1,40573,40573,0,2026-07-02 17:40:19,2026-07-02 17:40:19
2821,4,"[\""1\"",\""7\"",\""8\"",\""14\""]","[\""1\"",\""10\"",\""12\""]",1,40573,40573,0,2026-07-02 17:40:19,2026-07-02 17:40:19
2822,1,"[\""1\"",\""2\"",\""3\"",\""4\"",\""5\"",\""6\"",\""7\"",\""8\"",\""9\"",\""10\"",\""11\"",\""12\"",\""13\"",\""14\""]","[\""1\"",\""2\"",\""3\"",\""4\"",\""5\"",\""6\"",\""7\"",\""8\"",\""9\"",\""10\"",\""11\"",\""12\"",\""13\"",\""14\"",\""15\""]",1,40574,40574,0,2026-07-02 18:04:12,2026-07-02 18:04:12
2823,2,"[\""1\"",\""2\"",\""5\"",\""6\"",\""7\"",\""8\"",\""13\"",\""14\""]","[\""1\"",\""2\"",\""3\"",\""5\"",\""6\"",\""7\"",\""8\"",\""9\"",\""11\"",\""12\"",\""13\"",\""14\"",\""15\""]",1,40574,40574,0,2026-07-02 18:04:12,2026-07-02 18:04:12
2824,3,"[\""1\"",\""2\"",\""5\"",\""6\"",\""7\"",\""8\"",\""14\""]","[\""1\"",\""2\"",\""3\"",\""5\"",\""9\"",\""12\"",\""13\"",\""14\""]",1,40574,40574,0,2026-07-02 18:04:12,2026-07-02 18:04:12
2825,4,"[\""1\"",\""7\"",\""8\"",\""14\""]","[\""1\"",\""10\"",\""12\""]",1,40574,40574,0,2026-07-02 18:04:12,2026-07-02 18:04:12
2826,1,"[\""1\"",\""2\"",\""3\"",\""4\"",\""5\"",\""6\"",\""7\"",\""8\"",\""9\"",\""10\"",\""11\"",\""12\"",\""13\"",\""14\""]","[\""1\"",\""2\"",\""3\"",\""4\"",\""5\"",\""6\"",\""7\"",\""8\"",\""9\"",\""10\"",\""11\"",\""12\"",\""13\"",\""14\"",\""15\""]",1,40575,40575,0,2026-07-02 18:24:11,2026-07-02 18:24:11
2827,2,"[\""1\"",\""2\"",\""5\"",\""6\"",\""7\"",\""8\"",\""13\"",\""14\""]","[\""1\"",\""2\"",\""3\"",\""5\"",\""6\"",\""7\"",\""8\"",\""9\"",\""11\"",\""12\"",\""13\"",\""14\"",\""15\""]",1,40575,40575,0,2026-07-02 18:24:11,2026-07-02 18:24:11
2828,3,"[\""1\"",\""2\"",\""5\"",\""6\"",\""7\"",\""8\"",\""14\""]","[\""1\"",\""2\"",\""3\"",\""5\"",\""9\"",\""12\"",\""13\"",\""14\""]",1,40575,40575,0,2026-07-02 18:24:11,2026-07-02 18:24:11
2829,4,"[\""1\"",\""7\"",\""8\"",\""14\""]","[\""1\"",\""10\"",\""12\""]",1,40575,40575,0,2026-07-02 18:24:11,2026-07-02 18:24:11
2830,1,"[\""1\"",\""2\"",\""3\"",\""4\"",\""5\"",\""6\"",\""7\"",\""8\"",\""9\"",\""10\"",\""11\"",\""12\"",\""13\"",\""14\""]","[\""1\"",\""2\"",\""3\"",\""4\"",\""5\"",\""6\"",\""7\"",\""8\"",\""9\"",\""10\"",\""11\"",\""12\"",\""13\"",\""14\"",\""15\""]",1,40576,40576,0,2026-07-02 18:29:51,2026-07-02 18:29:51
2831,2,"[\""1\"",\""2\"",\""5\"",\""6\"",\""7\"",\""8\"",\""13\"",\""14\""]","[\""1\"",\""2\"",\""3\"",\""5\"",\""6\"",\""7\"",\""8\"",\""9\"",\""11\"",\""12\"",\""13\"",\""14\"",\""15\""]",1,40576,40576,0,2026-07-02 18:29:51,2026-07-02 18:29:51
2832,3,"[\""1\"",\""2\"",\""5\"",\""6\"",\""7\"",\""8\"",\""14\""]","[\""1\"",\""2\"",\""3\"",\""5\"",\""9\"",\""12\"",\""13\"",\""14\""]",1,40576,40576,0,2026-07-02 18:29:51,2026-07-02 18:29:51
2833,4,"[\""1\"",\""7\"",\""8\"",\""14\""]","[\""1\"",\""10\"",\""12\""]",1,40576,40576,0,2026-07-02 18:29:51,2026-07-02 18:29:51
2834,1,"[\""1\"",\""2\"",\""3\"",\""4\"",\""5\"",\""6\"",\""7\"",\""8\"",\""9\"",\""10\"",\""11\"",\""12\"",\""13\"",\""14\""]","[\""1\"",\""2\"",\""3\"",\""4\"",\""5\"",\""6\"",\""7\"",\""8\"",\""9\"",\""10\"",\""11\"",\""12\"",\""13\"",\""14\"",\""15\""]",1,40577,40577,0,2026-07-03 10:38:14,2026-07-03 10:38:14
2835,2,"[\""1\"",\""2\"",\""5\"",\""6\"",\""7\"",\""8\"",\""13\"",\""14\""]","[\""1\"",\""2\"",\""3\"",\""5\"",\""6\"",\""7\"",\""8\"",\""9\"",\""11\"",\""12\"",\""13\"",\""14\"",\""15\""]",1,40577,40577,0,2026-07-03 10:38:14,2026-07-03 10:38:14
2836,3,"[\""1\"",\""2\"",\""5\"",\""6\"",\""7\"",\""8\"",\""14\""]","[\""1\"",\""2\"",\""3\"",\""5\"",\""9\"",\""12\"",\""13\"",\""14\""]",1,40577,40577,0,2026-07-03 10:38:14,2026-07-03 10:38:14
2837,4,"[\""1\"",\""7\"",\""8\"",\""14\""]","[\""1\"",\""10\"",\""12\""]",1,40577,40577,0,2026-07-03 10:38:14,2026-07-03 10:38:14
2838,1,"[\""1\"",\""2\"",\""3\"",\""4\"",\""5\"",\""6\"",\""7\"",\""8\"",\""9\"",\""10\"",\""11\"",\""12\"",\""13\"",\""14\""]","[\""1\"",\""2\"",\""3\"",\""4\"",\""5\"",\""6\"",\""7\"",\""8\"",\""9\"",\""10\"",\""11\"",\""12\"",\""13\"",\""14\"",\""15\""]",1,40578,40578,0,2026-07-03 10:52:22,2026-07-03 10:52:22
2839,2,"[\""1\"",\""2\"",\""5\"",\""6\"",\""7\"",\""8\"",\""13\"",\""14\""]","[\""1\"",\""2\"",\""3\"",\""5\"",\""6\"",\""7\"",\""8\"",\""9\"",\""11\"",\""12\"",\""13\"",\""14\"",\""15\""]",1,40578,40578,0,2026-07-03 10:52:22,2026-07-03 10:52:22
2840,3,"[\""1\"",\""2\"",\""5\"",\""6\"",\""7\"",\""8\"",\""14\""]","[\""1\"",\""2\"",\""3\"",\""5\"",\""9\"",\""12\"",\""13\"",\""14\""]",1,40578,40578,0,2026-07-03 10:52:22,2026-07-03 10:52:22
2841,4,"[\""1\"",\""7\"",\""8\"",\""14\""]","[\""1\"",\""10\"",\""12\""]",1,40578,40578,0,2026-07-03 10:52:22,2026-07-03 10:52:22
2842,1,"[\""1\"",\""2\"",\""3\"",\""4\"",\""5\"",\""6\"",\""7\"",\""8\"",\""9\"",\""10\"",\""11\"",\""12\"",\""13\"",\""14\""]","[\""1\"",\""2\"",\""3\"",\""4\"",\""5\"",\""6\"",\""7\"",\""8\"",\""9\"",\""10\"",\""11\"",\""12\"",\""13\"",\""14\"",\""15\""]",1,40579,40579,0,2026-07-03 11:06:08,2026-07-03 11:06:08
2843,2,"[\""1\"",\""2\"",\""5\"",\""6\"",\""7\"",\""8\"",\""13\"",\""14\""]","[\""1\"",\""2\"",\""3\"",\""5\"",\""6\"",\""7\"",\""8\"",\""9\"",\""11\"",\""12\"",\""13\"",\""14\"",\""15\""]",1,40579,40579,0,2026-07-03 11:06:08,2026-07-03 11:06:08
2844,3,"[\""1\"",\""2\"",\""5\"",\""6\"",\""7\"",\""8\"",\""14\""]","[\""1\"",\""2\"",\""3\"",\""5\"",\""9\"",\""12\"",\""13\"",\""14\""]",1,40579,40579,0,2026-07-03 11:06:08,2026-07-03 11:06:08
2845,4,"[\""1\"",\""7\"",\""8\"",\""14\""]","[\""1\"",\""10\"",\""12\""]",1,40579,40579,0,2026-07-03 11:06:08,2026-07-03 11:06:08
2846,1,"[\""1\"",\""2\"",\""3\"",\""4\"",\""5\"",\""6\"",\""7\"",\""8\"",\""9\"",\""10\"",\""11\"",\""12\"",\""13\"",\""14\""]","[\""1\"",\""2\"",\""3\"",\""4\"",\""5\"",\""6\"",\""7\"",\""8\"",\""9\"",\""10\"",\""11\"",\""12\"",\""13\"",\""14\"",\""15\""]",1,40580,40580,0,2026-07-03 11:10:45,2026-07-03 11:10:45
2847,2,"[\""1\"",\""2\"",\""5\"",\""6\"",\""7\"",\""8\"",\""13\"",\""14\""]","[\""1\"",\""2\"",\""3\"",\""5\"",\""6\"",\""7\"",\""8\"",\""9\"",\""11\"",\""12\"",\""13\"",\""14\"",\""15\""]",1,40580,40580,0,2026-07-03 11:10:45,2026-07-03 11:10:45
2848,3,"[\""1\"",\""2\"",\""5\"",\""6\"",\""7\"",\""8\"",\""14\""]","[\""1\"",\""2\"",\""3\"",\""5\"",\""9\"",\""12\"",\""13\"",\""14\""]",1,40580,40580,0,2026-07-03 11:10:45,2026-07-03 11:10:45
2849,4,"[\""1\"",\""7\"",\""8\"",\""14\""]","[\""1\"",\""10\"",\""12\""]",1,40580,40580,0,2026-07-03 11:10:45,2026-07-03 11:10:45
2850,1,"[\""1\"",\""2\"",\""3\"",\""4\"",\""5\"",\""6\"",\""7\"",\""8\"",\""9\"",\""10\"",\""11\"",\""12\"",\""13\"",\""14\""]","[\""1\"",\""2\"",\""3\"",\""4\"",\""5\"",\""6\"",\""7\"",\""8\"",\""9\"",\""10\"",\""11\"",\""12\"",\""13\"",\""14\"",\""15\""]",1,40581,40581,0,2026-07-03 11:13:55,2026-07-03 11:13:55
2851,2,"[\""1\"",\""2\"",\""5\"",\""6\"",\""7\"",\""8\"",\""13\"",\""14\""]","[\""1\"",\""2\"",\""3\"",\""5\"",\""6\"",\""7\"",\""8\"",\""9\"",\""11\"",\""12\"",\""13\"",\""14\"",\""15\""]",1,40581,40581,0,2026-07-03 11:13:55,2026-07-03 11:13:55
2852,3,"[\""1\"",\""2\"",\""5\"",\""6\"",\""7\"",\""8\"",\""14\""]","[\""1\"",\""2\"",\""3\"",\""5\"",\""9\"",\""12\"",\""13\"",\""14\""]",1,40581,40581,0,2026-07-03 11:13:55,2026-07-03 11:13:55
2853,4,"[\""1\"",\""7\"",\""8\"",\""14\""]","[\""1\"",\""10\"",\""12\""]",1,40581,40581,0,2026-07-03 11:13:55,2026-07-03 11:13:55
2854,1,"[\""1\"",\""2\"",\""3\"",\""4\"",\""5\"",\""6\"",\""7\"",\""8\"",\""9\"",\""10\"",\""11\"",\""12\"",\""13\"",\""14\""]","[\""1\"",\""2\"",\""3\"",\""4\"",\""5\"",\""6\"",\""7\"",\""8\"",\""9\"",\""10\"",\""11\"",\""12\"",\""13\"",\""14\"",\""15\""]",1,40582,40582,0,2026-07-03 11:34:40,2026-07-03 11:34:40
2855,2,"[\""1\"",\""2\"",\""5\"",\""6\"",\""7\"",\""8\"",\""13\"",\""14\""]","[\""1\"",\""2\"",\""3\"",\""5\"",\""6\"",\""7\"",\""8\"",\""9\"",\""11\"",\""12\"",\""13\"",\""14\"",\""15\""]",1,40582,40582,0,2026-07-03 11:34:40,2026-07-03 11:34:40
2856,3,"[\""1\"",\""2\"",\""5\"",\""6\"",\""7\"",\""8\"",\""14\""]","[\""1\"",\""2\"",\""3\"",\""5\"",\""9\"",\""12\"",\""13\"",\""14\""]",1,40582,40582,0,2026-07-03 11:34:40,2026-07-03 11:34:40
2857,4,"[\""1\"",\""7\"",\""8\"",\""14\""]","[\""1\"",\""10\"",\""12\""]",1,40582,40582,0,2026-07-03 11:34:40,2026-07-03 11:34:40
2858,1,"[\""1\"",\""2\"",\""3\"",\""4\"",\""5\"",\""6\"",\""7\"",\""8\"",\""9\"",\""10\"",\""11\"",\""12\"",\""13\"",\""14\""]","[\""1\"",\""2\"",\""3\"",\""4\"",\""5\"",\""6\"",\""7\"",\""8\"",\""9\"",\""10\"",\""11\"",\""12\"",\""13\"",\""14\"",\""15\""]",1,40583,40583,0,2026-07-03 11:39:23,2026-07-03 11:39:23
2859,2,"[\""1\"",\""2\"",\""5\"",\""6\"",\""7\"",\""8\"",\""13\"",\""14\""]","[\""1\"",\""2\"",\""3\"",\""5\"",\""6\"",\""7\"",\""8\"",\""9\"",\""11\"",\""12\"",\""13\"",\""14\"",\""15\""]",1,40583,40583,0,2026-07-03 11:39:23,2026-07-03 11:39:23
2860,3,"[\""1\"",\""2\"",\""5\"",\""6\"",\""7\"",\""8\"",\""14\""]","[\""1\"",\""2\"",\""3\"",\""5\"",\""9\"",\""12\"",\""13\"",\""14\""]",1,40583,40583,0,2026-07-03 11:39:23,2026-07-03 11:39:23
2861,4,"[\""1\"",\""7\"",\""8\"",\""14\""]","[\""1\"",\""10\"",\""12\""]",1,40583,40583,0,2026-07-03 11:39:23,2026-07-03 11:39:23
2862,1,"[\""1\"",\""2\"",\""3\"",\""4\"",\""5\"",\""6\"",\""7\"",\""8\"",\""9\"",\""10\"",\""11\"",\""12\"",\""13\"",\""14\""]","[\""1\"",\""2\"",\""3\"",\""4\"",\""5\"",\""6\"",\""7\"",\""8\"",\""9\"",\""10\"",\""11\"",\""12\"",\""13\"",\""14\"",\""15\""]",1,40584,40584,0,2026-07-03 11:49:23,2026-07-03 11:49:23
2863,2,"[\""1\"",\""2\"",\""5\"",\""6\"",\""7\"",\""8\"",\""13\"",\""14\""]","[\""1\"",\""2\"",\""3\"",\""5\"",\""6\"",\""7\"",\""8\"",\""9\"",\""11\"",\""12\"",\""13\"",\""14\"",\""15\""]",1,40584,40584,0,2026-07-03 11:49:23,2026-07-03 11:49:23
2864,3,"[\""1\"",\""2\"",\""5\"",\""6\"",\""7\"",\""8\"",\""14\""]","[\""1\"",\""2\"",\""3\"",\""5\"",\""9\"",\""12\"",\""13\"",\""14\""]",1,40584,40584,0,2026-07-03 11:49:23,2026-07-03 11:49:23
2865,4,"[\""1\"",\""7\"",\""8\"",\""14\""]","[\""1\"",\""10\"",\""12\""]",1,40584,40584,0,2026-07-03 11:49:23,2026-07-03 11:49:23
2866,1,"[\""1\"",\""2\"",\""3\"",\""4\"",\""5\"",\""6\"",\""7\"",\""8\"",\""9\"",\""10\"",\""11\"",\""12\"",\""13\"",\""14\""]","[\""1\"",\""2\"",\""3\"",\""4\"",\""5\"",\""6\"",\""7\"",\""8\"",\""9\"",\""10\"",\""11\"",\""12\"",\""13\"",\""14\"",\""15\""]",1,40585,40585,0,2026-07-03 12:03:56,2026-07-03 12:03:56
2867,2,"[\""1\"",\""2\"",\""5\"",\""6\"",\""7\"",\""8\"",\""13\"",\""14\""]","[\""1\"",\""2\"",\""3\"",\""5\"",\""6\"",\""7\"",\""8\"",\""9\"",\""11\"",\""12\"",\""13\"",\""14\"",\""15\""]",1,40585,40585,0,2026-07-03 12:03:56,2026-07-03 12:03:56
2868,3,"[\""1\"",\""2\"",\""5\"",\""6\"",\""7\"",\""8\"",\""14\""]","[\""1\"",\""2\"",\""3\"",\""5\"",\""9\"",\""12\"",\""13\"",\""14\""]",1,40585,40585,0,2026-07-03 12:03:56,2026-07-03 12:03:56
2869,4,"[\""1\"",\""7\"",\""8\"",\""14\""]","[\""1\"",\""10\"",\""12\""]",1,40585,40585,0,2026-07-03 12:03:56,2026-07-03 12:03:56
2870,1,"[\""1\"",\""2\"",\""3\"",\""4\"",\""5\"",\""6\"",\""7\"",\""8\"",\""9\"",\""10\"",\""11\"",\""12\"",\""13\"",\""14\""]","[\""1\"",\""2\"",\""3\"",\""4\"",\""5\"",\""6\"",\""7\"",\""8\"",\""9\"",\""10\"",\""11\"",\""12\"",\""13\"",\""14\"",\""15\""]",1,40586,40586,0,2026-07-03 12:36:20,2026-07-03 12:36:20
2871,2,"[\""1\"",\""2\"",\""5\"",\""6\"",\""7\"",\""8\"",\""13\"",\""14\""]","[\""1\"",\""2\"",\""3\"",\""5\"",\""6\"",\""7\"",\""8\"",\""9\"",\""11\"",\""12\"",\""13\"",\""14\"",\""15\""]",1,40586,40586,0,2026-07-03 12:36:20,2026-07-03 12:36:20
2872,3,"[\""1\"",\""2\"",\""5\"",\""6\"",\""7\"",\""8\"",\""14\""]","[\""1\"",\""2\"",\""3\"",\""5\"",\""9\"",\""12\"",\""13\"",\""14\""]",1,40586,40586,0,2026-07-03 12:36:20,2026-07-03 12:36:20
2873,4,"[\""1\"",\""7\"",\""8\"",\""14\""]","[\""1\"",\""10\"",\""12\""]",1,40586,40586,0,2026-07-03 12:36:20,2026-07-03 12:36:20
2874,1,"[\""1\"",\""2\"",\""3\"",\""4\"",\""5\"",\""6\"",\""7\"",\""8\"",\""9\"",\""10\"",\""11\"",\""12\"",\""13\"",\""14\""]","[\""1\"",\""2\"",\""3\"",\""4\"",\""5\"",\""6\"",\""7\"",\""8\"",\""9\"",\""10\"",\""11\"",\""12\"",\""13\"",\""14\"",\""15\""]",1,40587,40587,0,2026-07-03 12:38:26,2026-07-03 12:38:26
2875,2,"[\""1\"",\""2\"",\""5\"",\""6\"",\""7\"",\""8\"",\""13\"",\""14\""]","[\""1\"",\""2\"",\""3\"",\""5\"",\""6\"",\""7\"",\""8\"",\""9\"",\""11\"",\""12\"",\""13\"",\""14\"",\""15\""]",1,40587,40587,0,2026-07-03 12:38:26,2026-07-03 12:38:26
2876,3,"[\""1\"",\""2\"",\""5\"",\""6\"",\""7\"",\""8\"",\""14\""]","[\""1\"",\""2\"",\""3\"",\""5\"",\""9\"",\""12\"",\""13\"",\""14\""]",1,40587,40587,0,2026-07-03 12:38:26,2026-07-03 12:38:26
2877,4,"[\""1\"",\""7\"",\""8\"",\""14\""]","[\""1\"",\""10\"",\""12\""]",1,40587,40587,0,2026-07-03 12:38:26,2026-07-03 12:38:26
2878,1,"[\""1\"",\""2\"",\""3\"",\""4\"",\""5\"",\""6\"",\""7\"",\""8\"",\""9\"",\""10\"",\""11\"",\""12\"",\""13\"",\""14\""]","[\""1\"",\""2\"",\""3\"",\""4\"",\""5\"",\""6\"",\""7\"",\""8\"",\""9\"",\""10\"",\""11\"",\""12\"",\""13\"",\""14\"",\""15\""]",1,40588,40588,0,2026-07-03 12:40:16,2026-07-03 12:40:16
2879,2,"[\""1\"",\""2\"",\""5\"",\""6\"",\""7\"",\""8\"",\""13\"",\""14\""]","[\""1\"",\""2\"",\""3\"",\""5\"",\""6\"",\""7\"",\""8\"",\""9\"",\""11\"",\""12\"",\""13\"",\""14\"",\""15\""]",1,40588,40588,0,2026-07-03 12:40:16,2026-07-03 12:40:16
2880,3,"[\""1\"",\""2\"",\""5\"",\""6\"",\""7\"",\""8\"",\""14\""]","[\""1\"",\""2\"",\""3\"",\""5\"",\""9\"",\""12\"",\""13\"",\""14\""]",1,40588,40588,0,2026-07-03 12:40:16,2026-07-03 12:40:16
2881,4,"[\""1\"",\""7\"",\""8\"",\""14\""]","[\""1\"",\""10\"",\""12\""]",1,40588,40588,0,2026-07-03 12:40:16,2026-07-03 12:40:16
2882,1,"[\""1\"",\""2\"",\""3\"",\""4\"",\""5\"",\""6\"",\""7\"",\""8\"",\""9\"",\""10\"",\""11\"",\""12\"",\""13\"",\""14\""]","[\""1\"",\""2\"",\""3\"",\""4\"",\""5\"",\""6\"",\""7\"",\""8\"",\""9\"",\""10\"",\""11\"",\""12\"",\""13\"",\""14\"",\""15\""]",1,40589,40589,0,2026-07-03 15:10:28,2026-07-03 15:10:28
2883,2,"[\""1\"",\""2\"",\""5\"",\""6\"",\""7\"",\""8\"",\""13\"",\""14\""]","[\""1\"",\""2\"",\""3\"",\""5\"",\""6\"",\""7\"",\""8\"",\""9\"",\""11\"",\""12\"",\""13\"",\""14\"",\""15\""]",1,40589,40589,0,2026-07-03 15:10:28,2026-07-03 15:10:28
2884,3,"[\""1\"",\""2\"",\""5\"",\""6\"",\""7\"",\""8\"",\""14\""]","[\""1\"",\""2\"",\""3\"",\""5\"",\""9\"",\""12\"",\""13\"",\""14\""]",1,40589,40589,0,2026-07-03 15:10:28,2026-07-03 15:10:28
2885,4,"[\""1\"",\""7\"",\""8\"",\""14\""]","[\""1\"",\""10\"",\""12\""]",1,40589,40589,0,2026-07-03 15:10:28,2026-07-03 15:10:28
2886,1,"[\""1\"",\""2\"",\""3\"",\""4\"",\""5\"",\""6\"",\""7\"",\""8\"",\""9\"",\""10\"",\""11\"",\""12\"",\""13\"",\""14\""]","[\""1\"",\""2\"",\""3\"",\""4\"",\""5\"",\""6\"",\""7\"",\""8\"",\""9\"",\""10\"",\""11\"",\""12\"",\""13\"",\""14\"",\""15\""]",1,40590,40590,0,2026-07-03 15:13:03,2026-07-03 15:13:03
2887,2,"[\""1\"",\""2\"",\""5\"",\""6\"",\""7\"",\""8\"",\""13\"",\""14\""]","[\""1\"",\""2\"",\""3\"",\""5\"",\""6\"",\""7\"",\""8\"",\""9\"",\""11\"",\""12\"",\""13\"",\""14\"",\""15\""]",1,40590,40590,0,2026-07-03 15:13:03,2026-07-03 15:13:03
2888,3,"[\""1\"",\""2\"",\""5\"",\""6\"",\""7\"",\""8\"",\""14\""]","[\""1\"",\""2\"",\""3\"",\""5\"",\""9\"",\""12\"",\""13\"",\""14\""]",1,40590,40590,0,2026-07-03 15:13:03,2026-07-03 15:13:03
2889,4,"[\""1\"",\""7\"",\""8\"",\""14\""]","[\""1\"",\""10\"",\""12\""]",1,40590,40590,0,2026-07-03 15:13:03,2026-07-03 15:13:03
2890,1,"[\""1\"",\""2\"",\""3\"",\""4\"",\""5\"",\""6\"",\""7\"",\""8\"",\""9\"",\""10\"",\""11\"",\""12\"",\""13\"",\""14\""]","[\""1\"",\""2\"",\""3\"",\""4\"",\""5\"",\""6\"",\""7\"",\""8\"",\""9\"",\""10\"",\""11\"",\""12\"",\""13\"",\""14\"",\""15\""]",1,40591,40591,0,2026-07-03 15:16:20,2026-07-03 15:16:20
2891,2,"[\""1\"",\""2\"",\""5\"",\""6\"",\""7\"",\""8\"",\""13\"",\""14\""]","[\""1\"",\""2\"",\""3\"",\""5\"",\""6\"",\""7\"",\""8\"",\""9\"",\""11\"",\""12\"",\""13\"",\""14\"",\""15\""]",1,40591,40591,0,2026-07-03 15:16:20,2026-07-03 15:16:20
2892,3,"[\""1\"",\""2\"",\""5\"",\""6\"",\""7\"",\""8\"",\""14\""]","[\""1\"",\""2\"",\""3\"",\""5\"",\""9\"",\""12\"",\""13\"",\""14\""]",1,40591,40591,0,2026-07-03 15:16:20,2026-07-03 15:16:20
2893,4,"[\""1\"",\""7\"",\""8\"",\""14\""]","[\""1\"",\""10\"",\""12\""]",1,40591,40591,0,2026-07-03 15:16:20,2026-07-03 15:16:20
2894,1,"[\""1\"",\""2\"",\""3\"",\""4\"",\""5\"",\""6\"",\""7\"",\""8\"",\""9\"",\""10\"",\""11\"",\""12\"",\""13\"",\""14\""]","[\""1\"",\""2\"",\""3\"",\""4\"",\""5\"",\""6\"",\""7\"",\""8\"",\""9\"",\""10\"",\""11\"",\""12\"",\""13\"",\""14\"",\""15\""]",1,40592,40592,0,2026-07-03 15:23:35,2026-07-03 15:23:35
2895,2,"[\""1\"",\""2\"",\""5\"",\""6\"",\""7\"",\""8\"",\""13\"",\""14\""]","[\""1\"",\""2\"",\""3\"",\""5\"",\""6\"",\""7\"",\""8\"",\""9\"",\""11\"",\""12\"",\""13\"",\""14\"",\""15\""]",1,40592,40592,0,2026-07-03 15:23:35,2026-07-03 15:23:35
2896,3,"[\""1\"",\""2\"",\""5\"",\""6\"",\""7\"",\""8\"",\""14\""]","[\""1\"",\""2\"",\""3\"",\""5\"",\""9\"",\""12\"",\""13\"",\""14\""]",1,40592,40592,0,2026-07-03 15:23:35,2026-07-03 15:23:35
2897,4,"[\""1\"",\""7\"",\""8\"",\""14\""]","[\""1\"",\""10\"",\""12\""]",1,40592,40592,0,2026-07-03 15:23:35,2026-07-03 15:23:35
2898,1,"[\""1\"",\""2\"",\""3\"",\""4\"",\""5\"",\""6\"",\""7\"",\""8\"",\""9\"",\""10\"",\""11\"",\""12\"",\""13\"",\""14\""]","[\""1\"",\""2\"",\""3\"",\""4\"",\""5\"",\""6\"",\""7\"",\""8\"",\""9\"",\""10\"",\""11\"",\""12\"",\""13\"",\""14\"",\""15\""]",1,40593,40593,0,2026-07-03 15:26:21,2026-07-03 15:26:21
2899,2,"[\""1\"",\""2\"",\""5\"",\""6\"",\""7\"",\""8\"",\""13\"",\""14\""]","[\""1\"",\""2\"",\""3\"",\""5\"",\""6\"",\""7\"",\""8\"",\""9\"",\""11\"",\""12\"",\""13\"",\""14\"",\""15\""]",1,40593,40593,0,2026-07-03 15:26:21,2026-07-03 15:26:21
2900,3,"[\""1\"",\""2\"",\""5\"",\""6\"",\""7\"",\""8\"",\""14\""]","[\""1\"",\""2\"",\""3\"",\""5\"",\""9\"",\""12\"",\""13\"",\""14\""]",1,40593,40593,0,2026-07-03 15:26:21,2026-07-03 15:26:21
2901,4,"[\""1\"",\""7\"",\""8\"",\""14\""]","[\""1\"",\""10\"",\""12\""]",1,40593,40593,0,2026-07-03 15:26:21,2026-07-03 15:26:21
2902,1,"[\""1\"",\""2\"",\""3\"",\""4\"",\""5\"",\""6\"",\""7\"",\""8\"",\""9\"",\""10\"",\""11\"",\""12\"",\""13\"",\""14\""]","[\""1\"",\""2\"",\""3\"",\""4\"",\""5\"",\""6\"",\""7\"",\""8\"",\""9\"",\""10\"",\""11\"",\""12\"",\""13\"",\""14\"",\""15\""]",1,40594,40594,0,2026-07-03 15:51:58,2026-07-03 15:51:58
2903,2,"[\""1\"",\""2\"",\""5\"",\""6\"",\""7\"",\""8\"",\""13\"",\""14\""]","[\""1\"",\""2\"",\""3\"",\""5\"",\""6\"",\""7\"",\""8\"",\""9\"",\""11\"",\""12\"",\""13\"",\""14\"",\""15\""]",1,40594,40594,0,2026-07-03 15:51:58,2026-07-03 15:51:58
2904,3,"[\""1\"",\""2\"",\""5\"",\""6\"",\""7\"",\""8\"",\""14\""]","[\""1\"",\""2\"",\""3\"",\""5\"",\""9\"",\""12\"",\""13\"",\""14\""]",1,40594,40594,0,2026-07-03 15:51:58,2026-07-03 15:51:58
2905,4,"[\""1\"",\""7\"",\""8\"",\""14\""]","[\""1\"",\""10\"",\""12\""]",1,40594,40594,0,2026-07-03 15:51:58,2026-07-03 15:51:58
2906,1,"[\""1\"",\""2\"",\""3\"",\""4\"",\""5\"",\""6\"",\""7\"",\""8\"",\""9\"",\""10\"",\""11\"",\""12\"",\""13\"",\""14\""]","[\""1\"",\""2\"",\""3\"",\""4\"",\""5\"",\""6\"",\""7\"",\""8\"",\""9\"",\""10\"",\""11\"",\""12\"",\""13\"",\""14\"",\""15\""]",1,40595,40595,0,2026-07-03 16:37:21,2026-07-03 16:37:21
2907,2,"[\""1\"",\""2\"",\""5\"",\""6\"",\""7\"",\""8\"",\""13\"",\""14\""]","[\""1\"",\""2\"",\""3\"",\""5\"",\""6\"",\""7\"",\""8\"",\""9\"",\""11\"",\""12\"",\""13\"",\""14\"",\""15\""]",1,40595,40595,0,2026-07-03 16:37:21,2026-07-03 16:37:21
2908,3,"[\""1\"",\""2\"",\""5\"",\""6\"",\""7\"",\""8\"",\""14\""]","[\""1\"",\""2\"",\""3\"",\""5\"",\""9\"",\""12\"",\""13\"",\""14\""]",1,40595,40595,0,2026-07-03 16:37:21,2026-07-03 16:37:21
2909,4,"[\""1\"",\""7\"",\""8\"",\""14\""]","[\""1\"",\""10\"",\""12\""]",1,40595,40595,0,2026-07-03 16:37:21,2026-07-03 16:37:21
2910,1,"[\""1\"",\""2\"",\""3\"",\""4\"",\""5\"",\""6\"",\""7\"",\""8\"",\""9\"",\""10\"",\""11\"",\""12\"",\""13\"",\""14\""]","[\""1\"",\""2\"",\""3\"",\""4\"",\""5\"",\""6\"",\""7\"",\""8\"",\""9\"",\""10\"",\""11\"",\""12\"",\""13\"",\""14\"",\""15\""]",1,40596,40596,0,2026-07-03 16:45:07,2026-07-03 16:45:07
2911,2,"[\""1\"",\""2\"",\""5\"",\""6\"",\""7\"",\""8\"",\""13\"",\""14\""]","[\""1\"",\""2\"",\""3\"",\""5\"",\""6\"",\""7\"",\""8\"",\""9\"",\""11\"",\""12\"",\""13\"",\""14\"",\""15\""]",1,40596,40596,0,2026-07-03 16:45:07,2026-07-03 16:45:07
2912,3,"[\""1\"",\""2\"",\""5\"",\""6\"",\""7\"",\""8\"",\""14\""]","[\""1\"",\""2\"",\""3\"",\""5\"",\""9\"",\""12\"",\""13\"",\""14\""]",1,40596,40596,0,2026-07-03 16:45:07,2026-07-03 16:45:07
2913,4,"[\""1\"",\""7\"",\""8\"",\""14\""]","[\""1\"",\""10\"",\""12\""]",1,40596,40596,0,2026-07-03 16:45:07,2026-07-03 16:45:07
2914,1,"[\""1\"",\""2\"",\""3\"",\""4\"",\""5\"",\""6\"",\""7\"",\""8\"",\""9\"",\""10\"",\""11\"",\""12\"",\""13\"",\""14\""]","[\""1\"",\""2\"",\""3\"",\""4\"",\""5\"",\""6\"",\""7\"",\""8\"",\""9\"",\""10\"",\""11\"",\""12\"",\""13\"",\""14\"",\""15\""]",1,40597,40597,0,2026-07-03 16:48:51,2026-07-03 16:48:51
2915,2,"[\""1\"",\""2\"",\""5\"",\""6\"",\""7\"",\""8\"",\""13\"",\""14\""]","[\""1\"",\""2\"",\""3\"",\""5\"",\""6\"",\""7\"",\""8\"",\""9\"",\""11\"",\""12\"",\""13\"",\""14\"",\""15\""]",1,40597,40597,0,2026-07-03 16:48:51,2026-07-03 16:48:51
2916,3,"[\""1\"",\""2\"",\""5\"",\""6\"",\""7\"",\""8\"",\""14\""]","[\""1\"",\""2\"",\""3\"",\""5\"",\""9\"",\""12\"",\""13\"",\""14\""]",1,40597,40597,0,2026-07-03 16:48:51,2026-07-03 16:48:51
2917,4,"[\""1\"",\""7\"",\""8\"",\""14\""]","[\""1\"",\""10\"",\""12\""]",1,40597,40597,0,2026-07-03 16:48:51,2026-07-03 16:48:51
2918,1,"[\""1\"",\""2\"",\""3\"",\""4\"",\""5\"",\""6\"",\""7\"",\""8\"",\""9\"",\""10\"",\""11\"",\""12\"",\""13\"",\""14\""]","[\""1\"",\""2\"",\""3\"",\""4\"",\""5\"",\""6\"",\""7\"",\""8\"",\""9\"",\""10\"",\""11\"",\""12\"",\""13\"",\""14\"",\""15\""]",1,40598,40598,0,2026-07-03 17:01:50,2026-07-03 17:01:50
2919,2,"[\""1\"",\""2\"",\""5\"",\""6\"",\""7\"",\""8\"",\""13\"",\""14\""]","[\""1\"",\""2\"",\""3\"",\""5\"",\""6\"",\""7\"",\""8\"",\""9\"",\""11\"",\""12\"",\""13\"",\""14\"",\""15\""]",1,40598,40598,0,2026-07-03 17:01:50,2026-07-03 17:01:50
2920,3,"[\""1\"",\""2\"",\""5\"",\""6\"",\""7\"",\""8\"",\""14\""]","[\""1\"",\""2\"",\""3\"",\""5\"",\""9\"",\""12\"",\""13\"",\""14\""]",1,40598,40598,0,2026-07-03 17:01:50,2026-07-03 17:01:50
2921,4,"[\""1\"",\""7\"",\""8\"",\""14\""]","[\""1\"",\""10\"",\""12\""]",1,40598,40598,0,2026-07-03 17:01:50,2026-07-03 17:01:50
2922,1,"[\""1\"",\""2\"",\""3\"",\""4\"",\""5\"",\""6\"",\""7\"",\""8\"",\""9\"",\""10\"",\""11\"",\""12\"",\""13\"",\""14\""]","[\""1\"",\""2\"",\""3\"",\""4\"",\""5\"",\""6\"",\""7\"",\""8\"",\""9\"",\""10\"",\""11\"",\""12\"",\""13\"",\""14\"",\""15\""]",1,40599,40599,0,2026-07-03 17:07:49,2026-07-03 17:07:49
2923,2,"[\""1\"",\""2\"",\""5\"",\""6\"",\""7\"",\""8\"",\""13\"",\""14\""]","[\""1\"",\""2\"",\""3\"",\""5\"",\""6\"",\""7\"",\""8\"",\""9\"",\""11\"",\""12\"",\""13\"",\""14\"",\""15\""]",1,40599,40599,0,2026-07-03 17:07:49,2026-07-03 17:07:49
2924,3,"[\""1\"",\""2\"",\""5\"",\""6\"",\""7\"",\""8\"",\""14\""]","[\""1\"",\""2\"",\""3\"",\""5\"",\""9\"",\""12\"",\""13\"",\""14\""]",1,40599,40599,0,2026-07-03 17:07:49,2026-07-03 17:07:49
2925,4,"[\""1\"",\""7\"",\""8\"",\""14\""]","[\""1\"",\""10\"",\""12\""]",1,40599,40599,0,2026-07-03 17:07:49,2026-07-03 17:07:49
2926,1,"[\""1\"",\""2\"",\""3\"",\""4\"",\""5\"",\""6\"",\""7\"",\""8\"",\""9\"",\""10\"",\""11\"",\""12\"",\""13\"",\""14\""]","[\""1\"",\""2\"",\""3\"",\""4\"",\""5\"",\""6\"",\""7\"",\""8\"",\""9\"",\""10\"",\""11\"",\""12\"",\""13\"",\""14\"",\""15\""]",1,40614,40614,0,2026-07-04 11:42:54,2026-07-04 11:42:54
2927,2,"[\""1\"",\""2\"",\""5\"",\""6\"",\""7\"",\""8\"",\""13\"",\""14\""]","[\""1\"",\""2\"",\""3\"",\""5\"",\""6\"",\""7\"",\""8\"",\""9\"",\""11\"",\""12\"",\""13\"",\""14\"",\""15\""]",1,40614,40614,0,2026-07-04 11:42:54,2026-07-04 11:42:54
2928,3,"[\""1\"",\""2\"",\""5\"",\""6\"",\""7\"",\""8\"",\""14\""]","[\""1\"",\""2\"",\""3\"",\""5\"",\""9\"",\""12\"",\""13\"",\""14\""]",1,40614,40614,0,2026-07-04 11:42:54,2026-07-04 11:42:54
2929,4,"[\""1\"",\""7\"",\""8\"",\""14\""]","[\""1\"",\""10\"",\""12\""]",1,40614,40614,0,2026-07-04 11:42:54,2026-07-04 11:42:54
2930,1,"[\""1\"",\""2\"",\""3\"",\""4\"",\""5\"",\""6\"",\""7\"",\""8\"",\""9\"",\""10\"",\""11\"",\""12\"",\""13\"",\""14\""]","[\""1\"",\""2\"",\""3\"",\""4\"",\""5\"",\""6\"",\""7\"",\""8\"",\""9\"",\""10\"",\""11\"",\""12\"",\""13\"",\""14\"",\""15\""]",1,40616,40616,0,2026-07-04 12:14:45,2026-07-04 12:14:45
2931,2,"[\""1\"",\""2\"",\""5\"",\""6\"",\""7\"",\""8\"",\""13\"",\""14\""]","[\""1\"",\""2\"",\""3\"",\""5\"",\""6\"",\""7\"",\""8\"",\""9\"",\""11\"",\""12\"",\""13\"",\""14\"",\""15\""]",1,40616,40616,0,2026-07-04 12:14:45,2026-07-04 12:14:45
2932,3,"[\""1\"",\""2\"",\""5\"",\""6\"",\""7\"",\""8\"",\""14\""]","[\""1\"",\""2\"",\""3\"",\""5\"",\""9\"",\""12\"",\""13\"",\""14\""]",1,40616,40616,0,2026-07-04 12:14:45,2026-07-04 12:14:45
2933,4,"[\""1\"",\""7\"",\""8\"",\""14\""]","[\""1\"",\""10\"",\""12\""]",1,40616,40616,0,2026-07-04 12:14:45,2026-07-04 12:14:45
2934,1,"[\""1\"",\""2\"",\""3\"",\""4\"",\""5\"",\""6\"",\""7\"",\""8\"",\""9\"",\""10\"",\""11\"",\""12\"",\""13\"",\""14\""]","[\""1\"",\""2\"",\""3\"",\""4\"",\""5\"",\""6\"",\""7\"",\""8\"",\""9\"",\""10\"",\""11\"",\""12\"",\""13\"",\""14\"",\""15\""]",1,40617,40617,0,2026-07-04 12:33:01,2026-07-04 12:33:01
2935,2,"[\""1\"",\""2\"",\""5\"",\""6\"",\""7\"",\""8\"",\""13\"",\""14\""]","[\""1\"",\""2\"",\""3\"",\""5\"",\""6\"",\""7\"",\""8\"",\""9\"",\""11\"",\""12\"",\""13\"",\""14\"",\""15\""]",1,40617,40617,0,2026-07-04 12:33:01,2026-07-04 12:33:01
2936,3,"[\""1\"",\""2\"",\""5\"",\""6\"",\""7\"",\""8\"",\""14\""]","[\""1\"",\""2\"",\""3\"",\""5\"",\""9\"",\""12\"",\""13\"",\""14\""]",1,40617,40617,0,2026-07-04 12:33:01,2026-07-04 12:33:01
2937,4,"[\""1\"",\""7\"",\""8\"",\""14\""]","[\""1\"",\""10\"",\""12\""]",1,40617,40617,0,2026-07-04 12:33:01,2026-07-04 12:33:01
2938,1,"[\""1\"",\""2\"",\""3\"",\""4\"",\""5\"",\""6\"",\""7\"",\""8\"",\""9\"",\""10\"",\""11\"",\""12\"",\""13\"",\""14\""]","[\""1\"",\""2\"",\""3\"",\""4\"",\""5\"",\""6\"",\""7\"",\""8\"",\""9\"",\""10\"",\""11\"",\""12\"",\""13\"",\""14\"",\""15\""]",1,40618,40618,0,2026-07-04 12:37:32,2026-07-04 12:37:32
2939,2,"[\""1\"",\""2\"",\""5\"",\""6\"",\""7\"",\""8\"",\""13\"",\""14\""]","[\""1\"",\""2\"",\""3\"",\""5\"",\""6\"",\""7\"",\""8\"",\""9\"",\""11\"",\""12\"",\""13\"",\""14\"",\""15\""]",1,40618,40618,0,2026-07-04 12:37:32,2026-07-04 12:37:32
2940,3,"[\""1\"",\""2\"",\""5\"",\""6\"",\""7\"",\""8\"",\""14\""]","[\""1\"",\""2\"",\""3\"",\""5\"",\""9\"",\""12\"",\""13\"",\""14\""]",1,40618,40618,0,2026-07-04 12:37:32,2026-07-04 12:37:32
2941,4,"[\""1\"",\""7\"",\""8\"",\""14\""]","[\""1\"",\""10\"",\""12\""]",1,40618,40618,0,2026-07-04 12:37:32,2026-07-04 12:37:32
2942,1,"[\""1\"",\""2\"",\""3\"",\""4\"",\""5\"",\""6\"",\""7\"",\""8\"",\""9\"",\""10\"",\""11\"",\""12\"",\""13\"",\""14\""]","[\""1\"",\""2\"",\""3\"",\""4\"",\""5\"",\""6\"",\""7\"",\""8\"",\""9\"",\""10\"",\""11\"",\""12\"",\""13\"",\""14\"",\""15\""]",1,40620,40620,0,2026-07-04 13:29:17,2026-07-04 13:29:17
2943,2,"[\""1\"",\""2\"",\""5\"",\""6\"",\""7\"",\""8\"",\""13\"",\""14\""]","[\""1\"",\""2\"",\""3\"",\""5\"",\""6\"",\""7\"",\""8\"",\""9\"",\""11\"",\""12\"",\""13\"",\""14\"",\""15\""]",1,40620,40620,0,2026-07-04 13:29:17,2026-07-04 13:29:17
2944,3,"[\""1\"",\""2\"",\""5\"",\""6\"",\""7\"",\""8\"",\""14\""]","[\""1\"",\""2\"",\""3\"",\""5\"",\""9\"",\""12\"",\""13\"",\""14\""]",1,40620,40620,0,2026-07-04 13:29:17,2026-07-04 13:29:17
2945,4,"[\""1\"",\""7\"",\""8\"",\""14\""]","[\""1\"",\""10\"",\""12\""]",1,40620,40620,0,2026-07-04 13:29:17,2026-07-04 13:29:17
2946,1,"[\""1\"",\""2\"",\""3\"",\""4\"",\""5\"",\""6\"",\""7\"",\""8\"",\""9\"",\""10\"",\""11\"",\""12\"",\""13\"",\""14\""]","[\""1\"",\""2\"",\""3\"",\""4\"",\""5\"",\""6\"",\""7\"",\""8\"",\""9\"",\""10\"",\""11\"",\""12\"",\""13\"",\""14\"",\""15\""]",1,40621,40621,0,2026-07-04 13:39:07,2026-07-04 13:39:07
2947,2,"[\""1\"",\""2\"",\""5\"",\""6\"",\""7\"",\""8\"",\""13\"",\""14\""]","[\""1\"",\""2\"",\""3\"",\""5\"",\""6\"",\""7\"",\""8\"",\""9\"",\""11\"",\""12\"",\""13\"",\""14\"",\""15\""]",1,40621,40621,0,2026-07-04 13:39:07,2026-07-04 13:39:07
2948,3,"[\""1\"",\""2\"",\""5\"",\""6\"",\""7\"",\""8\"",\""14\""]","[\""1\"",\""2\"",\""3\"",\""5\"",\""9\"",\""12\"",\""13\"",\""14\""]",1,40621,40621,0,2026-07-04 13:39:07,2026-07-04 13:39:07
2949,4,"[\""1\"",\""7\"",\""8\"",\""14\""]","[\""1\"",\""10\"",\""12\""]",1,40621,40621,0,2026-07-04 13:39:07,2026-07-04 13:39:07
2950,1,"[\""1\"",\""2\"",\""3\"",\""4\"",\""5\"",\""6\"",\""7\"",\""8\"",\""9\"",\""10\"",\""11\"",\""12\"",\""13\"",\""14\""]","[\""1\"",\""2\"",\""3\"",\""4\"",\""5\"",\""6\"",\""7\"",\""8\"",\""9\"",\""10\"",\""11\"",\""12\"",\""13\"",\""14\"",\""15\""]",1,40622,40622,0,2026-07-04 13:48:10,2026-07-04 13:48:10
2951,2,"[\""1\"",\""2\"",\""5\"",\""6\"",\""7\"",\""8\"",\""13\"",\""14\""]","[\""1\"",\""2\"",\""3\"",\""5\"",\""6\"",\""7\"",\""8\"",\""9\"",\""11\"",\""12\"",\""13\"",\""14\"",\""15\""]",1,40622,40622,0,2026-07-04 13:48:10,2026-07-04 13:48:10
2952,3,"[\""1\"",\""2\"",\""5\"",\""6\"",\""7\"",\""8\"",\""14\""]","[\""1\"",\""2\"",\""3\"",\""5\"",\""9\"",\""12\"",\""13\"",\""14\""]",1,40622,40622,0,2026-07-04 13:48:10,2026-07-04 13:48:10
2953,4,"[\""1\"",\""7\"",\""8\"",\""14\""]","[\""1\"",\""10\"",\""12\""]",1,40622,40622,0,2026-07-04 13:48:10,2026-07-04 13:48:10
2954,1,"[\""1\"",\""2\"",\""3\"",\""4\"",\""5\"",\""6\"",\""7\"",\""8\"",\""9\"",\""10\"",\""11\"",\""12\"",\""13\"",\""14\""]","[\""1\"",\""2\"",\""3\"",\""4\"",\""5\"",\""6\"",\""7\"",\""8\"",\""9\"",\""10\"",\""11\"",\""12\"",\""13\"",\""14\"",\""15\""]",1,40624,40624,0,2026-07-04 13:50:14,2026-07-04 13:50:14
2955,2,"[\""1\"",\""2\"",\""5\"",\""6\"",\""7\"",\""8\"",\""13\"",\""14\""]","[\""1\"",\""2\"",\""3\"",\""5\"",\""6\"",\""7\"",\""8\"",\""9\"",\""11\"",\""12\"",\""13\"",\""14\"",\""15\""]",1,40624,40624,0,2026-07-04 13:50:14,2026-07-04 13:50:14
2956,3,"[\""1\"",\""2\"",\""5\"",\""6\"",\""7\"",\""8\"",\""14\""]","[\""1\"",\""2\"",\""3\"",\""5\"",\""9\"",\""12\"",\""13\"",\""14\""]",1,40624,40624,0,2026-07-04 13:50:14,2026-07-04 13:50:14
2957,4,"[\""1\"",\""7\"",\""8\"",\""14\""]","[\""1\"",\""10\"",\""12\""]",1,40624,40624,0,2026-07-04 13:50:14,2026-07-04 13:50:14
2958,1,"[\""1\"",\""2\"",\""3\"",\""4\"",\""5\"",\""6\"",\""7\"",\""8\"",\""9\"",\""10\"",\""11\"",\""12\"",\""13\"",\""14\""]","[\""1\"",\""2\"",\""3\"",\""4\"",\""5\"",\""6\"",\""7\"",\""8\"",\""9\"",\""10\"",\""11\"",\""12\"",\""13\"",\""14\"",\""15\""]",1,40626,40626,0,2026-07-04 13:56:04,2026-07-04 13:56:04
2959,2,"[\""1\"",\""2\"",\""5\"",\""6\"",\""7\"",\""8\"",\""13\"",\""14\""]","[\""1\"",\""2\"",\""3\"",\""5\"",\""6\"",\""7\"",\""8\"",\""9\"",\""11\"",\""12\"",\""13\"",\""14\"",\""15\""]",1,40626,40626,0,2026-07-04 13:56:04,2026-07-04 13:56:04
2960,3,"[\""1\"",\""2\"",\""5\"",\""6\"",\""7\"",\""8\"",\""14\""]","[\""1\"",\""2\"",\""3\"",\""5\"",\""9\"",\""12\"",\""13\"",\""14\""]",1,40626,40626,0,2026-07-04 13:56:04,2026-07-04 13:56:04
2961,4,"[\""1\"",\""7\"",\""8\"",\""14\""]","[\""1\"",\""10\"",\""12\""]",1,40626,40626,0,2026-07-04 13:56:04,2026-07-04 13:56:04
2962,1,"[\""1\"",\""2\"",\""3\"",\""4\"",\""5\"",\""6\"",\""7\"",\""8\"",\""9\"",\""10\"",\""11\"",\""12\"",\""13\"",\""14\""]","[\""1\"",\""2\"",\""3\"",\""4\"",\""5\"",\""6\"",\""7\"",\""8\"",\""9\"",\""10\"",\""11\"",\""12\"",\""13\"",\""14\"",\""15\""]",1,40628,40628,0,2026-07-04 14:49:22,2026-07-04 14:49:22
2963,2,"[\""1\"",\""2\"",\""5\"",\""6\"",\""7\"",\""8\"",\""13\"",\""14\""]","[\""1\"",\""2\"",\""3\"",\""5\"",\""6\"",\""7\"",\""8\"",\""9\"",\""11\"",\""12\"",\""13\"",\""14\"",\""15\""]",1,40628,40628,0,2026-07-04 14:49:22,2026-07-04 14:49:22
2964,3,"[\""1\"",\""2\"",\""5\"",\""6\"",\""7\"",\""8\"",\""14\""]","[\""1\"",\""2\"",\""3\"",\""5\"",\""9\"",\""12\"",\""13\"",\""14\""]",1,40628,40628,0,2026-07-04 14:49:22,2026-07-04 14:49:22
2965,4,"[\""1\"",\""7\"",\""8\"",\""14\""]","[\""1\"",\""10\"",\""12\""]",1,40628,40628,0,2026-07-04 14:49:22,2026-07-04 14:49:22
2966,1,"[\""1\"",\""2\"",\""3\"",\""4\"",\""5\"",\""6\"",\""7\"",\""8\"",\""9\"",\""10\"",\""11\"",\""12\"",\""13\"",\""14\""]","[\""1\"",\""2\"",\""3\"",\""4\"",\""5\"",\""6\"",\""7\"",\""8\"",\""9\"",\""10\"",\""11\"",\""12\"",\""13\"",\""14\"",\""15\""]",1,40634,40634,0,2026-07-06 10:49:10,2026-07-06 10:49:10
2967,2,"[\""1\"",\""2\"",\""5\"",\""6\"",\""7\"",\""8\"",\""13\"",\""14\""]","[\""1\"",\""2\"",\""3\"",\""5\"",\""6\"",\""7\"",\""8\"",\""9\"",\""11\"",\""12\"",\""13\"",\""14\"",\""15\""]",1,40634,40634,0,2026-07-06 10:49:10,2026-07-06 10:49:10
2968,3,"[\""1\"",\""2\"",\""5\"",\""6\"",\""7\"",\""8\"",\""14\""]","[\""1\"",\""2\"",\""3\"",\""5\"",\""9\"",\""12\"",\""13\"",\""14\""]",1,40634,40634,0,2026-07-06 10:49:10,2026-07-06 10:49:10
2969,4,"[\""1\"",\""7\"",\""8\"",\""14\""]","[\""1\"",\""10\"",\""12\""]",1,40634,40634,0,2026-07-06 10:49:10,2026-07-06 10:49:10
2970,1,"[\""1\"",\""2\"",\""3\"",\""4\"",\""5\"",\""6\"",\""7\"",\""8\"",\""9\"",\""10\"",\""11\"",\""12\"",\""13\"",\""14\""]","[\""1\"",\""2\"",\""3\"",\""4\"",\""5\"",\""6\"",\""7\"",\""8\"",\""9\"",\""10\"",\""11\"",\""12\"",\""13\"",\""14\"",\""15\""]",1,40642,40642,0,2026-07-07 12:37:13,2026-07-07 12:37:13
2971,2,"[\""1\"",\""2\"",\""5\"",\""6\"",\""7\"",\""8\"",\""13\"",\""14\""]","[\""1\"",\""2\"",\""3\"",\""5\"",\""6\"",\""7\"",\""8\"",\""9\"",\""11\"",\""12\"",\""13\"",\""14\"",\""15\""]",1,40642,40642,0,2026-07-07 12:37:13,2026-07-07 12:37:13
2972,3,"[\""1\"",\""2\"",\""5\"",\""6\"",\""7\"",\""8\"",\""14\""]","[\""1\"",\""2\"",\""3\"",\""5\"",\""9\"",\""12\"",\""13\"",\""14\""]",1,40642,40642,0,2026-07-07 12:37:13,2026-07-07 12:37:13
2973,4,"[\""1\"",\""7\"",\""8\"",\""14\""]","[\""1\"",\""10\"",\""12\""]",1,40642,40642,0,2026-07-07 12:37:13,2026-07-07 12:37:13
2974,1,"[\""1\"",\""2\"",\""3\"",\""4\"",\""5\"",\""6\"",\""7\"",\""8\"",\""9\"",\""10\"",\""11\"",\""12\"",\""13\"",\""14\""]","[\""1\"",\""2\"",\""3\"",\""4\"",\""5\"",\""6\"",\""7\"",\""8\"",\""9\"",\""10\"",\""11\"",\""12\"",\""13\"",\""14\"",\""15\""]",1,40643,40643,0,2026-07-07 13:13:33,2026-07-07 13:13:33
2975,2,"[\""1\"",\""2\"",\""5\"",\""6\"",\""7\"",\""8\"",\""13\"",\""14\""]","[\""1\"",\""2\"",\""3\"",\""5\"",\""6\"",\""7\"",\""8\"",\""9\"",\""11\"",\""12\"",\""13\"",\""14\"",\""15\""]",1,40643,40643,0,2026-07-07 13:13:33,2026-07-07 13:13:33
2976,3,"[\""1\"",\""2\"",\""5\"",\""6\"",\""7\"",\""8\"",\""14\""]","[\""1\"",\""2\"",\""3\"",\""5\"",\""9\"",\""12\"",\""13\"",\""14\""]",1,40643,40643,0,2026-07-07 13:13:33,2026-07-07 13:13:33
2977,4,"[\""1\"",\""7\"",\""8\"",\""14\""]","[\""1\"",\""10\"",\""12\""]",1,40643,40643,0,2026-07-07 13:13:33,2026-07-07 13:13:33
2978,1,"[\""1\"",\""2\"",\""3\"",\""4\"",\""5\"",\""6\"",\""7\"",\""8\"",\""9\"",\""10\"",\""11\"",\""12\"",\""13\"",\""14\""]","[\""1\"",\""2\"",\""3\"",\""4\"",\""5\"",\""6\"",\""7\"",\""8\"",\""9\"",\""10\"",\""11\"",\""12\"",\""13\"",\""14\"",\""15\""]",1,40644,40644,0,2026-07-07 13:15:35,2026-07-07 13:15:35
2979,2,"[\""1\"",\""2\"",\""5\"",\""6\"",\""7\"",\""8\"",\""13\"",\""14\""]","[\""1\"",\""2\"",\""3\"",\""5\"",\""6\"",\""7\"",\""8\"",\""9\"",\""11\"",\""12\"",\""13\"",\""14\"",\""15\""]",1,40644,40644,0,2026-07-07 13:15:35,2026-07-07 13:15:35
2980,3,"[\""1\"",\""2\"",\""5\"",\""6\"",\""7\"",\""8\"",\""14\""]","[\""1\"",\""2\"",\""3\"",\""5\"",\""9\"",\""12\"",\""13\"",\""14\""]",1,40644,40644,0,2026-07-07 13:15:35,2026-07-07 13:15:35
2981,4,"[\""1\"",\""7\"",\""8\"",\""14\""]","[\""1\"",\""10\"",\""12\""]",1,40644,40644,0,2026-07-07 13:15:35,2026-07-07 13:15:35
2982,1,"[\""1\"",\""2\"",\""3\"",\""4\"",\""5\"",\""6\"",\""7\"",\""8\"",\""9\"",\""10\"",\""11\"",\""12\"",\""13\"",\""14\""]","[\""1\"",\""2\"",\""3\"",\""4\"",\""5\"",\""6\"",\""7\"",\""8\"",\""9\"",\""10\"",\""11\"",\""12\"",\""13\"",\""14\"",\""15\""]",1,40645,40645,0,2026-07-07 15:05:47,2026-07-07 15:05:47
2983,2,"[\""1\"",\""2\"",\""5\"",\""6\"",\""7\"",\""8\"",\""13\"",\""14\""]","[\""1\"",\""2\"",\""3\"",\""5\"",\""6\"",\""7\"",\""8\"",\""9\"",\""11\"",\""12\"",\""13\"",\""14\"",\""15\""]",1,40645,40645,0,2026-07-07 15:05:47,2026-07-07 15:05:47
2984,3,"[\""1\"",\""2\"",\""5\"",\""6\"",\""7\"",\""8\"",\""14\""]","[\""1\"",\""2\"",\""3\"",\""5\"",\""9\"",\""12\"",\""13\"",\""14\""]",1,40645,40645,0,2026-07-07 15:05:47,2026-07-07 15:05:47
2985,4,"[\""1\"",\""7\"",\""8\"",\""14\""]","[\""1\"",\""10\"",\""12\""]",1,40645,40645,0,2026-07-07 15:05:47,2026-07-07 15:05:47
2986,1,"[\""1\"",\""2\"",\""3\"",\""4\"",\""5\"",\""6\"",\""7\"",\""8\"",\""9\"",\""10\"",\""11\"",\""12\"",\""13\"",\""14\""]","[\""1\"",\""2\"",\""3\"",\""4\"",\""5\"",\""6\"",\""7\"",\""8\"",\""9\"",\""10\"",\""11\"",\""12\"",\""13\"",\""14\"",\""15\""]",1,40646,40646,0,2026-07-07 15:09:27,2026-07-07 15:09:27
2987,2,"[\""1\"",\""2\"",\""5\"",\""6\"",\""7\"",\""8\"",\""13\"",\""14\""]","[\""1\"",\""2\"",\""3\"",\""5\"",\""6\"",\""7\"",\""8\"",\""9\"",\""11\"",\""12\"",\""13\"",\""14\"",\""15\""]",1,40646,40646,0,2026-07-07 15:09:27,2026-07-07 15:09:27
2988,3,"[\""1\"",\""2\"",\""5\"",\""6\"",\""7\"",\""8\"",\""14\""]","[\""1\"",\""2\"",\""3\"",\""5\"",\""9\"",\""12\"",\""13\"",\""14\""]",1,40646,40646,0,2026-07-07 15:09:27,2026-07-07 15:09:27
2989,4,"[\""1\"",\""7\"",\""8\"",\""14\""]","[\""1\"",\""10\"",\""12\""]",1,40646,40646,0,2026-07-07 15:09:27,2026-07-07 15:09:27
2990,1,"[\""1\"",\""2\"",\""3\"",\""4\"",\""5\"",\""6\"",\""7\"",\""8\"",\""9\"",\""10\"",\""11\"",\""12\"",\""13\"",\""14\""]","[\""1\"",\""2\"",\""3\"",\""4\"",\""5\"",\""6\"",\""7\"",\""8\"",\""9\"",\""10\"",\""11\"",\""12\"",\""13\"",\""14\"",\""15\""]",1,40647,40647,0,2026-07-07 15:12:11,2026-07-07 15:12:11
2991,2,"[\""1\"",\""2\"",\""5\"",\""6\"",\""7\"",\""8\"",\""13\"",\""14\""]","[\""1\"",\""2\"",\""3\"",\""5\"",\""6\"",\""7\"",\""8\"",\""9\"",\""11\"",\""12\"",\""13\"",\""14\"",\""15\""]",1,40647,40647,0,2026-07-07 15:12:11,2026-07-07 15:12:11
2992,3,"[\""1\"",\""2\"",\""5\"",\""6\"",\""7\"",\""8\"",\""14\""]","[\""1\"",\""2\"",\""3\"",\""5\"",\""9\"",\""12\"",\""13\"",\""14\""]",1,40647,40647,0,2026-07-07 15:12:11,2026-07-07 15:12:11
2993,4,"[\""1\"",\""7\"",\""8\"",\""14\""]","[\""1\"",\""10\"",\""12\""]",1,40647,40647,0,2026-07-07 15:12:11,2026-07-07 15:12:11
2994,1,"[\""1\"",\""2\"",\""3\"",\""4\"",\""5\"",\""6\"",\""7\"",\""8\"",\""9\"",\""10\"",\""11\"",\""12\"",\""13\"",\""14\""]","[\""1\"",\""2\"",\""3\"",\""4\"",\""5\"",\""6\"",\""7\"",\""8\"",\""9\"",\""10\"",\""11\"",\""12\"",\""13\"",\""14\"",\""15\""]",1,40648,40648,0,2026-07-07 15:18:54,2026-07-07 15:18:54
2995,2,"[\""1\"",\""2\"",\""5\"",\""6\"",\""7\"",\""8\"",\""13\"",\""14\""]","[\""1\"",\""2\"",\""3\"",\""5\"",\""6\"",\""7\"",\""8\"",\""9\"",\""11\"",\""12\"",\""13\"",\""14\"",\""15\""]",1,40648,40648,0,2026-07-07 15:18:54,2026-07-07 15:18:54
2996,3,"[\""1\"",\""2\"",\""5\"",\""6\"",\""7\"",\""8\"",\""14\""]","[\""1\"",\""2\"",\""3\"",\""5\"",\""9\"",\""12\"",\""13\"",\""14\""]",1,40648,40648,0,2026-07-07 15:18:54,2026-07-07 15:18:54
2997,4,"[\""1\"",\""7\"",\""8\"",\""14\""]","[\""1\"",\""10\"",\""12\""]",1,40648,40648,0,2026-07-07 15:18:54,2026-07-07 15:18:54
2998,1,"[\""1\"",\""2\"",\""3\"",\""4\"",\""5\"",\""6\"",\""7\"",\""8\"",\""9\"",\""10\"",\""11\"",\""12\"",\""13\"",\""14\""]","[\""1\"",\""2\"",\""3\"",\""4\"",\""5\"",\""6\"",\""7\"",\""8\"",\""9\"",\""10\"",\""11\"",\""12\"",\""13\"",\""14\"",\""15\""]",1,40649,40649,0,2026-07-07 15:20:45,2026-07-07 15:20:45
2999,2,"[\""1\"",\""2\"",\""5\"",\""6\"",\""7\"",\""8\"",\""13\"",\""14\""]","[\""1\"",\""2\"",\""3\"",\""5\"",\""6\"",\""7\"",\""8\"",\""9\"",\""11\"",\""12\"",\""13\"",\""14\"",\""15\""]",1,40649,40649,0,2026-07-07 15:20:45,2026-07-07 15:20:45
3000,3,"[\""1\"",\""2\"",\""5\"",\""6\"",\""7\"",\""8\"",\""14\""]","[\""1\"",\""2\"",\""3\"",\""5\"",\""9\"",\""12\"",\""13\"",\""14\""]",1,40649,40649,0,2026-07-07 15:20:45,2026-07-07 15:20:45
3001,4,"[\""1\"",\""7\"",\""8\"",\""14\""]","[\""1\"",\""10\"",\""12\""]",1,40649,40649,0,2026-07-07 15:20:45,2026-07-07 15:20:45
3002,1,"[\""1\"",\""2\"",\""3\"",\""4\"",\""5\"",\""6\"",\""7\"",\""8\"",\""9\"",\""10\"",\""11\"",\""12\"",\""13\"",\""14\""]","[\""1\"",\""2\"",\""3\"",\""4\"",\""5\"",\""6\"",\""7\"",\""8\"",\""9\"",\""10\"",\""11\"",\""12\"",\""13\"",\""14\"",\""15\""]",1,40652,40652,0,2026-07-07 16:34:10,2026-07-07 16:34:10
3003,2,"[\""1\"",\""2\"",\""5\"",\""6\"",\""7\"",\""8\"",\""13\"",\""14\""]","[\""1\"",\""2\"",\""3\"",\""5\"",\""6\"",\""7\"",\""8\"",\""9\"",\""11\"",\""12\"",\""13\"",\""14\"",\""15\""]",1,40652,40652,0,2026-07-07 16:34:10,2026-07-07 16:34:10
3004,3,"[\""1\"",\""2\"",\""5\"",\""6\"",\""7\"",\""8\"",\""14\""]","[\""1\"",\""2\"",\""3\"",\""5\"",\""9\"",\""12\"",\""13\"",\""14\""]",1,40652,40652,0,2026-07-07 16:34:10,2026-07-07 16:34:10
3005,4,"[\""1\"",\""7\"",\""8\"",\""14\""]","[\""1\"",\""10\"",\""12\""]",1,40652,40652,0,2026-07-07 16:34:10,2026-07-07 16:34:10
3006,1,"[\""1\"",\""2\"",\""3\"",\""4\"",\""5\"",\""6\"",\""7\"",\""8\"",\""9\"",\""10\"",\""11\"",\""12\"",\""13\"",\""14\""]","[\""1\"",\""2\"",\""3\"",\""4\"",\""5\"",\""6\"",\""7\"",\""8\"",\""9\"",\""10\"",\""11\"",\""12\"",\""13\"",\""14\"",\""15\""]",1,40653,40653,0,2026-07-07 17:54:17,2026-07-07 17:54:17
3007,2,"[\""1\"",\""2\"",\""5\"",\""6\"",\""7\"",\""8\"",\""13\"",\""14\""]","[\""1\"",\""2\"",\""3\"",\""5\"",\""6\"",\""7\"",\""8\"",\""9\"",\""11\"",\""12\"",\""13\"",\""14\"",\""15\""]",1,40653,40653,0,2026-07-07 17:54:17,2026-07-07 17:54:17
3008,3,"[\""1\"",\""2\"",\""5\"",\""6\"",\""7\"",\""8\"",\""14\""]","[\""1\"",\""2\"",\""3\"",\""5\"",\""9\"",\""12\"",\""13\"",\""14\""]",1,40653,40653,0,2026-07-07 17:54:17,2026-07-07 17:54:17
3009,4,"[\""1\"",\""7\"",\""8\"",\""14\""]","[\""1\"",\""10\"",\""12\""]",1,40653,40653,0,2026-07-07 17:54:17,2026-07-07 17:54:17
3010,1,"[\""1\"",\""2\"",\""3\"",\""4\"",\""5\"",\""6\"",\""7\"",\""8\"",\""9\"",\""10\"",\""11\"",\""12\"",\""13\"",\""14\""]","[\""1\"",\""2\"",\""3\"",\""4\"",\""5\"",\""6\"",\""7\"",\""8\"",\""9\"",\""10\"",\""11\"",\""12\"",\""13\"",\""14\"",\""15\""]",1,40654,40654,0,2026-07-07 17:57:09,2026-07-07 17:57:09
3011,2,"[\""1\"",\""2\"",\""5\"",\""6\"",\""7\"",\""8\"",\""13\"",\""14\""]","[\""1\"",\""2\"",\""3\"",\""5\"",\""6\"",\""7\"",\""8\"",\""9\"",\""11\"",\""12\"",\""13\"",\""14\"",\""15\""]",1,40654,40654,0,2026-07-07 17:57:09,2026-07-07 17:57:09
3012,3,"[\""1\"",\""2\"",\""5\"",\""6\"",\""7\"",\""8\"",\""14\""]","[\""1\"",\""2\"",\""3\"",\""5\"",\""9\"",\""12\"",\""13\"",\""14\""]",1,40654,40654,0,2026-07-07 17:57:09,2026-07-07 17:57:09
3013,4,"[\""1\"",\""7\"",\""8\"",\""14\""]","[\""1\"",\""10\"",\""12\""]",1,40654,40654,0,2026-07-07 17:57:09,2026-07-07 17:57:09
3014,1,"[\""1\"",\""2\"",\""3\"",\""4\"",\""5\"",\""6\"",\""7\"",\""8\"",\""9\"",\""10\"",\""11\"",\""12\"",\""13\"",\""14\""]","[\""1\"",\""2\"",\""3\"",\""4\"",\""5\"",\""6\"",\""7\"",\""8\"",\""9\"",\""10\"",\""11\"",\""12\"",\""13\"",\""14\"",\""15\""]",1,40655,40655,0,2026-07-07 18:27:50,2026-07-07 18:27:50
3015,2,"[\""1\"",\""2\"",\""5\"",\""6\"",\""7\"",\""8\"",\""13\"",\""14\""]","[\""1\"",\""2\"",\""3\"",\""5\"",\""6\"",\""7\"",\""8\"",\""9\"",\""11\"",\""12\"",\""13\"",\""14\"",\""15\""]",1,40655,40655,0,2026-07-07 18:27:50,2026-07-07 18:27:50
3016,3,"[\""1\"",\""2\"",\""5\"",\""6\"",\""7\"",\""8\"",\""14\""]","[\""1\"",\""2\"",\""3\"",\""5\"",\""9\"",\""12\"",\""13\"",\""14\""]",1,40655,40655,0,2026-07-07 18:27:50,2026-07-07 18:27:50
3017,4,"[\""1\"",\""7\"",\""8\"",\""14\""]","[\""1\"",\""10\"",\""12\""]",1,40655,40655,0,2026-07-07 18:27:50,2026-07-07 18:27:50
3018,1,"[\""1\"",\""2\"",\""3\"",\""4\"",\""5\"",\""6\"",\""7\"",\""8\"",\""9\"",\""10\"",\""11\"",\""12\"",\""13\"",\""14\""]","[\""1\"",\""2\"",\""3\"",\""4\"",\""5\"",\""6\"",\""7\"",\""8\"",\""9\"",\""10\"",\""11\"",\""12\"",\""13\"",\""14\"",\""15\""]",1,40656,40656,0,2026-07-08 11:10:21,2026-07-08 11:10:21
3019,2,"[\""1\"",\""2\"",\""5\"",\""6\"",\""7\"",\""8\"",\""13\"",\""14\""]","[\""1\"",\""2\"",\""3\"",\""5\"",\""6\"",\""7\"",\""8\"",\""9\"",\""11\"",\""12\"",\""13\"",\""14\"",\""15\""]",1,40656,40656,0,2026-07-08 11:10:21,2026-07-08 11:10:21
3020,3,"[\""1\"",\""2\"",\""5\"",\""6\"",\""7\"",\""8\"",\""14\""]","[\""1\"",\""2\"",\""3\"",\""5\"",\""9\"",\""12\"",\""13\"",\""14\""]",1,40656,40656,0,2026-07-08 11:10:21,2026-07-08 11:10:21
3021,4,"[\""1\"",\""7\"",\""8\"",\""14\""]","[\""1\"",\""10\"",\""12\""]",1,40656,40656,0,2026-07-08 11:10:21,2026-07-08 11:10:21
3022,1,"[\""1\"",\""2\"",\""3\"",\""4\"",\""5\"",\""6\"",\""7\"",\""8\"",\""9\"",\""10\"",\""11\"",\""12\"",\""13\"",\""14\""]","[\""1\"",\""2\"",\""3\"",\""4\"",\""5\"",\""6\"",\""7\"",\""8\"",\""9\"",\""10\"",\""11\"",\""12\"",\""13\"",\""14\"",\""15\""]",1,40657,40657,0,2026-07-08 11:27:59,2026-07-08 11:27:59
3023,2,"[\""1\"",\""2\"",\""5\"",\""6\"",\""7\"",\""8\"",\""13\"",\""14\""]","[\""1\"",\""2\"",\""3\"",\""5\"",\""6\"",\""7\"",\""8\"",\""9\"",\""11\"",\""12\"",\""13\"",\""14\"",\""15\""]",1,40657,40657,0,2026-07-08 11:27:59,2026-07-08 11:27:59
3024,3,"[\""1\"",\""2\"",\""5\"",\""6\"",\""7\"",\""8\"",\""14\""]","[\""1\"",\""2\"",\""3\"",\""5\"",\""9\"",\""12\"",\""13\"",\""14\""]",1,40657,40657,0,2026-07-08 11:27:59,2026-07-08 11:27:59
3025,4,"[\""1\"",\""7\"",\""8\"",\""14\""]","[\""1\"",\""10\"",\""12\""]",1,40657,40657,0,2026-07-08 11:27:59,2026-07-08 11:27:59
3026,1,"[\""1\"",\""2\"",\""3\"",\""4\"",\""5\"",\""6\"",\""7\"",\""8\"",\""9\"",\""10\"",\""11\"",\""12\"",\""13\"",\""14\""]","[\""1\"",\""2\"",\""3\"",\""4\"",\""5\"",\""6\"",\""7\"",\""8\"",\""9\"",\""10\"",\""11\"",\""12\"",\""13\"",\""14\"",\""15\""]",1,40659,40659,0,2026-07-08 14:30:02,2026-07-08 14:30:02
3027,2,"[\""1\"",\""2\"",\""5\"",\""6\"",\""7\"",\""8\"",\""13\"",\""14\""]","[\""1\"",\""2\"",\""3\"",\""5\"",\""6\"",\""7\"",\""8\"",\""9\"",\""11\"",\""12\"",\""13\"",\""14\"",\""15\""]",1,40659,40659,0,2026-07-08 14:30:02,2026-07-08 14:30:02
3028,3,"[\""1\"",\""2\"",\""5\"",\""6\"",\""7\"",\""8\"",\""14\""]","[\""1\"",\""2\"",\""3\"",\""5\"",\""9\"",\""12\"",\""13\"",\""14\""]",1,40659,40659,0,2026-07-08 14:30:02,2026-07-08 14:30:02
3029,4,"[\""1\"",\""7\"",\""8\"",\""14\""]","[\""1\"",\""10\"",\""12\""]",1,40659,40659,0,2026-07-08 14:30:02,2026-07-08 14:30:02
3030,1,"[\""1\"",\""2\"",\""3\"",\""4\"",\""5\"",\""6\"",\""7\"",\""8\"",\""9\"",\""10\"",\""11\"",\""12\"",\""13\"",\""14\""]","[\""1\"",\""2\"",\""3\"",\""4\"",\""5\"",\""6\"",\""7\"",\""8\"",\""9\"",\""10\"",\""11\"",\""12\"",\""13\"",\""14\"",\""15\""]",1,40660,40660,0,2026-07-08 15:38:56,2026-07-08 15:38:56
3031,2,"[\""1\"",\""2\"",\""5\"",\""6\"",\""7\"",\""8\"",\""13\"",\""14\""]","[\""1\"",\""2\"",\""3\"",\""5\"",\""6\"",\""7\"",\""8\"",\""9\"",\""11\"",\""12\"",\""13\"",\""14\"",\""15\""]",1,40660,40660,0,2026-07-08 15:38:56,2026-07-08 15:38:56
3032,3,"[\""1\"",\""2\"",\""5\"",\""6\"",\""7\"",\""8\"",\""14\""]","[\""1\"",\""2\"",\""3\"",\""5\"",\""9\"",\""12\"",\""13\"",\""14\""]",1,40660,40660,0,2026-07-08 15:38:56,2026-07-08 15:38:56
3033,4,"[\""1\"",\""7\"",\""8\"",\""14\""]","[\""1\"",\""10\"",\""12\""]",1,40660,40660,0,2026-07-08 15:38:56,2026-07-08 15:38:56
3034,1,"[\""1\"",\""2\"",\""3\"",\""4\"",\""5\"",\""6\"",\""7\"",\""8\"",\""9\"",\""10\"",\""11\"",\""12\"",\""13\"",\""14\""]","[\""1\"",\""2\"",\""3\"",\""4\"",\""5\"",\""6\"",\""7\"",\""8\"",\""9\"",\""10\"",\""11\"",\""12\"",\""13\"",\""14\"",\""15\""]",1,40661,40661,0,2026-07-08 16:23:36,2026-07-08 16:23:36
3035,2,"[\""1\"",\""2\"",\""5\"",\""6\"",\""7\"",\""8\"",\""13\"",\""14\""]","[\""1\"",\""2\"",\""3\"",\""5\"",\""6\"",\""7\"",\""8\"",\""9\"",\""11\"",\""12\"",\""13\"",\""14\"",\""15\""]",1,40661,40661,0,2026-07-08 16:23:36,2026-07-08 16:23:36
3036,3,"[\""1\"",\""2\"",\""5\"",\""6\"",\""7\"",\""8\"",\""14\""]","[\""1\"",\""2\"",\""3\"",\""5\"",\""9\"",\""12\"",\""13\"",\""14\""]",1,40661,40661,0,2026-07-08 16:23:36,2026-07-08 16:23:36
3037,4,"[\""1\"",\""7\"",\""8\"",\""14\""]","[\""1\"",\""10\"",\""12\""]",1,40661,40661,0,2026-07-08 16:23:36,2026-07-08 16:23:36
3038,1,"[\""1\"",\""2\"",\""3\"",\""4\"",\""5\"",\""6\"",\""7\"",\""8\"",\""9\"",\""10\"",\""11\"",\""12\"",\""13\"",\""14\""]","[\""1\"",\""2\"",\""3\"",\""4\"",\""5\"",\""6\"",\""7\"",\""8\"",\""9\"",\""10\"",\""11\"",\""12\"",\""13\"",\""14\"",\""15\""]",1,40663,40663,0,2026-07-08 18:12:23,2026-07-08 18:12:23
3039,2,"[\""1\"",\""2\"",\""5\"",\""6\"",\""7\"",\""8\"",\""13\"",\""14\""]","[\""1\"",\""2\"",\""3\"",\""5\"",\""6\"",\""7\"",\""8\"",\""9\"",\""11\"",\""12\"",\""13\"",\""14\"",\""15\""]",1,40663,40663,0,2026-07-08 18:12:23,2026-07-08 18:12:23
3040,3,"[\""1\"",\""2\"",\""5\"",\""6\"",\""7\"",\""8\"",\""14\""]","[\""1\"",\""2\"",\""3\"",\""5\"",\""9\"",\""12\"",\""13\"",\""14\""]",1,40663,40663,0,2026-07-08 18:12:23,2026-07-08 18:12:23
3041,4,"[\""1\"",\""7\"",\""8\"",\""14\""]","[\""1\"",\""10\"",\""12\""]",1,40663,40663,0,2026-07-08 18:12:23,2026-07-08 18:12:23
3042,1,"[\""1\"",\""2\"",\""3\"",\""4\"",\""5\"",\""6\"",\""7\"",\""8\"",\""9\"",\""10\"",\""11\"",\""12\"",\""13\"",\""14\""]","[\""1\"",\""2\"",\""3\"",\""4\"",\""5\"",\""6\"",\""7\"",\""8\"",\""9\"",\""10\"",\""11\"",\""12\"",\""13\"",\""14\"",\""15\""]",1,40664,40664,0,2026-07-08 19:02:14,2026-07-08 19:02:14
3043,2,"[\""1\"",\""2\"",\""5\"",\""6\"",\""7\"",\""8\"",\""13\"",\""14\""]","[\""1\"",\""2\"",\""3\"",\""5\"",\""6\"",\""7\"",\""8\"",\""9\"",\""11\"",\""12\"",\""13\"",\""14\"",\""15\""]",1,40664,40664,0,2026-07-08 19:02:14,2026-07-08 19:02:14
3044,3,"[\""1\"",\""2\"",\""5\"",\""6\"",\""7\"",\""8\"",\""14\""]","[\""1\"",\""2\"",\""3\"",\""5\"",\""9\"",\""12\"",\""13\"",\""14\""]",1,40664,40664,0,2026-07-08 19:02:14,2026-07-08 19:02:14
3045,4,"[\""1\"",\""7\"",\""8\"",\""14\""]","[\""1\"",\""10\"",\""12\""]",1,40664,40664,0,2026-07-08 19:02:14,2026-07-08 19:02:14
3046,1,"[\""1\"",\""2\"",\""3\"",\""4\"",\""5\"",\""6\"",\""7\"",\""8\"",\""9\"",\""10\"",\""11\"",\""12\"",\""13\"",\""14\""]","[\""1\"",\""2\"",\""3\"",\""4\"",\""5\"",\""6\"",\""7\"",\""8\"",\""9\"",\""10\"",\""11\"",\""12\"",\""13\"",\""14\"",\""15\""]",1,40666,40666,0,2026-07-09 11:49:40,2026-07-09 11:49:40
3047,2,"[\""1\"",\""2\"",\""5\"",\""6\"",\""7\"",\""8\"",\""13\"",\""14\""]","[\""1\"",\""2\"",\""3\"",\""5\"",\""6\"",\""7\"",\""8\"",\""9\"",\""11\"",\""12\"",\""13\"",\""14\"",\""15\""]",1,40666,40666,0,2026-07-09 11:49:40,2026-07-09 11:49:40
3048,3,"[\""1\"",\""2\"",\""5\"",\""6\"",\""7\"",\""8\"",\""14\""]","[\""1\"",\""2\"",\""3\"",\""5\"",\""9\"",\""12\"",\""13\"",\""14\""]",1,40666,40666,0,2026-07-09 11:49:40,2026-07-09 11:49:40
3049,4,"[\""1\"",\""7\"",\""8\"",\""14\""]","[\""1\"",\""10\"",\""12\""]",1,40666,40666,0,2026-07-09 11:49:40,2026-07-09 11:49:40
3050,1,"[\""1\"",\""2\"",\""3\"",\""4\"",\""5\"",\""6\"",\""7\"",\""8\"",\""9\"",\""10\"",\""11\"",\""12\"",\""13\"",\""14\""]","[\""1\"",\""2\"",\""3\"",\""4\"",\""5\"",\""6\"",\""7\"",\""8\"",\""9\"",\""10\"",\""11\"",\""12\"",\""13\"",\""14\"",\""15\""]",1,40668,40668,0,2026-07-10 11:16:51,2026-07-10 11:16:51
3051,2,"[\""1\"",\""2\"",\""5\"",\""6\"",\""7\"",\""8\"",\""13\"",\""14\""]","[\""1\"",\""2\"",\""3\"",\""5\"",\""6\"",\""7\"",\""8\"",\""9\"",\""11\"",\""12\"",\""13\"",\""14\"",\""15\""]",1,40668,40668,0,2026-07-10 11:16:51,2026-07-10 11:16:51
3052,3,"[\""1\"",\""2\"",\""5\"",\""6\"",\""7\"",\""8\"",\""14\""]","[\""1\"",\""2\"",\""3\"",\""5\"",\""9\"",\""12\"",\""13\"",\""14\""]",1,40668,40668,0,2026-07-10 11:16:51,2026-07-10 11:16:51
3053,4,"[\""1\"",\""7\"",\""8\"",\""14\""]","[\""1\"",\""10\"",\""12\""]",1,40668,40668,0,2026-07-10 11:16:51,2026-07-10 11:16:51
3054,1,"[\""1\"",\""2\"",\""3\"",\""4\"",\""5\"",\""6\"",\""7\"",\""8\"",\""9\"",\""10\"",\""11\"",\""12\"",\""13\"",\""14\""]","[\""1\"",\""2\"",\""3\"",\""4\"",\""5\"",\""6\"",\""7\"",\""8\"",\""9\"",\""10\"",\""11\"",\""12\"",\""13\"",\""14\"",\""15\""]",1,40669,40669,0,2026-07-10 12:49:08,2026-07-10 12:49:08
3055,2,"[\""1\"",\""2\"",\""5\"",\""6\"",\""7\"",\""8\"",\""13\"",\""14\""]","[\""1\"",\""2\"",\""3\"",\""5\"",\""6\"",\""7\"",\""8\"",\""9\"",\""11\"",\""12\"",\""13\"",\""14\"",\""15\""]",1,40669,40669,0,2026-07-10 12:49:08,2026-07-10 12:49:08
3056,3,"[\""1\"",\""2\"",\""5\"",\""6\"",\""7\"",\""8\"",\""14\""]","[\""1\"",\""2\"",\""3\"",\""5\"",\""9\"",\""12\"",\""13\"",\""14\""]",1,40669,40669,0,2026-07-10 12:49:08,2026-07-10 12:49:08
3057,4,"[\""1\"",\""7\"",\""8\"",\""14\""]","[\""1\"",\""10\"",\""12\""]",1,40669,40669,0,2026-07-10 12:49:08,2026-07-10 12:49:08
3058,1,"[\""1\"",\""2\"",\""3\"",\""4\"",\""5\"",\""6\"",\""7\"",\""8\"",\""9\"",\""10\"",\""11\"",\""12\"",\""13\"",\""14\""]","[\""1\"",\""2\"",\""3\"",\""4\"",\""5\"",\""6\"",\""7\"",\""8\"",\""9\"",\""10\"",\""11\"",\""12\"",\""13\"",\""14\"",\""15\""]",1,40670,40670,0,2026-07-10 13:05:49,2026-07-10 13:05:49
3059,2,"[\""1\"",\""2\"",\""5\"",\""6\"",\""7\"",\""8\"",\""13\"",\""14\""]","[\""1\"",\""2\"",\""3\"",\""5\"",\""6\"",\""7\"",\""8\"",\""9\"",\""11\"",\""12\"",\""13\"",\""14\"",\""15\""]",1,40670,40670,0,2026-07-10 13:05:49,2026-07-10 13:05:49
3060,3,"[\""1\"",\""2\"",\""5\"",\""6\"",\""7\"",\""8\"",\""14\""]","[\""1\"",\""2\"",\""3\"",\""5\"",\""9\"",\""12\"",\""13\"",\""14\""]",1,40670,40670,0,2026-07-10 13:05:49,2026-07-10 13:05:49
3061,4,"[\""1\"",\""7\"",\""8\"",\""14\""]","[\""1\"",\""10\"",\""12\""]",1,40670,40670,0,2026-07-10 13:05:49,2026-07-10 13:05:49
3062,1,"[\""1\"",\""2\"",\""3\"",\""4\"",\""5\"",\""6\"",\""7\"",\""8\"",\""9\"",\""10\"",\""11\"",\""12\"",\""13\"",\""14\""]","[\""1\"",\""2\"",\""3\"",\""4\"",\""5\"",\""6\"",\""7\"",\""8\"",\""9\"",\""10\"",\""11\"",\""12\"",\""13\"",\""14\"",\""15\""]",1,40671,40671,0,2026-07-10 13:29:37,2026-07-10 13:29:37
3063,2,"[\""1\"",\""2\"",\""5\"",\""6\"",\""7\"",\""8\"",\""13\"",\""14\""]","[\""1\"",\""2\"",\""3\"",\""5\"",\""6\"",\""7\"",\""8\"",\""9\"",\""11\"",\""12\"",\""13\"",\""14\"",\""15\""]",1,40671,40671,0,2026-07-10 13:29:37,2026-07-10 13:29:37
3064,3,"[\""1\"",\""2\"",\""5\"",\""6\"",\""7\"",\""8\"",\""14\""]","[\""1\"",\""2\"",\""3\"",\""5\"",\""9\"",\""12\"",\""13\"",\""14\""]",1,40671,40671,0,2026-07-10 13:29:37,2026-07-10 13:29:37
3065,4,"[\""1\"",\""7\"",\""8\"",\""14\""]","[\""1\"",\""10\"",\""12\""]",1,40671,40671,0,2026-07-10 13:29:37,2026-07-10 13:29:37
3066,1,"[\""1\"",\""2\"",\""3\"",\""4\"",\""5\"",\""6\"",\""7\"",\""8\"",\""9\"",\""10\"",\""11\"",\""12\"",\""13\"",\""14\""]","[\""1\"",\""2\"",\""3\"",\""4\"",\""5\"",\""6\"",\""7\"",\""8\"",\""9\"",\""10\"",\""11\"",\""12\"",\""13\"",\""14\"",\""15\""]",1,40672,40672,0,2026-07-10 13:38:37,2026-07-10 13:38:37
3067,2,"[\""1\"",\""2\"",\""5\"",\""6\"",\""7\"",\""8\"",\""13\"",\""14\""]","[\""1\"",\""2\"",\""3\"",\""5\"",\""6\"",\""7\"",\""8\"",\""9\"",\""11\"",\""12\"",\""13\"",\""14\"",\""15\""]",1,40672,40672,0,2026-07-10 13:38:37,2026-07-10 13:38:37
3068,3,"[\""1\"",\""2\"",\""5\"",\""6\"",\""7\"",\""8\"",\""14\""]","[\""1\"",\""2\"",\""3\"",\""5\"",\""9\"",\""12\"",\""13\"",\""14\""]",1,40672,40672,0,2026-07-10 13:38:37,2026-07-10 13:38:37
3069,4,"[\""1\"",\""7\"",\""8\"",\""14\""]","[\""1\"",\""10\"",\""12\""]",1,40672,40672,0,2026-07-10 13:38:37,2026-07-10 13:38:37
3070,1,"[\""1\"",\""2\"",\""3\"",\""4\"",\""5\"",\""6\"",\""7\"",\""8\"",\""9\"",\""10\"",\""11\"",\""12\"",\""13\"",\""14\""]","[\""1\"",\""2\"",\""3\"",\""4\"",\""5\"",\""6\"",\""7\"",\""8\"",\""9\"",\""10\"",\""11\"",\""12\"",\""13\"",\""14\"",\""15\""]",1,40673,40673,0,2026-07-10 13:40:07,2026-07-10 13:40:07
3071,2,"[\""1\"",\""2\"",\""5\"",\""6\"",\""7\"",\""8\"",\""13\"",\""14\""]","[\""1\"",\""2\"",\""3\"",\""5\"",\""6\"",\""7\"",\""8\"",\""9\"",\""11\"",\""12\"",\""13\"",\""14\"",\""15\""]",1,40673,40673,0,2026-07-10 13:40:07,2026-07-10 13:40:07
3072,3,"[\""1\"",\""2\"",\""5\"",\""6\"",\""7\"",\""8\"",\""14\""]","[\""1\"",\""2\"",\""3\"",\""5\"",\""9\"",\""12\"",\""13\"",\""14\""]",1,40673,40673,0,2026-07-10 13:40:07,2026-07-10 13:40:07
3073,4,"[\""1\"",\""7\"",\""8\"",\""14\""]","[\""1\"",\""10\"",\""12\""]",1,40673,40673,0,2026-07-10 13:40:07,2026-07-10 13:40:07
3074,82,"[\""1\"",\""5\"",\""8\""]","[\""1\"",\""2\""]",1,38860,38860,0,2026-07-10 13:40:59,2026-07-10 13:40:59
3075,1,"[\""1\"",\""2\"",\""3\"",\""4\"",\""5\"",\""6\"",\""7\"",\""8\"",\""9\"",\""10\"",\""11\"",\""12\"",\""13\"",\""14\""]","[\""1\"",\""2\"",\""3\"",\""4\"",\""5\"",\""6\"",\""7\"",\""8\"",\""9\"",\""10\"",\""11\"",\""12\"",\""13\"",\""14\"",\""15\""]",1,40674,40674,0,2026-07-10 15:16:19,2026-07-10 15:16:19
3076,2,"[\""1\"",\""2\"",\""5\"",\""6\"",\""7\"",\""8\"",\""13\"",\""14\""]","[\""1\"",\""2\"",\""3\"",\""5\"",\""6\"",\""7\"",\""8\"",\""9\"",\""11\"",\""12\"",\""13\"",\""14\"",\""15\""]",1,40674,40674,0,2026-07-10 15:16:19,2026-07-10 15:16:19
3077,3,"[\""1\"",\""2\"",\""5\"",\""6\"",\""7\"",\""8\"",\""14\""]","[\""1\"",\""2\"",\""3\"",\""5\"",\""9\"",\""12\"",\""13\"",\""14\""]",1,40674,40674,0,2026-07-10 15:16:19,2026-07-10 15:16:19
3078,4,"[\""1\"",\""7\"",\""8\"",\""14\""]","[\""1\"",\""10\"",\""12\""]",1,40674,40674,0,2026-07-10 15:16:19,2026-07-10 15:16:19
3079,1,"[\""1\"",\""2\"",\""3\"",\""4\"",\""5\"",\""6\"",\""7\"",\""8\"",\""9\"",\""10\"",\""11\"",\""12\"",\""13\"",\""14\""]","[\""1\"",\""2\"",\""3\"",\""4\"",\""5\"",\""6\"",\""7\"",\""8\"",\""9\"",\""10\"",\""11\"",\""12\"",\""13\"",\""14\"",\""15\""]",1,40675,40675,0,2026-07-10 16:32:17,2026-07-10 16:32:17
3080,2,"[\""1\"",\""2\"",\""5\"",\""6\"",\""7\"",\""8\"",\""13\"",\""14\""]","[\""1\"",\""2\"",\""3\"",\""5\"",\""6\"",\""7\"",\""8\"",\""9\"",\""11\"",\""12\"",\""13\"",\""14\"",\""15\""]",1,40675,40675,0,2026-07-10 16:32:17,2026-07-10 16:32:17
3081,3,"[\""1\"",\""2\"",\""5\"",\""6\"",\""7\"",\""8\"",\""14\""]","[\""1\"",\""2\"",\""3\"",\""5\"",\""9\"",\""12\"",\""13\"",\""14\""]",1,40675,40675,0,2026-07-10 16:32:17,2026-07-10 16:32:17
3082,4,"[\""1\"",\""7\"",\""8\"",\""14\""]","[\""1\"",\""10\"",\""12\""]",1,40675,40675,0,2026-07-10 16:32:17,2026-07-10 16:32:17
3083,1,"[\""1\"",\""2\"",\""3\"",\""4\"",\""5\"",\""6\"",\""7\"",\""8\"",\""9\"",\""10\"",\""11\"",\""12\"",\""13\"",\""14\""]","[\""1\"",\""2\"",\""3\"",\""4\"",\""5\"",\""6\"",\""7\"",\""8\"",\""9\"",\""10\"",\""11\"",\""12\"",\""13\"",\""14\"",\""15\""]",1,40676,40676,0,2026-07-10 16:43:09,2026-07-10 16:43:09
3084,2,"[\""1\"",\""2\"",\""5\"",\""6\"",\""7\"",\""8\"",\""13\"",\""14\""]","[\""1\"",\""2\"",\""3\"",\""5\"",\""6\"",\""7\"",\""8\"",\""9\"",\""11\"",\""12\"",\""13\"",\""14\"",\""15\""]",1,40676,40676,0,2026-07-10 16:43:09,2026-07-10 16:43:09
3085,3,"[\""1\"",\""2\"",\""5\"",\""6\"",\""7\"",\""8\"",\""14\""]","[\""1\"",\""2\"",\""3\"",\""5\"",\""9\"",\""12\"",\""13\"",\""14\""]",1,40676,40676,0,2026-07-10 16:43:09,2026-07-10 16:43:09
3086,4,"[\""1\"",\""7\"",\""8\"",\""14\""]","[\""1\"",\""10\"",\""12\""]",1,40676,40676,0,2026-07-10 16:43:09,2026-07-10 16:43:09
3087,1,"[\""1\"",\""2\"",\""3\"",\""4\"",\""5\"",\""6\"",\""7\"",\""8\"",\""9\"",\""10\"",\""11\"",\""12\"",\""13\"",\""14\""]","[\""1\"",\""2\"",\""3\"",\""4\"",\""5\"",\""6\"",\""7\"",\""8\"",\""9\"",\""10\"",\""11\"",\""12\"",\""13\"",\""14\"",\""15\""]",1,40677,40677,0,2026-07-10 16:44:40,2026-07-10 16:44:40
3088,2,"[\""1\"",\""2\"",\""5\"",\""6\"",\""7\"",\""8\"",\""13\"",\""14\""]","[\""1\"",\""2\"",\""3\"",\""5\"",\""6\"",\""7\"",\""8\"",\""9\"",\""11\"",\""12\"",\""13\"",\""14\"",\""15\""]",1,40677,40677,0,2026-07-10 16:44:40,2026-07-10 16:44:40
3089,3,"[\""1\"",\""2\"",\""5\"",\""6\"",\""7\"",\""8\"",\""14\""]","[\""1\"",\""2\"",\""3\"",\""5\"",\""9\"",\""12\"",\""13\"",\""14\""]",1,40677,40677,0,2026-07-10 16:44:40,2026-07-10 16:44:40
3090,4,"[\""1\"",\""7\"",\""8\"",\""14\""]","[\""1\"",\""10\"",\""12\""]",1,40677,40677,0,2026-07-10 16:44:40,2026-07-10 16:44:40
3091,1,"[\""1\"",\""2\"",\""3\"",\""4\"",\""5\"",\""6\"",\""7\"",\""8\"",\""9\"",\""10\"",\""11\"",\""12\"",\""13\"",\""14\""]","[\""1\"",\""2\"",\""3\"",\""4\"",\""5\"",\""6\"",\""7\"",\""8\"",\""9\"",\""10\"",\""11\"",\""12\"",\""13\"",\""14\"",\""15\""]",1,40678,40678,0,2026-07-10 18:09:08,2026-07-10 18:09:08
3092,2,"[\""1\"",\""2\"",\""5\"",\""6\"",\""7\"",\""8\"",\""13\"",\""14\""]","[\""1\"",\""2\"",\""3\"",\""5\"",\""6\"",\""7\"",\""8\"",\""9\"",\""11\"",\""12\"",\""13\"",\""14\"",\""15\""]",1,40678,40678,0,2026-07-10 18:09:08,2026-07-10 18:09:08
3093,3,"[\""1\"",\""2\"",\""5\"",\""6\"",\""7\"",\""8\"",\""14\""]","[\""1\"",\""2\"",\""3\"",\""5\"",\""9\"",\""12\"",\""13\"",\""14\""]",1,40678,40678,0,2026-07-10 18:09:08,2026-07-10 18:09:08
3094,4,"[\""1\"",\""7\"",\""8\"",\""14\""]","[\""1\"",\""10\"",\""12\""]",1,40678,40678,0,2026-07-10 18:09:08,2026-07-10 18:09:08
3095,1,"[\""1\"",\""2\"",\""3\"",\""4\"",\""5\"",\""6\"",\""7\"",\""8\"",\""9\"",\""10\"",\""11\"",\""12\"",\""13\"",\""14\""]","[\""1\"",\""2\"",\""3\"",\""4\"",\""5\"",\""6\"",\""7\"",\""8\"",\""9\"",\""10\"",\""11\"",\""12\"",\""13\"",\""14\"",\""15\""]",1,40679,40679,0,2026-07-10 18:22:00,2026-07-10 18:22:00
3096,2,"[\""1\"",\""2\"",\""5\"",\""6\"",\""7\"",\""8\"",\""13\"",\""14\""]","[\""1\"",\""2\"",\""3\"",\""5\"",\""6\"",\""7\"",\""8\"",\""9\"",\""11\"",\""12\"",\""13\"",\""14\"",\""15\""]",1,40679,40679,0,2026-07-10 18:22:00,2026-07-10 18:22:00
3097,3,"[\""1\"",\""2\"",\""5\"",\""6\"",\""7\"",\""8\"",\""14\""]","[\""1\"",\""2\"",\""3\"",\""5\"",\""9\"",\""12\"",\""13\"",\""14\""]",1,40679,40679,0,2026-07-10 18:22:00,2026-07-10 18:22:00
3098,4,"[\""1\"",\""7\"",\""8\"",\""14\""]","[\""1\"",\""10\"",\""12\""]",1,40679,40679,0,2026-07-10 18:22:00,2026-07-10 18:22:00
3099,1,"[\""1\"",\""2\"",\""3\"",\""4\"",\""5\"",\""6\"",\""7\"",\""8\"",\""9\"",\""10\"",\""11\"",\""12\"",\""13\"",\""14\""]","[\""1\"",\""2\"",\""3\"",\""4\"",\""5\"",\""6\"",\""7\"",\""8\"",\""9\"",\""10\"",\""11\"",\""12\"",\""13\"",\""14\"",\""15\""]",1,40680,40680,0,2026-07-11 11:02:55,2026-07-11 11:02:55
3100,2,"[\""1\"",\""2\"",\""5\"",\""6\"",\""7\"",\""8\"",\""13\"",\""14\""]","[\""1\"",\""2\"",\""3\"",\""5\"",\""6\"",\""7\"",\""8\"",\""9\"",\""11\"",\""12\"",\""13\"",\""14\"",\""15\""]",1,40680,40680,0,2026-07-11 11:02:55,2026-07-11 11:02:55
3101,3,"[\""1\"",\""2\"",\""5\"",\""6\"",\""7\"",\""8\"",\""14\""]","[\""1\"",\""2\"",\""3\"",\""5\"",\""9\"",\""12\"",\""13\"",\""14\""]",1,40680,40680,0,2026-07-11 11:02:55,2026-07-11 11:02:55
3102,4,"[\""1\"",\""7\"",\""8\"",\""14\""]","[\""1\"",\""10\"",\""12\""]",1,40680,40680,0,2026-07-11 11:02:55,2026-07-11 11:02:55
3103,1,"[\""1\"",\""2\"",\""3\"",\""4\"",\""5\"",\""6\"",\""7\"",\""8\"",\""9\"",\""10\"",\""11\"",\""12\"",\""13\"",\""14\""]","[\""1\"",\""2\"",\""3\"",\""4\"",\""5\"",\""6\"",\""7\"",\""8\"",\""9\"",\""10\"",\""11\"",\""12\"",\""13\"",\""14\"",\""15\""]",1,40681,40681,0,2026-07-11 12:02:10,2026-07-11 12:02:10
3104,2,"[\""1\"",\""2\"",\""5\"",\""6\"",\""7\"",\""8\"",\""13\"",\""14\""]","[\""1\"",\""2\"",\""3\"",\""5\"",\""6\"",\""7\"",\""8\"",\""9\"",\""11\"",\""12\"",\""13\"",\""14\"",\""15\""]",1,40681,40681,0,2026-07-11 12:02:10,2026-07-11 12:02:10
3105,3,"[\""1\"",\""2\"",\""5\"",\""6\"",\""7\"",\""8\"",\""14\""]","[\""1\"",\""2\"",\""3\"",\""5\"",\""9\"",\""12\"",\""13\"",\""14\""]",1,40681,40681,0,2026-07-11 12:02:10,2026-07-11 12:02:10
3106,4,"[\""1\"",\""7\"",\""8\"",\""14\""]","[\""1\"",\""10\"",\""12\""]",1,40681,40681,0,2026-07-11 12:02:10,2026-07-11 12:02:10
3107,1,"[\""1\"",\""2\"",\""3\"",\""4\"",\""5\"",\""6\"",\""7\"",\""8\"",\""9\"",\""10\"",\""11\"",\""12\"",\""13\"",\""14\""]","[\""1\"",\""2\"",\""3\"",\""4\"",\""5\"",\""6\"",\""7\"",\""8\"",\""9\"",\""10\"",\""11\"",\""12\"",\""13\"",\""14\"",\""15\""]",1,40682,40682,0,2026-07-11 18:09:11,2026-07-11 18:09:11
3108,2,"[\""1\"",\""2\"",\""5\"",\""6\"",\""7\"",\""8\"",\""13\"",\""14\""]","[\""1\"",\""2\"",\""3\"",\""5\"",\""6\"",\""7\"",\""8\"",\""9\"",\""11\"",\""12\"",\""13\"",\""14\"",\""15\""]",1,40682,40682,0,2026-07-11 18:09:11,2026-07-11 18:09:11
3109,3,"[\""1\"",\""2\"",\""5\"",\""6\"",\""7\"",\""8\"",\""14\""]","[\""1\"",\""2\"",\""3\"",\""5\"",\""9\"",\""12\"",\""13\"",\""14\""]",1,40682,40682,0,2026-07-11 18:09:11,2026-07-11 18:09:11
3110,4,"[\""1\"",\""7\"",\""8\"",\""14\""]","[\""1\"",\""10\"",\""12\""]",1,40682,40682,0,2026-07-11 18:09:11,2026-07-11 18:09:11
3111,1,"[\""1\"",\""2\"",\""3\"",\""4\"",\""5\"",\""6\"",\""7\"",\""8\"",\""9\"",\""10\"",\""11\"",\""12\"",\""13\"",\""14\""]","[\""1\"",\""2\"",\""3\"",\""4\"",\""5\"",\""6\"",\""7\"",\""8\"",\""9\"",\""10\"",\""11\"",\""12\"",\""13\"",\""14\"",\""15\""]",1,40683,40683,0,2026-07-13 10:35:08,2026-07-13 10:35:08
3112,2,"[\""1\"",\""2\"",\""5\"",\""6\"",\""7\"",\""8\"",\""13\"",\""14\""]","[\""1\"",\""2\"",\""3\"",\""5\"",\""6\"",\""7\"",\""8\"",\""9\"",\""11\"",\""12\"",\""13\"",\""14\"",\""15\""]",1,40683,40683,0,2026-07-13 10:35:08,2026-07-13 10:35:08
3113,3,"[\""1\"",\""2\"",\""5\"",\""6\"",\""7\"",\""8\"",\""14\""]","[\""1\"",\""2\"",\""3\"",\""5\"",\""9\"",\""12\"",\""13\"",\""14\""]",1,40683,40683,0,2026-07-13 10:35:08,2026-07-13 10:35:08
3114,4,"[\""1\"",\""7\"",\""8\"",\""14\""]","[\""1\"",\""10\"",\""12\""]",1,40683,40683,0,2026-07-13 10:35:08,2026-07-13 10:35:08
3115,1,"[\""1\"",\""2\"",\""3\"",\""4\"",\""5\"",\""6\"",\""7\"",\""8\"",\""9\"",\""10\"",\""11\"",\""12\"",\""13\"",\""14\""]","[\""1\"",\""2\"",\""3\"",\""4\"",\""5\"",\""6\"",\""7\"",\""8\"",\""9\"",\""10\"",\""11\"",\""12\"",\""13\"",\""14\"",\""15\""]",1,40684,40684,0,2026-07-13 14:36:40,2026-07-13 14:36:40
3116,2,"[\""1\"",\""2\"",\""5\"",\""6\"",\""7\"",\""8\"",\""13\"",\""14\""]","[\""1\"",\""2\"",\""3\"",\""5\"",\""6\"",\""7\"",\""8\"",\""9\"",\""11\"",\""12\"",\""13\"",\""14\"",\""15\""]",1,40684,40684,0,2026-07-13 14:36:40,2026-07-13 14:36:40
3117,3,"[\""1\"",\""2\"",\""5\"",\""6\"",\""7\"",\""8\"",\""14\""]","[\""1\"",\""2\"",\""3\"",\""5\"",\""9\"",\""12\"",\""13\"",\""14\""]",1,40684,40684,0,2026-07-13 14:36:40,2026-07-13 14:36:40
3118,4,"[\""1\"",\""7\"",\""8\"",\""14\""]","[\""1\"",\""10\"",\""12\""]",1,40684,40684,0,2026-07-13 14:36:40,2026-07-13 14:36:40
